"geoid","geolevel","year","level","value"
"24001000100","tract",2023,"education_score",102.09
"24001000200","tract",2023,"education_score",97.9
"24001000500","tract",2023,"education_score",105.54
"24001000600","tract",2023,"education_score",92.71
"24001000700","tract",2023,"education_score",119.21
"24001000800","tract",2023,"education_score",108.55
"24001001000","tract",2023,"education_score",111.56
"24001001100","tract",2023,"education_score",88.65
"24001001200","tract",2023,"education_score",68.96
"24001001300","tract",2023,"education_score",NA
"24001001401","tract",2023,"education_score",86.21
"24001001402","tract",2023,"education_score",93.4
"24001001502","tract",2023,"education_score",90.42
"24001001503","tract",2023,"education_score",96.5
"24001001600","tract",2023,"education_score",88.33
"24001001700","tract",2023,"education_score",97.53
"24001001800","tract",2023,"education_score",NA
"24001001900","tract",2023,"education_score",91.18
"24001002000","tract",2023,"education_score",112.64
"24001002100","tract",2023,"education_score",111.37
"24001002200","tract",2023,"education_score",101.48
"24001002300","tract",2023,"education_score",98.05
"24003701101","tract",2023,"education_score",77.31
"24003701103","tract",2023,"education_score",92.34
"24003701104","tract",2023,"education_score",89.29
"24003701201","tract",2023,"education_score",74.98
"24003701202","tract",2023,"education_score",89.46
"24003701301","tract",2023,"education_score",78.63
"24003701302","tract",2023,"education_score",88.24
"24003701400","tract",2023,"education_score",79.51
"24003702100","tract",2023,"education_score",80.89
"24003702204","tract",2023,"education_score",87.28
"24003702205","tract",2023,"education_score",82.29
"24003702206","tract",2023,"education_score",82.59
"24003702208","tract",2023,"education_score",86.47
"24003702209","tract",2023,"education_score",81.07
"24003702300","tract",2023,"education_score",80.56
"24003702402","tract",2023,"education_score",73.4
"24003702500","tract",2023,"education_score",99.13
"24003702601","tract",2023,"education_score",77.42
"24003702602","tract",2023,"education_score",65.59
"24003702702","tract",2023,"education_score",71.9
"24003702703","tract",2023,"education_score",69.22
"24003702704","tract",2023,"education_score",84.05
"24003706102","tract",2023,"education_score",79.42
"24003706103","tract",2023,"education_score",75.69
"24003706302","tract",2023,"education_score",67.04
"24003706303","tract",2023,"education_score",103.69
"24003706304","tract",2023,"education_score",69.28
"24003706402","tract",2023,"education_score",73.8
"24003706403","tract",2023,"education_score",118.18
"24003706404","tract",2023,"education_score",130.97
"24003706500","tract",2023,"education_score",71.27
"24003706600","tract",2023,"education_score",75.96
"24003706700","tract",2023,"education_score",NA
"24003707001","tract",2023,"education_score",84.46
"24003707002","tract",2023,"education_score",79.16
"24003708001","tract",2023,"education_score",82.63
"24003708004","tract",2023,"education_score",105.2
"24003730101","tract",2023,"education_score",83.93
"24003730102","tract",2023,"education_score",86.41
"24003730204","tract",2023,"education_score",94.68
"24003730205","tract",2023,"education_score",104.96
"24003730206","tract",2023,"education_score",97.3
"24003730300","tract",2023,"education_score",107.23
"24003730401","tract",2023,"education_score",106.58
"24003730403","tract",2023,"education_score",105.55
"24003730404","tract",2023,"education_score",115.37
"24003730507","tract",2023,"education_score",87.86
"24003730508","tract",2023,"education_score",104.62
"24003730509","tract",2023,"education_score",89.04
"24003730510","tract",2023,"education_score",93.75
"24003730511","tract",2023,"education_score",100.9
"24003730512","tract",2023,"education_score",96.35
"24003730513","tract",2023,"education_score",87.76
"24003730514","tract",2023,"education_score",99.39
"24003730601","tract",2023,"education_score",73.78
"24003730603","tract",2023,"education_score",86.04
"24003730605","tract",2023,"education_score",78.32
"24003730606","tract",2023,"education_score",80.36
"24003730701","tract",2023,"education_score",62.31
"24003730702","tract",2023,"education_score",75.06
"24003730800","tract",2023,"education_score",70.42
"24003730901","tract",2023,"education_score",67.85
"24003730902","tract",2023,"education_score",80.64
"24003731002","tract",2023,"education_score",84.47
"24003731003","tract",2023,"education_score",79.86
"24003731004","tract",2023,"education_score",82.42
"24003731103","tract",2023,"education_score",77.63
"24003731104","tract",2023,"education_score",88.87
"24003731105","tract",2023,"education_score",84.44
"24003731106","tract",2023,"education_score",89.4
"24003731107","tract",2023,"education_score",75.16
"24003731201","tract",2023,"education_score",77.14
"24003731205","tract",2023,"education_score",87.69
"24003731206","tract",2023,"education_score",92.81
"24003731207","tract",2023,"education_score",88.63
"24003731208","tract",2023,"education_score",89.34
"24003731209","tract",2023,"education_score",83.7
"24003731210","tract",2023,"education_score",84.81
"24003731303","tract",2023,"education_score",79.29
"24003731306","tract",2023,"education_score",79.67
"24003731307","tract",2023,"education_score",84.84
"24003731308","tract",2023,"education_score",86.09
"24003731309","tract",2023,"education_score",91.41
"24003731310","tract",2023,"education_score",103.11
"24003731312","tract",2023,"education_score",95.74
"24003731313","tract",2023,"education_score",92.25
"24003740103","tract",2023,"education_score",84.79
"24003740104","tract",2023,"education_score",85.19
"24003740105","tract",2023,"education_score",85.79
"24003740106","tract",2023,"education_score",80.47
"24003740107","tract",2023,"education_score",74.19
"24003740108","tract",2023,"education_score",76.37
"24003740203","tract",2023,"education_score",87.46
"24003740204","tract",2023,"education_score",95.16
"24003740205","tract",2023,"education_score",108.99
"24003740303","tract",2023,"education_score",95.58
"24003740304","tract",2023,"education_score",82.31
"24003740305","tract",2023,"education_score",85.12
"24003740400","tract",2023,"education_score",NA
"24003740501","tract",2023,"education_score",79.75
"24003740502","tract",2023,"education_score",81.09
"24003740601","tract",2023,"education_score",88.89
"24003740602","tract",2023,"education_score",94.51
"24003740603","tract",2023,"education_score",88.54
"24003740701","tract",2023,"education_score",78.61
"24003740703","tract",2023,"education_score",78.63
"24003740704","tract",2023,"education_score",78.26
"24003740800","tract",2023,"education_score",85.39
"24003740900","tract",2023,"education_score",95.17
"24003741000","tract",2023,"education_score",87.91
"24003750101","tract",2023,"education_score",102.67
"24003750102","tract",2023,"education_score",133.79
"24003750201","tract",2023,"education_score",112.09
"24003750204","tract",2023,"education_score",89.01
"24003750300","tract",2023,"education_score",91.47
"24003750400","tract",2023,"education_score",92.75
"24003750801","tract",2023,"education_score",96.16
"24003750803","tract",2023,"education_score",95.19
"24003750804","tract",2023,"education_score",97.97
"24003750900","tract",2023,"education_score",96.24
"24003751000","tract",2023,"education_score",91.55
"24003751102","tract",2023,"education_score",88.32
"24003751103","tract",2023,"education_score",88.3
"24003751200","tract",2023,"education_score",78.19
"24003751400","tract",2023,"education_score",81.68
"24003751500","tract",2023,"education_score",109.94
"24003751600","tract",2023,"education_score",71.51
"24003751700","tract",2023,"education_score",78.27
"24003980000","tract",2023,"education_score",NA
"24003990000","tract",2023,"education_score",NA
"24005400100","tract",2023,"education_score",88.48
"24005400200","tract",2023,"education_score",89.69
"24005400400","tract",2023,"education_score",80.03
"24005400500","tract",2023,"education_score",73.44
"24005400600","tract",2023,"education_score",82.83
"24005400701","tract",2023,"education_score",89.83
"24005400702","tract",2023,"education_score",110.15
"24005400800","tract",2023,"education_score",103.47
"24005400900","tract",2023,"education_score",107.12
"24005401000","tract",2023,"education_score",93.65
"24005401101","tract",2023,"education_score",107.83
"24005401102","tract",2023,"education_score",94.8
"24005401200","tract",2023,"education_score",88.26
"24005401301","tract",2023,"education_score",104.39
"24005401302","tract",2023,"education_score",87.01
"24005401400","tract",2023,"education_score",85.59
"24005401503","tract",2023,"education_score",83.82
"24005401504","tract",2023,"education_score",95.5
"24005401505","tract",2023,"education_score",102.48
"24005401506","tract",2023,"education_score",89.82
"24005401507","tract",2023,"education_score",115.21
"24005402201","tract",2023,"education_score",93.47
"24005402202","tract",2023,"education_score",71.35
"24005402302","tract",2023,"education_score",89.73
"24005402303","tract",2023,"education_score",91.02
"24005402304","tract",2023,"education_score",91.93
"24005402305","tract",2023,"education_score",100.17
"24005402306","tract",2023,"education_score",104.53
"24005402307","tract",2023,"education_score",104.64
"24005402403","tract",2023,"education_score",95.25
"24005402404","tract",2023,"education_score",95.6
"24005402405","tract",2023,"education_score",105.24
"24005402407","tract",2023,"education_score",88.34
"24005402408","tract",2023,"education_score",98.58
"24005402409","tract",2023,"education_score",112.9
"24005402503","tract",2023,"education_score",107.22
"24005402504","tract",2023,"education_score",84.76
"24005402505","tract",2023,"education_score",89.32
"24005402506","tract",2023,"education_score",92.08
"24005402510","tract",2023,"education_score",90.38
"24005402511","tract",2023,"education_score",88.13
"24005402602","tract",2023,"education_score",92.64
"24005402603","tract",2023,"education_score",89.1
"24005402604","tract",2023,"education_score",97.52
"24005403100","tract",2023,"education_score",93.64
"24005403201","tract",2023,"education_score",94.23
"24005403202","tract",2023,"education_score",89.56
"24005403300","tract",2023,"education_score",79.05
"24005403401","tract",2023,"education_score",78.77
"24005403402","tract",2023,"education_score",106.25
"24005403500","tract",2023,"education_score",82.4
"24005403601","tract",2023,"education_score",81.05
"24005403602","tract",2023,"education_score",86.56
"24005403702","tract",2023,"education_score",81.48
"24005403703","tract",2023,"education_score",69.05
"24005403704","tract",2023,"education_score",84.17
"24005403801","tract",2023,"education_score",63.54
"24005403802","tract",2023,"education_score",74.85
"24005403803","tract",2023,"education_score",77.11
"24005404101","tract",2023,"education_score",77.44
"24005404102","tract",2023,"education_score",78.55
"24005404201","tract",2023,"education_score",90.52
"24005404202","tract",2023,"education_score",118.51
"24005404402","tract",2023,"education_score",81.47
"24005404403","tract",2023,"education_score",97.02
"24005404404","tract",2023,"education_score",89.04
"24005404501","tract",2023,"education_score",103.47
"24005404502","tract",2023,"education_score",105.66
"24005404600","tract",2023,"education_score",79.6
"24005404800","tract",2023,"education_score",80.98
"24005404900","tract",2023,"education_score",72.55
"24005405000","tract",2023,"education_score",83.3
"24005406000","tract",2023,"education_score",77.08
"24005407001","tract",2023,"education_score",79.95
"24005407002","tract",2023,"education_score",80.96
"24005408100","tract",2023,"education_score",75.6
"24005408200","tract",2023,"education_score",62.46
"24005408302","tract",2023,"education_score",79.14
"24005408303","tract",2023,"education_score",67.58
"24005408304","tract",2023,"education_score",73.27
"24005408400","tract",2023,"education_score",67.15
"24005408502","tract",2023,"education_score",81.77
"24005408503","tract",2023,"education_score",89.02
"24005408505","tract",2023,"education_score",77.63
"24005408506","tract",2023,"education_score",99.64
"24005408507","tract",2023,"education_score",94.21
"24005408601","tract",2023,"education_score",82.28
"24005408602","tract",2023,"education_score",78.98
"24005408702","tract",2023,"education_score",73.09
"24005408703","tract",2023,"education_score",76.55
"24005408704","tract",2023,"education_score",76.36
"24005408800","tract",2023,"education_score",70.65
"24005408900","tract",2023,"education_score",69.59
"24005410100","tract",2023,"education_score",72.93
"24005410200","tract",2023,"education_score",73.13
"24005411101","tract",2023,"education_score",79.77
"24005411102","tract",2023,"education_score",80.85
"24005411201","tract",2023,"education_score",83.35
"24005411202","tract",2023,"education_score",82.44
"24005411302","tract",2023,"education_score",92.32
"24005411303","tract",2023,"education_score",90.82
"24005411306","tract",2023,"education_score",97.66
"24005411307","tract",2023,"education_score",94.17
"24005411308","tract",2023,"education_score",90.24
"24005411309","tract",2023,"education_score",80.61
"24005411404","tract",2023,"education_score",98.66
"24005411406","tract",2023,"education_score",87.98
"24005411408","tract",2023,"education_score",91.85
"24005411409","tract",2023,"education_score",86.04
"24005411410","tract",2023,"education_score",97
"24005411411","tract",2023,"education_score",79.99
"24005411412","tract",2023,"education_score",99.47
"24005411413","tract",2023,"education_score",90.44
"24005420100","tract",2023,"education_score",100.93
"24005420200","tract",2023,"education_score",97.4
"24005420301","tract",2023,"education_score",99.07
"24005420302","tract",2023,"education_score",110.14
"24005420303","tract",2023,"education_score",109.79
"24005420401","tract",2023,"education_score",117.19
"24005420402","tract",2023,"education_score",110.79
"24005420500","tract",2023,"education_score",119.28
"24005420600","tract",2023,"education_score",120.83
"24005420701","tract",2023,"education_score",119.2
"24005420702","tract",2023,"education_score",118.05
"24005420800","tract",2023,"education_score",91.97
"24005420900","tract",2023,"education_score",117.21
"24005421000","tract",2023,"education_score",131.41
"24005421101","tract",2023,"education_score",110.21
"24005421102","tract",2023,"education_score",115.13
"24005421200","tract",2023,"education_score",95.13
"24005430101","tract",2023,"education_score",136.69
"24005430104","tract",2023,"education_score",121.38
"24005430200","tract",2023,"education_score",120.44
"24005430300","tract",2023,"education_score",111.82
"24005430400","tract",2023,"education_score",97.57
"24005430600","tract",2023,"education_score",81.41
"24005430700","tract",2023,"education_score",89.94
"24005430800","tract",2023,"education_score",93.69
"24005430900","tract",2023,"education_score",80.34
"24005440100","tract",2023,"education_score",97.02
"24005440200","tract",2023,"education_score",95.65
"24005440300","tract",2023,"education_score",90.46
"24005440400","tract",2023,"education_score",95.9
"24005440500","tract",2023,"education_score",89.89
"24005440600","tract",2023,"education_score",77.67
"24005440701","tract",2023,"education_score",80.94
"24005440702","tract",2023,"education_score",88.01
"24005440800","tract",2023,"education_score",85.92
"24005440900","tract",2023,"education_score",97.55
"24005441000","tract",2023,"education_score",97.18
"24005441101","tract",2023,"education_score",94.29
"24005441102","tract",2023,"education_score",100.25
"24005450100","tract",2023,"education_score",97.26
"24005450200","tract",2023,"education_score",98.35
"24005450300","tract",2023,"education_score",106.35
"24005450400","tract",2023,"education_score",106.18
"24005450501","tract",2023,"education_score",112.65
"24005450503","tract",2023,"education_score",123.35
"24005450504","tract",2023,"education_score",111.27
"24005450800","tract",2023,"education_score",99.28
"24005450900","tract",2023,"education_score",100.14
"24005451000","tract",2023,"education_score",84.79
"24005451100","tract",2023,"education_score",94.8
"24005451200","tract",2023,"education_score",96.64
"24005451300","tract",2023,"education_score",109.07
"24005451401","tract",2023,"education_score",94.05
"24005451402","tract",2023,"education_score",107.52
"24005451500","tract",2023,"education_score",127.42
"24005451600","tract",2023,"education_score",85.04
"24005451701","tract",2023,"education_score",79.08
"24005451702","tract",2023,"education_score",78.31
"24005451801","tract",2023,"education_score",118.97
"24005451802","tract",2023,"education_score",92.8
"24005451803","tract",2023,"education_score",94.22
"24005451900","tract",2023,"education_score",89.75
"24005452000","tract",2023,"education_score",85.05
"24005452100","tract",2023,"education_score",97.8
"24005452300","tract",2023,"education_score",138.7
"24005452400","tract",2023,"education_score",89.88
"24005452500","tract",2023,"education_score",124.25
"24005490100","tract",2023,"education_score",71.61
"24005490200","tract",2023,"education_score",99.77
"24005490302","tract",2023,"education_score",82.73
"24005490303","tract",2023,"education_score",94.28
"24005490304","tract",2023,"education_score",77.36
"24005490400","tract",2023,"education_score",71.95
"24005490500","tract",2023,"education_score",66.22
"24005490601","tract",2023,"education_score",74.36
"24005490602","tract",2023,"education_score",73.11
"24005490603","tract",2023,"education_score",74.62
"24005490605","tract",2023,"education_score",NA
"24005490701","tract",2023,"education_score",68.63
"24005490703","tract",2023,"education_score",71.52
"24005490800","tract",2023,"education_score",89.82
"24005490900","tract",2023,"education_score",87.64
"24005491000","tract",2023,"education_score",71.21
"24005491100","tract",2023,"education_score",76.67
"24005491201","tract",2023,"education_score",79.77
"24005491202","tract",2023,"education_score",87.74
"24005491300","tract",2023,"education_score",85.17
"24005491401","tract",2023,"education_score",92.3
"24005491402","tract",2023,"education_score",91.36
"24005491500","tract",2023,"education_score",89.84
"24005491600","tract",2023,"education_score",97.1
"24005491701","tract",2023,"education_score",89.51
"24005491900","tract",2023,"education_score",101.73
"24005492001","tract",2023,"education_score",85.76
"24005492002","tract",2023,"education_score",85.23
"24005492101","tract",2023,"education_score",88.98
"24005492102","tract",2023,"education_score",87.74
"24005492200","tract",2023,"education_score",80.1
"24005492300","tract",2023,"education_score",101.96
"24005492401","tract",2023,"education_score",103.19
"24005492402","tract",2023,"education_score",78.48
"24005492500","tract",2023,"education_score",NA
"24005492600","tract",2023,"education_score",84.71
"24005492700","tract",2023,"education_score",91.66
"24005980100","tract",2023,"education_score",NA
"24005980200","tract",2023,"education_score",NA
"24009860103","tract",2023,"education_score",88.19
"24009860200","tract",2023,"education_score",81.04
"24009860300","tract",2023,"education_score",82.76
"24009860402","tract",2023,"education_score",93.77
"24009860403","tract",2023,"education_score",92.32
"24009860404","tract",2023,"education_score",96.01
"24009860501","tract",2023,"education_score",82.39
"24009860502","tract",2023,"education_score",93.29
"24009860600","tract",2023,"education_score",94.8
"24009860701","tract",2023,"education_score",93.34
"24009860702","tract",2023,"education_score",81.74
"24009860703","tract",2023,"education_score",92.02
"24009860801","tract",2023,"education_score",81.4
"24009860901","tract",2023,"education_score",69.98
"24009860902","tract",2023,"education_score",97.14
"24009861003","tract",2023,"education_score",84.95
"24009861004","tract",2023,"education_score",93.32
"24009861100","tract",2023,"education_score",81.66
"24009990100","tract",2023,"education_score",NA
"24011955000","tract",2023,"education_score",149.04
"24011955100","tract",2023,"education_score",112.19
"24011955201","tract",2023,"education_score",109.35
"24011955202","tract",2023,"education_score",90.62
"24011955301","tract",2023,"education_score",108.24
"24011955302","tract",2023,"education_score",124.11
"24011955400","tract",2023,"education_score",91.72
"24011955500","tract",2023,"education_score",98.06
"24011955600","tract",2023,"education_score",119.54
"24013501001","tract",2023,"education_score",101.21
"24013501002","tract",2023,"education_score",88.42
"24013502000","tract",2023,"education_score",94.61
"24013503000","tract",2023,"education_score",95.01
"24013504100","tract",2023,"education_score",84.35
"24013504201","tract",2023,"education_score",81.11
"24013504202","tract",2023,"education_score",100.29
"24013505101","tract",2023,"education_score",83.19
"24013505102","tract",2023,"education_score",84.73
"24013505203","tract",2023,"education_score",81.71
"24013505205","tract",2023,"education_score",83
"24013505206","tract",2023,"education_score",82.52
"24013505207","tract",2023,"education_score",87.48
"24013505208","tract",2023,"education_score",81.52
"24013506101","tract",2023,"education_score",86.42
"24013506102","tract",2023,"education_score",89.66
"24013506200","tract",2023,"education_score",89.9
"24013507500","tract",2023,"education_score",98.12
"24013507601","tract",2023,"education_score",94.34
"24013507602","tract",2023,"education_score",88.13
"24013507702","tract",2023,"education_score",86.85
"24013507703","tract",2023,"education_score",83.09
"24013507704","tract",2023,"education_score",87.41
"24013507801","tract",2023,"education_score",96.75
"24013507802","tract",2023,"education_score",88.58
"24013508103","tract",2023,"education_score",88.51
"24013508200","tract",2023,"education_score",93.01
"24013509001","tract",2023,"education_score",90.02
"24013509002","tract",2023,"education_score",77.34
"24013510000","tract",2023,"education_score",110.17
"24013511000","tract",2023,"education_score",85.01
"24013512000","tract",2023,"education_score",103.87
"24013513001","tract",2023,"education_score",84.35
"24013513002","tract",2023,"education_score",84.63
"24013514100","tract",2023,"education_score",83.72
"24013514201","tract",2023,"education_score",91.76
"24013514202","tract",2023,"education_score",80.29
"24015030100","tract",2023,"education_score",89.27
"24015030200","tract",2023,"education_score",97.05
"24015030400","tract",2023,"education_score",119.35
"24015030501","tract",2023,"education_score",97.51
"24015030503","tract",2023,"education_score",97.54
"24015030505","tract",2023,"education_score",97.64
"24015030507","tract",2023,"education_score",100.64
"24015030508","tract",2023,"education_score",99.03
"24015030601","tract",2023,"education_score",101.7
"24015030602","tract",2023,"education_score",87.41
"24015030700","tract",2023,"education_score",100.03
"24015030903","tract",2023,"education_score",95.71
"24015030904","tract",2023,"education_score",81.23
"24015030905","tract",2023,"education_score",91.79
"24015030907","tract",2023,"education_score",82.32
"24015030908","tract",2023,"education_score",97.32
"24015031201","tract",2023,"education_score",96.48
"24015031202","tract",2023,"education_score",93.54
"24015031301","tract",2023,"education_score",98.08
"24015031302","tract",2023,"education_score",97.58
"24015031400","tract",2023,"education_score",94.95
"24017850101","tract",2023,"education_score",93.88
"24017850102","tract",2023,"education_score",93.93
"24017850201","tract",2023,"education_score",115.43
"24017850202","tract",2023,"education_score",92.55
"24017850300","tract",2023,"education_score",96.46
"24017850400","tract",2023,"education_score",95.72
"24017850500","tract",2023,"education_score",90.64
"24017850600","tract",2023,"education_score",92.08
"24017850706","tract",2023,"education_score",86.46
"24017850708","tract",2023,"education_score",85.29
"24017850709","tract",2023,"education_score",85.74
"24017850710","tract",2023,"education_score",91.67
"24017850711","tract",2023,"education_score",96.51
"24017850712","tract",2023,"education_score",86.35
"24017850713","tract",2023,"education_score",91.97
"24017850801","tract",2023,"education_score",116.2
"24017850802","tract",2023,"education_score",96.88
"24017850901","tract",2023,"education_score",107.1
"24017850902","tract",2023,"education_score",90.81
"24017850904","tract",2023,"education_score",83.9
"24017850905","tract",2023,"education_score",81.77
"24017850906","tract",2023,"education_score",101.33
"24017851001","tract",2023,"education_score",88.73
"24017851003","tract",2023,"education_score",89.72
"24017851004","tract",2023,"education_score",96.98
"24017851100","tract",2023,"education_score",71.42
"24017851200","tract",2023,"education_score",101.92
"24017851301","tract",2023,"education_score",104.94
"24017851302","tract",2023,"education_score",94.94
"24017851401","tract",2023,"education_score",86.41
"24017851402","tract",2023,"education_score",79.74
"24017851403","tract",2023,"education_score",88.85
"24017851501","tract",2023,"education_score",85.8
"24017851502","tract",2023,"education_score",90.63
"24017990000","tract",2023,"education_score",NA
"24019970100","tract",2023,"education_score",106.43
"24019970200","tract",2023,"education_score",116.78
"24019970300","tract",2023,"education_score",112.26
"24019970400","tract",2023,"education_score",102.19
"24019970500","tract",2023,"education_score",127.41
"24019970600","tract",2023,"education_score",105.42
"24019970702","tract",2023,"education_score",90.51
"24019970804","tract",2023,"education_score",87.32
"24019970900","tract",2023,"education_score",110.19
"24019990000","tract",2023,"education_score",NA
"24021740200","tract",2023,"education_score",84.8
"24021750100","tract",2023,"education_score",75.85
"24021750200","tract",2023,"education_score",74.48
"24021750300","tract",2023,"education_score",83
"24021750504","tract",2023,"education_score",88.36
"24021750505","tract",2023,"education_score",116.74
"24021750506","tract",2023,"education_score",113.82
"24021750507","tract",2023,"education_score",137.89
"24021750508","tract",2023,"education_score",118.66
"24021750600","tract",2023,"education_score",87.89
"24021750701","tract",2023,"education_score",108.17
"24021750702","tract",2023,"education_score",107.75
"24021750801","tract",2023,"education_score",87.96
"24021750802","tract",2023,"education_score",70.41
"24021750804","tract",2023,"education_score",83.95
"24021750805","tract",2023,"education_score",75.86
"24021751001","tract",2023,"education_score",87.81
"24021751002","tract",2023,"education_score",84.37
"24021751003","tract",2023,"education_score",90.93
"24021751004","tract",2023,"education_score",84.64
"24021751201","tract",2023,"education_score",80.04
"24021751202","tract",2023,"education_score",85.26
"24021751203","tract",2023,"education_score",78.71
"24021751301","tract",2023,"education_score",83.33
"24021751302","tract",2023,"education_score",101.2
"24021751600","tract",2023,"education_score",90.03
"24021751701","tract",2023,"education_score",102.98
"24021751702","tract",2023,"education_score",84.06
"24021751801","tract",2023,"education_score",84.36
"24021751802","tract",2023,"education_score",74.83
"24021751902","tract",2023,"education_score",81.59
"24021751903","tract",2023,"education_score",83.76
"24021751904","tract",2023,"education_score",85.3
"24021751905","tract",2023,"education_score",78.48
"24021751906","tract",2023,"education_score",86.8
"24021752001","tract",2023,"education_score",84.25
"24021752101","tract",2023,"education_score",83.64
"24021752102","tract",2023,"education_score",82.74
"24021752201","tract",2023,"education_score",86.16
"24021752202","tract",2023,"education_score",86.46
"24021752205","tract",2023,"education_score",82.23
"24021752206","tract",2023,"education_score",86.54
"24021752301","tract",2023,"education_score",85.17
"24021752302","tract",2023,"education_score",79.69
"24021752303","tract",2023,"education_score",80.88
"24021752501","tract",2023,"education_score",94.48
"24021752502","tract",2023,"education_score",73.81
"24021752601","tract",2023,"education_score",83.48
"24021752602","tract",2023,"education_score",88.34
"24021752603","tract",2023,"education_score",87.21
"24021752801","tract",2023,"education_score",92.08
"24021752802","tract",2023,"education_score",90.15
"24021752900","tract",2023,"education_score",87.68
"24021753001","tract",2023,"education_score",91.06
"24021753002","tract",2023,"education_score",103.67
"24021765100","tract",2023,"education_score",110.3
"24021766800","tract",2023,"education_score",NA
"24021767500","tract",2023,"education_score",99.74
"24021767600","tract",2023,"education_score",99.03
"24021770700","tract",2023,"education_score",80.21
"24021772200","tract",2023,"education_score",88.31
"24021773500","tract",2023,"education_score",98.63
"24021775302","tract",2023,"education_score",87.35
"24021775400","tract",2023,"education_score",94.29
"24021775600","tract",2023,"education_score",84.39
"24023000100","tract",2023,"education_score",100.06
"24023000200","tract",2023,"education_score",100.82
"24023000300","tract",2023,"education_score",96.4
"24023000400","tract",2023,"education_score",109.05
"24023000501","tract",2023,"education_score",73.63
"24023000502","tract",2023,"education_score",90.37
"24023000601","tract",2023,"education_score",96.61
"24023000602","tract",2023,"education_score",87.79
"24023000700","tract",2023,"education_score",106.15
"24025301102","tract",2023,"education_score",92.46
"24025301105","tract",2023,"education_score",85.72
"24025301106","tract",2023,"education_score",91.9
"24025301107","tract",2023,"education_score",88.31
"24025301108","tract",2023,"education_score",74.45
"24025301201","tract",2023,"education_score",87.57
"24025301202","tract",2023,"education_score",84.08
"24025301204","tract",2023,"education_score",83.11
"24025301205","tract",2023,"education_score",80.51
"24025301301","tract",2023,"education_score",91.05
"24025301302","tract",2023,"education_score",110.26
"24025301401","tract",2023,"education_score",86.15
"24025301402","tract",2023,"education_score",85.92
"24025301601","tract",2023,"education_score",88.38
"24025301602","tract",2023,"education_score",85.2
"24025301703","tract",2023,"education_score",80.79
"24025301704","tract",2023,"education_score",83.33
"24025301705","tract",2023,"education_score",82.17
"24025301706","tract",2023,"education_score",78.42
"24025301707","tract",2023,"education_score",83.48
"24025302100","tract",2023,"education_score",77
"24025302200","tract",2023,"education_score",85.62
"24025302400","tract",2023,"education_score",92.47
"24025302801","tract",2023,"education_score",96.81
"24025302802","tract",2023,"education_score",101.92
"24025302901","tract",2023,"education_score",98.74
"24025302902","tract",2023,"education_score",100.21
"24025303101","tract",2023,"education_score",89.03
"24025303102","tract",2023,"education_score",85.03
"24025303201","tract",2023,"education_score",85.97
"24025303203","tract",2023,"education_score",86.77
"24025303204","tract",2023,"education_score",92.97
"24025303205","tract",2023,"education_score",90.01
"24025303206","tract",2023,"education_score",87.84
"24025303300","tract",2023,"education_score",73.41
"24025303400","tract",2023,"education_score",76.98
"24025303501","tract",2023,"education_score",86.13
"24025303502","tract",2023,"education_score",81.39
"24025303602","tract",2023,"education_score",82.48
"24025303603","tract",2023,"education_score",90.11
"24025303605","tract",2023,"education_score",92.46
"24025303606","tract",2023,"education_score",80.26
"24025303700","tract",2023,"education_score",83.23
"24025303801","tract",2023,"education_score",94.73
"24025303802","tract",2023,"education_score",82.89
"24025303803","tract",2023,"education_score",100.72
"24025303900","tract",2023,"education_score",91.01
"24025304101","tract",2023,"education_score",88.45
"24025304102","tract",2023,"education_score",87.13
"24025304201","tract",2023,"education_score",85.68
"24025304202","tract",2023,"education_score",77.63
"24025305100","tract",2023,"education_score",91.02
"24025305200","tract",2023,"education_score",102.04
"24025305300","tract",2023,"education_score",106.61
"24025306100","tract",2023,"education_score",96.05
"24025306200","tract",2023,"education_score",80.41
"24025306300","tract",2023,"education_score",88.54
"24025306400","tract",2023,"education_score",85.55
"24025306500","tract",2023,"education_score",91.83
"24027601103","tract",2023,"education_score",71.48
"24027601104","tract",2023,"education_score",83.15
"24027601105","tract",2023,"education_score",74.99
"24027601107","tract",2023,"education_score",101.27
"24027601108","tract",2023,"education_score",88.91
"24027601203","tract",2023,"education_score",81.74
"24027601204","tract",2023,"education_score",88.53
"24027601205","tract",2023,"education_score",91.36
"24027601206","tract",2023,"education_score",96.68
"24027602100","tract",2023,"education_score",75.73
"24027602201","tract",2023,"education_score",80.39
"24027602202","tract",2023,"education_score",81.53
"24027602302","tract",2023,"education_score",96.14
"24027602303","tract",2023,"education_score",75.51
"24027602304","tract",2023,"education_score",74.76
"24027602305","tract",2023,"education_score",81.05
"24027602306","tract",2023,"education_score",73.12
"24027602600","tract",2023,"education_score",94.8
"24027602700","tract",2023,"education_score",79.47
"24027602800","tract",2023,"education_score",90.57
"24027602900","tract",2023,"education_score",70.09
"24027603001","tract",2023,"education_score",79.48
"24027603003","tract",2023,"education_score",75.13
"24027603004","tract",2023,"education_score",71.13
"24027604001","tract",2023,"education_score",87.39
"24027604003","tract",2023,"education_score",81.62
"24027604004","tract",2023,"education_score",80.59
"24027605103","tract",2023,"education_score",70.06
"24027605104","tract",2023,"education_score",81.85
"24027605105","tract",2023,"education_score",69.85
"24027605106","tract",2023,"education_score",80.96
"24027605401","tract",2023,"education_score",82.99
"24027605403","tract",2023,"education_score",77.03
"24027605404","tract",2023,"education_score",58.73
"24027605502","tract",2023,"education_score",76.57
"24027605503","tract",2023,"education_score",82.86
"24027605504","tract",2023,"education_score",75.6
"24027605505","tract",2023,"education_score",75.26
"24027605601","tract",2023,"education_score",87.83
"24027605602","tract",2023,"education_score",82.84
"24027606601","tract",2023,"education_score",73.15
"24027606603","tract",2023,"education_score",96.25
"24027606604","tract",2023,"education_score",92.93
"24027606606","tract",2023,"education_score",95.18
"24027606607","tract",2023,"education_score",75.16
"24027606701","tract",2023,"education_score",71
"24027606704","tract",2023,"education_score",82.54
"24027606706","tract",2023,"education_score",74.36
"24027606708","tract",2023,"education_score",71.92
"24027606803","tract",2023,"education_score",75.64
"24027606804","tract",2023,"education_score",70.75
"24027606805","tract",2023,"education_score",77.55
"24027606807","tract",2023,"education_score",68.62
"24027606808","tract",2023,"education_score",85.07
"24027606901","tract",2023,"education_score",104.53
"24027606904","tract",2023,"education_score",85.52
"24027606905","tract",2023,"education_score",76.17
"24027606906","tract",2023,"education_score",93.67
"24027606907","tract",2023,"education_score",103.1
"24029950100","tract",2023,"education_score",102.39
"24029950200","tract",2023,"education_score",87.62
"24029950300","tract",2023,"education_score",98.75
"24029950400","tract",2023,"education_score",69.39
"24029950500","tract",2023,"education_score",85.13
"24029990000","tract",2023,"education_score",NA
"24031700101","tract",2023,"education_score",75.84
"24031700103","tract",2023,"education_score",85.3
"24031700104","tract",2023,"education_score",91.04
"24031700105","tract",2023,"education_score",91.19
"24031700204","tract",2023,"education_score",91.35
"24031700206","tract",2023,"education_score",95.84
"24031700207","tract",2023,"education_score",94.42
"24031700208","tract",2023,"education_score",94.33
"24031700209","tract",2023,"education_score",75.68
"24031700210","tract",2023,"education_score",77.69
"24031700306","tract",2023,"education_score",87.33
"24031700308","tract",2023,"education_score",86.35
"24031700309","tract",2023,"education_score",83.39
"24031700310","tract",2023,"education_score",92.56
"24031700313","tract",2023,"education_score",92.49
"24031700314","tract",2023,"education_score",75.35
"24031700315","tract",2023,"education_score",96.52
"24031700316","tract",2023,"education_score",83.54
"24031700317","tract",2023,"education_score",79.11
"24031700318","tract",2023,"education_score",86.22
"24031700400","tract",2023,"education_score",81.98
"24031700500","tract",2023,"education_score",78.37
"24031700604","tract",2023,"education_score",81.02
"24031700606","tract",2023,"education_score",82.2
"24031700608","tract",2023,"education_score",77.87
"24031700610","tract",2023,"education_score",81.38
"24031700611","tract",2023,"education_score",82.65
"24031700613","tract",2023,"education_score",83.41
"24031700614","tract",2023,"education_score",98.25
"24031700615","tract",2023,"education_score",77.3
"24031700616","tract",2023,"education_score",77.47
"24031700617","tract",2023,"education_score",82.16
"24031700618","tract",2023,"education_score",72.32
"24031700706","tract",2023,"education_score",94.15
"24031700710","tract",2023,"education_score",114.19
"24031700711","tract",2023,"education_score",88.95
"24031700713","tract",2023,"education_score",124.36
"24031700715","tract",2023,"education_score",117.97
"24031700718","tract",2023,"education_score",69.71
"24031700720","tract",2023,"education_score",103.98
"24031700721","tract",2023,"education_score",87.47
"24031700723","tract",2023,"education_score",80.58
"24031700724","tract",2023,"education_score",124.57
"24031700725","tract",2023,"education_score",138.83
"24031700726","tract",2023,"education_score",103.63
"24031700727","tract",2023,"education_score",125.64
"24031700728","tract",2023,"education_score",86.21
"24031700729","tract",2023,"education_score",93.43
"24031700730","tract",2023,"education_score",89.74
"24031700731","tract",2023,"education_score",119.14
"24031700732","tract",2023,"education_score",142.36
"24031700733","tract",2023,"education_score",96.64
"24031700810","tract",2023,"education_score",91.46
"24031700811","tract",2023,"education_score",114.41
"24031700812","tract",2023,"education_score",111.3
"24031700813","tract",2023,"education_score",91.81
"24031700815","tract",2023,"education_score",109.92
"24031700818","tract",2023,"education_score",104.17
"24031700819","tract",2023,"education_score",94.99
"24031700820","tract",2023,"education_score",105.69
"24031700822","tract",2023,"education_score",108.1
"24031700823","tract",2023,"education_score",86.31
"24031700824","tract",2023,"education_score",69.28
"24031700826","tract",2023,"education_score",65.64
"24031700828","tract",2023,"education_score",74.61
"24031700829","tract",2023,"education_score",67.84
"24031700830","tract",2023,"education_score",85.58
"24031700832","tract",2023,"education_score",117.81
"24031700833","tract",2023,"education_score",122.09
"24031700834","tract",2023,"education_score",99.53
"24031700835","tract",2023,"education_score",84.16
"24031700836","tract",2023,"education_score",79.21
"24031700837","tract",2023,"education_score",81.1
"24031700838","tract",2023,"education_score",71.93
"24031700839","tract",2023,"education_score",74.6
"24031700901","tract",2023,"education_score",64.47
"24031700902","tract",2023,"education_score",98.85
"24031700903","tract",2023,"education_score",113.98
"24031700904","tract",2023,"education_score",93.23
"24031700905","tract",2023,"education_score",89.89
"24031701001","tract",2023,"education_score",82.42
"24031701002","tract",2023,"education_score",73.09
"24031701004","tract",2023,"education_score",89.41
"24031701005","tract",2023,"education_score",86.02
"24031701006","tract",2023,"education_score",86.85
"24031701007","tract",2023,"education_score",76.6
"24031701101","tract",2023,"education_score",88.99
"24031701102","tract",2023,"education_score",90.87
"24031701201","tract",2023,"education_score",95.5
"24031701202","tract",2023,"education_score",67.86
"24031701205","tract",2023,"education_score",81.08
"24031701206","tract",2023,"education_score",79.19
"24031701210","tract",2023,"education_score",72.2
"24031701211","tract",2023,"education_score",80.03
"24031701212","tract",2023,"education_score",73.95
"24031701214","tract",2023,"education_score",70.55
"24031701215","tract",2023,"education_score",67.37
"24031701216","tract",2023,"education_score",63.57
"24031701218","tract",2023,"education_score",69.6
"24031701219","tract",2023,"education_score",105.76
"24031701220","tract",2023,"education_score",70.45
"24031701221","tract",2023,"education_score",77.67
"24031701222","tract",2023,"education_score",62.35
"24031701223","tract",2023,"education_score",68.49
"24031701303","tract",2023,"education_score",67.38
"24031701304","tract",2023,"education_score",88.46
"24031701306","tract",2023,"education_score",67.64
"24031701307","tract",2023,"education_score",79.73
"24031701308","tract",2023,"education_score",79.07
"24031701312","tract",2023,"education_score",90.41
"24031701313","tract",2023,"education_score",90.11
"24031701314","tract",2023,"education_score",77.59
"24031701315","tract",2023,"education_score",80.79
"24031701316","tract",2023,"education_score",89.15
"24031701317","tract",2023,"education_score",77.99
"24031701407","tract",2023,"education_score",78.54
"24031701408","tract",2023,"education_score",90.65
"24031701409","tract",2023,"education_score",75.93
"24031701414","tract",2023,"education_score",84.3
"24031701415","tract",2023,"education_score",94.19
"24031701417","tract",2023,"education_score",95.19
"24031701418","tract",2023,"education_score",97.36
"24031701422","tract",2023,"education_score",101.17
"24031701423","tract",2023,"education_score",94.31
"24031701424","tract",2023,"education_score",104.97
"24031701425","tract",2023,"education_score",81.84
"24031701426","tract",2023,"education_score",98.88
"24031701427","tract",2023,"education_score",92.5
"24031701503","tract",2023,"education_score",104.75
"24031701505","tract",2023,"education_score",100.61
"24031701506","tract",2023,"education_score",82.26
"24031701507","tract",2023,"education_score",76.17
"24031701508","tract",2023,"education_score",102.22
"24031701509","tract",2023,"education_score",106.97
"24031701601","tract",2023,"education_score",112.62
"24031701602","tract",2023,"education_score",153
"24031701701","tract",2023,"education_score",77.36
"24031701702","tract",2023,"education_score",105.54
"24031701703","tract",2023,"education_score",91.29
"24031701704","tract",2023,"education_score",83.43
"24031701800","tract",2023,"education_score",84.13
"24031701900","tract",2023,"education_score",134.59
"24031702000","tract",2023,"education_score",167.29
"24031702101","tract",2023,"education_score",121.5
"24031702102","tract",2023,"education_score",72.01
"24031702200","tract",2023,"education_score",80.51
"24031702301","tract",2023,"education_score",117.21
"24031702302","tract",2023,"education_score",88.42
"24031702401","tract",2023,"education_score",76.7
"24031702402","tract",2023,"education_score",80.34
"24031702501","tract",2023,"education_score",64.3
"24031702502","tract",2023,"education_score",79.17
"24031702503","tract",2023,"education_score",63.9
"24031702602","tract",2023,"education_score",86.24
"24031702603","tract",2023,"education_score",67.07
"24031702604","tract",2023,"education_score",72.2
"24031702700","tract",2023,"education_score",98.63
"24031702800","tract",2023,"education_score",65.73
"24031702900","tract",2023,"education_score",69.47
"24031703000","tract",2023,"education_score",72.58
"24031703100","tract",2023,"education_score",91.73
"24031703201","tract",2023,"education_score",96.9
"24031703202","tract",2023,"education_score",78.96
"24031703206","tract",2023,"education_score",79.22
"24031703207","tract",2023,"education_score",118.15
"24031703208","tract",2023,"education_score",79.87
"24031703209","tract",2023,"education_score",84.75
"24031703210","tract",2023,"education_score",77.96
"24031703213","tract",2023,"education_score",120.5
"24031703214","tract",2023,"education_score",112.21
"24031703215","tract",2023,"education_score",119.01
"24031703216","tract",2023,"education_score",83.21
"24031703218","tract",2023,"education_score",65.31
"24031703219","tract",2023,"education_score",58.77
"24031703220","tract",2023,"education_score",97.53
"24031703221","tract",2023,"education_score",87.1
"24031703222","tract",2023,"education_score",96.92
"24031703223","tract",2023,"education_score",87.42
"24031703301","tract",2023,"education_score",129.22
"24031703302","tract",2023,"education_score",118.11
"24031703401","tract",2023,"education_score",116.88
"24031703402","tract",2023,"education_score",108.8
"24031703403","tract",2023,"education_score",122.13
"24031703404","tract",2023,"education_score",145.62
"24031703501","tract",2023,"education_score",111.89
"24031703502","tract",2023,"education_score",85.54
"24031703601","tract",2023,"education_score",84.15
"24031703602","tract",2023,"education_score",70.92
"24031703701","tract",2023,"education_score",143.94
"24031703702","tract",2023,"education_score",114.41
"24031703800","tract",2023,"education_score",87.44
"24031703901","tract",2023,"education_score",80.84
"24031703902","tract",2023,"education_score",98.01
"24031704000","tract",2023,"education_score",88.88
"24031704100","tract",2023,"education_score",65.38
"24031704200","tract",2023,"education_score",80.61
"24031704300","tract",2023,"education_score",81.18
"24031704401","tract",2023,"education_score",67.32
"24031704403","tract",2023,"education_score",62.84
"24031704404","tract",2023,"education_score",72.15
"24031704501","tract",2023,"education_score",65.84
"24031704502","tract",2023,"education_score",69.74
"24031704503","tract",2023,"education_score",81.49
"24031704600","tract",2023,"education_score",69.2
"24031704700","tract",2023,"education_score",73.41
"24031704803","tract",2023,"education_score",72.9
"24031704804","tract",2023,"education_score",60.41
"24031704805","tract",2023,"education_score",67.46
"24031704806","tract",2023,"education_score",56.8
"24031705000","tract",2023,"education_score",76
"24031705100","tract",2023,"education_score",71.41
"24031705200","tract",2023,"education_score",68.68
"24031705300","tract",2023,"education_score",66.3
"24031705400","tract",2023,"education_score",75.36
"24031705501","tract",2023,"education_score",72.11
"24031705502","tract",2023,"education_score",74.81
"24031705601","tract",2023,"education_score",74.27
"24031705602","tract",2023,"education_score",68.07
"24031705701","tract",2023,"education_score",75.83
"24031705702","tract",2023,"education_score",74.25
"24031705800","tract",2023,"education_score",68.51
"24031705901","tract",2023,"education_score",61.83
"24031705902","tract",2023,"education_score",68.01
"24031705903","tract",2023,"education_score",66.67
"24031706005","tract",2023,"education_score",76.67
"24031706007","tract",2023,"education_score",74.79
"24031706008","tract",2023,"education_score",71.78
"24031706009","tract",2023,"education_score",75.79
"24031706010","tract",2023,"education_score",76.38
"24031706011","tract",2023,"education_score",72.7
"24031706012","tract",2023,"education_score",75.85
"24031706013","tract",2023,"education_score",68.05
"24033800102","tract",2023,"education_score",87.75
"24033800103","tract",2023,"education_score",108.55
"24033800105","tract",2023,"education_score",87.75
"24033800106","tract",2023,"education_score",84.4
"24033800108","tract",2023,"education_score",87.85
"24033800109","tract",2023,"education_score",133.48
"24033800203","tract",2023,"education_score",83.99
"24033800206","tract",2023,"education_score",89
"24033800209","tract",2023,"education_score",108.38
"24033800210","tract",2023,"education_score",109.94
"24033800211","tract",2023,"education_score",87.34
"24033800212","tract",2023,"education_score",83.88
"24033800213","tract",2023,"education_score",88.99
"24033800216","tract",2023,"education_score",73.2
"24033800217","tract",2023,"education_score",84.43
"24033800218","tract",2023,"education_score",109.17
"24033800401","tract",2023,"education_score",84.66
"24033800402","tract",2023,"education_score",91.5
"24033800403","tract",2023,"education_score",80.58
"24033800408","tract",2023,"education_score",92.31
"24033800409","tract",2023,"education_score",81.68
"24033800410","tract",2023,"education_score",88.86
"24033800411","tract",2023,"education_score",89.09
"24033800412","tract",2023,"education_score",117.61
"24033800413","tract",2023,"education_score",88.85
"24033800504","tract",2023,"education_score",84.04
"24033800505","tract",2023,"education_score",86.37
"24033800507","tract",2023,"education_score",79.68
"24033800511","tract",2023,"education_score",86.76
"24033800513","tract",2023,"education_score",82.05
"24033800514","tract",2023,"education_score",70.19
"24033800515","tract",2023,"education_score",82.78
"24033800516","tract",2023,"education_score",75.6
"24033800517","tract",2023,"education_score",80.19
"24033800518","tract",2023,"education_score",66.81
"24033800519","tract",2023,"education_score",82.62
"24033800520","tract",2023,"education_score",88.68
"24033800521","tract",2023,"education_score",78.89
"24033800522","tract",2023,"education_score",70.02
"24033800605","tract",2023,"education_score",85.15
"24033800606","tract",2023,"education_score",75.14
"24033800607","tract",2023,"education_score",89.29
"24033800608","tract",2023,"education_score",78.56
"24033800609","tract",2023,"education_score",95.6
"24033800701","tract",2023,"education_score",68.9
"24033800704","tract",2023,"education_score",92.83
"24033800705","tract",2023,"education_score",85.67
"24033800706","tract",2023,"education_score",94.06
"24033800707","tract",2023,"education_score",86.55
"24033800800","tract",2023,"education_score",79.82
"24033800900","tract",2023,"education_score",86.05
"24033801003","tract",2023,"education_score",75.85
"24033801004","tract",2023,"education_score",88.81
"24033801005","tract",2023,"education_score",85.45
"24033801006","tract",2023,"education_score",82.4
"24033801105","tract",2023,"education_score",92.09
"24033801106","tract",2023,"education_score",90.62
"24033801207","tract",2023,"education_score",104.29
"24033801208","tract",2023,"education_score",88.49
"24033801209","tract",2023,"education_score",94.73
"24033801210","tract",2023,"education_score",83.36
"24033801211","tract",2023,"education_score",96.41
"24033801212","tract",2023,"education_score",108.41
"24033801213","tract",2023,"education_score",98.27
"24033801214","tract",2023,"education_score",105.19
"24033801215","tract",2023,"education_score",93.28
"24033801216","tract",2023,"education_score",105.94
"24033801217","tract",2023,"education_score",99.17
"24033801302","tract",2023,"education_score",87
"24033801305","tract",2023,"education_score",85.74
"24033801307","tract",2023,"education_score",76.82
"24033801308","tract",2023,"education_score",86.07
"24033801309","tract",2023,"education_score",72.89
"24033801310","tract",2023,"education_score",82.39
"24033801311","tract",2023,"education_score",91.58
"24033801312","tract",2023,"education_score",96.69
"24033801313","tract",2023,"education_score",96.12
"24033801404","tract",2023,"education_score",87.58
"24033801405","tract",2023,"education_score",128.78
"24033801406","tract",2023,"education_score",99.54
"24033801407","tract",2023,"education_score",99.38
"24033801408","tract",2023,"education_score",96.92
"24033801409","tract",2023,"education_score",97.41
"24033801410","tract",2023,"education_score",88
"24033801411","tract",2023,"education_score",95.71
"24033801500","tract",2023,"education_score",127.41
"24033801600","tract",2023,"education_score",99.72
"24033801701","tract",2023,"education_score",97.2
"24033801702","tract",2023,"education_score",105.55
"24033801704","tract",2023,"education_score",97.38
"24033801707","tract",2023,"education_score",128.97
"24033801709","tract",2023,"education_score",104.27
"24033801801","tract",2023,"education_score",90
"24033801802","tract",2023,"education_score",83.44
"24033801807","tract",2023,"education_score",102.72
"24033801808","tract",2023,"education_score",96.87
"24033801809","tract",2023,"education_score",95.03
"24033801901","tract",2023,"education_score",89.86
"24033801904","tract",2023,"education_score",103.56
"24033801905","tract",2023,"education_score",72.89
"24033801906","tract",2023,"education_score",91.38
"24033801907","tract",2023,"education_score",83.51
"24033801908","tract",2023,"education_score",101.01
"24033802001","tract",2023,"education_score",93.68
"24033802002","tract",2023,"education_score",87.54
"24033802103","tract",2023,"education_score",117.32
"24033802104","tract",2023,"education_score",91.43
"24033802106","tract",2023,"education_score",104.99
"24033802107","tract",2023,"education_score",100.15
"24033802201","tract",2023,"education_score",85.57
"24033802203","tract",2023,"education_score",94.87
"24033802204","tract",2023,"education_score",90.86
"24033802301","tract",2023,"education_score",84.76
"24033802404","tract",2023,"education_score",98.34
"24033802405","tract",2023,"education_score",96.23
"24033802406","tract",2023,"education_score",98.97
"24033802407","tract",2023,"education_score",87.43
"24033802408","tract",2023,"education_score",98.49
"24033802501","tract",2023,"education_score",92.28
"24033802502","tract",2023,"education_score",105.53
"24033802600","tract",2023,"education_score",91.04
"24033802700","tract",2023,"education_score",121.04
"24033802803","tract",2023,"education_score",100.4
"24033802804","tract",2023,"education_score",105.54
"24033802805","tract",2023,"education_score",104.57
"24033802901","tract",2023,"education_score",85.95
"24033803001","tract",2023,"education_score",115.48
"24033803002","tract",2023,"education_score",98.53
"24033803100","tract",2023,"education_score",111.66
"24033803200","tract",2023,"education_score",99.75
"24033803300","tract",2023,"education_score",112.33
"24033803403","tract",2023,"education_score",124.27
"24033803508","tract",2023,"education_score",122.23
"24033803509","tract",2023,"education_score",114.47
"24033803512","tract",2023,"education_score",75.86
"24033803513","tract",2023,"education_score",81.63
"24033803514","tract",2023,"education_score",66.96
"24033803516","tract",2023,"education_score",78.46
"24033803519","tract",2023,"education_score",83.05
"24033803520","tract",2023,"education_score",74.38
"24033803521","tract",2023,"education_score",68.76
"24033803524","tract",2023,"education_score",109.52
"24033803525","tract",2023,"education_score",94.71
"24033803526","tract",2023,"education_score",87.24
"24033803527","tract",2023,"education_score",88
"24033803528","tract",2023,"education_score",78.14
"24033803601","tract",2023,"education_score",108.21
"24033803602","tract",2023,"education_score",107.3
"24033803605","tract",2023,"education_score",124.17
"24033803606","tract",2023,"education_score",130.2
"24033803607","tract",2023,"education_score",102.9
"24033803608","tract",2023,"education_score",120.43
"24033803610","tract",2023,"education_score",122.97
"24033803612","tract",2023,"education_score",98.04
"24033803613","tract",2023,"education_score",110.7
"24033803700","tract",2023,"education_score",140.8
"24033803801","tract",2023,"education_score",131.5
"24033803803","tract",2023,"education_score",131.62
"24033803900","tract",2023,"education_score",158.37
"24033804001","tract",2023,"education_score",114.84
"24033804002","tract",2023,"education_score",141.58
"24033804101","tract",2023,"education_score",87.05
"24033804102","tract",2023,"education_score",120.34
"24033804200","tract",2023,"education_score",69.8
"24033804300","tract",2023,"education_score",109.01
"24033804400","tract",2023,"education_score",126.35
"24033804600","tract",2023,"education_score",124.52
"24033804700","tract",2023,"education_score",96.74
"24033804801","tract",2023,"education_score",114.87
"24033804802","tract",2023,"education_score",119.84
"24033804900","tract",2023,"education_score",110.59
"24033805000","tract",2023,"education_score",100.09
"24033805101","tract",2023,"education_score",175.73
"24033805201","tract",2023,"education_score",145.96
"24033805202","tract",2023,"education_score",113.35
"24033805500","tract",2023,"education_score",159.36
"24033805601","tract",2023,"education_score",211.22
"24033805602","tract",2023,"education_score",211.59
"24033805700","tract",2023,"education_score",168.48
"24033805801","tract",2023,"education_score",151.13
"24033805802","tract",2023,"education_score",144.76
"24033805904","tract",2023,"education_score",142.72
"24033805906","tract",2023,"education_score",144.82
"24033805907","tract",2023,"education_score",112.4
"24033805908","tract",2023,"education_score",95.74
"24033805909","tract",2023,"education_score",100.35
"24033806000","tract",2023,"education_score",131
"24033806100","tract",2023,"education_score",92.28
"24033806400","tract",2023,"education_score",78.44
"24033806501","tract",2023,"education_score",140.56
"24033806601","tract",2023,"education_score",163.75
"24033806602","tract",2023,"education_score",132.4
"24033806706","tract",2023,"education_score",105.48
"24033806708","tract",2023,"education_score",87.3
"24033806710","tract",2023,"education_score",87.2
"24033806711","tract",2023,"education_score",96.68
"24033806712","tract",2023,"education_score",80.94
"24033806713","tract",2023,"education_score",121.23
"24033806714","tract",2023,"education_score",111.23
"24033806800","tract",2023,"education_score",106.06
"24033806900","tract",2023,"education_score",108.87
"24033807000","tract",2023,"education_score",107.2
"24033807102","tract",2023,"education_score",85.81
"24033807301","tract",2023,"education_score",92.2
"24033807304","tract",2023,"education_score",127.84
"24033807305","tract",2023,"education_score",144.48
"24033807404","tract",2023,"education_score",124.61
"24033807405","tract",2023,"education_score",107.2
"24033807407","tract",2023,"education_score",114.4
"24033807408","tract",2023,"education_score",94.37
"24033807409","tract",2023,"education_score",125.83
"24033807410","tract",2023,"education_score",104.5
"24033807500","tract",2023,"education_score",89.99
"24033980000","tract",2023,"education_score",NA
"24035810100","tract",2023,"education_score",107.88
"24035810200","tract",2023,"education_score",102.79
"24035810300","tract",2023,"education_score",95.45
"24035810400","tract",2023,"education_score",92.56
"24035810500","tract",2023,"education_score",88.86
"24035810600","tract",2023,"education_score",86.26
"24035810700","tract",2023,"education_score",93.31
"24035810800","tract",2023,"education_score",83.95
"24035810901","tract",2023,"education_score",89.51
"24035810902","tract",2023,"education_score",87.07
"24035811000","tract",2023,"education_score",86.11
"24035990000","tract",2023,"education_score",NA
"24035990100","tract",2023,"education_score",NA
"24035990200","tract",2023,"education_score",NA
"24037875000","tract",2023,"education_score",89.29
"24037875100","tract",2023,"education_score",98.3
"24037875201","tract",2023,"education_score",87.41
"24037875202","tract",2023,"education_score",92.36
"24037875300","tract",2023,"education_score",91.6
"24037875400","tract",2023,"education_score",84.26
"24037875501","tract",2023,"education_score",95.01
"24037875502","tract",2023,"education_score",86.51
"24037875601","tract",2023,"education_score",105.7
"24037875602","tract",2023,"education_score",92.74
"24037875700","tract",2023,"education_score",96.21
"24037875803","tract",2023,"education_score",86.1
"24037875903","tract",2023,"education_score",90.31
"24037875904","tract",2023,"education_score",89.82
"24037875905","tract",2023,"education_score",88.17
"24037875906","tract",2023,"education_score",85.88
"24037876001","tract",2023,"education_score",92.69
"24037876003","tract",2023,"education_score",78.48
"24037876004","tract",2023,"education_score",92.1
"24037876101","tract",2023,"education_score",91.77
"24037876102","tract",2023,"education_score",78.33
"24037876200","tract",2023,"education_score",85.36
"24037990000","tract",2023,"education_score",NA
"24039930101","tract",2023,"education_score",115.27
"24039930102","tract",2023,"education_score",105.24
"24039930200","tract",2023,"education_score",109.82
"24039930500","tract",2023,"education_score",96.43
"24039930600","tract",2023,"education_score",102.88
"24039930800","tract",2023,"education_score",NA
"24039990100","tract",2023,"education_score",NA
"24041960100","tract",2023,"education_score",99.02
"24041960201","tract",2023,"education_score",76.46
"24041960300","tract",2023,"education_score",102.43
"24041960400","tract",2023,"education_score",97.11
"24041960501","tract",2023,"education_score",98.91
"24041960502","tract",2023,"education_score",90.36
"24041960600","tract",2023,"education_score",75.72
"24041960700","tract",2023,"education_score",88.61
"24041960800","tract",2023,"education_score",88.6
"24041960900","tract",2023,"education_score",98.31
"24041990000","tract",2023,"education_score",NA
"24043000100","tract",2023,"education_score",97.56
"24043000200","tract",2023,"education_score",105.34
"24043000301","tract",2023,"education_score",111.14
"24043000302","tract",2023,"education_score",118.64
"24043000400","tract",2023,"education_score",112.64
"24043000500","tract",2023,"education_score",124.91
"24043000601","tract",2023,"education_score",104.66
"24043000602","tract",2023,"education_score",92.08
"24043000700","tract",2023,"education_score",108.27
"24043000800","tract",2023,"education_score",113.2
"24043000900","tract",2023,"education_score",111.92
"24043001001","tract",2023,"education_score",103.09
"24043001002","tract",2023,"education_score",99.81
"24043010100","tract",2023,"education_score",97.03
"24043010200","tract",2023,"education_score",93.56
"24043010300","tract",2023,"education_score",96.46
"24043010401","tract",2023,"education_score",93.7
"24043010402","tract",2023,"education_score",86.46
"24043010600","tract",2023,"education_score",104.79
"24043010700","tract",2023,"education_score",96.14
"24043010802","tract",2023,"education_score",99.74
"24043010803","tract",2023,"education_score",91.61
"24043010901","tract",2023,"education_score",93.38
"24043010902","tract",2023,"education_score",95.73
"24043011000","tract",2023,"education_score",NA
"24043011100","tract",2023,"education_score",94.46
"24043011202","tract",2023,"education_score",94.34
"24043011203","tract",2023,"education_score",105.92
"24043011204","tract",2023,"education_score",92.92
"24043011301","tract",2023,"education_score",99.85
"24043011302","tract",2023,"education_score",95.45
"24043011400","tract",2023,"education_score",92.72
"24043011501","tract",2023,"education_score",86.71
"24043011502","tract",2023,"education_score",107.35
"24043011600","tract",2023,"education_score",90.65
"24043011700","tract",2023,"education_score",99.95
"24045000100","tract",2023,"education_score",113.04
"24045000200","tract",2023,"education_score",94.72
"24045000300","tract",2023,"education_score",140.96
"24045000400","tract",2023,"education_score",100.23
"24045000500","tract",2023,"education_score",120.02
"24045010101","tract",2023,"education_score",98.89
"24045010102","tract",2023,"education_score",91.53
"24045010200","tract",2023,"education_score",119.51
"24045010300","tract",2023,"education_score",88.51
"24045010400","tract",2023,"education_score",95.21
"24045010501","tract",2023,"education_score",90.73
"24045010503","tract",2023,"education_score",118.03
"24045010504","tract",2023,"education_score",104.06
"24045010603","tract",2023,"education_score",90.78
"24045010604","tract",2023,"education_score",110.67
"24045010605","tract",2023,"education_score",99.26
"24045010606","tract",2023,"education_score",104.79
"24045010701","tract",2023,"education_score",97.87
"24045010703","tract",2023,"education_score",107.83
"24045010704","tract",2023,"education_score",109.77
"24045010800","tract",2023,"education_score",91.87
"24047950000","tract",2023,"education_score",91.85
"24047950100","tract",2023,"education_score",71.84
"24047950300","tract",2023,"education_score",80.07
"24047950400","tract",2023,"education_score",94.19
"24047950600","tract",2023,"education_score",79.98
"24047950700","tract",2023,"education_score",97.15
"24047950800","tract",2023,"education_score",90.27
"24047950900","tract",2023,"education_score",94.02
"24047951000","tract",2023,"education_score",103.52
"24047951101","tract",2023,"education_score",78.96
"24047951102","tract",2023,"education_score",78.04
"24047951200","tract",2023,"education_score",97.4
"24047951300","tract",2023,"education_score",110.17
"24047951400","tract",2023,"education_score",109.06
"24047951500","tract",2023,"education_score",92.01
"24047951700","tract",2023,"education_score",85.18
"24047980000","tract",2023,"education_score",NA
"24047990000","tract",2023,"education_score",NA
"24510010100","tract",2023,"education_score",60.41
"24510010200","tract",2023,"education_score",69.36
"24510010300","tract",2023,"education_score",57.63
"24510010400","tract",2023,"education_score",57.35
"24510010500","tract",2023,"education_score",64.27
"24510020100","tract",2023,"education_score",66.5
"24510020200","tract",2023,"education_score",76.52
"24510020300","tract",2023,"education_score",56.15
"24510030100","tract",2023,"education_score",104.31
"24510030200","tract",2023,"education_score",63.51
"24510040100","tract",2023,"education_score",70.55
"24510040200","tract",2023,"education_score",NA
"24510060100","tract",2023,"education_score",88.52
"24510060200","tract",2023,"education_score",86.99
"24510060300","tract",2023,"education_score",80.6
"24510060400","tract",2023,"education_score",95.51
"24510070100","tract",2023,"education_score",109.12
"24510070200","tract",2023,"education_score",142.21
"24510070300","tract",2023,"education_score",90.98
"24510070400","tract",2023,"education_score",110.39
"24510080101","tract",2023,"education_score",101.81
"24510080102","tract",2023,"education_score",112.76
"24510080200","tract",2023,"education_score",113.6
"24510080301","tract",2023,"education_score",127.2
"24510080302","tract",2023,"education_score",104.44
"24510080400","tract",2023,"education_score",122.8
"24510080500","tract",2023,"education_score",123.69
"24510080600","tract",2023,"education_score",112.35
"24510080700","tract",2023,"education_score",98.6
"24510080800","tract",2023,"education_score",100.69
"24510090100","tract",2023,"education_score",99.27
"24510090200","tract",2023,"education_score",84.46
"24510090300","tract",2023,"education_score",91.2
"24510090400","tract",2023,"education_score",94.19
"24510090500","tract",2023,"education_score",95.74
"24510090600","tract",2023,"education_score",113.01
"24510090700","tract",2023,"education_score",109.59
"24510090800","tract",2023,"education_score",114.26
"24510090900","tract",2023,"education_score",126.72
"24510100100","tract",2023,"education_score",110.75
"24510100200","tract",2023,"education_score",133.14
"24510100300","tract",2023,"education_score",NA
"24510110100","tract",2023,"education_score",72.4
"24510110200","tract",2023,"education_score",67.45
"24510120100","tract",2023,"education_score",65.65
"24510120201","tract",2023,"education_score",73.48
"24510120202","tract",2023,"education_score",NA
"24510120300","tract",2023,"education_score",89.51
"24510120400","tract",2023,"education_score",88.54
"24510120500","tract",2023,"education_score",78.91
"24510120600","tract",2023,"education_score",90.98
"24510120700","tract",2023,"education_score",78.11
"24510130100","tract",2023,"education_score",98.09
"24510130200","tract",2023,"education_score",78.86
"24510130300","tract",2023,"education_score",112.41
"24510130400","tract",2023,"education_score",108.97
"24510130600","tract",2023,"education_score",65.21
"24510130700","tract",2023,"education_score",72.93
"24510130803","tract",2023,"education_score",82.51
"24510130804","tract",2023,"education_score",73.91
"24510130805","tract",2023,"education_score",91.36
"24510130806","tract",2023,"education_score",76.55
"24510140100","tract",2023,"education_score",79.87
"24510140200","tract",2023,"education_score",96.8
"24510140300","tract",2023,"education_score",101.16
"24510150100","tract",2023,"education_score",103.9
"24510150200","tract",2023,"education_score",130.89
"24510150300","tract",2023,"education_score",111.41
"24510150400","tract",2023,"education_score",114.61
"24510150500","tract",2023,"education_score",105.57
"24510150600","tract",2023,"education_score",106.56
"24510150701","tract",2023,"education_score",99.97
"24510150702","tract",2023,"education_score",93.35
"24510150800","tract",2023,"education_score",104.91
"24510150900","tract",2023,"education_score",94.48
"24510151000","tract",2023,"education_score",100.66
"24510151100","tract",2023,"education_score",90.76
"24510151200","tract",2023,"education_score",104.25
"24510151300","tract",2023,"education_score",121.68
"24510160100","tract",2023,"education_score",119.82
"24510160200","tract",2023,"education_score",101.61
"24510160300","tract",2023,"education_score",129.27
"24510160400","tract",2023,"education_score",113.64
"24510160500","tract",2023,"education_score",113.32
"24510160600","tract",2023,"education_score",106.32
"24510160700","tract",2023,"education_score",116.73
"24510160801","tract",2023,"education_score",119.6
"24510160802","tract",2023,"education_score",110.78
"24510170100","tract",2023,"education_score",86.38
"24510170200","tract",2023,"education_score",110.45
"24510170300","tract",2023,"education_score",121.96
"24510180300","tract",2023,"education_score",85.76
"24510190100","tract",2023,"education_score",100.61
"24510190200","tract",2023,"education_score",85.51
"24510190300","tract",2023,"education_score",127.65
"24510200100","tract",2023,"education_score",120.99
"24510200200","tract",2023,"education_score",124.77
"24510200300","tract",2023,"education_score",118.37
"24510200400","tract",2023,"education_score",127.77
"24510200500","tract",2023,"education_score",161.4
"24510200600","tract",2023,"education_score",110.05
"24510200701","tract",2023,"education_score",112.53
"24510200702","tract",2023,"education_score",112.98
"24510200800","tract",2023,"education_score",109.69
"24510210100","tract",2023,"education_score",81.15
"24510210200","tract",2023,"education_score",100.29
"24510220100","tract",2023,"education_score",73.33
"24510230100","tract",2023,"education_score",65.41
"24510230200","tract",2023,"education_score",62.08
"24510230300","tract",2023,"education_score",61.71
"24510240100","tract",2023,"education_score",64.73
"24510240200","tract",2023,"education_score",59.33
"24510240300","tract",2023,"education_score",62.64
"24510240400","tract",2023,"education_score",61.84
"24510250101","tract",2023,"education_score",100.4
"24510250102","tract",2023,"education_score",96.43
"24510250103","tract",2023,"education_score",104.38
"24510250203","tract",2023,"education_score",111.11
"24510250204","tract",2023,"education_score",150.38
"24510250205","tract",2023,"education_score",179.13
"24510250206","tract",2023,"education_score",125.83
"24510250207","tract",2023,"education_score",136.17
"24510250301","tract",2023,"education_score",132.54
"24510250303","tract",2023,"education_score",129.41
"24510250401","tract",2023,"education_score",132.59
"24510250402","tract",2023,"education_score",141.2
"24510250500","tract",2023,"education_score",114.2
"24510250600","tract",2023,"education_score",NA
"24510260101","tract",2023,"education_score",98.64
"24510260102","tract",2023,"education_score",103.67
"24510260201","tract",2023,"education_score",106.13
"24510260202","tract",2023,"education_score",116.56
"24510260203","tract",2023,"education_score",102.76
"24510260301","tract",2023,"education_score",118.97
"24510260302","tract",2023,"education_score",103.89
"24510260303","tract",2023,"education_score",111.03
"24510260401","tract",2023,"education_score",124.82
"24510260402","tract",2023,"education_score",122.57
"24510260403","tract",2023,"education_score",100.28
"24510260404","tract",2023,"education_score",147.16
"24510260501","tract",2023,"education_score",134.94
"24510260604","tract",2023,"education_score",122.69
"24510260605","tract",2023,"education_score",144.43
"24510260700","tract",2023,"education_score",92.19
"24510260800","tract",2023,"education_score",114.04
"24510260900","tract",2023,"education_score",67.23
"24510261000","tract",2023,"education_score",80.01
"24510261100","tract",2023,"education_score",59.49
"24510270101","tract",2023,"education_score",81.03
"24510270102","tract",2023,"education_score",104.01
"24510270200","tract",2023,"education_score",76.24
"24510270301","tract",2023,"education_score",85.81
"24510270302","tract",2023,"education_score",94.79
"24510270401","tract",2023,"education_score",106.41
"24510270402","tract",2023,"education_score",92.71
"24510270501","tract",2023,"education_score",90.48
"24510270502","tract",2023,"education_score",99.2
"24510270600","tract",2023,"education_score",84.04
"24510270701","tract",2023,"education_score",106.98
"24510270702","tract",2023,"education_score",88.85
"24510270703","tract",2023,"education_score",80.24
"24510270801","tract",2023,"education_score",89.98
"24510270802","tract",2023,"education_score",96.75
"24510270803","tract",2023,"education_score",101.84
"24510270804","tract",2023,"education_score",81.93
"24510270805","tract",2023,"education_score",113.75
"24510270901","tract",2023,"education_score",95.5
"24510270902","tract",2023,"education_score",95.67
"24510270903","tract",2023,"education_score",NA
"24510271001","tract",2023,"education_score",110.17
"24510271002","tract",2023,"education_score",115.22
"24510271101","tract",2023,"education_score",102.1
"24510271102","tract",2023,"education_score",NA
"24510271200","tract",2023,"education_score",73.2
"24510271300","tract",2023,"education_score",78.78
"24510271400","tract",2023,"education_score",76.44
"24510271501","tract",2023,"education_score",71.51
"24510271503","tract",2023,"education_score",63.07
"24510271600","tract",2023,"education_score",118.31
"24510271700","tract",2023,"education_score",108.56
"24510271801","tract",2023,"education_score",121.33
"24510271802","tract",2023,"education_score",106.72
"24510271900","tract",2023,"education_score",92.07
"24510272003","tract",2023,"education_score",100.79
"24510272004","tract",2023,"education_score",82.61
"24510272005","tract",2023,"education_score",83.37
"24510272006","tract",2023,"education_score",113.17
"24510272007","tract",2023,"education_score",103.21
"24510280101","tract",2023,"education_score",106.6
"24510280102","tract",2023,"education_score",97.75
"24510280200","tract",2023,"education_score",93.73
"24510280301","tract",2023,"education_score",90.31
"24510280302","tract",2023,"education_score",100.38
"24510280401","tract",2023,"education_score",90.03
"24510280402","tract",2023,"education_score",92.17
"24510280403","tract",2023,"education_score",83.83
"24510280404","tract",2023,"education_score",101.84
"24510280500","tract",2023,"education_score",129.17
"24510280600","tract",2023,"education_score",120.47
"24001000100","tract",2023,"education_rnk",59.4951
"24001000200","tract",2023,"education_rnk",50.0104
"24001000500","tract",2023,"education_rnk",66.604
"24001000600","tract",2023,"education_rnk",37.6787
"24001000700","tract",2023,"education_rnk",85.577
"24001000800","tract",2023,"education_rnk",72.3273
"24001001000","tract",2023,"education_rnk",76.9079
"24001001100","tract",2023,"education_rnk",28.7996
"24001001200","tract",2023,"education_rnk",3.4708
"24001001300","tract",2023,"education_rnk",NA
"24001001401","tract",2023,"education_rnk",23.9052
"24001001402","tract",2023,"education_rnk",39.3024
"24001001502","tract",2023,"education_rnk",32.5011
"24001001503","tract",2023,"education_rnk",46.5176
"24001001600","tract",2023,"education_rnk",28.1366
"24001001700","tract",2023,"education_rnk",49.1204
"24001001800","tract",2023,"education_rnk",NA
"24001001900","tract",2023,"education_rnk",34.181
"24001002000","tract",2023,"education_rnk",78.4388
"24001002100","tract",2023,"education_rnk",76.649
"24001002200","tract",2023,"education_rnk",58.1643
"24001002300","tract",2023,"education_rnk",50.3485
"24003701101","tract",2023,"education_rnk",10.0597
"24003701103","tract",2023,"education_rnk",36.7814
"24003701104","tract",2023,"education_rnk",30.1303
"24003701201","tract",2023,"education_rnk",7.596
"24003701202","tract",2023,"education_rnk",30.466
"24003701301","tract",2023,"education_rnk",11.626
"24003701302","tract",2023,"education_rnk",27.9389
"24003701400","tract",2023,"education_rnk",12.7614
"24003702100","tract",2023,"education_rnk",14.6916
"24003702204","tract",2023,"education_rnk",25.8903
"24003702205","tract",2023,"education_rnk",16.8903
"24003702206","tract",2023,"education_rnk",17.3835
"24003702208","tract",2023,"education_rnk",24.3838
"24003702209","tract",2023,"education_rnk",14.9553
"24003702300","tract",2023,"education_rnk",14.2362
"24003702402","tract",2023,"education_rnk",6.2043
"24003702500","tract",2023,"education_rnk",52.7963
"24003702601","tract",2023,"education_rnk",10.183
"24003702602","tract",2023,"education_rnk",2.1487
"24003702702","tract",2023,"education_rnk",5.1177
"24003702703","tract",2023,"education_rnk",3.6015
"24003702704","tract",2023,"education_rnk",19.8752
"24003706102","tract",2023,"education_rnk",12.654
"24003706103","tract",2023,"education_rnk",8.3127
"24003706302","tract",2023,"education_rnk",2.659
"24003706303","tract",2023,"education_rnk",62.9513
"24003706304","tract",2023,"education_rnk",3.6454
"24003706402","tract",2023,"education_rnk",6.5425
"24003706403","tract",2023,"education_rnk",84.6004
"24003706404","tract",2023,"education_rnk",92.8825
"24003706500","tract",2023,"education_rnk",4.743
"24003706600","tract",2023,"education_rnk",8.6118
"24003706700","tract",2023,"education_rnk",NA
"24003707001","tract",2023,"education_rnk",20.5906
"24003707002","tract",2023,"education_rnk",12.3414
"24003708001","tract",2023,"education_rnk",17.4397
"24003708004","tract",2023,"education_rnk",65.9753
"24003730101","tract",2023,"education_rnk",19.6591
"24003730102","tract",2023,"education_rnk",24.269
"24003730204","tract",2023,"education_rnk",42.2544
"24003730205","tract",2023,"education_rnk",65.5162
"24003730206","tract",2023,"education_rnk",48.5356
"24003730300","tract",2023,"education_rnk",69.9357
"24003730401","tract",2023,"education_rnk",68.6709
"24003730403","tract",2023,"education_rnk",66.6284
"24003730404","tract",2023,"education_rnk",81.7802
"24003730507","tract",2023,"education_rnk",27.1368
"24003730508","tract",2023,"education_rnk",64.8142
"24003730509","tract",2023,"education_rnk",29.6407
"24003730510","tract",2023,"education_rnk",40.146
"24003730511","tract",2023,"education_rnk",56.8837
"24003730512","tract",2023,"education_rnk",46.1806
"24003730513","tract",2023,"education_rnk",26.8975
"24003730514","tract",2023,"education_rnk",53.4458
"24003730601","tract",2023,"education_rnk",6.529
"24003730603","tract",2023,"education_rnk",23.5426
"24003730605","tract",2023,"education_rnk",11.2439
"24003730606","tract",2023,"education_rnk",13.9224
"24003730701","tract",2023,"education_rnk",1.3063
"24003730702","tract",2023,"education_rnk",7.662
"24003730800","tract",2023,"education_rnk",4.2241
"24003730901","tract",2023,"education_rnk",2.952
"24003730902","tract",2023,"education_rnk",14.3436
"24003731002","tract",2023,"education_rnk",20.6138
"24003731003","tract",2023,"education_rnk",13.229
"24003731004","tract",2023,"education_rnk",17.1161
"24003731103","tract",2023,"education_rnk",10.4137
"24003731104","tract",2023,"education_rnk",29.2525
"24003731105","tract",2023,"education_rnk",20.5516
"24003731106","tract",2023,"education_rnk",30.3537
"24003731107","tract",2023,"education_rnk",7.7621
"24003731201","tract",2023,"education_rnk",9.8473
"24003731205","tract",2023,"education_rnk",26.7583
"24003731206","tract",2023,"education_rnk",37.8911
"24003731207","tract",2023,"education_rnk",28.7605
"24003731208","tract",2023,"education_rnk",30.2365
"24003731209","tract",2023,"education_rnk",19.2526
"24003731210","tract",2023,"education_rnk",21.2352
"24003731303","tract",2023,"education_rnk",12.4916
"24003731306","tract",2023,"education_rnk",12.9555
"24003731307","tract",2023,"education_rnk",21.2914
"24003731308","tract",2023,"education_rnk",23.6415
"24003731309","tract",2023,"education_rnk",34.6742
"24003731310","tract",2023,"education_rnk",61.6633
"24003731312","tract",2023,"education_rnk",44.7547
"24003731313","tract",2023,"education_rnk",36.5665
"24003740103","tract",2023,"education_rnk",21.2011
"24003740104","tract",2023,"education_rnk",21.969
"24003740105","tract",2023,"education_rnk",23.0604
"24003740106","tract",2023,"education_rnk",14.0885
"24003740107","tract",2023,"education_rnk",6.8745
"24003740108","tract",2023,"education_rnk",9.0293
"24003740203","tract",2023,"education_rnk",26.2517
"24003740204","tract",2023,"education_rnk",43.3983
"24003740205","tract",2023,"education_rnk",73.0415
"24003740303","tract",2023,"education_rnk",44.4019
"24003740304","tract",2023,"education_rnk",16.9269
"24003740305","tract",2023,"education_rnk",21.8115
"24003740400","tract",2023,"education_rnk",NA
"24003740501","tract",2023,"education_rnk",13.0788
"24003740502","tract",2023,"education_rnk",14.9907
"24003740601","tract",2023,"education_rnk",29.3062
"24003740602","tract",2023,"education_rnk",41.8637
"24003740603","tract",2023,"education_rnk",28.5578
"24003740701","tract",2023,"education_rnk",11.6053
"24003740703","tract",2023,"education_rnk",11.626
"24003740704","tract",2023,"education_rnk",11.1658
"24003740800","tract",2023,"education_rnk",22.3193
"24003740900","tract",2023,"education_rnk",43.4313
"24003741000","tract",2023,"education_rnk",27.2442
"24003750101","tract",2023,"education_rnk",60.7806
"24003750102","tract",2023,"education_rnk",93.9996
"24003750201","tract",2023,"education_rnk",77.688
"24003750204","tract",2023,"education_rnk",29.5784
"24003750300","tract",2023,"education_rnk",34.8024
"24003750400","tract",2023,"education_rnk",37.7788
"24003750801","tract",2023,"education_rnk",45.746
"24003750803","tract",2023,"education_rnk",43.485
"24003750804","tract",2023,"education_rnk",50.1593
"24003750900","tract",2023,"education_rnk",45.9303
"24003751000","tract",2023,"education_rnk",34.9697
"24003751102","tract",2023,"education_rnk",28.1183
"24003751103","tract",2023,"education_rnk",28.0756
"24003751200","tract",2023,"education_rnk",11.0852
"24003751400","tract",2023,"education_rnk",15.8904
"24003751500","tract",2023,"education_rnk",74.4955
"24003751600","tract",2023,"education_rnk",4.8833
"24003751700","tract",2023,"education_rnk",11.1755
"24003980000","tract",2023,"education_rnk",NA
"24003990000","tract",2023,"education_rnk",NA
"24005400100","tract",2023,"education_rnk",28.437
"24005400200","tract",2023,"education_rnk",30.9433
"24005400400","tract",2023,"education_rnk",13.461
"24005400500","tract",2023,"education_rnk",6.2385
"24005400600","tract",2023,"education_rnk",17.7876
"24005400701","tract",2023,"education_rnk",31.251
"24005400702","tract",2023,"education_rnk",74.8385
"24005400800","tract",2023,"education_rnk",62.4409
"24005400900","tract",2023,"education_rnk",69.7086
"24005401000","tract",2023,"education_rnk",39.9092
"24005401101","tract",2023,"education_rnk",71.0185
"24005401102","tract",2023,"education_rnk",42.5279
"24005401200","tract",2023,"education_rnk",27.9853
"24005401301","tract",2023,"education_rnk",64.3491
"24005401302","tract",2023,"education_rnk",25.402
"24005401400","tract",2023,"education_rnk",22.6709
"24005401503","tract",2023,"education_rnk",19.4601
"24005401504","tract",2023,"education_rnk",44.2151
"24005401505","tract",2023,"education_rnk",60.3667
"24005401506","tract",2023,"education_rnk",31.2266
"24005401507","tract",2023,"education_rnk",81.5995
"24005402201","tract",2023,"education_rnk",39.4611
"24005402202","tract",2023,"education_rnk",4.7869
"24005402302","tract",2023,"education_rnk",31.0251
"24005402303","tract",2023,"education_rnk",33.8416
"24005402304","tract",2023,"education_rnk",35.845
"24005402305","tract",2023,"education_rnk",55.2002
"24005402306","tract",2023,"education_rnk",64.6165
"24005402307","tract",2023,"education_rnk",64.8545
"24005402403","tract",2023,"education_rnk",43.6266
"24005402404","tract",2023,"education_rnk",44.4397
"24005402405","tract",2023,"education_rnk",66.0497
"24005402407","tract",2023,"education_rnk",28.1635
"24005402408","tract",2023,"education_rnk",51.5499
"24005402409","tract",2023,"education_rnk",78.7977
"24005402503","tract",2023,"education_rnk",69.9137
"24005402504","tract",2023,"education_rnk",21.151
"24005402505","tract",2023,"education_rnk",30.1913
"24005402506","tract",2023,"education_rnk",36.1758
"24005402510","tract",2023,"education_rnk",32.4218
"24005402511","tract",2023,"education_rnk",27.7216
"24005402602","tract",2023,"education_rnk",37.509
"24005402603","tract",2023,"education_rnk",29.775
"24005402604","tract",2023,"education_rnk",49.0899
"24005403100","tract",2023,"education_rnk",39.8713
"24005403201","tract",2023,"education_rnk",41.2142
"24005403202","tract",2023,"education_rnk",30.6625
"24005403300","tract",2023,"education_rnk",12.1949
"24005403401","tract",2023,"education_rnk",11.8238
"24005403402","tract",2023,"education_rnk",67.9994
"24005403500","tract",2023,"education_rnk",17.0795
"24005403601","tract",2023,"education_rnk",14.9284
"24005403602","tract",2023,"education_rnk",24.5535
"24005403702","tract",2023,"education_rnk",15.573
"24005403703","tract",2023,"education_rnk",3.5246
"24005403704","tract",2023,"education_rnk",20.0779
"24005403801","tract",2023,"education_rnk",1.5749
"24005403802","tract",2023,"education_rnk",7.4679
"24005403803","tract",2023,"education_rnk",9.8131
"24005404101","tract",2023,"education_rnk",10.2025
"24005404102","tract",2023,"education_rnk",11.5455
"24005404201","tract",2023,"education_rnk",32.705
"24005404202","tract",2023,"education_rnk",84.9263
"24005404402","tract",2023,"education_rnk",15.5583
"24005404403","tract",2023,"education_rnk",47.83
"24005404404","tract",2023,"education_rnk",29.6407
"24005404501","tract",2023,"education_rnk",62.4409
"24005404502","tract",2023,"education_rnk",66.8372
"24005404600","tract",2023,"education_rnk",12.8701
"24005404800","tract",2023,"education_rnk",14.8075
"24005404900","tract",2023,"education_rnk",5.5695
"24005405000","tract",2023,"education_rnk",18.575
"24005406000","tract",2023,"education_rnk",9.7813
"24005407001","tract",2023,"education_rnk",13.3572
"24005407002","tract",2023,"education_rnk",14.788
"24005408100","tract",2023,"education_rnk",8.1955
"24005408200","tract",2023,"education_rnk",1.3429
"24005408302","tract",2023,"education_rnk",12.3146
"24005408303","tract",2023,"education_rnk",2.8543
"24005408304","tract",2023,"education_rnk",6.1005
"24005408400","tract",2023,"education_rnk",2.7054
"24005408502","tract",2023,"education_rnk",16.0345
"24005408503","tract",2023,"education_rnk",29.5943
"24005408505","tract",2023,"education_rnk",10.4137
"24005408506","tract",2023,"education_rnk",53.983
"24005408507","tract",2023,"education_rnk",41.1703
"24005408601","tract",2023,"education_rnk",16.8732
"24005408602","tract",2023,"education_rnk",12.1022
"24005408702","tract",2023,"education_rnk",5.9552
"24005408703","tract",2023,"education_rnk",9.2259
"24005408704","tract",2023,"education_rnk",9.0183
"24005408800","tract",2023,"education_rnk",4.3669
"24005408900","tract",2023,"education_rnk",3.7919
"24005410100","tract",2023,"education_rnk",5.8344
"24005410200","tract",2023,"education_rnk",5.9858
"24005411101","tract",2023,"education_rnk",13.1069
"24005411102","tract",2023,"education_rnk",14.6354
"24005411201","tract",2023,"education_rnk",18.6678
"24005411202","tract",2023,"education_rnk",17.154
"24005411302","tract",2023,"education_rnk",36.7277
"24005411303","tract",2023,"education_rnk",33.3801
"24005411306","tract",2023,"education_rnk",49.3975
"24005411307","tract",2023,"education_rnk",41.0836
"24005411308","tract",2023,"education_rnk",32.1129
"24005411309","tract",2023,"education_rnk",14.3119
"24005411404","tract",2023,"education_rnk",51.7354
"24005411406","tract",2023,"education_rnk",27.3919
"24005411408","tract",2023,"education_rnk",35.6643
"24005411409","tract",2023,"education_rnk",23.5426
"24005411410","tract",2023,"education_rnk",47.7775
"24005411411","tract",2023,"education_rnk",13.4097
"24005411412","tract",2023,"education_rnk",53.6253
"24005411413","tract",2023,"education_rnk",32.5304
"24005420100","tract",2023,"education_rnk",56.9594
"24005420200","tract",2023,"education_rnk",48.8127
"24005420301","tract",2023,"education_rnk",52.6498
"24005420302","tract",2023,"education_rnk",74.8239
"24005420303","tract",2023,"education_rnk",74.2953
"24005420401","tract",2023,"education_rnk",83.6713
"24005420402","tract",2023,"education_rnk",75.7993
"24005420500","tract",2023,"education_rnk",85.6393
"24005420600","tract",2023,"education_rnk",86.9639
"24005420701","tract",2023,"education_rnk",85.5673
"24005420702","tract",2023,"education_rnk",84.4758
"24005420800","tract",2023,"education_rnk",35.9353
"24005420900","tract",2023,"education_rnk",83.6945
"24005421000","tract",2023,"education_rnk",93.0754
"24005421101","tract",2023,"education_rnk",74.9387
"24005421102","tract",2023,"education_rnk",81.4994
"24005421200","tract",2023,"education_rnk",43.3239
"24005430101","tract",2023,"education_rnk",94.925
"24005430104","tract",2023,"education_rnk",87.3912
"24005430200","tract",2023,"education_rnk",86.6489
"24005430300","tract",2023,"education_rnk",77.2973
"24005430400","tract",2023,"education_rnk",49.1961
"24005430600","tract",2023,"education_rnk",15.4607
"24005430700","tract",2023,"education_rnk",31.4854
"24005430800","tract",2023,"education_rnk",39.9995
"24005430900","tract",2023,"education_rnk",13.8943
"24005440100","tract",2023,"education_rnk",47.83
"24005440200","tract",2023,"education_rnk",44.5581
"24005440300","tract",2023,"education_rnk",32.5707
"24005440400","tract",2023,"education_rnk",45.1441
"24005440500","tract",2023,"education_rnk",31.3755
"24005440600","tract",2023,"education_rnk",10.4772
"24005440701","tract",2023,"education_rnk",14.7599
"24005440702","tract",2023,"education_rnk",27.4603
"24005440800","tract",2023,"education_rnk",23.3094
"24005440900","tract",2023,"education_rnk",49.1509
"24005441000","tract",2023,"education_rnk",48.2292
"24005441101","tract",2023,"education_rnk",41.3424
"24005441102","tract",2023,"education_rnk",55.3894
"24005450100","tract",2023,"education_rnk",48.427
"24005450200","tract",2023,"education_rnk",51.0139
"24005450300","tract",2023,"education_rnk",68.2094
"24005450400","tract",2023,"education_rnk",67.8773
"24005450501","tract",2023,"education_rnk",78.4473
"24005450503","tract",2023,"education_rnk",88.811
"24005450504","tract",2023,"education_rnk",76.5086
"24005450800","tract",2023,"education_rnk",53.1748
"24005450900","tract",2023,"education_rnk",55.1293
"24005451000","tract",2023,"education_rnk",21.2011
"24005451100","tract",2023,"education_rnk",42.5279
"24005451200","tract",2023,"education_rnk",46.8777
"24005451300","tract",2023,"education_rnk",73.188
"24005451401","tract",2023,"education_rnk",40.8114
"24005451402","tract",2023,"education_rnk",70.4765
"24005451500","tract",2023,"education_rnk",91.26
"24005451600","tract",2023,"education_rnk",21.6308
"24005451701","tract",2023,"education_rnk",12.2303
"24005451702","tract",2023,"education_rnk",11.2305
"24005451801","tract",2023,"education_rnk",85.3597
"24005451802","tract",2023,"education_rnk",37.8679
"24005451803","tract",2023,"education_rnk",41.191
"24005451900","tract",2023,"education_rnk",31.0703
"24005452000","tract",2023,"education_rnk",21.6625
"24005452100","tract",2023,"education_rnk",49.7662
"24005452300","tract",2023,"education_rnk",95.5171
"24005452400","tract",2023,"education_rnk",31.356
"24005452500","tract",2023,"education_rnk",89.419
"24005490100","tract",2023,"education_rnk",4.9346
"24005490200","tract",2023,"education_rnk",54.3041
"24005490302","tract",2023,"education_rnk",17.6155
"24005490303","tract",2023,"education_rnk",41.3144
"24005490304","tract",2023,"education_rnk",10.1207
"24005490400","tract",2023,"education_rnk",5.1605
"24005490500","tract",2023,"education_rnk",2.3526
"24005490601","tract",2023,"education_rnk",7.0467
"24005490602","tract",2023,"education_rnk",5.9736
"24005490603","tract",2023,"education_rnk",7.2762
"24005490605","tract",2023,"education_rnk",NA
"24005490701","tract",2023,"education_rnk",3.3219
"24005490703","tract",2023,"education_rnk",4.8882
"24005490800","tract",2023,"education_rnk",31.2266
"24005490900","tract",2023,"education_rnk",26.6521
"24005491000","tract",2023,"education_rnk",4.7039
"24005491100","tract",2023,"education_rnk",9.3492
"24005491201","tract",2023,"education_rnk",13.1069
"24005491202","tract",2023,"education_rnk",26.8462
"24005491300","tract",2023,"education_rnk",21.9201
"24005491401","tract",2023,"education_rnk",36.6849
"24005491402","tract",2023,"education_rnk",34.557
"24005491500","tract",2023,"education_rnk",31.2754
"24005491600","tract",2023,"education_rnk",48.0241
"24005491701","tract",2023,"education_rnk",30.5783
"24005491900","tract",2023,"education_rnk",58.7223
"24005492001","tract",2023,"education_rnk",23.0091
"24005492002","tract",2023,"education_rnk",22.0276
"24005492101","tract",2023,"education_rnk",29.5028
"24005492102","tract",2023,"education_rnk",26.8462
"24005492200","tract",2023,"education_rnk",13.5684
"24005492300","tract",2023,"education_rnk",59.213
"24005492401","tract",2023,"education_rnk",61.8415
"24005492402","tract",2023,"education_rnk",11.4466
"24005492500","tract",2023,"education_rnk",NA
"24005492600","tract",2023,"education_rnk",21.0717
"24005492700","tract",2023,"education_rnk",35.2273
"24005980100","tract",2023,"education_rnk",NA
"24005980200","tract",2023,"education_rnk",NA
"24009860103","tract",2023,"education_rnk",27.84
"24009860200","tract",2023,"education_rnk",14.9125
"24009860300","tract",2023,"education_rnk",17.6741
"24009860402","tract",2023,"education_rnk",40.1887
"24009860403","tract",2023,"education_rnk",36.7277
"24009860404","tract",2023,"education_rnk",45.3993
"24009860501","tract",2023,"education_rnk",17.0685
"24009860502","tract",2023,"education_rnk",39.0534
"24009860600","tract",2023,"education_rnk",42.5279
"24009860701","tract",2023,"education_rnk",39.184
"24009860702","tract",2023,"education_rnk",15.9808
"24009860703","tract",2023,"education_rnk",36.0391
"24009860801","tract",2023,"education_rnk",15.4375
"24009860901","tract",2023,"education_rnk",3.9836
"24009860902","tract",2023,"education_rnk",48.1388
"24009861003","tract",2023,"education_rnk",21.4794
"24009861004","tract",2023,"education_rnk",39.1315
"24009861100","tract",2023,"education_rnk",15.8672
"24009990100","tract",2023,"education_rnk",NA
"24011955000","tract",2023,"education_rnk",97.6291
"24011955100","tract",2023,"education_rnk",77.8345
"24011955201","tract",2023,"education_rnk",73.6055
"24011955202","tract",2023,"education_rnk",32.9333
"24011955301","tract",2023,"education_rnk",71.7767
"24011955302","tract",2023,"education_rnk",89.336
"24011955400","tract",2023,"education_rnk",35.3628
"24011955500","tract",2023,"education_rnk",50.3766
"24011955600","tract",2023,"education_rnk",85.8969
"24013501001","tract",2023,"education_rnk",57.5759
"24013501002","tract",2023,"education_rnk",28.3222
"24013502000","tract",2023,"education_rnk",42.0676
"24013503000","tract",2023,"education_rnk",43.0247
"24013504100","tract",2023,"education_rnk",20.3977
"24013504201","tract",2023,"education_rnk",15.0224
"24013504202","tract",2023,"education_rnk",55.4871
"24013505101","tract",2023,"education_rnk",18.4102
"24013505102","tract",2023,"education_rnk",21.1071
"24013505203","tract",2023,"education_rnk",15.949
"24013505205","tract",2023,"education_rnk",18.0672
"24013505206","tract",2023,"education_rnk",17.2797
"24013505207","tract",2023,"education_rnk",26.3115
"24013505208","tract",2023,"education_rnk",15.6365
"24013506101","tract",2023,"education_rnk",24.2959
"24013506102","tract",2023,"education_rnk",30.8713
"24013506200","tract",2023,"education_rnk",31.4024
"24013507500","tract",2023,"education_rnk",50.528
"24013507601","tract",2023,"education_rnk",41.4755
"24013507602","tract",2023,"education_rnk",27.7216
"24013507702","tract",2023,"education_rnk",25.1187
"24013507703","tract",2023,"education_rnk",18.2381
"24013507704","tract",2023,"education_rnk",26.1564
"24013507801","tract",2023,"education_rnk",47.1658
"24013507802","tract",2023,"education_rnk",28.6555
"24013508103","tract",2023,"education_rnk",28.4956
"24013508200","tract",2023,"education_rnk",38.3734
"24013509001","tract",2023,"education_rnk",31.649
"24013509002","tract",2023,"education_rnk",10.0988
"24013510000","tract",2023,"education_rnk",74.8691
"24013511000","tract",2023,"education_rnk",21.5807
"24013512000","tract",2023,"education_rnk",63.2992
"24013513001","tract",2023,"education_rnk",20.3977
"24013513002","tract",2023,"education_rnk",20.919
"24013514100","tract",2023,"education_rnk",19.2868
"24013514201","tract",2023,"education_rnk",35.4446
"24013514202","tract",2023,"education_rnk",13.8333
"24015030100","tract",2023,"education_rnk",30.0949
"24015030200","tract",2023,"education_rnk",47.9032
"24015030400","tract",2023,"education_rnk",85.7016
"24015030501","tract",2023,"education_rnk",49.0679
"24015030503","tract",2023,"education_rnk",49.1375
"24015030505","tract",2023,"education_rnk",49.3389
"24015030507","tract",2023,"education_rnk",56.2818
"24015030508","tract",2023,"education_rnk",52.5522
"24015030601","tract",2023,"education_rnk",58.6563
"24015030602","tract",2023,"education_rnk",26.1564
"24015030700","tract",2023,"education_rnk",54.8949
"24015030903","tract",2023,"education_rnk",44.6814
"24015030904","tract",2023,"education_rnk",15.1897
"24015030905","tract",2023,"education_rnk",35.53
"24015030907","tract",2023,"education_rnk",16.9452
"24015030908","tract",2023,"education_rnk",48.5966
"24015031201","tract",2023,"education_rnk",46.4785
"24015031202","tract",2023,"education_rnk",39.6442
"24015031301","tract",2023,"education_rnk",50.4133
"24015031302","tract",2023,"education_rnk",49.2107
"24015031400","tract",2023,"education_rnk",42.8673
"24017850101","tract",2023,"education_rnk",40.4476
"24017850102","tract",2023,"education_rnk",40.5513
"24017850201","tract",2023,"education_rnk",81.8498
"24017850202","tract",2023,"education_rnk",37.2905
"24017850300","tract",2023,"education_rnk",46.4199
"24017850400","tract",2023,"education_rnk",44.7156
"24017850500","tract",2023,"education_rnk",32.9846
"24017850600","tract",2023,"education_rnk",36.1758
"24017850706","tract",2023,"education_rnk",24.363
"24017850708","tract",2023,"education_rnk",22.1118
"24017850709","tract",2023,"education_rnk",22.9737
"24017850710","tract",2023,"education_rnk",35.2529
"24017850711","tract",2023,"education_rnk",46.5469
"24017850712","tract",2023,"education_rnk",24.1433
"24017850713","tract",2023,"education_rnk",35.9353
"24017850801","tract",2023,"education_rnk",82.6849
"24017850802","tract",2023,"education_rnk",47.4637
"24017850901","tract",2023,"education_rnk",69.6768
"24017850902","tract",2023,"education_rnk",33.3582
"24017850904","tract",2023,"education_rnk",19.6128
"24017850905","tract",2023,"education_rnk",16.0345
"24017850906","tract",2023,"education_rnk",57.8262
"24017851001","tract",2023,"education_rnk",28.9705
"24017851003","tract",2023,"education_rnk",30.9995
"24017851004","tract",2023,"education_rnk",47.725
"24017851100","tract",2023,"education_rnk",4.837
"24017851200","tract",2023,"education_rnk",59.1251
"24017851301","tract",2023,"education_rnk",65.4686
"24017851302","tract",2023,"education_rnk",42.8441
"24017851401","tract",2023,"education_rnk",24.269
"24017851402","tract",2023,"education_rnk",13.0654
"24017851403","tract",2023,"education_rnk",29.2073
"24017851501","tract",2023,"education_rnk",23.075
"24017851502","tract",2023,"education_rnk",32.9541
"24017990000","tract",2023,"education_rnk",NA
"24019970100","tract",2023,"education_rnk",68.3815
"24019970200","tract",2023,"education_rnk",83.2648
"24019970300","tract",2023,"education_rnk",77.9383
"24019970400","tract",2023,"education_rnk",59.7014
"24019970500","tract",2023,"education_rnk",91.2539
"24019970600","tract",2023,"education_rnk",66.3904
"24019970702","tract",2023,"education_rnk",32.6843
"24019970804","tract",2023,"education_rnk",25.9721
"24019970900","tract",2023,"education_rnk",74.9094
"24019990000","tract",2023,"education_rnk",NA
"24021740200","tract",2023,"education_rnk",21.2157
"24021750100","tract",2023,"education_rnk",8.4958
"24021750200","tract",2023,"education_rnk",7.159
"24021750300","tract",2023,"education_rnk",18.0672
"24021750504","tract",2023,"education_rnk",28.2038
"24021750505","tract",2023,"education_rnk",83.2184
"24021750506","tract",2023,"education_rnk",79.9856
"24021750507","tract",2023,"education_rnk",95.3034
"24021750508","tract",2023,"education_rnk",85.0679
"24021750600","tract",2023,"education_rnk",27.2112
"24021750701","tract",2023,"education_rnk",71.6509
"24021750702","tract",2023,"education_rnk",70.872
"24021750801","tract",2023,"education_rnk",27.3565
"24021750802","tract",2023,"education_rnk",4.218
"24021750804","tract",2023,"education_rnk",19.6921
"24021750805","tract",2023,"education_rnk",8.5092
"24021751001","tract",2023,"education_rnk",27.0086
"24021751002","tract",2023,"education_rnk",20.4429
"24021751003","tract",2023,"education_rnk",33.6194
"24021751004","tract",2023,"education_rnk",20.9435
"24021751201","tract",2023,"education_rnk",13.4793
"24021751202","tract",2023,"education_rnk",22.0654
"24021751203","tract",2023,"education_rnk",11.7261
"24021751301","tract",2023,"education_rnk",18.6251
"24021751302","tract",2023,"education_rnk",57.5576
"24021751600","tract",2023,"education_rnk",31.6746
"24021751701","tract",2023,"education_rnk",61.4081
"24021751702","tract",2023,"education_rnk",19.8899
"24021751801","tract",2023,"education_rnk",20.4258
"24021751802","tract",2023,"education_rnk",7.452
"24021751902","tract",2023,"education_rnk",15.7451
"24021751903","tract",2023,"education_rnk",19.3576
"24021751904","tract",2023,"education_rnk",22.135
"24021751905","tract",2023,"education_rnk",11.4466
"24021751906","tract",2023,"education_rnk",25.0223
"24021752001","tract",2023,"education_rnk",20.2134
"24021752101","tract",2023,"education_rnk",19.1464
"24021752102","tract",2023,"education_rnk",17.635
"24021752201","tract",2023,"education_rnk",23.8051
"24021752202","tract",2023,"education_rnk",24.363
"24021752205","tract",2023,"education_rnk",16.7865
"24021752206","tract",2023,"education_rnk",24.5169
"24021752301","tract",2023,"education_rnk",21.9201
"24021752302","tract",2023,"education_rnk",12.9909
"24021752303","tract",2023,"education_rnk",14.6806
"24021752501","tract",2023,"education_rnk",41.7966
"24021752502","tract",2023,"education_rnk",6.5547
"24021752601","tract",2023,"education_rnk",18.8864
"24021752602","tract",2023,"education_rnk",28.1635
"24021752603","tract",2023,"education_rnk",25.7707
"24021752801","tract",2023,"education_rnk",36.1758
"24021752802","tract",2023,"education_rnk",31.9249
"24021752900","tract",2023,"education_rnk",26.7412
"24021753001","tract",2023,"education_rnk",33.9393
"24021753002","tract",2023,"education_rnk",62.9085
"24021765100","tract",2023,"education_rnk",75.0913
"24021766800","tract",2023,"education_rnk",NA
"24021767500","tract",2023,"education_rnk",54.2357
"24021767600","tract",2023,"education_rnk",52.5522
"24021770700","tract",2023,"education_rnk",13.7185
"24021772200","tract",2023,"education_rnk",28.0951
"24021773500","tract",2023,"education_rnk",51.6548
"24021775302","tract",2023,"education_rnk",26.0527
"24021775400","tract",2023,"education_rnk",41.3424
"24021775600","tract",2023,"education_rnk",20.4759
"24023000100","tract",2023,"education_rnk",54.9645
"24023000200","tract",2023,"education_rnk",56.692
"24023000300","tract",2023,"education_rnk",46.2795
"24023000400","tract",2023,"education_rnk",73.1477
"24023000501","tract",2023,"education_rnk",6.3984
"24023000502","tract",2023,"education_rnk",32.4047
"24023000601","tract",2023,"education_rnk",46.7898
"24023000602","tract",2023,"education_rnk",26.9585
"24023000700","tract",2023,"education_rnk",67.8065
"24025301102","tract",2023,"education_rnk",37.0646
"24025301105","tract",2023,"education_rnk",22.9273
"24025301106","tract",2023,"education_rnk",35.7864
"24025301107","tract",2023,"education_rnk",28.0951
"24025301108","tract",2023,"education_rnk",7.1334
"24025301201","tract",2023,"education_rnk",26.4897
"24025301202","tract",2023,"education_rnk",19.9192
"24025301204","tract",2023,"education_rnk",18.2723
"24025301205","tract",2023,"education_rnk",14.1629
"24025301301","tract",2023,"education_rnk",33.9161
"24025301302","tract",2023,"education_rnk",75.0143
"24025301401","tract",2023,"education_rnk",23.7734
"24025301402","tract",2023,"education_rnk",23.3094
"24025301601","tract",2023,"education_rnk",28.2514
"24025301602","tract",2023,"education_rnk",21.9812
"24025301703","tract",2023,"education_rnk",14.5451
"24025301704","tract",2023,"education_rnk",18.6251
"24025301705","tract",2023,"education_rnk",16.7084
"24025301706","tract",2023,"education_rnk",11.3623
"24025301707","tract",2023,"education_rnk",18.8864
"24025302100","tract",2023,"education_rnk",9.6947
"24025302200","tract",2023,"education_rnk",22.7308
"24025302400","tract",2023,"education_rnk",37.0842
"24025302801","tract",2023,"education_rnk",47.3074
"24025302802","tract",2023,"education_rnk",59.1251
"24025302901","tract",2023,"education_rnk",51.9051
"24025302902","tract",2023,"education_rnk",55.2917
"24025303101","tract",2023,"education_rnk",29.6187
"24025303102","tract",2023,"education_rnk",21.6198
"24025303201","tract",2023,"education_rnk",23.4132
"24025303203","tract",2023,"education_rnk",24.9649
"24025303204","tract",2023,"education_rnk",38.2757
"24025303205","tract",2023,"education_rnk",31.6295
"24025303206","tract",2023,"education_rnk",27.0879
"24025303300","tract",2023,"education_rnk",6.2116
"24025303400","tract",2023,"education_rnk",9.6764
"24025303501","tract",2023,"education_rnk",23.7294
"24025303502","tract",2023,"education_rnk",15.4167
"24025303602","tract",2023,"education_rnk",17.2211
"24025303603","tract",2023,"education_rnk",31.8382
"24025303605","tract",2023,"education_rnk",37.0646
"24025303606","tract",2023,"education_rnk",13.7881
"24025303700","tract",2023,"education_rnk",18.4688
"24025303801","tract",2023,"education_rnk",42.3569
"24025303802","tract",2023,"education_rnk",17.8963
"24025303803","tract",2023,"education_rnk",56.4784
"24025303900","tract",2023,"education_rnk",33.8111
"24025304101","tract",2023,"education_rnk",28.3784
"24025304102","tract",2023,"education_rnk",25.6156
"24025304201","tract",2023,"education_rnk",22.8626
"24025304202","tract",2023,"education_rnk",10.4137
"24025305100","tract",2023,"education_rnk",33.8416
"24025305200","tract",2023,"education_rnk",59.3718
"24025305300","tract",2023,"education_rnk",68.7197
"24025306100","tract",2023,"education_rnk",45.4957
"24025306200","tract",2023,"education_rnk",14.0006
"24025306300","tract",2023,"education_rnk",28.5578
"24025306400","tract",2023,"education_rnk",22.5965
"24025306500","tract",2023,"education_rnk",35.6094
"24027601103","tract",2023,"education_rnk",4.8663
"24027601104","tract",2023,"education_rnk",18.3309
"24027601105","tract",2023,"education_rnk",7.607
"24027601107","tract",2023,"education_rnk",57.7151
"24027601108","tract",2023,"education_rnk",29.3501
"24027601203","tract",2023,"education_rnk",15.9808
"24027601204","tract",2023,"education_rnk",28.5395
"24027601205","tract",2023,"education_rnk",34.557
"24027601206","tract",2023,"education_rnk",47.0035
"24027602100","tract",2023,"education_rnk",8.3542
"24027602201","tract",2023,"education_rnk",13.9652
"24027602202","tract",2023,"education_rnk",15.6487
"24027602302","tract",2023,"education_rnk",45.6959
"24027602303","tract",2023,"education_rnk",8.1027
"24027602304","tract",2023,"education_rnk",7.3873
"24027602305","tract",2023,"education_rnk",14.9284
"24027602306","tract",2023,"education_rnk",5.9797
"24027602600","tract",2023,"education_rnk",42.5279
"24027602700","tract",2023,"education_rnk",12.7053
"24027602800","tract",2023,"education_rnk",32.8137
"24027602900","tract",2023,"education_rnk",4.0324
"24027603001","tract",2023,"education_rnk",12.7187
"24027603003","tract",2023,"education_rnk",7.7279
"24027603004","tract",2023,"education_rnk",4.6551
"24027604001","tract",2023,"education_rnk",26.1186
"24027604003","tract",2023,"education_rnk",15.7928
"24027604004","tract",2023,"education_rnk",14.285
"24027605103","tract",2023,"education_rnk",4.0153
"24027605104","tract",2023,"education_rnk",16.1834
"24027605105","tract",2023,"education_rnk",3.9299
"24027605106","tract",2023,"education_rnk",14.788
"24027605401","tract",2023,"education_rnk",18.0476
"24027605403","tract",2023,"education_rnk",9.7301
"24027605404","tract",2023,"education_rnk",0.7777
"24027605502","tract",2023,"education_rnk",9.2478
"24027605503","tract",2023,"education_rnk",17.8315
"24027605504","tract",2023,"education_rnk",8.1955
"24027605505","tract",2023,"education_rnk",7.8451
"24027605601","tract",2023,"education_rnk",27.0635
"24027605602","tract",2023,"education_rnk",17.8047
"24027606601","tract",2023,"education_rnk",6.0053
"24027606603","tract",2023,"education_rnk",45.9487
"24027606604","tract",2023,"education_rnk",38.1915
"24027606606","tract",2023,"education_rnk",43.4545
"24027606607","tract",2023,"education_rnk",7.7621
"24027606701","tract",2023,"education_rnk",4.5647
"24027606704","tract",2023,"education_rnk",17.3029
"24027606706","tract",2023,"education_rnk",7.0467
"24027606708","tract",2023,"education_rnk",5.1324
"24027606803","tract",2023,"education_rnk",8.248
"24027606804","tract",2023,"education_rnk",4.4182
"24027606805","tract",2023,"education_rnk",10.3258
"24027606807","tract",2023,"education_rnk",3.3182
"24027606808","tract",2023,"education_rnk",21.7065
"24027606901","tract",2023,"education_rnk",64.6165
"24027606904","tract",2023,"education_rnk",22.5525
"24027606905","tract",2023,"education_rnk",8.8291
"24027606906","tract",2023,"education_rnk",39.9458
"24027606907","tract",2023,"education_rnk",61.6376
"24029950100","tract",2023,"education_rnk",60.147
"24029950200","tract",2023,"education_rnk",26.6081
"24029950300","tract",2023,"education_rnk",51.921
"24029950400","tract",2023,"education_rnk",3.7016
"24029950500","tract",2023,"education_rnk",21.8457
"24029990000","tract",2023,"education_rnk",NA
"24031700101","tract",2023,"education_rnk",8.4873
"24031700103","tract",2023,"education_rnk",22.135
"24031700104","tract",2023,"education_rnk",33.888
"24031700105","tract",2023,"education_rnk",34.2054
"24031700204","tract",2023,"education_rnk",34.5375
"24031700206","tract",2023,"education_rnk",45.0001
"24031700207","tract",2023,"education_rnk",41.6782
"24031700208","tract",2023,"education_rnk",41.4486
"24031700209","tract",2023,"education_rnk",8.3017
"24031700210","tract",2023,"education_rnk",10.5065
"24031700306","tract",2023,"education_rnk",25.9965
"24031700308","tract",2023,"education_rnk",24.1433
"24031700309","tract",2023,"education_rnk",18.7423
"24031700310","tract",2023,"education_rnk",37.3234
"24031700313","tract",2023,"education_rnk",37.1196
"24031700314","tract",2023,"education_rnk",7.9306
"24031700315","tract",2023,"education_rnk",46.5713
"24031700316","tract",2023,"education_rnk",18.9852
"24031700317","tract",2023,"education_rnk",12.2694
"24031700318","tract",2023,"education_rnk",23.9223
"24031700400","tract",2023,"education_rnk",16.3971
"24031700500","tract",2023,"education_rnk",11.3062
"24031700604","tract",2023,"education_rnk",14.8832
"24031700606","tract",2023,"education_rnk",16.7499
"24031700608","tract",2023,"education_rnk",10.7153
"24031700610","tract",2023,"education_rnk",15.4009
"24031700611","tract",2023,"education_rnk",17.4763
"24031700613","tract",2023,"education_rnk",18.7728
"24031700614","tract",2023,"education_rnk",50.8076
"24031700615","tract",2023,"education_rnk",10.0463
"24031700616","tract",2023,"education_rnk",10.2367
"24031700617","tract",2023,"education_rnk",16.6949
"24031700618","tract",2023,"education_rnk",5.4083
"24031700706","tract",2023,"education_rnk",41.0348
"24031700710","tract",2023,"education_rnk",80.4141
"24031700711","tract",2023,"education_rnk",29.4429
"24031700713","tract",2023,"education_rnk",89.4898
"24031700715","tract",2023,"education_rnk",84.4136
"24031700718","tract",2023,"education_rnk",3.8676
"24031700720","tract",2023,"education_rnk",63.5385
"24031700721","tract",2023,"education_rnk",26.2834
"24031700723","tract",2023,"education_rnk",14.2667
"24031700724","tract",2023,"education_rnk",89.6192
"24031700725","tract",2023,"education_rnk",95.5488
"24031700726","tract",2023,"education_rnk",62.7962
"24031700727","tract",2023,"education_rnk",90.2675
"24031700728","tract",2023,"education_rnk",23.9052
"24031700729","tract",2023,"education_rnk",39.3696
"24031700730","tract",2023,"education_rnk",31.0447
"24031700731","tract",2023,"education_rnk",85.5148
"24031700732","tract",2023,"education_rnk",96.4388
"24031700733","tract",2023,"education_rnk",46.8777
"24031700810","tract",2023,"education_rnk",34.7768
"24031700811","tract",2023,"education_rnk",80.6864
"24031700812","tract",2023,"education_rnk",76.5428
"24031700813","tract",2023,"education_rnk",35.5752
"24031700815","tract",2023,"education_rnk",74.4699
"24031700818","tract",2023,"education_rnk",63.9084
"24031700819","tract",2023,"education_rnk",42.9552
"24031700820","tract",2023,"education_rnk",66.8872
"24031700822","tract",2023,"education_rnk",71.5179
"24031700823","tract",2023,"education_rnk",24.0712
"24031700824","tract",2023,"education_rnk",3.6454
"24031700826","tract",2023,"education_rnk",2.1658
"24031700828","tract",2023,"education_rnk",7.2652
"24031700829","tract",2023,"education_rnk",2.9483
"24031700830","tract",2023,"education_rnk",22.6563
"24031700832","tract",2023,"education_rnk",84.2842
"24031700833","tract",2023,"education_rnk",87.8746
"24031700834","tract",2023,"education_rnk",53.751
"24031700835","tract",2023,"education_rnk",20.0596
"24031700836","tract",2023,"education_rnk",12.3939
"24031700837","tract",2023,"education_rnk",15.0078
"24031700838","tract",2023,"education_rnk",5.1446
"24031700839","tract",2023,"education_rnk",7.2603
"24031700901","tract",2023,"education_rnk",1.8227
"24031700902","tract",2023,"education_rnk",52.1432
"24031700903","tract",2023,"education_rnk",80.1736
"24031700904","tract",2023,"education_rnk",38.9032
"24031700905","tract",2023,"education_rnk",31.3755
"24031701001","tract",2023,"education_rnk",17.1161
"24031701002","tract",2023,"education_rnk",5.9552
"24031701004","tract",2023,"education_rnk",30.372
"24031701005","tract",2023,"education_rnk",23.5036
"24031701006","tract",2023,"education_rnk",25.1187
"24031701007","tract",2023,"education_rnk",9.2759
"24031701101","tract",2023,"education_rnk",29.5308
"24031701102","tract",2023,"education_rnk",33.4949
"24031701201","tract",2023,"education_rnk",44.2151
"24031701202","tract",2023,"education_rnk",2.9556
"24031701205","tract",2023,"education_rnk",14.9772
"24031701206","tract",2023,"education_rnk",12.3744
"24031701210","tract",2023,"education_rnk",5.318
"24031701211","tract",2023,"education_rnk",13.461
"24031701212","tract",2023,"education_rnk",6.6719
"24031701214","tract",2023,"education_rnk",4.3132
"24031701215","tract",2023,"education_rnk",2.7835
"24031701216","tract",2023,"education_rnk",1.5822
"24031701218","tract",2023,"education_rnk",3.798
"24031701219","tract",2023,"education_rnk",67.0118
"24031701220","tract",2023,"education_rnk",4.2461
"24031701221","tract",2023,"education_rnk",10.4772
"24031701222","tract",2023,"education_rnk",1.3161
"24031701223","tract",2023,"education_rnk",3.2609
"24031701303","tract",2023,"education_rnk",2.7908
"24031701304","tract",2023,"education_rnk",28.4003
"24031701306","tract",2023,"education_rnk",2.8775
"24031701307","tract",2023,"education_rnk",13.0544
"24031701308","tract",2023,"education_rnk",12.2218
"24031701312","tract",2023,"education_rnk",32.4792
"24031701313","tract",2023,"education_rnk",31.8382
"24031701314","tract",2023,"education_rnk",10.3588
"24031701315","tract",2023,"education_rnk",14.5451
"24031701316","tract",2023,"education_rnk",29.8739
"24031701317","tract",2023,"education_rnk",10.8532
"24031701407","tract",2023,"education_rnk",11.5271
"24031701408","tract",2023,"education_rnk",33.0102
"24031701409","tract",2023,"education_rnk",8.591
"24031701414","tract",2023,"education_rnk",20.305
"24031701415","tract",2023,"education_rnk",41.1312
"24031701417","tract",2023,"education_rnk",43.485
"24031701418","tract",2023,"education_rnk",48.6992
"24031701422","tract",2023,"education_rnk",57.4929
"24031701423","tract",2023,"education_rnk",41.4023
"24031701424","tract",2023,"education_rnk",65.5419
"24031701425","tract",2023,"education_rnk",16.1651
"24031701426","tract",2023,"education_rnk",52.2115
"24031701427","tract",2023,"education_rnk",37.1513
"24031701503","tract",2023,"education_rnk",65.0792
"24031701505","tract",2023,"education_rnk",56.2171
"24031701506","tract",2023,"education_rnk",16.8402
"24031701507","tract",2023,"education_rnk",8.8291
"24031701508","tract",2023,"education_rnk",59.7795
"24031701509","tract",2023,"education_rnk",69.4424
"24031701601","tract",2023,"education_rnk",78.4156
"24031701602","tract",2023,"education_rnk",98.1468
"24031701701","tract",2023,"education_rnk",10.1207
"24031701702","tract",2023,"education_rnk",66.604
"24031701703","tract",2023,"education_rnk",34.4117
"24031701704","tract",2023,"education_rnk",18.807
"24031701800","tract",2023,"education_rnk",20.0022
"24031701900","tract",2023,"education_rnk",94.2669
"24031702000","tract",2023,"education_rnk",99.3603
"24031702101","tract",2023,"education_rnk",87.4791
"24031702102","tract",2023,"education_rnk",5.2081
"24031702200","tract",2023,"education_rnk",14.1629
"24031702301","tract",2023,"education_rnk",83.6945
"24031702302","tract",2023,"education_rnk",28.3222
"24031702401","tract",2023,"education_rnk",9.387
"24031702402","tract",2023,"education_rnk",13.8943
"24031702501","tract",2023,"education_rnk",1.7849
"24031702502","tract",2023,"education_rnk",12.35
"24031702503","tract",2023,"education_rnk",1.675
"24031702602","tract",2023,"education_rnk",23.9528
"24031702603","tract",2023,"education_rnk",2.6663
"24031702604","tract",2023,"education_rnk",5.318
"24031702700","tract",2023,"education_rnk",51.6548
"24031702800","tract",2023,"education_rnk",2.1975
"24031702900","tract",2023,"education_rnk",3.7394
"24031703000","tract",2023,"education_rnk",5.5841
"24031703100","tract",2023,"education_rnk",35.3823
"24031703201","tract",2023,"education_rnk",47.5223
"24031703202","tract",2023,"education_rnk",12.0765
"24031703206","tract",2023,"education_rnk",12.411
"24031703207","tract",2023,"education_rnk",84.5686
"24031703208","tract",2023,"education_rnk",13.2436
"24031703209","tract",2023,"education_rnk",21.1327
"24031703210","tract",2023,"education_rnk",10.8191
"24031703213","tract",2023,"education_rnk",86.6917
"24031703214","tract",2023,"education_rnk",77.8711
"24031703215","tract",2023,"education_rnk",85.4073
"24031703216","tract",2023,"education_rnk",18.4383
"24031703218","tract",2023,"education_rnk",2.0657
"24031703219","tract",2023,"education_rnk",0.7813
"24031703220","tract",2023,"education_rnk",49.1204
"24031703221","tract",2023,"education_rnk",25.5656
"24031703222","tract",2023,"education_rnk",47.5772
"24031703223","tract",2023,"education_rnk",26.1784
"24031703301","tract",2023,"education_rnk",92.1415
"24031703302","tract",2023,"education_rnk",84.5198
"24031703401","tract",2023,"education_rnk",83.3612
"24031703402","tract",2023,"education_rnk",72.7338
"24031703403","tract",2023,"education_rnk",87.91
"24031703404","tract",2023,"education_rnk",97.0602
"24031703501","tract",2023,"education_rnk",77.4011
"24031703502","tract",2023,"education_rnk",22.5843
"24031703601","tract",2023,"education_rnk",20.0352
"24031703602","tract",2023,"education_rnk",4.5159
"24031703701","tract",2023,"education_rnk",96.7623
"24031703702","tract",2023,"education_rnk",80.6864
"24031703800","tract",2023,"education_rnk",26.2089
"24031703901","tract",2023,"education_rnk",14.622
"24031703902","tract",2023,"education_rnk",50.2606
"24031704000","tract",2023,"education_rnk",29.2842
"24031704100","tract",2023,"education_rnk",2.0925
"24031704200","tract",2023,"education_rnk",14.3119
"24031704300","tract",2023,"education_rnk",15.1237
"24031704401","tract",2023,"education_rnk",2.7701
"24031704403","tract",2023,"education_rnk",1.4162
"24031704404","tract",2023,"education_rnk",5.2874
"24031704501","tract",2023,"education_rnk",2.2305
"24031704502","tract",2023,"education_rnk",3.8823
"24031704503","tract",2023,"education_rnk",15.5852
"24031704600","tract",2023,"education_rnk",3.5978
"24031704700","tract",2023,"education_rnk",6.2116
"24031704803","tract",2023,"education_rnk",5.8148
"24031704804","tract",2023,"education_rnk",1.0011
"24031704805","tract",2023,"education_rnk",2.8177
"24031704806","tract",2023,"education_rnk",0.5408
"24031705000","tract",2023,"education_rnk",8.6594
"24031705100","tract",2023,"education_rnk",4.8272
"24031705200","tract",2023,"education_rnk",3.3353
"24031705300","tract",2023,"education_rnk",2.3806
"24031705400","tract",2023,"education_rnk",7.9415
"24031705501","tract",2023,"education_rnk",5.2716
"24031705502","tract",2023,"education_rnk",7.4325
"24031705601","tract",2023,"education_rnk",6.9637
"24031705602","tract",2023,"education_rnk",3.0521
"24031705701","tract",2023,"education_rnk",8.4726
"24031705702","tract",2023,"education_rnk",6.9405
"24031705800","tract",2023,"education_rnk",3.2682
"24031705901","tract",2023,"education_rnk",1.2086
"24031705902","tract",2023,"education_rnk",3.0204
"24031705903","tract",2023,"education_rnk",2.5052
"24031706005","tract",2023,"education_rnk",9.3492
"24031706007","tract",2023,"education_rnk",7.4129
"24031706008","tract",2023,"education_rnk",5.0372
"24031706009","tract",2023,"education_rnk",8.4287
"24031706010","tract",2023,"education_rnk",9.044
"24031706011","tract",2023,"education_rnk",5.6732
"24031706012","tract",2023,"education_rnk",8.4958
"24031706013","tract",2023,"education_rnk",3.0435
"24033800102","tract",2023,"education_rnk",26.8706
"24033800103","tract",2023,"education_rnk",72.3273
"24033800105","tract",2023,"education_rnk",26.8706
"24033800106","tract",2023,"education_rnk",20.4905
"24033800108","tract",2023,"education_rnk",27.116
"24033800109","tract",2023,"education_rnk",93.8909
"24033800203","tract",2023,"education_rnk",19.7544
"24033800206","tract",2023,"education_rnk",29.5491
"24033800209","tract",2023,"education_rnk",72.0184
"24033800210","tract",2023,"education_rnk",74.4955
"24033800211","tract",2023,"education_rnk",26.0246
"24033800212","tract",2023,"education_rnk",19.5712
"24033800213","tract",2023,"education_rnk",29.5308
"24033800216","tract",2023,"education_rnk",6.0407
"24033800217","tract",2023,"education_rnk",20.5369
"24033800218","tract",2023,"education_rnk",73.343
"24033800401","tract",2023,"education_rnk",20.9813
"24033800402","tract",2023,"education_rnk",34.8769
"24033800403","tract",2023,"education_rnk",14.2667
"24033800408","tract",2023,"education_rnk",36.7057
"24033800409","tract",2023,"education_rnk",15.8904
"24033800410","tract",2023,"education_rnk",29.2268
"24033800411","tract",2023,"education_rnk",29.7603
"24033800412","tract",2023,"education_rnk",84.0913
"24033800413","tract",2023,"education_rnk",29.2073
"24033800504","tract",2023,"education_rnk",19.8545
"24033800505","tract",2023,"education_rnk",24.1799
"24033800507","tract",2023,"education_rnk",12.9677
"24033800511","tract",2023,"education_rnk",24.9368
"24033800513","tract",2023,"education_rnk",16.5277
"24033800514","tract",2023,"education_rnk",4.0947
"24033800515","tract",2023,"education_rnk",17.7034
"24033800516","tract",2023,"education_rnk",8.1955
"24033800517","tract",2023,"education_rnk",13.6929
"24033800518","tract",2023,"education_rnk",2.5723
"24033800519","tract",2023,"education_rnk",17.425
"24033800520","tract",2023,"education_rnk",28.8618
"24033800521","tract",2023,"education_rnk",11.9837
"24033800522","tract",2023,"education_rnk",4.0019
"24033800605","tract",2023,"education_rnk",21.8945
"24033800606","tract",2023,"education_rnk",7.7389
"24033800607","tract",2023,"education_rnk",30.1303
"24033800608","tract",2023,"education_rnk",11.5589
"24033800609","tract",2023,"education_rnk",44.4397
"24033800701","tract",2023,"education_rnk",3.4415
"24033800704","tract",2023,"education_rnk",37.94
"24033800705","tract",2023,"education_rnk",22.8419
"24033800706","tract",2023,"education_rnk",40.8382
"24033800707","tract",2023,"education_rnk",24.5315
"24033800800","tract",2023,"education_rnk",13.1716
"24033800900","tract",2023,"education_rnk",23.5658
"24033801003","tract",2023,"education_rnk",8.4958
"24033801004","tract",2023,"education_rnk",29.1365
"24033801005","tract",2023,"education_rnk",22.428
"24033801006","tract",2023,"education_rnk",17.0795
"24033801105","tract",2023,"education_rnk",36.2125
"24033801106","tract",2023,"education_rnk",32.9333
"24033801207","tract",2023,"education_rnk",64.1574
"24033801208","tract",2023,"education_rnk",28.4602
"24033801209","tract",2023,"education_rnk",42.3569
"24033801210","tract",2023,"education_rnk",18.6837
"24033801211","tract",2023,"education_rnk",46.2978
"24033801212","tract",2023,"education_rnk",72.0709
"24033801213","tract",2023,"education_rnk",50.8467
"24033801214","tract",2023,"education_rnk",65.9582
"24033801215","tract",2023,"education_rnk",39.0314
"24033801216","tract",2023,"education_rnk",67.3609
"24033801217","tract",2023,"education_rnk",52.8745
"24033801302","tract",2023,"education_rnk",25.3824
"24033801305","tract",2023,"education_rnk",22.9737
"24033801307","tract",2023,"education_rnk",9.5152
"24033801308","tract",2023,"education_rnk",23.5988
"24033801309","tract",2023,"education_rnk",5.8051
"24033801310","tract",2023,"education_rnk",17.0685
"24033801311","tract",2023,"education_rnk",35.0246
"24033801312","tract",2023,"education_rnk",47.0242
"24033801313","tract",2023,"education_rnk",45.6495
"24033801404","tract",2023,"education_rnk",26.519
"24033801405","tract",2023,"education_rnk",91.912
"24033801406","tract",2023,"education_rnk",53.7632
"24033801407","tract",2023,"education_rnk",53.4141
"24033801408","tract",2023,"education_rnk",47.5772
"24033801409","tract",2023,"education_rnk",48.8372
"24033801410","tract",2023,"education_rnk",27.4359
"24033801411","tract",2023,"education_rnk",44.6814
"24033801500","tract",2023,"education_rnk",91.2539
"24033801600","tract",2023,"education_rnk",54.1795
"24033801701","tract",2023,"education_rnk",48.2841
"24033801702","tract",2023,"education_rnk",66.6284
"24033801704","tract",2023,"education_rnk",48.7529
"24033801707","tract",2023,"education_rnk",92.0035
"24033801709","tract",2023,"education_rnk",64.1184
"24033801801","tract",2023,"education_rnk",31.6026
"24033801802","tract",2023,"education_rnk",18.8216
"24033801807","tract",2023,"education_rnk",60.8758
"24033801808","tract",2023,"education_rnk",47.4417
"24033801809","tract",2023,"education_rnk",43.0699
"24033801901","tract",2023,"education_rnk",31.3169
"24033801904","tract",2023,"education_rnk",62.6619
"24033801905","tract",2023,"education_rnk",5.8051
"24033801906","tract",2023,"education_rnk",34.6071
"24033801907","tract",2023,"education_rnk",18.9388
"24033801908","tract",2023,"education_rnk",57.1352
"24033802001","tract",2023,"education_rnk",39.9702
"24033802002","tract",2023,"education_rnk",26.4323
"24033802103","tract",2023,"education_rnk",83.7958
"24033802104","tract",2023,"education_rnk",34.7169
"24033802106","tract",2023,"education_rnk",65.587
"24033802107","tract",2023,"education_rnk",55.155
"24033802201","tract",2023,"education_rnk",22.6355
"24033802203","tract",2023,"education_rnk",42.6829
"24033802204","tract",2023,"education_rnk",33.4693
"24033802301","tract",2023,"education_rnk",21.151
"24033802404","tract",2023,"education_rnk",50.9907
"24033802405","tract",2023,"education_rnk",45.9096
"24033802406","tract",2023,"education_rnk",52.4264
"24033802407","tract",2023,"education_rnk",26.1992
"24033802408","tract",2023,"education_rnk",51.3252
"24033802501","tract",2023,"education_rnk",36.6398
"24033802502","tract",2023,"education_rnk",66.582
"24033802600","tract",2023,"education_rnk",33.888
"24033802700","tract",2023,"education_rnk",87.147
"24033802803","tract",2023,"education_rnk",55.7398
"24033802804","tract",2023,"education_rnk",66.604
"24033802805","tract",2023,"education_rnk",64.7093
"24033802901","tract",2023,"education_rnk",23.3619
"24033803001","tract",2023,"education_rnk",81.8986
"24033803002","tract",2023,"education_rnk",51.4217
"24033803100","tract",2023,"education_rnk",77.0458
"24033803200","tract",2023,"education_rnk",54.2674
"24033803300","tract",2023,"education_rnk",78.0139
"24033803403","tract",2023,"education_rnk",89.4337
"24033803508","tract",2023,"education_rnk",87.9833
"24033803509","tract",2023,"education_rnk",80.7718
"24033803512","tract",2023,"education_rnk",8.5092
"24033803513","tract",2023,"education_rnk",15.8159
"24033803514","tract",2023,"education_rnk",2.6224
"24033803516","tract",2023,"education_rnk",11.427
"24033803519","tract",2023,"education_rnk",18.1624
"24033803520","tract",2023,"education_rnk",7.0711
"24033803521","tract",2023,"education_rnk",3.3597
"24033803524","tract",2023,"education_rnk",73.8521
"24033803525","tract",2023,"education_rnk",42.3093
"24033803526","tract",2023,"education_rnk",25.8268
"24033803527","tract",2023,"education_rnk",27.4359
"24033803528","tract",2023,"education_rnk",11.0461
"24033803601","tract",2023,"education_rnk",71.7205
"24033803602","tract",2023,"education_rnk",70.0651
"24033803605","tract",2023,"education_rnk",89.3726
"24033803606","tract",2023,"education_rnk",92.5602
"24033803607","tract",2023,"education_rnk",61.2616
"24033803608","tract",2023,"education_rnk",86.6379
"24033803610","tract",2023,"education_rnk",88.5327
"24033803612","tract",2023,"education_rnk",50.3241
"24033803613","tract",2023,"education_rnk",75.6748
"24033803700","tract",2023,"education_rnk",96.0945
"24033803801","tract",2023,"education_rnk",93.1133
"24033803803","tract",2023,"education_rnk",93.1621
"24033803900","tract",2023,"education_rnk",98.7389
"24033804001","tract",2023,"education_rnk",81.1588
"24033804002","tract",2023,"education_rnk",96.2533
"24033804101","tract",2023,"education_rnk",25.4679
"24033804102","tract",2023,"education_rnk",86.5769
"24033804200","tract",2023,"education_rnk",3.9042
"24033804300","tract",2023,"education_rnk",73.0781
"24033804400","tract",2023,"education_rnk",90.6875
"24033804600","tract",2023,"education_rnk",89.5936
"24033804700","tract",2023,"education_rnk",47.1329
"24033804801","tract",2023,"education_rnk",81.1954
"24033804802","tract",2023,"education_rnk",86.1545
"24033804900","tract",2023,"education_rnk",75.51
"24033805000","tract",2023,"education_rnk",55.0256
"24033805101","tract",2023,"education_rnk",99.6875
"24033805201","tract",2023,"education_rnk",97.1176
"24033805202","tract",2023,"education_rnk",79.4179
"24033805500","tract",2023,"education_rnk",98.8109
"24033805601","tract",2023,"education_rnk",99.9915
"24033805602","tract",2023,"education_rnk",99.9927
"24033805700","tract",2023,"education_rnk",99.4238
"24033805801","tract",2023,"education_rnk",97.9234
"24033805802","tract",2023,"education_rnk",96.9088
"24033805904","tract",2023,"education_rnk",96.5182
"24033805906","tract",2023,"education_rnk",96.921
"24033805907","tract",2023,"education_rnk",78.1165
"24033805908","tract",2023,"education_rnk",44.7547
"24033805909","tract",2023,"education_rnk",55.6336
"24033806000","tract",2023,"education_rnk",92.9008
"24033806100","tract",2023,"education_rnk",36.6398
"24033806400","tract",2023,"education_rnk",11.3965
"24033806501","tract",2023,"education_rnk",96.0311
"24033806601","tract",2023,"education_rnk",99.1418
"24033806602","tract",2023,"education_rnk",93.46
"24033806706","tract",2023,"education_rnk",66.4966
"24033806708","tract",2023,"education_rnk",25.9269
"24033806710","tract",2023,"education_rnk",25.7487
"24033806711","tract",2023,"education_rnk",47.0035
"24033806712","tract",2023,"education_rnk",14.7599
"24033806713","tract",2023,"education_rnk",87.2777
"24033806714","tract",2023,"education_rnk",76.4562
"24033806800","tract",2023,"education_rnk",67.6246
"24033806900","tract",2023,"education_rnk",72.8522
"24033807000","tract",2023,"education_rnk",69.8734
"24033807102","tract",2023,"education_rnk",23.097
"24033807301","tract",2023,"education_rnk",36.4566
"24033807304","tract",2023,"education_rnk",91.4688
"24033807305","tract",2023,"education_rnk",96.8588
"24033807404","tract",2023,"education_rnk",89.6497
"24033807405","tract",2023,"education_rnk",69.8734
"24033807407","tract",2023,"education_rnk",80.6705
"24033807408","tract",2023,"education_rnk",41.5561
"24033807409","tract",2023,"education_rnk",90.381
"24033807410","tract",2023,"education_rnk",64.5628
"24033807500","tract",2023,"education_rnk",31.5782
"24033980000","tract",2023,"education_rnk",NA
"24035810100","tract",2023,"education_rnk",71.0967
"24035810200","tract",2023,"education_rnk",61.0419
"24035810300","tract",2023,"education_rnk",44.1064
"24035810400","tract",2023,"education_rnk",37.3234
"24035810500","tract",2023,"education_rnk",29.2268
"24035810600","tract",2023,"education_rnk",23.9785
"24035810700","tract",2023,"education_rnk",39.0985
"24035810800","tract",2023,"education_rnk",19.6921
"24035810901","tract",2023,"education_rnk",30.5783
"24035810902","tract",2023,"education_rnk",25.5094
"24035811000","tract",2023,"education_rnk",23.6867
"24035990000","tract",2023,"education_rnk",NA
"24035990100","tract",2023,"education_rnk",NA
"24035990200","tract",2023,"education_rnk",NA
"24037875000","tract",2023,"education_rnk",30.1303
"24037875100","tract",2023,"education_rnk",50.9016
"24037875201","tract",2023,"education_rnk",26.1564
"24037875202","tract",2023,"education_rnk",36.8302
"24037875300","tract",2023,"education_rnk",35.0747
"24037875400","tract",2023,"education_rnk",20.2305
"24037875501","tract",2023,"education_rnk",43.0247
"24037875502","tract",2023,"education_rnk",24.4668
"24037875601","tract",2023,"education_rnk",66.9019
"24037875602","tract",2023,"education_rnk",37.7605
"24037875700","tract",2023,"education_rnk",45.8656
"24037875803","tract",2023,"education_rnk",23.6635
"24037875903","tract",2023,"education_rnk",32.2679
"24037875904","tract",2023,"education_rnk",31.2266
"24037875905","tract",2023,"education_rnk",27.796
"24037875906","tract",2023,"education_rnk",23.224
"24037876001","tract",2023,"education_rnk",37.614
"24037876003","tract",2023,"education_rnk",11.4466
"24037876004","tract",2023,"education_rnk",36.2283
"24037876101","tract",2023,"education_rnk",35.4714
"24037876102","tract",2023,"education_rnk",11.2573
"24037876200","tract",2023,"education_rnk",22.2583
"24037990000","tract",2023,"education_rnk",NA
"24039930101","tract",2023,"education_rnk",81.674
"24039930102","tract",2023,"education_rnk",66.0497
"24039930200","tract",2023,"education_rnk",74.3404
"24039930500","tract",2023,"education_rnk",46.3527
"24039930600","tract",2023,"education_rnk",61.2262
"24039930800","tract",2023,"education_rnk",NA
"24039990100","tract",2023,"education_rnk",NA
"24041960100","tract",2023,"education_rnk",52.5216
"24041960201","tract",2023,"education_rnk",9.1184
"24041960300","tract",2023,"education_rnk",60.2398
"24041960400","tract",2023,"education_rnk",48.0522
"24041960501","tract",2023,"education_rnk",52.2872
"24041960502","tract",2023,"education_rnk",32.3766
"24041960600","tract",2023,"education_rnk",8.3456
"24041960700","tract",2023,"education_rnk",28.7092
"24041960800","tract",2023,"education_rnk",28.6836
"24041960900","tract",2023,"education_rnk",50.9236
"24041990000","tract",2023,"education_rnk",NA
"24043000100","tract",2023,"education_rnk",49.1729
"24043000200","tract",2023,"education_rnk",66.2292
"24043000301","tract",2023,"education_rnk",76.3145
"24043000302","tract",2023,"education_rnk",85.0533
"24043000400","tract",2023,"education_rnk",78.4388
"24043000500","tract",2023,"education_rnk",89.8353
"24043000601","tract",2023,"education_rnk",64.8948
"24043000602","tract",2023,"education_rnk",36.1758
"24043000700","tract",2023,"education_rnk",71.8219
"24043000800","tract",2023,"education_rnk",79.2043
"24043000900","tract",2023,"education_rnk",77.4499
"24043001001","tract",2023,"education_rnk",61.6193
"24043001002","tract",2023,"education_rnk",54.4017
"24043010100","tract",2023,"education_rnk",47.8629
"24043010200","tract",2023,"education_rnk",39.6821
"24043010300","tract",2023,"education_rnk",46.4199
"24043010401","tract",2023,"education_rnk",40.0239
"24043010402","tract",2023,"education_rnk",24.363
"24043010600","tract",2023,"education_rnk",65.1634
"24043010700","tract",2023,"education_rnk",45.6959
"24043010802","tract",2023,"education_rnk",54.2357
"24043010803","tract",2023,"education_rnk",35.1015
"24043010901","tract",2023,"education_rnk",39.2658
"24043010902","tract",2023,"education_rnk",44.7351
"24043011000","tract",2023,"education_rnk",NA
"24043011100","tract",2023,"education_rnk",41.7709
"24043011202","tract",2023,"education_rnk",41.4755
"24043011203","tract",2023,"education_rnk",67.317
"24043011204","tract",2023,"education_rnk",38.1707
"24043011301","tract",2023,"education_rnk",54.5006
"24043011302","tract",2023,"education_rnk",44.1064
"24043011400","tract",2023,"education_rnk",37.7031
"24043011501","tract",2023,"education_rnk",24.855
"24043011502","tract",2023,"education_rnk",70.153
"24043011600","tract",2023,"education_rnk",33.0102
"24043011700","tract",2023,"education_rnk",54.7216
"24045000100","tract",2023,"education_rnk",78.9979
"24045000200","tract",2023,"education_rnk",42.3276
"24045000300","tract",2023,"education_rnk",96.1263
"24045000400","tract",2023,"education_rnk",55.3344
"24045000500","tract",2023,"education_rnk",86.2839
"24045010101","tract",2023,"education_rnk",52.2384
"24045010102","tract",2023,"education_rnk",34.9343
"24045010200","tract",2023,"education_rnk",85.8615
"24045010300","tract",2023,"education_rnk",28.4956
"24045010400","tract",2023,"education_rnk",43.5387
"24045010501","tract",2023,"education_rnk",33.1982
"24045010503","tract",2023,"education_rnk",84.4624
"24045010504","tract",2023,"education_rnk",63.6911
"24045010603","tract",2023,"education_rnk",33.2971
"24045010604","tract",2023,"education_rnk",75.6235
"24045010605","tract",2023,"education_rnk",53.1211
"24045010606","tract",2023,"education_rnk",65.1634
"24045010701","tract",2023,"education_rnk",49.9347
"24045010703","tract",2023,"education_rnk",71.0185
"24045010704","tract",2023,"education_rnk",74.2586
"24045010800","tract",2023,"education_rnk",35.7193
"24047950000","tract",2023,"education_rnk",35.6643
"24047950100","tract",2023,"education_rnk",5.0762
"24047950300","tract",2023,"education_rnk",13.533
"24047950400","tract",2023,"education_rnk",41.1312
"24047950600","tract",2023,"education_rnk",13.3938
"24047950700","tract",2023,"education_rnk",48.1547
"24047950800","tract",2023,"education_rnk",32.1862
"24047950900","tract",2023,"education_rnk",40.7454
"24047951000","tract",2023,"education_rnk",62.5765
"24047951101","tract",2023,"education_rnk",12.0765
"24047951102","tract",2023,"education_rnk",10.9143
"24047951200","tract",2023,"education_rnk",48.8127
"24047951300","tract",2023,"education_rnk",74.8691
"24047951400","tract",2023,"education_rnk",73.1697
"24047951500","tract",2023,"education_rnk",36.022
"24047951700","tract",2023,"education_rnk",21.9433
"24047980000","tract",2023,"education_rnk",NA
"24047990000","tract",2023,"education_rnk",NA
"24510010100","tract",2023,"education_rnk",1.0011
"24510010200","tract",2023,"education_rnk",3.6869
"24510010300","tract",2023,"education_rnk",0.6287
"24510010400","tract",2023,"education_rnk",0.5933
"24510010500","tract",2023,"education_rnk",1.7739
"24510020100","tract",2023,"education_rnk",2.4514
"24510020200","tract",2023,"education_rnk",9.1868
"24510020300","tract",2023,"education_rnk",0.4883
"24510030100","tract",2023,"education_rnk",64.1916
"24510030200","tract",2023,"education_rnk",1.5651
"24510040100","tract",2023,"education_rnk",4.3132
"24510040200","tract",2023,"education_rnk",NA
"24510060100","tract",2023,"education_rnk",28.5188
"24510060200","tract",2023,"education_rnk",25.3629
"24510060300","tract",2023,"education_rnk",14.296
"24510060400","tract",2023,"education_rnk",44.2297
"24510070100","tract",2023,"education_rnk",73.2637
"24510070200","tract",2023,"education_rnk",96.4071
"24510070300","tract",2023,"education_rnk",33.7354
"24510070400","tract",2023,"education_rnk",75.2207
"24510080101","tract",2023,"education_rnk",58.8956
"24510080102","tract",2023,"education_rnk",78.6134
"24510080200","tract",2023,"education_rnk",79.7414
"24510080301","tract",2023,"education_rnk",91.1477
"24510080302","tract",2023,"education_rnk",64.4456
"24510080400","tract",2023,"education_rnk",88.4118
"24510080500","tract",2023,"education_rnk",89.0564
"24510080600","tract",2023,"education_rnk",78.0408
"24510080700","tract",2023,"education_rnk",51.595
"24510080800","tract",2023,"education_rnk",56.3917
"24510090100","tract",2023,"education_rnk",53.1443
"24510090200","tract",2023,"education_rnk",20.5906
"24510090300","tract",2023,"education_rnk",34.2274
"24510090400","tract",2023,"education_rnk",41.1312
"24510090500","tract",2023,"education_rnk",44.7547
"24510090600","tract",2023,"education_rnk",78.9552
"24510090700","tract",2023,"education_rnk",73.9632
"24510090800","tract",2023,"education_rnk",80.502
"24510090900","tract",2023,"education_rnk",90.8938
"24510100100","tract",2023,"education_rnk",75.731
"24510100200","tract",2023,"education_rnk",93.7505
"24510100300","tract",2023,"education_rnk",NA
"24510110100","tract",2023,"education_rnk",5.4669
"24510110200","tract",2023,"education_rnk",2.8116
"24510120100","tract",2023,"education_rnk",2.1694
"24510120201","tract",2023,"education_rnk",6.2641
"24510120202","tract",2023,"education_rnk",NA
"24510120300","tract",2023,"education_rnk",30.5783
"24510120400","tract",2023,"education_rnk",28.5578
"24510120500","tract",2023,"education_rnk",12.0082
"24510120600","tract",2023,"education_rnk",33.7354
"24510120700","tract",2023,"education_rnk",11.0107
"24510130100","tract",2023,"education_rnk",50.4487
"24510130200","tract",2023,"education_rnk",11.9422
"24510130300","tract",2023,"education_rnk",78.1263
"24510130400","tract",2023,"education_rnk",73.0097
"24510130600","tract",2023,"education_rnk",2.0315
"24510130700","tract",2023,"education_rnk",5.8344
"24510130803","tract",2023,"education_rnk",17.2639
"24510130804","tract",2023,"education_rnk",6.6365
"24510130805","tract",2023,"education_rnk",34.557
"24510130806","tract",2023,"education_rnk",9.2259
"24510140100","tract",2023,"education_rnk",13.2436
"24510140200","tract",2023,"education_rnk",47.283
"24510140300","tract",2023,"education_rnk",57.4636
"24510150100","tract",2023,"education_rnk",63.3676
"24510150200","tract",2023,"education_rnk",92.8557
"24510150300","tract",2023,"education_rnk",76.6979
"24510150400","tract",2023,"education_rnk",80.9195
"24510150500","tract",2023,"education_rnk",66.6687
"24510150600","tract",2023,"education_rnk",68.633
"24510150701","tract",2023,"education_rnk",54.7704
"24510150702","tract",2023,"education_rnk",39.2011
"24510150800","tract",2023,"education_rnk",65.4125
"24510150900","tract",2023,"education_rnk",41.7966
"24510151000","tract",2023,"education_rnk",56.3307
"24510151100","tract",2023,"education_rnk",33.2519
"24510151200","tract",2023,"education_rnk",64.0817
"24510151300","tract",2023,"education_rnk",87.6195
"24510160100","tract",2023,"education_rnk",86.1374
"24510160200","tract",2023,"education_rnk",58.4403
"24510160300","tract",2023,"education_rnk",92.1695
"24510160400","tract",2023,"education_rnk",79.7829
"24510160500","tract",2023,"education_rnk",79.3703
"24510160600","tract",2023,"education_rnk",68.1545
"24510160700","tract",2023,"education_rnk",83.2013
"24510160801","tract",2023,"education_rnk",85.9628
"24510160802","tract",2023,"education_rnk",75.7823
"24510170100","tract",2023,"education_rnk",24.1994
"24510170200","tract",2023,"education_rnk",75.3244
"24510170300","tract",2023,"education_rnk",87.8051
"24510180300","tract",2023,"education_rnk",23.0091
"24510190100","tract",2023,"education_rnk",56.2171
"24510190200","tract",2023,"education_rnk",22.5415
"24510190300","tract",2023,"education_rnk",91.3662
"24510200100","tract",2023,"education_rnk",87.0945
"24510200200","tract",2023,"education_rnk",89.7486
"24510200300","tract",2023,"education_rnk",84.7957
"24510200400","tract",2023,"education_rnk",91.4139
"24510200500","tract",2023,"education_rnk",98.9843
"24510200600","tract",2023,"education_rnk",74.6884
"24510200701","tract",2023,"education_rnk",78.2899
"24510200702","tract",2023,"education_rnk",78.9137
"24510200800","tract",2023,"education_rnk",74.1317
"24510210100","tract",2023,"education_rnk",15.0761
"24510210200","tract",2023,"education_rnk",55.4871
"24510220100","tract",2023,"education_rnk",6.1567
"24510230100","tract",2023,"education_rnk",2.1023
"24510230200","tract",2023,"education_rnk",1.2587
"24510230300","tract",2023,"education_rnk",1.1867
"24510240100","tract",2023,"education_rnk",1.9021
"24510240200","tract",2023,"education_rnk",0.8521
"24510240300","tract",2023,"education_rnk",1.3698
"24510240400","tract",2023,"education_rnk",1.2147
"24510250101","tract",2023,"education_rnk",55.7398
"24510250102","tract",2023,"education_rnk",46.3527
"24510250103","tract",2023,"education_rnk",64.3296
"24510250203","tract",2023,"education_rnk",76.2718
"24510250204","tract",2023,"education_rnk",97.8074
"24510250205","tract",2023,"education_rnk",99.7595
"24510250206","tract",2023,"education_rnk",90.381
"24510250207","tract",2023,"education_rnk",94.7748
"24510250301","tract",2023,"education_rnk",93.5174
"24510250303","tract",2023,"education_rnk",92.2343
"24510250401","tract",2023,"education_rnk",93.5357
"24510250402","tract",2023,"education_rnk",96.1739
"24510250500","tract",2023,"education_rnk",80.4251
"24510250600","tract",2023,"education_rnk",NA
"24510260101","tract",2023,"education_rnk",51.6841
"24510260102","tract",2023,"education_rnk",62.9085
"24510260201","tract",2023,"education_rnk",67.765
"24510260202","tract",2023,"education_rnk",83.045
"24510260203","tract",2023,"education_rnk",60.9747
"24510260301","tract",2023,"education_rnk",85.3597
"24510260302","tract",2023,"education_rnk",63.3456
"24510260303","tract",2023,"education_rnk",76.19
"24510260401","tract",2023,"education_rnk",89.7804
"24510260402","tract",2023,"education_rnk",88.2458
"24510260403","tract",2023,"education_rnk",55.4626
"24510260404","tract",2023,"education_rnk",97.3264
"24510260501","tract",2023,"education_rnk",94.3866
"24510260604","tract",2023,"education_rnk",88.3251
"24510260605","tract",2023,"education_rnk",96.8527
"24510260700","tract",2023,"education_rnk",36.4249
"24510260800","tract",2023,"education_rnk",80.2371
"24510260900","tract",2023,"education_rnk",2.731
"24510261000","tract",2023,"education_rnk",13.4353
"24510261100","tract",2023,"education_rnk",0.8802
"24510270101","tract",2023,"education_rnk",14.8967
"24510270102","tract",2023,"education_rnk",63.602
"24510270200","tract",2023,"education_rnk",8.8901
"24510270301","tract",2023,"education_rnk",23.097
"24510270302","tract",2023,"education_rnk",42.4973
"24510270401","tract",2023,"education_rnk",68.3376
"24510270402","tract",2023,"education_rnk",37.6787
"24510270501","tract",2023,"education_rnk",32.6232
"24510270502","tract",2023,"education_rnk",52.9489
"24510270600","tract",2023,"education_rnk",19.8545
"24510270701","tract",2023,"education_rnk",69.4608
"24510270702","tract",2023,"education_rnk",29.2073
"24510270703","tract",2023,"education_rnk",13.7637
"24510270801","tract",2023,"education_rnk",31.5562
"24510270802","tract",2023,"education_rnk",47.1658
"24510270803","tract",2023,"education_rnk",58.9555
"24510270804","tract",2023,"education_rnk",16.314
"24510270805","tract",2023,"education_rnk",79.9087
"24510270901","tract",2023,"education_rnk",44.2151
"24510270902","tract",2023,"education_rnk",44.5886
"24510270903","tract",2023,"education_rnk",NA
"24510271001","tract",2023,"education_rnk",74.8691
"24510271002","tract",2023,"education_rnk",81.6117
"24510271101","tract",2023,"education_rnk",59.5207
"24510271102","tract",2023,"education_rnk",NA
"24510271200","tract",2023,"education_rnk",6.0407
"24510271300","tract",2023,"education_rnk",11.8397
"24510271400","tract",2023,"education_rnk",9.0989
"24510271501","tract",2023,"education_rnk",4.8833
"24510271503","tract",2023,"education_rnk",1.4577
"24510271600","tract",2023,"education_rnk",84.7371
"24510271700","tract",2023,"education_rnk",72.3493
"24510271801","tract",2023,"education_rnk",87.3497
"24510271802","tract",2023,"education_rnk",68.9517
"24510271900","tract",2023,"education_rnk",36.1502
"24510272003","tract",2023,"education_rnk",56.6346
"24510272004","tract",2023,"education_rnk",17.4104
"24510272005","tract",2023,"education_rnk",18.7069
"24510272006","tract",2023,"education_rnk",79.1737
"24510272007","tract",2023,"education_rnk",61.8842
"24510280101","tract",2023,"education_rnk",68.7026
"24510280102","tract",2023,"education_rnk",49.6417
"24510280200","tract",2023,"education_rnk",40.1008
"24510280301","tract",2023,"education_rnk",32.2679
"24510280302","tract",2023,"education_rnk",55.6909
"24510280401","tract",2023,"education_rnk",31.6746
"24510280402","tract",2023,"education_rnk",36.3871
"24510280403","tract",2023,"education_rnk",19.4785
"24510280404","tract",2023,"education_rnk",58.9555
"24510280500","tract",2023,"education_rnk",92.1171
"24510280600","tract",2023,"education_rnk",86.6733
"24001000100","tract",2023,"education_state_rnk",75.7975
"24001000200","tract",2023,"education_state_rnk",68.932
"24001000500","tract",2023,"education_state_rnk",80.3051
"24001000600","tract",2023,"education_state_rnk",56.6921
"24001000700","tract",2023,"education_state_rnk",92.3717
"24001000800","tract",2023,"education_state_rnk",83.5992
"24001001000","tract",2023,"education_state_rnk",86.9626
"24001001100","tract",2023,"education_state_rnk",44.8682
"24001001200","tract",2023,"education_state_rnk",4.6463
"24001001300","tract",2023,"education_state_rnk",NA
"24001001401","tract",2023,"education_state_rnk",37.2746
"24001001402","tract",2023,"education_state_rnk",58.0444
"24001001502","tract",2023,"education_state_rnk",50
"24001001503","tract",2023,"education_state_rnk",65.2566
"24001001600","tract",2023,"education_state_rnk",43.3426
"24001001700","tract",2023,"education_state_rnk",68.1345
"24001001800","tract",2023,"education_state_rnk",NA
"24001001900","tract",2023,"education_state_rnk",52.0804
"24001002000","tract",2023,"education_state_rnk",88.0374
"24001002100","tract",2023,"education_state_rnk",86.8239
"24001002200","tract",2023,"education_state_rnk",75.0347
"24001002300","tract",2023,"education_state_rnk",69.2094
"24003701101","tract",2023,"education_state_rnk",15.1872
"24003701103","tract",2023,"education_state_rnk",55.8252
"24003701104","tract",2023,"education_state_rnk",46.81
"24003701201","tract",2023,"education_state_rnk",11.4424
"24003701202","tract",2023,"education_state_rnk",47.2261
"24003701301","tract",2023,"education_state_rnk",17.8571
"24003701302","tract",2023,"education_state_rnk",42.9265
"24003701400","tract",2023,"education_state_rnk",19.5562
"24003702100","tract",2023,"education_state_rnk",22.9542
"24003702204","tract",2023,"education_state_rnk",39.8058
"24003702205","tract",2023,"education_state_rnk",26.4216
"24003702206","tract",2023,"education_state_rnk",27.3925
"24003702208","tract",2023,"education_state_rnk",38.3495
"24003702209","tract",2023,"education_state_rnk",23.7171
"24003702300","tract",2023,"education_state_rnk",22.0527
"24003702402","tract",2023,"education_state_rnk",9.57
"24003702500","tract",2023,"education_state_rnk",71.2899
"24003702601","tract",2023,"education_state_rnk",15.4646
"24003702602","tract",2023,"education_state_rnk",2.2191
"24003702702","tract",2023,"education_state_rnk",7.5589
"24003702703","tract",2023,"education_state_rnk",4.8544
"24003702704","tract",2023,"education_state_rnk",30.9293
"24003706102","tract",2023,"education_state_rnk",19.3481
"24003706103","tract",2023,"education_state_rnk",12.552
"24003706302","tract",2023,"education_state_rnk",2.982
"24003706303","tract",2023,"education_state_rnk",77.6006
"24003706304","tract",2023,"education_state_rnk",4.9584
"24003706402","tract",2023,"education_state_rnk",10.0555
"24003706403","tract",2023,"education_state_rnk",91.6089
"24003706404","tract",2023,"education_state_rnk",96.7406
"24003706500","tract",2023,"education_state_rnk",6.7961
"24003706600","tract",2023,"education_state_rnk",13.3842
"24003706700","tract",2023,"education_state_rnk",NA
"24003707001","tract",2023,"education_state_rnk",32.2122
"24003707002","tract",2023,"education_state_rnk",18.932
"24003708001","tract",2023,"education_state_rnk",27.6006
"24003708004","tract",2023,"education_state_rnk",79.7503
"24003730101","tract",2023,"education_state_rnk",30.5132
"24003730102","tract",2023,"education_state_rnk",37.9681
"24003730204","tract",2023,"education_state_rnk",60.8877
"24003730205","tract",2023,"education_state_rnk",79.473
"24003730206","tract",2023,"education_state_rnk",67.4757
"24003730300","tract",2023,"education_state_rnk",82.5243
"24003730401","tract",2023,"education_state_rnk",81.7614
"24003730403","tract",2023,"education_state_rnk",80.4785
"24003730404","tract",2023,"education_state_rnk",90.2219
"24003730507","tract",2023,"education_state_rnk",42.0943
"24003730508","tract",2023,"education_state_rnk",78.9182
"24003730509","tract",2023,"education_state_rnk",46.3592
"24003730510","tract",2023,"education_state_rnk",58.8766
"24003730511","tract",2023,"education_state_rnk",74.4105
"24003730512","tract",2023,"education_state_rnk",64.7018
"24003730513","tract",2023,"education_state_rnk",41.6782
"24003730514","tract",2023,"education_state_rnk",71.7753
"24003730601","tract",2023,"education_state_rnk",9.9861
"24003730603","tract",2023,"education_state_rnk",36.5811
"24003730605","tract",2023,"education_state_rnk",16.9209
"24003730606","tract",2023,"education_state_rnk",21.6366
"24003730701","tract",2023,"education_state_rnk",0.9709
"24003730702","tract",2023,"education_state_rnk",11.5811
"24003730800","tract",2023,"education_state_rnk",6.1026
"24003730901","tract",2023,"education_state_rnk",3.8141
"24003730902","tract",2023,"education_state_rnk",22.5381
"24003731002","tract",2023,"education_state_rnk",32.3162
"24003731003","tract",2023,"education_state_rnk",20.319
"24003731004","tract",2023,"education_state_rnk",26.9417
"24003731103","tract",2023,"education_state_rnk",15.8807
"24003731104","tract",2023,"education_state_rnk",45.4924
"24003731105","tract",2023,"education_state_rnk",32.1082
"24003731106","tract",2023,"education_state_rnk",47.0874
"24003731107","tract",2023,"education_state_rnk",11.8239
"24003731201","tract",2023,"education_state_rnk",15.0485
"24003731205","tract",2023,"education_state_rnk",41.3315
"24003731206","tract",2023,"education_state_rnk",57.0735
"24003731207","tract",2023,"education_state_rnk",44.7989
"24003731208","tract",2023,"education_state_rnk",47.018
"24003731209","tract",2023,"education_state_rnk",30.0277
"24003731210","tract",2023,"education_state_rnk",33.1484
"24003731303","tract",2023,"education_state_rnk",19.2788
"24003731306","tract",2023,"education_state_rnk",19.6949
"24003731307","tract",2023,"education_state_rnk",33.2178
"24003731308","tract",2023,"education_state_rnk",36.8239
"24003731309","tract",2023,"education_state_rnk",52.7046
"24003731310","tract",2023,"education_state_rnk",76.9071
"24003731312","tract",2023,"education_state_rnk",63.7309
"24003731313","tract",2023,"education_state_rnk",55.3398
"24003740103","tract",2023,"education_state_rnk",32.975
"24003740104","tract",2023,"education_state_rnk",34.1193
"24003740105","tract",2023,"education_state_rnk",35.853
"24003740106","tract",2023,"education_state_rnk",21.8447
"24003740107","tract",2023,"education_state_rnk",10.3329
"24003740108","tract",2023,"education_state_rnk",13.8003
"24003740203","tract",2023,"education_state_rnk",40.7074
"24003740204","tract",2023,"education_state_rnk",62.1359
"24003740205","tract",2023,"education_state_rnk",83.9806
"24003740303","tract",2023,"education_state_rnk",63.0374
"24003740304","tract",2023,"education_state_rnk",26.491
"24003740305","tract",2023,"education_state_rnk",33.7032
"24003740400","tract",2023,"education_state_rnk",NA
"24003740501","tract",2023,"education_state_rnk",20.0416
"24003740502","tract",2023,"education_state_rnk",23.8558
"24003740601","tract",2023,"education_state_rnk",45.6311
"24003740602","tract",2023,"education_state_rnk",60.749
"24003740603","tract",2023,"education_state_rnk",44.4521
"24003740701","tract",2023,"education_state_rnk",17.7531
"24003740703","tract",2023,"education_state_rnk",17.8571
"24003740704","tract",2023,"education_state_rnk",16.7129
"24003740800","tract",2023,"education_state_rnk",34.6741
"24003740900","tract",2023,"education_state_rnk",62.2053
"24003741000","tract",2023,"education_state_rnk",42.233
"24003750101","tract",2023,"education_state_rnk",76.2829
"24003750102","tract",2023,"education_state_rnk",97.4341
"24003750201","tract",2023,"education_state_rnk",87.3093
"24003750204","tract",2023,"education_state_rnk",46.1165
"24003750300","tract",2023,"education_state_rnk",52.9126
"24003750400","tract",2023,"education_state_rnk",56.9348
"24003750801","tract",2023,"education_state_rnk",64.3551
"24003750803","tract",2023,"education_state_rnk",62.3786
"24003750804","tract",2023,"education_state_rnk",69.0014
"24003750900","tract",2023,"education_state_rnk",64.5631
"24003751000","tract",2023,"education_state_rnk",53.1207
"24003751102","tract",2023,"education_state_rnk",43.2732
"24003751103","tract",2023,"education_state_rnk",43.0652
"24003751200","tract",2023,"education_state_rnk",16.6436
"24003751400","tract",2023,"education_state_rnk",25.208
"24003751500","tract",2023,"education_state_rnk",85.0555
"24003751600","tract",2023,"education_state_rnk",7.1775
"24003751700","tract",2023,"education_state_rnk",16.7822
"24003980000","tract",2023,"education_state_rnk",NA
"24003990000","tract",2023,"education_state_rnk",NA
"24005400100","tract",2023,"education_state_rnk",43.9667
"24005400200","tract",2023,"education_state_rnk",47.6422
"24005400400","tract",2023,"education_state_rnk",20.8391
"24005400500","tract",2023,"education_state_rnk",9.7781
"24005400600","tract",2023,"education_state_rnk",28.0166
"24005400701","tract",2023,"education_state_rnk",48.1969
"24005400702","tract",2023,"education_state_rnk",85.2982
"24005400800","tract",2023,"education_state_rnk",77.1498
"24005400900","tract",2023,"education_state_rnk",82.2469
"24005401000","tract",2023,"education_state_rnk",58.4605
"24005401101","tract",2023,"education_state_rnk",82.9057
"24005401102","tract",2023,"education_state_rnk",61.4078
"24005401200","tract",2023,"education_state_rnk",42.9958
"24005401301","tract",2023,"education_state_rnk",78.5021
"24005401302","tract",2023,"education_state_rnk",39.251
"24005401400","tract",2023,"education_state_rnk",35.2288
"24005401503","tract",2023,"education_state_rnk",30.2358
"24005401504","tract",2023,"education_state_rnk",62.8294
"24005401505","tract",2023,"education_state_rnk",76.2136
"24005401506","tract",2023,"education_state_rnk",48.0583
"24005401507","tract",2023,"education_state_rnk",90.0139
"24005402201","tract",2023,"education_state_rnk",58.1831
"24005402202","tract",2023,"education_state_rnk",6.8655
"24005402302","tract",2023,"education_state_rnk",47.7809
"24005402303","tract",2023,"education_state_rnk",51.699
"24005402304","tract",2023,"education_state_rnk",54.2996
"24005402305","tract",2023,"education_state_rnk",73.0929
"24005402306","tract",2023,"education_state_rnk",78.7448
"24005402307","tract",2023,"education_state_rnk",78.9875
"24005402403","tract",2023,"education_state_rnk",62.552
"24005402404","tract",2023,"education_state_rnk",63.1415
"24005402405","tract",2023,"education_state_rnk",79.8544
"24005402407","tract",2023,"education_state_rnk",43.4466
"24005402408","tract",2023,"education_state_rnk",70.111
"24005402409","tract",2023,"education_state_rnk",88.2802
"24005402503","tract",2023,"education_state_rnk",82.4549
"24005402504","tract",2023,"education_state_rnk",32.8363
"24005402505","tract",2023,"education_state_rnk",46.9487
"24005402506","tract",2023,"education_state_rnk",54.8197
"24005402510","tract",2023,"education_state_rnk",49.8613
"24005402511","tract",2023,"education_state_rnk",42.6838
"24005402602","tract",2023,"education_state_rnk",56.5187
"24005402603","tract",2023,"education_state_rnk",46.5326
"24005402604","tract",2023,"education_state_rnk",68.0305
"24005403100","tract",2023,"education_state_rnk",58.3911
"24005403201","tract",2023,"education_state_rnk",59.8474
"24005403202","tract",2023,"education_state_rnk",47.5035
"24005403300","tract",2023,"education_state_rnk",18.5853
"24005403401","tract",2023,"education_state_rnk",18.0305
"24005403402","tract",2023,"education_state_rnk",81.3454
"24005403500","tract",2023,"education_state_rnk",26.8031
"24005403601","tract",2023,"education_state_rnk",23.613
"24005403602","tract",2023,"education_state_rnk",38.6269
"24005403702","tract",2023,"education_state_rnk",24.6186
"24005403703","tract",2023,"education_state_rnk",4.7157
"24005403704","tract",2023,"education_state_rnk",31.3454
"24005403801","tract",2023,"education_state_rnk",1.4563
"24005403802","tract",2023,"education_state_rnk",11.3731
"24005403803","tract",2023,"education_state_rnk",14.9792
"24005404101","tract",2023,"education_state_rnk",15.534
"24005404102","tract",2023,"education_state_rnk",17.6144
"24005404201","tract",2023,"education_state_rnk",50.3467
"24005404202","tract",2023,"education_state_rnk",91.8169
"24005404402","tract",2023,"education_state_rnk",24.5492
"24005404403","tract",2023,"education_state_rnk",66.7476
"24005404404","tract",2023,"education_state_rnk",46.3592
"24005404501","tract",2023,"education_state_rnk",77.1498
"24005404502","tract",2023,"education_state_rnk",80.6519
"24005404600","tract",2023,"education_state_rnk",19.6255
"24005404800","tract",2023,"education_state_rnk",23.301
"24005404900","tract",2023,"education_state_rnk",8.3218
"24005405000","tract",2023,"education_state_rnk",28.9875
"24005406000","tract",2023,"education_state_rnk",14.9098
"24005407001","tract",2023,"education_state_rnk",20.527
"24005407002","tract",2023,"education_state_rnk",23.1969
"24005408100","tract",2023,"education_state_rnk",12.2746
"24005408200","tract",2023,"education_state_rnk",1.1096
"24005408302","tract",2023,"education_state_rnk",18.8627
"24005408303","tract",2023,"education_state_rnk",3.6061
"24005408304","tract",2023,"education_state_rnk",9.4313
"24005408400","tract",2023,"education_state_rnk",3.1207
"24005408502","tract",2023,"education_state_rnk",25.5548
"24005408503","tract",2023,"education_state_rnk",46.1859
"24005408505","tract",2023,"education_state_rnk",15.8807
"24005408506","tract",2023,"education_state_rnk",72.0527
"24005408507","tract",2023,"education_state_rnk",59.7087
"24005408601","tract",2023,"education_state_rnk",26.3523
"24005408602","tract",2023,"education_state_rnk",18.516
"24005408702","tract",2023,"education_state_rnk",8.9112
"24005408703","tract",2023,"education_state_rnk",14.1817
"24005408704","tract",2023,"education_state_rnk",13.7309
"24005408800","tract",2023,"education_state_rnk",6.38
"24005408900","tract",2023,"education_state_rnk",5.2705
"24005410100","tract",2023,"education_state_rnk",8.7725
"24005410200","tract",2023,"education_state_rnk",9.154
"24005411101","tract",2023,"education_state_rnk",20.1456
"24005411102","tract",2023,"education_state_rnk",22.8155
"24005411201","tract",2023,"education_state_rnk",29.1956
"24005411202","tract",2023,"education_state_rnk",27.0458
"24005411302","tract",2023,"education_state_rnk",55.7212
"24005411303","tract",2023,"education_state_rnk",51.1789
"24005411306","tract",2023,"education_state_rnk",68.6546
"24005411307","tract",2023,"education_state_rnk",59.4313
"24005411308","tract",2023,"education_state_rnk",49.4452
"24005411309","tract",2023,"education_state_rnk",22.4341
"24005411404","tract",2023,"education_state_rnk",70.4577
"24005411406","tract",2023,"education_state_rnk",42.3717
"24005411408","tract",2023,"education_state_rnk",54.0569
"24005411409","tract",2023,"education_state_rnk",36.5811
"24005411410","tract",2023,"education_state_rnk",66.6436
"24005411411","tract",2023,"education_state_rnk",20.6657
"24005411412","tract",2023,"education_state_rnk",71.8447
"24005411413","tract",2023,"education_state_rnk",50.0693
"24005420100","tract",2023,"education_state_rnk",74.4799
"24005420200","tract",2023,"education_state_rnk",67.7878
"24005420301","tract",2023,"education_state_rnk",71.2205
"24005420302","tract",2023,"education_state_rnk",85.2288
"24005420303","tract",2023,"education_state_rnk",84.8128
"24005420401","tract",2023,"education_state_rnk",90.846
"24005420402","tract",2023,"education_state_rnk",86.3384
"24005420500","tract",2023,"education_state_rnk",92.4411
"24005420600","tract",2023,"education_state_rnk",93.3426
"24005420701","tract",2023,"education_state_rnk",92.3024
"24005420702","tract",2023,"education_state_rnk",91.4008
"24005420800","tract",2023,"education_state_rnk",54.4036
"24005420900","tract",2023,"education_state_rnk",90.9501
"24005421000","tract",2023,"education_state_rnk",96.8793
"24005421101","tract",2023,"education_state_rnk",85.6449
"24005421102","tract",2023,"education_state_rnk",89.9445
"24005421200","tract",2023,"education_state_rnk",62.0666
"24005430101","tract",2023,"education_state_rnk",97.7115
"24005430104","tract",2023,"education_state_rnk",93.6893
"24005430200","tract",2023,"education_state_rnk",93.1345
"24005430300","tract",2023,"education_state_rnk",87.1012
"24005430400","tract",2023,"education_state_rnk",68.4466
"24005430600","tract",2023,"education_state_rnk",24.4799
"24005430700","tract",2023,"education_state_rnk",48.6824
"24005430800","tract",2023,"education_state_rnk",58.6685
"24005430900","tract",2023,"education_state_rnk",21.5326
"24005440100","tract",2023,"education_state_rnk",66.7476
"24005440200","tract",2023,"education_state_rnk",63.2455
"24005440300","tract",2023,"education_state_rnk",50.1387
"24005440400","tract",2023,"education_state_rnk",63.939
"24005440500","tract",2023,"education_state_rnk",48.509
"24005440600","tract",2023,"education_state_rnk",16.0541
"24005440701","tract",2023,"education_state_rnk",23.0583
"24005440702","tract",2023,"education_state_rnk",42.5798
"24005440800","tract",2023,"education_state_rnk",36.2344
"24005440900","tract",2023,"education_state_rnk",68.3079
"24005441000","tract",2023,"education_state_rnk",67.2677
"24005441101","tract",2023,"education_state_rnk",60.0208
"24005441102","tract",2023,"education_state_rnk",73.301
"24005450100","tract",2023,"education_state_rnk",67.4064
"24005450200","tract",2023,"education_state_rnk",69.9029
"24005450300","tract",2023,"education_state_rnk",81.484
"24005450400","tract",2023,"education_state_rnk",81.276
"24005450501","tract",2023,"education_state_rnk",88.1415
"24005450503","tract",2023,"education_state_rnk",94.4521
"24005450504","tract",2023,"education_state_rnk",86.6852
"24005450800","tract",2023,"education_state_rnk",71.6366
"24005450900","tract",2023,"education_state_rnk",72.9542
"24005451000","tract",2023,"education_state_rnk",32.975
"24005451100","tract",2023,"education_state_rnk",61.4078
"24005451200","tract",2023,"education_state_rnk",65.5687
"24005451300","tract",2023,"education_state_rnk",84.258
"24005451401","tract",2023,"education_state_rnk",59.2233
"24005451402","tract",2023,"education_state_rnk",82.7323
"24005451500","tract",2023,"education_state_rnk",95.9085
"24005451600","tract",2023,"education_state_rnk",33.4951
"24005451701","tract",2023,"education_state_rnk",18.724
"24005451702","tract",2023,"education_state_rnk",16.8516
"24005451801","tract",2023,"education_state_rnk",92.0596
"24005451802","tract",2023,"education_state_rnk",57.0042
"24005451803","tract",2023,"education_state_rnk",59.7781
"24005451900","tract",2023,"education_state_rnk",47.9196
"24005452000","tract",2023,"education_state_rnk",33.5645
"24005452100","tract",2023,"education_state_rnk",68.7933
"24005452300","tract",2023,"education_state_rnk",97.8502
"24005452400","tract",2023,"education_state_rnk",48.405
"24005452500","tract",2023,"education_state_rnk",94.7295
"24005490100","tract",2023,"education_state_rnk",7.3509
"24005490200","tract",2023,"education_state_rnk",72.3994
"24005490302","tract",2023,"education_state_rnk",27.7393
"24005490303","tract",2023,"education_state_rnk",59.9168
"24005490304","tract",2023,"education_state_rnk",15.3606
"24005490400","tract",2023,"education_state_rnk",7.767
"24005490500","tract",2023,"education_state_rnk",2.5659
"24005490601","tract",2023,"education_state_rnk",10.5756
"24005490602","tract",2023,"education_state_rnk",9.0153
"24005490603","tract",2023,"education_state_rnk",11.0264
"24005490605","tract",2023,"education_state_rnk",NA
"24005490701","tract",2023,"education_state_rnk",4.3689
"24005490703","tract",2023,"education_state_rnk",7.2816
"24005490800","tract",2023,"education_state_rnk",48.0583
"24005490900","tract",2023,"education_state_rnk",41.1928
"24005491000","tract",2023,"education_state_rnk",6.7268
"24005491100","tract",2023,"education_state_rnk",14.4591
"24005491201","tract",2023,"education_state_rnk",20.1456
"24005491202","tract",2023,"education_state_rnk",41.4355
"24005491300","tract",2023,"education_state_rnk",33.9459
"24005491401","tract",2023,"education_state_rnk",55.5479
"24005491402","tract",2023,"education_state_rnk",52.4965
"24005491500","tract",2023,"education_state_rnk",48.2663
"24005491600","tract",2023,"education_state_rnk",66.9903
"24005491701","tract",2023,"education_state_rnk",47.3648
"24005491900","tract",2023,"education_state_rnk",75.2427
"24005492001","tract",2023,"education_state_rnk",35.749
"24005492002","tract",2023,"education_state_rnk",34.258
"24005492101","tract",2023,"education_state_rnk",45.8391
"24005492102","tract",2023,"education_state_rnk",41.4355
"24005492200","tract",2023,"education_state_rnk",21.0818
"24005492300","tract",2023,"education_state_rnk",75.6588
"24005492401","tract",2023,"education_state_rnk",76.9764
"24005492402","tract",2023,"education_state_rnk",17.4064
"24005492500","tract",2023,"education_state_rnk",NA
"24005492600","tract",2023,"education_state_rnk",32.5936
"24005492700","tract",2023,"education_state_rnk",53.3981
"24005980100","tract",2023,"education_state_rnk",NA
"24005980200","tract",2023,"education_state_rnk",NA
"24009860103","tract",2023,"education_state_rnk",42.8571
"24009860200","tract",2023,"education_state_rnk",23.509
"24009860300","tract",2023,"education_state_rnk",27.8779
"24009860402","tract",2023,"education_state_rnk",58.9459
"24009860403","tract",2023,"education_state_rnk",55.7212
"24009860404","tract",2023,"education_state_rnk",64.0083
"24009860501","tract",2023,"education_state_rnk",26.6644
"24009860502","tract",2023,"education_state_rnk",57.6283
"24009860600","tract",2023,"education_state_rnk",61.4078
"24009860701","tract",2023,"education_state_rnk",57.8363
"24009860702","tract",2023,"education_state_rnk",25.4161
"24009860703","tract",2023,"education_state_rnk",54.577
"24009860801","tract",2023,"education_state_rnk",24.4105
"24009860901","tract",2023,"education_state_rnk",5.6865
"24009860902","tract",2023,"education_state_rnk",67.129
"24009861003","tract",2023,"education_state_rnk",33.2871
"24009861004","tract",2023,"education_state_rnk",57.767
"24009861100","tract",2023,"education_state_rnk",25.104
"24009990100","tract",2023,"education_state_rnk",NA
"24011955000","tract",2023,"education_state_rnk",99.0985
"24011955100","tract",2023,"education_state_rnk",87.3786
"24011955201","tract",2023,"education_state_rnk",84.466
"24011955202","tract",2023,"education_state_rnk",50.5201
"24011955301","tract",2023,"education_state_rnk",83.2871
"24011955302","tract",2023,"education_state_rnk",94.5908
"24011955400","tract",2023,"education_state_rnk",53.5368
"24011955500","tract",2023,"education_state_rnk",69.2788
"24011955600","tract",2023,"education_state_rnk",92.6491
"24013501001","tract",2023,"education_state_rnk",74.8266
"24013501002","tract",2023,"education_state_rnk",43.724
"24013502000","tract",2023,"education_state_rnk",60.8183
"24013503000","tract",2023,"education_state_rnk",61.8932
"24013504100","tract",2023,"education_state_rnk",31.6574
"24013504201","tract",2023,"education_state_rnk",23.9945
"24013504202","tract",2023,"education_state_rnk",73.4743
"24013505101","tract",2023,"education_state_rnk",28.7795
"24013505102","tract",2023,"education_state_rnk",32.663
"24013505203","tract",2023,"education_state_rnk",25.3121
"24013505205","tract",2023,"education_state_rnk",28.3981
"24013505206","tract",2023,"education_state_rnk",27.2538
"24013505207","tract",2023,"education_state_rnk",40.846
"24013505208","tract",2023,"education_state_rnk",24.7573
"24013506101","tract",2023,"education_state_rnk",38.0721
"24013506102","tract",2023,"education_state_rnk",47.5728
"24013506200","tract",2023,"education_state_rnk",48.613
"24013507500","tract",2023,"education_state_rnk",69.4868
"24013507601","tract",2023,"education_state_rnk",60.2982
"24013507602","tract",2023,"education_state_rnk",42.6838
"24013507702","tract",2023,"education_state_rnk",39.0083
"24013507703","tract",2023,"education_state_rnk",28.5714
"24013507704","tract",2023,"education_state_rnk",40.3606
"24013507801","tract",2023,"education_state_rnk",65.9847
"24013507802","tract",2023,"education_state_rnk",44.5908
"24013508103","tract",2023,"education_state_rnk",44.1401
"24013508200","tract",2023,"education_state_rnk",57.4202
"24013509001","tract",2023,"education_state_rnk",49.0291
"24013509002","tract",2023,"education_state_rnk",15.2566
"24013510000","tract",2023,"education_state_rnk",85.4369
"24013511000","tract",2023,"education_state_rnk",33.3564
"24013512000","tract",2023,"education_state_rnk",77.6699
"24013513001","tract",2023,"education_state_rnk",31.6574
"24013513002","tract",2023,"education_state_rnk",32.3856
"24013514100","tract",2023,"education_state_rnk",30.0971
"24013514201","tract",2023,"education_state_rnk",53.6755
"24013514202","tract",2023,"education_state_rnk",21.4286
"24015030100","tract",2023,"education_state_rnk",46.6713
"24015030200","tract",2023,"education_state_rnk",66.9209
"24015030400","tract",2023,"education_state_rnk",92.5104
"24015030501","tract",2023,"education_state_rnk",67.9612
"24015030503","tract",2023,"education_state_rnk",68.2386
"24015030505","tract",2023,"education_state_rnk",68.5853
"24015030507","tract",2023,"education_state_rnk",73.9945
"24015030508","tract",2023,"education_state_rnk",71.1165
"24015030601","tract",2023,"education_state_rnk",75.1734
"24015030602","tract",2023,"education_state_rnk",40.3606
"24015030700","tract",2023,"education_state_rnk",72.7462
"24015030903","tract",2023,"education_state_rnk",63.4189
"24015030904","tract",2023,"education_state_rnk",24.2025
"24015030905","tract",2023,"education_state_rnk",53.8141
"24015030907","tract",2023,"education_state_rnk",26.5603
"24015030908","tract",2023,"education_state_rnk",67.5451
"24015031201","tract",2023,"education_state_rnk",65.1872
"24015031202","tract",2023,"education_state_rnk",58.2524
"24015031301","tract",2023,"education_state_rnk",69.3481
"24015031302","tract",2023,"education_state_rnk",68.516
"24015031400","tract",2023,"education_state_rnk",61.7198
"24017850101","tract",2023,"education_state_rnk",59.0153
"24017850102","tract",2023,"education_state_rnk",59.0846
"24017850201","tract",2023,"education_state_rnk",90.2913
"24017850202","tract",2023,"education_state_rnk",56.3107
"24017850300","tract",2023,"education_state_rnk",65.0832
"24017850400","tract",2023,"education_state_rnk",63.5229
"24017850500","tract",2023,"education_state_rnk",50.6935
"24017850600","tract",2023,"education_state_rnk",54.8197
"24017850706","tract",2023,"education_state_rnk",38.2108
"24017850708","tract",2023,"education_state_rnk",34.3967
"24017850709","tract",2023,"education_state_rnk",35.6103
"24017850710","tract",2023,"education_state_rnk",53.4674
"24017850711","tract",2023,"education_state_rnk",65.3259
"24017850712","tract",2023,"education_state_rnk",37.6907
"24017850713","tract",2023,"education_state_rnk",54.4036
"24017850801","tract",2023,"education_state_rnk",90.43
"24017850802","tract",2023,"education_state_rnk",66.2968
"24017850901","tract",2023,"education_state_rnk",82.1775
"24017850902","tract",2023,"education_state_rnk",51.1096
"24017850904","tract",2023,"education_state_rnk",30.4438
"24017850905","tract",2023,"education_state_rnk",25.5548
"24017850906","tract",2023,"education_state_rnk",74.9653
"24017851001","tract",2023,"education_state_rnk",45.0069
"24017851003","tract",2023,"education_state_rnk",47.7115
"24017851004","tract",2023,"education_state_rnk",66.5742
"24017851100","tract",2023,"education_state_rnk",7.0042
"24017851200","tract",2023,"education_state_rnk",75.5548
"24017851301","tract",2023,"education_state_rnk",79.4036
"24017851302","tract",2023,"education_state_rnk",61.6505
"24017851401","tract",2023,"education_state_rnk",37.9681
"24017851402","tract",2023,"education_state_rnk",19.9723
"24017851403","tract",2023,"education_state_rnk",45.215
"24017851501","tract",2023,"education_state_rnk",35.9223
"24017851502","tract",2023,"education_state_rnk",50.6241
"24017990000","tract",2023,"education_state_rnk",NA
"24019970100","tract",2023,"education_state_rnk",81.6227
"24019970200","tract",2023,"education_state_rnk",90.7074
"24019970300","tract",2023,"education_state_rnk",87.5173
"24019970400","tract",2023,"education_state_rnk",75.9362
"24019970500","tract",2023,"education_state_rnk",95.8044
"24019970600","tract",2023,"education_state_rnk",80.0277
"24019970702","tract",2023,"education_state_rnk",50.2774
"24019970804","tract",2023,"education_state_rnk",39.9445
"24019970900","tract",2023,"education_state_rnk",85.5756
"24019990000","tract",2023,"education_state_rnk",NA
"24021740200","tract",2023,"education_state_rnk",33.0791
"24021750100","tract",2023,"education_state_rnk",13.0374
"24021750200","tract",2023,"education_state_rnk",10.8183
"24021750300","tract",2023,"education_state_rnk",28.3981
"24021750504","tract",2023,"education_state_rnk",43.5506
"24021750505","tract",2023,"education_state_rnk",90.638
"24021750506","tract",2023,"education_state_rnk",89.043
"24021750507","tract",2023,"education_state_rnk",97.7809
"24021750508","tract",2023,"education_state_rnk",91.9556
"24021750600","tract",2023,"education_state_rnk",42.1637
"24021750701","tract",2023,"education_state_rnk",83.1484
"24021750702","tract",2023,"education_state_rnk",82.8017
"24021750801","tract",2023,"education_state_rnk",42.3024
"24021750802","tract",2023,"education_state_rnk",6.0333
"24021750804","tract",2023,"education_state_rnk",30.6172
"24021750805","tract",2023,"education_state_rnk",13.2108
"24021751001","tract",2023,"education_state_rnk",41.8169
"24021751002","tract",2023,"education_state_rnk",31.8308
"24021751003","tract",2023,"education_state_rnk",51.387
"24021751004","tract",2023,"education_state_rnk",32.4549
"24021751201","tract",2023,"education_state_rnk",20.9431
"24021751202","tract",2023,"education_state_rnk",34.3273
"24021751203","tract",2023,"education_state_rnk",17.9612
"24021751301","tract",2023,"education_state_rnk",29.0915
"24021751302","tract",2023,"education_state_rnk",74.7573
"24021751600","tract",2023,"education_state_rnk",49.1331
"24021751701","tract",2023,"education_state_rnk",76.699
"24021751702","tract",2023,"education_state_rnk",30.9986
"24021751801","tract",2023,"education_state_rnk",31.7614
"24021751802","tract",2023,"education_state_rnk",11.3037
"24021751902","tract",2023,"education_state_rnk",24.896
"24021751903","tract",2023,"education_state_rnk",30.1664
"24021751904","tract",2023,"education_state_rnk",34.5007
"24021751905","tract",2023,"education_state_rnk",17.4064
"24021751906","tract",2023,"education_state_rnk",38.9043
"24021752001","tract",2023,"education_state_rnk",31.4147
"24021752101","tract",2023,"education_state_rnk",29.9584
"24021752102","tract",2023,"education_state_rnk",27.8086
"24021752201","tract",2023,"education_state_rnk",37.1706
"24021752202","tract",2023,"education_state_rnk",38.2108
"24021752205","tract",2023,"education_state_rnk",26.2136
"24021752206","tract",2023,"education_state_rnk",38.4882
"24021752301","tract",2023,"education_state_rnk",33.9459
"24021752302","tract",2023,"education_state_rnk",19.8336
"24021752303","tract",2023,"education_state_rnk",22.8849
"24021752501","tract",2023,"education_state_rnk",60.6449
"24021752502","tract",2023,"education_state_rnk",10.1248
"24021752601","tract",2023,"education_state_rnk",29.7157
"24021752602","tract",2023,"education_state_rnk",43.4466
"24021752603","tract",2023,"education_state_rnk",39.6671
"24021752801","tract",2023,"education_state_rnk",54.8197
"24021752802","tract",2023,"education_state_rnk",49.3759
"24021752900","tract",2023,"education_state_rnk",41.2621
"24021753001","tract",2023,"education_state_rnk",52.0111
"24021753002","tract",2023,"education_state_rnk",77.4965
"24021765100","tract",2023,"education_state_rnk",85.7836
"24021766800","tract",2023,"education_state_rnk",NA
"24021767500","tract",2023,"education_state_rnk",72.2261
"24021767600","tract",2023,"education_state_rnk",71.1165
"24021770700","tract",2023,"education_state_rnk",21.2205
"24021772200","tract",2023,"education_state_rnk",43.1692
"24021773500","tract",2023,"education_state_rnk",70.2843
"24021775302","tract",2023,"education_state_rnk",40.1526
"24021775400","tract",2023,"education_state_rnk",60.0208
"24021775600","tract",2023,"education_state_rnk",31.9001
"24023000100","tract",2023,"education_state_rnk",72.8155
"24023000200","tract",2023,"education_state_rnk",74.3412
"24023000300","tract",2023,"education_state_rnk",64.7712
"24023000400","tract",2023,"education_state_rnk",84.1193
"24023000501","tract",2023,"education_state_rnk",9.9168
"24023000502","tract",2023,"education_state_rnk",49.792
"24023000601","tract",2023,"education_state_rnk",65.4646
"24023000602","tract",2023,"education_state_rnk",41.7476
"24023000700","tract",2023,"education_state_rnk",81.2067
"24025301102","tract",2023,"education_state_rnk",55.9986
"24025301105","tract",2023,"education_state_rnk",35.5062
"24025301106","tract",2023,"education_state_rnk",54.2302
"24025301107","tract",2023,"education_state_rnk",43.1692
"24025301108","tract",2023,"education_state_rnk",10.749
"24025301201","tract",2023,"education_state_rnk",40.9847
"24025301202","tract",2023,"education_state_rnk",31.068
"24025301204","tract",2023,"education_state_rnk",28.6408
"24025301205","tract",2023,"education_state_rnk",21.9487
"24025301301","tract",2023,"education_state_rnk",51.9417
"24025301302","tract",2023,"education_state_rnk",85.7143
"24025301401","tract",2023,"education_state_rnk",37.1012
"24025301402","tract",2023,"education_state_rnk",36.2344
"24025301601","tract",2023,"education_state_rnk",43.62
"24025301602","tract",2023,"education_state_rnk",34.1886
"24025301703","tract",2023,"education_state_rnk",22.6422
"24025301704","tract",2023,"education_state_rnk",29.0915
"24025301705","tract",2023,"education_state_rnk",26.0749
"24025301706","tract",2023,"education_state_rnk",17.129
"24025301707","tract",2023,"education_state_rnk",29.7157
"24025302100","tract",2023,"education_state_rnk",14.7712
"24025302200","tract",2023,"education_state_rnk",35.2982
"24025302400","tract",2023,"education_state_rnk",56.1026
"24025302801","tract",2023,"education_state_rnk",66.1581
"24025302802","tract",2023,"education_state_rnk",75.5548
"24025302901","tract",2023,"education_state_rnk",70.527
"24025302902","tract",2023,"education_state_rnk",73.1623
"24025303101","tract",2023,"education_state_rnk",46.2552
"24025303102","tract",2023,"education_state_rnk",33.4258
"24025303201","tract",2023,"education_state_rnk",36.4078
"24025303203","tract",2023,"education_state_rnk",38.835
"24025303204","tract",2023,"education_state_rnk",57.3509
"24025303205","tract",2023,"education_state_rnk",48.9598
"24025303206","tract",2023,"education_state_rnk",41.9556
"24025303300","tract",2023,"education_state_rnk",9.6741
"24025303400","tract",2023,"education_state_rnk",14.7018
"24025303501","tract",2023,"education_state_rnk",37.0319
"24025303502","tract",2023,"education_state_rnk",24.3412
"24025303602","tract",2023,"education_state_rnk",27.1151
"24025303603","tract",2023,"education_state_rnk",49.2718
"24025303605","tract",2023,"education_state_rnk",55.9986
"24025303606","tract",2023,"education_state_rnk",21.3592
"24025303700","tract",2023,"education_state_rnk",28.9182
"24025303801","tract",2023,"education_state_rnk",61.1304
"24025303802","tract",2023,"education_state_rnk",28.2247
"24025303803","tract",2023,"education_state_rnk",74.2025
"24025303900","tract",2023,"education_state_rnk",51.595
"24025304101","tract",2023,"education_state_rnk",43.828
"24025304102","tract",2023,"education_state_rnk",39.5284
"24025304201","tract",2023,"education_state_rnk",35.4369
"24025304202","tract",2023,"education_state_rnk",15.8807
"24025305100","tract",2023,"education_state_rnk",51.699
"24025305200","tract",2023,"education_state_rnk",75.7282
"24025305300","tract",2023,"education_state_rnk",81.9001
"24025306100","tract",2023,"education_state_rnk",64.0777
"24025306200","tract",2023,"education_state_rnk",21.7753
"24025306300","tract",2023,"education_state_rnk",44.4521
"24025306400","tract",2023,"education_state_rnk",35.0208
"24025306500","tract",2023,"education_state_rnk",53.9528
"24027601103","tract",2023,"education_state_rnk",7.0735
"24027601104","tract",2023,"education_state_rnk",28.7101
"24027601105","tract",2023,"education_state_rnk",11.5118
"24027601107","tract",2023,"education_state_rnk",74.896
"24027601108","tract",2023,"education_state_rnk",45.7004
"24027601203","tract",2023,"education_state_rnk",25.4161
"24027601204","tract",2023,"education_state_rnk",44.3135
"24027601205","tract",2023,"education_state_rnk",52.4965
"24027601206","tract",2023,"education_state_rnk",65.7074
"24027602100","tract",2023,"education_state_rnk",12.6907
"24027602201","tract",2023,"education_state_rnk",21.706
"24027602202","tract",2023,"education_state_rnk",24.8266
"24027602302","tract",2023,"education_state_rnk",64.251
"24027602303","tract",2023,"education_state_rnk",12.1359
"24027602304","tract",2023,"education_state_rnk",11.0957
"24027602305","tract",2023,"education_state_rnk",23.613
"24027602306","tract",2023,"education_state_rnk",9.0846
"24027602600","tract",2023,"education_state_rnk",61.4078
"24027602700","tract",2023,"education_state_rnk",19.4175
"24027602800","tract",2023,"education_state_rnk",50.4161
"24027602900","tract",2023,"education_state_rnk",5.8946
"24027603001","tract",2023,"education_state_rnk",19.4868
"24027603003","tract",2023,"education_state_rnk",11.6505
"24027603004","tract",2023,"education_state_rnk",6.6574
"24027604001","tract",2023,"education_state_rnk",40.2219
"24027604003","tract",2023,"education_state_rnk",24.9653
"24027604004","tract",2023,"education_state_rnk",22.2607
"24027605103","tract",2023,"education_state_rnk",5.8252
"24027605104","tract",2023,"education_state_rnk",25.7282
"24027605105","tract",2023,"education_state_rnk",5.6172
"24027605106","tract",2023,"education_state_rnk",23.1969
"24027605401","tract",2023,"education_state_rnk",28.294
"24027605403","tract",2023,"education_state_rnk",14.8405
"24027605404","tract",2023,"education_state_rnk",0.2774
"24027605502","tract",2023,"education_state_rnk",14.2857
"24027605503","tract",2023,"education_state_rnk",28.1553
"24027605504","tract",2023,"education_state_rnk",12.2746
"24027605505","tract",2023,"education_state_rnk",11.9279
"24027605601","tract",2023,"education_state_rnk",41.8863
"24027605602","tract",2023,"education_state_rnk",28.086
"24027606601","tract",2023,"education_state_rnk",9.2233
"24027606603","tract",2023,"education_state_rnk",64.6325
"24027606604","tract",2023,"education_state_rnk",57.2816
"24027606606","tract",2023,"education_state_rnk",62.2746
"24027606607","tract",2023,"education_state_rnk",11.8239
"24027606701","tract",2023,"education_state_rnk",6.5881
"24027606704","tract",2023,"education_state_rnk",27.3232
"24027606706","tract",2023,"education_state_rnk",10.5756
"24027606708","tract",2023,"education_state_rnk",7.6283
"24027606803","tract",2023,"education_state_rnk",12.4133
"24027606804","tract",2023,"education_state_rnk",6.4494
"24027606805","tract",2023,"education_state_rnk",15.6727
"24027606807","tract",2023,"education_state_rnk",4.2996
"24027606808","tract",2023,"education_state_rnk",33.6338
"24027606901","tract",2023,"education_state_rnk",78.7448
"24027606904","tract",2023,"education_state_rnk",34.8821
"24027606905","tract",2023,"education_state_rnk",13.5576
"24027606906","tract",2023,"education_state_rnk",58.5298
"24027606907","tract",2023,"education_state_rnk",76.8377
"24029950100","tract",2023,"education_state_rnk",76.0749
"24029950200","tract",2023,"education_state_rnk",41.1234
"24029950300","tract",2023,"education_state_rnk",70.5964
"24029950400","tract",2023,"education_state_rnk",5.1318
"24029950500","tract",2023,"education_state_rnk",33.7725
"24029990000","tract",2023,"education_state_rnk",NA
"24031700101","tract",2023,"education_state_rnk",12.8988
"24031700103","tract",2023,"education_state_rnk",34.5007
"24031700104","tract",2023,"education_state_rnk",51.8377
"24031700105","tract",2023,"education_state_rnk",52.1498
"24031700204","tract",2023,"education_state_rnk",52.3578
"24031700206","tract",2023,"education_state_rnk",63.8696
"24031700207","tract",2023,"education_state_rnk",60.4716
"24031700208","tract",2023,"education_state_rnk",60.1942
"24031700209","tract",2023,"education_state_rnk",12.4827
"24031700210","tract",2023,"education_state_rnk",16.1581
"24031700306","tract",2023,"education_state_rnk",40.0139
"24031700308","tract",2023,"education_state_rnk",37.6907
"24031700309","tract",2023,"education_state_rnk",29.4036
"24031700310","tract",2023,"education_state_rnk",56.4147
"24031700313","tract",2023,"education_state_rnk",56.172
"24031700314","tract",2023,"education_state_rnk",11.9972
"24031700315","tract",2023,"education_state_rnk",65.3953
"24031700316","tract",2023,"education_state_rnk",29.889
"24031700317","tract",2023,"education_state_rnk",18.7933
"24031700318","tract",2023,"education_state_rnk",37.3786
"24031700400","tract",2023,"education_state_rnk",25.8669
"24031700500","tract",2023,"education_state_rnk",17.0596
"24031700604","tract",2023,"education_state_rnk",23.3703
"24031700606","tract",2023,"education_state_rnk",26.1442
"24031700608","tract",2023,"education_state_rnk",16.2275
"24031700610","tract",2023,"education_state_rnk",24.2718
"24031700611","tract",2023,"education_state_rnk",27.6699
"24031700613","tract",2023,"education_state_rnk",29.473
"24031700614","tract",2023,"education_state_rnk",69.5562
"24031700615","tract",2023,"education_state_rnk",15.1179
"24031700616","tract",2023,"education_state_rnk",15.6033
"24031700617","tract",2023,"education_state_rnk",26.0055
"24031700618","tract",2023,"education_state_rnk",8.1831
"24031700706","tract",2023,"education_state_rnk",59.362
"24031700710","tract",2023,"education_state_rnk",89.251
"24031700711","tract",2023,"education_state_rnk",45.7698
"24031700713","tract",2023,"education_state_rnk",94.8682
"24031700715","tract",2023,"education_state_rnk",91.2621
"24031700718","tract",2023,"education_state_rnk",5.4092
"24031700720","tract",2023,"education_state_rnk",77.8779
"24031700721","tract",2023,"education_state_rnk",40.7767
"24031700723","tract",2023,"education_state_rnk",22.1567
"24031700724","tract",2023,"education_state_rnk",95.0069
"24031700725","tract",2023,"education_state_rnk",97.9196
"24031700726","tract",2023,"education_state_rnk",77.3925
"24031700727","tract",2023,"education_state_rnk",95.3537
"24031700728","tract",2023,"education_state_rnk",37.2746
"24031700729","tract",2023,"education_state_rnk",58.1137
"24031700730","tract",2023,"education_state_rnk",47.8502
"24031700731","tract",2023,"education_state_rnk",92.233
"24031700732","tract",2023,"education_state_rnk",98.405
"24031700733","tract",2023,"education_state_rnk",65.5687
"24031700810","tract",2023,"education_state_rnk",52.8433
"24031700811","tract",2023,"education_state_rnk",89.5631
"24031700812","tract",2023,"education_state_rnk",86.7545
"24031700813","tract",2023,"education_state_rnk",53.8835
"24031700815","tract",2023,"education_state_rnk",84.9515
"24031700818","tract",2023,"education_state_rnk",78.086
"24031700819","tract",2023,"education_state_rnk",61.7892
"24031700820","tract",2023,"education_state_rnk",80.7212
"24031700822","tract",2023,"education_state_rnk",83.0791
"24031700823","tract",2023,"education_state_rnk",37.5867
"24031700824","tract",2023,"education_state_rnk",4.9584
"24031700826","tract",2023,"education_state_rnk",2.2885
"24031700828","tract",2023,"education_state_rnk",10.957
"24031700829","tract",2023,"education_state_rnk",3.7448
"24031700830","tract",2023,"education_state_rnk",35.1595
"24031700832","tract",2023,"education_state_rnk",91.1928
"24031700833","tract",2023,"education_state_rnk",93.9667
"24031700834","tract",2023,"education_state_rnk",71.914
"24031700835","tract",2023,"education_state_rnk",31.276
"24031700836","tract",2023,"education_state_rnk",19.1401
"24031700837","tract",2023,"education_state_rnk",23.9251
"24031700838","tract",2023,"education_state_rnk",7.6976
"24031700839","tract",2023,"education_state_rnk",10.8877
"24031700901","tract",2023,"education_state_rnk",1.8031
"24031700902","tract",2023,"education_state_rnk",70.6657
"24031700903","tract",2023,"education_state_rnk",89.1123
"24031700904","tract",2023,"education_state_rnk",57.4896
"24031700905","tract",2023,"education_state_rnk",48.509
"24031701001","tract",2023,"education_state_rnk",26.9417
"24031701002","tract",2023,"education_state_rnk",8.9112
"24031701004","tract",2023,"education_state_rnk",47.1567
"24031701005","tract",2023,"education_state_rnk",36.4771
"24031701006","tract",2023,"education_state_rnk",39.0083
"24031701007","tract",2023,"education_state_rnk",14.3551
"24031701101","tract",2023,"education_state_rnk",45.9431
"24031701102","tract",2023,"education_state_rnk",51.3176
"24031701201","tract",2023,"education_state_rnk",62.8294
"24031701202","tract",2023,"education_state_rnk",3.8835
"24031701205","tract",2023,"education_state_rnk",23.7864
"24031701206","tract",2023,"education_state_rnk",19.0707
"24031701210","tract",2023,"education_state_rnk",8.0791
"24031701211","tract",2023,"education_state_rnk",20.8391
"24031701212","tract",2023,"education_state_rnk",10.2635
"24031701214","tract",2023,"education_state_rnk",6.276
"24031701215","tract",2023,"education_state_rnk",3.3287
"24031701216","tract",2023,"education_state_rnk",1.5257
"24031701218","tract",2023,"education_state_rnk",5.3398
"24031701219","tract",2023,"education_state_rnk",80.8599
"24031701220","tract",2023,"education_state_rnk",6.172
"24031701221","tract",2023,"education_state_rnk",16.0541
"24031701222","tract",2023,"education_state_rnk",1.0402
"24031701223","tract",2023,"education_state_rnk",4.1609
"24031701303","tract",2023,"education_state_rnk",3.3981
"24031701304","tract",2023,"education_state_rnk",43.8974
"24031701306","tract",2023,"education_state_rnk",3.6755
"24031701307","tract",2023,"education_state_rnk",19.9029
"24031701308","tract",2023,"education_state_rnk",18.6546
"24031701312","tract",2023,"education_state_rnk",49.9307
"24031701313","tract",2023,"education_state_rnk",49.2718
"24031701314","tract",2023,"education_state_rnk",15.742
"24031701315","tract",2023,"education_state_rnk",22.6422
"24031701316","tract",2023,"education_state_rnk",46.6019
"24031701317","tract",2023,"education_state_rnk",16.3662
"24031701407","tract",2023,"education_state_rnk",17.5451
"24031701408","tract",2023,"education_state_rnk",50.7975
"24031701409","tract",2023,"education_state_rnk",13.3148
"24031701414","tract",2023,"education_state_rnk",31.5534
"24031701415","tract",2023,"education_state_rnk",59.57
"24031701417","tract",2023,"education_state_rnk",62.3786
"24031701418","tract",2023,"education_state_rnk",67.6144
"24031701422","tract",2023,"education_state_rnk",74.6879
"24031701423","tract",2023,"education_state_rnk",60.1248
"24031701424","tract",2023,"education_state_rnk",79.5423
"24031701425","tract",2023,"education_state_rnk",25.6588
"24031701426","tract",2023,"education_state_rnk",70.7351
"24031701427","tract",2023,"education_state_rnk",56.2413
"24031701503","tract",2023,"education_state_rnk",79.1262
"24031701505","tract",2023,"education_state_rnk",73.8904
"24031701506","tract",2023,"education_state_rnk",26.2829
"24031701507","tract",2023,"education_state_rnk",13.5576
"24031701508","tract",2023,"education_state_rnk",76.0055
"24031701509","tract",2023,"education_state_rnk",82.0388
"24031701601","tract",2023,"education_state_rnk",87.9334
"24031701602","tract",2023,"education_state_rnk",99.3065
"24031701701","tract",2023,"education_state_rnk",15.3606
"24031701702","tract",2023,"education_state_rnk",80.3051
"24031701703","tract",2023,"education_state_rnk",52.2885
"24031701704","tract",2023,"education_state_rnk",29.5423
"24031701800","tract",2023,"education_state_rnk",31.1373
"24031701900","tract",2023,"education_state_rnk",97.5035
"24031702000","tract",2023,"education_state_rnk",99.6533
"24031702101","tract",2023,"education_state_rnk",93.7587
"24031702102","tract",2023,"education_state_rnk",7.8363
"24031702200","tract",2023,"education_state_rnk",21.9487
"24031702301","tract",2023,"education_state_rnk",90.9501
"24031702302","tract",2023,"education_state_rnk",43.724
"24031702401","tract",2023,"education_state_rnk",14.5631
"24031702402","tract",2023,"education_state_rnk",21.5326
"24031702501","tract",2023,"education_state_rnk",1.7337
"24031702502","tract",2023,"education_state_rnk",19.0014
"24031702503","tract",2023,"education_state_rnk",1.595
"24031702602","tract",2023,"education_state_rnk",37.448
"24031702603","tract",2023,"education_state_rnk",3.0513
"24031702604","tract",2023,"education_state_rnk",8.0791
"24031702700","tract",2023,"education_state_rnk",70.2843
"24031702800","tract",2023,"education_state_rnk",2.4272
"24031702900","tract",2023,"education_state_rnk",5.2011
"24031703000","tract",2023,"education_state_rnk",8.3911
"24031703100","tract",2023,"education_state_rnk",53.6061
"24031703201","tract",2023,"education_state_rnk",66.3662
"24031703202","tract",2023,"education_state_rnk",18.4119
"24031703206","tract",2023,"education_state_rnk",19.2094
"24031703207","tract",2023,"education_state_rnk",91.5395
"24031703208","tract",2023,"education_state_rnk",20.423
"24031703209","tract",2023,"education_state_rnk",32.7323
"24031703210","tract",2023,"education_state_rnk",16.2968
"24031703213","tract",2023,"education_state_rnk",93.2732
"24031703214","tract",2023,"education_state_rnk",87.448
"24031703215","tract",2023,"education_state_rnk",92.1637
"24031703216","tract",2023,"education_state_rnk",28.8488
"24031703218","tract",2023,"education_state_rnk",2.0111
"24031703219","tract",2023,"education_state_rnk",0.3467
"24031703220","tract",2023,"education_state_rnk",68.1345
"24031703221","tract",2023,"education_state_rnk",39.4591
"24031703222","tract",2023,"education_state_rnk",66.4702
"24031703223","tract",2023,"education_state_rnk",40.4993
"24031703301","tract",2023,"education_state_rnk",96.3939
"24031703302","tract",2023,"education_state_rnk",91.4702
"24031703401","tract",2023,"education_state_rnk",90.7767
"24031703402","tract",2023,"education_state_rnk",83.7725
"24031703403","tract",2023,"education_state_rnk",94.0361
"24031703404","tract",2023,"education_state_rnk",98.8904
"24031703501","tract",2023,"education_state_rnk",87.1706
"24031703502","tract",2023,"education_state_rnk",34.9515
"24031703601","tract",2023,"education_state_rnk",31.2067
"24031703602","tract",2023,"education_state_rnk",6.5187
"24031703701","tract",2023,"education_state_rnk",98.5437
"24031703702","tract",2023,"education_state_rnk",89.5631
"24031703800","tract",2023,"education_state_rnk",40.638
"24031703901","tract",2023,"education_state_rnk",22.7462
"24031703902","tract",2023,"education_state_rnk",69.0707
"24031704000","tract",2023,"education_state_rnk",45.5617
"24031704100","tract",2023,"education_state_rnk",2.0804
"24031704200","tract",2023,"education_state_rnk",22.4341
"24031704300","tract",2023,"education_state_rnk",24.1331
"24031704401","tract",2023,"education_state_rnk",3.2594
"24031704403","tract",2023,"education_state_rnk",1.2483
"24031704404","tract",2023,"education_state_rnk",7.975
"24031704501","tract",2023,"education_state_rnk",2.4965
"24031704502","tract",2023,"education_state_rnk",5.4785
"24031704503","tract",2023,"education_state_rnk",24.6879
"24031704600","tract",2023,"education_state_rnk",4.785
"24031704700","tract",2023,"education_state_rnk",9.6741
"24031704803","tract",2023,"education_state_rnk",8.6685
"24031704804","tract",2023,"education_state_rnk",0.5895
"24031704805","tract",2023,"education_state_rnk",3.5368
"24031704806","tract",2023,"education_state_rnk",0.0693
"24031705000","tract",2023,"education_state_rnk",13.4535
"24031705100","tract",2023,"education_state_rnk",6.9348
"24031705200","tract",2023,"education_state_rnk",4.4383
"24031705300","tract",2023,"education_state_rnk",2.6352
"24031705400","tract",2023,"education_state_rnk",12.0666
"24031705501","tract",2023,"education_state_rnk",7.9057
"24031705502","tract",2023,"education_state_rnk",11.2344
"24031705601","tract",2023,"education_state_rnk",10.4716
"24031705602","tract",2023,"education_state_rnk",4.0915
"24031705701","tract",2023,"education_state_rnk",12.8294
"24031705702","tract",2023,"education_state_rnk",10.4022
"24031705800","tract",2023,"education_state_rnk",4.2302
"24031705901","tract",2023,"education_state_rnk",0.7628
"24031705902","tract",2023,"education_state_rnk",3.9528
"24031705903","tract",2023,"education_state_rnk",2.7739
"24031706005","tract",2023,"education_state_rnk",14.4591
"24031706007","tract",2023,"education_state_rnk",11.165
"24031706008","tract",2023,"education_state_rnk",7.4202
"24031706009","tract",2023,"education_state_rnk",12.7601
"24031706010","tract",2023,"education_state_rnk",13.8696
"24031706011","tract",2023,"education_state_rnk",8.4605
"24031706012","tract",2023,"education_state_rnk",13.0374
"24031706013","tract",2023,"education_state_rnk",4.0222
"24033800102","tract",2023,"education_state_rnk",41.5742
"24033800103","tract",2023,"education_state_rnk",83.5992
"24033800105","tract",2023,"education_state_rnk",41.5742
"24033800106","tract",2023,"education_state_rnk",31.9695
"24033800108","tract",2023,"education_state_rnk",42.025
"24033800109","tract",2023,"education_state_rnk",97.3648
"24033800203","tract",2023,"education_state_rnk",30.7212
"24033800206","tract",2023,"education_state_rnk",46.0472
"24033800209","tract",2023,"education_state_rnk",83.4258
"24033800210","tract",2023,"education_state_rnk",85.0555
"24033800211","tract",2023,"education_state_rnk",40.0832
"24033800212","tract",2023,"education_state_rnk",30.3745
"24033800213","tract",2023,"education_state_rnk",45.9431
"24033800216","tract",2023,"education_state_rnk",9.3273
"24033800217","tract",2023,"education_state_rnk",32.0388
"24033800218","tract",2023,"education_state_rnk",84.3967
"24033800401","tract",2023,"education_state_rnk",32.5243
"24033800402","tract",2023,"education_state_rnk",52.982
"24033800403","tract",2023,"education_state_rnk",22.1567
"24033800408","tract",2023,"education_state_rnk",55.6172
"24033800409","tract",2023,"education_state_rnk",25.208
"24033800410","tract",2023,"education_state_rnk",45.3883
"24033800411","tract",2023,"education_state_rnk",46.4632
"24033800412","tract",2023,"education_state_rnk",91.1234
"24033800413","tract",2023,"education_state_rnk",45.215
"24033800504","tract",2023,"education_state_rnk",30.8252
"24033800505","tract",2023,"education_state_rnk",37.7947
"24033800507","tract",2023,"education_state_rnk",19.7642
"24033800511","tract",2023,"education_state_rnk",38.7656
"24033800513","tract",2023,"education_state_rnk",25.9362
"24033800514","tract",2023,"education_state_rnk",5.9639
"24033800515","tract",2023,"education_state_rnk",27.9473
"24033800516","tract",2023,"education_state_rnk",12.2746
"24033800517","tract",2023,"education_state_rnk",21.1512
"24033800518","tract",2023,"education_state_rnk",2.8433
"24033800519","tract",2023,"education_state_rnk",27.5312
"24033800520","tract",2023,"education_state_rnk",44.9376
"24033800521","tract",2023,"education_state_rnk",18.2386
"24033800522","tract",2023,"education_state_rnk",5.7559
"24033800605","tract",2023,"education_state_rnk",33.8419
"24033800606","tract",2023,"education_state_rnk",11.7198
"24033800607","tract",2023,"education_state_rnk",46.81
"24033800608","tract",2023,"education_state_rnk",17.6838
"24033800609","tract",2023,"education_state_rnk",63.1415
"24033800701","tract",2023,"education_state_rnk",4.577
"24033800704","tract",2023,"education_state_rnk",57.1429
"24033800705","tract",2023,"education_state_rnk",35.3675
"24033800706","tract",2023,"education_state_rnk",59.2926
"24033800707","tract",2023,"education_state_rnk",38.5576
"24033800800","tract",2023,"education_state_rnk",20.2497
"24033800900","tract",2023,"education_state_rnk",36.6852
"24033801003","tract",2023,"education_state_rnk",13.0374
"24033801004","tract",2023,"education_state_rnk",45.0763
"24033801005","tract",2023,"education_state_rnk",34.7434
"24033801006","tract",2023,"education_state_rnk",26.8031
"24033801105","tract",2023,"education_state_rnk",54.9931
"24033801106","tract",2023,"education_state_rnk",50.5201
"24033801207","tract",2023,"education_state_rnk",78.294
"24033801208","tract",2023,"education_state_rnk",44.0361
"24033801209","tract",2023,"education_state_rnk",61.1304
"24033801210","tract",2023,"education_state_rnk",29.2649
"24033801211","tract",2023,"education_state_rnk",64.8405
"24033801212","tract",2023,"education_state_rnk",83.4951
"24033801213","tract",2023,"education_state_rnk",69.6255
"24033801214","tract",2023,"education_state_rnk",79.681
"24033801215","tract",2023,"education_state_rnk",57.5589
"24033801216","tract",2023,"education_state_rnk",80.9986
"24033801217","tract",2023,"education_state_rnk",71.3592
"24033801302","tract",2023,"education_state_rnk",39.1817
"24033801305","tract",2023,"education_state_rnk",35.6103
"24033801307","tract",2023,"education_state_rnk",14.6325
"24033801308","tract",2023,"education_state_rnk",36.7545
"24033801309","tract",2023,"education_state_rnk",8.5645
"24033801310","tract",2023,"education_state_rnk",26.6644
"24033801311","tract",2023,"education_state_rnk",53.19
"24033801312","tract",2023,"education_state_rnk",65.8114
"24033801313","tract",2023,"education_state_rnk",64.147
"24033801404","tract",2023,"education_state_rnk",41.0541
"24033801405","tract",2023,"education_state_rnk",96.1859
"24033801406","tract",2023,"education_state_rnk",71.9834
"24033801407","tract",2023,"education_state_rnk",71.706
"24033801408","tract",2023,"education_state_rnk",66.4702
"24033801409","tract",2023,"education_state_rnk",67.8918
"24033801410","tract",2023,"education_state_rnk",42.4757
"24033801411","tract",2023,"education_state_rnk",63.4189
"24033801500","tract",2023,"education_state_rnk",95.8044
"24033801600","tract",2023,"education_state_rnk",72.1221
"24033801701","tract",2023,"education_state_rnk",67.337
"24033801702","tract",2023,"education_state_rnk",80.4785
"24033801704","tract",2023,"education_state_rnk",67.6838
"24033801707","tract",2023,"education_state_rnk",96.2552
"24033801709","tract",2023,"education_state_rnk",78.2247
"24033801801","tract",2023,"education_state_rnk",48.8904
"24033801802","tract",2023,"education_state_rnk",29.6117
"24033801807","tract",2023,"education_state_rnk",76.3523
"24033801808","tract",2023,"education_state_rnk",66.2275
"24033801809","tract",2023,"education_state_rnk",61.9972
"24033801901","tract",2023,"education_state_rnk",48.3356
"24033801904","tract",2023,"education_state_rnk",77.3232
"24033801905","tract",2023,"education_state_rnk",8.5645
"24033801906","tract",2023,"education_state_rnk",52.6352
"24033801907","tract",2023,"education_state_rnk",29.8197
"24033801908","tract",2023,"education_state_rnk",74.5492
"24033802001","tract",2023,"education_state_rnk",58.5992
"24033802002","tract",2023,"education_state_rnk",40.9154
"24033802103","tract",2023,"education_state_rnk",91.0541
"24033802104","tract",2023,"education_state_rnk",52.7739
"24033802106","tract",2023,"education_state_rnk",79.6117
"24033802107","tract",2023,"education_state_rnk",73.0236
"24033802201","tract",2023,"education_state_rnk",35.0902
"24033802203","tract",2023,"education_state_rnk",61.5811
"24033802204","tract",2023,"education_state_rnk",51.2483
"24033802301","tract",2023,"education_state_rnk",32.8363
"24033802404","tract",2023,"education_state_rnk",69.8336
"24033802405","tract",2023,"education_state_rnk",64.4938
"24033802406","tract",2023,"education_state_rnk",70.9431
"24033802407","tract",2023,"education_state_rnk",40.5687
"24033802408","tract",2023,"education_state_rnk",69.9723
"24033802501","tract",2023,"education_state_rnk",55.4438
"24033802502","tract",2023,"education_state_rnk",80.1664
"24033802600","tract",2023,"education_state_rnk",51.8377
"24033802700","tract",2023,"education_state_rnk",93.4813
"24033802803","tract",2023,"education_state_rnk",73.7517
"24033802804","tract",2023,"education_state_rnk",80.3051
"24033802805","tract",2023,"education_state_rnk",78.8488
"24033802901","tract",2023,"education_state_rnk",36.3384
"24033803001","tract",2023,"education_state_rnk",90.3606
"24033803002","tract",2023,"education_state_rnk",70.0416
"24033803100","tract",2023,"education_state_rnk",87.0319
"24033803200","tract",2023,"education_state_rnk",72.3301
"24033803300","tract",2023,"education_state_rnk",87.5867
"24033803403","tract",2023,"education_state_rnk",94.7989
"24033803508","tract",2023,"education_state_rnk",94.1054
"24033803509","tract",2023,"education_state_rnk",89.6671
"24033803512","tract",2023,"education_state_rnk",13.2108
"24033803513","tract",2023,"education_state_rnk",25.0347
"24033803514","tract",2023,"education_state_rnk",2.9126
"24033803516","tract",2023,"education_state_rnk",17.2677
"24033803519","tract",2023,"education_state_rnk",28.5021
"24033803520","tract",2023,"education_state_rnk",10.6796
"24033803521","tract",2023,"education_state_rnk",4.5076
"24033803524","tract",2023,"education_state_rnk",84.5354
"24033803525","tract",2023,"education_state_rnk",60.957
"24033803526","tract",2023,"education_state_rnk",39.7365
"24033803527","tract",2023,"education_state_rnk",42.4757
"24033803528","tract",2023,"education_state_rnk",16.5742
"24033803601","tract",2023,"education_state_rnk",83.2178
"24033803602","tract",2023,"education_state_rnk",82.5936
"24033803605","tract",2023,"education_state_rnk",94.6602
"24033803606","tract",2023,"education_state_rnk",96.6019
"24033803607","tract",2023,"education_state_rnk",76.6297
"24033803608","tract",2023,"education_state_rnk",93.0652
"24033803610","tract",2023,"education_state_rnk",94.3828
"24033803612","tract",2023,"education_state_rnk",69.1401
"24033803613","tract",2023,"education_state_rnk",86.1304
"24033803700","tract",2023,"education_state_rnk",98.0583
"24033803801","tract",2023,"education_state_rnk",96.9487
"24033803803","tract",2023,"education_state_rnk",97.018
"24033803900","tract",2023,"education_state_rnk",99.3759
"24033804001","tract",2023,"education_state_rnk",89.8058
"24033804002","tract",2023,"education_state_rnk",98.2663
"24033804101","tract",2023,"education_state_rnk",39.3204
"24033804102","tract",2023,"education_state_rnk",92.9958
"24033804200","tract",2023,"education_state_rnk",5.5479
"24033804300","tract",2023,"education_state_rnk",84.0499
"24033804400","tract",2023,"education_state_rnk",95.5617
"24033804600","tract",2023,"education_state_rnk",94.9376
"24033804700","tract",2023,"education_state_rnk",65.8807
"24033804801","tract",2023,"education_state_rnk",89.8752
"24033804802","tract",2023,"education_state_rnk",92.8571
"24033804900","tract",2023,"education_state_rnk",85.9917
"24033805000","tract",2023,"education_state_rnk",72.8849
"24033805101","tract",2023,"education_state_rnk",99.792
"24033805201","tract",2023,"education_state_rnk",98.9598
"24033805202","tract",2023,"education_state_rnk",88.7656
"24033805500","tract",2023,"education_state_rnk",99.4452
"24033805601","tract",2023,"education_state_rnk",99.9307
"24033805602","tract",2023,"education_state_rnk",100
"24033805700","tract",2023,"education_state_rnk",99.7226
"24033805801","tract",2023,"education_state_rnk",99.2372
"24033805802","tract",2023,"education_state_rnk",98.7517
"24033805904","tract",2023,"education_state_rnk",98.4743
"24033805906","tract",2023,"education_state_rnk",98.8211
"24033805907","tract",2023,"education_state_rnk",87.7254
"24033805908","tract",2023,"education_state_rnk",63.7309
"24033805909","tract",2023,"education_state_rnk",73.5784
"24033806000","tract",2023,"education_state_rnk",96.81
"24033806100","tract",2023,"education_state_rnk",55.4438
"24033806400","tract",2023,"education_state_rnk",17.1983
"24033806501","tract",2023,"education_state_rnk",97.9889
"24033806601","tract",2023,"education_state_rnk",99.5839
"24033806602","tract",2023,"education_state_rnk",97.0874
"24033806706","tract",2023,"education_state_rnk",80.0971
"24033806708","tract",2023,"education_state_rnk",39.8752
"24033806710","tract",2023,"education_state_rnk",39.5978
"24033806711","tract",2023,"education_state_rnk",65.7074
"24033806712","tract",2023,"education_state_rnk",23.0583
"24033806713","tract",2023,"education_state_rnk",93.5506
"24033806714","tract",2023,"education_state_rnk",86.6158
"24033806800","tract",2023,"education_state_rnk",81.068
"24033806900","tract",2023,"education_state_rnk",83.8419
"24033807000","tract",2023,"education_state_rnk",82.3509
"24033807102","tract",2023,"education_state_rnk",36.0264
"24033807301","tract",2023,"education_state_rnk",55.2705
"24033807304","tract",2023,"education_state_rnk",96.1165
"24033807305","tract",2023,"education_state_rnk",98.6824
"24033807404","tract",2023,"education_state_rnk",95.0763
"24033807405","tract",2023,"education_state_rnk",82.3509
"24033807407","tract",2023,"education_state_rnk",89.4591
"24033807408","tract",2023,"education_state_rnk",60.4022
"24033807409","tract",2023,"education_state_rnk",95.4577
"24033807410","tract",2023,"education_state_rnk",78.6408
"24033807500","tract",2023,"education_state_rnk",48.8211
"24033980000","tract",2023,"education_state_rnk",NA
"24035810100","tract",2023,"education_state_rnk",83.0097
"24035810200","tract",2023,"education_state_rnk",76.491
"24035810300","tract",2023,"education_state_rnk",62.656
"24035810400","tract",2023,"education_state_rnk",56.4147
"24035810500","tract",2023,"education_state_rnk",45.3883
"24035810600","tract",2023,"education_state_rnk",37.5173
"24035810700","tract",2023,"education_state_rnk",57.6976
"24035810800","tract",2023,"education_state_rnk",30.6172
"24035810901","tract",2023,"education_state_rnk",47.3648
"24035810902","tract",2023,"education_state_rnk",39.3897
"24035811000","tract",2023,"education_state_rnk",36.9626
"24035990000","tract",2023,"education_state_rnk",NA
"24035990100","tract",2023,"education_state_rnk",NA
"24035990200","tract",2023,"education_state_rnk",NA
"24037875000","tract",2023,"education_state_rnk",46.81
"24037875100","tract",2023,"education_state_rnk",69.6949
"24037875201","tract",2023,"education_state_rnk",40.3606
"24037875202","tract",2023,"education_state_rnk",55.8946
"24037875300","tract",2023,"education_state_rnk",53.2594
"24037875400","tract",2023,"education_state_rnk",31.484
"24037875501","tract",2023,"education_state_rnk",61.8932
"24037875502","tract",2023,"education_state_rnk",38.4189
"24037875601","tract",2023,"education_state_rnk",80.7906
"24037875602","tract",2023,"education_state_rnk",56.8655
"24037875700","tract",2023,"education_state_rnk",64.4244
"24037875803","tract",2023,"education_state_rnk",36.8932
"24037875903","tract",2023,"education_state_rnk",49.6186
"24037875904","tract",2023,"education_state_rnk",48.0583
"24037875905","tract",2023,"education_state_rnk",42.7878
"24037875906","tract",2023,"education_state_rnk",36.1304
"24037876001","tract",2023,"education_state_rnk",56.5881
"24037876003","tract",2023,"education_state_rnk",17.4064
"24037876004","tract",2023,"education_state_rnk",55.0624
"24037876101","tract",2023,"education_state_rnk",53.7448
"24037876102","tract",2023,"education_state_rnk",16.9903
"24037876200","tract",2023,"education_state_rnk",34.6047
"24037990000","tract",2023,"education_state_rnk",NA
"24039930101","tract",2023,"education_state_rnk",90.1526
"24039930102","tract",2023,"education_state_rnk",79.8544
"24039930200","tract",2023,"education_state_rnk",84.8821
"24039930500","tract",2023,"education_state_rnk",64.9445
"24039930600","tract",2023,"education_state_rnk",76.5603
"24039930800","tract",2023,"education_state_rnk",NA
"24039990100","tract",2023,"education_state_rnk",NA
"24041960100","tract",2023,"education_state_rnk",71.0125
"24041960201","tract",2023,"education_state_rnk",14.0083
"24041960300","tract",2023,"education_state_rnk",76.1442
"24041960400","tract",2023,"education_state_rnk",67.0596
"24041960501","tract",2023,"education_state_rnk",70.8738
"24041960502","tract",2023,"education_state_rnk",49.7226
"24041960600","tract",2023,"education_state_rnk",12.6214
"24041960700","tract",2023,"education_state_rnk",44.7295
"24041960800","tract",2023,"education_state_rnk",44.6602
"24041960900","tract",2023,"education_state_rnk",69.7642
"24041990000","tract",2023,"education_state_rnk",NA
"24043000100","tract",2023,"education_state_rnk",68.3773
"24043000200","tract",2023,"education_state_rnk",79.9584
"24043000301","tract",2023,"education_state_rnk",86.5465
"24043000302","tract",2023,"education_state_rnk",91.8863
"24043000400","tract",2023,"education_state_rnk",88.0374
"24043000500","tract",2023,"education_state_rnk",95.2843
"24043000601","tract",2023,"education_state_rnk",79.0569
"24043000602","tract",2023,"education_state_rnk",54.8197
"24043000700","tract",2023,"education_state_rnk",83.3564
"24043000800","tract",2023,"education_state_rnk",88.6269
"24043000900","tract",2023,"education_state_rnk",87.2399
"24043001001","tract",2023,"education_state_rnk",76.7684
"24043001002","tract",2023,"education_state_rnk",72.4688
"24043010100","tract",2023,"education_state_rnk",66.8516
"24043010200","tract",2023,"education_state_rnk",58.3218
"24043010300","tract",2023,"education_state_rnk",65.0832
"24043010401","tract",2023,"education_state_rnk",58.7379
"24043010402","tract",2023,"education_state_rnk",38.2108
"24043010600","tract",2023,"education_state_rnk",79.2302
"24043010700","tract",2023,"education_state_rnk",64.251
"24043010802","tract",2023,"education_state_rnk",72.2261
"24043010803","tract",2023,"education_state_rnk",53.3287
"24043010901","tract",2023,"education_state_rnk",57.975
"24043010902","tract",2023,"education_state_rnk",63.5922
"24043011000","tract",2023,"education_state_rnk",NA
"24043011100","tract",2023,"education_state_rnk",60.5409
"24043011202","tract",2023,"education_state_rnk",60.2982
"24043011203","tract",2023,"education_state_rnk",80.9293
"24043011204","tract",2023,"education_state_rnk",57.2122
"24043011301","tract",2023,"education_state_rnk",72.5381
"24043011302","tract",2023,"education_state_rnk",62.656
"24043011400","tract",2023,"education_state_rnk",56.7961
"24043011501","tract",2023,"education_state_rnk",38.6963
"24043011502","tract",2023,"education_state_rnk",82.663
"24043011600","tract",2023,"education_state_rnk",50.7975
"24043011700","tract",2023,"education_state_rnk",72.6075
"24045000100","tract",2023,"education_state_rnk",88.4882
"24045000200","tract",2023,"education_state_rnk",61.0264
"24045000300","tract",2023,"education_state_rnk",98.1276
"24045000400","tract",2023,"education_state_rnk",73.2316
"24045000500","tract",2023,"education_state_rnk",92.9265
"24045010101","tract",2023,"education_state_rnk",70.8044
"24045010102","tract",2023,"education_state_rnk",53.0513
"24045010200","tract",2023,"education_state_rnk",92.5798
"24045010300","tract",2023,"education_state_rnk",44.1401
"24045010400","tract",2023,"education_state_rnk",62.4827
"24045010501","tract",2023,"education_state_rnk",50.9015
"24045010503","tract",2023,"education_state_rnk",91.3315
"24045010504","tract",2023,"education_state_rnk",78.0166
"24045010603","tract",2023,"education_state_rnk",51.0402
"24045010604","tract",2023,"education_state_rnk",86.061
"24045010605","tract",2023,"education_state_rnk",71.4979
"24045010606","tract",2023,"education_state_rnk",79.2302
"24045010701","tract",2023,"education_state_rnk",68.8627
"24045010703","tract",2023,"education_state_rnk",82.9057
"24045010704","tract",2023,"education_state_rnk",84.7434
"24045010800","tract",2023,"education_state_rnk",54.1609
"24047950000","tract",2023,"education_state_rnk",54.0569
"24047950100","tract",2023,"education_state_rnk",7.4896
"24047950300","tract",2023,"education_state_rnk",21.0125
"24047950400","tract",2023,"education_state_rnk",59.57
"24047950600","tract",2023,"education_state_rnk",20.5964
"24047950700","tract",2023,"education_state_rnk",67.1983
"24047950800","tract",2023,"education_state_rnk",49.5146
"24047950900","tract",2023,"education_state_rnk",59.154
"24047951000","tract",2023,"education_state_rnk",77.2538
"24047951101","tract",2023,"education_state_rnk",18.4119
"24047951102","tract",2023,"education_state_rnk",16.4355
"24047951200","tract",2023,"education_state_rnk",67.7878
"24047951300","tract",2023,"education_state_rnk",85.4369
"24047951400","tract",2023,"education_state_rnk",84.1886
"24047951500","tract",2023,"education_state_rnk",54.5076
"24047951700","tract",2023,"education_state_rnk",34.0499
"24047980000","tract",2023,"education_state_rnk",NA
"24047990000","tract",2023,"education_state_rnk",NA
"24510010100","tract",2023,"education_state_rnk",0.5895
"24510010200","tract",2023,"education_state_rnk",5.0624
"24510010300","tract",2023,"education_state_rnk",0.208
"24510010400","tract",2023,"education_state_rnk",0.1387
"24510010500","tract",2023,"education_state_rnk",1.6644
"24510020100","tract",2023,"education_state_rnk",2.7046
"24510020200","tract",2023,"education_state_rnk",14.0777
"24510020300","tract",2023,"education_state_rnk",0
"24510030100","tract",2023,"education_state_rnk",78.3634
"24510030200","tract",2023,"education_state_rnk",1.387
"24510040100","tract",2023,"education_state_rnk",6.276
"24510040200","tract",2023,"education_state_rnk",NA
"24510060100","tract",2023,"education_state_rnk",44.2441
"24510060200","tract",2023,"education_state_rnk",39.1123
"24510060300","tract",2023,"education_state_rnk",22.3301
"24510060400","tract",2023,"education_state_rnk",62.9681
"24510070100","tract",2023,"education_state_rnk",84.3273
"24510070200","tract",2023,"education_state_rnk",98.3356
"24510070300","tract",2023,"education_state_rnk",51.491
"24510070400","tract",2023,"education_state_rnk",85.853
"24510080101","tract",2023,"education_state_rnk",75.3121
"24510080102","tract",2023,"education_state_rnk",88.2108
"24510080200","tract",2023,"education_state_rnk",88.835
"24510080301","tract",2023,"education_state_rnk",95.7004
"24510080302","tract",2023,"education_state_rnk",78.5714
"24510080400","tract",2023,"education_state_rnk",94.3135
"24510080500","tract",2023,"education_state_rnk",94.5215
"24510080600","tract",2023,"education_state_rnk",87.656
"24510080700","tract",2023,"education_state_rnk",70.1803
"24510080800","tract",2023,"education_state_rnk",74.1331
"24510090100","tract",2023,"education_state_rnk",71.5673
"24510090200","tract",2023,"education_state_rnk",32.2122
"24510090300","tract",2023,"education_state_rnk",52.2191
"24510090400","tract",2023,"education_state_rnk",59.57
"24510090500","tract",2023,"education_state_rnk",63.7309
"24510090600","tract",2023,"education_state_rnk",88.4189
"24510090700","tract",2023,"education_state_rnk",84.6047
"24510090800","tract",2023,"education_state_rnk",89.3897
"24510090900","tract",2023,"education_state_rnk",95.6311
"24510100100","tract",2023,"education_state_rnk",86.1997
"24510100200","tract",2023,"education_state_rnk",97.2954
"24510100300","tract",2023,"education_state_rnk",NA
"24510110100","tract",2023,"education_state_rnk",8.2524
"24510110200","tract",2023,"education_state_rnk",3.4674
"24510120100","tract",2023,"education_state_rnk",2.3578
"24510120201","tract",2023,"education_state_rnk",9.8474
"24510120202","tract",2023,"education_state_rnk",NA
"24510120300","tract",2023,"education_state_rnk",47.3648
"24510120400","tract",2023,"education_state_rnk",44.4521
"24510120500","tract",2023,"education_state_rnk",18.3079
"24510120600","tract",2023,"education_state_rnk",51.491
"24510120700","tract",2023,"education_state_rnk",16.5049
"24510130100","tract",2023,"education_state_rnk",69.4175
"24510130200","tract",2023,"education_state_rnk",18.1692
"24510130300","tract",2023,"education_state_rnk",87.7947
"24510130400","tract",2023,"education_state_rnk",83.9112
"24510130600","tract",2023,"education_state_rnk",1.9417
"24510130700","tract",2023,"education_state_rnk",8.7725
"24510130803","tract",2023,"education_state_rnk",27.1845
"24510130804","tract",2023,"education_state_rnk",10.1942
"24510130805","tract",2023,"education_state_rnk",52.4965
"24510130806","tract",2023,"education_state_rnk",14.1817
"24510140100","tract",2023,"education_state_rnk",20.423
"24510140200","tract",2023,"education_state_rnk",66.0888
"24510140300","tract",2023,"education_state_rnk",74.6186
"24510150100","tract",2023,"education_state_rnk",77.8086
"24510150200","tract",2023,"education_state_rnk",96.6713
"24510150300","tract",2023,"education_state_rnk",86.8932
"24510150400","tract",2023,"education_state_rnk",89.7365
"24510150500","tract",2023,"education_state_rnk",80.5825
"24510150600","tract",2023,"education_state_rnk",81.6921
"24510150701","tract",2023,"education_state_rnk",72.6768
"24510150702","tract",2023,"education_state_rnk",57.9057
"24510150800","tract",2023,"education_state_rnk",79.3343
"24510150900","tract",2023,"education_state_rnk",60.6449
"24510151000","tract",2023,"education_state_rnk",74.0638
"24510151100","tract",2023,"education_state_rnk",50.9709
"24510151200","tract",2023,"education_state_rnk",78.1553
"24510151300","tract",2023,"education_state_rnk",93.828
"24510160100","tract",2023,"education_state_rnk",92.7878
"24510160200","tract",2023,"education_state_rnk",75.104
"24510160300","tract",2023,"education_state_rnk",96.4632
"24510160400","tract",2023,"education_state_rnk",88.9043
"24510160500","tract",2023,"education_state_rnk",88.6963
"24510160600","tract",2023,"education_state_rnk",81.4147
"24510160700","tract",2023,"education_state_rnk",90.5687
"24510160801","tract",2023,"education_state_rnk",92.7184
"24510160802","tract",2023,"education_state_rnk",86.2691
"24510170100","tract",2023,"education_state_rnk",37.8641
"24510170200","tract",2023,"education_state_rnk",85.9223
"24510170300","tract",2023,"education_state_rnk",93.8974
"24510180300","tract",2023,"education_state_rnk",35.749
"24510190100","tract",2023,"education_state_rnk",73.8904
"24510190200","tract",2023,"education_state_rnk",34.8128
"24510190300","tract",2023,"education_state_rnk",95.9778
"24510200100","tract",2023,"education_state_rnk",93.4119
"24510200200","tract",2023,"education_state_rnk",95.1456
"24510200300","tract",2023,"education_state_rnk",91.7476
"24510200400","tract",2023,"education_state_rnk",96.0472
"24510200500","tract",2023,"education_state_rnk",99.5146
"24510200600","tract",2023,"education_state_rnk",85.1595
"24510200701","tract",2023,"education_state_rnk",87.8641
"24510200702","tract",2023,"education_state_rnk",88.3495
"24510200800","tract",2023,"education_state_rnk",84.6741
"24510210100","tract",2023,"education_state_rnk",24.0638
"24510210200","tract",2023,"education_state_rnk",73.4743
"24510220100","tract",2023,"education_state_rnk",9.5007
"24510230100","tract",2023,"education_state_rnk",2.1498
"24510230200","tract",2023,"education_state_rnk",0.9015
"24510230300","tract",2023,"education_state_rnk",0.6935
"24510240100","tract",2023,"education_state_rnk",1.8724
"24510240200","tract",2023,"education_state_rnk",0.4161
"24510240300","tract",2023,"education_state_rnk",1.1789
"24510240400","tract",2023,"education_state_rnk",0.8322
"24510250101","tract",2023,"education_state_rnk",73.7517
"24510250102","tract",2023,"education_state_rnk",64.9445
"24510250103","tract",2023,"education_state_rnk",78.4327
"24510250203","tract",2023,"education_state_rnk",86.4771
"24510250204","tract",2023,"education_state_rnk",99.1678
"24510250205","tract",2023,"education_state_rnk",99.8613
"24510250206","tract",2023,"education_state_rnk",95.4577
"24510250207","tract",2023,"education_state_rnk",97.6422
"24510250301","tract",2023,"education_state_rnk",97.1567
"24510250303","tract",2023,"education_state_rnk",96.5326
"24510250401","tract",2023,"education_state_rnk",97.2261
"24510250402","tract",2023,"education_state_rnk",98.1969
"24510250500","tract",2023,"education_state_rnk",89.3204
"24510250600","tract",2023,"education_state_rnk",NA
"24510260101","tract",2023,"education_state_rnk",70.3883
"24510260102","tract",2023,"education_state_rnk",77.4965
"24510260201","tract",2023,"education_state_rnk",81.1373
"24510260202","tract",2023,"education_state_rnk",90.4993
"24510260203","tract",2023,"education_state_rnk",76.4216
"24510260301","tract",2023,"education_state_rnk",92.0596
"24510260302","tract",2023,"education_state_rnk",77.7393
"24510260303","tract",2023,"education_state_rnk",86.4078
"24510260401","tract",2023,"education_state_rnk",95.215
"24510260402","tract",2023,"education_state_rnk",94.1748
"24510260403","tract",2023,"education_state_rnk",73.3703
"24510260404","tract",2023,"education_state_rnk",99.0291
"24510260501","tract",2023,"education_state_rnk",97.5728
"24510260604","tract",2023,"education_state_rnk",94.2441
"24510260605","tract",2023,"education_state_rnk",98.613
"24510260700","tract",2023,"education_state_rnk",55.2011
"24510260800","tract",2023,"education_state_rnk",89.1817
"24510260900","tract",2023,"education_state_rnk",3.19
"24510261000","tract",2023,"education_state_rnk",20.7351
"24510261100","tract",2023,"education_state_rnk",0.4854
"24510270101","tract",2023,"education_state_rnk",23.4397
"24510270102","tract",2023,"education_state_rnk",77.9473
"24510270200","tract",2023,"education_state_rnk",13.6616
"24510270301","tract",2023,"education_state_rnk",36.0264
"24510270302","tract",2023,"education_state_rnk",61.2344
"24510270401","tract",2023,"education_state_rnk",81.5534
"24510270402","tract",2023,"education_state_rnk",56.6921
"24510270501","tract",2023,"education_state_rnk",50.208
"24510270502","tract",2023,"education_state_rnk",71.4286
"24510270600","tract",2023,"education_state_rnk",30.8252
"24510270701","tract",2023,"education_state_rnk",82.1082
"24510270702","tract",2023,"education_state_rnk",45.215
"24510270703","tract",2023,"education_state_rnk",21.2899
"24510270801","tract",2023,"education_state_rnk",48.7517
"24510270802","tract",2023,"education_state_rnk",65.9847
"24510270803","tract",2023,"education_state_rnk",75.4161
"24510270804","tract",2023,"education_state_rnk",25.7975
"24510270805","tract",2023,"education_state_rnk",88.9736
"24510270901","tract",2023,"education_state_rnk",62.8294
"24510270902","tract",2023,"education_state_rnk",63.3148
"24510270903","tract",2023,"education_state_rnk",NA
"24510271001","tract",2023,"education_state_rnk",85.4369
"24510271002","tract",2023,"education_state_rnk",90.0832
"24510271101","tract",2023,"education_state_rnk",75.8669
"24510271102","tract",2023,"education_state_rnk",NA
"24510271200","tract",2023,"education_state_rnk",9.3273
"24510271300","tract",2023,"education_state_rnk",18.0999
"24510271400","tract",2023,"education_state_rnk",13.939
"24510271501","tract",2023,"education_state_rnk",7.1775
"24510271503","tract",2023,"education_state_rnk",1.3176
"24510271600","tract",2023,"education_state_rnk",91.6782
"24510271700","tract",2023,"education_state_rnk",83.7032
"24510271801","tract",2023,"education_state_rnk",93.62
"24510271802","tract",2023,"education_state_rnk",81.9695
"24510271900","tract",2023,"education_state_rnk",54.6463
"24510272003","tract",2023,"education_state_rnk",74.2718
"24510272004","tract",2023,"education_state_rnk",27.4619
"24510272005","tract",2023,"education_state_rnk",29.3343
"24510272006","tract",2023,"education_state_rnk",88.5576
"24510272007","tract",2023,"education_state_rnk",77.0458
"24510280101","tract",2023,"education_state_rnk",81.8308
"24510280102","tract",2023,"education_state_rnk",68.724
"24510280200","tract",2023,"education_state_rnk",58.8072
"24510280301","tract",2023,"education_state_rnk",49.6186
"24510280302","tract",2023,"education_state_rnk",73.6477
"24510280401","tract",2023,"education_state_rnk",49.1331
"24510280402","tract",2023,"education_state_rnk",55.1318
"24510280403","tract",2023,"education_state_rnk",30.3051
"24510280404","tract",2023,"education_state_rnk",75.4161
"24510280500","tract",2023,"education_state_rnk",96.3245
"24510280600","tract",2023,"education_state_rnk",93.2039
