"geoid","geolevel","year","level","value"
"09110400101","tract",2023,"education_score",83.15
"09110400102","tract",2023,"education_score",91.31
"09110400200","tract",2023,"education_score",90.16
"09110400300","tract",2023,"education_score",87.47
"09110415300","tract",2023,"education_score",114.23
"09110415400","tract",2023,"education_score",97.57
"09110415500","tract",2023,"education_score",147.88
"09110415600","tract",2023,"education_score",128.98
"09110415700","tract",2023,"education_score",94.22
"09110415800","tract",2023,"education_score",91.63
"09110415900","tract",2023,"education_score",122.97
"09110416000","tract",2023,"education_score",119.62
"09110416100","tract",2023,"education_score",133.33
"09110416200","tract",2023,"education_score",132.67
"09110416300","tract",2023,"education_score",116.39
"09110416400","tract",2023,"education_score",86.93
"09110416500","tract",2023,"education_score",101.51
"09110416600","tract",2023,"education_score",130.49
"09110416700","tract",2023,"education_score",111.79
"09110416800","tract",2023,"education_score",96.85
"09110417100","tract",2023,"education_score",126.77
"09110417200","tract",2023,"education_score",85.79
"09110417300","tract",2023,"education_score",NA
"09110417400","tract",2023,"education_score",87.21
"09110417500","tract",2023,"education_score",97.45
"09110420400","tract",2023,"education_score",81.52
"09110420500","tract",2023,"education_score",88.38
"09110420601","tract",2023,"education_score",97.68
"09110420602","tract",2023,"education_score",86.3
"09110420700","tract",2023,"education_score",92.56
"09110430100","tract",2023,"education_score",85.7
"09110430201","tract",2023,"education_score",78.45
"09110430202","tract",2023,"education_score",86.77
"09110430203","tract",2023,"education_score",75.98
"09110430301","tract",2023,"education_score",76.6
"09110430302","tract",2023,"education_score",84.09
"09110430400","tract",2023,"education_score",95
"09110430501","tract",2023,"education_score",72.5
"09110430502","tract",2023,"education_score",80.37
"09110430602","tract",2023,"education_score",85.33
"09110430603","tract",2023,"education_score",79.98
"09110430604","tract",2023,"education_score",86.28
"09110460100","tract",2023,"education_score",81.68
"09110460202","tract",2023,"education_score",73.88
"09110460203","tract",2023,"education_score",73.89
"09110460204","tract",2023,"education_score",79.35
"09110460301","tract",2023,"education_score",75.41
"09110460302","tract",2023,"education_score",82.63
"09110462101","tract",2023,"education_score",78.45
"09110462102","tract",2023,"education_score",75.39
"09110462201","tract",2023,"education_score",82.92
"09110462202","tract",2023,"education_score",71.32
"09110464101","tract",2023,"education_score",71.8
"09110464102","tract",2023,"education_score",74.59
"09110466101","tract",2023,"education_score",70.5
"09110466102","tract",2023,"education_score",78.63
"09110466201","tract",2023,"education_score",89.79
"09110466202","tract",2023,"education_score",75.93
"09110466300","tract",2023,"education_score",77.98
"09110466400","tract",2023,"education_score",78.97
"09110468101","tract",2023,"education_score",79.93
"09110468102","tract",2023,"education_score",76.34
"09110470100","tract",2023,"education_score",93.95
"09110471100","tract",2023,"education_score",96.42
"09110471200","tract",2023,"education_score",91.45
"09110471300","tract",2023,"education_score",86.14
"09110471400","tract",2023,"education_score",76.25
"09110471500","tract",2023,"education_score",97.24
"09110473100","tract",2023,"education_score",99.08
"09110473400","tract",2023,"education_score",79.63
"09110473501","tract",2023,"education_score",78.92
"09110473502","tract",2023,"education_score",82.92
"09110473601","tract",2023,"education_score",79.15
"09110473602","tract",2023,"education_score",88.2
"09110473700","tract",2023,"education_score",91.99
"09110473800","tract",2023,"education_score",98.5
"09110476100","tract",2023,"education_score",87.81
"09110476200","tract",2023,"education_score",95.05
"09110476300","tract",2023,"education_score",86.22
"09110477101","tract",2023,"education_score",79.6
"09110477103","tract",2023,"education_score",87.63
"09110477104","tract",2023,"education_score",81.15
"09110477200","tract",2023,"education_score",87.9
"09110480300","tract",2023,"education_score",88.7
"09110480400","tract",2023,"education_score",95.37
"09110480500","tract",2023,"education_score",93.97
"09110480600","tract",2023,"education_score",94.41
"09110480700","tract",2023,"education_score",103.94
"09110480800","tract",2023,"education_score",79.12
"09110480900","tract",2023,"education_score",87.03
"09110481000","tract",2023,"education_score",85.74
"09110481100","tract",2023,"education_score",89.12
"09110481200","tract",2023,"education_score",87.12
"09110481300","tract",2023,"education_score",84.41
"09110484100","tract",2023,"education_score",81.27
"09110484200","tract",2023,"education_score",85.32
"09110487100","tract",2023,"education_score",84.75
"09110487201","tract",2023,"education_score",82.04
"09110487202","tract",2023,"education_score",78.1
"09110487300","tract",2023,"education_score",79.96
"09110487400","tract",2023,"education_score",83.01
"09110487500","tract",2023,"education_score",78.2
"09110490100","tract",2023,"education_score",78.74
"09110490303","tract",2023,"education_score",80.22
"09110490304","tract",2023,"education_score",77.92
"09110492100","tract",2023,"education_score",77.66
"09110492200","tract",2023,"education_score",77.03
"09110492300","tract",2023,"education_score",86.04
"09110492400","tract",2023,"education_score",86.71
"09110492500","tract",2023,"education_score",73.92
"09110492600","tract",2023,"education_score",85.12
"09110494100","tract",2023,"education_score",82.42
"09110494201","tract",2023,"education_score",85.01
"09110494202","tract",2023,"education_score",80.3
"09110494300","tract",2023,"education_score",98.34
"09110494400","tract",2023,"education_score",88
"09110494500","tract",2023,"education_score",91.48
"09110494600","tract",2023,"education_score",84.98
"09110496100","tract",2023,"education_score",116.21
"09110496200","tract",2023,"education_score",91.36
"09110496300","tract",2023,"education_score",88.25
"09110496400","tract",2023,"education_score",81.42
"09110496500","tract",2023,"education_score",75.61
"09110496600","tract",2023,"education_score",79.07
"09110496700","tract",2023,"education_score",76.35
"09110496800","tract",2023,"education_score",94.63
"09110496900","tract",2023,"education_score",69.92
"09110497000","tract",2023,"education_score",73.97
"09110497100","tract",2023,"education_score",76.5
"09110497200","tract",2023,"education_score",74.83
"09110497300","tract",2023,"education_score",76.74
"09110497400","tract",2023,"education_score",68.22
"09110497500","tract",2023,"education_score",76.38
"09110497600","tract",2023,"education_score",72.11
"09110497700","tract",2023,"education_score",72.51
"09110500100","tract",2023,"education_score",122.92
"09110500200","tract",2023,"education_score",114.11
"09110500300","tract",2023,"education_score",125.15
"09110500400","tract",2023,"education_score",113.34
"09110500500","tract",2023,"education_score",89.86
"09110500900","tract",2023,"education_score",149.04
"09110501200","tract",2023,"education_score",127.65
"09110501300","tract",2023,"education_score",145.68
"09110501400","tract",2023,"education_score",154.52
"09110501500","tract",2023,"education_score",128.31
"09110501700","tract",2023,"education_score",144.09
"09110501800","tract",2023,"education_score",125.87
"09110502100","tract",2023,"education_score",62.33
"09110502300","tract",2023,"education_score",137.83
"09110502400","tract",2023,"education_score",128.96
"09110502500","tract",2023,"education_score",132.73
"09110502600","tract",2023,"education_score",135.29
"09110502700","tract",2023,"education_score",NA
"09110502800","tract",2023,"education_score",160.43
"09110502900","tract",2023,"education_score",114.14
"09110503000","tract",2023,"education_score",152.26
"09110503101","tract",2023,"education_score",128.03
"09110503102","tract",2023,"education_score",100.65
"09110503300","tract",2023,"education_score",127.49
"09110503500","tract",2023,"education_score",113.84
"09110503700","tract",2023,"education_score",126.56
"09110503800","tract",2023,"education_score",NA
"09110503900","tract",2023,"education_score",117.14
"09110504000","tract",2023,"education_score",102.73
"09110504100","tract",2023,"education_score",126.21
"09110504200","tract",2023,"education_score",110.27
"09110504300","tract",2023,"education_score",123.17
"09110504500","tract",2023,"education_score",129.64
"09110504800","tract",2023,"education_score",117.59
"09110504900","tract",2023,"education_score",133.66
"09110510100","tract",2023,"education_score",111.46
"09110510200","tract",2023,"education_score",98.27
"09110510300","tract",2023,"education_score",130.93
"09110510400","tract",2023,"education_score",106
"09110510500","tract",2023,"education_score",89.61
"09110510600","tract",2023,"education_score",122.84
"09110510700","tract",2023,"education_score",101.77
"09110510800","tract",2023,"education_score",103.84
"09110510900","tract",2023,"education_score",94.24
"09110511000","tract",2023,"education_score",91.83
"09110511100","tract",2023,"education_score",87.68
"09110511200","tract",2023,"education_score",118.6
"09110511300","tract",2023,"education_score",115.57
"09110511400","tract",2023,"education_score",97.83
"09110514101","tract",2023,"education_score",93.34
"09110514103","tract",2023,"education_score",66.71
"09110514104","tract",2023,"education_score",80.83
"09110514200","tract",2023,"education_score",97.33
"09110514300","tract",2023,"education_score",86.58
"09110514400","tract",2023,"education_score",88.18
"09110514500","tract",2023,"education_score",103.63
"09110514600","tract",2023,"education_score",89.52
"09110514700","tract",2023,"education_score",98.17
"09110514800","tract",2023,"education_score",100.84
"09110514900","tract",2023,"education_score",85.83
"09110515000","tract",2023,"education_score",83.08
"09110515101","tract",2023,"education_score",81.17
"09110515102","tract",2023,"education_score",81.59
"09110515200","tract",2023,"education_score",79.67
"09110520100","tract",2023,"education_score",81.51
"09110520201","tract",2023,"education_score",78.01
"09110520202","tract",2023,"education_score",76.92
"09110520301","tract",2023,"education_score",78.64
"09110520302","tract",2023,"education_score",72.82
"09110520400","tract",2023,"education_score",74.16
"09110520501","tract",2023,"education_score",81.67
"09110524100","tract",2023,"education_score",79
"09110524200","tract",2023,"education_score",87.02
"09110524300","tract",2023,"education_score",87.91
"09110524400","tract",2023,"education_score",115.11
"09110524501","tract",2023,"education_score",116.54
"09110524502","tract",2023,"education_score",107.24
"09110524600","tract",2023,"education_score",93.96
"09110524700","tract",2023,"education_score",119.02
"09110526101","tract",2023,"education_score",78.65
"09110526102","tract",2023,"education_score",79.39
"09110528100","tract",2023,"education_score",79.28
"09110529100","tract",2023,"education_score",86.9
"09110530100","tract",2023,"education_score",95.93
"09110530200","tract",2023,"education_score",99.46
"09110530301","tract",2023,"education_score",97.52
"09110530302","tract",2023,"education_score",83.37
"09110530400","tract",2023,"education_score",82.7
"09110530500","tract",2023,"education_score",91.26
"09110530600","tract",2023,"education_score",79.76
"09110533102","tract",2023,"education_score",82.33
"09110533103","tract",2023,"education_score",82.69
"09110533104","tract",2023,"education_score",75.68
"09110535101","tract",2023,"education_score",75.83
"09110535102","tract",2023,"education_score",80.76
"09110535200","tract",2023,"education_score",96.09
"09110538100","tract",2023,"education_score",NA
"09110538201","tract",2023,"education_score",86.2
"09110538202","tract",2023,"education_score",89.34
"09110840100","tract",2023,"education_score",93.45
"09110850100","tract",2023,"education_score",80.32
"09110850200","tract",2023,"education_score",86.84
"09110860100","tract",2023,"education_score",91.3
"09110881100","tract",2023,"education_score",77.4
"09110881200","tract",2023,"education_score",NA
"09110881300","tract",2023,"education_score",NA
"09110881500","tract",2023,"education_score",94.16
"09110890100","tract",2023,"education_score",106.37
"09110890202","tract",2023,"education_score",90.18
"09110890204","tract",2023,"education_score",95.01
"09110980001","tract",2023,"education_score",NA
"09110980002","tract",2023,"education_score",NA
"09110980003","tract",2023,"education_score",NA
"09110980100","tract",2023,"education_score",NA
"09120060100","tract",2023,"education_score",NA
"09120060200","tract",2023,"education_score",83.56
"09120060300","tract",2023,"education_score",80.31
"09120060400","tract",2023,"education_score",86.08
"09120060500","tract",2023,"education_score",70.05
"09120060600","tract",2023,"education_score",54.44
"09120060700","tract",2023,"education_score",87.47
"09120060800","tract",2023,"education_score",68.58
"09120060900","tract",2023,"education_score",74.52
"09120061000","tract",2023,"education_score",87.69
"09120061100","tract",2023,"education_score",73.2
"09120061200","tract",2023,"education_score",79.55
"09120061300","tract",2023,"education_score",92.97
"09120061400","tract",2023,"education_score",88.09
"09120061500","tract",2023,"education_score",73.92
"09120061600","tract",2023,"education_score",77.65
"09120070100","tract",2023,"education_score",63.84
"09120070200","tract",2023,"education_score",100.26
"09120070300","tract",2023,"education_score",165.45
"09120070400","tract",2023,"education_score",108.44
"09120070500","tract",2023,"education_score",109.09
"09120070600","tract",2023,"education_score",109.94
"09120070900","tract",2023,"education_score",154.21
"09120071000","tract",2023,"education_score",115.6
"09120071100","tract",2023,"education_score",138.58
"09120071200","tract",2023,"education_score",134.32
"09120071300","tract",2023,"education_score",142.71
"09120071400","tract",2023,"education_score",146.11
"09120071600","tract",2023,"education_score",170.01
"09120071900","tract",2023,"education_score",117.33
"09120072000","tract",2023,"education_score",110.48
"09120072100","tract",2023,"education_score",112.97
"09120072200","tract",2023,"education_score",93.8
"09120072300","tract",2023,"education_score",113.63
"09120072400","tract",2023,"education_score",138.3
"09120072500","tract",2023,"education_score",105.4
"09120072600","tract",2023,"education_score",99.07
"09120072700","tract",2023,"education_score",92.68
"09120072800","tract",2023,"education_score",130.08
"09120072900","tract",2023,"education_score",109.38
"09120073000","tract",2023,"education_score",93.18
"09120073100","tract",2023,"education_score",102.36
"09120073200","tract",2023,"education_score",116.55
"09120073300","tract",2023,"education_score",126.69
"09120073400","tract",2023,"education_score",121.8
"09120073500","tract",2023,"education_score",151.52
"09120073600","tract",2023,"education_score",131.14
"09120073700","tract",2023,"education_score",135.12
"09120073800","tract",2023,"education_score",143.14
"09120073900","tract",2023,"education_score",135.71
"09120074000","tract",2023,"education_score",128.51
"09120074300","tract",2023,"education_score",148.24
"09120074400","tract",2023,"education_score",116.06
"09120080100","tract",2023,"education_score",104.1
"09120080200","tract",2023,"education_score",106.43
"09120080400","tract",2023,"education_score",113.87
"09120080500","tract",2023,"education_score",73.32
"09120080600","tract",2023,"education_score",87.87
"09120080700","tract",2023,"education_score",91.14
"09120080800","tract",2023,"education_score",86.55
"09120080900","tract",2023,"education_score",97.43
"09120081000","tract",2023,"education_score",88.76
"09120081100","tract",2023,"education_score",87.54
"09120081200","tract",2023,"education_score",76.28
"09120081300","tract",2023,"education_score",77.31
"09120090100","tract",2023,"education_score",84.39
"09120090200","tract",2023,"education_score",81.35
"09120090300","tract",2023,"education_score",80.17
"09120090400","tract",2023,"education_score",89.59
"09120090500","tract",2023,"education_score",88.86
"09120090600","tract",2023,"education_score",80.36
"09120090700","tract",2023,"education_score",80.68
"09120100100","tract",2023,"education_score",79.92
"09120100200","tract",2023,"education_score",76.72
"09120100300","tract",2023,"education_score",91.66
"09120105100","tract",2023,"education_score",75.68
"09120105200","tract",2023,"education_score",79.19
"09120257200","tract",2023,"education_score",124.97
"09120990000","tract",2023,"education_score",NA
"09130541100","tract",2023,"education_score",88.93
"09130541200","tract",2023,"education_score",77.98
"09130541301","tract",2023,"education_score",74.63
"09130541302","tract",2023,"education_score",76.29
"09130541401","tract",2023,"education_score",88.36
"09130541402","tract",2023,"education_score",84.38
"09130541500","tract",2023,"education_score",NA
"09130541600","tract",2023,"education_score",106.87
"09130541700","tract",2023,"education_score",108.15
"09130542000","tract",2023,"education_score",87.25
"09130542100","tract",2023,"education_score",97.13
"09130542200","tract",2023,"education_score",76.4
"09130550100","tract",2023,"education_score",95.75
"09130550201","tract",2023,"education_score",78.86
"09130550202","tract",2023,"education_score",87.69
"09130560100","tract",2023,"education_score",89.76
"09130560200","tract",2023,"education_score",94.12
"09130570100","tract",2023,"education_score",77.85
"09130570200","tract",2023,"education_score",70.15
"09130570300","tract",2023,"education_score",84.15
"09130580100","tract",2023,"education_score",80.79
"09130585100","tract",2023,"education_score",78.09
"09130590101","tract",2023,"education_score",84.05
"09130590102","tract",2023,"education_score",84.54
"09130595101","tract",2023,"education_score",79.02
"09130595102","tract",2023,"education_score",87.2
"09130600100","tract",2023,"education_score",82.62
"09130610100","tract",2023,"education_score",84.88
"09130610200","tract",2023,"education_score",82.01
"09130610300","tract",2023,"education_score",88.93
"09130610400","tract",2023,"education_score",82.13
"09130620100","tract",2023,"education_score",91.62
"09130630101","tract",2023,"education_score",85.15
"09130630102","tract",2023,"education_score",72.84
"09130640100","tract",2023,"education_score",75.99
"09130650100","tract",2023,"education_score",74.07
"09130660101","tract",2023,"education_score",77.65
"09130660103","tract",2023,"education_score",79.22
"09130660104","tract",2023,"education_score",83.74
"09130670100","tract",2023,"education_score",86.91
"09130670200","tract",2023,"education_score",69.78
"09130680101","tract",2023,"education_score",60.41
"09130680102","tract",2023,"education_score",93.41
"09130680200","tract",2023,"education_score",87.84
"09130990100","tract",2023,"education_score",NA
"09140110100","tract",2023,"education_score",81.83
"09140110201","tract",2023,"education_score",92.54
"09140110202","tract",2023,"education_score",81.03
"09140110301","tract",2023,"education_score",77.59
"09140110302","tract",2023,"education_score",82.49
"09140110400","tract",2023,"education_score",84.89
"09140110500","tract",2023,"education_score",80.06
"09140110601","tract",2023,"education_score",78.76
"09140110602","tract",2023,"education_score",81.64
"09140120100","tract",2023,"education_score",87.13
"09140120200","tract",2023,"education_score",100.99
"09140125100","tract",2023,"education_score",87.57
"09140125200","tract",2023,"education_score",110.55
"09140125300","tract",2023,"education_score",83.02
"09140125400","tract",2023,"education_score",106.94
"09140130101","tract",2023,"education_score",98.91
"09140130102","tract",2023,"education_score",92.05
"09140130201","tract",2023,"education_score",94.36
"09140130202","tract",2023,"education_score",81.07
"09140341100","tract",2023,"education_score",83.92
"09140342100","tract",2023,"education_score",90.65
"09140343101","tract",2023,"education_score",99.93
"09140343102","tract",2023,"education_score",75.49
"09140343200","tract",2023,"education_score",81.49
"09140343300","tract",2023,"education_score",77.24
"09140343400","tract",2023,"education_score",91.86
"09140344100","tract",2023,"education_score",84.95
"09140344200","tract",2023,"education_score",72
"09140345100","tract",2023,"education_score",96.74
"09140345201","tract",2023,"education_score",102.36
"09140345202","tract",2023,"education_score",99.73
"09140345300","tract",2023,"education_score",89.56
"09140345400","tract",2023,"education_score",94.44
"09140346101","tract",2023,"education_score",75.91
"09140346102","tract",2023,"education_score",80.98
"09140347100","tract",2023,"education_score",87.33
"09140347200","tract",2023,"education_score",78.92
"09140348111","tract",2023,"education_score",94.6
"09140348122","tract",2023,"education_score",81.81
"09140348123","tract",2023,"education_score",75.39
"09140348124","tract",2023,"education_score",73.24
"09140348125","tract",2023,"education_score",87.57
"09140349100","tract",2023,"education_score",91.69
"09140349200","tract",2023,"education_score",87.63
"09140350101","tract",2023,"education_score",121.59
"09140350200","tract",2023,"education_score",132.51
"09140350300","tract",2023,"education_score",143.95
"09140350400","tract",2023,"education_score",112.95
"09140350500","tract",2023,"education_score",153.43
"09140350800","tract",2023,"education_score",111.88
"09140350900","tract",2023,"education_score",128.06
"09140351000","tract",2023,"education_score",95.98
"09140351100","tract",2023,"education_score",138.52
"09140351200","tract",2023,"education_score",125.27
"09140351300","tract",2023,"education_score",124.35
"09140351400","tract",2023,"education_score",132.69
"09140351500","tract",2023,"education_score",109.07
"09140351601","tract",2023,"education_score",121.12
"09140351602","tract",2023,"education_score",119.8
"09140351700","tract",2023,"education_score",102.01
"09140351800","tract",2023,"education_score",94.11
"09140351900","tract",2023,"education_score",84.48
"09140352000","tract",2023,"education_score",105.49
"09140352100","tract",2023,"education_score",104.94
"09140352200","tract",2023,"education_score",112.66
"09140352300","tract",2023,"education_score",101.41
"09140352400","tract",2023,"education_score",95.09
"09140352500","tract",2023,"education_score",123.16
"09140352600","tract",2023,"education_score",99.27
"09140352701","tract",2023,"education_score",107.05
"09140352702","tract",2023,"education_score",109.75
"09140352800","tract",2023,"education_score",102.11
"09140360100","tract",2023,"education_score",83.53
"09140360200","tract",2023,"education_score",81.1
"09140360300","tract",2023,"education_score",95.81
"09140360400","tract",2023,"education_score",96.61
"09140361100","tract",2023,"education_score",91.2
"09140361200","tract",2023,"education_score",94.2
"09140361300","tract",2023,"education_score",88.34
"09140362101","tract",2023,"education_score",84.04
"09140362102","tract",2023,"education_score",76.67
"09140405100","tract",2023,"education_score",91.41
"09140405200","tract",2023,"education_score",81.82
"09140405300","tract",2023,"education_score",88.62
"09140405401","tract",2023,"education_score",81.96
"09140405402","tract",2023,"education_score",96.04
"09140405500","tract",2023,"education_score",87.91
"09140405600","tract",2023,"education_score",94.76
"09140405700","tract",2023,"education_score",108.29
"09140405801","tract",2023,"education_score",98.62
"09140405802","tract",2023,"education_score",82.47
"09140405900","tract",2023,"education_score",87.77
"09140406001","tract",2023,"education_score",93.91
"09140406002","tract",2023,"education_score",90.23
"09140406100","tract",2023,"education_score",110.21
"09140425300","tract",2023,"education_score",91.56
"09140425400","tract",2023,"education_score",86.97
"09140425500","tract",2023,"education_score",109.4
"09150708100","tract",2023,"education_score",89.04
"09150815000","tract",2023,"education_score",89.55
"09150820000","tract",2023,"education_score",84.93
"09150825000","tract",2023,"education_score",87.81
"09150830100","tract",2023,"education_score",84.31
"09150890203","tract",2023,"education_score",86.19
"09150900100","tract",2023,"education_score",85.2
"09150900200","tract",2023,"education_score",97.11
"09150901101","tract",2023,"education_score",81.67
"09150901102","tract",2023,"education_score",84.15
"09150902200","tract",2023,"education_score",84.92
"09150902500","tract",2023,"education_score",92.23
"09150903101","tract",2023,"education_score",98.91
"09150903102","tract",2023,"education_score",107.4
"09150903200","tract",2023,"education_score",81.28
"09150904101","tract",2023,"education_score",91.83
"09150904102","tract",2023,"education_score",93.8
"09150904400","tract",2023,"education_score",97.06
"09150904500","tract",2023,"education_score",94.28
"09150905101","tract",2023,"education_score",97.35
"09150905102","tract",2023,"education_score",109.67
"09150906100","tract",2023,"education_score",88.49
"09150907100","tract",2023,"education_score",103.58
"09150907200","tract",2023,"education_score",89.29
"09150907300","tract",2023,"education_score",103.99
"09150908100","tract",2023,"education_score",99.86
"09160260200","tract",2023,"education_score",110.54
"09160261100","tract",2023,"education_score",84.73
"09160262100","tract",2023,"education_score",77.5
"09160263200","tract",2023,"education_score",81.92
"09160265100","tract",2023,"education_score",93.27
"09160266100","tract",2023,"education_score",81.82
"09160267100","tract",2023,"education_score",90.92
"09160268100","tract",2023,"education_score",76.33
"09160290100","tract",2023,"education_score",81.82
"09160293100","tract",2023,"education_score",82.82
"09160296100","tract",2023,"education_score",79.29
"09160298300","tract",2023,"education_score",95.74
"09160298400","tract",2023,"education_score",79.27
"09160300100","tract",2023,"education_score",80.95
"09160300400","tract",2023,"education_score",80.46
"09160300500","tract",2023,"education_score",88.47
"09160303100","tract",2023,"education_score",73.85
"09160306100","tract",2023,"education_score",80.61
"09160310100","tract",2023,"education_score",111.23
"09160310200","tract",2023,"education_score",101.62
"09160310300","tract",2023,"education_score",105.59
"09160310400","tract",2023,"education_score",89.43
"09160310500","tract",2023,"education_score",102.97
"09160310601","tract",2023,"education_score",98.44
"09160310602","tract",2023,"education_score",89.29
"09160310700","tract",2023,"education_score",84.46
"09160310801","tract",2023,"education_score",102.18
"09160310803","tract",2023,"education_score",112.48
"09160310804","tract",2023,"education_score",101.54
"09160320101","tract",2023,"education_score",92.69
"09160320102","tract",2023,"education_score",95.1
"09160320200","tract",2023,"education_score",79.33
"09160330100","tract",2023,"education_score",82.15
"09160410101","tract",2023,"education_score",84.44
"09160410102","tract",2023,"education_score",82.31
"09160425601","tract",2023,"education_score",81.72
"09160425602","tract",2023,"education_score",77.67
"09170140101","tract",2023,"education_score",78.73
"09170140102","tract",2023,"education_score",71.48
"09170140200","tract",2023,"education_score",110.91
"09170140300","tract",2023,"education_score",128.87
"09170140400","tract",2023,"education_score",110.84
"09170140500","tract",2023,"education_score",133.39
"09170140600","tract",2023,"education_score",127.95
"09170140700","tract",2023,"education_score",113.53
"09170140800","tract",2023,"education_score",121.07
"09170140900","tract",2023,"education_score",102.41
"09170141000","tract",2023,"education_score",71.51
"09170141100","tract",2023,"education_score",66.29
"09170141200","tract",2023,"education_score",105.52
"09170141301","tract",2023,"education_score",104.94
"09170141400","tract",2023,"education_score",99.11
"09170141500","tract",2023,"education_score",112.77
"09170141600","tract",2023,"education_score",100.22
"09170141800","tract",2023,"education_score",78.94
"09170141900","tract",2023,"education_score",80.03
"09170142000","tract",2023,"education_score",75.92
"09170142100","tract",2023,"education_score",94.92
"09170142200","tract",2023,"education_score",71
"09170142300","tract",2023,"education_score",123.61
"09170142400","tract",2023,"education_score",138.09
"09170142500","tract",2023,"education_score",115.45
"09170142601","tract",2023,"education_score",109.35
"09170142604","tract",2023,"education_score",115.58
"09170142605","tract",2023,"education_score",129.81
"09170142700","tract",2023,"education_score",115.11
"09170142800","tract",2023,"education_score",81.86
"09170150100","tract",2023,"education_score",73.88
"09170150200","tract",2023,"education_score",82.75
"09170150300","tract",2023,"education_score",82.4
"09170150400","tract",2023,"education_score",76.28
"09170150500","tract",2023,"education_score",79.72
"09170150600","tract",2023,"education_score",85.6
"09170150700","tract",2023,"education_score",85.27
"09170150800","tract",2023,"education_score",76.47
"09170150900","tract",2023,"education_score",84.33
"09170151000","tract",2023,"education_score",78.84
"09170151100","tract",2023,"education_score",78.94
"09170151200","tract",2023,"education_score",78.6
"09170154101","tract",2023,"education_score",91.21
"09170154102","tract",2023,"education_score",111.02
"09170154200","tract",2023,"education_score",103.46
"09170154500","tract",2023,"education_score",104.36
"09170154600","tract",2023,"education_score",115.03
"09170154700","tract",2023,"education_score",93.27
"09170154800","tract",2023,"education_score",73.61
"09170154900","tract",2023,"education_score",96.51
"09170155000","tract",2023,"education_score",117.33
"09170155100","tract",2023,"education_score",102.45
"09170157100","tract",2023,"education_score",87.76
"09170157200","tract",2023,"education_score",82.71
"09170157300","tract",2023,"education_score",80.19
"09170157400","tract",2023,"education_score",81.12
"09170160100","tract",2023,"education_score",80.02
"09170160200","tract",2023,"education_score",70.42
"09170161100","tract",2023,"education_score",76.31
"09170165100","tract",2023,"education_score",93.19
"09170165200","tract",2023,"education_score",69.76
"09170165300","tract",2023,"education_score",70.22
"09170165400","tract",2023,"education_score",76.32
"09170165500","tract",2023,"education_score",110.5
"09170165600","tract",2023,"education_score",93.08
"09170165700","tract",2023,"education_score",90.37
"09170165801","tract",2023,"education_score",88.82
"09170165802","tract",2023,"education_score",89.56
"09170165900","tract",2023,"education_score",92
"09170166002","tract",2023,"education_score",NA
"09170166003","tract",2023,"education_score",94.47
"09170166004","tract",2023,"education_score",75.84
"09170167101","tract",2023,"education_score",77.13
"09170167102","tract",2023,"education_score",75.13
"09170167201","tract",2023,"education_score",78.12
"09170167202","tract",2023,"education_score",90.84
"09170167301","tract",2023,"education_score",94.36
"09170170100","tract",2023,"education_score",143.11
"09170170200","tract",2023,"education_score",160.09
"09170170300","tract",2023,"education_score",117.33
"09170170400","tract",2023,"education_score",105.58
"09170170500","tract",2023,"education_score",88.1
"09170170600","tract",2023,"education_score",95.61
"09170170700","tract",2023,"education_score",94.36
"09170170800","tract",2023,"education_score",99.58
"09170170900","tract",2023,"education_score",125.58
"09170171000","tract",2023,"education_score",118.93
"09170171100","tract",2023,"education_score",92.45
"09170171201","tract",2023,"education_score",90.17
"09170171202","tract",2023,"education_score",98.26
"09170171300","tract",2023,"education_score",108.2
"09170171400","tract",2023,"education_score",135.24
"09170171500","tract",2023,"education_score",121.76
"09170171600","tract",2023,"education_score",94.32
"09170171700","tract",2023,"education_score",89.58
"09170175100","tract",2023,"education_score",88.52
"09170175200","tract",2023,"education_score",80.72
"09170175300","tract",2023,"education_score",96.95
"09170175400","tract",2023,"education_score",107.8
"09170175501","tract",2023,"education_score",77.18
"09170175502","tract",2023,"education_score",69.95
"09170175600","tract",2023,"education_score",94.41
"09170175700","tract",2023,"education_score",86.24
"09170175800","tract",2023,"education_score",78.64
"09170175900","tract",2023,"education_score",85.65
"09170176000","tract",2023,"education_score",76.45
"09170180101","tract",2023,"education_score",69.25
"09170180102","tract",2023,"education_score",98.6
"09170180200","tract",2023,"education_score",94.71
"09170180300","tract",2023,"education_score",96.06
"09170180400","tract",2023,"education_score",109.34
"09170180500","tract",2023,"education_score",98.08
"09170180601","tract",2023,"education_score",85.04
"09170180602","tract",2023,"education_score",84.35
"09170184101","tract",2023,"education_score",85.12
"09170184200","tract",2023,"education_score",92.64
"09170184300","tract",2023,"education_score",81.16
"09170184400","tract",2023,"education_score",74.5
"09170184500","tract",2023,"education_score",70.93
"09170184600","tract",2023,"education_score",69.7
"09170184700","tract",2023,"education_score",73.83
"09170186100","tract",2023,"education_score",82.45
"09170186200","tract",2023,"education_score",87.67
"09170190100","tract",2023,"education_score",79.78
"09170190200","tract",2023,"education_score",61.7
"09170190301","tract",2023,"education_score",80.08
"09170190302","tract",2023,"education_score",79.11
"09170190303","tract",2023,"education_score",81.83
"09170194101","tract",2023,"education_score",73.57
"09170194102","tract",2023,"education_score",61.6
"09170194201","tract",2023,"education_score",73.37
"09170194202","tract",2023,"education_score",78.83
"09170361401","tract",2023,"education_score",NA
"09170361402","tract",2023,"education_score",NA
"09170361500","tract",2023,"education_score",NA
"09170990000","tract",2023,"education_score",NA
"09180690300","tract",2023,"education_score",105.48
"09180690400","tract",2023,"education_score",124.78
"09180690500","tract",2023,"education_score",108.77
"09180690700","tract",2023,"education_score",91.14
"09180690800","tract",2023,"education_score",91.18
"09180690900","tract",2023,"education_score",76.06
"09180693300","tract",2023,"education_score",87.47
"09180693400","tract",2023,"education_score",88.72
"09180693500","tract",2023,"education_score",82.16
"09180693600","tract",2023,"education_score",88.57
"09180693700","tract",2023,"education_score",77.73
"09180695201","tract",2023,"education_score",90.49
"09180695202","tract",2023,"education_score",97.98
"09180696100","tract",2023,"education_score",96.78
"09180696200","tract",2023,"education_score",88.26
"09180696300","tract",2023,"education_score",94.12
"09180696401","tract",2023,"education_score",114.92
"09180696500","tract",2023,"education_score",97.83
"09180696600","tract",2023,"education_score",98.29
"09180696701","tract",2023,"education_score",122.88
"09180696800","tract",2023,"education_score",119.74
"09180697000","tract",2023,"education_score",107.87
"09180700100","tract",2023,"education_score",87.17
"09180701100","tract",2023,"education_score",93.69
"09180701200","tract",2023,"education_score",93.96
"09180702100","tract",2023,"education_score",87.98
"09180702300","tract",2023,"education_score",90.21
"09180702400","tract",2023,"education_score",82.06
"09180702500","tract",2023,"education_score",108.16
"09180702600","tract",2023,"education_score",76.72
"09180702700","tract",2023,"education_score",86.69
"09180702800","tract",2023,"education_score",100.43
"09180702900","tract",2023,"education_score",62.09
"09180703000","tract",2023,"education_score",74.21
"09180705101","tract",2023,"education_score",90.43
"09180705102","tract",2023,"education_score",94.11
"09180705200","tract",2023,"education_score",75.35
"09180705300","tract",2023,"education_score",72.61
"09180705400","tract",2023,"education_score",81.11
"09180707100","tract",2023,"education_score",81.34
"09180709100","tract",2023,"education_score",88.66
"09180709200","tract",2023,"education_score",102.27
"09180710100","tract",2023,"education_score",92.61
"09180711100","tract",2023,"education_score",103.37
"09180712100","tract",2023,"education_score",94
"09180713100","tract",2023,"education_score",91.8
"09180714101","tract",2023,"education_score",94.3
"09180714103","tract",2023,"education_score",83.97
"09180714104","tract",2023,"education_score",83.6
"09180715100","tract",2023,"education_score",87.18
"09180716101","tract",2023,"education_score",93.42
"09180716102","tract",2023,"education_score",83.58
"09180800300","tract",2023,"education_score",NA
"09180800400","tract",2023,"education_score",116.46
"09180800501","tract",2023,"education_score",93.68
"09180800502","tract",2023,"education_score",97.42
"09180800600","tract",2023,"education_score",126.22
"09180800700","tract",2023,"education_score",93.06
"09180870100","tract",2023,"education_score",82.35
"09180870200","tract",2023,"education_score",94.32
"09180870300","tract",2023,"education_score",NA
"09180870501","tract",2023,"education_score",97.18
"09180870502","tract",2023,"education_score",102.96
"09180870701","tract",2023,"education_score",71.39
"09180870703","tract",2023,"education_score",76.17
"09180870704","tract",2023,"education_score",75.83
"09180980000","tract",2023,"education_score",NA
"09180990100","tract",2023,"education_score",NA
"09190010101","tract",2023,"education_score",71.34
"09190010102","tract",2023,"education_score",65.22
"09190010201","tract",2023,"education_score",49
"09190010202","tract",2023,"education_score",62.91
"09190010300","tract",2023,"education_score",57.36
"09190010400","tract",2023,"education_score",77.58
"09190010500","tract",2023,"education_score",82.9
"09190010600","tract",2023,"education_score",58.22
"09190010700","tract",2023,"education_score",92.82
"09190010800","tract",2023,"education_score",79.73
"09190010900","tract",2023,"education_score",69.63
"09190011000","tract",2023,"education_score",68.77
"09190011100","tract",2023,"education_score",78.83
"09190011200","tract",2023,"education_score",71
"09190011300","tract",2023,"education_score",105.76
"09190020101","tract",2023,"education_score",78.61
"09190020102","tract",2023,"education_score",75.13
"09190020200","tract",2023,"education_score",62.77
"09190020301","tract",2023,"education_score",78.72
"09190020302","tract",2023,"education_score",61.36
"09190020400","tract",2023,"education_score",87.73
"09190020500","tract",2023,"education_score",80.79
"09190020600","tract",2023,"education_score",76.85
"09190020700","tract",2023,"education_score",76.22
"09190020800","tract",2023,"education_score",73.18
"09190020900","tract",2023,"education_score",85.93
"09190021000","tract",2023,"education_score",66.75
"09190021100","tract",2023,"education_score",105.35
"09190021200","tract",2023,"education_score",76.38
"09190021300","tract",2023,"education_score",83.36
"09190021401","tract",2023,"education_score",109.88
"09190021402","tract",2023,"education_score",114.85
"09190021501","tract",2023,"education_score",129.94
"09190021502","tract",2023,"education_score",147.07
"09190021601","tract",2023,"education_score",74.1
"09190021602","tract",2023,"education_score",73.59
"09190021701","tract",2023,"education_score",102.42
"09190021702","tract",2023,"education_score",76.14
"09190021801","tract",2023,"education_score",87.37
"09190021802","tract",2023,"education_score",108.71
"09190021900","tract",2023,"education_score",89.11
"09190022000","tract",2023,"education_score",99.82
"09190022101","tract",2023,"education_score",149.02
"09190022102","tract",2023,"education_score",103.92
"09190022201","tract",2023,"education_score",79.84
"09190022202","tract",2023,"education_score",77.65
"09190022300","tract",2023,"education_score",74.59
"09190022400","tract",2023,"education_score",67.24
"09190030100","tract",2023,"education_score",73.86
"09190030200","tract",2023,"education_score",74.04
"09190030300","tract",2023,"education_score",64.01
"09190030400","tract",2023,"education_score",69.48
"09190030500","tract",2023,"education_score",78.71
"09190035101","tract",2023,"education_score",72.24
"09190035102","tract",2023,"education_score",76.55
"09190035200","tract",2023,"education_score",62.83
"09190035300","tract",2023,"education_score",58.22
"09190035400","tract",2023,"education_score",75.15
"09190042500","tract",2023,"education_score",66.88
"09190042600","tract",2023,"education_score",84.52
"09190042700","tract",2023,"education_score",82.97
"09190042800","tract",2023,"education_score",90.72
"09190042900","tract",2023,"education_score",62.32
"09190043000","tract",2023,"education_score",87.48
"09190043100","tract",2023,"education_score",76.37
"09190043200","tract",2023,"education_score",109.92
"09190043300","tract",2023,"education_score",89.88
"09190043400","tract",2023,"education_score",95.76
"09190043500","tract",2023,"education_score",90.51
"09190043600","tract",2023,"education_score",102.44
"09190043700","tract",2023,"education_score",76.99
"09190043800","tract",2023,"education_score",101.72
"09190043900","tract",2023,"education_score",97.64
"09190044000","tract",2023,"education_score",103.5
"09190044100","tract",2023,"education_score",79.13
"09190044200","tract",2023,"education_score",103.95
"09190044300","tract",2023,"education_score",78.72
"09190044400","tract",2023,"education_score",103.62
"09190044500","tract",2023,"education_score",109.4
"09190044600","tract",2023,"education_score",56.54
"09190045101","tract",2023,"education_score",69.63
"09190045102","tract",2023,"education_score",78.44
"09190045200","tract",2023,"education_score",83.95
"09190045300","tract",2023,"education_score",72
"09190045400","tract",2023,"education_score",67.97
"09190050100","tract",2023,"education_score",66.87
"09190050200","tract",2023,"education_score",74.94
"09190050301","tract",2023,"education_score",76.44
"09190050302","tract",2023,"education_score",47.66
"09190050400","tract",2023,"education_score",63.15
"09190050500","tract",2023,"education_score",72.13
"09190050600","tract",2023,"education_score",66.37
"09190055100","tract",2023,"education_score",78.3
"09190055200","tract",2023,"education_score",77.48
"09190200100","tract",2023,"education_score",95.88
"09190200200","tract",2023,"education_score",107.35
"09190200301","tract",2023,"education_score",82.05
"09190200302","tract",2023,"education_score",77.41
"09190205100","tract",2023,"education_score",89.06
"09190205200","tract",2023,"education_score",91.89
"09190205300","tract",2023,"education_score",76.61
"09190210101","tract",2023,"education_score",112.34
"09190210102","tract",2023,"education_score",126.54
"09190210201","tract",2023,"education_score",120.77
"09190210202","tract",2023,"education_score",149.15
"09190210300","tract",2023,"education_score",127.58
"09190210401","tract",2023,"education_score",95.11
"09190210402","tract",2023,"education_score",91.17
"09190210501","tract",2023,"education_score",83.24
"09190210502","tract",2023,"education_score",77.14
"09190210600","tract",2023,"education_score",113.79
"09190210701","tract",2023,"education_score",130.41
"09190210702","tract",2023,"education_score",104.58
"09190210800","tract",2023,"education_score",92.51
"09190210900","tract",2023,"education_score",89.37
"09190211000","tract",2023,"education_score",102.1
"09190211100","tract",2023,"education_score",NA
"09190211201","tract",2023,"education_score",125.54
"09190211202","tract",2023,"education_score",89.75
"09190211300","tract",2023,"education_score",92.61
"09190211400","tract",2023,"education_score",90.52
"09190220100","tract",2023,"education_score",92.21
"09190220200","tract",2023,"education_score",89.44
"09190220300","tract",2023,"education_score",94.41
"09190230100","tract",2023,"education_score",84.15
"09190230200","tract",2023,"education_score",82.61
"09190230300","tract",2023,"education_score",74.78
"09190230400","tract",2023,"education_score",87.45
"09190230501","tract",2023,"education_score",75.2
"09190230502","tract",2023,"education_score",91.43
"09190240100","tract",2023,"education_score",66.08
"09190240200","tract",2023,"education_score",74.2
"09190245100","tract",2023,"education_score",73.09
"09190245200","tract",2023,"education_score",83.47
"09190245300","tract",2023,"education_score",77.78
"09190245400","tract",2023,"education_score",77.06
"09190245500","tract",2023,"education_score",68.77
"09190245600","tract",2023,"education_score",79.78
"09190250100","tract",2023,"education_score",74.67
"09190253100","tract",2023,"education_score",110.05
"09190253200","tract",2023,"education_score",88.21
"09190253400","tract",2023,"education_score",85.68
"09190253500","tract",2023,"education_score",93.86
"09190257100","tract",2023,"education_score",74.82
"09190425700","tract",2023,"education_score",90.34
"09190990000","tract",2023,"education_score",NA
"09110400101","tract",2023,"education_rnk",18.3309
"09110400102","tract",2023,"education_rnk",34.4581
"09110400200","tract",2023,"education_rnk",31.9469
"09110400300","tract",2023,"education_rnk",26.2834
"09110415300","tract",2023,"education_rnk",80.4605
"09110415400","tract",2023,"education_rnk",49.1961
"09110415500","tract",2023,"education_rnk",97.4436
"09110415600","tract",2023,"education_rnk",92.0047
"09110415700","tract",2023,"education_rnk",41.191
"09110415800","tract",2023,"education_rnk",35.1589
"09110415900","tract",2023,"education_rnk",88.5327
"09110416000","tract",2023,"education_rnk",85.975
"09110416100","tract",2023,"education_rnk",93.8336
"09110416200","tract",2023,"education_rnk",93.5613
"09110416300","tract",2023,"education_rnk",82.8607
"09110416400","tract",2023,"education_rnk",25.2603
"09110416500","tract",2023,"education_rnk",58.24
"09110416600","tract",2023,"education_rnk",92.6957
"09110416700","tract",2023,"education_rnk",77.2509
"09110416800","tract",2023,"education_rnk",47.399
"09110417100","tract",2023,"education_rnk",90.9194
"09110417200","tract",2023,"education_rnk",23.0604
"09110417300","tract",2023,"education_rnk",NA
"09110417400","tract",2023,"education_rnk",25.7707
"09110417500","tract",2023,"education_rnk",48.9238
"09110420400","tract",2023,"education_rnk",15.6365
"09110420500","tract",2023,"education_rnk",28.2514
"09110420601","tract",2023,"education_rnk",49.4464
"09110420602","tract",2023,"education_rnk",24.0505
"09110420700","tract",2023,"education_rnk",37.3234
"09110430100","tract",2023,"education_rnk",22.8956
"09110430201","tract",2023,"education_rnk",11.4112
"09110430202","tract",2023,"education_rnk",24.9649
"09110430203","tract",2023,"education_rnk",8.6289
"09110430301","tract",2023,"education_rnk",9.2759
"09110430302","tract",2023,"education_rnk",19.9302
"09110430400","tract",2023,"education_rnk",42.9832
"09110430501","tract",2023,"education_rnk",5.5353
"09110430502","tract",2023,"education_rnk",13.9395
"09110430602","tract",2023,"education_rnk",22.1985
"09110430603","tract",2023,"education_rnk",13.3938
"09110430604","tract",2023,"education_rnk",24.0126
"09110460100","tract",2023,"education_rnk",15.8904
"09110460202","tract",2023,"education_rnk",6.6194
"09110460203","tract",2023,"education_rnk",6.6243
"09110460204","tract",2023,"education_rnk",12.5563
"09110460301","tract",2023,"education_rnk",7.9977
"09110460302","tract",2023,"education_rnk",17.4397
"09110462101","tract",2023,"education_rnk",11.4112
"09110462102","tract",2023,"education_rnk",7.9733
"09110462201","tract",2023,"education_rnk",17.939
"09110462202","tract",2023,"education_rnk",4.7686
"09110464101","tract",2023,"education_rnk",5.0543
"09110464102","tract",2023,"education_rnk",7.2481
"09110466101","tract",2023,"education_rnk",4.2803
"09110466102","tract",2023,"education_rnk",11.626
"09110466201","tract",2023,"education_rnk",31.1594
"09110466202","tract",2023,"education_rnk",8.591
"09110466300","tract",2023,"education_rnk",10.841
"09110466400","tract",2023,"education_rnk",12.0912
"09110468101","tract",2023,"education_rnk",13.3206
"09110468102","tract",2023,"education_rnk",9.0037
"09110470100","tract",2023,"education_rnk",40.588
"09110471100","tract",2023,"education_rnk",46.3222
"09110471200","tract",2023,"education_rnk",34.7694
"09110471300","tract",2023,"education_rnk",23.7489
"09110471400","tract",2023,"education_rnk",8.906
"09110471500","tract",2023,"education_rnk",48.3806
"09110473100","tract",2023,"education_rnk",52.6767
"09110473400","tract",2023,"education_rnk",12.9055
"09110473501","tract",2023,"education_rnk",12.0228
"09110473502","tract",2023,"education_rnk",17.939
"09110473601","tract",2023,"education_rnk",12.3329
"09110473602","tract",2023,"education_rnk",27.8583
"09110473700","tract",2023,"education_rnk",35.9732
"09110473800","tract",2023,"education_rnk",51.357
"09110476100","tract",2023,"education_rnk",27.0086
"09110476200","tract",2023,"education_rnk",43.1114
"09110476300","tract",2023,"education_rnk",23.9223
"09110477101","tract",2023,"education_rnk",12.8701
"09110477103","tract",2023,"education_rnk",26.6326
"09110477104","tract",2023,"education_rnk",15.0761
"09110477200","tract",2023,"education_rnk",27.2308
"09110480300","tract",2023,"education_rnk",28.9021
"09110480400","tract",2023,"education_rnk",43.9306
"09110480500","tract",2023,"education_rnk",40.6453
"09110480600","tract",2023,"education_rnk",41.6525
"09110480700","tract",2023,"education_rnk",63.453
"09110480800","tract",2023,"education_rnk",12.2853
"09110480900","tract",2023,"education_rnk",25.43
"09110481000","tract",2023,"education_rnk",22.9737
"09110481100","tract",2023,"education_rnk",29.8141
"09110481200","tract",2023,"education_rnk",25.6046
"09110481300","tract",2023,"education_rnk",20.5088
"09110484100","tract",2023,"education_rnk",15.2544
"09110484200","tract",2023,"education_rnk",22.1753
"09110487100","tract",2023,"education_rnk",21.1327
"09110487201","tract",2023,"education_rnk",16.5179
"09110487202","tract",2023,"education_rnk",10.9961
"09110487300","tract",2023,"education_rnk",13.3706
"09110487400","tract",2023,"education_rnk",18.083
"09110487500","tract",2023,"education_rnk",11.0974
"09110490100","tract",2023,"education_rnk",11.7713
"09110490303","tract",2023,"education_rnk",13.7344
"09110490304","tract",2023,"education_rnk",10.7776
"09110492100","tract",2023,"education_rnk",10.4626
"09110492200","tract",2023,"education_rnk",9.7301
"09110492300","tract",2023,"education_rnk",23.5426
"09110492400","tract",2023,"education_rnk",24.855
"09110492500","tract",2023,"education_rnk",6.6462
"09110492600","tract",2023,"education_rnk",21.8115
"09110494100","tract",2023,"education_rnk",17.1161
"09110494201","tract",2023,"education_rnk",21.5807
"09110494202","tract",2023,"education_rnk",13.8467
"09110494300","tract",2023,"education_rnk",50.9907
"09110494400","tract",2023,"education_rnk",27.4359
"09110494500","tract",2023,"education_rnk",34.8244
"09110494600","tract",2023,"education_rnk",21.538
"09110496100","tract",2023,"education_rnk",82.6946
"09110496200","tract",2023,"education_rnk",34.557
"09110496300","tract",2023,"education_rnk",27.9535
"09110496400","tract",2023,"education_rnk",15.479
"09110496500","tract",2023,"education_rnk",8.2126
"09110496600","tract",2023,"education_rnk",12.2218
"09110496700","tract",2023,"education_rnk",9.011
"09110496800","tract",2023,"education_rnk",42.1055
"09110496900","tract",2023,"education_rnk",3.9543
"09110497000","tract",2023,"education_rnk",6.6841
"09110497100","tract",2023,"education_rnk",9.1648
"09110497200","tract",2023,"education_rnk",7.452
"09110497300","tract",2023,"education_rnk",9.4212
"09110497400","tract",2023,"education_rnk",3.1144
"09110497500","tract",2023,"education_rnk",9.044
"09110497600","tract",2023,"education_rnk",5.2716
"09110497700","tract",2023,"education_rnk",5.5438
"09110500100","tract",2023,"education_rnk",88.507
"09110500200","tract",2023,"education_rnk",80.3164
"09110500300","tract",2023,"education_rnk",89.972
"09110500400","tract",2023,"education_rnk",79.402
"09110500500","tract",2023,"education_rnk",31.3169
"09110500900","tract",2023,"education_rnk",97.6291
"09110501200","tract",2023,"education_rnk",91.3662
"09110501300","tract",2023,"education_rnk",97.0712
"09110501400","tract",2023,"education_rnk",98.3213
"09110501500","tract",2023,"education_rnk",91.691
"09110501700","tract",2023,"education_rnk",96.788
"09110501800","tract",2023,"education_rnk",90.3981
"09110502100","tract",2023,"education_rnk",1.3112
"09110502300","tract",2023,"education_rnk",95.2925
"09110502400","tract",2023,"education_rnk",91.9962
"09110502500","tract",2023,"education_rnk",93.5869
"09110502600","tract",2023,"education_rnk",94.5001
"09110502700","tract",2023,"education_rnk",NA
"09110502800","tract",2023,"education_rnk",98.9049
"09110502900","tract",2023,"education_rnk",80.3543
"09110503000","tract",2023,"education_rnk",98.0613
"09110503101","tract",2023,"education_rnk",91.5689
"09110503102","tract",2023,"education_rnk",56.3038
"09110503300","tract",2023,"education_rnk",91.2918
"09110503500","tract",2023,"education_rnk",80.0076
"09110503700","tract",2023,"education_rnk",90.8083
"09110503800","tract",2023,"education_rnk",NA
"09110503900","tract",2023,"education_rnk",83.6261
"09110504000","tract",2023,"education_rnk",60.899
"09110504100","tract",2023,"education_rnk",90.6032
"09110504200","tract",2023,"education_rnk",75.0327
"09110504300","tract",2023,"education_rnk",88.6926
"09110504500","tract",2023,"education_rnk",92.3319
"09110504800","tract",2023,"education_rnk",84.0693
"09110504900","tract",2023,"education_rnk",93.9569
"09110510100","tract",2023,"education_rnk",76.7699
"09110510200","tract",2023,"education_rnk",50.8467
"09110510300","tract",2023,"education_rnk",92.8715
"09110510400","tract",2023,"education_rnk",67.4976
"09110510500","tract",2023,"education_rnk",30.7688
"09110510600","tract",2023,"education_rnk",88.4387
"09110510700","tract",2023,"education_rnk",58.8016
"09110510800","tract",2023,"education_rnk",63.2455
"09110510900","tract",2023,"education_rnk",41.2289
"09110511000","tract",2023,"education_rnk",35.6094
"09110511100","tract",2023,"education_rnk",26.7412
"09110511200","tract",2023,"education_rnk",85.0215
"09110511300","tract",2023,"education_rnk",82
"09110511400","tract",2023,"education_rnk",49.8468
"09110514101","tract",2023,"education_rnk",39.184
"09110514103","tract",2023,"education_rnk",2.5235
"09110514104","tract",2023,"education_rnk",14.6061
"09110514200","tract",2023,"education_rnk",48.6137
"09110514300","tract",2023,"education_rnk",24.5938
"09110514400","tract",2023,"education_rnk",27.8168
"09110514500","tract",2023,"education_rnk",62.7962
"09110514600","tract",2023,"education_rnk",30.5966
"09110514700","tract",2023,"education_rnk",50.6306
"09110514800","tract",2023,"education_rnk",56.7396
"09110514900","tract",2023,"education_rnk",23.13
"09110515000","tract",2023,"education_rnk",18.2186
"09110515101","tract",2023,"education_rnk",15.1127
"09110515102","tract",2023,"education_rnk",15.7451
"09110515200","tract",2023,"education_rnk",12.9555
"09110520100","tract",2023,"education_rnk",15.6243
"09110520201","tract",2023,"education_rnk",10.8716
"09110520202","tract",2023,"education_rnk",9.6165
"09110520301","tract",2023,"education_rnk",11.6395
"09110520302","tract",2023,"education_rnk",5.7526
"09110520400","tract",2023,"education_rnk",6.844
"09110520501","tract",2023,"education_rnk",15.8807
"09110524100","tract",2023,"education_rnk",12.1254
"09110524200","tract",2023,"education_rnk",25.4215
"09110524300","tract",2023,"education_rnk",27.2442
"09110524400","tract",2023,"education_rnk",81.4701
"09110524501","tract",2023,"education_rnk",83.0182
"09110524502","tract",2023,"education_rnk",69.9528
"09110524600","tract",2023,"education_rnk",40.6185
"09110524700","tract",2023,"education_rnk",85.4183
"09110526101","tract",2023,"education_rnk",11.6504
"09110526102","tract",2023,"education_rnk",12.61
"09110528100","tract",2023,"education_rnk",12.4818
"09110529100","tract",2023,"education_rnk",25.1981
"09110530100","tract",2023,"education_rnk",45.2149
"09110530200","tract",2023,"education_rnk",53.6045
"09110530301","tract",2023,"education_rnk",49.0899
"09110530302","tract",2023,"education_rnk",18.7069
"09110530400","tract",2023,"education_rnk",17.5703
"09110530500","tract",2023,"education_rnk",34.3592
"09110530600","tract",2023,"education_rnk",13.0935
"09110533102","tract",2023,"education_rnk",16.9611
"09110533103","tract",2023,"education_rnk",17.5508
"09110533104","tract",2023,"education_rnk",8.3017
"09110535101","tract",2023,"education_rnk",8.4726
"09110535102","tract",2023,"education_rnk",14.5182
"09110535200","tract",2023,"education_rnk",45.5702
"09110538100","tract",2023,"education_rnk",NA
"09110538201","tract",2023,"education_rnk",23.8857
"09110538202","tract",2023,"education_rnk",30.2365
"09110840100","tract",2023,"education_rnk",39.4172
"09110850100","tract",2023,"education_rnk",13.876
"09110850200","tract",2023,"education_rnk",25.0943
"09110860100","tract",2023,"education_rnk",34.4337
"09110881100","tract",2023,"education_rnk",10.1586
"09110881200","tract",2023,"education_rnk",NA
"09110881300","tract",2023,"education_rnk",NA
"09110881500","tract",2023,"education_rnk",41.0604
"09110890100","tract",2023,"education_rnk",68.257
"09110890202","tract",2023,"education_rnk",31.9847
"09110890204","tract",2023,"education_rnk",43.0247
"09110980001","tract",2023,"education_rnk",NA
"09110980002","tract",2023,"education_rnk",NA
"09110980003","tract",2023,"education_rnk",NA
"09110980100","tract",2023,"education_rnk",NA
"09120060100","tract",2023,"education_rnk",NA
"09120060200","tract",2023,"education_rnk",19.0219
"09120060300","tract",2023,"education_rnk",13.8589
"09120060400","tract",2023,"education_rnk",23.6183
"09120060500","tract",2023,"education_rnk",4.0092
"09120060600","tract",2023,"education_rnk",0.3687
"09120060700","tract",2023,"education_rnk",26.2834
"09120060800","tract",2023,"education_rnk",3.2975
"09120060900","tract",2023,"education_rnk",7.1858
"09120061000","tract",2023,"education_rnk",26.7583
"09120061100","tract",2023,"education_rnk",6.0407
"09120061200","tract",2023,"education_rnk",12.8041
"09120061300","tract",2023,"education_rnk",38.2757
"09120061400","tract",2023,"education_rnk",27.6385
"09120061500","tract",2023,"education_rnk",6.6462
"09120061600","tract",2023,"education_rnk",10.4418
"09120070100","tract",2023,"education_rnk",1.6567
"09120070200","tract",2023,"education_rnk",55.4126
"09120070300","tract",2023,"education_rnk",99.2577
"09120070400","tract",2023,"education_rnk",72.1332
"09120070500","tract",2023,"education_rnk",73.2185
"09120070600","tract",2023,"education_rnk",74.4955
"09120070900","tract",2023,"education_rnk",98.2908
"09120071000","tract",2023,"education_rnk",82.0317
"09120071100","tract",2023,"education_rnk",95.4841
"09120071200","tract",2023,"education_rnk",94.1693
"09120071300","tract",2023,"education_rnk",96.5157
"09120071400","tract",2023,"education_rnk",97.1469
"09120071600","tract",2023,"education_rnk",99.4946
"09120071900","tract",2023,"education_rnk",83.8032
"09120072000","tract",2023,"education_rnk",75.3659
"09120072100","tract",2023,"education_rnk",78.9015
"09120072200","tract",2023,"education_rnk",40.2644
"09120072300","tract",2023,"education_rnk",79.7781
"09120072400","tract",2023,"education_rnk",95.4121
"09120072500","tract",2023,"education_rnk",66.3501
"09120072600","tract",2023,"education_rnk",52.6498
"09120072700","tract",2023,"education_rnk",37.5957
"09120072800","tract",2023,"education_rnk",92.5236
"09120072900","tract",2023,"education_rnk",73.647
"09120073000","tract",2023,"education_rnk",38.786
"09120073100","tract",2023,"education_rnk",60.0786
"09120073200","tract",2023,"education_rnk",83.0352
"09120073300","tract",2023,"education_rnk",90.8791
"09120073400","tract",2023,"education_rnk",87.7001
"09120073500","tract",2023,"education_rnk",97.9722
"09120073600","tract",2023,"education_rnk",92.9643
"09120073700","tract",2023,"education_rnk",94.4366
"09120073800","tract",2023,"education_rnk",96.6061
"09120073900","tract",2023,"education_rnk",94.6442
"09120074000","tract",2023,"education_rnk",91.7728
"09120074300","tract",2023,"education_rnk",97.4997
"09120074400","tract",2023,"education_rnk",82.5274
"09120080100","tract",2023,"education_rnk",63.7741
"09120080200","tract",2023,"education_rnk",68.3815
"09120080400","tract",2023,"education_rnk",80.0442
"09120080500","tract",2023,"education_rnk",6.1433
"09120080600","tract",2023,"education_rnk",27.1612
"09120080700","tract",2023,"education_rnk",34.1041
"09120080800","tract",2023,"education_rnk",24.5315
"09120080900","tract",2023,"education_rnk",48.8799
"09120081000","tract",2023,"education_rnk",29.0303
"09120081100","tract",2023,"education_rnk",26.4323
"09120081200","tract",2023,"education_rnk",8.9365
"09120081300","tract",2023,"education_rnk",10.0597
"09120090100","tract",2023,"education_rnk",20.4759
"09120090200","tract",2023,"education_rnk",15.3679
"09120090300","tract",2023,"education_rnk",13.6697
"09120090400","tract",2023,"education_rnk",30.7309
"09120090500","tract",2023,"education_rnk",29.2268
"09120090600","tract",2023,"education_rnk",13.9224
"09120090700","tract",2023,"education_rnk",14.4095
"09120100100","tract",2023,"education_rnk",13.3071
"09120100200","tract",2023,"education_rnk",9.4053
"09120100300","tract",2023,"education_rnk",35.2273
"09120105100","tract",2023,"education_rnk",8.3017
"09120105200","tract",2023,"education_rnk",12.3744
"09120257200","tract",2023,"education_rnk",89.8695
"09120990000","tract",2023,"education_rnk",NA
"09130541100","tract",2023,"education_rnk",29.3929
"09130541200","tract",2023,"education_rnk",10.841
"09130541301","tract",2023,"education_rnk",7.2872
"09130541302","tract",2023,"education_rnk",8.9487
"09130541401","tract",2023,"education_rnk",28.2038
"09130541402","tract",2023,"education_rnk",20.4588
"09130541500","tract",2023,"education_rnk",NA
"09130541600","tract",2023,"education_rnk",69.2447
"09130541700","tract",2023,"education_rnk",71.6082
"09130542000","tract",2023,"education_rnk",25.8402
"09130542100","tract",2023,"education_rnk",48.101
"09130542200","tract",2023,"education_rnk",9.0708
"09130550100","tract",2023,"education_rnk",44.784
"09130550201","tract",2023,"education_rnk",11.9422
"09130550202","tract",2023,"education_rnk",26.7583
"09130560100","tract",2023,"education_rnk",31.0947
"09130560200","tract",2023,"education_rnk",40.9786
"09130570100","tract",2023,"education_rnk",10.6909
"09130570200","tract",2023,"education_rnk",4.0691
"09130570300","tract",2023,"education_rnk",20.0352
"09130580100","tract",2023,"education_rnk",14.5451
"09130585100","tract",2023,"education_rnk",10.9839
"09130590101","tract",2023,"education_rnk",19.8752
"09130590102","tract",2023,"education_rnk",20.7506
"09130595101","tract",2023,"education_rnk",12.1583
"09130595102","tract",2023,"education_rnk",25.7487
"09130600100","tract",2023,"education_rnk",17.425
"09130610100","tract",2023,"education_rnk",21.3659
"09130610200","tract",2023,"education_rnk",16.4667
"09130610300","tract",2023,"education_rnk",29.3929
"09130610400","tract",2023,"education_rnk",16.6486
"09130620100","tract",2023,"education_rnk",35.1357
"09130630101","tract",2023,"education_rnk",21.8945
"09130630102","tract",2023,"education_rnk",5.7624
"09130640100","tract",2023,"education_rnk",8.6435
"09130650100","tract",2023,"education_rnk",6.7598
"09130660101","tract",2023,"education_rnk",10.4418
"09130660103","tract",2023,"education_rnk",12.411
"09130660104","tract",2023,"education_rnk",19.3161
"09130670100","tract",2023,"education_rnk",25.214
"09130670200","tract",2023,"education_rnk",3.8957
"09130680101","tract",2023,"education_rnk",1.0011
"09130680102","tract",2023,"education_rnk",39.3256
"09130680200","tract",2023,"education_rnk",27.0879
"09130990100","tract",2023,"education_rnk",NA
"09140110100","tract",2023,"education_rnk",16.1492
"09140110201","tract",2023,"education_rnk",37.2587
"09140110202","tract",2023,"education_rnk",14.8967
"09140110301","tract",2023,"education_rnk",10.3588
"09140110302","tract",2023,"education_rnk",17.2333
"09140110400","tract",2023,"education_rnk",21.383
"09140110500","tract",2023,"education_rnk",13.5122
"09140110601","tract",2023,"education_rnk",11.8031
"09140110602","tract",2023,"education_rnk",15.8282
"09140120100","tract",2023,"education_rnk",25.6156
"09140120200","tract",2023,"education_rnk",57.0888
"09140125100","tract",2023,"education_rnk",26.4897
"09140125200","tract",2023,"education_rnk",75.4551
"09140125300","tract",2023,"education_rnk",18.1014
"09140125400","tract",2023,"education_rnk",69.3765
"09140130101","tract",2023,"education_rnk",52.2872
"09140130102","tract",2023,"education_rnk",36.116
"09140130201","tract",2023,"education_rnk",41.5304
"09140130202","tract",2023,"education_rnk",14.9553
"09140341100","tract",2023,"education_rnk",19.6494
"09140342100","tract",2023,"education_rnk",33.0102
"09140343101","tract",2023,"education_rnk",54.6813
"09140343102","tract",2023,"education_rnk",8.0783
"09140343200","tract",2023,"education_rnk",15.5852
"09140343300","tract",2023,"education_rnk",9.9889
"09140343400","tract",2023,"education_rnk",35.6912
"09140344100","tract",2023,"education_rnk",21.4794
"09140344200","tract",2023,"education_rnk",5.202
"09140345100","tract",2023,"education_rnk",47.1329
"09140345201","tract",2023,"education_rnk",60.0786
"09140345202","tract",2023,"education_rnk",54.2113
"09140345300","tract",2023,"education_rnk",30.6625
"09140345400","tract",2023,"education_rnk",41.7258
"09140346101","tract",2023,"education_rnk",8.5678
"09140346102","tract",2023,"education_rnk",14.8075
"09140347100","tract",2023,"education_rnk",25.9965
"09140347200","tract",2023,"education_rnk",12.0228
"09140348111","tract",2023,"education_rnk",42.0395
"09140348122","tract",2023,"education_rnk",16.1016
"09140348123","tract",2023,"education_rnk",7.9733
"09140348124","tract",2023,"education_rnk",6.0785
"09140348125","tract",2023,"education_rnk",26.4897
"09140349100","tract",2023,"education_rnk",35.292
"09140349200","tract",2023,"education_rnk",26.6326
"09140350101","tract",2023,"education_rnk",87.567
"09140350200","tract",2023,"education_rnk",93.5039
"09140350300","tract",2023,"education_rnk",96.766
"09140350400","tract",2023,"education_rnk",78.8661
"09140350500","tract",2023,"education_rnk",98.2041
"09140350800","tract",2023,"education_rnk",77.3852
"09140350900","tract",2023,"education_rnk",91.5762
"09140351000","tract",2023,"education_rnk",45.3382
"09140351100","tract",2023,"education_rnk",95.4731
"09140351200","tract",2023,"education_rnk",90.0538
"09140351300","tract",2023,"education_rnk",89.4813
"09140351400","tract",2023,"education_rnk",93.5723
"09140351500","tract",2023,"education_rnk",73.188
"09140351601","tract",2023,"education_rnk",87.202
"09140351602","tract",2023,"education_rnk",86.113
"09140351700","tract",2023,"education_rnk",59.3107
"09140351800","tract",2023,"education_rnk",40.964
"09140351900","tract",2023,"education_rnk",20.6346
"09140352000","tract",2023,"education_rnk",66.5137
"09140352100","tract",2023,"education_rnk",65.4686
"09140352200","tract",2023,"education_rnk",78.4644
"09140352300","tract",2023,"education_rnk",58.0032
"09140352400","tract",2023,"education_rnk",43.2286
"09140352500","tract",2023,"education_rnk",88.6865
"09140352600","tract",2023,"education_rnk",53.1443
"09140352701","tract",2023,"education_rnk",69.5938
"09140352702","tract",2023,"education_rnk",74.2269
"09140352800","tract",2023,"education_rnk",59.5415
"09140360100","tract",2023,"education_rnk",18.9669
"09140360200","tract",2023,"education_rnk",15.0078
"09140360300","tract",2023,"education_rnk",44.9329
"09140360400","tract",2023,"education_rnk",46.7898
"09140361100","tract",2023,"education_rnk",34.2274
"09140361200","tract",2023,"education_rnk",41.1483
"09140361300","tract",2023,"education_rnk",28.1635
"09140362101","tract",2023,"education_rnk",19.8545
"09140362102","tract",2023,"education_rnk",9.3492
"09140405100","tract",2023,"education_rnk",34.6742
"09140405200","tract",2023,"education_rnk",16.1212
"09140405300","tract",2023,"education_rnk",28.7361
"09140405401","tract",2023,"education_rnk",16.3653
"09140405402","tract",2023,"education_rnk",45.4725
"09140405500","tract",2023,"education_rnk",27.2442
"09140405600","tract",2023,"education_rnk",42.4339
"09140405700","tract",2023,"education_rnk",71.8573
"09140405801","tract",2023,"education_rnk",51.6378
"09140405802","tract",2023,"education_rnk",17.2053
"09140405900","tract",2023,"education_rnk",26.9207
"09140406001","tract",2023,"education_rnk",40.5025
"09140406002","tract",2023,"education_rnk",32.0921
"09140406100","tract",2023,"education_rnk",74.9387
"09140425300","tract",2023,"education_rnk",34.9855
"09140425400","tract",2023,"education_rnk",25.3177
"09140425500","tract",2023,"education_rnk",73.6775
"09150708100","tract",2023,"education_rnk",29.6407
"09150815000","tract",2023,"education_rnk",30.6516
"09150820000","tract",2023,"education_rnk",21.4464
"09150825000","tract",2023,"education_rnk",27.0086
"09150830100","tract",2023,"education_rnk",20.3282
"09150890203","tract",2023,"education_rnk",23.8588
"09150900100","tract",2023,"education_rnk",21.9812
"09150900200","tract",2023,"education_rnk",48.0522
"09150901101","tract",2023,"education_rnk",15.8807
"09150901102","tract",2023,"education_rnk",20.0352
"09150902200","tract",2023,"education_rnk",21.4318
"09150902500","tract",2023,"education_rnk",36.5128
"09150903101","tract",2023,"education_rnk",52.2872
"09150903102","tract",2023,"education_rnk",70.2555
"09150903200","tract",2023,"education_rnk",15.269
"09150904101","tract",2023,"education_rnk",35.6094
"09150904102","tract",2023,"education_rnk",40.2644
"09150904400","tract",2023,"education_rnk",47.9313
"09150904500","tract",2023,"education_rnk",41.3144
"09150905101","tract",2023,"education_rnk",48.6723
"09150905102","tract",2023,"education_rnk",74.0951
"09150906100","tract",2023,"education_rnk",28.4602
"09150907100","tract",2023,"education_rnk",62.6949
"09150907200","tract",2023,"education_rnk",30.1303
"09150907300","tract",2023,"education_rnk",63.5629
"09150908100","tract",2023,"education_rnk",54.5287
"09160260200","tract",2023,"education_rnk",75.438
"09160261100","tract",2023,"education_rnk",21.1071
"09160262100","tract",2023,"education_rnk",10.2733
"09160263200","tract",2023,"education_rnk",16.3018
"09160265100","tract",2023,"education_rnk",39.0058
"09160266100","tract",2023,"education_rnk",16.1212
"09160267100","tract",2023,"education_rnk",33.595
"09160268100","tract",2023,"education_rnk",8.9902
"09160290100","tract",2023,"education_rnk",16.1212
"09160293100","tract",2023,"education_rnk",17.7693
"09160296100","tract",2023,"education_rnk",12.4916
"09160298300","tract",2023,"education_rnk",44.7547
"09160298400","tract",2023,"education_rnk",12.4672
"09160300100","tract",2023,"education_rnk",14.7734
"09160300400","tract",2023,"education_rnk",14.0701
"09160300500","tract",2023,"education_rnk",28.4186
"09160303100","tract",2023,"education_rnk",6.5864
"09160306100","tract",2023,"education_rnk",14.3119
"09160310100","tract",2023,"education_rnk",76.4562
"09160310200","tract",2023,"education_rnk",58.4683
"09160310300","tract",2023,"education_rnk",66.7151
"09160310400","tract",2023,"education_rnk",30.4025
"09160310500","tract",2023,"education_rnk",61.3886
"09160310601","tract",2023,"education_rnk",51.2129
"09160310602","tract",2023,"education_rnk",30.1303
"09160310700","tract",2023,"education_rnk",20.5906
"09160310801","tract",2023,"education_rnk",59.6818
"09160310803","tract",2023,"education_rnk",78.219
"09160310804","tract",2023,"education_rnk",58.3011
"09160320101","tract",2023,"education_rnk",37.614
"09160320102","tract",2023,"education_rnk",43.2518
"09160320200","tract",2023,"education_rnk",12.5307
"09160330100","tract",2023,"education_rnk",16.6791
"09160410101","tract",2023,"education_rnk",20.5516
"09160410102","tract",2023,"education_rnk",16.9269
"09160425601","tract",2023,"education_rnk",15.9563
"09160425602","tract",2023,"education_rnk",10.4772
"09170140101","tract",2023,"education_rnk",11.7591
"09170140102","tract",2023,"education_rnk",4.8663
"09170140200","tract",2023,"education_rnk",76.0228
"09170140300","tract",2023,"education_rnk",91.9559
"09170140400","tract",2023,"education_rnk",75.8824
"09170140500","tract",2023,"education_rnk",93.858
"09170140600","tract",2023,"education_rnk",91.5262
"09170140700","tract",2023,"education_rnk",79.656
"09170140800","tract",2023,"education_rnk",87.1617
"09170140900","tract",2023,"education_rnk",60.197
"09170141000","tract",2023,"education_rnk",4.8833
"09170141100","tract",2023,"education_rnk",2.377
"09170141200","tract",2023,"education_rnk",66.5625
"09170141301","tract",2023,"education_rnk",65.4686
"09170141400","tract",2023,"education_rnk",52.7475
"09170141500","tract",2023,"education_rnk",78.6366
"09170141600","tract",2023,"education_rnk",55.3149
"09170141800","tract",2023,"education_rnk",12.0545
"09170141900","tract",2023,"education_rnk",13.461
"09170142000","tract",2023,"education_rnk",8.5788
"09170142100","tract",2023,"education_rnk",42.7964
"09170142200","tract",2023,"education_rnk",4.5647
"09170142300","tract",2023,"education_rnk",89.01
"09170142400","tract",2023,"education_rnk",95.3437
"09170142500","tract",2023,"education_rnk",81.8693
"09170142601","tract",2023,"education_rnk",73.6055
"09170142604","tract",2023,"education_rnk",82.0097
"09170142605","tract",2023,"education_rnk",92.4076
"09170142700","tract",2023,"education_rnk",81.4701
"09170142800","tract",2023,"education_rnk",16.2005
"09170150100","tract",2023,"education_rnk",6.6194
"09170150200","tract",2023,"education_rnk",17.6509
"09170150300","tract",2023,"education_rnk",17.0795
"09170150400","tract",2023,"education_rnk",8.9365
"09170150500","tract",2023,"education_rnk",13.0349
"09170150600","tract",2023,"education_rnk",22.6905
"09170150700","tract",2023,"education_rnk",22.0874
"09170150800","tract",2023,"education_rnk",9.1294
"09170150900","tract",2023,"education_rnk",20.3636
"09170151000","tract",2023,"education_rnk",11.9142
"09170151100","tract",2023,"education_rnk",12.0545
"09170151200","tract",2023,"education_rnk",11.5955
"09170154101","tract",2023,"education_rnk",34.2555
"09170154102","tract",2023,"education_rnk",76.1754
"09170154200","tract",2023,"education_rnk",62.4092
"09170154500","tract",2023,"education_rnk",64.2844
"09170154600","tract",2023,"education_rnk",81.3712
"09170154700","tract",2023,"education_rnk",39.0058
"09170154800","tract",2023,"education_rnk",6.3789
"09170154900","tract",2023,"education_rnk",46.5469
"09170155000","tract",2023,"education_rnk",83.8032
"09170155100","tract",2023,"education_rnk",60.2935
"09170157100","tract",2023,"education_rnk",26.8975
"09170157200","tract",2023,"education_rnk",17.5801
"09170157300","tract",2023,"education_rnk",13.6929
"09170157400","tract",2023,"education_rnk",15.0346
"09170160100","tract",2023,"education_rnk",13.4512
"09170160200","tract",2023,"education_rnk",4.2241
"09170161100","tract",2023,"education_rnk",8.9695
"09170165100","tract",2023,"education_rnk",38.8068
"09170165200","tract",2023,"education_rnk",3.8884
"09170165300","tract",2023,"education_rnk",4.1081
"09170165400","tract",2023,"education_rnk",8.9793
"09170165500","tract",2023,"education_rnk",75.3843
"09170165600","tract",2023,"education_rnk",38.5479
"09170165700","tract",2023,"education_rnk",32.4047
"09170165801","tract",2023,"education_rnk",29.1524
"09170165802","tract",2023,"education_rnk",30.6625
"09170165900","tract",2023,"education_rnk",35.9964
"09170166002","tract",2023,"education_rnk",NA
"09170166003","tract",2023,"education_rnk",41.788
"09170166004","tract",2023,"education_rnk",8.4873
"09170167101","tract",2023,"education_rnk",9.8375
"09170167102","tract",2023,"education_rnk",7.7279
"09170167201","tract",2023,"education_rnk",11.0242
"09170167202","tract",2023,"education_rnk",33.4326
"09170167301","tract",2023,"education_rnk",41.5304
"09170170100","tract",2023,"education_rnk",96.5987
"09170170200","tract",2023,"education_rnk",98.8744
"09170170300","tract",2023,"education_rnk",83.8032
"09170170400","tract",2023,"education_rnk",66.6895
"09170170500","tract",2023,"education_rnk",27.6581
"09170170600","tract",2023,"education_rnk",44.4629
"09170170700","tract",2023,"education_rnk",41.5304
"09170170800","tract",2023,"education_rnk",53.8548
"09170170900","tract",2023,"education_rnk",90.2309
"09170171000","tract",2023,"education_rnk",85.3133
"09170171100","tract",2023,"education_rnk",37.0414
"09170171201","tract",2023,"education_rnk",31.9627
"09170171202","tract",2023,"education_rnk",50.832
"09170171300","tract",2023,"education_rnk",71.6986
"09170171400","tract",2023,"education_rnk",94.4867
"09170171500","tract",2023,"education_rnk",87.6732
"09170171600","tract",2023,"education_rnk",41.4206
"09170171700","tract",2023,"education_rnk",30.7089
"09170175100","tract",2023,"education_rnk",28.5188
"09170175200","tract",2023,"education_rnk",14.4681
"09170175300","tract",2023,"education_rnk",47.6505
"09170175400","tract",2023,"education_rnk",70.9624
"09170175501","tract",2023,"education_rnk",9.9059
"09170175502","tract",2023,"education_rnk",3.9726
"09170175600","tract",2023,"education_rnk",41.6525
"09170175700","tract",2023,"education_rnk",23.9528
"09170175800","tract",2023,"education_rnk",11.6395
"09170175900","tract",2023,"education_rnk",22.8065
"09170176000","tract",2023,"education_rnk",9.1099
"09170180101","tract",2023,"education_rnk",3.6222
"09170180102","tract",2023,"education_rnk",51.595
"09170180200","tract",2023,"education_rnk",42.3093
"09170180300","tract",2023,"education_rnk",45.5189
"09170180400","tract",2023,"education_rnk",73.5945
"09170180500","tract",2023,"education_rnk",50.4133
"09170180601","tract",2023,"education_rnk",21.6308
"09170180602","tract",2023,"education_rnk",20.3977
"09170184101","tract",2023,"education_rnk",21.8115
"09170184200","tract",2023,"education_rnk",37.509
"09170184300","tract",2023,"education_rnk",15.0957
"09170184400","tract",2023,"education_rnk",7.1749
"09170184500","tract",2023,"education_rnk",4.5269
"09170184600","tract",2023,"education_rnk",3.8627
"09170184700","tract",2023,"education_rnk",6.5718
"09170186100","tract",2023,"education_rnk",17.1674
"09170186200","tract",2023,"education_rnk",26.7241
"09170190100","tract",2023,"education_rnk",13.1216
"09170190200","tract",2023,"education_rnk",1.183
"09170190301","tract",2023,"education_rnk",13.5464
"09170190302","tract",2023,"education_rnk",12.2694
"09170190303","tract",2023,"education_rnk",16.1492
"09170194101","tract",2023,"education_rnk",6.3276
"09170194102","tract",2023,"education_rnk",1.1708
"09170194201","tract",2023,"education_rnk",6.1799
"09170194202","tract",2023,"education_rnk",11.8983
"09170361401","tract",2023,"education_rnk",NA
"09170361402","tract",2023,"education_rnk",NA
"09170361500","tract",2023,"education_rnk",NA
"09170990000","tract",2023,"education_rnk",NA
"09180690300","tract",2023,"education_rnk",66.4966
"09180690400","tract",2023,"education_rnk",89.7523
"09180690500","tract",2023,"education_rnk",72.6935
"09180690700","tract",2023,"education_rnk",34.1041
"09180690800","tract",2023,"education_rnk",34.181
"09180690900","tract",2023,"education_rnk",8.7168
"09180693300","tract",2023,"education_rnk",26.2834
"09180693400","tract",2023,"education_rnk",28.9497
"09180693500","tract",2023,"education_rnk",16.6949
"09180693600","tract",2023,"education_rnk",28.6286
"09180693700","tract",2023,"education_rnk",10.5541
"09180695201","tract",2023,"education_rnk",32.6537
"09180695202","tract",2023,"education_rnk",50.1789
"09180696100","tract",2023,"education_rnk",47.2354
"09180696200","tract",2023,"education_rnk",27.9853
"09180696300","tract",2023,"education_rnk",40.9786
"09180696401","tract",2023,"education_rnk",81.2565
"09180696500","tract",2023,"education_rnk",49.8468
"09180696600","tract",2023,"education_rnk",50.8821
"09180696701","tract",2023,"education_rnk",88.4716
"09180696800","tract",2023,"education_rnk",86.0641
"09180697000","tract",2023,"education_rnk",71.0747
"09180700100","tract",2023,"education_rnk",25.6925
"09180701100","tract",2023,"education_rnk",39.9995
"09180701200","tract",2023,"education_rnk",40.6185
"09180702100","tract",2023,"education_rnk",27.3919
"09180702300","tract",2023,"education_rnk",32.0555
"09180702400","tract",2023,"education_rnk",16.5521
"09180702500","tract",2023,"education_rnk",71.6326
"09180702600","tract",2023,"education_rnk",9.4053
"09180702700","tract",2023,"education_rnk",24.8196
"09180702800","tract",2023,"education_rnk",55.8191
"09180702900","tract",2023,"education_rnk",1.2611
"09180703000","tract",2023,"education_rnk",6.8941
"09180705101","tract",2023,"education_rnk",32.5158
"09180705102","tract",2023,"education_rnk",40.964
"09180705200","tract",2023,"education_rnk",7.9306
"09180705300","tract",2023,"education_rnk",5.611
"09180705400","tract",2023,"education_rnk",15.0224
"09180707100","tract",2023,"education_rnk",15.352
"09180709100","tract",2023,"education_rnk",28.8227
"09180709200","tract",2023,"education_rnk",59.8931
"09180710100","tract",2023,"education_rnk",37.4419
"09180711100","tract",2023,"education_rnk",62.2151
"09180712100","tract",2023,"education_rnk",40.7125
"09180713100","tract",2023,"education_rnk",35.5508
"09180714101","tract",2023,"education_rnk",41.373
"09180714103","tract",2023,"education_rnk",19.7214
"09180714104","tract",2023,"education_rnk",19.0878
"09180715100","tract",2023,"education_rnk",25.7096
"09180716101","tract",2023,"education_rnk",39.3512
"09180716102","tract",2023,"education_rnk",19.0536
"09180800300","tract",2023,"education_rnk",NA
"09180800400","tract",2023,"education_rnk",82.9498
"09180800501","tract",2023,"education_rnk",39.9702
"09180800502","tract",2023,"education_rnk",48.8591
"09180800600","tract",2023,"education_rnk",90.6105
"09180800700","tract",2023,"education_rnk",38.5076
"09180870100","tract",2023,"education_rnk",16.9977
"09180870200","tract",2023,"education_rnk",41.4206
"09180870300","tract",2023,"education_rnk",NA
"09180870501","tract",2023,"education_rnk",48.2292
"09180870502","tract",2023,"education_rnk",61.3727
"09180870701","tract",2023,"education_rnk",4.8125
"09180870703","tract",2023,"education_rnk",8.8291
"09180870704","tract",2023,"education_rnk",8.4726
"09180980000","tract",2023,"education_rnk",NA
"09180990100","tract",2023,"education_rnk",NA
"09190010101","tract",2023,"education_rnk",4.782
"09190010102","tract",2023,"education_rnk",2.0388
"09190010201","tract",2023,"education_rnk",0.1209
"09190010202","tract",2023,"education_rnk",1.4284
"09190010300","tract",2023,"education_rnk",0.597
"09190010400","tract",2023,"education_rnk",10.3515
"09190010500","tract",2023,"education_rnk",17.9085
"09190010600","tract",2023,"education_rnk",0.7008
"09190010700","tract",2023,"education_rnk",37.9192
"09190010800","tract",2023,"education_rnk",13.0544
"09190010900","tract",2023,"education_rnk",3.8261
"09190011000","tract",2023,"education_rnk",3.3671
"09190011100","tract",2023,"education_rnk",11.8983
"09190011200","tract",2023,"education_rnk",4.5647
"09190011300","tract",2023,"education_rnk",67.0118
"09190020101","tract",2023,"education_rnk",11.6053
"09190020102","tract",2023,"education_rnk",7.7279
"09190020200","tract",2023,"education_rnk",1.3954
"09190020301","tract",2023,"education_rnk",11.7396
"09190020302","tract",2023,"education_rnk",1.1293
"09190020400","tract",2023,"education_rnk",26.834
"09190020500","tract",2023,"education_rnk",14.5451
"09190020600","tract",2023,"education_rnk",9.5506
"09190020700","tract",2023,"education_rnk",8.8694
"09190020800","tract",2023,"education_rnk",6.0261
"09190020900","tract",2023,"education_rnk",23.3217
"09190021000","tract",2023,"education_rnk",2.5442
"09190021100","tract",2023,"education_rnk",66.2487
"09190021200","tract",2023,"education_rnk",9.044
"09190021300","tract",2023,"education_rnk",18.6837
"09190021401","tract",2023,"education_rnk",74.4222
"09190021402","tract",2023,"education_rnk",81.171
"09190021501","tract",2023,"education_rnk",92.4552
"09190021502","tract",2023,"education_rnk",97.3081
"09190021601","tract",2023,"education_rnk",6.7842
"09190021602","tract",2023,"education_rnk",6.3484
"09190021701","tract",2023,"education_rnk",60.2202
"09190021702","tract",2023,"education_rnk",8.7888
"09190021801","tract",2023,"education_rnk",26.0856
"09190021802","tract",2023,"education_rnk",72.5873
"09190021900","tract",2023,"education_rnk",29.7958
"09190022000","tract",2023,"education_rnk",54.4335
"09190022101","tract",2023,"education_rnk",97.6243
"09190022102","tract",2023,"education_rnk",63.3969
"09190022201","tract",2023,"education_rnk",13.2009
"09190022202","tract",2023,"education_rnk",10.4418
"09190022300","tract",2023,"education_rnk",7.2481
"09190022400","tract",2023,"education_rnk",2.7371
"09190030100","tract",2023,"education_rnk",6.5974
"09190030200","tract",2023,"education_rnk",6.7341
"09190030300","tract",2023,"education_rnk",1.7092
"09190030400","tract",2023,"education_rnk",3.7467
"09190030500","tract",2023,"education_rnk",11.7261
"09190035101","tract",2023,"education_rnk",5.3497
"09190035102","tract",2023,"education_rnk",9.2259
"09190035200","tract",2023,"education_rnk",1.4101
"09190035300","tract",2023,"education_rnk",0.7008
"09190035400","tract",2023,"education_rnk",7.7511
"09190042500","tract",2023,"education_rnk",2.5918
"09190042600","tract",2023,"education_rnk",20.7091
"09190042700","tract",2023,"education_rnk",18.0135
"09190042800","tract",2023,"education_rnk",33.1763
"09190042900","tract",2023,"education_rnk",1.3075
"09190043000","tract",2023,"education_rnk",26.3115
"09190043100","tract",2023,"education_rnk",9.0293
"09190043200","tract",2023,"education_rnk",74.4699
"09190043300","tract",2023,"education_rnk",31.356
"09190043400","tract",2023,"education_rnk",44.8145
"09190043500","tract",2023,"education_rnk",32.6843
"09190043600","tract",2023,"education_rnk",60.2642
"09190043700","tract",2023,"education_rnk",9.6873
"09190043800","tract",2023,"education_rnk",58.693
"09190043900","tract",2023,"education_rnk",49.3389
"09190044000","tract",2023,"education_rnk",62.5227
"09190044100","tract",2023,"education_rnk",12.2951
"09190044200","tract",2023,"education_rnk",63.4725
"09190044300","tract",2023,"education_rnk",11.7396
"09190044400","tract",2023,"education_rnk",62.7706
"09190044500","tract",2023,"education_rnk",73.6775
"09190044600","tract",2023,"education_rnk",0.5164
"09190045101","tract",2023,"education_rnk",3.8261
"09190045102","tract",2023,"education_rnk",11.3965
"09190045200","tract",2023,"education_rnk",19.6921
"09190045300","tract",2023,"education_rnk",5.202
"09190045400","tract",2023,"education_rnk",3.0033
"09190050100","tract",2023,"education_rnk",2.587
"09190050200","tract",2023,"education_rnk",7.5619
"09190050301","tract",2023,"education_rnk",9.0989
"09190050302","tract",2023,"education_rnk",0.094
"09190050400","tract",2023,"education_rnk",1.4809
"09190050500","tract",2023,"education_rnk",5.2789
"09190050600","tract",2023,"education_rnk",2.4087
"09190055100","tract",2023,"education_rnk",11.2134
"09190055200","tract",2023,"education_rnk",10.2465
"09190200100","tract",2023,"education_rnk",45.0965
"09190200200","tract",2023,"education_rnk",70.153
"09190200301","tract",2023,"education_rnk",16.5277
"09190200302","tract",2023,"education_rnk",10.1708
"09190205100","tract",2023,"education_rnk",29.6834
"09190205200","tract",2023,"education_rnk",35.7632
"09190205300","tract",2023,"education_rnk",9.2832
"09190210101","tract",2023,"education_rnk",78.0262
"09190210102","tract",2023,"education_rnk",90.801
"09190210201","tract",2023,"education_rnk",86.9199
"09190210202","tract",2023,"education_rnk",97.6474
"09190210300","tract",2023,"education_rnk",91.3357
"09190210401","tract",2023,"education_rnk",43.275
"09190210402","tract",2023,"education_rnk",34.1566
"09190210501","tract",2023,"education_rnk",18.4835
"09190210502","tract",2023,"education_rnk",9.8473
"09190210600","tract",2023,"education_rnk",79.9514
"09190210701","tract",2023,"education_rnk",92.6591
"09190210702","tract",2023,"education_rnk",64.7325
"09190210800","tract",2023,"education_rnk",37.1769
"09190210900","tract",2023,"education_rnk",30.3
"09190211000","tract",2023,"education_rnk",59.5207
"09190211100","tract",2023,"education_rnk",NA
"09190211201","tract",2023,"education_rnk",90.2113
"09190211202","tract",2023,"education_rnk",31.0703
"09190211300","tract",2023,"education_rnk",37.4419
"09190211400","tract",2023,"education_rnk",32.705
"09190220100","tract",2023,"education_rnk",36.4701
"09190220200","tract",2023,"education_rnk",30.4245
"09190220300","tract",2023,"education_rnk",41.6525
"09190230100","tract",2023,"education_rnk",20.0352
"09190230200","tract",2023,"education_rnk",17.4104
"09190230300","tract",2023,"education_rnk",7.3995
"09190230400","tract",2023,"education_rnk",26.2272
"09190230501","tract",2023,"education_rnk",7.7975
"09190230502","tract",2023,"education_rnk",34.7169
"09190240100","tract",2023,"education_rnk",2.3074
"09190240200","tract",2023,"education_rnk",6.8916
"09190245100","tract",2023,"education_rnk",5.9552
"09190245200","tract",2023,"education_rnk",18.8656
"09190245300","tract",2023,"education_rnk",10.6152
"09190245400","tract",2023,"education_rnk",9.763
"09190245500","tract",2023,"education_rnk",3.3671
"09190245600","tract",2023,"education_rnk",13.1216
"09190250100","tract",2023,"education_rnk",7.3177
"09190253100","tract",2023,"education_rnk",74.6884
"09190253200","tract",2023,"education_rnk",27.8729
"09190253400","tract",2023,"education_rnk",22.8626
"09190253500","tract",2023,"education_rnk",40.4012
"09190257100","tract",2023,"education_rnk",7.441
"09190425700","tract",2023,"education_rnk",32.3375
"09190990000","tract",2023,"education_rnk",NA
"09110400101","tract",2023,"education_state_rnk",37.0629
"09110400102","tract",2023,"education_state_rnk",57.9254
"09110400200","tract",2023,"education_state_rnk",55.2448
"09110400300","tract",2023,"education_state_rnk",47.2028
"09110415300","tract",2023,"education_state_rnk",87.0629
"09110415400","tract",2023,"education_state_rnk",71.2121
"09110415500","tract",2023,"education_state_rnk",98.4848
"09110415600","tract",2023,"education_state_rnk",94.5221
"09110415700","tract",2023,"education_state_rnk",64.8019
"09110415800","tract",2023,"education_state_rnk",58.8578
"09110415900","tract",2023,"education_state_rnk",91.2587
"09110416000","tract",2023,"education_state_rnk",89.8601
"09110416100","tract",2023,"education_state_rnk",96.0373
"09110416200","tract",2023,"education_state_rnk",95.6876
"09110416300","tract",2023,"education_state_rnk",88.4615
"09110416400","tract",2023,"education_state_rnk",45.4545
"09110416500","tract",2023,"education_state_rnk",75.2914
"09110416600","tract",2023,"education_state_rnk",95.2214
"09110416700","tract",2023,"education_state_rnk",85.1981
"09110416800","tract",2023,"education_state_rnk",69.697
"09110417100","tract",2023,"education_state_rnk",93.2401
"09110417200","tract",2023,"education_state_rnk",43.1235
"09110417300","tract",2023,"education_state_rnk",NA
"09110417400","tract",2023,"education_state_rnk",46.5035
"09110417500","tract",2023,"education_state_rnk",70.979
"09110420400","tract",2023,"education_state_rnk",31.7016
"09110420500","tract",2023,"education_state_rnk",51.049
"09110420601","tract",2023,"education_state_rnk",71.4452
"09110420602","tract",2023,"education_state_rnk",44.4056
"09110420700","tract",2023,"education_state_rnk",60.7226
"09110430100","tract",2023,"education_state_rnk",42.8904
"09110430201","tract",2023,"education_state_rnk",21.3869
"09110430202","tract",2023,"education_state_rnk",44.9883
"09110430203","tract",2023,"education_state_rnk",13.8695
"09110430301","tract",2023,"education_state_rnk",16.6667
"09110430302","tract",2023,"education_state_rnk",38.8112
"09110430400","tract",2023,"education_state_rnk",67.0163
"09110430501","tract",2023,"education_state_rnk",7.2261
"09110430502","tract",2023,"education_state_rnk",28.6713
"09110430602","tract",2023,"education_state_rnk",42.4242
"09110430603","tract",2023,"education_state_rnk",27.2727
"09110430604","tract",2023,"education_state_rnk",44.289
"09110460100","tract",2023,"education_state_rnk",32.2844
"09110460202","tract",2023,"education_state_rnk",9.2657
"09110460203","tract",2023,"education_state_rnk",9.4406
"09110460204","tract",2023,"education_state_rnk",25.5245
"09110460301","tract",2023,"education_state_rnk",12.5874
"09110460302","tract",2023,"education_state_rnk",35.5478
"09110462101","tract",2023,"education_state_rnk",21.3869
"09110462102","tract",2023,"education_state_rnk",12.4126
"09110462201","tract",2023,"education_state_rnk",36.4219
"09110462202","tract",2023,"education_state_rnk",5.9441
"09110464101","tract",2023,"education_state_rnk",6.5268
"09110464102","tract",2023,"education_state_rnk",10.8974
"09110466101","tract",2023,"education_state_rnk",5.4779
"09110466102","tract",2023,"education_state_rnk",21.7949
"09110466201","tract",2023,"education_state_rnk",54.8951
"09110466202","tract",2023,"education_state_rnk",13.7529
"09110466300","tract",2023,"education_state_rnk",20.338
"09110466400","tract",2023,"education_state_rnk",23.8928
"09110468101","tract",2023,"education_state_rnk",27.0396
"09110468102","tract",2023,"education_state_rnk",15.3846
"09110470100","tract",2023,"education_state_rnk",63.5198
"09110471100","tract",2023,"education_state_rnk",69.1142
"09110471200","tract",2023,"education_state_rnk",58.3916
"09110471300","tract",2023,"education_state_rnk",43.7063
"09110471400","tract",2023,"education_state_rnk",14.5688
"09110471500","tract",2023,"education_state_rnk",70.3963
"09110473100","tract",2023,"education_state_rnk",73.4266
"09110473400","tract",2023,"education_state_rnk",25.9907
"09110473501","tract",2023,"education_state_rnk",23.4848
"09110473502","tract",2023,"education_state_rnk",36.4219
"09110473601","tract",2023,"education_state_rnk",24.7086
"09110473602","tract",2023,"education_state_rnk",50.3497
"09110473700","tract",2023,"education_state_rnk",59.7902
"09110473800","tract",2023,"education_state_rnk",72.7273
"09110476100","tract",2023,"education_state_rnk",49.0093
"09110476200","tract",2023,"education_state_rnk",67.2494
"09110476300","tract",2023,"education_state_rnk",44.0559
"09110477101","tract",2023,"education_state_rnk",25.8741
"09110477103","tract",2023,"education_state_rnk",47.9604
"09110477104","tract",2023,"education_state_rnk",30.5361
"09110477200","tract",2023,"education_state_rnk",49.4172
"09110480300","tract",2023,"education_state_rnk",51.8648
"09110480400","tract",2023,"education_state_rnk",67.7156
"09110480500","tract",2023,"education_state_rnk",63.8695
"09110480600","tract",2023,"education_state_rnk",65.9674
"09110480700","tract",2023,"education_state_rnk",78.4382
"09110480800","tract",2023,"education_state_rnk",24.4755
"09110480900","tract",2023,"education_state_rnk",45.8042
"09110481000","tract",2023,"education_state_rnk",43.007
"09110481100","tract",2023,"education_state_rnk",53.0303
"09110481200","tract",2023,"education_state_rnk",45.9207
"09110481300","tract",2023,"education_state_rnk",39.8601
"09110484100","tract",2023,"education_state_rnk",30.8858
"09110484200","tract",2023,"education_state_rnk",42.3077
"09110487100","tract",2023,"education_state_rnk",40.676
"09110487201","tract",2023,"education_state_rnk",33.683
"09110487202","tract",2023,"education_state_rnk",20.7459
"09110487300","tract",2023,"education_state_rnk",27.1562
"09110487400","tract",2023,"education_state_rnk",36.7133
"09110487500","tract",2023,"education_state_rnk",20.979
"09110490100","tract",2023,"education_state_rnk",22.7273
"09110490303","tract",2023,"education_state_rnk",28.0886
"09110490304","tract",2023,"education_state_rnk",20.1632
"09110492100","tract",2023,"education_state_rnk",19.5804
"09110492200","tract",2023,"education_state_rnk",17.7156
"09110492300","tract",2023,"education_state_rnk",43.4732
"09110492400","tract",2023,"education_state_rnk",44.8718
"09110492500","tract",2023,"education_state_rnk",9.6154
"09110492600","tract",2023,"education_state_rnk",41.7832
"09110494100","tract",2023,"education_state_rnk",34.8485
"09110494201","tract",2023,"education_state_rnk",41.4918
"09110494202","tract",2023,"education_state_rnk",28.2051
"09110494300","tract",2023,"education_state_rnk",72.4942
"09110494400","tract",2023,"education_state_rnk",49.8834
"09110494500","tract",2023,"education_state_rnk",58.5082
"09110494600","tract",2023,"education_state_rnk",41.3753
"09110496100","tract",2023,"education_state_rnk",88.345
"09110496200","tract",2023,"education_state_rnk",58.042
"09110496300","tract",2023,"education_state_rnk",50.5828
"09110496400","tract",2023,"education_state_rnk",31.352
"09110496500","tract",2023,"education_state_rnk",12.8205
"09110496600","tract",2023,"education_state_rnk",24.2424
"09110496700","tract",2023,"education_state_rnk",15.5012
"09110496800","tract",2023,"education_state_rnk",66.5501
"09110496900","tract",2023,"education_state_rnk",4.7786
"09110497000","tract",2023,"education_state_rnk",9.7902
"09110497100","tract",2023,"education_state_rnk",16.4336
"09110497200","tract",2023,"education_state_rnk",11.5385
"09110497300","tract",2023,"education_state_rnk",17.2494
"09110497400","tract",2023,"education_state_rnk",3.4965
"09110497500","tract",2023,"education_state_rnk",15.7925
"09110497600","tract",2023,"education_state_rnk",6.8765
"09110497700","tract",2023,"education_state_rnk",7.3427
"09110500100","tract",2023,"education_state_rnk",91.1422
"09110500200","tract",2023,"education_state_rnk",86.8298
"09110500300","tract",2023,"education_state_rnk",92.0746
"09110500400","tract",2023,"education_state_rnk",86.1305
"09110500500","tract",2023,"education_state_rnk",55.0117
"09110500900","tract",2023,"education_state_rnk",98.8345
"09110501200","tract",2023,"education_state_rnk",93.5897
"09110501300","tract",2023,"education_state_rnk",98.1352
"09110501400","tract",2023,"education_state_rnk",99.5338
"09110501500","tract",2023,"education_state_rnk",94.0559
"09110501700","tract",2023,"education_state_rnk",98.0186
"09110501800","tract",2023,"education_state_rnk",92.5408
"09110502100","tract",2023,"education_state_rnk",1.5152
"09110502300","tract",2023,"education_state_rnk",96.9697
"09110502400","tract",2023,"education_state_rnk",94.4056
"09110502500","tract",2023,"education_state_rnk",95.9207
"09110502600","tract",2023,"education_state_rnk",96.7366
"09110502700","tract",2023,"education_state_rnk",NA
"09110502800","tract",2023,"education_state_rnk",99.7669
"09110502900","tract",2023,"education_state_rnk",86.9464
"09110503000","tract",2023,"education_state_rnk",99.1841
"09110503101","tract",2023,"education_state_rnk",93.8228
"09110503102","tract",2023,"education_state_rnk",74.8252
"09110503300","tract",2023,"education_state_rnk",93.3566
"09110503500","tract",2023,"education_state_rnk",86.5967
"09110503700","tract",2023,"education_state_rnk",93.007
"09110503800","tract",2023,"education_state_rnk",NA
"09110503900","tract",2023,"education_state_rnk",88.9277
"09110504000","tract",2023,"education_state_rnk",77.1562
"09110504100","tract",2023,"education_state_rnk",92.6573
"09110504200","tract",2023,"education_state_rnk",84.0326
"09110504300","tract",2023,"education_state_rnk",91.4918
"09110504500","tract",2023,"education_state_rnk",94.6387
"09110504800","tract",2023,"education_state_rnk",89.3939
"09110504900","tract",2023,"education_state_rnk",96.2704
"09110510100","tract",2023,"education_state_rnk",85.0816
"09110510200","tract",2023,"education_state_rnk",72.2611
"09110510300","tract",2023,"education_state_rnk",95.338
"09110510400","tract",2023,"education_state_rnk",80.303
"09110510500","tract",2023,"education_state_rnk",54.5455
"09110510600","tract",2023,"education_state_rnk",90.9091
"09110510700","tract",2023,"education_state_rnk",75.7576
"09110510800","tract",2023,"education_state_rnk",78.2051
"09110510900","tract",2023,"education_state_rnk",64.9184
"09110511000","tract",2023,"education_state_rnk",59.3823
"09110511100","tract",2023,"education_state_rnk",48.2517
"09110511200","tract",2023,"education_state_rnk",89.5105
"09110511300","tract",2023,"education_state_rnk",87.8788
"09110511400","tract",2023,"education_state_rnk",71.62
"09110514101","tract",2023,"education_state_rnk",62.3543
"09110514103","tract",2023,"education_state_rnk",2.7972
"09110514104","tract",2023,"education_state_rnk",29.6037
"09110514200","tract",2023,"education_state_rnk",70.5128
"09110514300","tract",2023,"education_state_rnk",44.6387
"09110514400","tract",2023,"education_state_rnk",50.2331
"09110514500","tract",2023,"education_state_rnk",78.0886
"09110514600","tract",2023,"education_state_rnk",53.8462
"09110514700","tract",2023,"education_state_rnk",72.028
"09110514800","tract",2023,"education_state_rnk",74.9417
"09110514900","tract",2023,"education_state_rnk",43.2401
"09110515000","tract",2023,"education_state_rnk",36.9464
"09110515101","tract",2023,"education_state_rnk",30.7692
"09110515102","tract",2023,"education_state_rnk",31.8182
"09110515200","tract",2023,"education_state_rnk",26.1072
"09110520100","tract",2023,"education_state_rnk",31.5851
"09110520201","tract",2023,"education_state_rnk",20.5128
"09110520202","tract",2023,"education_state_rnk",17.4825
"09110520301","tract",2023,"education_state_rnk",21.9697
"09110520302","tract",2023,"education_state_rnk",7.5758
"09110520400","tract",2023,"education_state_rnk",10.2564
"09110520501","tract",2023,"education_state_rnk",32.1096
"09110524100","tract",2023,"education_state_rnk",24.0093
"09110524200","tract",2023,"education_state_rnk",45.6876
"09110524300","tract",2023,"education_state_rnk",49.5921
"09110524400","tract",2023,"education_state_rnk",87.5874
"09110524501","tract",2023,"education_state_rnk",88.6946
"09110524502","tract",2023,"education_state_rnk",81.0023
"09110524600","tract",2023,"education_state_rnk",63.6946
"09110524700","tract",2023,"education_state_rnk",89.7436
"09110526101","tract",2023,"education_state_rnk",22.1445
"09110526102","tract",2023,"education_state_rnk",25.641
"09110528100","tract",2023,"education_state_rnk",25.1748
"09110529100","tract",2023,"education_state_rnk",45.2214
"09110530100","tract",2023,"education_state_rnk",68.5315
"09110530200","tract",2023,"education_state_rnk",73.7762
"09110530301","tract",2023,"education_state_rnk",71.0956
"09110530302","tract",2023,"education_state_rnk",37.4126
"09110530400","tract",2023,"education_state_rnk",35.7809
"09110530500","tract",2023,"education_state_rnk",57.6923
"09110530600","tract",2023,"education_state_rnk",26.4569
"09110533102","tract",2023,"education_state_rnk",34.4988
"09110533103","tract",2023,"education_state_rnk",35.6643
"09110533104","tract",2023,"education_state_rnk",12.9953
"09110535101","tract",2023,"education_state_rnk",13.2284
"09110535102","tract",2023,"education_state_rnk",29.2541
"09110535200","tract",2023,"education_state_rnk",68.9977
"09110538100","tract",2023,"education_state_rnk",NA
"09110538201","tract",2023,"education_state_rnk",43.9394
"09110538202","tract",2023,"education_state_rnk",53.38
"09110840100","tract",2023,"education_state_rnk",62.704
"09110850100","tract",2023,"education_state_rnk",28.4382
"09110850200","tract",2023,"education_state_rnk",45.1049
"09110860100","tract",2023,"education_state_rnk",57.8089
"09110881100","tract",2023,"education_state_rnk",18.5315
"09110881200","tract",2023,"education_state_rnk",NA
"09110881300","tract",2023,"education_state_rnk",NA
"09110881500","tract",2023,"education_state_rnk",64.5688
"09110890100","tract",2023,"education_state_rnk",80.4196
"09110890202","tract",2023,"education_state_rnk",55.4779
"09110890204","tract",2023,"education_state_rnk",67.1329
"09110980001","tract",2023,"education_state_rnk",NA
"09110980002","tract",2023,"education_state_rnk",NA
"09110980003","tract",2023,"education_state_rnk",NA
"09110980100","tract",2023,"education_state_rnk",NA
"09120060100","tract",2023,"education_state_rnk",NA
"09120060200","tract",2023,"education_state_rnk",37.7622
"09120060300","tract",2023,"education_state_rnk",28.3217
"09120060400","tract",2023,"education_state_rnk",43.5897
"09120060500","tract",2023,"education_state_rnk",5.0117
"09120060600","tract",2023,"education_state_rnk",0.2331
"09120060700","tract",2023,"education_state_rnk",47.2028
"09120060800","tract",2023,"education_state_rnk",3.6131
"09120060900","tract",2023,"education_state_rnk",10.7226
"09120061000","tract",2023,"education_state_rnk",48.4266
"09120061100","tract",2023,"education_state_rnk",8.042
"09120061200","tract",2023,"education_state_rnk",25.7576
"09120061300","tract",2023,"education_state_rnk",61.5385
"09120061400","tract",2023,"education_state_rnk",50
"09120061500","tract",2023,"education_state_rnk",9.6154
"09120061600","tract",2023,"education_state_rnk",19.3473
"09120070100","tract",2023,"education_state_rnk",2.0979
"09120070200","tract",2023,"education_state_rnk",74.5921
"09120070300","tract",2023,"education_state_rnk",99.8834
"09120070400","tract",2023,"education_state_rnk",82.0513
"09120070500","tract",2023,"education_state_rnk",82.5175
"09120070600","tract",2023,"education_state_rnk",83.683
"09120070900","tract",2023,"education_state_rnk",99.4172
"09120071000","tract",2023,"education_state_rnk",88.1119
"09120071100","tract",2023,"education_state_rnk",97.4359
"09120071200","tract",2023,"education_state_rnk",96.3869
"09120071300","tract",2023,"education_state_rnk",97.5524
"09120071400","tract",2023,"education_state_rnk",98.2517
"09120071600","tract",2023,"education_state_rnk",100
"09120071900","tract",2023,"education_state_rnk",89.1608
"09120072000","tract",2023,"education_state_rnk",84.1492
"09120072100","tract",2023,"education_state_rnk",86.014
"09120072200","tract",2023,"education_state_rnk",63.1119
"09120072300","tract",2023,"education_state_rnk",86.3636
"09120072400","tract",2023,"education_state_rnk",97.2028
"09120072500","tract",2023,"education_state_rnk",79.4872
"09120072600","tract",2023,"education_state_rnk",73.31
"09120072700","tract",2023,"education_state_rnk",61.1888
"09120072800","tract",2023,"education_state_rnk",94.9883
"09120072900","tract",2023,"education_state_rnk",82.8671
"09120073000","tract",2023,"education_state_rnk",61.8881
"09120073100","tract",2023,"education_state_rnk",76.5152
"09120073200","tract",2023,"education_state_rnk",88.8112
"09120073300","tract",2023,"education_state_rnk",93.1235
"09120073400","tract",2023,"education_state_rnk",90.7925
"09120073500","tract",2023,"education_state_rnk",99.0676
"09120073600","tract",2023,"education_state_rnk",95.4545
"09120073700","tract",2023,"education_state_rnk",96.5035
"09120073800","tract",2023,"education_state_rnk",97.7855
"09120073900","tract",2023,"education_state_rnk",96.8531
"09120074000","tract",2023,"education_state_rnk",94.1725
"09120074300","tract",2023,"education_state_rnk",98.6014
"09120074400","tract",2023,"education_state_rnk",88.2284
"09120080100","tract",2023,"education_state_rnk",78.7879
"09120080200","tract",2023,"education_state_rnk",80.5361
"09120080400","tract",2023,"education_state_rnk",86.7133
"09120080500","tract",2023,"education_state_rnk",8.2751
"09120080600","tract",2023,"education_state_rnk",49.3007
"09120080700","tract",2023,"education_state_rnk",57.0513
"09120080800","tract",2023,"education_state_rnk",44.5221
"09120080900","tract",2023,"education_state_rnk",70.8625
"09120081000","tract",2023,"education_state_rnk",52.0979
"09120081100","tract",2023,"education_state_rnk",47.5524
"09120081200","tract",2023,"education_state_rnk",14.7436
"09120081300","tract",2023,"education_state_rnk",18.4149
"09120090100","tract",2023,"education_state_rnk",39.7436
"09120090200","tract",2023,"education_state_rnk",31.2354
"09120090300","tract",2023,"education_state_rnk",27.8555
"09120090400","tract",2023,"education_state_rnk",54.4289
"09120090500","tract",2023,"education_state_rnk",52.331
"09120090600","tract",2023,"education_state_rnk",28.5548
"09120090700","tract",2023,"education_state_rnk",29.021
"09120100100","tract",2023,"education_state_rnk",26.9231
"09120100200","tract",2023,"education_state_rnk",17.0746
"09120100300","tract",2023,"education_state_rnk",58.9744
"09120105100","tract",2023,"education_state_rnk",12.9953
"09120105200","tract",2023,"education_state_rnk",24.8252
"09120257200","tract",2023,"education_state_rnk",91.958
"09120990000","tract",2023,"education_state_rnk",NA
"09130541100","tract",2023,"education_state_rnk",52.5058
"09130541200","tract",2023,"education_state_rnk",20.338
"09130541301","tract",2023,"education_state_rnk",11.0723
"09130541302","tract",2023,"education_state_rnk",14.9184
"09130541401","tract",2023,"education_state_rnk",50.9324
"09130541402","tract",2023,"education_state_rnk",39.627
"09130541500","tract",2023,"education_state_rnk",NA
"09130541600","tract",2023,"education_state_rnk",80.6527
"09130541700","tract",2023,"education_state_rnk",81.5851
"09130542000","tract",2023,"education_state_rnk",46.62
"09130542100","tract",2023,"education_state_rnk",70.1632
"09130542200","tract",2023,"education_state_rnk",15.9674
"09130550100","tract",2023,"education_state_rnk",68.0653
"09130550201","tract",2023,"education_state_rnk",23.31
"09130550202","tract",2023,"education_state_rnk",48.4266
"09130560100","tract",2023,"education_state_rnk",54.7786
"09130560200","tract",2023,"education_state_rnk",64.3939
"09130570100","tract",2023,"education_state_rnk",20.0466
"09130570200","tract",2023,"education_state_rnk",5.1282
"09130570300","tract",2023,"education_state_rnk",39.0443
"09130580100","tract",2023,"education_state_rnk",29.4289
"09130585100","tract",2023,"education_state_rnk",20.6294
"09130590101","tract",2023,"education_state_rnk",38.6946
"09130590102","tract",2023,"education_state_rnk",40.4429
"09130595101","tract",2023,"education_state_rnk",24.1259
"09130595102","tract",2023,"education_state_rnk",46.3869
"09130600100","tract",2023,"education_state_rnk",35.4312
"09130610100","tract",2023,"education_state_rnk",40.7925
"09130610200","tract",2023,"education_state_rnk",33.5664
"09130610300","tract",2023,"education_state_rnk",52.5058
"09130610400","tract",2023,"education_state_rnk",34.0326
"09130620100","tract",2023,"education_state_rnk",58.7413
"09130630101","tract",2023,"education_state_rnk",41.958
"09130630102","tract",2023,"education_state_rnk",7.6923
"09130640100","tract",2023,"education_state_rnk",13.986
"09130650100","tract",2023,"education_state_rnk",10.0233
"09130660101","tract",2023,"education_state_rnk",19.3473
"09130660103","tract",2023,"education_state_rnk",24.9417
"09130660104","tract",2023,"education_state_rnk",38.1119
"09130670100","tract",2023,"education_state_rnk",45.338
"09130670200","tract",2023,"education_state_rnk",4.662
"09130680101","tract",2023,"education_state_rnk",0.8159
"09130680102","tract",2023,"education_state_rnk",62.4709
"09130680200","tract",2023,"education_state_rnk",49.1841
"09130990100","tract",2023,"education_state_rnk",NA
"09140110100","tract",2023,"education_state_rnk",33.042
"09140110201","tract",2023,"education_state_rnk",60.6061
"09140110202","tract",2023,"education_state_rnk",29.9534
"09140110301","tract",2023,"education_state_rnk",19.1142
"09140110302","tract",2023,"education_state_rnk",35.1981
"09140110400","tract",2023,"education_state_rnk",40.9091
"09140110500","tract",2023,"education_state_rnk",27.6224
"09140110601","tract",2023,"education_state_rnk",22.8438
"09140110602","tract",2023,"education_state_rnk",31.9347
"09140120100","tract",2023,"education_state_rnk",46.0373
"09140120200","tract",2023,"education_state_rnk",75.0583
"09140125100","tract",2023,"education_state_rnk",47.7273
"09140125200","tract",2023,"education_state_rnk",84.4988
"09140125300","tract",2023,"education_state_rnk",36.8298
"09140125400","tract",2023,"education_state_rnk",80.7692
"09140130101","tract",2023,"education_state_rnk",73.1352
"09140130102","tract",2023,"education_state_rnk",60.0233
"09140130201","tract",2023,"education_state_rnk",65.6177
"09140130202","tract",2023,"education_state_rnk",30.0699
"09140341100","tract",2023,"education_state_rnk",38.2284
"09140342100","tract",2023,"education_state_rnk",56.5268
"09140343101","tract",2023,"education_state_rnk",74.359
"09140343102","tract",2023,"education_state_rnk",12.704
"09140343200","tract",2023,"education_state_rnk",31.4685
"09140343300","tract",2023,"education_state_rnk",18.2984
"09140343400","tract",2023,"education_state_rnk",59.5571
"09140344100","tract",2023,"education_state_rnk",41.2587
"09140344200","tract",2023,"education_state_rnk",6.7016
"09140345100","tract",2023,"education_state_rnk",69.4639
"09140345201","tract",2023,"education_state_rnk",76.5152
"09140345202","tract",2023,"education_state_rnk",74.0093
"09140345300","tract",2023,"education_state_rnk",54.1375
"09140345400","tract",2023,"education_state_rnk",66.2005
"09140346101","tract",2023,"education_state_rnk",13.5198
"09140346102","tract",2023,"education_state_rnk",29.8368
"09140347100","tract",2023,"education_state_rnk",46.7366
"09140347200","tract",2023,"education_state_rnk",23.4848
"09140348111","tract",2023,"education_state_rnk",66.4336
"09140348122","tract",2023,"education_state_rnk",32.5175
"09140348123","tract",2023,"education_state_rnk",12.4126
"09140348124","tract",2023,"education_state_rnk",8.1585
"09140348125","tract",2023,"education_state_rnk",47.7273
"09140349100","tract",2023,"education_state_rnk",59.0909
"09140349200","tract",2023,"education_state_rnk",47.9604
"09140350101","tract",2023,"education_state_rnk",90.5594
"09140350200","tract",2023,"education_state_rnk",95.5711
"09140350300","tract",2023,"education_state_rnk",97.9021
"09140350400","tract",2023,"education_state_rnk",85.8974
"09140350500","tract",2023,"education_state_rnk",99.3007
"09140350800","tract",2023,"education_state_rnk",85.3147
"09140350900","tract",2023,"education_state_rnk",93.9394
"09140351000","tract",2023,"education_state_rnk",68.648
"09140351100","tract",2023,"education_state_rnk",97.3193
"09140351200","tract",2023,"education_state_rnk",92.1911
"09140351300","tract",2023,"education_state_rnk",91.7249
"09140351400","tract",2023,"education_state_rnk",95.8042
"09140351500","tract",2023,"education_state_rnk",82.4009
"09140351601","tract",2023,"education_state_rnk",90.4429
"09140351602","tract",2023,"education_state_rnk",90.0932
"09140351700","tract",2023,"education_state_rnk",75.8741
"09140351800","tract",2023,"education_state_rnk",64.1608
"09140351900","tract",2023,"education_state_rnk",40.2098
"09140352000","tract",2023,"education_state_rnk",79.7203
"09140352100","tract",2023,"education_state_rnk",79.1958
"09140352200","tract",2023,"education_state_rnk",85.6643
"09140352300","tract",2023,"education_state_rnk",75.1748
"09140352400","tract",2023,"education_state_rnk",67.366
"09140352500","tract",2023,"education_state_rnk",91.3753
"09140352600","tract",2023,"education_state_rnk",73.6597
"09140352701","tract",2023,"education_state_rnk",80.8858
"09140352702","tract",2023,"education_state_rnk",83.3333
"09140352800","tract",2023,"education_state_rnk",76.1072
"09140360100","tract",2023,"education_state_rnk",37.6457
"09140360200","tract",2023,"education_state_rnk",30.1865
"09140360300","tract",2023,"education_state_rnk",68.2984
"09140360400","tract",2023,"education_state_rnk",69.3473
"09140361100","tract",2023,"education_state_rnk",57.4592
"09140361200","tract",2023,"education_state_rnk",64.6853
"09140361300","tract",2023,"education_state_rnk",50.8159
"09140362101","tract",2023,"education_state_rnk",38.5781
"09140362102","tract",2023,"education_state_rnk",16.8998
"09140405100","tract",2023,"education_state_rnk",58.1585
"09140405200","tract",2023,"education_state_rnk",32.7506
"09140405300","tract",2023,"education_state_rnk",51.6317
"09140405401","tract",2023,"education_state_rnk",33.4499
"09140405402","tract",2023,"education_state_rnk",68.7646
"09140405500","tract",2023,"education_state_rnk",49.5921
"09140405600","tract",2023,"education_state_rnk",66.7832
"09140405700","tract",2023,"education_state_rnk",81.9347
"09140405801","tract",2023,"education_state_rnk",72.9604
"09140405802","tract",2023,"education_state_rnk",35.0816
"09140405900","tract",2023,"education_state_rnk",48.8345
"09140406001","tract",2023,"education_state_rnk",63.4033
"09140406002","tract",2023,"education_state_rnk",55.711
"09140406100","tract",2023,"education_state_rnk",83.9161
"09140425300","tract",2023,"education_state_rnk",58.6247
"09140425400","tract",2023,"education_state_rnk",45.5711
"09140425500","tract",2023,"education_state_rnk",83.042
"09150708100","tract",2023,"education_state_rnk",52.6807
"09150815000","tract",2023,"education_state_rnk",53.9627
"09150820000","tract",2023,"education_state_rnk",41.1422
"09150825000","tract",2023,"education_state_rnk",49.0093
"09150830100","tract",2023,"education_state_rnk",39.2774
"09150890203","tract",2023,"education_state_rnk",43.8228
"09150900100","tract",2023,"education_state_rnk",42.0746
"09150900200","tract",2023,"education_state_rnk",70.0466
"09150901101","tract",2023,"education_state_rnk",32.1096
"09150901102","tract",2023,"education_state_rnk",39.0443
"09150902200","tract",2023,"education_state_rnk",41.0256
"09150902500","tract",2023,"education_state_rnk",60.2564
"09150903101","tract",2023,"education_state_rnk",73.1352
"09150903102","tract",2023,"education_state_rnk",81.2354
"09150903200","tract",2023,"education_state_rnk",31.0023
"09150904101","tract",2023,"education_state_rnk",59.3823
"09150904102","tract",2023,"education_state_rnk",63.1119
"09150904400","tract",2023,"education_state_rnk",69.9301
"09150904500","tract",2023,"education_state_rnk",65.035
"09150905101","tract",2023,"education_state_rnk",70.6294
"09150905102","tract",2023,"education_state_rnk",83.2168
"09150906100","tract",2023,"education_state_rnk",51.2821
"09150907100","tract",2023,"education_state_rnk",77.8555
"09150907200","tract",2023,"education_state_rnk",53.2051
"09150907300","tract",2023,"education_state_rnk",78.6713
"09150908100","tract",2023,"education_state_rnk",74.2424
"09160260200","tract",2023,"education_state_rnk",84.3823
"09160261100","tract",2023,"education_state_rnk",40.5594
"09160262100","tract",2023,"education_state_rnk",18.8811
"09160263200","tract",2023,"education_state_rnk",33.3333
"09160265100","tract",2023,"education_state_rnk",62.1795
"09160266100","tract",2023,"education_state_rnk",32.7506
"09160267100","tract",2023,"education_state_rnk",56.8765
"09160268100","tract",2023,"education_state_rnk",15.2681
"09160290100","tract",2023,"education_state_rnk",32.7506
"09160293100","tract",2023,"education_state_rnk",36.1305
"09160296100","tract",2023,"education_state_rnk",25.2914
"09160298300","tract",2023,"education_state_rnk",67.9487
"09160298400","tract",2023,"education_state_rnk",25.0583
"09160300100","tract",2023,"education_state_rnk",29.7203
"09160300400","tract",2023,"education_state_rnk",28.7879
"09160300500","tract",2023,"education_state_rnk",51.1655
"09160303100","tract",2023,"education_state_rnk",8.9744
"09160306100","tract",2023,"education_state_rnk",28.9044
"09160310100","tract",2023,"education_state_rnk",84.965
"09160310200","tract",2023,"education_state_rnk",75.5245
"09160310300","tract",2023,"education_state_rnk",80.0699
"09160310400","tract",2023,"education_state_rnk",53.6131
"09160310500","tract",2023,"education_state_rnk",77.3893
"09160310601","tract",2023,"education_state_rnk",72.6107
"09160310602","tract",2023,"education_state_rnk",53.2051
"09160310700","tract",2023,"education_state_rnk",40.0932
"09160310801","tract",2023,"education_state_rnk",76.2238
"09160310803","tract",2023,"education_state_rnk",85.5478
"09160310804","tract",2023,"education_state_rnk",75.4079
"09160320101","tract",2023,"education_state_rnk",61.3054
"09160320102","tract",2023,"education_state_rnk",67.4825
"09160320200","tract",2023,"education_state_rnk",25.4079
"09160330100","tract",2023,"education_state_rnk",34.1492
"09160410101","tract",2023,"education_state_rnk",39.9767
"09160410102","tract",2023,"education_state_rnk",34.3823
"09160425601","tract",2023,"education_state_rnk",32.4009
"09160425602","tract",2023,"education_state_rnk",19.697
"09170140101","tract",2023,"education_state_rnk",22.6107
"09170140102","tract",2023,"education_state_rnk",6.2937
"09170140200","tract",2023,"education_state_rnk",84.7319
"09170140300","tract",2023,"education_state_rnk",94.289
"09170140400","tract",2023,"education_state_rnk",84.6154
"09170140500","tract",2023,"education_state_rnk",96.1538
"09170140600","tract",2023,"education_state_rnk",93.7063
"09170140700","tract",2023,"education_state_rnk",86.2471
"09170140800","tract",2023,"education_state_rnk",90.3263
"09170140900","tract",2023,"education_state_rnk",76.69
"09170141000","tract",2023,"education_state_rnk",6.4103
"09170141100","tract",2023,"education_state_rnk",2.5641
"09170141200","tract",2023,"education_state_rnk",79.8368
"09170141301","tract",2023,"education_state_rnk",79.1958
"09170141400","tract",2023,"education_state_rnk",73.5431
"09170141500","tract",2023,"education_state_rnk",85.7809
"09170141600","tract",2023,"education_state_rnk",74.4755
"09170141800","tract",2023,"education_state_rnk",23.7179
"09170141900","tract",2023,"education_state_rnk",27.5058
"09170142000","tract",2023,"education_state_rnk",13.6364
"09170142100","tract",2023,"education_state_rnk",66.8998
"09170142200","tract",2023,"education_state_rnk",5.7692
"09170142300","tract",2023,"education_state_rnk",91.6084
"09170142400","tract",2023,"education_state_rnk",97.0862
"09170142500","tract",2023,"education_state_rnk",87.7622
"09170142601","tract",2023,"education_state_rnk",82.7506
"09170142604","tract",2023,"education_state_rnk",87.9953
"09170142605","tract",2023,"education_state_rnk",94.7552
"09170142700","tract",2023,"education_state_rnk",87.5874
"09170142800","tract",2023,"education_state_rnk",33.2168
"09170150100","tract",2023,"education_state_rnk",9.2657
"09170150200","tract",2023,"education_state_rnk",36.014
"09170150300","tract",2023,"education_state_rnk",34.7319
"09170150400","tract",2023,"education_state_rnk",14.7436
"09170150500","tract",2023,"education_state_rnk",26.2238
"09170150600","tract",2023,"education_state_rnk",42.5408
"09170150700","tract",2023,"education_state_rnk",42.1911
"09170150800","tract",2023,"education_state_rnk",16.317
"09170150900","tract",2023,"education_state_rnk",39.3939
"09170151000","tract",2023,"education_state_rnk",23.1935
"09170151100","tract",2023,"education_state_rnk",23.7179
"09170151200","tract",2023,"education_state_rnk",21.5618
"09170154101","tract",2023,"education_state_rnk",57.5758
"09170154102","tract",2023,"education_state_rnk",84.8485
"09170154200","tract",2023,"education_state_rnk",77.6224
"09170154500","tract",2023,"education_state_rnk",78.9044
"09170154600","tract",2023,"education_state_rnk",87.4126
"09170154700","tract",2023,"education_state_rnk",62.1795
"09170154800","tract",2023,"education_state_rnk",8.7413
"09170154900","tract",2023,"education_state_rnk",69.2308
"09170155000","tract",2023,"education_state_rnk",89.1608
"09170155100","tract",2023,"education_state_rnk",77.0396
"09170157100","tract",2023,"education_state_rnk",48.7179
"09170157200","tract",2023,"education_state_rnk",35.8974
"09170157300","tract",2023,"education_state_rnk",27.972
"09170157400","tract",2023,"education_state_rnk",30.4196
"09170160100","tract",2023,"education_state_rnk",27.3893
"09170160200","tract",2023,"education_state_rnk",5.3613
"09170161100","tract",2023,"education_state_rnk",15.035
"09170165100","tract",2023,"education_state_rnk",62.0047
"09170165200","tract",2023,"education_state_rnk",4.5455
"09170165300","tract",2023,"education_state_rnk",5.2448
"09170165400","tract",2023,"education_state_rnk",15.1515
"09170165500","tract",2023,"education_state_rnk",84.2657
"09170165600","tract",2023,"education_state_rnk",61.7716
"09170165700","tract",2023,"education_state_rnk",55.9441
"09170165801","tract",2023,"education_state_rnk",52.2145
"09170165802","tract",2023,"education_state_rnk",54.1375
"09170165900","tract",2023,"education_state_rnk",59.9068
"09170166002","tract",2023,"education_state_rnk",NA
"09170166003","tract",2023,"education_state_rnk",66.317
"09170166004","tract",2023,"education_state_rnk",13.4033
"09170167101","tract",2023,"education_state_rnk",17.9487
"09170167102","tract",2023,"education_state_rnk",11.8298
"09170167201","tract",2023,"education_state_rnk",20.8625
"09170167202","tract",2023,"education_state_rnk",56.7599
"09170167301","tract",2023,"education_state_rnk",65.6177
"09170170100","tract",2023,"education_state_rnk",97.669
"09170170200","tract",2023,"education_state_rnk",99.6503
"09170170300","tract",2023,"education_state_rnk",89.1608
"09170170400","tract",2023,"education_state_rnk",79.9534
"09170170500","tract",2023,"education_state_rnk",50.1166
"09170170600","tract",2023,"education_state_rnk",67.8322
"09170170700","tract",2023,"education_state_rnk",65.6177
"09170170800","tract",2023,"education_state_rnk",73.8928
"09170170900","tract",2023,"education_state_rnk",92.4242
"09170171000","tract",2023,"education_state_rnk",89.627
"09170171100","tract",2023,"education_state_rnk",60.373
"09170171201","tract",2023,"education_state_rnk",55.3613
"09170171202","tract",2023,"education_state_rnk",72.1445
"09170171300","tract",2023,"education_state_rnk",81.8182
"09170171400","tract",2023,"education_state_rnk",96.62
"09170171500","tract",2023,"education_state_rnk",90.676
"09170171600","tract",2023,"education_state_rnk",65.3263
"09170171700","tract",2023,"education_state_rnk",54.3124
"09170175100","tract",2023,"education_state_rnk",51.3986
"09170175200","tract",2023,"education_state_rnk",29.1375
"09170175300","tract",2023,"education_state_rnk",69.8135
"09170175400","tract",2023,"education_state_rnk",81.352
"09170175501","tract",2023,"education_state_rnk",18.1818
"09170175502","tract",2023,"education_state_rnk",4.8951
"09170175600","tract",2023,"education_state_rnk",65.9674
"09170175700","tract",2023,"education_state_rnk",44.1725
"09170175800","tract",2023,"education_state_rnk",21.9697
"09170175900","tract",2023,"education_state_rnk",42.6573
"09170176000","tract",2023,"education_state_rnk",16.2005
"09170180101","tract",2023,"education_state_rnk",3.9627
"09170180102","tract",2023,"education_state_rnk",72.8438
"09170180200","tract",2023,"education_state_rnk",66.6667
"09170180300","tract",2023,"education_state_rnk",68.8811
"09170180400","tract",2023,"education_state_rnk",82.634
"09170180500","tract",2023,"education_state_rnk",71.9114
"09170180601","tract",2023,"education_state_rnk",41.6084
"09170180602","tract",2023,"education_state_rnk",39.5105
"09170184101","tract",2023,"education_state_rnk",41.7832
"09170184200","tract",2023,"education_state_rnk",61.0723
"09170184300","tract",2023,"education_state_rnk",30.6527
"09170184400","tract",2023,"education_state_rnk",10.6061
"09170184500","tract",2023,"education_state_rnk",5.5944
"09170184600","tract",2023,"education_state_rnk",4.4289
"09170184700","tract",2023,"education_state_rnk",8.8578
"09170186100","tract",2023,"education_state_rnk",34.965
"09170186200","tract",2023,"education_state_rnk",48.1352
"09170190100","tract",2023,"education_state_rnk",26.6317
"09170190200","tract",2023,"education_state_rnk",1.1655
"09170190301","tract",2023,"education_state_rnk",27.7389
"09170190302","tract",2023,"education_state_rnk",24.359
"09170190303","tract",2023,"education_state_rnk",33.042
"09170194101","tract",2023,"education_state_rnk",8.5082
"09170194102","tract",2023,"education_state_rnk",1.049
"09170194201","tract",2023,"education_state_rnk",8.3916
"09170194202","tract",2023,"education_state_rnk",23.0186
"09170361401","tract",2023,"education_state_rnk",NA
"09170361402","tract",2023,"education_state_rnk",NA
"09170361500","tract",2023,"education_state_rnk",NA
"09170990000","tract",2023,"education_state_rnk",NA
"09180690300","tract",2023,"education_state_rnk",79.6037
"09180690400","tract",2023,"education_state_rnk",91.8415
"09180690500","tract",2023,"education_state_rnk",82.2844
"09180690700","tract",2023,"education_state_rnk",57.0513
"09180690800","tract",2023,"education_state_rnk",57.3427
"09180690900","tract",2023,"education_state_rnk",14.1026
"09180693300","tract",2023,"education_state_rnk",47.2028
"09180693400","tract",2023,"education_state_rnk",51.9814
"09180693500","tract",2023,"education_state_rnk",34.2657
"09180693600","tract",2023,"education_state_rnk",51.5152
"09180693700","tract",2023,"education_state_rnk",19.8135
"09180695201","tract",2023,"education_state_rnk",56.1772
"09180695202","tract",2023,"education_state_rnk",71.7949
"09180696100","tract",2023,"education_state_rnk",69.5804
"09180696200","tract",2023,"education_state_rnk",50.6993
"09180696300","tract",2023,"education_state_rnk",64.3939
"09180696401","tract",2023,"education_state_rnk",87.296
"09180696500","tract",2023,"education_state_rnk",71.62
"09180696600","tract",2023,"education_state_rnk",72.3776
"09180696701","tract",2023,"education_state_rnk",91.0256
"09180696800","tract",2023,"education_state_rnk",89.9767
"09180697000","tract",2023,"education_state_rnk",81.4685
"09180700100","tract",2023,"education_state_rnk",46.1538
"09180701100","tract",2023,"education_state_rnk",62.9371
"09180701200","tract",2023,"education_state_rnk",63.6946
"09180702100","tract",2023,"education_state_rnk",49.7669
"09180702300","tract",2023,"education_state_rnk",55.5944
"09180702400","tract",2023,"education_state_rnk",33.9161
"09180702500","tract",2023,"education_state_rnk",81.7016
"09180702600","tract",2023,"education_state_rnk",17.0746
"09180702700","tract",2023,"education_state_rnk",44.7552
"09180702800","tract",2023,"education_state_rnk",74.7086
"09180702900","tract",2023,"education_state_rnk",1.2821
"09180703000","tract",2023,"education_state_rnk",10.4895
"09180705101","tract",2023,"education_state_rnk",56.0606
"09180705102","tract",2023,"education_state_rnk",64.1608
"09180705200","tract",2023,"education_state_rnk",12.2378
"09180705300","tract",2023,"education_state_rnk",7.4592
"09180705400","tract",2023,"education_state_rnk",30.303
"09180707100","tract",2023,"education_state_rnk",31.1189
"09180709100","tract",2023,"education_state_rnk",51.7483
"09180709200","tract",2023,"education_state_rnk",76.3403
"09180710100","tract",2023,"education_state_rnk",60.8974
"09180711100","tract",2023,"education_state_rnk",77.5058
"09180712100","tract",2023,"education_state_rnk",63.986
"09180713100","tract",2023,"education_state_rnk",59.2075
"09180714101","tract",2023,"education_state_rnk",65.1515
"09180714103","tract",2023,"education_state_rnk",38.4615
"09180714104","tract",2023,"education_state_rnk",37.9953
"09180715100","tract",2023,"education_state_rnk",46.2704
"09180716101","tract",2023,"education_state_rnk",62.5874
"09180716102","tract",2023,"education_state_rnk",37.8788
"09180800300","tract",2023,"education_state_rnk",NA
"09180800400","tract",2023,"education_state_rnk",88.5781
"09180800501","tract",2023,"education_state_rnk",62.8205
"09180800502","tract",2023,"education_state_rnk",70.7459
"09180800600","tract",2023,"education_state_rnk",92.7739
"09180800700","tract",2023,"education_state_rnk",61.655
"09180870100","tract",2023,"education_state_rnk",34.6154
"09180870200","tract",2023,"education_state_rnk",65.3263
"09180870300","tract",2023,"education_state_rnk",NA
"09180870501","tract",2023,"education_state_rnk",70.2797
"09180870502","tract",2023,"education_state_rnk",77.2727
"09180870701","tract",2023,"education_state_rnk",6.1772
"09180870703","tract",2023,"education_state_rnk",14.3357
"09180870704","tract",2023,"education_state_rnk",13.2284
"09180980000","tract",2023,"education_state_rnk",NA
"09180990100","tract",2023,"education_state_rnk",NA
"09190010101","tract",2023,"education_state_rnk",6.0606
"09190010102","tract",2023,"education_state_rnk",2.331
"09190010201","tract",2023,"education_state_rnk",0.1166
"09190010202","tract",2023,"education_state_rnk",1.8648
"09190010300","tract",2023,"education_state_rnk",0.4662
"09190010400","tract",2023,"education_state_rnk",18.9977
"09190010500","tract",2023,"education_state_rnk",36.2471
"09190010600","tract",2023,"education_state_rnk",0.641
"09190010700","tract",2023,"education_state_rnk",61.4219
"09190010800","tract",2023,"education_state_rnk",26.3403
"09190010900","tract",2023,"education_state_rnk",4.2541
"09190011000","tract",2023,"education_state_rnk",3.7879
"09190011100","tract",2023,"education_state_rnk",23.0186
"09190011200","tract",2023,"education_state_rnk",5.7692
"09190011300","tract",2023,"education_state_rnk",80.1865
"09190020101","tract",2023,"education_state_rnk",21.6783
"09190020102","tract",2023,"education_state_rnk",11.8298
"09190020200","tract",2023,"education_state_rnk",1.6317
"09190020301","tract",2023,"education_state_rnk",22.4359
"09190020302","tract",2023,"education_state_rnk",0.9324
"09190020400","tract",2023,"education_state_rnk",48.6014
"09190020500","tract",2023,"education_state_rnk",29.4289
"09190020600","tract",2023,"education_state_rnk",17.366
"09190020700","tract",2023,"education_state_rnk",14.4522
"09190020800","tract",2023,"education_state_rnk",7.9254
"09190020900","tract",2023,"education_state_rnk",43.3566
"09190021000","tract",2023,"education_state_rnk",2.9138
"09190021100","tract",2023,"education_state_rnk",79.3706
"09190021200","tract",2023,"education_state_rnk",15.7925
"09190021300","tract",2023,"education_state_rnk",37.296
"09190021401","tract",2023,"education_state_rnk",83.4499
"09190021402","tract",2023,"education_state_rnk",87.1795
"09190021501","tract",2023,"education_state_rnk",94.8718
"09190021502","tract",2023,"education_state_rnk",98.3683
"09190021601","tract",2023,"education_state_rnk",10.1399
"09190021602","tract",2023,"education_state_rnk",8.6247
"09190021701","tract",2023,"education_state_rnk",76.8065
"09190021702","tract",2023,"education_state_rnk",14.2191
"09190021801","tract",2023,"education_state_rnk",46.8531
"09190021802","tract",2023,"education_state_rnk",82.1678
"09190021900","tract",2023,"education_state_rnk",52.9138
"09190022000","tract",2023,"education_state_rnk",74.1259
"09190022101","tract",2023,"education_state_rnk",98.7179
"09190022102","tract",2023,"education_state_rnk",78.3217
"09190022201","tract",2023,"education_state_rnk",26.8065
"09190022202","tract",2023,"education_state_rnk",19.3473
"09190022300","tract",2023,"education_state_rnk",10.8974
"09190022400","tract",2023,"education_state_rnk",3.2634
"09190030100","tract",2023,"education_state_rnk",9.0909
"09190030200","tract",2023,"education_state_rnk",9.9068
"09190030300","tract",2023,"education_state_rnk",2.2145
"09190030400","tract",2023,"education_state_rnk",4.0793
"09190030500","tract",2023,"education_state_rnk",22.2611
"09190035101","tract",2023,"education_state_rnk",7.1096
"09190035102","tract",2023,"education_state_rnk",16.5501
"09190035200","tract",2023,"education_state_rnk",1.7483
"09190035300","tract",2023,"education_state_rnk",0.641
"09190035400","tract",2023,"education_state_rnk",12.0047
"09190042500","tract",2023,"education_state_rnk",3.1469
"09190042600","tract",2023,"education_state_rnk",40.3263
"09190042700","tract",2023,"education_state_rnk",36.5967
"09190042800","tract",2023,"education_state_rnk",56.6434
"09190042900","tract",2023,"education_state_rnk",1.3986
"09190043000","tract",2023,"education_state_rnk",47.4359
"09190043100","tract",2023,"education_state_rnk",15.6177
"09190043200","tract",2023,"education_state_rnk",83.5664
"09190043300","tract",2023,"education_state_rnk",55.1282
"09190043400","tract",2023,"education_state_rnk",68.1818
"09190043500","tract",2023,"education_state_rnk",56.2937
"09190043600","tract",2023,"education_state_rnk",76.9231
"09190043700","tract",2023,"education_state_rnk",17.5991
"09190043800","tract",2023,"education_state_rnk",75.641
"09190043900","tract",2023,"education_state_rnk",71.3287
"09190044000","tract",2023,"education_state_rnk",77.7389
"09190044100","tract",2023,"education_state_rnk",24.5921
"09190044200","tract",2023,"education_state_rnk",78.5548
"09190044300","tract",2023,"education_state_rnk",22.4359
"09190044400","tract",2023,"education_state_rnk",77.972
"09190044500","tract",2023,"education_state_rnk",83.042
"09190044600","tract",2023,"education_state_rnk",0.3497
"09190045101","tract",2023,"education_state_rnk",4.2541
"09190045102","tract",2023,"education_state_rnk",21.2121
"09190045200","tract",2023,"education_state_rnk",38.345
"09190045300","tract",2023,"education_state_rnk",6.7016
"09190045400","tract",2023,"education_state_rnk",3.38
"09190050100","tract",2023,"education_state_rnk",3.0303
"09190050200","tract",2023,"education_state_rnk",11.655
"09190050301","tract",2023,"education_state_rnk",16.0839
"09190050302","tract",2023,"education_state_rnk",0
"09190050400","tract",2023,"education_state_rnk",1.9814
"09190050500","tract",2023,"education_state_rnk",6.993
"09190050600","tract",2023,"education_state_rnk",2.6807
"09190055100","tract",2023,"education_state_rnk",21.0956
"09190055200","tract",2023,"education_state_rnk",18.7646
"09190200100","tract",2023,"education_state_rnk",68.4149
"09190200200","tract",2023,"education_state_rnk",81.1189
"09190200301","tract",2023,"education_state_rnk",33.7995
"09190200302","tract",2023,"education_state_rnk",18.648
"09190205100","tract",2023,"education_state_rnk",52.7972
"09190205200","tract",2023,"education_state_rnk",59.6737
"09190205300","tract",2023,"education_state_rnk",16.7832
"09190210101","tract",2023,"education_state_rnk",85.4312
"09190210102","tract",2023,"education_state_rnk",92.8904
"09190210201","tract",2023,"education_state_rnk",90.2098
"09190210202","tract",2023,"education_state_rnk",98.951
"09190210300","tract",2023,"education_state_rnk",93.4732
"09190210401","tract",2023,"education_state_rnk",67.5991
"09190210402","tract",2023,"education_state_rnk",57.2261
"09190210501","tract",2023,"education_state_rnk",37.1795
"09190210502","tract",2023,"education_state_rnk",18.0653
"09190210600","tract",2023,"education_state_rnk",86.4802
"09190210701","tract",2023,"education_state_rnk",95.1049
"09190210702","tract",2023,"education_state_rnk",79.021
"09190210800","tract",2023,"education_state_rnk",60.4895
"09190210900","tract",2023,"education_state_rnk",53.4965
"09190211000","tract",2023,"education_state_rnk",75.9907
"09190211100","tract",2023,"education_state_rnk",NA
"09190211201","tract",2023,"education_state_rnk",92.3077
"09190211202","tract",2023,"education_state_rnk",54.662
"09190211300","tract",2023,"education_state_rnk",60.8974
"09190211400","tract",2023,"education_state_rnk",56.4103
"09190220100","tract",2023,"education_state_rnk",60.1399
"09190220200","tract",2023,"education_state_rnk",53.7296
"09190220300","tract",2023,"education_state_rnk",65.9674
"09190230100","tract",2023,"education_state_rnk",39.0443
"09190230200","tract",2023,"education_state_rnk",35.3147
"09190230300","tract",2023,"education_state_rnk",11.3054
"09190230400","tract",2023,"education_state_rnk",46.9697
"09190230501","tract",2023,"education_state_rnk",12.1212
"09190230502","tract",2023,"education_state_rnk",58.2751
"09190240100","tract",2023,"education_state_rnk",2.4476
"09190240200","tract",2023,"education_state_rnk",10.373
"09190245100","tract",2023,"education_state_rnk",7.8089
"09190245200","tract",2023,"education_state_rnk",37.5291
"09190245300","tract",2023,"education_state_rnk",19.9301
"09190245400","tract",2023,"education_state_rnk",17.8322
"09190245500","tract",2023,"education_state_rnk",3.7879
"09190245600","tract",2023,"education_state_rnk",26.6317
"09190250100","tract",2023,"education_state_rnk",11.1888
"09190253100","tract",2023,"education_state_rnk",83.7995
"09190253200","tract",2023,"education_state_rnk",50.4662
"09190253400","tract",2023,"education_state_rnk",42.7739
"09190253500","tract",2023,"education_state_rnk",63.2867
"09190257100","tract",2023,"education_state_rnk",11.4219
"09190425700","tract",2023,"education_state_rnk",55.8275
"09190990000","tract",2023,"education_state_rnk",NA
