"geoid","geolevel","year","level","value"
"37001020100","tract",2023,"education_score",106.34
"37001020200","tract",2023,"education_score",63.24
"37001020301","tract",2023,"education_score",67.88
"37001020302","tract",2023,"education_score",62.44
"37001020400","tract",2023,"education_score",79.76
"37001020501","tract",2023,"education_score",94.24
"37001020502","tract",2023,"education_score",78.04
"37001020601","tract",2023,"education_score",124.62
"37001020602","tract",2023,"education_score",102.96
"37001020701","tract",2023,"education_score",108.69
"37001020702","tract",2023,"education_score",103.01
"37001020801","tract",2023,"education_score",90.98
"37001020802","tract",2023,"education_score",80.37
"37001020901","tract",2023,"education_score",98.06
"37001020902","tract",2023,"education_score",102.78
"37001021000","tract",2023,"education_score",89.42
"37001021101","tract",2023,"education_score",105.21
"37001021102","tract",2023,"education_score",97.92
"37001021201","tract",2023,"education_score",82.01
"37001021204","tract",2023,"education_score",101.35
"37001021205","tract",2023,"education_score",104.23
"37001021206","tract",2023,"education_score",103.39
"37001021207","tract",2023,"education_score",113.2
"37001021300","tract",2023,"education_score",101.48
"37001021400","tract",2023,"education_score",102.49
"37001021500","tract",2023,"education_score",103.51
"37001021600","tract",2023,"education_score",98.34
"37001021701","tract",2023,"education_score",113.35
"37001021702","tract",2023,"education_score",108.03
"37001021703","tract",2023,"education_score",112.37
"37001021801","tract",2023,"education_score",103.05
"37001021802","tract",2023,"education_score",97.13
"37001021803","tract",2023,"education_score",89.03
"37001021901","tract",2023,"education_score",104.74
"37001021902","tract",2023,"education_score",86.24
"37001022001","tract",2023,"education_score",103.19
"37001022002","tract",2023,"education_score",82.41
"37003040100","tract",2023,"education_score",NA
"37003040200","tract",2023,"education_score",92.29
"37003040300","tract",2023,"education_score",71.02
"37003040400","tract",2023,"education_score",80.74
"37003040500","tract",2023,"education_score",85.8
"37003040600","tract",2023,"education_score",83.29
"37003040700","tract",2023,"education_score",96.26
"37005950100","tract",2023,"education_score",90.42
"37005950200","tract",2023,"education_score",84.85
"37005950300","tract",2023,"education_score",90.41
"37007920100","tract",2023,"education_score",90.02
"37007920200","tract",2023,"education_score",78.58
"37007920301","tract",2023,"education_score",81.03
"37007920302","tract",2023,"education_score",NA
"37007920400","tract",2023,"education_score",90.23
"37007920501","tract",2023,"education_score",68.73
"37007920502","tract",2023,"education_score",89.79
"37007920600","tract",2023,"education_score",77.68
"37007980000","tract",2023,"education_score",NA
"37009970200","tract",2023,"education_score",81.03
"37009970300","tract",2023,"education_score",92.3
"37009970400","tract",2023,"education_score",86.45
"37009970501","tract",2023,"education_score",106.99
"37009970502","tract",2023,"education_score",85.22
"37009970701","tract",2023,"education_score",104.94
"37009970702","tract",2023,"education_score",93.83
"37009970801","tract",2023,"education_score",100.95
"37009970802","tract",2023,"education_score",96.41
"37011930100","tract",2023,"education_score",91.25
"37011930200","tract",2023,"education_score",115.96
"37011930301","tract",2023,"education_score",89.02
"37011930302","tract",2023,"education_score",93.67
"37011930400","tract",2023,"education_score",NA
"37013930101","tract",2023,"education_score",90.19
"37013930102","tract",2023,"education_score",85.44
"37013930200","tract",2023,"education_score",108.44
"37013930300","tract",2023,"education_score",99.34
"37013930400","tract",2023,"education_score",88.37
"37013930501","tract",2023,"education_score",79.3
"37013930502","tract",2023,"education_score",89.36
"37013930600","tract",2023,"education_score",107.31
"37013930700","tract",2023,"education_score",100.96
"37013930800","tract",2023,"education_score",87.38
"37013930900","tract",2023,"education_score",95.47
"37013931001","tract",2023,"education_score",87.06
"37013931002","tract",2023,"education_score",87.38
"37015960100","tract",2023,"education_score",98.08
"37015960200","tract",2023,"education_score",80.12
"37015960300","tract",2023,"education_score",81.27
"37015960401","tract",2023,"education_score",92.57
"37015960402","tract",2023,"education_score",NA
"37017950101","tract",2023,"education_score",93.85
"37017950102","tract",2023,"education_score",NA
"37017950200","tract",2023,"education_score",NA
"37017950301","tract",2023,"education_score",78.69
"37017950302","tract",2023,"education_score",91.04
"37017950401","tract",2023,"education_score",96.63
"37017950402","tract",2023,"education_score",97.52
"37017950501","tract",2023,"education_score",NA
"37017950502","tract",2023,"education_score",89.44
"37017950601","tract",2023,"education_score",90.19
"37017950602","tract",2023,"education_score",94.19
"37019020101","tract",2023,"education_score",86.09
"37019020102","tract",2023,"education_score",103.18
"37019020105","tract",2023,"education_score",108.5
"37019020106","tract",2023,"education_score",104.71
"37019020107","tract",2023,"education_score",99.45
"37019020108","tract",2023,"education_score",97.92
"37019020201","tract",2023,"education_score",99.64
"37019020203","tract",2023,"education_score",99.95
"37019020204","tract",2023,"education_score",97.75
"37019020205","tract",2023,"education_score",113.63
"37019020206","tract",2023,"education_score",103.51
"37019020304","tract",2023,"education_score",115.22
"37019020305","tract",2023,"education_score",112.57
"37019020306","tract",2023,"education_score",126.05
"37019020307","tract",2023,"education_score",138.43
"37019020308","tract",2023,"education_score",109.88
"37019020311","tract",2023,"education_score",106.02
"37019020312","tract",2023,"education_score",100.96
"37019020313","tract",2023,"education_score",116.01
"37019020314","tract",2023,"education_score",125.73
"37019020315","tract",2023,"education_score",106.54
"37019020316","tract",2023,"education_score",123.77
"37019020404","tract",2023,"education_score",93.2
"37019020405","tract",2023,"education_score",85.13
"37019020406","tract",2023,"education_score",111.01
"37019020407","tract",2023,"education_score",96.44
"37019020408","tract",2023,"education_score",72.63
"37019020409","tract",2023,"education_score",91.78
"37019020504","tract",2023,"education_score",117.14
"37019020505","tract",2023,"education_score",91.22
"37019020508","tract",2023,"education_score",120.51
"37019020510","tract",2023,"education_score",107.28
"37019020511","tract",2023,"education_score",95.64
"37019020512","tract",2023,"education_score",122.68
"37019020513","tract",2023,"education_score",104.85
"37019020514","tract",2023,"education_score",109.23
"37019020515","tract",2023,"education_score",116.97
"37019020516","tract",2023,"education_score",113.02
"37019020517","tract",2023,"education_score",101.92
"37019020518","tract",2023,"education_score",113.45
"37019020601","tract",2023,"education_score",92.03
"37019020602","tract",2023,"education_score",92.63
"37019020603","tract",2023,"education_score",93.28
"37019990100","tract",2023,"education_score",NA
"37021000100","tract",2023,"education_score",NA
"37021000200","tract",2023,"education_score",111.08
"37021000300","tract",2023,"education_score",106.32
"37021000400","tract",2023,"education_score",105.19
"37021000500","tract",2023,"education_score",126.46
"37021000600","tract",2023,"education_score",114.06
"37021000700","tract",2023,"education_score",120.56
"37021000800","tract",2023,"education_score",121.96
"37021000900","tract",2023,"education_score",106.75
"37021001000","tract",2023,"education_score",105.05
"37021001100","tract",2023,"education_score",117.07
"37021001200","tract",2023,"education_score",113.69
"37021001300","tract",2023,"education_score",111.11
"37021001401","tract",2023,"education_score",81
"37021001402","tract",2023,"education_score",94.81
"37021001500","tract",2023,"education_score",105.49
"37021001601","tract",2023,"education_score",119.08
"37021001602","tract",2023,"education_score",111.19
"37021001700","tract",2023,"education_score",110.09
"37021001801","tract",2023,"education_score",103.05
"37021001802","tract",2023,"education_score",122.77
"37021001900","tract",2023,"education_score",116.23
"37021002000","tract",2023,"education_score",95.26
"37021002101","tract",2023,"education_score",107.52
"37021002102","tract",2023,"education_score",97.01
"37021002203","tract",2023,"education_score",87.13
"37021002204","tract",2023,"education_score",117.28
"37021002205","tract",2023,"education_score",112.58
"37021002206","tract",2023,"education_score",117.68
"37021002303","tract",2023,"education_score",103.95
"37021002304","tract",2023,"education_score",110.17
"37021002305","tract",2023,"education_score",113.95
"37021002306","tract",2023,"education_score",103.73
"37021002401","tract",2023,"education_score",88.4
"37021002402","tract",2023,"education_score",96.84
"37021002503","tract",2023,"education_score",99.51
"37021002504","tract",2023,"education_score",98.19
"37021002505","tract",2023,"education_score",113.06
"37021002506","tract",2023,"education_score",86.08
"37021002603","tract",2023,"education_score",92.9
"37021002604","tract",2023,"education_score",95.44
"37021002606","tract",2023,"education_score",94.4
"37021002607","tract",2023,"education_score",114.62
"37021002608","tract",2023,"education_score",108.15
"37021002609","tract",2023,"education_score",60.32
"37021002701","tract",2023,"education_score",110.77
"37021002702","tract",2023,"education_score",115.7
"37021002704","tract",2023,"education_score",102.91
"37021002705","tract",2023,"education_score",114.77
"37021002803","tract",2023,"education_score",83.62
"37021002804","tract",2023,"education_score",102.98
"37021002900","tract",2023,"education_score",95.56
"37021003002","tract",2023,"education_score",88.11
"37021003003","tract",2023,"education_score",99.78
"37021003004","tract",2023,"education_score",109.99
"37021003103","tract",2023,"education_score",102.6
"37021003105","tract",2023,"education_score",96.33
"37021003106","tract",2023,"education_score",105.85
"37021003107","tract",2023,"education_score",113.43
"37021003108","tract",2023,"education_score",NA
"37021003201","tract",2023,"education_score",121.22
"37021003202","tract",2023,"education_score",115.6
"37021003203","tract",2023,"education_score",99
"37021003204","tract",2023,"education_score",112.04
"37021003205","tract",2023,"education_score",84.89
"37023020100","tract",2023,"education_score",88.92
"37023020202","tract",2023,"education_score",94.66
"37023020203","tract",2023,"education_score",108.24
"37023020204","tract",2023,"education_score",101.17
"37023020301","tract",2023,"education_score",83.45
"37023020303","tract",2023,"education_score",95.98
"37023020304","tract",2023,"education_score",89.51
"37023020500","tract",2023,"education_score",84.84
"37023020600","tract",2023,"education_score",60.88
"37023020801","tract",2023,"education_score",99.29
"37023020802","tract",2023,"education_score",99.3
"37023020901","tract",2023,"education_score",102
"37023020902","tract",2023,"education_score",100.1
"37023021000","tract",2023,"education_score",91.61
"37023021100","tract",2023,"education_score",86.38
"37023021201","tract",2023,"education_score",101.71
"37023021202","tract",2023,"education_score",82.3
"37023021203","tract",2023,"education_score",84.55
"37023021301","tract",2023,"education_score",62.05
"37023021302","tract",2023,"education_score",97.61
"37023021400","tract",2023,"education_score",84.09
"37025040501","tract",2023,"education_score",108.4
"37025040502","tract",2023,"education_score",101.92
"37025040600","tract",2023,"education_score",105.47
"37025040701","tract",2023,"education_score",84.33
"37025040703","tract",2023,"education_score",91.07
"37025040704","tract",2023,"education_score",92.37
"37025040705","tract",2023,"education_score",93.56
"37025040800","tract",2023,"education_score",95.42
"37025040900","tract",2023,"education_score",101.17
"37025041001","tract",2023,"education_score",95.61
"37025041002","tract",2023,"education_score",91.97
"37025041100","tract",2023,"education_score",89.46
"37025041201","tract",2023,"education_score",101.78
"37025041202","tract",2023,"education_score",106.82
"37025041301","tract",2023,"education_score",111.07
"37025041304","tract",2023,"education_score",114.61
"37025041305","tract",2023,"education_score",125.3
"37025041306","tract",2023,"education_score",117.71
"37025041307","tract",2023,"education_score",120.76
"37025041503","tract",2023,"education_score",115.2
"37025041504","tract",2023,"education_score",111.49
"37025041505","tract",2023,"education_score",113.6
"37025041506","tract",2023,"education_score",109.22
"37025041507","tract",2023,"education_score",109.99
"37025041602","tract",2023,"education_score",89.83
"37025041603","tract",2023,"education_score",110.43
"37025041604","tract",2023,"education_score",105.45
"37025041701","tract",2023,"education_score",100.27
"37025041702","tract",2023,"education_score",94.63
"37025041901","tract",2023,"education_score",74.68
"37025041902","tract",2023,"education_score",85.19
"37025042000","tract",2023,"education_score",90.57
"37025042101","tract",2023,"education_score",70.01
"37025042102","tract",2023,"education_score",92.71
"37025042201","tract",2023,"education_score",108.08
"37025042202","tract",2023,"education_score",99.14
"37025042300","tract",2023,"education_score",94.08
"37025042401","tract",2023,"education_score",105.52
"37025042402","tract",2023,"education_score",77.52
"37025042501","tract",2023,"education_score",108.76
"37025042502","tract",2023,"education_score",98.5
"37025042503","tract",2023,"education_score",113.12
"37025042504","tract",2023,"education_score",122.4
"37025042601","tract",2023,"education_score",112.26
"37025042602","tract",2023,"education_score",107.9
"37025042603","tract",2023,"education_score",109.68
"37025042604","tract",2023,"education_score",101.37
"37027030100","tract",2023,"education_score",83.02
"37027030200","tract",2023,"education_score",71.98
"37027030300","tract",2023,"education_score",NA
"37027030400","tract",2023,"education_score",86.88
"37027030500","tract",2023,"education_score",93.21
"37027030600","tract",2023,"education_score",91.61
"37027030700","tract",2023,"education_score",NA
"37027030801","tract",2023,"education_score",90.85
"37027030802","tract",2023,"education_score",NA
"37027030900","tract",2023,"education_score",87.01
"37027031000","tract",2023,"education_score",90.4
"37027031100","tract",2023,"education_score",NA
"37027031201","tract",2023,"education_score",70.01
"37027031202","tract",2023,"education_score",85.45
"37027031301","tract",2023,"education_score",NA
"37027031302","tract",2023,"education_score",88.62
"37027031401","tract",2023,"education_score",83.54
"37027031402","tract",2023,"education_score",89.12
"37027031403","tract",2023,"education_score",79.02
"37029950101","tract",2023,"education_score",98.94
"37029950102","tract",2023,"education_score",96.38
"37031970101","tract",2023,"education_score",105.35
"37031970102","tract",2023,"education_score",NA
"37031970103","tract",2023,"education_score",106.63
"37031970200","tract",2023,"education_score",105.43
"37031970301","tract",2023,"education_score",91.76
"37031970304","tract",2023,"education_score",101.06
"37031970305","tract",2023,"education_score",NA
"37031970401","tract",2023,"education_score",86.08
"37031970402","tract",2023,"education_score",96.96
"37031970403","tract",2023,"education_score",92.08
"37031970501","tract",2023,"education_score",99.29
"37031970502","tract",2023,"education_score",NA
"37031970503","tract",2023,"education_score",NA
"37031970504","tract",2023,"education_score",NA
"37031970601","tract",2023,"education_score",NA
"37031970602","tract",2023,"education_score",NA
"37031970603","tract",2023,"education_score",NA
"37031970606","tract",2023,"education_score",NA
"37031970701","tract",2023,"education_score",96.65
"37031970702","tract",2023,"education_score",91.27
"37031970703","tract",2023,"education_score",94.23
"37031970704","tract",2023,"education_score",NA
"37031970801","tract",2023,"education_score",NA
"37031970804","tract",2023,"education_score",106.84
"37031970805","tract",2023,"education_score",NA
"37031970806","tract",2023,"education_score",106.04
"37031970903","tract",2023,"education_score",NA
"37031970904","tract",2023,"education_score",NA
"37031971003","tract",2023,"education_score",NA
"37031971103","tract",2023,"education_score",NA
"37031980100","tract",2023,"education_score",NA
"37031990100","tract",2023,"education_score",NA
"37031990200","tract",2023,"education_score",NA
"37033930100","tract",2023,"education_score",NA
"37033930200","tract",2023,"education_score",86.49
"37033930300","tract",2023,"education_score",71.16
"37033930400","tract",2023,"education_score",NA
"37033930500","tract",2023,"education_score",74.27
"37033930600","tract",2023,"education_score",98.2
"37035010101","tract",2023,"education_score",91.63
"37035010102","tract",2023,"education_score",99.91
"37035010201","tract",2023,"education_score",85.65
"37035010203","tract",2023,"education_score",93.79
"37035010204","tract",2023,"education_score",81.86
"37035010301","tract",2023,"education_score",98.37
"37035010302","tract",2023,"education_score",110.66
"37035010303","tract",2023,"education_score",93.94
"37035010304","tract",2023,"education_score",78.13
"37035010402","tract",2023,"education_score",88.94
"37035010403","tract",2023,"education_score",99.12
"37035010404","tract",2023,"education_score",103.48
"37035010501","tract",2023,"education_score",115.69
"37035010502","tract",2023,"education_score",111.52
"37035010600","tract",2023,"education_score",105.07
"37035010700","tract",2023,"education_score",85.73
"37035010900","tract",2023,"education_score",74.05
"37035011000","tract",2023,"education_score",81.11
"37035011101","tract",2023,"education_score",92.67
"37035011102","tract",2023,"education_score",101.2
"37035011200","tract",2023,"education_score",101.66
"37035011300","tract",2023,"education_score",75.87
"37035011401","tract",2023,"education_score",80.07
"37035011402","tract",2023,"education_score",90.04
"37035011501","tract",2023,"education_score",98.76
"37035011503","tract",2023,"education_score",110.95
"37035011505","tract",2023,"education_score",104.45
"37035011506","tract",2023,"education_score",122.81
"37035011601","tract",2023,"education_score",89.53
"37035011602","tract",2023,"education_score",93.44
"37035011701","tract",2023,"education_score",94.83
"37035011702","tract",2023,"education_score",97.27
"37035011801","tract",2023,"education_score",100.57
"37035011802","tract",2023,"education_score",82.06
"37037020103","tract",2023,"education_score",116.56
"37037020104","tract",2023,"education_score",135.68
"37037020105","tract",2023,"education_score",122.36
"37037020107","tract",2023,"education_score",117.65
"37037020108","tract",2023,"education_score",122.17
"37037020201","tract",2023,"education_score",94.78
"37037020202","tract",2023,"education_score",116.86
"37037020203","tract",2023,"education_score",103.06
"37037020300","tract",2023,"education_score",97.59
"37037020401","tract",2023,"education_score",66.61
"37037020402","tract",2023,"education_score",46.48
"37037020500","tract",2023,"education_score",87.46
"37037020600","tract",2023,"education_score",96.47
"37037020702","tract",2023,"education_score",108.35
"37037020703","tract",2023,"education_score",141.87
"37037020704","tract",2023,"education_score",122.85
"37037020801","tract",2023,"education_score",98.67
"37037020802","tract",2023,"education_score",115.43
"37037020803","tract",2023,"education_score",124.9
"37039930101","tract",2023,"education_score",83.75
"37039930102","tract",2023,"education_score",105.97
"37039930200","tract",2023,"education_score",88.33
"37039930300","tract",2023,"education_score",97.31
"37039930401","tract",2023,"education_score",110.73
"37039930402","tract",2023,"education_score",91.17
"37039930501","tract",2023,"education_score",110.37
"37039930502","tract",2023,"education_score",106.36
"37039930603","tract",2023,"education_score",92.95
"37039930604","tract",2023,"education_score",84.7
"37039930605","tract",2023,"education_score",109.69
"37039930606","tract",2023,"education_score",98.03
"37041930101","tract",2023,"education_score",101.13
"37041930102","tract",2023,"education_score",NA
"37041930201","tract",2023,"education_score",92.19
"37041930202","tract",2023,"education_score",87.97
"37043950101","tract",2023,"education_score",107.42
"37043950102","tract",2023,"education_score",93.26
"37043950201","tract",2023,"education_score",105.07
"37043950202","tract",2023,"education_score",88.17
"37045950101","tract",2023,"education_score",89.58
"37045950102","tract",2023,"education_score",85.04
"37045950200","tract",2023,"education_score",78.46
"37045950301","tract",2023,"education_score",93.75
"37045950302","tract",2023,"education_score",NA
"37045950400","tract",2023,"education_score",80.93
"37045950500","tract",2023,"education_score",90.41
"37045950601","tract",2023,"education_score",80.83
"37045950603","tract",2023,"education_score",NA
"37045950604","tract",2023,"education_score",74.36
"37045950701","tract",2023,"education_score",89.6
"37045950702","tract",2023,"education_score",84.86
"37045950800","tract",2023,"education_score",NA
"37045950900","tract",2023,"education_score",NA
"37045951000","tract",2023,"education_score",103.23
"37045951100","tract",2023,"education_score",94.73
"37045951200","tract",2023,"education_score",92.82
"37045951300","tract",2023,"education_score",102.36
"37045951400","tract",2023,"education_score",93.43
"37045951501","tract",2023,"education_score",102.91
"37045951502","tract",2023,"education_score",NA
"37045951503","tract",2023,"education_score",NA
"37045951601","tract",2023,"education_score",NA
"37045951602","tract",2023,"education_score",90.7
"37047930100","tract",2023,"education_score",92.55
"37047930200","tract",2023,"education_score",84.82
"37047930300","tract",2023,"education_score",95.24
"37047930400","tract",2023,"education_score",85.45
"37047930500","tract",2023,"education_score",89.34
"37047930600","tract",2023,"education_score",83.3
"37047930700","tract",2023,"education_score",79.55
"37047930800","tract",2023,"education_score",107.73
"37047930900","tract",2023,"education_score",97.36
"37047931000","tract",2023,"education_score",82.5
"37047931100","tract",2023,"education_score",88.7
"37047931201","tract",2023,"education_score",78.08
"37047931202","tract",2023,"education_score",93.12
"37047931301","tract",2023,"education_score",71.17
"37047931302","tract",2023,"education_score",94.78
"37049960101","tract",2023,"education_score",115.16
"37049960102","tract",2023,"education_score",87.43
"37049960201","tract",2023,"education_score",91.12
"37049960202","tract",2023,"education_score",84.33
"37049960301","tract",2023,"education_score",96.79
"37049960302","tract",2023,"education_score",101.62
"37049960401","tract",2023,"education_score",91.35
"37049960402","tract",2023,"education_score",98.68
"37049960403","tract",2023,"education_score",109.48
"37049960404","tract",2023,"education_score",101.03
"37049960501","tract",2023,"education_score",95.31
"37049960502","tract",2023,"education_score",85.79
"37049960600","tract",2023,"education_score",94.03
"37049960700","tract",2023,"education_score",107.92
"37049960800","tract",2023,"education_score",91.42
"37049960900","tract",2023,"education_score",85.36
"37049961002","tract",2023,"education_score",108.97
"37049961003","tract",2023,"education_score",115.28
"37049961004","tract",2023,"education_score",104.44
"37049961101","tract",2023,"education_score",108.32
"37049961102","tract",2023,"education_score",94.14
"37049961201","tract",2023,"education_score",103.28
"37049961202","tract",2023,"education_score",NA
"37049961301","tract",2023,"education_score",96.17
"37049961302","tract",2023,"education_score",101.34
"37049961303","tract",2023,"education_score",96.8
"37051000200","tract",2023,"education_score",83.18
"37051000500","tract",2023,"education_score",79.37
"37051000600","tract",2023,"education_score",102.11
"37051000701","tract",2023,"education_score",113.1
"37051000702","tract",2023,"education_score",118.31
"37051000800","tract",2023,"education_score",103.46
"37051000900","tract",2023,"education_score",111.03
"37051001000","tract",2023,"education_score",96.85
"37051001100","tract",2023,"education_score",88.96
"37051001200","tract",2023,"education_score",98.91
"37051001401","tract",2023,"education_score",84.65
"37051001402","tract",2023,"education_score",88.11
"37051001500","tract",2023,"education_score",95.24
"37051001603","tract",2023,"education_score",85.26
"37051001604","tract",2023,"education_score",91.36
"37051001605","tract",2023,"education_score",98.42
"37051001606","tract",2023,"education_score",96.55
"37051001701","tract",2023,"education_score",73.45
"37051001702","tract",2023,"education_score",91.38
"37051001800","tract",2023,"education_score",79.28
"37051001901","tract",2023,"education_score",93.84
"37051001902","tract",2023,"education_score",90.06
"37051001903","tract",2023,"education_score",87.35
"37051002001","tract",2023,"education_score",99.77
"37051002002","tract",2023,"education_score",94.52
"37051002100","tract",2023,"education_score",101.65
"37051002200","tract",2023,"education_score",109.85
"37051002301","tract",2023,"education_score",104.02
"37051002302","tract",2023,"education_score",95.74
"37051002401","tract",2023,"education_score",85.64
"37051002402","tract",2023,"education_score",101.71
"37051002501","tract",2023,"education_score",100.03
"37051002503","tract",2023,"education_score",105.37
"37051002504","tract",2023,"education_score",104.57
"37051002505","tract",2023,"education_score",87.45
"37051002506","tract",2023,"education_score",111
"37051002600","tract",2023,"education_score",101.93
"37051002701","tract",2023,"education_score",98.62
"37051002702","tract",2023,"education_score",97.66
"37051002801","tract",2023,"education_score",99.11
"37051002802","tract",2023,"education_score",102.15
"37051002900","tract",2023,"education_score",83.51
"37051003002","tract",2023,"education_score",96.42
"37051003003","tract",2023,"education_score",95.78
"37051003004","tract",2023,"education_score",96.99
"37051003102","tract",2023,"education_score",103.53
"37051003103","tract",2023,"education_score",96.62
"37051003105","tract",2023,"education_score",92.51
"37051003106","tract",2023,"education_score",93.15
"37051003203","tract",2023,"education_score",100.07
"37051003205","tract",2023,"education_score",103.57
"37051003206","tract",2023,"education_score",102.76
"37051003207","tract",2023,"education_score",108.14
"37051003208","tract",2023,"education_score",98.31
"37051003209","tract",2023,"education_score",103.73
"37051003302","tract",2023,"education_score",97.58
"37051003304","tract",2023,"education_score",98.01
"37051003307","tract",2023,"education_score",98.68
"37051003310","tract",2023,"education_score",98.39
"37051003311","tract",2023,"education_score",102.84
"37051003312","tract",2023,"education_score",101.63
"37051003313","tract",2023,"education_score",106.05
"37051003314","tract",2023,"education_score",104.89
"37051003315","tract",2023,"education_score",109.9
"37051003316","tract",2023,"education_score",97.88
"37051003317","tract",2023,"education_score",104.95
"37051003318","tract",2023,"education_score",103.1
"37051003401","tract",2023,"education_score",104.33
"37051003403","tract",2023,"education_score",105.49
"37051003404","tract",2023,"education_score",NA
"37051003408","tract",2023,"education_score",106.2
"37051003409","tract",2023,"education_score",NA
"37051003410","tract",2023,"education_score",NA
"37051003501","tract",2023,"education_score",96.68
"37051003502","tract",2023,"education_score",106.52
"37051003601","tract",2023,"education_score",92.62
"37051003602","tract",2023,"education_score",88.76
"37051003700","tract",2023,"education_score",105.07
"37051003800","tract",2023,"education_score",87.89
"37051980100","tract",2023,"education_score",NA
"37051980200","tract",2023,"education_score",NA
"37053110101","tract",2023,"education_score",118.23
"37053110102","tract",2023,"education_score",111.73
"37053110201","tract",2023,"education_score",115.46
"37053110202","tract",2023,"education_score",112.43
"37053110301","tract",2023,"education_score",NA
"37053110302","tract",2023,"education_score",98.18
"37053110401","tract",2023,"education_score",91.74
"37053110403","tract",2023,"education_score",96.81
"37053110404","tract",2023,"education_score",NA
"37053990100","tract",2023,"education_score",NA
"37055970101","tract",2023,"education_score",121.28
"37055970102","tract",2023,"education_score",116.18
"37055970200","tract",2023,"education_score",109.84
"37055970301","tract",2023,"education_score",112.28
"37055970302","tract",2023,"education_score",104.7
"37055970400","tract",2023,"education_score",125
"37055970501","tract",2023,"education_score",89.92
"37055970502","tract",2023,"education_score",103.36
"37055970601","tract",2023,"education_score",104.72
"37055970602","tract",2023,"education_score",100.13
"37055990100","tract",2023,"education_score",NA
"37055990200","tract",2023,"education_score",NA
"37057060101","tract",2023,"education_score",NA
"37057060103","tract",2023,"education_score",115.37
"37057060104","tract",2023,"education_score",113.25
"37057060201","tract",2023,"education_score",105.12
"37057060202","tract",2023,"education_score",NA
"37057060203","tract",2023,"education_score",100.42
"37057060301","tract",2023,"education_score",114.19
"37057060302","tract",2023,"education_score",110.73
"37057060303","tract",2023,"education_score",NA
"37057060304","tract",2023,"education_score",102.65
"37057060400","tract",2023,"education_score",85.56
"37057060500","tract",2023,"education_score",87.62
"37057060601","tract",2023,"education_score",87.3
"37057060602","tract",2023,"education_score",NA
"37057060700","tract",2023,"education_score",70.04
"37057060800","tract",2023,"education_score",74.91
"37057060900","tract",2023,"education_score",NA
"37057061000","tract",2023,"education_score",97.54
"37057061101","tract",2023,"education_score",95.53
"37057061102","tract",2023,"education_score",96.4
"37057061202","tract",2023,"education_score",NA
"37057061203","tract",2023,"education_score",76.92
"37057061204","tract",2023,"education_score",NA
"37057061300","tract",2023,"education_score",94.25
"37057061400","tract",2023,"education_score",74.94
"37057061501","tract",2023,"education_score",63.27
"37057061502","tract",2023,"education_score",NA
"37057061600","tract",2023,"education_score",75.91
"37057061701","tract",2023,"education_score",98.97
"37057061703","tract",2023,"education_score",101.6
"37057061704","tract",2023,"education_score",NA
"37057061705","tract",2023,"education_score",NA
"37057061803","tract",2023,"education_score",NA
"37057061805","tract",2023,"education_score",93.09
"37057061806","tract",2023,"education_score",NA
"37057061807","tract",2023,"education_score",115.03
"37057061808","tract",2023,"education_score",NA
"37057061902","tract",2023,"education_score",74.51
"37057061903","tract",2023,"education_score",84.41
"37057061904","tract",2023,"education_score",93.48
"37057062001","tract",2023,"education_score",90.96
"37057062002","tract",2023,"education_score",87.62
"37059080101","tract",2023,"education_score",92.21
"37059080102","tract",2023,"education_score",NA
"37059080200","tract",2023,"education_score",104.94
"37059080301","tract",2023,"education_score",NA
"37059080302","tract",2023,"education_score",93.32
"37059080400","tract",2023,"education_score",103.59
"37059080500","tract",2023,"education_score",90.02
"37059080600","tract",2023,"education_score",95.86
"37059080701","tract",2023,"education_score",NA
"37059080702","tract",2023,"education_score",73.73
"37061090101","tract",2023,"education_score",54.4
"37061090102","tract",2023,"education_score",81.72
"37061090103","tract",2023,"education_score",64.74
"37061090201","tract",2023,"education_score",109.78
"37061090202","tract",2023,"education_score",78.45
"37061090301","tract",2023,"education_score",89.48
"37061090302","tract",2023,"education_score",85.95
"37061090401","tract",2023,"education_score",84.67
"37061090402","tract",2023,"education_score",91.83
"37061090503","tract",2023,"education_score",103.18
"37061090504","tract",2023,"education_score",98.24
"37061090505","tract",2023,"education_score",81.29
"37061090506","tract",2023,"education_score",87.23
"37061090600","tract",2023,"education_score",75.24
"37061090703","tract",2023,"education_score",91.12
"37061090704","tract",2023,"education_score",94.41
"37061090705","tract",2023,"education_score",82.33
"37061090706","tract",2023,"education_score",80.65
"37061090801","tract",2023,"education_score",69.03
"37061090803","tract",2023,"education_score",94.67
"37061090804","tract",2023,"education_score",81.63
"37063000101","tract",2023,"education_score",111.47
"37063000102","tract",2023,"education_score",93.43
"37063000200","tract",2023,"education_score",94.23
"37063000301","tract",2023,"education_score",113.91
"37063000302","tract",2023,"education_score",122.88
"37063000401","tract",2023,"education_score",125.98
"37063000402","tract",2023,"education_score",121.25
"37063000500","tract",2023,"education_score",89.42
"37063000600","tract",2023,"education_score",124.2
"37063000700","tract",2023,"education_score",136.05
"37063000900","tract",2023,"education_score",86.62
"37063001001","tract",2023,"education_score",92.86
"37063001002","tract",2023,"education_score",49.72
"37063001100","tract",2023,"education_score",77.74
"37063001301","tract",2023,"education_score",87.37
"37063001303","tract",2023,"education_score",NA
"37063001304","tract",2023,"education_score",87.23
"37063001400","tract",2023,"education_score",78.22
"37063001501","tract",2023,"education_score",NA
"37063001503","tract",2023,"education_score",NA
"37063001504","tract",2023,"education_score",98.27
"37063001505","tract",2023,"education_score",94.44
"37063001601","tract",2023,"education_score",108.66
"37063001603","tract",2023,"education_score",115.19
"37063001604","tract",2023,"education_score",113.01
"37063001705","tract",2023,"education_score",102.08
"37063001706","tract",2023,"education_score",121.16
"37063001708","tract",2023,"education_score",104.39
"37063001709","tract",2023,"education_score",88.82
"37063001710","tract",2023,"education_score",101.29
"37063001711","tract",2023,"education_score",86.77
"37063001712","tract",2023,"education_score",137.36
"37063001713","tract",2023,"education_score",122.79
"37063001801","tract",2023,"education_score",77.81
"37063001802","tract",2023,"education_score",62.25
"37063001806","tract",2023,"education_score",98.4
"37063001808","tract",2023,"education_score",115.84
"37063001809","tract",2023,"education_score",114.15
"37063001810","tract",2023,"education_score",88.77
"37063001811","tract",2023,"education_score",103.75
"37063001900","tract",2023,"education_score",125.37
"37063002007","tract",2023,"education_score",122.25
"37063002008","tract",2023,"education_score",134.2
"37063002009","tract",2023,"education_score",80.7
"37063002013","tract",2023,"education_score",120.35
"37063002015","tract",2023,"education_score",105.2
"37063002019","tract",2023,"education_score",130.21
"37063002020","tract",2023,"education_score",136.01
"37063002021","tract",2023,"education_score",122.09
"37063002022","tract",2023,"education_score",121.5
"37063002023","tract",2023,"education_score",125.96
"37063002024","tract",2023,"education_score",129.34
"37063002025","tract",2023,"education_score",110.96
"37063002026","tract",2023,"education_score",86.76
"37063002029","tract",2023,"education_score",125.06
"37063002030","tract",2023,"education_score",132.3
"37063002031","tract",2023,"education_score",103.37
"37063002032","tract",2023,"education_score",102.35
"37063002033","tract",2023,"education_score",139.45
"37063002034","tract",2023,"education_score",118.07
"37063002035","tract",2023,"education_score",124.86
"37063002036","tract",2023,"education_score",118.09
"37063002037","tract",2023,"education_score",126.26
"37063002038","tract",2023,"education_score",123.63
"37063002100","tract",2023,"education_score",108.32
"37063002200","tract",2023,"education_score",130.17
"37063002300","tract",2023,"education_score",111.85
"37063980100","tract",2023,"education_score",NA
"37065020200","tract",2023,"education_score",NA
"37065020300","tract",2023,"education_score",88
"37065020400","tract",2023,"education_score",80.29
"37065020600","tract",2023,"education_score",66.41
"37065020700","tract",2023,"education_score",97.92
"37065020800","tract",2023,"education_score",NA
"37065020900","tract",2023,"education_score",75.44
"37065021000","tract",2023,"education_score",94.63
"37065021100","tract",2023,"education_score",75.44
"37065021200","tract",2023,"education_score",93.71
"37065021300","tract",2023,"education_score",85.82
"37065021400","tract",2023,"education_score",80.98
"37065021500","tract",2023,"education_score",81.15
"37065021600","tract",2023,"education_score",NA
"37067000100","tract",2023,"education_score",117.65
"37067000200","tract",2023,"education_score",100.99
"37067000301","tract",2023,"education_score",90.72
"37067000302","tract",2023,"education_score",51.5
"37067000400","tract",2023,"education_score",77.42
"37067000500","tract",2023,"education_score",73.61
"37067000600","tract",2023,"education_score",78.13
"37067000700","tract",2023,"education_score",80.98
"37067000801","tract",2023,"education_score",NA
"37067000802","tract",2023,"education_score",77.18
"37067000900","tract",2023,"education_score",94.88
"37067001000","tract",2023,"education_score",102.95
"37067001100","tract",2023,"education_score",123.7
"37067001200","tract",2023,"education_score",120.06
"37067001300","tract",2023,"education_score",NA
"37067001400","tract",2023,"education_score",83.54
"37067001500","tract",2023,"education_score",55.96
"37067001601","tract",2023,"education_score",95.67
"37067001602","tract",2023,"education_score",85.8
"37067001700","tract",2023,"education_score",107.61
"37067001800","tract",2023,"education_score",78.87
"37067001901","tract",2023,"education_score",61.66
"37067001902","tract",2023,"education_score",100.55
"37067002001","tract",2023,"education_score",76.32
"37067002002","tract",2023,"education_score",76.99
"37067002100","tract",2023,"education_score",115.3
"37067002200","tract",2023,"education_score",112.47
"37067002501","tract",2023,"education_score",122.75
"37067002502","tract",2023,"education_score",126.91
"37067002601","tract",2023,"education_score",110.97
"37067002604","tract",2023,"education_score",110.8
"37067002605","tract",2023,"education_score",116.85
"37067002606","tract",2023,"education_score",95.35
"37067002701","tract",2023,"education_score",81.82
"37067002702","tract",2023,"education_score",83.98
"37067002704","tract",2023,"education_score",106.23
"37067002705","tract",2023,"education_score",111.42
"37067002801","tract",2023,"education_score",103.11
"37067002804","tract",2023,"education_score",89.24
"37067002806","tract",2023,"education_score",101.62
"37067002807","tract",2023,"education_score",109.74
"37067002808","tract",2023,"education_score",98.74
"37067002809","tract",2023,"education_score",107.4
"37067002901","tract",2023,"education_score",92.8
"37067002903","tract",2023,"education_score",87.45
"37067002904","tract",2023,"education_score",85.72
"37067003002","tract",2023,"education_score",92.85
"37067003003","tract",2023,"education_score",98.26
"37067003004","tract",2023,"education_score",108.08
"37067003103","tract",2023,"education_score",109.19
"37067003105","tract",2023,"education_score",96.37
"37067003106","tract",2023,"education_score",93.12
"37067003107","tract",2023,"education_score",105.66
"37067003108","tract",2023,"education_score",90.5
"37067003201","tract",2023,"education_score",109.89
"37067003202","tract",2023,"education_score",96.3
"37067003307","tract",2023,"education_score",111.32
"37067003308","tract",2023,"education_score",101.12
"37067003309","tract",2023,"education_score",104.43
"37067003310","tract",2023,"education_score",100.56
"37067003311","tract",2023,"education_score",100.03
"37067003312","tract",2023,"education_score",100.76
"37067003313","tract",2023,"education_score",96.7
"37067003314","tract",2023,"education_score",112.89
"37067003315","tract",2023,"education_score",93.69
"37067003402","tract",2023,"education_score",88.33
"37067003403","tract",2023,"education_score",77.93
"37067003404","tract",2023,"education_score",68.15
"37067003500","tract",2023,"education_score",72.63
"37067003600","tract",2023,"education_score",93.66
"37067003701","tract",2023,"education_score",87.56
"37067003702","tract",2023,"education_score",92.13
"37067003703","tract",2023,"education_score",103.6
"37067003803","tract",2023,"education_score",103.24
"37067003804","tract",2023,"education_score",118.45
"37067003805","tract",2023,"education_score",101.61
"37067003806","tract",2023,"education_score",105.68
"37067003903","tract",2023,"education_score",80.32
"37067003904","tract",2023,"education_score",112.03
"37067003905","tract",2023,"education_score",106.28
"37067003906","tract",2023,"education_score",126.05
"37067003908","tract",2023,"education_score",123.25
"37067003909","tract",2023,"education_score",110.44
"37067004005","tract",2023,"education_score",113.42
"37067004007","tract",2023,"education_score",109.92
"37067004009","tract",2023,"education_score",122.97
"37067004010","tract",2023,"education_score",126.44
"37067004011","tract",2023,"education_score",109.27
"37067004012","tract",2023,"education_score",100
"37067004013","tract",2023,"education_score",104.43
"37067004014","tract",2023,"education_score",111.46
"37067004015","tract",2023,"education_score",113.99
"37067004102","tract",2023,"education_score",102.77
"37067004103","tract",2023,"education_score",120.22
"37067004104","tract",2023,"education_score",114.53
"37069060100","tract",2023,"education_score",NA
"37069060200","tract",2023,"education_score",89.52
"37069060301","tract",2023,"education_score",82.28
"37069060302","tract",2023,"education_score",94.26
"37069060401","tract",2023,"education_score",NA
"37069060403","tract",2023,"education_score",95.17
"37069060404","tract",2023,"education_score",89.22
"37069060501","tract",2023,"education_score",102.89
"37069060502","tract",2023,"education_score",107.2
"37069060601","tract",2023,"education_score",NA
"37069060602","tract",2023,"education_score",100.06
"37069060701","tract",2023,"education_score",NA
"37069060702","tract",2023,"education_score",NA
"37069060703","tract",2023,"education_score",NA
"37069060801","tract",2023,"education_score",85.37
"37069060802","tract",2023,"education_score",NA
"37071030103","tract",2023,"education_score",98.46
"37071030104","tract",2023,"education_score",125.08
"37071030105","tract",2023,"education_score",101.85
"37071030106","tract",2023,"education_score",124.94
"37071030205","tract",2023,"education_score",91.59
"37071030206","tract",2023,"education_score",104.1
"37071030207","tract",2023,"education_score",84.44
"37071030208","tract",2023,"education_score",103.57
"37071030209","tract",2023,"education_score",104.79
"37071030301","tract",2023,"education_score",87.83
"37071030302","tract",2023,"education_score",82.82
"37071030401","tract",2023,"education_score",90.71
"37071030403","tract",2023,"education_score",80.56
"37071030404","tract",2023,"education_score",86.94
"37071030501","tract",2023,"education_score",93.84
"37071030503","tract",2023,"education_score",79.71
"37071030504","tract",2023,"education_score",97.15
"37071030601","tract",2023,"education_score",92.96
"37071030602","tract",2023,"education_score",96.93
"37071030700","tract",2023,"education_score",98.33
"37071030801","tract",2023,"education_score",95.57
"37071030802","tract",2023,"education_score",81.59
"37071030901","tract",2023,"education_score",99.78
"37071030902","tract",2023,"education_score",94.05
"37071031001","tract",2023,"education_score",91.74
"37071031004","tract",2023,"education_score",107.84
"37071031005","tract",2023,"education_score",98.73
"37071031006","tract",2023,"education_score",107.83
"37071031101","tract",2023,"education_score",84.3
"37071031102","tract",2023,"education_score",100.21
"37071031202","tract",2023,"education_score",96.75
"37071031203","tract",2023,"education_score",116.4
"37071031204","tract",2023,"education_score",99.38
"37071031301","tract",2023,"education_score",92.49
"37071031303","tract",2023,"education_score",80.71
"37071031304","tract",2023,"education_score",91.18
"37071031401","tract",2023,"education_score",84.88
"37071031402","tract",2023,"education_score",88.24
"37071031500","tract",2023,"education_score",82.1
"37071031600","tract",2023,"education_score",93.64
"37071031703","tract",2023,"education_score",89.09
"37071031704","tract",2023,"education_score",90.05
"37071031705","tract",2023,"education_score",97.75
"37071031706","tract",2023,"education_score",84.69
"37071031800","tract",2023,"education_score",77.48
"37071031901","tract",2023,"education_score",68.1
"37071031902","tract",2023,"education_score",72.77
"37071032000","tract",2023,"education_score",83.72
"37071032100","tract",2023,"education_score",92.71
"37071032201","tract",2023,"education_score",106.81
"37071032202","tract",2023,"education_score",95.58
"37071032301","tract",2023,"education_score",104.31
"37071032302","tract",2023,"education_score",75.79
"37071032403","tract",2023,"education_score",104.33
"37071032404","tract",2023,"education_score",116.54
"37071032405","tract",2023,"education_score",121.81
"37071032406","tract",2023,"education_score",114.56
"37071032505","tract",2023,"education_score",101.95
"37071032506","tract",2023,"education_score",95.07
"37071032507","tract",2023,"education_score",109.8
"37071032508","tract",2023,"education_score",114.85
"37071032509","tract",2023,"education_score",120.2
"37071032510","tract",2023,"education_score",121.75
"37071032600","tract",2023,"education_score",103.74
"37071032702","tract",2023,"education_score",102.65
"37071032703","tract",2023,"education_score",98.57
"37071032704","tract",2023,"education_score",103.59
"37071032801","tract",2023,"education_score",86.23
"37071032802","tract",2023,"education_score",92.46
"37071032900","tract",2023,"education_score",96.27
"37071033100","tract",2023,"education_score",77.61
"37071033202","tract",2023,"education_score",106.15
"37071033203","tract",2023,"education_score",92.43
"37071033204","tract",2023,"education_score",79.78
"37071033303","tract",2023,"education_score",114.7
"37071033306","tract",2023,"education_score",110.36
"37071033308","tract",2023,"education_score",98.7
"37071033309","tract",2023,"education_score",92.6
"37071033310","tract",2023,"education_score",79.26
"37071033311","tract",2023,"education_score",93.84
"37071033312","tract",2023,"education_score",108.05
"37071033313","tract",2023,"education_score",122.81
"37071033400","tract",2023,"education_score",69.76
"37071033501","tract",2023,"education_score",104.69
"37071033502","tract",2023,"education_score",103.96
"37073970100","tract",2023,"education_score",94.51
"37073970200","tract",2023,"education_score",87.36
"37073970300","tract",2023,"education_score",NA
"37075920100","tract",2023,"education_score",NA
"37075920200","tract",2023,"education_score",96.13
"37075920300","tract",2023,"education_score",87.62
"37077970101","tract",2023,"education_score",81.09
"37077970102","tract",2023,"education_score",NA
"37077970200","tract",2023,"education_score",81.26
"37077970300","tract",2023,"education_score",85.3
"37077970400","tract",2023,"education_score",NA
"37077970500","tract",2023,"education_score",NA
"37077970601","tract",2023,"education_score",96.15
"37077970604","tract",2023,"education_score",96.44
"37077970605","tract",2023,"education_score",NA
"37077970606","tract",2023,"education_score",108.6
"37077970607","tract",2023,"education_score",99.77
"37077970701","tract",2023,"education_score",100.54
"37077970702","tract",2023,"education_score",54.82
"37077970703","tract",2023,"education_score",NA
"37077970704","tract",2023,"education_score",NA
"37079950101","tract",2023,"education_score",76.47
"37079950102","tract",2023,"education_score",NA
"37079950200","tract",2023,"education_score",69.2
"37079950301","tract",2023,"education_score",91.6
"37079950302","tract",2023,"education_score",75
"37081010100","tract",2023,"education_score",74.03
"37081010200","tract",2023,"education_score",107.23
"37081010300","tract",2023,"education_score",86.05
"37081010401","tract",2023,"education_score",120.12
"37081010403","tract",2023,"education_score",119.37
"37081010404","tract",2023,"education_score",125.56
"37081010500","tract",2023,"education_score",122.42
"37081010601","tract",2023,"education_score",113.45
"37081010602","tract",2023,"education_score",113.01
"37081010701","tract",2023,"education_score",122.53
"37081010702","tract",2023,"education_score",NA
"37081010800","tract",2023,"education_score",112.11
"37081010900","tract",2023,"education_score",107.39
"37081011000","tract",2023,"education_score",NA
"37081011101","tract",2023,"education_score",74.41
"37081011102","tract",2023,"education_score",102.79
"37081011201","tract",2023,"education_score",88.67
"37081011202","tract",2023,"education_score",67.75
"37081011300","tract",2023,"education_score",84.34
"37081011400","tract",2023,"education_score",83.56
"37081011500","tract",2023,"education_score",79.57
"37081011601","tract",2023,"education_score",64.22
"37081011602","tract",2023,"education_score",71.64
"37081011904","tract",2023,"education_score",91.82
"37081011905","tract",2023,"education_score",91.46
"37081012503","tract",2023,"education_score",118.74
"37081012504","tract",2023,"education_score",100.9
"37081012505","tract",2023,"education_score",127.37
"37081012508","tract",2023,"education_score",113.45
"37081012509","tract",2023,"education_score",118.24
"37081012510","tract",2023,"education_score",118.93
"37081012511","tract",2023,"education_score",138.52
"37081012604","tract",2023,"education_score",70.28
"37081012607","tract",2023,"education_score",101.6
"37081012608","tract",2023,"education_score",80.57
"37081012610","tract",2023,"education_score",82.82
"37081012611","tract",2023,"education_score",89.24
"37081012612","tract",2023,"education_score",88.57
"37081012617","tract",2023,"education_score",91.61
"37081012618","tract",2023,"education_score",87.05
"37081012619","tract",2023,"education_score",99.71
"37081012620","tract",2023,"education_score",85.34
"37081012621","tract",2023,"education_score",81.61
"37081012703","tract",2023,"education_score",91.99
"37081012704","tract",2023,"education_score",70.4
"37081012705","tract",2023,"education_score",86.43
"37081012706","tract",2023,"education_score",64.43
"37081012707","tract",2023,"education_score",66.06
"37081012803","tract",2023,"education_score",104.19
"37081012804","tract",2023,"education_score",93.02
"37081012805","tract",2023,"education_score",90.02
"37081013601","tract",2023,"education_score",NA
"37081013602","tract",2023,"education_score",86.44
"37081013700","tract",2023,"education_score",107.44
"37081013800","tract",2023,"education_score",69.57
"37081013900","tract",2023,"education_score",62.01
"37081014000","tract",2023,"education_score",69.19
"37081014200","tract",2023,"education_score",57.04
"37081014300","tract",2023,"education_score",60.43
"37081014406","tract",2023,"education_score",77.61
"37081014407","tract",2023,"education_score",105.04
"37081014408","tract",2023,"education_score",79.49
"37081014409","tract",2023,"education_score",95.82
"37081014410","tract",2023,"education_score",103.43
"37081014411","tract",2023,"education_score",88.54
"37081014412","tract",2023,"education_score",86.52
"37081014501","tract",2023,"education_score",62.87
"37081014502","tract",2023,"education_score",78.61
"37081014503","tract",2023,"education_score",75.79
"37081015100","tract",2023,"education_score",85.2
"37081015201","tract",2023,"education_score",97.75
"37081015202","tract",2023,"education_score",101.81
"37081015301","tract",2023,"education_score",115.04
"37081015302","tract",2023,"education_score",99.4
"37081015401","tract",2023,"education_score",106.66
"37081015402","tract",2023,"education_score",88.93
"37081015500","tract",2023,"education_score",98.58
"37081015601","tract",2023,"education_score",110.31
"37081015602","tract",2023,"education_score",104.94
"37081015703","tract",2023,"education_score",115.79
"37081015704","tract",2023,"education_score",112.17
"37081015705","tract",2023,"education_score",107.31
"37081015706","tract",2023,"education_score",121.72
"37081015707","tract",2023,"education_score",117.85
"37081015800","tract",2023,"education_score",114.82
"37081015901","tract",2023,"education_score",112.3
"37081015902","tract",2023,"education_score",126.44
"37081016003","tract",2023,"education_score",109.99
"37081016005","tract",2023,"education_score",125.42
"37081016006","tract",2023,"education_score",114.34
"37081016007","tract",2023,"education_score",111.72
"37081016008","tract",2023,"education_score",115.63
"37081016009","tract",2023,"education_score",116.77
"37081016010","tract",2023,"education_score",119.49
"37081016011","tract",2023,"education_score",111.36
"37081016101","tract",2023,"education_score",85.96
"37081016102","tract",2023,"education_score",97.44
"37081016103","tract",2023,"education_score",104.64
"37081016201","tract",2023,"education_score",112.42
"37081016203","tract",2023,"education_score",109.3
"37081016204","tract",2023,"education_score",121.97
"37081016205","tract",2023,"education_score",113.62
"37081016303","tract",2023,"education_score",108.5
"37081016304","tract",2023,"education_score",115.81
"37081016305","tract",2023,"education_score",108.54
"37081016306","tract",2023,"education_score",109.96
"37081016405","tract",2023,"education_score",113.3
"37081016406","tract",2023,"education_score",119.01
"37081016407","tract",2023,"education_score",114.8
"37081016408","tract",2023,"education_score",122.21
"37081016409","tract",2023,"education_score",120.69
"37081016410","tract",2023,"education_score",109.89
"37081016502","tract",2023,"education_score",109.43
"37081016503","tract",2023,"education_score",118.48
"37081016505","tract",2023,"education_score",125.41
"37081016506","tract",2023,"education_score",122.13
"37081016600","tract",2023,"education_score",68.1
"37081016701","tract",2023,"education_score",91.54
"37081016702","tract",2023,"education_score",96.15
"37081016800","tract",2023,"education_score",94.89
"37081016900","tract",2023,"education_score",104.49
"37081017000","tract",2023,"education_score",98.8
"37081017101","tract",2023,"education_score",118.73
"37081017102","tract",2023,"education_score",114.42
"37081017200","tract",2023,"education_score",103.24
"37081980100","tract",2023,"education_score",NA
"37083930100","tract",2023,"education_score",70.02
"37083930200","tract",2023,"education_score",106.78
"37083930300","tract",2023,"education_score",NA
"37083930400","tract",2023,"education_score",70.79
"37083930501","tract",2023,"education_score",93.42
"37083930503","tract",2023,"education_score",84.58
"37083930504","tract",2023,"education_score",75.1
"37083930600","tract",2023,"education_score",96.38
"37083930701","tract",2023,"education_score",78.67
"37083930702","tract",2023,"education_score",NA
"37083930800","tract",2023,"education_score",65.55
"37083930901","tract",2023,"education_score",NA
"37083930902","tract",2023,"education_score",77.58
"37083931000","tract",2023,"education_score",77.15
"37083931101","tract",2023,"education_score",95.27
"37083931102","tract",2023,"education_score",79.65
"37085070100","tract",2023,"education_score",88.03
"37085070200","tract",2023,"education_score",88.92
"37085070300","tract",2023,"education_score",94.92
"37085070401","tract",2023,"education_score",92.77
"37085070402","tract",2023,"education_score",71.75
"37085070500","tract",2023,"education_score",93.56
"37085070600","tract",2023,"education_score",95.39
"37085070700","tract",2023,"education_score",89.14
"37085070801","tract",2023,"education_score",102.8
"37085070802","tract",2023,"education_score",97.95
"37085070901","tract",2023,"education_score",79.9
"37085070902","tract",2023,"education_score",72.08
"37085070903","tract",2023,"education_score",88.91
"37085070904","tract",2023,"education_score",93.88
"37085071002","tract",2023,"education_score",95.19
"37085071003","tract",2023,"education_score",101.5
"37085071004","tract",2023,"education_score",110.02
"37085071101","tract",2023,"education_score",97.06
"37085071102","tract",2023,"education_score",90.51
"37085071201","tract",2023,"education_score",103.37
"37085071202","tract",2023,"education_score",92.5
"37085071203","tract",2023,"education_score",95.51
"37085071204","tract",2023,"education_score",109.91
"37085071301","tract",2023,"education_score",76.05
"37085071302","tract",2023,"education_score",93.84
"37085071303","tract",2023,"education_score",109.93
"37085071401","tract",2023,"education_score",90.69
"37085071402","tract",2023,"education_score",97.87
"37087920101","tract",2023,"education_score",108.31
"37087920102","tract",2023,"education_score",110.44
"37087920201","tract",2023,"education_score",110.62
"37087920202","tract",2023,"education_score",106.04
"37087920300","tract",2023,"education_score",102.17
"37087920400","tract",2023,"education_score",104.72
"37087920501","tract",2023,"education_score",86.64
"37087920502","tract",2023,"education_score",99.59
"37087920601","tract",2023,"education_score",100.62
"37087920602","tract",2023,"education_score",105.15
"37087920701","tract",2023,"education_score",103.13
"37087920702","tract",2023,"education_score",110.09
"37087920800","tract",2023,"education_score",100.34
"37087920900","tract",2023,"education_score",101.34
"37087921000","tract",2023,"education_score",105.17
"37087921100","tract",2023,"education_score",94.11
"37087921201","tract",2023,"education_score",93.15
"37087921202","tract",2023,"education_score",91.46
"37087921301","tract",2023,"education_score",100.53
"37087921302","tract",2023,"education_score",97.4
"37087980100","tract",2023,"education_score",NA
"37089930100","tract",2023,"education_score",101.02
"37089930201","tract",2023,"education_score",80.46
"37089930202","tract",2023,"education_score",95.61
"37089930301","tract",2023,"education_score",85.09
"37089930302","tract",2023,"education_score",60.32
"37089930401","tract",2023,"education_score",89.24
"37089930402","tract",2023,"education_score",95.17
"37089930501","tract",2023,"education_score",102.46
"37089930502","tract",2023,"education_score",94
"37089930600","tract",2023,"education_score",110.75
"37089930701","tract",2023,"education_score",111.14
"37089930702","tract",2023,"education_score",108.69
"37089930703","tract",2023,"education_score",99.76
"37089930800","tract",2023,"education_score",104.89
"37089930900","tract",2023,"education_score",107.17
"37089931000","tract",2023,"education_score",90.83
"37089931100","tract",2023,"education_score",101.99
"37089931200","tract",2023,"education_score",95.62
"37089931300","tract",2023,"education_score",88.33
"37089931401","tract",2023,"education_score",83.19
"37089931402","tract",2023,"education_score",92.33
"37089931500","tract",2023,"education_score",114.28
"37089931600","tract",2023,"education_score",108
"37089931700","tract",2023,"education_score",118.33
"37089931801","tract",2023,"education_score",114
"37089931802","tract",2023,"education_score",108.03
"37089931901","tract",2023,"education_score",105.73
"37089931902","tract",2023,"education_score",108.33
"37089932000","tract",2023,"education_score",102.96
"37089980100","tract",2023,"education_score",NA
"37091950101","tract",2023,"education_score",NA
"37091950102","tract",2023,"education_score",86.02
"37091950201","tract",2023,"education_score",NA
"37091950202","tract",2023,"education_score",84.86
"37091950300","tract",2023,"education_score",85.52
"37091950401","tract",2023,"education_score",92.46
"37091950402","tract",2023,"education_score",88.2
"37091980000","tract",2023,"education_score",NA
"37093970104","tract",2023,"education_score",NA
"37093970105","tract",2023,"education_score",NA
"37093970106","tract",2023,"education_score",99.47
"37093970107","tract",2023,"education_score",96.55
"37093970108","tract",2023,"education_score",102.73
"37093970109","tract",2023,"education_score",91.67
"37093970201","tract",2023,"education_score",NA
"37093970202","tract",2023,"education_score",81.43
"37093970300","tract",2023,"education_score",83.53
"37093970401","tract",2023,"education_score",82.28
"37093970402","tract",2023,"education_score",68.67
"37093980100","tract",2023,"education_score",NA
"37095920101","tract",2023,"education_score",90.5
"37095920102","tract",2023,"education_score",69.36
"37095990100","tract",2023,"education_score",NA
"37095990200","tract",2023,"education_score",NA
"37097060100","tract",2023,"education_score",86.37
"37097060200","tract",2023,"education_score",82.66
"37097060300","tract",2023,"education_score",64.7
"37097060400","tract",2023,"education_score",75.68
"37097060500","tract",2023,"education_score",97.79
"37097060601","tract",2023,"education_score",93.78
"37097060602","tract",2023,"education_score",108.97
"37097060603","tract",2023,"education_score",92.34
"37097060701","tract",2023,"education_score",91.27
"37097060702","tract",2023,"education_score",79.85
"37097060703","tract",2023,"education_score",102.47
"37097060801","tract",2023,"education_score",92.38
"37097060802","tract",2023,"education_score",89.17
"37097060901","tract",2023,"education_score",82.07
"37097060902","tract",2023,"education_score",86.48
"37097061001","tract",2023,"education_score",98.95
"37097061002","tract",2023,"education_score",101.66
"37097061003","tract",2023,"education_score",103.53
"37097061101","tract",2023,"education_score",69.54
"37097061102","tract",2023,"education_score",96.97
"37097061103","tract",2023,"education_score",93.49
"37097061104","tract",2023,"education_score",101.79
"37097061201","tract",2023,"education_score",113.7
"37097061202","tract",2023,"education_score",110.48
"37097061203","tract",2023,"education_score",108.37
"37097061204","tract",2023,"education_score",114.96
"37097061205","tract",2023,"education_score",95.37
"37097061301","tract",2023,"education_score",104.36
"37097061302","tract",2023,"education_score",93.19
"37097061303","tract",2023,"education_score",114.39
"37097061304","tract",2023,"education_score",105.76
"37097061401","tract",2023,"education_score",114.4
"37097061402","tract",2023,"education_score",112.88
"37097061403","tract",2023,"education_score",106.56
"37097061404","tract",2023,"education_score",118.47
"37097061405","tract",2023,"education_score",112.7
"37097061406","tract",2023,"education_score",122.5
"37097061407","tract",2023,"education_score",120.94
"37097061408","tract",2023,"education_score",111.1
"37097061501","tract",2023,"education_score",97.67
"37097061502","tract",2023,"education_score",106.45
"37097061503","tract",2023,"education_score",112.69
"37097061601","tract",2023,"education_score",95.22
"37097061603","tract",2023,"education_score",100
"37097061604","tract",2023,"education_score",102.6
"37097061605","tract",2023,"education_score",115.51
"37099940200","tract",2023,"education_score",72.33
"37099950200","tract",2023,"education_score",NA
"37099950300","tract",2023,"education_score",94.9
"37099950400","tract",2023,"education_score",97.41
"37099950500","tract",2023,"education_score",102.42
"37099950600","tract",2023,"education_score",86.16
"37099950700","tract",2023,"education_score",NA
"37099950800","tract",2023,"education_score",NA
"37099950900","tract",2023,"education_score",113.57
"37101040101","tract",2023,"education_score",100.85
"37101040102","tract",2023,"education_score",76
"37101040103","tract",2023,"education_score",NA
"37101040204","tract",2023,"education_score",NA
"37101040205","tract",2023,"education_score",93.97
"37101040206","tract",2023,"education_score",NA
"37101040207","tract",2023,"education_score",114.67
"37101040208","tract",2023,"education_score",104.72
"37101040209","tract",2023,"education_score",105.51
"37101040210","tract",2023,"education_score",NA
"37101040301","tract",2023,"education_score",NA
"37101040303","tract",2023,"education_score",76.44
"37101040304","tract",2023,"education_score",NA
"37101040400","tract",2023,"education_score",85.51
"37101040501","tract",2023,"education_score",68.7
"37101040502","tract",2023,"education_score",NA
"37101040600","tract",2023,"education_score",73.74
"37101040700","tract",2023,"education_score",68.85
"37101040800","tract",2023,"education_score",87.55
"37101040903","tract",2023,"education_score",101.09
"37101040904","tract",2023,"education_score",88.59
"37101040905","tract",2023,"education_score",94.98
"37101040906","tract",2023,"education_score",NA
"37101041001","tract",2023,"education_score",106.51
"37101041003","tract",2023,"education_score",110.45
"37101041004","tract",2023,"education_score",100.52
"37101041005","tract",2023,"education_score",NA
"37101041104","tract",2023,"education_score",94.87
"37101041105","tract",2023,"education_score",NA
"37101041106","tract",2023,"education_score",105.46
"37101041107","tract",2023,"education_score",108.08
"37101041108","tract",2023,"education_score",116.64
"37101041109","tract",2023,"education_score",NA
"37101041110","tract",2023,"education_score",NA
"37101041111","tract",2023,"education_score",116.56
"37101041112","tract",2023,"education_score",NA
"37101041113","tract",2023,"education_score",NA
"37101041203","tract",2023,"education_score",NA
"37101041204","tract",2023,"education_score",NA
"37101041205","tract",2023,"education_score",95.04
"37101041206","tract",2023,"education_score",75.74
"37101041301","tract",2023,"education_score",NA
"37101041302","tract",2023,"education_score",77.32
"37101041401","tract",2023,"education_score",95.83
"37101041402","tract",2023,"education_score",84.7
"37101041504","tract",2023,"education_score",98.91
"37101041505","tract",2023,"education_score",NA
"37101041506","tract",2023,"education_score",96.83
"37101041507","tract",2023,"education_score",NA
"37101041508","tract",2023,"education_score",NA
"37101041509","tract",2023,"education_score",103.1
"37101041510","tract",2023,"education_score",NA
"37101041511","tract",2023,"education_score",NA
"37103920100","tract",2023,"education_score",86.88
"37103920200","tract",2023,"education_score",79.83
"37103920300","tract",2023,"education_score",95.22
"37105030101","tract",2023,"education_score",90.19
"37105030102","tract",2023,"education_score",105.05
"37105030200","tract",2023,"education_score",55.99
"37105030300","tract",2023,"education_score",47.76
"37105030401","tract",2023,"education_score",70.48
"37105030402","tract",2023,"education_score",71.21
"37105030502","tract",2023,"education_score",75.97
"37105030504","tract",2023,"education_score",103.54
"37105030505","tract",2023,"education_score",95.32
"37105030506","tract",2023,"education_score",60.77
"37105030507","tract",2023,"education_score",113.22
"37105030601","tract",2023,"education_score",110.77
"37105030602","tract",2023,"education_score",99.39
"37105030702","tract",2023,"education_score",88.65
"37105030703","tract",2023,"education_score",102.95
"37105030704","tract",2023,"education_score",90.73
"37107010100","tract",2023,"education_score",92.71
"37107010200","tract",2023,"education_score",68.94
"37107010300","tract",2023,"education_score",65.31
"37107010400","tract",2023,"education_score",91.11
"37107010500","tract",2023,"education_score",66.28
"37107010600","tract",2023,"education_score",91.46
"37107010700","tract",2023,"education_score",85.47
"37107010800","tract",2023,"education_score",83.67
"37107010900","tract",2023,"education_score",78
"37107011001","tract",2023,"education_score",99.03
"37107011002","tract",2023,"education_score",96.37
"37107011100","tract",2023,"education_score",83.05
"37107011201","tract",2023,"education_score",71.97
"37107011202","tract",2023,"education_score",72.41
"37107011301","tract",2023,"education_score",90.92
"37107011302","tract",2023,"education_score",87.47
"37107011400","tract",2023,"education_score",87.64
"37109070100","tract",2023,"education_score",85.11
"37109070201","tract",2023,"education_score",76.56
"37109070202","tract",2023,"education_score",99.12
"37109070300","tract",2023,"education_score",NA
"37109070400","tract",2023,"education_score",87.58
"37109070500","tract",2023,"education_score",77.46
"37109070600","tract",2023,"education_score",NA
"37109070700","tract",2023,"education_score",89.8
"37109070800","tract",2023,"education_score",87.57
"37109070901","tract",2023,"education_score",NA
"37109070902","tract",2023,"education_score",100.84
"37109071001","tract",2023,"education_score",87.6
"37109071002","tract",2023,"education_score",NA
"37109071101","tract",2023,"education_score",104.39
"37109071102","tract",2023,"education_score",NA
"37109071201","tract",2023,"education_score",NA
"37109071202","tract",2023,"education_score",118.24
"37109071203","tract",2023,"education_score",NA
"37111970101","tract",2023,"education_score",81.69
"37111970102","tract",2023,"education_score",99.76
"37111970200","tract",2023,"education_score",82.96
"37111970300","tract",2023,"education_score",79.89
"37111970400","tract",2023,"education_score",73.18
"37111970500","tract",2023,"education_score",101.29
"37111970600","tract",2023,"education_score",95.89
"37111970700","tract",2023,"education_score",90.36
"37111970800","tract",2023,"education_score",101.66
"37111970902","tract",2023,"education_score",89.22
"37111970903","tract",2023,"education_score",92.38
"37111970904","tract",2023,"education_score",95.68
"37113970100","tract",2023,"education_score",NA
"37113970200","tract",2023,"education_score",94.24
"37113970302","tract",2023,"education_score",95.24
"37113970303","tract",2023,"education_score",89.64
"37113970304","tract",2023,"education_score",81.7
"37113970400","tract",2023,"education_score",NA
"37113970501","tract",2023,"education_score",NA
"37113970502","tract",2023,"education_score",106.17
"37113970600","tract",2023,"education_score",90
"37113970700","tract",2023,"education_score",81.85
"37115010100","tract",2023,"education_score",NA
"37115010200","tract",2023,"education_score",101.54
"37115010400","tract",2023,"education_score",93.73
"37115010500","tract",2023,"education_score",87.9
"37115010601","tract",2023,"education_score",100.11
"37115010602","tract",2023,"education_score",NA
"37115010700","tract",2023,"education_score",NA
"37117970100","tract",2023,"education_score",85.69
"37117970200","tract",2023,"education_score",68.91
"37117970300","tract",2023,"education_score",NA
"37117970400","tract",2023,"education_score",NA
"37117970500","tract",2023,"education_score",87.79
"37117970600","tract",2023,"education_score",79.07
"37119000101","tract",2023,"education_score",137.89
"37119000102","tract",2023,"education_score",126.9
"37119000103","tract",2023,"education_score",118.33
"37119000104","tract",2023,"education_score",140.64
"37119000301","tract",2023,"education_score",140.09
"37119000302","tract",2023,"education_score",114.72
"37119000401","tract",2023,"education_score",144.8
"37119000402","tract",2023,"education_score",NA
"37119000501","tract",2023,"education_score",117.27
"37119000502","tract",2023,"education_score",129.35
"37119000503","tract",2023,"education_score",NA
"37119000600","tract",2023,"education_score",113.61
"37119000700","tract",2023,"education_score",125.43
"37119000800","tract",2023,"education_score",119.49
"37119000900","tract",2023,"education_score",126.5
"37119001000","tract",2023,"education_score",127.54
"37119001100","tract",2023,"education_score",130.65
"37119001200","tract",2023,"education_score",111.13
"37119001300","tract",2023,"education_score",105.84
"37119001400","tract",2023,"education_score",121.45
"37119001504","tract",2023,"education_score",58.35
"37119001505","tract",2023,"education_score",68.81
"37119001507","tract",2023,"education_score",58.72
"37119001508","tract",2023,"education_score",102.3
"37119001509","tract",2023,"education_score",70.99
"37119001510","tract",2023,"education_score",85.37
"37119001603","tract",2023,"education_score",92.46
"37119001605","tract",2023,"education_score",71.36
"37119001606","tract",2023,"education_score",77.83
"37119001607","tract",2023,"education_score",64.31
"37119001608","tract",2023,"education_score",69.35
"37119001609","tract",2023,"education_score",81.27
"37119001701","tract",2023,"education_score",96.94
"37119001702","tract",2023,"education_score",76.62
"37119001801","tract",2023,"education_score",116.74
"37119001802","tract",2023,"education_score",107.5
"37119001910","tract",2023,"education_score",60.14
"37119001911","tract",2023,"education_score",82.95
"37119001914","tract",2023,"education_score",74.5
"37119001916","tract",2023,"education_score",82.7
"37119001917","tract",2023,"education_score",73.95
"37119001918","tract",2023,"education_score",84.87
"37119001919","tract",2023,"education_score",100.16
"37119001920","tract",2023,"education_score",73.77
"37119001921","tract",2023,"education_score",78.95
"37119001922","tract",2023,"education_score",74.82
"37119001923","tract",2023,"education_score",99.56
"37119001924","tract",2023,"education_score",31.21
"37119001925","tract",2023,"education_score",66.58
"37119001926","tract",2023,"education_score",104.25
"37119001927","tract",2023,"education_score",81.83
"37119002004","tract",2023,"education_score",116.57
"37119002005","tract",2023,"education_score",124.29
"37119002006","tract",2023,"education_score",116.99
"37119002007","tract",2023,"education_score",113.35
"37119002008","tract",2023,"education_score",118.45
"37119002100","tract",2023,"education_score",118.69
"37119002201","tract",2023,"education_score",123.58
"37119002202","tract",2023,"education_score",122.01
"37119002300","tract",2023,"education_score",84.13
"37119002400","tract",2023,"education_score",133.52
"37119002500","tract",2023,"education_score",132.44
"37119002600","tract",2023,"education_score",127.75
"37119002701","tract",2023,"education_score",140.79
"37119002702","tract",2023,"education_score",125.61
"37119002800","tract",2023,"education_score",138.01
"37119002903","tract",2023,"education_score",133.98
"37119002905","tract",2023,"education_score",138.4
"37119002907","tract",2023,"education_score",110.21
"37119002908","tract",2023,"education_score",129.88
"37119002909","tract",2023,"education_score",143.75
"37119002910","tract",2023,"education_score",125.71
"37119003006","tract",2023,"education_score",122.85
"37119003008","tract",2023,"education_score",118.56
"37119003012","tract",2023,"education_score",118.74
"37119003013","tract",2023,"education_score",126.75
"37119003015","tract",2023,"education_score",123.69
"37119003016","tract",2023,"education_score",125.97
"37119003017","tract",2023,"education_score",128.42
"37119003018","tract",2023,"education_score",108.35
"37119003019","tract",2023,"education_score",131.92
"37119003020","tract",2023,"education_score",130.09
"37119003021","tract",2023,"education_score",124.49
"37119003022","tract",2023,"education_score",127.97
"37119003102","tract",2023,"education_score",112.39
"37119003105","tract",2023,"education_score",126.14
"37119003106","tract",2023,"education_score",101.5
"37119003108","tract",2023,"education_score",78.22
"37119003109","tract",2023,"education_score",47.15
"37119003110","tract",2023,"education_score",132.51
"37119003111","tract",2023,"education_score",132.65
"37119003201","tract",2023,"education_score",106.08
"37119003203","tract",2023,"education_score",121.03
"37119003204","tract",2023,"education_score",126.75
"37119003301","tract",2023,"education_score",131.5
"37119003302","tract",2023,"education_score",128.88
"37119003401","tract",2023,"education_score",138.64
"37119003402","tract",2023,"education_score",139.06
"37119003500","tract",2023,"education_score",134.27
"37119003600","tract",2023,"education_score",105.5
"37119003701","tract",2023,"education_score",135.18
"37119003702","tract",2023,"education_score",125.81
"37119003802","tract",2023,"education_score",115.16
"37119003805","tract",2023,"education_score",124.3
"37119003807","tract",2023,"education_score",64.29
"37119003808","tract",2023,"education_score",67.22
"37119003809","tract",2023,"education_score",76.28
"37119003810","tract",2023,"education_score",79.77
"37119003811","tract",2023,"education_score",112.85
"37119003902","tract",2023,"education_score",87.95
"37119003903","tract",2023,"education_score",73.26
"37119004000","tract",2023,"education_score",93.52
"37119004101","tract",2023,"education_score",116.68
"37119004102","tract",2023,"education_score",136
"37119004200","tract",2023,"education_score",91.86
"37119004302","tract",2023,"education_score",73.95
"37119004303","tract",2023,"education_score",76.3
"37119004304","tract",2023,"education_score",81.11
"37119004306","tract",2023,"education_score",64.9
"37119004307","tract",2023,"education_score",133.06
"37119004400","tract",2023,"education_score",82.55
"37119004500","tract",2023,"education_score",101.36
"37119004600","tract",2023,"education_score",89.26
"37119004700","tract",2023,"education_score",NA
"37119004800","tract",2023,"education_score",90.84
"37119004900","tract",2023,"education_score",89.33
"37119005000","tract",2023,"education_score",120.53
"37119005100","tract",2023,"education_score",74.38
"37119005200","tract",2023,"education_score",92.49
"37119005301","tract",2023,"education_score",67.43
"37119005305","tract",2023,"education_score",67.85
"37119005306","tract",2023,"education_score",61.73
"37119005307","tract",2023,"education_score",83.16
"37119005308","tract",2023,"education_score",59.2
"37119005403","tract",2023,"education_score",81.27
"37119005404","tract",2023,"education_score",89.75
"37119005405","tract",2023,"education_score",97.32
"37119005406","tract",2023,"education_score",99.68
"37119005508","tract",2023,"education_score",118.95
"37119005510","tract",2023,"education_score",83.79
"37119005511","tract",2023,"education_score",108.14
"37119005512","tract",2023,"education_score",92.76
"37119005513","tract",2023,"education_score",116.01
"37119005515","tract",2023,"education_score",112.35
"37119005516","tract",2023,"education_score",123.32
"37119005517","tract",2023,"education_score",121.31
"37119005519","tract",2023,"education_score",112.87
"37119005520","tract",2023,"education_score",103.61
"37119005522","tract",2023,"education_score",106.72
"37119005525","tract",2023,"education_score",97.61
"37119005526","tract",2023,"education_score",117.28
"37119005527","tract",2023,"education_score",123.25
"37119005528","tract",2023,"education_score",121.74
"37119005529","tract",2023,"education_score",96.5
"37119005530","tract",2023,"education_score",114.06
"37119005531","tract",2023,"education_score",106.97
"37119005532","tract",2023,"education_score",107.53
"37119005533","tract",2023,"education_score",121.86
"37119005534","tract",2023,"education_score",119.94
"37119005535","tract",2023,"education_score",93.47
"37119005536","tract",2023,"education_score",121.65
"37119005604","tract",2023,"education_score",NA
"37119005609","tract",2023,"education_score",104.67
"37119005610","tract",2023,"education_score",95.72
"37119005611","tract",2023,"education_score",103.96
"37119005612","tract",2023,"education_score",114.81
"37119005613","tract",2023,"education_score",107.86
"37119005615","tract",2023,"education_score",109.12
"37119005616","tract",2023,"education_score",98.68
"37119005617","tract",2023,"education_score",99.4
"37119005618","tract",2023,"education_score",103.74
"37119005619","tract",2023,"education_score",112.83
"37119005621","tract",2023,"education_score",108.4
"37119005622","tract",2023,"education_score",115.41
"37119005623","tract",2023,"education_score",100.09
"37119005624","tract",2023,"education_score",95.78
"37119005625","tract",2023,"education_score",110.56
"37119005626","tract",2023,"education_score",89.54
"37119005627","tract",2023,"education_score",93.51
"37119005709","tract",2023,"education_score",112.96
"37119005710","tract",2023,"education_score",88.07
"37119005712","tract",2023,"education_score",118.81
"37119005713","tract",2023,"education_score",119.88
"37119005714","tract",2023,"education_score",115.96
"37119005715","tract",2023,"education_score",111.47
"37119005716","tract",2023,"education_score",95.51
"37119005718","tract",2023,"education_score",94.12
"37119005719","tract",2023,"education_score",93.89
"37119005720","tract",2023,"education_score",113.98
"37119005721","tract",2023,"education_score",109.22
"37119005722","tract",2023,"education_score",101.37
"37119005723","tract",2023,"education_score",106.97
"37119005811","tract",2023,"education_score",114.89
"37119005815","tract",2023,"education_score",110.47
"37119005816","tract",2023,"education_score",126.33
"37119005817","tract",2023,"education_score",119.92
"37119005824","tract",2023,"education_score",99.74
"37119005826","tract",2023,"education_score",90.98
"37119005827","tract",2023,"education_score",83.94
"37119005828","tract",2023,"education_score",116.98
"37119005829","tract",2023,"education_score",89.9
"37119005830","tract",2023,"education_score",110.7
"37119005832","tract",2023,"education_score",129.08
"37119005833","tract",2023,"education_score",119.92
"37119005834","tract",2023,"education_score",108.17
"37119005835","tract",2023,"education_score",114.96
"37119005836","tract",2023,"education_score",105.39
"37119005839","tract",2023,"education_score",121.48
"37119005840","tract",2023,"education_score",123.46
"37119005843","tract",2023,"education_score",112.4
"37119005845","tract",2023,"education_score",120.96
"37119005846","tract",2023,"education_score",127.31
"37119005847","tract",2023,"education_score",132.16
"37119005848","tract",2023,"education_score",118.82
"37119005849","tract",2023,"education_score",110.42
"37119005850","tract",2023,"education_score",116.96
"37119005851","tract",2023,"education_score",116.81
"37119005852","tract",2023,"education_score",120.31
"37119005853","tract",2023,"education_score",90.45
"37119005854","tract",2023,"education_score",122.35
"37119005855","tract",2023,"education_score",102.98
"37119005856","tract",2023,"education_score",126.21
"37119005857","tract",2023,"education_score",132.83
"37119005858","tract",2023,"education_score",104.69
"37119005859","tract",2023,"education_score",131.26
"37119005860","tract",2023,"education_score",118.38
"37119005861","tract",2023,"education_score",118.28
"37119005862","tract",2023,"education_score",127.13
"37119005863","tract",2023,"education_score",119.98
"37119005864","tract",2023,"education_score",122.11
"37119005865","tract",2023,"education_score",110.85
"37119005866","tract",2023,"education_score",115.98
"37119005867","tract",2023,"education_score",113.98
"37119005868","tract",2023,"education_score",109.13
"37119005908","tract",2023,"education_score",128.33
"37119005910","tract",2023,"education_score",104.71
"37119005913","tract",2023,"education_score",107.17
"37119005915","tract",2023,"education_score",123.2
"37119005916","tract",2023,"education_score",74.2
"37119005918","tract",2023,"education_score",94.38
"37119005919","tract",2023,"education_score",111.96
"37119005920","tract",2023,"education_score",95.5
"37119005921","tract",2023,"education_score",120.97
"37119005922","tract",2023,"education_score",114.67
"37119005923","tract",2023,"education_score",101.92
"37119005924","tract",2023,"education_score",105.26
"37119005925","tract",2023,"education_score",108.34
"37119005926","tract",2023,"education_score",129.36
"37119005927","tract",2023,"education_score",102.4
"37119005928","tract",2023,"education_score",98.57
"37119005929","tract",2023,"education_score",115.56
"37119005930","tract",2023,"education_score",93.16
"37119005931","tract",2023,"education_score",105.09
"37119005932","tract",2023,"education_score",109.6
"37119006005","tract",2023,"education_score",93.68
"37119006008","tract",2023,"education_score",112.1
"37119006009","tract",2023,"education_score",99.54
"37119006011","tract",2023,"education_score",105.53
"37119006012","tract",2023,"education_score",88.64
"37119006013","tract",2023,"education_score",86.49
"37119006014","tract",2023,"education_score",111.31
"37119006015","tract",2023,"education_score",105.27
"37119006016","tract",2023,"education_score",85.48
"37119006103","tract",2023,"education_score",109.3
"37119006105","tract",2023,"education_score",110.95
"37119006108","tract",2023,"education_score",89.44
"37119006109","tract",2023,"education_score",104
"37119006110","tract",2023,"education_score",99.72
"37119006111","tract",2023,"education_score",101.9
"37119006112","tract",2023,"education_score",106.16
"37119006113","tract",2023,"education_score",113.56
"37119006114","tract",2023,"education_score",111.17
"37119006115","tract",2023,"education_score",118.2
"37119006208","tract",2023,"education_score",116.07
"37119006209","tract",2023,"education_score",114.96
"37119006210","tract",2023,"education_score",116.6
"37119006211","tract",2023,"education_score",124.58
"37119006212","tract",2023,"education_score",121.95
"37119006214","tract",2023,"education_score",119.71
"37119006216","tract",2023,"education_score",122.75
"37119006217","tract",2023,"education_score",124.59
"37119006218","tract",2023,"education_score",139.66
"37119006219","tract",2023,"education_score",128.08
"37119006220","tract",2023,"education_score",126.87
"37119006221","tract",2023,"education_score",125.71
"37119006222","tract",2023,"education_score",116.66
"37119006223","tract",2023,"education_score",112.42
"37119006224","tract",2023,"education_score",100.48
"37119006305","tract",2023,"education_score",123.1
"37119006306","tract",2023,"education_score",122.82
"37119006307","tract",2023,"education_score",127.55
"37119006308","tract",2023,"education_score",120.61
"37119006309","tract",2023,"education_score",112.18
"37119006310","tract",2023,"education_score",122.47
"37119006311","tract",2023,"education_score",126.17
"37119006403","tract",2023,"education_score",110.71
"37119006404","tract",2023,"education_score",133.04
"37119006407","tract",2023,"education_score",111.72
"37119006408","tract",2023,"education_score",124.66
"37119006409","tract",2023,"education_score",126.98
"37119006410","tract",2023,"education_score",116.1
"37119006411","tract",2023,"education_score",100.07
"37119980100","tract",2023,"education_score",NA
"37119980200","tract",2023,"education_score",NA
"37119980300","tract",2023,"education_score",NA
"37121950100","tract",2023,"education_score",NA
"37121950200","tract",2023,"education_score",92.75
"37121950300","tract",2023,"education_score",88.94
"37121950400","tract",2023,"education_score",100.66
"37123960101","tract",2023,"education_score",93.73
"37123960102","tract",2023,"education_score",71.27
"37123960201","tract",2023,"education_score",105.24
"37123960202","tract",2023,"education_score",97.98
"37123960301","tract",2023,"education_score",90.1
"37123960302","tract",2023,"education_score",108.46
"37123960401","tract",2023,"education_score",88.08
"37123960402","tract",2023,"education_score",87.45
"37123960501","tract",2023,"education_score",65.51
"37123960502","tract",2023,"education_score",80.21
"37125950100","tract",2023,"education_score",101.25
"37125950201","tract",2023,"education_score",48.71
"37125950202","tract",2023,"education_score",87.83
"37125950303","tract",2023,"education_score",113.17
"37125950304","tract",2023,"education_score",92.73
"37125950305","tract",2023,"education_score",96.65
"37125950306","tract",2023,"education_score",110.78
"37125950402","tract",2023,"education_score",99.75
"37125950403","tract",2023,"education_score",92.31
"37125950404","tract",2023,"education_score",96.57
"37125950503","tract",2023,"education_score",104.04
"37125950504","tract",2023,"education_score",103.01
"37125950505","tract",2023,"education_score",88.99
"37125950506","tract",2023,"education_score",112.22
"37125950507","tract",2023,"education_score",93.85
"37125950601","tract",2023,"education_score",119.27
"37125950603","tract",2023,"education_score",103.93
"37125950604","tract",2023,"education_score",115.08
"37125950702","tract",2023,"education_score",125.63
"37125950703","tract",2023,"education_score",113.79
"37125950704","tract",2023,"education_score",122.61
"37125950801","tract",2023,"education_score",105.8
"37125950802","tract",2023,"education_score",116.05
"37125950900","tract",2023,"education_score",116.77
"37125951001","tract",2023,"education_score",120.49
"37125951002","tract",2023,"education_score",113.43
"37125951101","tract",2023,"education_score",113.36
"37125951102","tract",2023,"education_score",103.72
"37125951200","tract",2023,"education_score",107.8
"37127010200","tract",2023,"education_score",NA
"37127010301","tract",2023,"education_score",92.77
"37127010302","tract",2023,"education_score",98.39
"37127010400","tract",2023,"education_score",80.92
"37127010503","tract",2023,"education_score",NA
"37127010504","tract",2023,"education_score",102.1
"37127010505","tract",2023,"education_score",111.29
"37127010506","tract",2023,"education_score",98
"37127010601","tract",2023,"education_score",NA
"37127010603","tract",2023,"education_score",54.9
"37127010604","tract",2023,"education_score",NA
"37127010700","tract",2023,"education_score",82.86
"37127010801","tract",2023,"education_score",NA
"37127010802","tract",2023,"education_score",102.83
"37127010900","tract",2023,"education_score",NA
"37127011000","tract",2023,"education_score",81.57
"37127011101","tract",2023,"education_score",92.05
"37127011103","tract",2023,"education_score",96.89
"37127011104","tract",2023,"education_score",NA
"37127011201","tract",2023,"education_score",NA
"37127011202","tract",2023,"education_score",NA
"37127011300","tract",2023,"education_score",68.85
"37127011400","tract",2023,"education_score",93.46
"37127011501","tract",2023,"education_score",68.6
"37127011502","tract",2023,"education_score",NA
"37129010100","tract",2023,"education_score",97.19
"37129010200","tract",2023,"education_score",108.18
"37129010300","tract",2023,"education_score",96.98
"37129010400","tract",2023,"education_score",107.89
"37129010501","tract",2023,"education_score",102.91
"37129010503","tract",2023,"education_score",110.35
"37129010504","tract",2023,"education_score",112.56
"37129010600","tract",2023,"education_score",119.59
"37129010700","tract",2023,"education_score",91.92
"37129010800","tract",2023,"education_score",61.59
"37129010900","tract",2023,"education_score",105.64
"37129011000","tract",2023,"education_score",89.76
"37129011100","tract",2023,"education_score",75.07
"37129011200","tract",2023,"education_score",103.51
"37129011300","tract",2023,"education_score",118.4
"37129011400","tract",2023,"education_score",102.39
"37129011501","tract",2023,"education_score",NA
"37129011502","tract",2023,"education_score",NA
"37129011503","tract",2023,"education_score",101.95
"37129011504","tract",2023,"education_score",93.52
"37129011605","tract",2023,"education_score",100.7
"37129011606","tract",2023,"education_score",100.36
"37129011608","tract",2023,"education_score",108.9
"37129011609","tract",2023,"education_score",86.29
"37129011610","tract",2023,"education_score",106.16
"37129011611","tract",2023,"education_score",114.27
"37129011612","tract",2023,"education_score",107.53
"37129011701","tract",2023,"education_score",121.51
"37129011703","tract",2023,"education_score",124.56
"37129011705","tract",2023,"education_score",119.63
"37129011800","tract",2023,"education_score",128.11
"37129011904","tract",2023,"education_score",120.53
"37129011905","tract",2023,"education_score",107.53
"37129011906","tract",2023,"education_score",115.66
"37129012004","tract",2023,"education_score",120.82
"37129012006","tract",2023,"education_score",122.17
"37129012007","tract",2023,"education_score",107.61
"37129012008","tract",2023,"education_score",113.1
"37129012009","tract",2023,"education_score",110.45
"37129012010","tract",2023,"education_score",117.1
"37129012011","tract",2023,"education_score",107.77
"37129012012","tract",2023,"education_score",129.4
"37129012103","tract",2023,"education_score",115.2
"37129012106","tract",2023,"education_score",103.54
"37129012107","tract",2023,"education_score",111.41
"37129012108","tract",2023,"education_score",116.55
"37129012109","tract",2023,"education_score",112.57
"37129012110","tract",2023,"education_score",102.28
"37129012111","tract",2023,"education_score",112.05
"37129012201","tract",2023,"education_score",121.18
"37129012202","tract",2023,"education_score",111.43
"37129012203","tract",2023,"education_score",114.84
"37129012300","tract",2023,"education_score",123.62
"37129980100","tract",2023,"education_score",NA
"37129990100","tract",2023,"education_score",NA
"37131920101","tract",2023,"education_score",91.98
"37131920102","tract",2023,"education_score",NA
"37131920103","tract",2023,"education_score",111.69
"37131920201","tract",2023,"education_score",NA
"37131920202","tract",2023,"education_score",NA
"37131920301","tract",2023,"education_score",NA
"37131920302","tract",2023,"education_score",NA
"37131920303","tract",2023,"education_score",75.01
"37131920401","tract",2023,"education_score",90.64
"37131920402","tract",2023,"education_score",NA
"37133000103","tract",2023,"education_score",99.41
"37133000104","tract",2023,"education_score",100.58
"37133000105","tract",2023,"education_score",100.27
"37133000203","tract",2023,"education_score",109.94
"37133000204","tract",2023,"education_score",100.38
"37133000205","tract",2023,"education_score",101.62
"37133000206","tract",2023,"education_score",88.33
"37133000207","tract",2023,"education_score",95.28
"37133000303","tract",2023,"education_score",88.78
"37133000304","tract",2023,"education_score",92.67
"37133000305","tract",2023,"education_score",93.65
"37133000306","tract",2023,"education_score",90.87
"37133000401","tract",2023,"education_score",113.11
"37133000403","tract",2023,"education_score",131.33
"37133000404","tract",2023,"education_score",106.44
"37133000405","tract",2023,"education_score",111.71
"37133000500","tract",2023,"education_score",NA
"37133000600","tract",2023,"education_score",NA
"37133000700","tract",2023,"education_score",110.24
"37133000800","tract",2023,"education_score",105.26
"37133000901","tract",2023,"education_score",100.91
"37133000902","tract",2023,"education_score",105.37
"37133001000","tract",2023,"education_score",NA
"37133001101","tract",2023,"education_score",99.06
"37133001102","tract",2023,"education_score",95.49
"37133001201","tract",2023,"education_score",107.39
"37133001202","tract",2023,"education_score",95.61
"37133001301","tract",2023,"education_score",112.29
"37133001302","tract",2023,"education_score",90.63
"37133001303","tract",2023,"education_score",107.48
"37133001304","tract",2023,"education_score",112.14
"37133001400","tract",2023,"education_score",103.53
"37133001500","tract",2023,"education_score",83.96
"37133001700","tract",2023,"education_score",86.3
"37133001800","tract",2023,"education_score",91.89
"37133002100","tract",2023,"education_score",83.66
"37133002201","tract",2023,"education_score",107.96
"37133002202","tract",2023,"education_score",97.32
"37133002300","tract",2023,"education_score",99.91
"37133002400","tract",2023,"education_score",92.39
"37133002500","tract",2023,"education_score",98.39
"37133002600","tract",2023,"education_score",79.46
"37133002801","tract",2023,"education_score",107.1
"37133002802","tract",2023,"education_score",89.62
"37133002803","tract",2023,"education_score",95.8
"37133990100","tract",2023,"education_score",NA
"37135010701","tract",2023,"education_score",NA
"37135010705","tract",2023,"education_score",117.88
"37135010706","tract",2023,"education_score",124.73
"37135010707","tract",2023,"education_score",NA
"37135010708","tract",2023,"education_score",NA
"37135010709","tract",2023,"education_score",103.01
"37135010710","tract",2023,"education_score",NA
"37135010802","tract",2023,"education_score",NA
"37135010803","tract",2023,"education_score",NA
"37135010804","tract",2023,"education_score",NA
"37135010902","tract",2023,"education_score",93.03
"37135010903","tract",2023,"education_score",105.65
"37135010904","tract",2023,"education_score",NA
"37135011001","tract",2023,"education_score",125.16
"37135011002","tract",2023,"education_score",103.96
"37135011103","tract",2023,"education_score",93.57
"37135011104","tract",2023,"education_score",NA
"37135011105","tract",2023,"education_score",NA
"37135011106","tract",2023,"education_score",NA
"37135011107","tract",2023,"education_score",104.94
"37135011204","tract",2023,"education_score",133.94
"37135011206","tract",2023,"education_score",123.03
"37135011207","tract",2023,"education_score",NA
"37135011208","tract",2023,"education_score",119.78
"37135011209","tract",2023,"education_score",NA
"37135011210","tract",2023,"education_score",NA
"37135011211","tract",2023,"education_score",NA
"37135011300","tract",2023,"education_score",95.28
"37135011400","tract",2023,"education_score",NA
"37135011500","tract",2023,"education_score",114.73
"37135011601","tract",2023,"education_score",NA
"37135011602","tract",2023,"education_score",NA
"37135011700","tract",2023,"education_score",NA
"37135011800","tract",2023,"education_score",NA
"37135011902","tract",2023,"education_score",NA
"37135011903","tract",2023,"education_score",NA
"37135011904","tract",2023,"education_score",143.06
"37135012101","tract",2023,"education_score",96.44
"37135012102","tract",2023,"education_score",NA
"37135012103","tract",2023,"education_score",131.89
"37135012201","tract",2023,"education_score",118.52
"37135012202","tract",2023,"education_score",125.8
"37137950101","tract",2023,"education_score",84.38
"37137950103","tract",2023,"education_score",88.15
"37137950104","tract",2023,"education_score",83.72
"37137950202","tract",2023,"education_score",106.8
"37137950203","tract",2023,"education_score",108.47
"37137950204","tract",2023,"education_score",110.39
"37137990100","tract",2023,"education_score",NA
"37139960100","tract",2023,"education_score",102.3
"37139960200","tract",2023,"education_score",92.41
"37139960300","tract",2023,"education_score",73.91
"37139960400","tract",2023,"education_score",96.92
"37139960501","tract",2023,"education_score",85.33
"37139960502","tract",2023,"education_score",100.89
"37139960503","tract",2023,"education_score",85.95
"37139960600","tract",2023,"education_score",100.91
"37139960701","tract",2023,"education_score",106.73
"37139960702","tract",2023,"education_score",104.83
"37141920104","tract",2023,"education_score",NA
"37141920105","tract",2023,"education_score",86.93
"37141920106","tract",2023,"education_score",NA
"37141920201","tract",2023,"education_score",103.18
"37141920202","tract",2023,"education_score",118.6
"37141920203","tract",2023,"education_score",98.89
"37141920204","tract",2023,"education_score",NA
"37141920300","tract",2023,"education_score",93.13
"37141920401","tract",2023,"education_score",91.1
"37141920402","tract",2023,"education_score",72.77
"37141920403","tract",2023,"education_score",NA
"37141920501","tract",2023,"education_score",86.32
"37141920502","tract",2023,"education_score",NA
"37141920601","tract",2023,"education_score",68.58
"37141920602","tract",2023,"education_score",86.9
"37141990100","tract",2023,"education_score",NA
"37143920101","tract",2023,"education_score",91.05
"37143920102","tract",2023,"education_score",NA
"37143920201","tract",2023,"education_score",82.05
"37143920202","tract",2023,"education_score",NA
"37145920100","tract",2023,"education_score",92.2
"37145920200","tract",2023,"education_score",111.03
"37145920300","tract",2023,"education_score",92.09
"37145920400","tract",2023,"education_score",101.52
"37145920500","tract",2023,"education_score",103.23
"37145920601","tract",2023,"education_score",93.47
"37145920602","tract",2023,"education_score",99
"37147000101","tract",2023,"education_score",98.83
"37147000102","tract",2023,"education_score",81.73
"37147000201","tract",2023,"education_score",106.09
"37147000202","tract",2023,"education_score",106.01
"37147000301","tract",2023,"education_score",108.85
"37147000303","tract",2023,"education_score",108.16
"37147000304","tract",2023,"education_score",115.06
"37147000400","tract",2023,"education_score",NA
"37147000501","tract",2023,"education_score",118.55
"37147000503","tract",2023,"education_score",110.16
"37147000504","tract",2023,"education_score",111.76
"37147000602","tract",2023,"education_score",109.15
"37147000604","tract",2023,"education_score",109.36
"37147000605","tract",2023,"education_score",101.65
"37147000606","tract",2023,"education_score",107.7
"37147000607","tract",2023,"education_score",106.66
"37147000701","tract",2023,"education_score",85.95
"37147000702","tract",2023,"education_score",76.49
"37147000800","tract",2023,"education_score",70.37
"37147000901","tract",2023,"education_score",81.26
"37147000902","tract",2023,"education_score",86.98
"37147001001","tract",2023,"education_score",105.43
"37147001002","tract",2023,"education_score",101.82
"37147001003","tract",2023,"education_score",107.85
"37147001100","tract",2023,"education_score",102.44
"37147001200","tract",2023,"education_score",85.79
"37147001301","tract",2023,"education_score",108.95
"37147001302","tract",2023,"education_score",96.63
"37147001304","tract",2023,"education_score",106.46
"37147001305","tract",2023,"education_score",111.09
"37147001402","tract",2023,"education_score",88.11
"37147001403","tract",2023,"education_score",85.8
"37147001404","tract",2023,"education_score",84.21
"37147001500","tract",2023,"education_score",87.77
"37147001601","tract",2023,"education_score",103.4
"37147001602","tract",2023,"education_score",102.76
"37147001700","tract",2023,"education_score",101.69
"37147001800","tract",2023,"education_score",88.23
"37147001900","tract",2023,"education_score",91.15
"37147002002","tract",2023,"education_score",91.82
"37147002003","tract",2023,"education_score",93.08
"37147002004","tract",2023,"education_score",71.85
"37149920101","tract",2023,"education_score",NA
"37149920103","tract",2023,"education_score",NA
"37149920104","tract",2023,"education_score",99.78
"37149920201","tract",2023,"education_score",103.09
"37149920202","tract",2023,"education_score",73.65
"37149920301","tract",2023,"education_score",NA
"37149920303","tract",2023,"education_score",105.62
"37149920304","tract",2023,"education_score",109.02
"37151030100","tract",2023,"education_score",76.14
"37151030201","tract",2023,"education_score",78.76
"37151030202","tract",2023,"education_score",83.67
"37151030301","tract",2023,"education_score",88.22
"37151030302","tract",2023,"education_score",NA
"37151030400","tract",2023,"education_score",63.62
"37151030502","tract",2023,"education_score",NA
"37151030503","tract",2023,"education_score",91.92
"37151030504","tract",2023,"education_score",65.11
"37151030600","tract",2023,"education_score",98.08
"37151030700","tract",2023,"education_score",71.23
"37151030803","tract",2023,"education_score",77.45
"37151030804","tract",2023,"education_score",NA
"37151030805","tract",2023,"education_score",NA
"37151030806","tract",2023,"education_score",NA
"37151030900","tract",2023,"education_score",97.75
"37151031001","tract",2023,"education_score",81.52
"37151031002","tract",2023,"education_score",74.73
"37151031101","tract",2023,"education_score",NA
"37151031102","tract",2023,"education_score",81.01
"37151031200","tract",2023,"education_score",79.82
"37151031303","tract",2023,"education_score",NA
"37151031304","tract",2023,"education_score",81.95
"37151031305","tract",2023,"education_score",79.89
"37151031307","tract",2023,"education_score",95
"37151031308","tract",2023,"education_score",NA
"37151031401","tract",2023,"education_score",81.02
"37151031402","tract",2023,"education_score",NA
"37151031501","tract",2023,"education_score",92.47
"37151031503","tract",2023,"education_score",92.75
"37151031504","tract",2023,"education_score",84.48
"37151031505","tract",2023,"education_score",94.78
"37151031601","tract",2023,"education_score",77.35
"37151031602","tract",2023,"education_score",NA
"37153970100","tract",2023,"education_score",NA
"37153970200","tract",2023,"education_score",87.02
"37153970300","tract",2023,"education_score",79.73
"37153970400","tract",2023,"education_score",99.3
"37153970500","tract",2023,"education_score",83.05
"37153970600","tract",2023,"education_score",NA
"37153970700","tract",2023,"education_score",68.63
"37153970800","tract",2023,"education_score",92.8
"37153970900","tract",2023,"education_score",84.88
"37153971000","tract",2023,"education_score",73.81
"37153971100","tract",2023,"education_score",NA
"37155960101","tract",2023,"education_score",63.64
"37155960102","tract",2023,"education_score",64.12
"37155960202","tract",2023,"education_score",67.94
"37155960203","tract",2023,"education_score",81.99
"37155960204","tract",2023,"education_score",79.35
"37155960301","tract",2023,"education_score",88.05
"37155960302","tract",2023,"education_score",72.37
"37155960402","tract",2023,"education_score",76.9
"37155960403","tract",2023,"education_score",73.73
"37155960404","tract",2023,"education_score",95.83
"37155960501","tract",2023,"education_score",86.65
"37155960502","tract",2023,"education_score",NA
"37155960503","tract",2023,"education_score",86.98
"37155960601","tract",2023,"education_score",79.59
"37155960602","tract",2023,"education_score",82.7
"37155960701","tract",2023,"education_score",81.34
"37155960702","tract",2023,"education_score",77.59
"37155960801","tract",2023,"education_score",68.72
"37155960802","tract",2023,"education_score",82.31
"37155960900","tract",2023,"education_score",88.5
"37155961000","tract",2023,"education_score",87.46
"37155961100","tract",2023,"education_score",46.01
"37155961200","tract",2023,"education_score",83.23
"37155961301","tract",2023,"education_score",95.72
"37155961302","tract",2023,"education_score",82.5
"37155961400","tract",2023,"education_score",79.23
"37155961500","tract",2023,"education_score",77.6
"37155961601","tract",2023,"education_score",77.74
"37155961602","tract",2023,"education_score",78.19
"37155961700","tract",2023,"education_score",82.08
"37155961801","tract",2023,"education_score",77.78
"37155961802","tract",2023,"education_score",79.66
"37155961900","tract",2023,"education_score",77.26
"37155962001","tract",2023,"education_score",81.92
"37155962002","tract",2023,"education_score",76.4
"37157040101","tract",2023,"education_score",91
"37157040102","tract",2023,"education_score",NA
"37157040200","tract",2023,"education_score",NA
"37157040300","tract",2023,"education_score",94.57
"37157040400","tract",2023,"education_score",NA
"37157040501","tract",2023,"education_score",85.65
"37157040502","tract",2023,"education_score",NA
"37157040601","tract",2023,"education_score",NA
"37157040602","tract",2023,"education_score",79.74
"37157040700","tract",2023,"education_score",NA
"37157040800","tract",2023,"education_score",96.99
"37157040900","tract",2023,"education_score",76.96
"37157041001","tract",2023,"education_score",99.63
"37157041002","tract",2023,"education_score",87.7
"37157041100","tract",2023,"education_score",89.89
"37157041200","tract",2023,"education_score",61.95
"37157041300","tract",2023,"education_score",81.3
"37157041400","tract",2023,"education_score",NA
"37157041501","tract",2023,"education_score",84.73
"37157041502","tract",2023,"education_score",85.98
"37157041601","tract",2023,"education_score",87.73
"37157041602","tract",2023,"education_score",100.24
"37159050201","tract",2023,"education_score",96.73
"37159050202","tract",2023,"education_score",97.73
"37159050300","tract",2023,"education_score",93.88
"37159050400","tract",2023,"education_score",92.5
"37159050500","tract",2023,"education_score",117.46
"37159050700","tract",2023,"education_score",84.48
"37159050800","tract",2023,"education_score",82.19
"37159050901","tract",2023,"education_score",103.3
"37159050903","tract",2023,"education_score",100.04
"37159050904","tract",2023,"education_score",86.08
"37159051001","tract",2023,"education_score",96.87
"37159051002","tract",2023,"education_score",105.71
"37159051101","tract",2023,"education_score",93.93
"37159051102","tract",2023,"education_score",105.71
"37159051201","tract",2023,"education_score",80.42
"37159051202","tract",2023,"education_score",94.57
"37159051204","tract",2023,"education_score",96.77
"37159051301","tract",2023,"education_score",85.25
"37159051302","tract",2023,"education_score",88.78
"37159051303","tract",2023,"education_score",92.02
"37159051400","tract",2023,"education_score",70.45
"37159051501","tract",2023,"education_score",87.23
"37159051502","tract",2023,"education_score",81.27
"37159051600","tract",2023,"education_score",100.67
"37159051700","tract",2023,"education_score",91.79
"37159051801","tract",2023,"education_score",87.19
"37159051802","tract",2023,"education_score",103.62
"37159051901","tract",2023,"education_score",107.41
"37159051903","tract",2023,"education_score",103.4
"37159051904","tract",2023,"education_score",87.36
"37159052000","tract",2023,"education_score",80.36
"37161960101","tract",2023,"education_score",98.81
"37161960102","tract",2023,"education_score",84.89
"37161960103","tract",2023,"education_score",80.57
"37161960201","tract",2023,"education_score",85.4
"37161960202","tract",2023,"education_score",92.52
"37161960203","tract",2023,"education_score",105.67
"37161960301","tract",2023,"education_score",111.64
"37161960302","tract",2023,"education_score",113.38
"37161960400","tract",2023,"education_score",93.88
"37161960501","tract",2023,"education_score",102.27
"37161960502","tract",2023,"education_score",87.61
"37161960503","tract",2023,"education_score",113.73
"37161960600","tract",2023,"education_score",86.8
"37161960700","tract",2023,"education_score",94.69
"37161960800","tract",2023,"education_score",86.66
"37161960900","tract",2023,"education_score",91.45
"37161961001","tract",2023,"education_score",89.79
"37161961002","tract",2023,"education_score",85.17
"37161961102","tract",2023,"education_score",88.58
"37161961103","tract",2023,"education_score",87.04
"37161961104","tract",2023,"education_score",65.28
"37161961200","tract",2023,"education_score",88.58
"37163970101","tract",2023,"education_score",79.44
"37163970102","tract",2023,"education_score",72.22
"37163970201","tract",2023,"education_score",96.22
"37163970202","tract",2023,"education_score",87.8
"37163970302","tract",2023,"education_score",81.57
"37163970303","tract",2023,"education_score",70.49
"37163970304","tract",2023,"education_score",95
"37163970401","tract",2023,"education_score",94.11
"37163970402","tract",2023,"education_score",92.31
"37163970501","tract",2023,"education_score",98.97
"37163970502","tract",2023,"education_score",84.27
"37163970600","tract",2023,"education_score",87.33
"37163970701","tract",2023,"education_score",91.24
"37163970702","tract",2023,"education_score",84.61
"37163970801","tract",2023,"education_score",97.02
"37163970802","tract",2023,"education_score",69.56
"37163970900","tract",2023,"education_score",101.31
"37163971001","tract",2023,"education_score",72.29
"37163971002","tract",2023,"education_score",88.64
"37163971003","tract",2023,"education_score",74.29
"37165010101","tract",2023,"education_score",101.03
"37165010102","tract",2023,"education_score",89.59
"37165010200","tract",2023,"education_score",72.74
"37165010300","tract",2023,"education_score",73.95
"37165010400","tract",2023,"education_score",NA
"37165010501","tract",2023,"education_score",NA
"37165010502","tract",2023,"education_score",NA
"37165010601","tract",2023,"education_score",91.49
"37165010602","tract",2023,"education_score",NA
"37167930101","tract",2023,"education_score",93.01
"37167930102","tract",2023,"education_score",91.01
"37167930200","tract",2023,"education_score",83.92
"37167930300","tract",2023,"education_score",92.01
"37167930500","tract",2023,"education_score",84.15
"37167930700","tract",2023,"education_score",106.49
"37167930801","tract",2023,"education_score",97.32
"37167930802","tract",2023,"education_score",82.78
"37167930901","tract",2023,"education_score",91.66
"37167930902","tract",2023,"education_score",102.27
"37167931001","tract",2023,"education_score",88.77
"37167931002","tract",2023,"education_score",93.49
"37167931101","tract",2023,"education_score",96.21
"37167931102","tract",2023,"education_score",86.17
"37167931202","tract",2023,"education_score",94.36
"37167931203","tract",2023,"education_score",88.48
"37167931204","tract",2023,"education_score",100.89
"37169070101","tract",2023,"education_score",88.16
"37169070102","tract",2023,"education_score",101.01
"37169070200","tract",2023,"education_score",92.56
"37169070301","tract",2023,"education_score",NA
"37169070302","tract",2023,"education_score",89.6
"37169070400","tract",2023,"education_score",92.86
"37169070503","tract",2023,"education_score",98.2
"37169070504","tract",2023,"education_score",NA
"37169070505","tract",2023,"education_score",NA
"37169070506","tract",2023,"education_score",98.14
"37169070600","tract",2023,"education_score",101.45
"37169070701","tract",2023,"education_score",81.38
"37169070702","tract",2023,"education_score",86.01
"37171930101","tract",2023,"education_score",89.2
"37171930102","tract",2023,"education_score",90.68
"37171930201","tract",2023,"education_score",74.06
"37171930202","tract",2023,"education_score",87.4
"37171930301","tract",2023,"education_score",102.62
"37171930302","tract",2023,"education_score",105.34
"37171930400","tract",2023,"education_score",72.3
"37171930501","tract",2023,"education_score",106.07
"37171930502","tract",2023,"education_score",78.13
"37171930600","tract",2023,"education_score",75.5
"37171930700","tract",2023,"education_score",95.53
"37171930802","tract",2023,"education_score",83.12
"37171930803","tract",2023,"education_score",90.91
"37171930804","tract",2023,"education_score",89.47
"37171930901","tract",2023,"education_score",79.24
"37171930902","tract",2023,"education_score",95.21
"37171931001","tract",2023,"education_score",87.66
"37171931002","tract",2023,"education_score",67.82
"37171931003","tract",2023,"education_score",57.13
"37171931101","tract",2023,"education_score",74.66
"37171931102","tract",2023,"education_score",97.6
"37171931103","tract",2023,"education_score",95.56
"37171931200","tract",2023,"education_score",105.08
"37173940100","tract",2023,"education_score",85.92
"37173960200","tract",2023,"education_score",88.36
"37173960301","tract",2023,"education_score",94.81
"37173960302","tract",2023,"education_score",99.8
"37173980200","tract",2023,"education_score",NA
"37175960100","tract",2023,"education_score",103.97
"37175960201","tract",2023,"education_score",110.76
"37175960202","tract",2023,"education_score",101.38
"37175960301","tract",2023,"education_score",101.69
"37175960302","tract",2023,"education_score",108.48
"37175960401","tract",2023,"education_score",110.7
"37175960403","tract",2023,"education_score",118.34
"37175960404","tract",2023,"education_score",109.67
"37175960501","tract",2023,"education_score",92.54
"37175960502","tract",2023,"education_score",92.03
"37175960601","tract",2023,"education_score",100.14
"37175960602","tract",2023,"education_score",95.75
"37177960100","tract",2023,"education_score",76.88
"37179020100","tract",2023,"education_score",95.85
"37179020203","tract",2023,"education_score",NA
"37179020204","tract",2023,"education_score",106.09
"37179020205","tract",2023,"education_score",97.38
"37179020206","tract",2023,"education_score",96.35
"37179020305","tract",2023,"education_score",104.91
"37179020307","tract",2023,"education_score",97.06
"37179020308","tract",2023,"education_score",NA
"37179020309","tract",2023,"education_score",NA
"37179020310","tract",2023,"education_score",NA
"37179020312","tract",2023,"education_score",NA
"37179020313","tract",2023,"education_score",105.33
"37179020314","tract",2023,"education_score",NA
"37179020315","tract",2023,"education_score",114.96
"37179020316","tract",2023,"education_score",108.07
"37179020317","tract",2023,"education_score",NA
"37179020318","tract",2023,"education_score",102.89
"37179020319","tract",2023,"education_score",101.79
"37179020320","tract",2023,"education_score",NA
"37179020321","tract",2023,"education_score",78.35
"37179020401","tract",2023,"education_score",NA
"37179020403","tract",2023,"education_score",87.02
"37179020405","tract",2023,"education_score",86.08
"37179020406","tract",2023,"education_score",35.03
"37179020501","tract",2023,"education_score",90.57
"37179020502","tract",2023,"education_score",93.83
"37179020601","tract",2023,"education_score",72.46
"37179020602","tract",2023,"education_score",82.28
"37179020701","tract",2023,"education_score",74.85
"37179020702","tract",2023,"education_score",73.72
"37179020800","tract",2023,"education_score",87.34
"37179020901","tract",2023,"education_score",NA
"37179020902","tract",2023,"education_score",93.87
"37179021004","tract",2023,"education_score",NA
"37179021005","tract",2023,"education_score",91.51
"37179021006","tract",2023,"education_score",120.96
"37179021007","tract",2023,"education_score",119.73
"37179021009","tract",2023,"education_score",118.89
"37179021012","tract",2023,"education_score",112.9
"37179021013","tract",2023,"education_score",109.83
"37179021014","tract",2023,"education_score",98.98
"37179021015","tract",2023,"education_score",NA
"37179021016","tract",2023,"education_score",119.05
"37179021017","tract",2023,"education_score",115.14
"37179021018","tract",2023,"education_score",115.3
"37179021019","tract",2023,"education_score",124.73
"37179021020","tract",2023,"education_score",118.89
"37179021021","tract",2023,"education_score",113.66
"37181960100","tract",2023,"education_score",102.46
"37181960200","tract",2023,"education_score",95.73
"37181960300","tract",2023,"education_score",103.72
"37181960400","tract",2023,"education_score",97.94
"37181960500","tract",2023,"education_score",NA
"37181960600","tract",2023,"education_score",69.77
"37181960700","tract",2023,"education_score",66.89
"37181960800","tract",2023,"education_score",64.57
"37181960901","tract",2023,"education_score",76.05
"37181960902","tract",2023,"education_score",NA
"37181960903","tract",2023,"education_score",80.96
"37181961000","tract",2023,"education_score",85.36
"37183050100","tract",2023,"education_score",124.7
"37183050300","tract",2023,"education_score",134.53
"37183050400","tract",2023,"education_score",126.01
"37183050500","tract",2023,"education_score",118.87
"37183050600","tract",2023,"education_score",113.32
"37183050700","tract",2023,"education_score",96.95
"37183050800","tract",2023,"education_score",NA
"37183050900","tract",2023,"education_score",100.56
"37183051000","tract",2023,"education_score",124.55
"37183051101","tract",2023,"education_score",NA
"37183051102","tract",2023,"education_score",NA
"37183051200","tract",2023,"education_score",124.44
"37183051400","tract",2023,"education_score",119.68
"37183051501","tract",2023,"education_score",130.25
"37183051502","tract",2023,"education_score",129.65
"37183051600","tract",2023,"education_score",135.61
"37183051700","tract",2023,"education_score",134.64
"37183051800","tract",2023,"education_score",130.96
"37183051900","tract",2023,"education_score",96.08
"37183052001","tract",2023,"education_score",96.67
"37183052002","tract",2023,"education_score",101.89
"37183052101","tract",2023,"education_score",70.34
"37183052102","tract",2023,"education_score",88.65
"37183052303","tract",2023,"education_score",122.01
"37183052304","tract",2023,"education_score",113.01
"37183052305","tract",2023,"education_score",111.1
"37183052306","tract",2023,"education_score",124.87
"37183052307","tract",2023,"education_score",118.34
"37183052401","tract",2023,"education_score",120.9
"37183052404","tract",2023,"education_score",112.35
"37183052407","tract",2023,"education_score",118.14
"37183052408","tract",2023,"education_score",105.73
"37183052409","tract",2023,"education_score",90.25
"37183052410","tract",2023,"education_score",95.62
"37183052411","tract",2023,"education_score",102.09
"37183052504","tract",2023,"education_score",127.33
"37183052505","tract",2023,"education_score",115.19
"37183052506","tract",2023,"education_score",111.59
"37183052507","tract",2023,"education_score",117.82
"37183052508","tract",2023,"education_score",123.01
"37183052509","tract",2023,"education_score",123
"37183052601","tract",2023,"education_score",127.89
"37183052602","tract",2023,"education_score",130.73
"37183052603","tract",2023,"education_score",135.06
"37183052701","tract",2023,"education_score",87.21
"37183052704","tract",2023,"education_score",70.28
"37183052705","tract",2023,"education_score",94.08
"37183052706","tract",2023,"education_score",91.16
"37183052707","tract",2023,"education_score",93.2
"37183052801","tract",2023,"education_score",111.51
"37183052802","tract",2023,"education_score",100.52
"37183052807","tract",2023,"education_score",104.83
"37183052809","tract",2023,"education_score",91.91
"37183052810","tract",2023,"education_score",96.48
"37183052811","tract",2023,"education_score",90.06
"37183052812","tract",2023,"education_score",124.44
"37183052813","tract",2023,"education_score",122.71
"37183052814","tract",2023,"education_score",113.15
"37183052815","tract",2023,"education_score",98.78
"37183052816","tract",2023,"education_score",96.35
"37183052901","tract",2023,"education_score",105.86
"37183052902","tract",2023,"education_score",98.58
"37183052903","tract",2023,"education_score",115.66
"37183052905","tract",2023,"education_score",118.52
"37183052906","tract",2023,"education_score",97.37
"37183053003","tract",2023,"education_score",119.33
"37183053004","tract",2023,"education_score",125.29
"37183053005","tract",2023,"education_score",135.42
"37183053006","tract",2023,"education_score",130.8
"37183053007","tract",2023,"education_score",134.1
"37183053009","tract",2023,"education_score",121.29
"37183053010","tract",2023,"education_score",120.08
"37183053011","tract",2023,"education_score",113.22
"37183053105","tract",2023,"education_score",113.33
"37183053106","tract",2023,"education_score",108.13
"37183053109","tract",2023,"education_score",112.22
"37183053110","tract",2023,"education_score",118.88
"37183053111","tract",2023,"education_score",125.55
"37183053112","tract",2023,"education_score",106.75
"37183053113","tract",2023,"education_score",108.81
"37183053114","tract",2023,"education_score",103.64
"37183053115","tract",2023,"education_score",102.01
"37183053202","tract",2023,"education_score",107.69
"37183053203","tract",2023,"education_score",122.16
"37183053204","tract",2023,"education_score",112.29
"37183053205","tract",2023,"education_score",125.95
"37183053206","tract",2023,"education_score",111.49
"37183053208","tract",2023,"education_score",125.25
"37183053209","tract",2023,"education_score",118.16
"37183053210","tract",2023,"education_score",120.09
"37183053211","tract",2023,"education_score",125.36
"37183053405","tract",2023,"education_score",119.19
"37183053408","tract",2023,"education_score",123.85
"37183053409","tract",2023,"education_score",126.46
"37183053410","tract",2023,"education_score",135.64
"37183053411","tract",2023,"education_score",122.92
"37183053415","tract",2023,"education_score",126.67
"37183053417","tract",2023,"education_score",120.26
"37183053419","tract",2023,"education_score",118.39
"37183053421","tract",2023,"education_score",122.65
"37183053422","tract",2023,"education_score",127.91
"37183053423","tract",2023,"education_score",130.77
"37183053424","tract",2023,"education_score",124.45
"37183053425","tract",2023,"education_score",133.38
"37183053426","tract",2023,"education_score",123.69
"37183053427","tract",2023,"education_score",124.19
"37183053428","tract",2023,"education_score",121.77
"37183053429","tract",2023,"education_score",124.68
"37183053430","tract",2023,"education_score",120.94
"37183053431","tract",2023,"education_score",108.56
"37183053432","tract",2023,"education_score",117.58
"37183053433","tract",2023,"education_score",118.95
"37183053434","tract",2023,"education_score",116.22
"37183053435","tract",2023,"education_score",130.23
"37183053436","tract",2023,"education_score",112.37
"37183053505","tract",2023,"education_score",116.26
"37183053506","tract",2023,"education_score",119.26
"37183053507","tract",2023,"education_score",109.16
"37183053509","tract",2023,"education_score",134.22
"37183053512","tract",2023,"education_score",129.86
"37183053513","tract",2023,"education_score",100.01
"37183053516","tract",2023,"education_score",107.43
"37183053517","tract",2023,"education_score",71.73
"37183053518","tract",2023,"education_score",115.39
"37183053519","tract",2023,"education_score",111.9
"37183053520","tract",2023,"education_score",116.87
"37183053521","tract",2023,"education_score",121.08
"37183053522","tract",2023,"education_score",135.38
"37183053523","tract",2023,"education_score",129.64
"37183053524","tract",2023,"education_score",120.51
"37183053525","tract",2023,"education_score",119.72
"37183053603","tract",2023,"education_score",124.61
"37183053604","tract",2023,"education_score",120.48
"37183053608","tract",2023,"education_score",131.63
"37183053609","tract",2023,"education_score",121.97
"37183053611","tract",2023,"education_score",118.05
"37183053612","tract",2023,"education_score",131.81
"37183053613","tract",2023,"education_score",123.43
"37183053614","tract",2023,"education_score",127.05
"37183053615","tract",2023,"education_score",130.64
"37183053616","tract",2023,"education_score",127.25
"37183053617","tract",2023,"education_score",123.8
"37183053618","tract",2023,"education_score",142.11
"37183053619","tract",2023,"education_score",135.3
"37183053620","tract",2023,"education_score",122.92
"37183053711","tract",2023,"education_score",122.23
"37183053712","tract",2023,"education_score",125.43
"37183053713","tract",2023,"education_score",113.21
"37183053714","tract",2023,"education_score",120.37
"37183053715","tract",2023,"education_score",125.04
"37183053716","tract",2023,"education_score",110.83
"37183053717","tract",2023,"education_score",122.51
"37183053718","tract",2023,"education_score",119.81
"37183053719","tract",2023,"education_score",123.93
"37183053720","tract",2023,"education_score",131.48
"37183053721","tract",2023,"education_score",130.98
"37183053722","tract",2023,"education_score",137.62
"37183053723","tract",2023,"education_score",101.65
"37183053724","tract",2023,"education_score",126.72
"37183053725","tract",2023,"education_score",128.13
"37183053726","tract",2023,"education_score",112.72
"37183053727","tract",2023,"education_score",117.47
"37183053728","tract",2023,"education_score",99.41
"37183053729","tract",2023,"education_score",125.49
"37183053730","tract",2023,"education_score",113.9
"37183053803","tract",2023,"education_score",136.54
"37183053804","tract",2023,"education_score",128.67
"37183053805","tract",2023,"education_score",128.06
"37183053806","tract",2023,"education_score",126.48
"37183053807","tract",2023,"education_score",119.15
"37183053808","tract",2023,"education_score",132.2
"37183053901","tract",2023,"education_score",123.63
"37183053902","tract",2023,"education_score",129.14
"37183054001","tract",2023,"education_score",113.76
"37183054004","tract",2023,"education_score",116.4
"37183054006","tract",2023,"education_score",106.44
"37183054007","tract",2023,"education_score",118.31
"37183054008","tract",2023,"education_score",99.97
"37183054011","tract",2023,"education_score",126.44
"37183054012","tract",2023,"education_score",130.2
"37183054015","tract",2023,"education_score",109.17
"37183054016","tract",2023,"education_score",119.56
"37183054017","tract",2023,"education_score",105.53
"37183054018","tract",2023,"education_score",109.62
"37183054019","tract",2023,"education_score",127.98
"37183054020","tract",2023,"education_score",119.77
"37183054021","tract",2023,"education_score",131.6
"37183054022","tract",2023,"education_score",93.49
"37183054023","tract",2023,"education_score",105.08
"37183054106","tract",2023,"education_score",81.03
"37183054108","tract",2023,"education_score",85.72
"37183054109","tract",2023,"education_score",107.29
"37183054111","tract",2023,"education_score",95.67
"37183054112","tract",2023,"education_score",104.29
"37183054113","tract",2023,"education_score",99.8
"37183054114","tract",2023,"education_score",114.7
"37183054115","tract",2023,"education_score",108
"37183054116","tract",2023,"education_score",102.7
"37183054117","tract",2023,"education_score",106.75
"37183054118","tract",2023,"education_score",114.12
"37183054119","tract",2023,"education_score",103.99
"37183054120","tract",2023,"education_score",122.57
"37183054121","tract",2023,"education_score",110.46
"37183054203","tract",2023,"education_score",121.87
"37183054204","tract",2023,"education_score",117.52
"37183054206","tract",2023,"education_score",122.43
"37183054212","tract",2023,"education_score",114.58
"37183054213","tract",2023,"education_score",119.58
"37183054214","tract",2023,"education_score",103
"37183054215","tract",2023,"education_score",115.68
"37183054216","tract",2023,"education_score",125.39
"37183054217","tract",2023,"education_score",121.25
"37183054218","tract",2023,"education_score",112.3
"37183054219","tract",2023,"education_score",125.64
"37183054220","tract",2023,"education_score",102.91
"37183054221","tract",2023,"education_score",120.26
"37183054222","tract",2023,"education_score",128.62
"37183054223","tract",2023,"education_score",113.46
"37183054224","tract",2023,"education_score",103.51
"37183054303","tract",2023,"education_score",84.55
"37183054304","tract",2023,"education_score",110.8
"37183054305","tract",2023,"education_score",97.59
"37183054306","tract",2023,"education_score",49.97
"37183054402","tract",2023,"education_score",102.23
"37183054403","tract",2023,"education_score",89
"37183054404","tract",2023,"education_score",101.18
"37183054501","tract",2023,"education_score",107.15
"37183054502","tract",2023,"education_score",66.53
"37183980100","tract",2023,"education_score",NA
"37183980200","tract",2023,"education_score",NA
"37185950101","tract",2023,"education_score",117.62
"37185950102","tract",2023,"education_score",98.74
"37185950103","tract",2023,"education_score",74.37
"37185950201","tract",2023,"education_score",92.01
"37185950202","tract",2023,"education_score",77.07
"37185950300","tract",2023,"education_score",94.28
"37185950400","tract",2023,"education_score",79.68
"37187950100","tract",2023,"education_score",85.13
"37187950201","tract",2023,"education_score",104.85
"37187950202","tract",2023,"education_score",NA
"37187950300","tract",2023,"education_score",NA
"37189920100","tract",2023,"education_score",104.18
"37189920200","tract",2023,"education_score",99
"37189920300","tract",2023,"education_score",116.05
"37189920400","tract",2023,"education_score",103.29
"37189920500","tract",2023,"education_score",NA
"37189920601","tract",2023,"education_score",101.69
"37189920602","tract",2023,"education_score",116.3
"37189920701","tract",2023,"education_score",95.85
"37189920702","tract",2023,"education_score",115.62
"37189920703","tract",2023,"education_score",107.87
"37189920800","tract",2023,"education_score",110.09
"37189920900","tract",2023,"education_score",103.91
"37189921000","tract",2023,"education_score",107.97
"37191000102","tract",2023,"education_score",101.46
"37191000103","tract",2023,"education_score",94.74
"37191000104","tract",2023,"education_score",97.19
"37191000200","tract",2023,"education_score",85.76
"37191000302","tract",2023,"education_score",96.55
"37191000303","tract",2023,"education_score",108.99
"37191000304","tract",2023,"education_score",89.83
"37191000401","tract",2023,"education_score",103.11
"37191000402","tract",2023,"education_score",88.48
"37191000500","tract",2023,"education_score",109.14
"37191000601","tract",2023,"education_score",59
"37191000603","tract",2023,"education_score",46.44
"37191000604","tract",2023,"education_score",39.24
"37191000700","tract",2023,"education_score",70.81
"37191000800","tract",2023,"education_score",73.84
"37191000901","tract",2023,"education_score",88.06
"37191000902","tract",2023,"education_score",84.86
"37191001000","tract",2023,"education_score",90.02
"37191001102","tract",2023,"education_score",98.75
"37191001103","tract",2023,"education_score",82.91
"37191001104","tract",2023,"education_score",100.56
"37191001200","tract",2023,"education_score",97.26
"37191001301","tract",2023,"education_score",99.15
"37191001302","tract",2023,"education_score",106.37
"37191001401","tract",2023,"education_score",84.46
"37191001402","tract",2023,"education_score",83.88
"37191001500","tract",2023,"education_score",98.37
"37191001800","tract",2023,"education_score",57.73
"37191001900","tract",2023,"education_score",83.74
"37191002000","tract",2023,"education_score",77.08
"37193960101","tract",2023,"education_score",94.94
"37193960102","tract",2023,"education_score",86.29
"37193960200","tract",2023,"education_score",76.46
"37193960300","tract",2023,"education_score",88.83
"37193960401","tract",2023,"education_score",84.06
"37193960402","tract",2023,"education_score",87.16
"37193960500","tract",2023,"education_score",70.01
"37193960600","tract",2023,"education_score",88.73
"37193960700","tract",2023,"education_score",75.1
"37193960801","tract",2023,"education_score",87.6
"37193960802","tract",2023,"education_score",84.15
"37193960901","tract",2023,"education_score",99.15
"37193960902","tract",2023,"education_score",75.45
"37193961001","tract",2023,"education_score",92.88
"37193961002","tract",2023,"education_score",91.89
"37193961100","tract",2023,"education_score",85.68
"37193961201","tract",2023,"education_score",84.59
"37193961202","tract",2023,"education_score",78.45
"37195000100","tract",2023,"education_score",57.52
"37195000200","tract",2023,"education_score",66.43
"37195000300","tract",2023,"education_score",68.33
"37195000401","tract",2023,"education_score",81.31
"37195000402","tract",2023,"education_score",95.09
"37195000501","tract",2023,"education_score",107.64
"37195000502","tract",2023,"education_score",108.21
"37195000601","tract",2023,"education_score",95.07
"37195000602","tract",2023,"education_score",100.18
"37195000701","tract",2023,"education_score",66.93
"37195000702","tract",2023,"education_score",59.39
"37195000801","tract",2023,"education_score",62.4
"37195000802","tract",2023,"education_score",84.26
"37195000900","tract",2023,"education_score",89.17
"37195001000","tract",2023,"education_score",91.53
"37195001100","tract",2023,"education_score",102.83
"37195001200","tract",2023,"education_score",74.59
"37195001301","tract",2023,"education_score",93.26
"37195001302","tract",2023,"education_score",94.82
"37195001401","tract",2023,"education_score",111.09
"37195001402","tract",2023,"education_score",99.48
"37195001501","tract",2023,"education_score",88.26
"37195001502","tract",2023,"education_score",104.25
"37195001600","tract",2023,"education_score",97.11
"37195001700","tract",2023,"education_score",72.9
"37197050101","tract",2023,"education_score",102.6
"37197050102","tract",2023,"education_score",88.92
"37197050200","tract",2023,"education_score",98.3
"37197050300","tract",2023,"education_score",89.26
"37197050401","tract",2023,"education_score",56.78
"37197050402","tract",2023,"education_score",NA
"37197050502","tract",2023,"education_score",101
"37197050503","tract",2023,"education_score",80.6
"37197050504","tract",2023,"education_score",93.36
"37199960101","tract",2023,"education_score",89.28
"37199960102","tract",2023,"education_score",95.78
"37199960200","tract",2023,"education_score",99.52
"37199960300","tract",2023,"education_score",86.11
"37199960400","tract",2023,"education_score",97.91
"37001020100","tract",2023,"education_rnk",60.6267
"37001020200","tract",2023,"education_rnk",4.7585
"37001020301","tract",2023,"education_rnk",6.3983
"37001020302","tract",2023,"education_rnk",4.4872
"37001020400","tract",2023,"education_rnk",13.8251
"37001020501","tract",2023,"education_rnk",34.2381
"37001020502","tract",2023,"education_rnk",12.3224
"37001020601","tract",2023,"education_rnk",91.0348
"37001020602","tract",2023,"education_rnk",53.0654
"37001020701","tract",2023,"education_rnk",65.4958
"37001020702","tract",2023,"education_rnk",53.1906
"37001020801","tract",2023,"education_rnk",28.2021
"37001020802","tract",2023,"education_rnk",14.3677
"37001020901","tract",2023,"education_rnk",42.1444
"37001020902","tract",2023,"education_rnk",52.6703
"37001021000","tract",2023,"education_rnk",25.593
"37001021101","tract",2023,"education_rnk",58.1361
"37001021102","tract",2023,"education_rnk",41.8415
"37001021201","tract",2023,"education_rnk",15.9429
"37001021204","tract",2023,"education_rnk",49.3777
"37001021205","tract",2023,"education_rnk",55.9933
"37001021206","tract",2023,"education_rnk",54.0769
"37001021207","tract",2023,"education_rnk",74.4518
"37001021300","tract",2023,"education_rnk",49.653
"37001021400","tract",2023,"education_rnk",52.0065
"37001021500","tract",2023,"education_rnk",54.3364
"37001021600","tract",2023,"education_rnk",42.7292
"37001021701","tract",2023,"education_rnk",74.7336
"37001021702","tract",2023,"education_rnk",64.1682
"37001021703","tract",2023,"education_rnk",72.9029
"37001021801","tract",2023,"education_rnk",53.2986
"37001021802","tract",2023,"education_rnk",40.1886
"37001021803","tract",2023,"education_rnk",24.9542
"37001021901","tract",2023,"education_rnk",57.0469
"37001021902","tract",2023,"education_rnk",20.9675
"37001022001","tract",2023,"education_rnk",53.6094
"37001022002","tract",2023,"education_rnk",16.3736
"37003040100","tract",2023,"education_rnk",NA
"37003040200","tract",2023,"education_rnk",30.4859
"37003040300","tract",2023,"education_rnk",7.8444
"37003040400","tract",2023,"education_rnk",14.7365
"37003040500","tract",2023,"education_rnk",20.3801
"37003040600","tract",2023,"education_rnk",17.3338
"37003040700","tract",2023,"education_rnk",38.2723
"37005950100","tract",2023,"education_rnk",27.2156
"37005950200","tract",2023,"education_rnk",19.1579
"37005950300","tract",2023,"education_rnk",27.1959
"37007920100","tract",2023,"education_rnk",26.5571
"37007920200","tract",2023,"education_rnk",12.7609
"37007920301","tract",2023,"education_rnk",14.9775
"37007920302","tract",2023,"education_rnk",NA
"37007920400","tract",2023,"education_rnk",26.8916
"37007920501","tract",2023,"education_rnk",6.7934
"37007920502","tract",2023,"education_rnk",26.1923
"37007920600","tract",2023,"education_rnk",12.0576
"37007980000","tract",2023,"education_rnk",NA
"37009970200","tract",2023,"education_rnk",14.9775
"37009970300","tract",2023,"education_rnk",30.4977
"37009970400","tract",2023,"education_rnk",21.2454
"37009970501","tract",2023,"education_rnk",62.0412
"37009970502","tract",2023,"education_rnk",19.6307
"37009970701","tract",2023,"education_rnk",57.5158
"37009970702","tract",2023,"education_rnk",33.4585
"37009970801","tract",2023,"education_rnk",48.4847
"37009970802","tract",2023,"education_rnk",38.5726
"37011930100","tract",2023,"education_rnk",28.6828
"37011930200","tract",2023,"education_rnk",79.3249
"37011930301","tract",2023,"education_rnk",24.9384
"37011930302","tract",2023,"education_rnk",33.1674
"37011930400","tract",2023,"education_rnk",NA
"37013930101","tract",2023,"education_rnk",26.8324
"37013930102","tract",2023,"education_rnk",19.9191
"37013930200","tract",2023,"education_rnk",65.023
"37013930300","tract",2023,"education_rnk",44.8826
"37013930400","tract",2023,"education_rnk",23.9612
"37013930501","tract",2023,"education_rnk",13.4116
"37013930502","tract",2023,"education_rnk",25.4903
"37013930600","tract",2023,"education_rnk",62.6576
"37013930700","tract",2023,"education_rnk",48.5032
"37013930800","tract",2023,"education_rnk",22.5111
"37013930900","tract",2023,"education_rnk",36.6642
"37013931001","tract",2023,"education_rnk",22.0672
"37013931002","tract",2023,"education_rnk",22.5111
"37015960100","tract",2023,"education_rnk",42.1866
"37015960200","tract",2023,"education_rnk",14.1241
"37015960300","tract",2023,"education_rnk",15.1856
"37015960401","tract",2023,"education_rnk",31.018
"37015960402","tract",2023,"education_rnk",NA
"37017950101","tract",2023,"education_rnk",33.5098
"37017950102","tract",2023,"education_rnk",NA
"37017950200","tract",2023,"education_rnk",NA
"37017950301","tract",2023,"education_rnk",12.8439
"37017950302","tract",2023,"education_rnk",28.2956
"37017950401","tract",2023,"education_rnk",39.0349
"37017950402","tract",2023,"education_rnk",41.0197
"37017950501","tract",2023,"education_rnk",NA
"37017950502","tract",2023,"education_rnk",25.6259
"37017950601","tract",2023,"education_rnk",26.8324
"37017950602","tract",2023,"education_rnk",34.1433
"37019020101","tract",2023,"education_rnk",20.7713
"37019020102","tract",2023,"education_rnk",53.583
"37019020105","tract",2023,"education_rnk",65.1415
"37019020106","tract",2023,"education_rnk",56.9863
"37019020107","tract",2023,"education_rnk",45.1315
"37019020108","tract",2023,"education_rnk",41.8415
"37019020201","tract",2023,"education_rnk",45.5424
"37019020203","tract",2023,"education_rnk",46.201
"37019020204","tract",2023,"education_rnk",41.4846
"37019020205","tract",2023,"education_rnk",75.2947
"37019020206","tract",2023,"education_rnk",54.3364
"37019020304","tract",2023,"education_rnk",78.0974
"37019020305","tract",2023,"education_rnk",73.2625
"37019020306","tract",2023,"education_rnk",92.3914
"37019020307","tract",2023,"education_rnk",98.7765
"37019020308","tract",2023,"education_rnk",67.8718
"37019020311","tract",2023,"education_rnk",59.9233
"37019020312","tract",2023,"education_rnk",48.5032
"37019020313","tract",2023,"education_rnk",79.4131
"37019020314","tract",2023,"education_rnk",92.1253
"37019020315","tract",2023,"education_rnk",61.0534
"37019020316","tract",2023,"education_rnk",90.1524
"37019020404","tract",2023,"education_rnk",32.2507
"37019020405","tract",2023,"education_rnk",19.4924
"37019020406","tract",2023,"education_rnk",70.2622
"37019020407","tract",2023,"education_rnk",38.6397
"37019020408","tract",2023,"education_rnk",8.7268
"37019020409","tract",2023,"education_rnk",29.6008
"37019020504","tract",2023,"education_rnk",81.2451
"37019020505","tract",2023,"education_rnk",28.6275
"37019020508","tract",2023,"education_rnk",86.2737
"37019020510","tract",2023,"education_rnk",62.5996
"37019020511","tract",2023,"education_rnk",37.0185
"37019020512","tract",2023,"education_rnk",88.967
"37019020513","tract",2023,"education_rnk",57.3103
"37019020514","tract",2023,"education_rnk",66.5732
"37019020515","tract",2023,"education_rnk",81.012
"37019020516","tract",2023,"education_rnk",74.1001
"37019020517","tract",2023,"education_rnk",50.6816
"37019020518","tract",2023,"education_rnk",74.9272
"37019020601","tract",2023,"education_rnk",30.0381
"37019020602","tract",2023,"education_rnk",31.1457
"37019020603","tract",2023,"education_rnk",32.3851
"37019990100","tract",2023,"education_rnk",NA
"37021000100","tract",2023,"education_rnk",NA
"37021000200","tract",2023,"education_rnk",70.4071
"37021000300","tract",2023,"education_rnk",60.595
"37021000400","tract",2023,"education_rnk",58.0716
"37021000500","tract",2023,"education_rnk",92.7615
"37021000600","tract",2023,"education_rnk",76.0467
"37021000700","tract",2023,"education_rnk",86.3487
"37021000800","tract",2023,"education_rnk",88.1294
"37021000900","tract",2023,"education_rnk",61.5051
"37021001000","tract",2023,"education_rnk",57.766
"37021001100","tract",2023,"education_rnk",81.1529
"37021001200","tract",2023,"education_rnk",75.4093
"37021001300","tract",2023,"education_rnk",70.4519
"37021001401","tract",2023,"education_rnk",14.9459
"37021001402","tract",2023,"education_rnk",35.3379
"37021001500","tract",2023,"education_rnk",58.7591
"37021001601","tract",2023,"education_rnk",84.2151
"37021001602","tract",2023,"education_rnk",70.6244
"37021001700","tract",2023,"education_rnk",68.3275
"37021001801","tract",2023,"education_rnk",53.2986
"37021001802","tract",2023,"education_rnk",89.0671
"37021001900","tract",2023,"education_rnk",79.8017
"37021002000","tract",2023,"education_rnk",36.2414
"37021002101","tract",2023,"education_rnk",63.0988
"37021002102","tract",2023,"education_rnk",39.9002
"37021002203","tract",2023,"education_rnk",22.1529
"37021002204","tract",2023,"education_rnk",81.4414
"37021002205","tract",2023,"education_rnk",73.2822
"37021002206","tract",2023,"education_rnk",82.0683
"37021002303","tract",2023,"education_rnk",55.3584
"37021002304","tract",2023,"education_rnk",68.5105
"37021002305","tract",2023,"education_rnk",75.8479
"37021002306","tract",2023,"education_rnk",54.8487
"37021002401","tract",2023,"education_rnk",24.0086
"37021002402","tract",2023,"education_rnk",39.5446
"37021002503","tract",2023,"education_rnk",45.2514
"37021002504","tract",2023,"education_rnk",42.4315
"37021002505","tract",2023,"education_rnk",74.1805
"37021002506","tract",2023,"education_rnk",20.7462
"37021002603","tract",2023,"education_rnk",31.6725
"37021002604","tract",2023,"education_rnk",36.6115
"37021002606","tract",2023,"education_rnk",34.5648
"37021002607","tract",2023,"education_rnk",77.0701
"37021002608","tract",2023,"education_rnk",64.425
"37021002609","tract",2023,"education_rnk",3.9196
"37021002701","tract",2023,"education_rnk",69.7394
"37021002702","tract",2023,"education_rnk",78.8955
"37021002704","tract",2023,"education_rnk",52.9614
"37021002705","tract",2023,"education_rnk",77.2979
"37021002803","tract",2023,"education_rnk",17.7197
"37021002804","tract",2023,"education_rnk",53.126
"37021002900","tract",2023,"education_rnk",36.842
"37021003002","tract",2023,"education_rnk",23.5726
"37021003003","tract",2023,"education_rnk",45.8124
"37021003004","tract",2023,"education_rnk",68.122
"37021003103","tract",2023,"education_rnk",52.2489
"37021003105","tract",2023,"education_rnk",38.4093
"37021003106","tract",2023,"education_rnk",59.5427
"37021003107","tract",2023,"education_rnk",74.8969
"37021003108","tract",2023,"education_rnk",NA
"37021003201","tract",2023,"education_rnk",87.2101
"37021003202","tract",2023,"education_rnk",78.7362
"37021003203","tract",2023,"education_rnk",44.1529
"37021003204","tract",2023,"education_rnk",72.251
"37021003205","tract",2023,"education_rnk",19.2264
"37023020100","tract",2023,"education_rnk",24.7777
"37023020202","tract",2023,"education_rnk",35.0626
"37023020203","tract",2023,"education_rnk",64.6279
"37023020204","tract",2023,"education_rnk",48.9167
"37023020301","tract",2023,"education_rnk",17.5234
"37023020303","tract",2023,"education_rnk",37.7086
"37023020304","tract",2023,"education_rnk",25.7405
"37023020500","tract",2023,"education_rnk",19.1421
"37023020600","tract",2023,"education_rnk",4.0499
"37023020801","tract",2023,"education_rnk",44.7838
"37023020802","tract",2023,"education_rnk",44.8036
"37023020901","tract",2023,"education_rnk",50.8515
"37023020902","tract",2023,"education_rnk",46.525
"37023021000","tract",2023,"education_rnk",29.3071
"37023021100","tract",2023,"education_rnk",21.1585
"37023021201","tract",2023,"education_rnk",50.2114
"37023021202","tract",2023,"education_rnk",16.2604
"37023021203","tract",2023,"education_rnk",18.7825
"37023021301","tract",2023,"education_rnk",4.3674
"37023021302","tract",2023,"education_rnk",41.1961
"37023021400","tract",2023,"education_rnk",18.2214
"37025040501","tract",2023,"education_rnk",64.9598
"37025040502","tract",2023,"education_rnk",50.6816
"37025040600","tract",2023,"education_rnk",58.7169
"37025040701","tract",2023,"education_rnk",18.502
"37025040703","tract",2023,"education_rnk",28.3654
"37025040704","tract",2023,"education_rnk",30.6268
"37025040705","tract",2023,"education_rnk",32.9382
"37025040800","tract",2023,"education_rnk",36.568
"37025040900","tract",2023,"education_rnk",48.9167
"37025041001","tract",2023,"education_rnk",36.9526
"37025041002","tract",2023,"education_rnk",29.9327
"37025041100","tract",2023,"education_rnk",25.6615
"37025041201","tract",2023,"education_rnk",50.3378
"37025041202","tract",2023,"education_rnk",61.6632
"37025041301","tract",2023,"education_rnk",70.39
"37025041304","tract",2023,"education_rnk",77.0437
"37025041305","tract",2023,"education_rnk",91.7118
"37025041306","tract",2023,"education_rnk",82.117
"37025041307","tract",2023,"education_rnk",86.6148
"37025041503","tract",2023,"education_rnk",78.0658
"37025041504","tract",2023,"education_rnk",71.2118
"37025041505","tract",2023,"education_rnk",75.2367
"37025041506","tract",2023,"education_rnk",66.5534
"37025041507","tract",2023,"education_rnk",68.122
"37025041602","tract",2023,"education_rnk",26.2739
"37025041603","tract",2023,"education_rnk",69.0123
"37025041604","tract",2023,"education_rnk",58.684
"37025041701","tract",2023,"education_rnk",46.9188
"37025041702","tract",2023,"education_rnk",35.0086
"37025041901","tract",2023,"education_rnk",9.9859
"37025041902","tract",2023,"education_rnk",19.5872
"37025042000","tract",2023,"education_rnk",27.4843
"37025042101","tract",2023,"education_rnk",7.365
"37025042102","tract",2023,"education_rnk",31.2853
"37025042201","tract",2023,"education_rnk",64.2683
"37025042202","tract",2023,"education_rnk",44.4387
"37025042300","tract",2023,"education_rnk",33.9379
"37025042401","tract",2023,"education_rnk",58.842
"37025042402","tract",2023,"education_rnk",11.9391
"37025042501","tract",2023,"education_rnk",65.6604
"37025042502","tract",2023,"education_rnk",43.1046
"37025042503","tract",2023,"education_rnk",74.2845
"37025042504","tract",2023,"education_rnk",88.6562
"37025042601","tract",2023,"education_rnk",72.6777
"37025042602","tract",2023,"education_rnk",63.8943
"37025042603","tract",2023,"education_rnk",67.4727
"37025042604","tract",2023,"education_rnk",49.4238
"37027030100","tract",2023,"education_rnk",17.044
"37027030200","tract",2023,"education_rnk",8.3449
"37027030300","tract",2023,"education_rnk",NA
"37027030400","tract",2023,"education_rnk",21.8341
"37027030500","tract",2023,"education_rnk",32.2744
"37027030600","tract",2023,"education_rnk",29.3071
"37027030700","tract",2023,"education_rnk",NA
"37027030801","tract",2023,"education_rnk",27.9716
"37027030802","tract",2023,"education_rnk",NA
"37027030900","tract",2023,"education_rnk",21.9922
"37027031000","tract",2023,"education_rnk",27.1748
"37027031100","tract",2023,"education_rnk",NA
"37027031201","tract",2023,"education_rnk",7.365
"37027031202","tract",2023,"education_rnk",19.931
"37027031301","tract",2023,"education_rnk",NA
"37027031302","tract",2023,"education_rnk",24.3326
"37027031401","tract",2023,"education_rnk",17.6327
"37027031402","tract",2023,"education_rnk",25.0925
"37027031403","tract",2023,"education_rnk",13.1495
"37029950101","tract",2023,"education_rnk",44.012
"37029950102","tract",2023,"education_rnk",38.512
"37031970101","tract",2023,"education_rnk",58.4548
"37031970102","tract",2023,"education_rnk",NA
"37031970103","tract",2023,"education_rnk",61.2509
"37031970200","tract",2023,"education_rnk",58.6432
"37031970301","tract",2023,"education_rnk",29.5547
"37031970304","tract",2023,"education_rnk",48.7152
"37031970305","tract",2023,"education_rnk",NA
"37031970401","tract",2023,"education_rnk",20.7462
"37031970402","tract",2023,"education_rnk",39.7909
"37031970403","tract",2023,"education_rnk",30.1158
"37031970501","tract",2023,"education_rnk",44.7838
"37031970502","tract",2023,"education_rnk",NA
"37031970503","tract",2023,"education_rnk",NA
"37031970504","tract",2023,"education_rnk",NA
"37031970601","tract",2023,"education_rnk",NA
"37031970602","tract",2023,"education_rnk",NA
"37031970603","tract",2023,"education_rnk",NA
"37031970606","tract",2023,"education_rnk",NA
"37031970701","tract",2023,"education_rnk",39.0731
"37031970702","tract",2023,"education_rnk",28.721
"37031970703","tract",2023,"education_rnk",34.2158
"37031970704","tract",2023,"education_rnk",NA
"37031970801","tract",2023,"education_rnk",NA
"37031970804","tract",2023,"education_rnk",61.7119
"37031970805","tract",2023,"education_rnk",NA
"37031970806","tract",2023,"education_rnk",59.9708
"37031970903","tract",2023,"education_rnk",NA
"37031970904","tract",2023,"education_rnk",NA
"37031971003","tract",2023,"education_rnk",NA
"37031971103","tract",2023,"education_rnk",NA
"37031980100","tract",2023,"education_rnk",NA
"37031990100","tract",2023,"education_rnk",NA
"37031990200","tract",2023,"education_rnk",NA
"37033930100","tract",2023,"education_rnk",NA
"37033930200","tract",2023,"education_rnk",21.3126
"37033930300","tract",2023,"education_rnk",7.9076
"37033930400","tract",2023,"education_rnk",NA
"37033930500","tract",2023,"education_rnk",9.7027
"37033930600","tract",2023,"education_rnk",42.446
"37035010101","tract",2023,"education_rnk",29.34
"37035010102","tract",2023,"education_rnk",46.1193
"37035010201","tract",2023,"education_rnk",20.1957
"37035010203","tract",2023,"education_rnk",33.3873
"37035010204","tract",2023,"education_rnk",15.8099
"37035010301","tract",2023,"education_rnk",42.8003
"37035010302","tract",2023,"education_rnk",69.5115
"37035010303","tract",2023,"education_rnk",33.6771
"37035010304","tract",2023,"education_rnk",12.3961
"37035010402","tract",2023,"education_rnk",24.8015
"37035010403","tract",2023,"education_rnk",44.4005
"37035010404","tract",2023,"education_rnk",54.2692
"37035010501","tract",2023,"education_rnk",78.8744
"37035010502","tract",2023,"education_rnk",71.2737
"37035010600","tract",2023,"education_rnk",57.8174
"37035010700","tract",2023,"education_rnk",20.3103
"37035010900","tract",2023,"education_rnk",9.5605
"37035011000","tract",2023,"education_rnk",15.0434
"37035011101","tract",2023,"education_rnk",31.2076
"37035011102","tract",2023,"education_rnk",48.9971
"37035011200","tract",2023,"education_rnk",50.0876
"37035011300","tract",2023,"education_rnk",10.7419
"37035011401","tract",2023,"education_rnk",14.0898
"37035011402","tract",2023,"education_rnk",26.5808
"37035011501","tract",2023,"education_rnk",43.6656
"37035011503","tract",2023,"education_rnk",70.1266
"37035011505","tract",2023,"education_rnk",56.4687
"37035011506","tract",2023,"education_rnk",89.1053
"37035011601","tract",2023,"education_rnk",25.7669
"37035011602","tract",2023,"education_rnk",32.6748
"37035011701","tract",2023,"education_rnk",35.3761
"37035011702","tract",2023,"education_rnk",40.51
"37035011801","tract",2023,"education_rnk",47.6431
"37035011802","tract",2023,"education_rnk",15.9983
"37037020103","tract",2023,"education_rnk",80.3324
"37037020104","tract",2023,"education_rnk",98.0745
"37037020105","tract",2023,"education_rnk",88.6206
"37037020107","tract",2023,"education_rnk",82.0209
"37037020108","tract",2023,"education_rnk",88.377
"37037020201","tract",2023,"education_rnk",35.2865
"37037020202","tract",2023,"education_rnk",80.829
"37037020203","tract",2023,"education_rnk",53.3249
"37037020300","tract",2023,"education_rnk",41.1566
"37037020401","tract",2023,"education_rnk",5.9017
"37037020402","tract",2023,"education_rnk",1.5699
"37037020500","tract",2023,"education_rnk",22.6323
"37037020600","tract",2023,"education_rnk",38.6937
"37037020702","tract",2023,"education_rnk",64.8504
"37037020703","tract",2023,"education_rnk",99.3323
"37037020704","tract",2023,"education_rnk",89.1593
"37037020801","tract",2023,"education_rnk",43.5076
"37037020802","tract",2023,"education_rnk",78.4464
"37037020803","tract",2023,"education_rnk",91.3219
"37039930101","tract",2023,"education_rnk",17.8593
"37039930102","tract",2023,"education_rnk",59.8035
"37039930200","tract",2023,"education_rnk",23.8927
"37039930300","tract",2023,"education_rnk",40.5837
"37039930401","tract",2023,"education_rnk",69.6498
"37039930402","tract",2023,"education_rnk",28.5432
"37039930501","tract",2023,"education_rnk",68.8938
"37039930502","tract",2023,"education_rnk",60.6569
"37039930603","tract",2023,"education_rnk",31.7608
"37039930604","tract",2023,"education_rnk",18.9722
"37039930605","tract",2023,"education_rnk",67.4964
"37039930606","tract",2023,"education_rnk",42.0865
"37041930101","tract",2023,"education_rnk",48.8456
"37041930102","tract",2023,"education_rnk",NA
"37041930201","tract",2023,"education_rnk",30.3094
"37041930202","tract",2023,"education_rnk",23.3619
"37043950101","tract",2023,"education_rnk",62.9091
"37043950102","tract",2023,"education_rnk",32.3508
"37043950201","tract",2023,"education_rnk",57.8174
"37043950202","tract",2023,"education_rnk",23.6648
"37045950101","tract",2023,"education_rnk",25.8406
"37045950102","tract",2023,"education_rnk",19.3936
"37045950200","tract",2023,"education_rnk",12.6648
"37045950301","tract",2023,"education_rnk",33.3162
"37045950302","tract",2023,"education_rnk",NA
"37045950400","tract",2023,"education_rnk",14.8827
"37045950500","tract",2023,"education_rnk",27.1959
"37045950601","tract",2023,"education_rnk",14.8169
"37045950603","tract",2023,"education_rnk",NA
"37045950604","tract",2023,"education_rnk",9.7633
"37045950701","tract",2023,"education_rnk",25.867
"37045950702","tract",2023,"education_rnk",19.1671
"37045950800","tract",2023,"education_rnk",NA
"37045950900","tract",2023,"education_rnk",NA
"37045951000","tract",2023,"education_rnk",53.6963
"37045951100","tract",2023,"education_rnk",35.1943
"37045951200","tract",2023,"education_rnk",31.5197
"37045951300","tract",2023,"education_rnk",51.6667
"37045951400","tract",2023,"education_rnk",32.6551
"37045951501","tract",2023,"education_rnk",52.9614
"37045951502","tract",2023,"education_rnk",NA
"37045951503","tract",2023,"education_rnk",NA
"37045951601","tract",2023,"education_rnk",NA
"37045951602","tract",2023,"education_rnk",27.7016
"37047930100","tract",2023,"education_rnk",30.9758
"37047930200","tract",2023,"education_rnk",19.1026
"37047930300","tract",2023,"education_rnk",36.1953
"37047930400","tract",2023,"education_rnk",19.931
"37047930500","tract",2023,"education_rnk",25.4547
"37047930600","tract",2023,"education_rnk",17.3456
"37047930700","tract",2023,"education_rnk",13.6328
"37047930800","tract",2023,"education_rnk",63.5308
"37047930900","tract",2023,"education_rnk",40.7023
"37047931000","tract",2023,"education_rnk",16.4658
"37047931100","tract",2023,"education_rnk",24.4577
"37047931201","tract",2023,"education_rnk",12.35
"37047931202","tract",2023,"education_rnk",32.0914
"37047931301","tract",2023,"education_rnk",7.9102
"37047931302","tract",2023,"education_rnk",35.2865
"37049960101","tract",2023,"education_rnk",78.0026
"37049960102","tract",2023,"education_rnk",22.5783
"37049960201","tract",2023,"education_rnk",28.4615
"37049960202","tract",2023,"education_rnk",18.502
"37049960301","tract",2023,"education_rnk",39.4234
"37049960302","tract",2023,"education_rnk",49.9756
"37049960401","tract",2023,"education_rnk",28.8448
"37049960402","tract",2023,"education_rnk",43.5247
"37049960403","tract",2023,"education_rnk",67.0802
"37049960404","tract",2023,"education_rnk",48.648
"37049960501","tract",2023,"education_rnk",36.3375
"37049960502","tract",2023,"education_rnk",20.3603
"37049960600","tract",2023,"education_rnk",33.822
"37049960700","tract",2023,"education_rnk",63.9483
"37049960800","tract",2023,"education_rnk",28.9765
"37049960900","tract",2023,"education_rnk",19.8098
"37049961002","tract",2023,"education_rnk",66.0727
"37049961003","tract",2023,"education_rnk",78.2001
"37049961004","tract",2023,"education_rnk",56.4463
"37049961101","tract",2023,"education_rnk",64.7912
"37049961102","tract",2023,"education_rnk",34.059
"37049961201","tract",2023,"education_rnk",53.8162
"37049961202","tract",2023,"education_rnk",NA
"37049961301","tract",2023,"education_rnk",38.0919
"37049961302","tract",2023,"education_rnk",49.354
"37049961303","tract",2023,"education_rnk",39.4431
"37051000200","tract",2023,"education_rnk",17.21
"37051000500","tract",2023,"education_rnk",13.4774
"37051000600","tract",2023,"education_rnk",51.107
"37051000701","tract",2023,"education_rnk",74.2569
"37051000702","tract",2023,"education_rnk",83.0772
"37051000800","tract",2023,"education_rnk",54.2231
"37051000900","tract",2023,"education_rnk",70.3057
"37051001000","tract",2023,"education_rnk",39.5643
"37051001100","tract",2023,"education_rnk",24.8396
"37051001200","tract",2023,"education_rnk",43.9501
"37051001401","tract",2023,"education_rnk",18.9142
"37051001402","tract",2023,"education_rnk",23.5726
"37051001500","tract",2023,"education_rnk",36.1953
"37051001603","tract",2023,"education_rnk",19.6847
"37051001604","tract",2023,"education_rnk",28.8633
"37051001605","tract",2023,"education_rnk",42.9202
"37051001606","tract",2023,"education_rnk",38.8676
"37051001701","tract",2023,"education_rnk",9.1996
"37051001702","tract",2023,"education_rnk",28.9028
"37051001800","tract",2023,"education_rnk",13.3944
"37051001901","tract",2023,"education_rnk",33.4822
"37051001902","tract",2023,"education_rnk",26.615
"37051001903","tract",2023,"education_rnk",22.4637
"37051002001","tract",2023,"education_rnk",45.79
"37051002002","tract",2023,"education_rnk",34.7979
"37051002100","tract",2023,"education_rnk",50.0691
"37051002200","tract",2023,"education_rnk",67.8296
"37051002301","tract",2023,"education_rnk",55.5152
"37051002302","tract",2023,"education_rnk",37.2107
"37051002401","tract",2023,"education_rnk",20.176
"37051002402","tract",2023,"education_rnk",50.2114
"37051002501","tract",2023,"education_rnk",46.3669
"37051002503","tract",2023,"education_rnk",58.5036
"37051002504","tract",2023,"education_rnk",56.7203
"37051002505","tract",2023,"education_rnk",22.6138
"37051002506","tract",2023,"education_rnk",70.2333
"37051002600","tract",2023,"education_rnk",50.7079
"37051002701","tract",2023,"education_rnk",43.4035
"37051002702","tract",2023,"education_rnk",41.2804
"37051002801","tract",2023,"education_rnk",44.3821
"37051002802","tract",2023,"education_rnk",51.2123
"37051002900","tract",2023,"education_rnk",17.6064
"37051003002","tract",2023,"education_rnk",38.5897
"37051003003","tract",2023,"education_rnk",37.299
"37051003004","tract",2023,"education_rnk",39.8633
"37051003102","tract",2023,"education_rnk",54.3891
"37051003103","tract",2023,"education_rnk",39.0072
"37051003105","tract",2023,"education_rnk",30.8928
"37051003106","tract",2023,"education_rnk",32.1454
"37051003203","tract",2023,"education_rnk",46.4604
"37051003205","tract",2023,"education_rnk",54.4892
"37051003206","tract",2023,"education_rnk",52.6295
"37051003207","tract",2023,"education_rnk",64.4066
"37051003208","tract",2023,"education_rnk",42.666
"37051003209","tract",2023,"education_rnk",54.8487
"37051003302","tract",2023,"education_rnk",41.1408
"37051003304","tract",2023,"education_rnk",42.0443
"37051003307","tract",2023,"education_rnk",43.5247
"37051003310","tract",2023,"education_rnk",42.8504
"37051003311","tract",2023,"education_rnk",52.7915
"37051003312","tract",2023,"education_rnk",50.0033
"37051003313","tract",2023,"education_rnk",59.9866
"37051003314","tract",2023,"education_rnk",57.388
"37051003315","tract",2023,"education_rnk",67.9218
"37051003316","tract",2023,"education_rnk",41.7612
"37051003317","tract",2023,"education_rnk",57.5474
"37051003318","tract",2023,"education_rnk",53.4118
"37051003401","tract",2023,"education_rnk",56.2027
"37051003403","tract",2023,"education_rnk",58.7591
"37051003404","tract",2023,"education_rnk",NA
"37051003408","tract",2023,"education_rnk",60.3343
"37051003409","tract",2023,"education_rnk",NA
"37051003410","tract",2023,"education_rnk",NA
"37051003501","tract",2023,"education_rnk",39.16
"37051003502","tract",2023,"education_rnk",61.0033
"37051003601","tract",2023,"education_rnk",31.1273
"37051003602","tract",2023,"education_rnk",24.542
"37051003700","tract",2023,"education_rnk",57.8174
"37051003800","tract",2023,"education_rnk",23.2421
"37051980100","tract",2023,"education_rnk",NA
"37051980200","tract",2023,"education_rnk",NA
"37053110101","tract",2023,"education_rnk",82.9389
"37053110102","tract",2023,"education_rnk",71.6346
"37053110201","tract",2023,"education_rnk",78.4991
"37053110202","tract",2023,"education_rnk",73.0267
"37053110301","tract",2023,"education_rnk",NA
"37053110302","tract",2023,"education_rnk",42.4092
"37053110401","tract",2023,"education_rnk",29.5139
"37053110403","tract",2023,"education_rnk",39.4616
"37053110404","tract",2023,"education_rnk",NA
"37053990100","tract",2023,"education_rnk",NA
"37055970101","tract",2023,"education_rnk",87.2917
"37055970102","tract",2023,"education_rnk",79.7134
"37055970200","tract",2023,"education_rnk",67.8046
"37055970301","tract",2023,"education_rnk",72.7093
"37055970302","tract",2023,"education_rnk",56.9705
"37055970400","tract",2023,"education_rnk",91.4273
"37055970501","tract",2023,"education_rnk",26.4083
"37055970502","tract",2023,"education_rnk",54.0006
"37055970601","tract",2023,"education_rnk",57.0087
"37055970602","tract",2023,"education_rnk",46.5961
"37055990100","tract",2023,"education_rnk",NA
"37055990200","tract",2023,"education_rnk",NA
"37057060101","tract",2023,"education_rnk",NA
"37057060103","tract",2023,"education_rnk",78.341
"37057060104","tract",2023,"education_rnk",74.5585
"37057060201","tract",2023,"education_rnk",57.928
"37057060202","tract",2023,"education_rnk",NA
"37057060203","tract",2023,"education_rnk",47.2849
"37057060301","tract",2023,"education_rnk",76.2798
"37057060302","tract",2023,"education_rnk",69.6498
"37057060303","tract",2023,"education_rnk",NA
"37057060304","tract",2023,"education_rnk",52.3727
"37057060400","tract",2023,"education_rnk",20.0824
"37057060500","tract",2023,"education_rnk",22.8746
"37057060601","tract",2023,"education_rnk",22.3899
"37057060602","tract",2023,"education_rnk",NA
"37057060700","tract",2023,"education_rnk",7.3887
"37057060800","tract",2023,"education_rnk",10.1453
"37057060900","tract",2023,"education_rnk",NA
"37057061000","tract",2023,"education_rnk",41.0671
"37057061101","tract",2023,"education_rnk",36.7946
"37057061102","tract",2023,"education_rnk",38.5449
"37057061202","tract",2023,"education_rnk",NA
"37057061203","tract",2023,"education_rnk",11.4847
"37057061204","tract",2023,"education_rnk",NA
"37057061300","tract",2023,"education_rnk",34.2579
"37057061400","tract",2023,"education_rnk",10.1571
"37057061501","tract",2023,"education_rnk",4.7756
"37057061502","tract",2023,"education_rnk",NA
"37057061600","tract",2023,"education_rnk",10.7656
"37057061701","tract",2023,"education_rnk",44.0924
"37057061703","tract",2023,"education_rnk",49.9282
"37057061704","tract",2023,"education_rnk",NA
"37057061705","tract",2023,"education_rnk",NA
"37057061803","tract",2023,"education_rnk",NA
"37057061805","tract",2023,"education_rnk",32.0229
"37057061806","tract",2023,"education_rnk",NA
"37057061807","tract",2023,"education_rnk",77.7747
"37057061808","tract",2023,"education_rnk",NA
"37057061902","tract",2023,"education_rnk",9.8792
"37057061903","tract",2023,"education_rnk",18.5981
"37057061904","tract",2023,"education_rnk",32.7604
"37057062001","tract",2023,"education_rnk",28.1626
"37057062002","tract",2023,"education_rnk",22.8746
"37059080101","tract",2023,"education_rnk",30.3489
"37059080102","tract",2023,"education_rnk",NA
"37059080200","tract",2023,"education_rnk",57.5158
"37059080301","tract",2023,"education_rnk",NA
"37059080302","tract",2023,"education_rnk",32.4707
"37059080400","tract",2023,"education_rnk",54.53
"37059080500","tract",2023,"education_rnk",26.5571
"37059080600","tract",2023,"education_rnk",37.4557
"37059080701","tract",2023,"education_rnk",NA
"37059080702","tract",2023,"education_rnk",9.3616
"37061090101","tract",2023,"education_rnk",2.6855
"37061090102","tract",2023,"education_rnk",15.6479
"37061090103","tract",2023,"education_rnk",5.2195
"37061090201","tract",2023,"education_rnk",67.6821
"37061090202","tract",2023,"education_rnk",12.6529
"37061090301","tract",2023,"education_rnk",25.6931
"37061090302","tract",2023,"education_rnk",20.5645
"37061090401","tract",2023,"education_rnk",18.9353
"37061090402","tract",2023,"education_rnk",29.6798
"37061090503","tract",2023,"education_rnk",53.583
"37061090504","tract",2023,"education_rnk",42.5277
"37061090505","tract",2023,"education_rnk",15.2133
"37061090506","tract",2023,"education_rnk",22.2938
"37061090600","tract",2023,"education_rnk",10.3573
"37061090703","tract",2023,"education_rnk",28.4615
"37061090704","tract",2023,"education_rnk",34.5885
"37061090705","tract",2023,"education_rnk",16.2867
"37061090706","tract",2023,"education_rnk",14.6443
"37061090801","tract",2023,"education_rnk",6.9251
"37061090803","tract",2023,"education_rnk",35.0771
"37061090804","tract",2023,"education_rnk",15.5465
"37063000101","tract",2023,"education_rnk",71.1776
"37063000102","tract",2023,"education_rnk",32.6551
"37063000200","tract",2023,"education_rnk",34.2158
"37063000301","tract",2023,"education_rnk",75.778
"37063000302","tract",2023,"education_rnk",89.1962
"37063000401","tract",2023,"education_rnk",92.3347
"37063000402","tract",2023,"education_rnk",87.2509
"37063000500","tract",2023,"education_rnk",25.593
"37063000600","tract",2023,"education_rnk",90.5923
"37063000700","tract",2023,"education_rnk",98.2049
"37063000900","tract",2023,"education_rnk",21.4996
"37063001001","tract",2023,"education_rnk",31.6067
"37063001002","tract",2023,"education_rnk",1.944
"37063001100","tract",2023,"education_rnk",12.1037
"37063001301","tract",2023,"education_rnk",22.4966
"37063001303","tract",2023,"education_rnk",NA
"37063001304","tract",2023,"education_rnk",22.2938
"37063001400","tract",2023,"education_rnk",12.4778
"37063001501","tract",2023,"education_rnk",NA
"37063001503","tract",2023,"education_rnk",NA
"37063001504","tract",2023,"education_rnk",42.5817
"37063001505","tract",2023,"education_rnk",34.6438
"37063001601","tract",2023,"education_rnk",65.4352
"37063001603","tract",2023,"education_rnk",78.0539
"37063001604","tract",2023,"education_rnk",74.0777
"37063001705","tract",2023,"education_rnk",51.024
"37063001706","tract",2023,"education_rnk",87.1245
"37063001708","tract",2023,"education_rnk",56.3291
"37063001709","tract",2023,"education_rnk",24.6487
"37063001710","tract",2023,"education_rnk",49.2236
"37063001711","tract",2023,"education_rnk",21.6998
"37063001712","tract",2023,"education_rnk",98.5526
"37063001713","tract",2023,"education_rnk",89.0869
"37063001801","tract",2023,"education_rnk",12.163
"37063001802","tract",2023,"education_rnk",4.4266
"37063001806","tract",2023,"education_rnk",42.8728
"37063001808","tract",2023,"education_rnk",79.1286
"37063001809","tract",2023,"education_rnk",76.2127
"37063001810","tract",2023,"education_rnk",24.5552
"37063001811","tract",2023,"education_rnk",54.8962
"37063001900","tract",2023,"education_rnk",91.7789
"37063002007","tract",2023,"education_rnk",88.481
"37063002008","tract",2023,"education_rnk",97.5766
"37063002009","tract",2023,"education_rnk",14.6944
"37063002013","tract",2023,"education_rnk",86.0735
"37063002015","tract",2023,"education_rnk",58.1111
"37063002019","tract",2023,"education_rnk",95.6748
"37063002020","tract",2023,"education_rnk",98.1838
"37063002021","tract",2023,"education_rnk",88.2716
"37063002022","tract",2023,"education_rnk",87.571
"37063002023","tract",2023,"education_rnk",92.3071
"37063002024","tract",2023,"education_rnk",95.0729
"37063002025","tract",2023,"education_rnk",70.1529
"37063002026","tract",2023,"education_rnk",21.6879
"37063002029","tract",2023,"education_rnk",91.48
"37063002030","tract",2023,"education_rnk",96.7838
"37063002031","tract",2023,"education_rnk",54.0256
"37063002032","tract",2023,"education_rnk",51.6457
"37063002033","tract",2023,"education_rnk",98.978
"37063002034","tract",2023,"education_rnk",82.6623
"37063002035","tract",2023,"education_rnk",91.2732
"37063002036","tract",2023,"education_rnk",82.6965
"37063002037","tract",2023,"education_rnk",92.5916
"37063002038","tract",2023,"education_rnk",89.9943
"37063002100","tract",2023,"education_rnk",64.7912
"37063002200","tract",2023,"education_rnk",95.6392
"37063002300","tract",2023,"education_rnk",71.8835
"37063980100","tract",2023,"education_rnk",NA
"37065020200","tract",2023,"education_rnk",NA
"37065020300","tract",2023,"education_rnk",23.4159
"37065020400","tract",2023,"education_rnk",14.2861
"37065020600","tract",2023,"education_rnk",5.8148
"37065020700","tract",2023,"education_rnk",41.8415
"37065020800","tract",2023,"education_rnk",NA
"37065020900","tract",2023,"education_rnk",10.46
"37065021000","tract",2023,"education_rnk",35.0086
"37065021100","tract",2023,"education_rnk",10.46
"37065021200","tract",2023,"education_rnk",33.2372
"37065021300","tract",2023,"education_rnk",20.413
"37065021400","tract",2023,"education_rnk",14.9209
"37065021500","tract",2023,"education_rnk",15.0803
"37065021600","tract",2023,"education_rnk",NA
"37067000100","tract",2023,"education_rnk",82.0209
"37067000200","tract",2023,"education_rnk",48.5717
"37067000301","tract",2023,"education_rnk",27.7385
"37067000302","tract",2023,"education_rnk",2.21
"37067000400","tract",2023,"education_rnk",11.8614
"37067000500","tract",2023,"education_rnk",9.2879
"37067000600","tract",2023,"education_rnk",12.3961
"37067000700","tract",2023,"education_rnk",14.9209
"37067000801","tract",2023,"education_rnk",NA
"37067000802","tract",2023,"education_rnk",11.6783
"37067000900","tract",2023,"education_rnk",35.4841
"37067001000","tract",2023,"education_rnk",53.0496
"37067001100","tract",2023,"education_rnk",90.076
"37067001200","tract",2023,"education_rnk",85.6599
"37067001300","tract",2023,"education_rnk",NA
"37067001400","tract",2023,"education_rnk",17.6327
"37067001500","tract",2023,"education_rnk",2.9779
"37067001601","tract",2023,"education_rnk",37.0804
"37067001602","tract",2023,"education_rnk",20.3801
"37067001700","tract",2023,"education_rnk",63.27
"37067001800","tract",2023,"education_rnk",13.0046
"37067001901","tract",2023,"education_rnk",4.2659
"37067001902","tract",2023,"education_rnk",47.5865
"37067002001","tract",2023,"education_rnk",11.0606
"37067002002","tract",2023,"education_rnk",11.5348
"37067002100","tract",2023,"education_rnk",78.237
"37067002200","tract",2023,"education_rnk",73.0899
"37067002501","tract",2023,"education_rnk",89.0382
"37067002502","tract",2023,"education_rnk",93.1566
"37067002601","tract",2023,"education_rnk",70.1779
"37067002604","tract",2023,"education_rnk",69.796
"37067002605","tract",2023,"education_rnk",80.8131
"37067002606","tract",2023,"education_rnk",36.4166
"37067002701","tract",2023,"education_rnk",15.7546
"37067002702","tract",2023,"education_rnk",18.1069
"37067002704","tract",2023,"education_rnk",60.4001
"37067002705","tract",2023,"education_rnk",71.0735
"37067002801","tract",2023,"education_rnk",53.4434
"37067002804","tract",2023,"education_rnk",25.2848
"37067002806","tract",2023,"education_rnk",49.9756
"37067002807","tract",2023,"education_rnk",67.6018
"37067002808","tract",2023,"education_rnk",43.6235
"37067002809","tract",2023,"education_rnk",62.867
"37067002901","tract",2023,"education_rnk",31.4829
"37067002903","tract",2023,"education_rnk",22.6138
"37067002904","tract",2023,"education_rnk",20.2971
"37067003002","tract",2023,"education_rnk",31.583
"37067003003","tract",2023,"education_rnk",42.5672
"37067003004","tract",2023,"education_rnk",64.2683
"37067003103","tract",2023,"education_rnk",66.5047
"37067003105","tract",2023,"education_rnk",38.4922
"37067003106","tract",2023,"education_rnk",32.0914
"37067003107","tract",2023,"education_rnk",59.1542
"37067003108","tract",2023,"education_rnk",27.3592
"37067003201","tract",2023,"education_rnk",67.8994
"37067003202","tract",2023,"education_rnk",38.3553
"37067003307","tract",2023,"education_rnk",70.8931
"37067003308","tract",2023,"education_rnk",48.8298
"37067003309","tract",2023,"education_rnk",56.416
"37067003310","tract",2023,"education_rnk",47.6076
"37067003311","tract",2023,"education_rnk",46.3669
"37067003312","tract",2023,"education_rnk",48.0804
"37067003313","tract",2023,"education_rnk",39.2113
"37067003314","tract",2023,"education_rnk",73.8525
"37067003315","tract",2023,"education_rnk",33.2135
"37067003402","tract",2023,"education_rnk",23.8927
"37067003403","tract",2023,"education_rnk",12.2433
"37067003404","tract",2023,"education_rnk",6.5286
"37067003500","tract",2023,"education_rnk",8.7268
"37067003600","tract",2023,"education_rnk",33.1489
"37067003701","tract",2023,"education_rnk",22.7758
"37067003702","tract",2023,"education_rnk",30.2027
"37067003703","tract",2023,"education_rnk",54.5498
"37067003803","tract",2023,"education_rnk",53.7161
"37067003804","tract",2023,"education_rnk",83.2971
"37067003805","tract",2023,"education_rnk",49.9559
"37067003806","tract",2023,"education_rnk",59.1924
"37067003903","tract",2023,"education_rnk",14.3243
"37067003904","tract",2023,"education_rnk",72.2299
"37067003905","tract",2023,"education_rnk",60.5147
"37067003906","tract",2023,"education_rnk",92.3914
"37067003908","tract",2023,"education_rnk",89.5966
"37067003909","tract",2023,"education_rnk",69.0374
"37067004005","tract",2023,"education_rnk",74.8693
"37067004007","tract",2023,"education_rnk",67.9666
"37067004009","tract",2023,"education_rnk",89.3174
"37067004010","tract",2023,"education_rnk",92.7391
"37067004011","tract",2023,"education_rnk",66.6706
"37067004012","tract",2023,"education_rnk",46.3011
"37067004013","tract",2023,"education_rnk",56.416
"37067004014","tract",2023,"education_rnk",71.1605
"37067004015","tract",2023,"education_rnk",75.9414
"37067004102","tract",2023,"education_rnk",52.6493
"37067004103","tract",2023,"education_rnk",85.897
"37067004104","tract",2023,"education_rnk",76.9107
"37069060100","tract",2023,"education_rnk",NA
"37069060200","tract",2023,"education_rnk",25.7471
"37069060301","tract",2023,"education_rnk",16.2327
"37069060302","tract",2023,"education_rnk",34.275
"37069060401","tract",2023,"education_rnk",NA
"37069060403","tract",2023,"education_rnk",36.0794
"37069060404","tract",2023,"education_rnk",25.2506
"37069060501","tract",2023,"education_rnk",52.9074
"37069060502","tract",2023,"education_rnk",62.4258
"37069060601","tract",2023,"education_rnk",NA
"37069060602","tract",2023,"education_rnk",46.4407
"37069060701","tract",2023,"education_rnk",NA
"37069060702","tract",2023,"education_rnk",NA
"37069060703","tract",2023,"education_rnk",NA
"37069060801","tract",2023,"education_rnk",19.8269
"37069060802","tract",2023,"education_rnk",NA
"37071030103","tract",2023,"education_rnk",43.0137
"37071030104","tract",2023,"education_rnk",91.505
"37071030105","tract",2023,"education_rnk",50.5051
"37071030106","tract",2023,"education_rnk",91.3693
"37071030205","tract",2023,"education_rnk",29.2623
"37071030206","tract",2023,"education_rnk",55.714
"37071030207","tract",2023,"education_rnk",18.6455
"37071030208","tract",2023,"education_rnk",54.4892
"37071030209","tract",2023,"education_rnk",57.1615
"37071030301","tract",2023,"education_rnk",23.1657
"37071030302","tract",2023,"education_rnk",16.8188
"37071030401","tract",2023,"education_rnk",27.7227
"37071030403","tract",2023,"education_rnk",14.5429
"37071030404","tract",2023,"education_rnk",21.9013
"37071030501","tract",2023,"education_rnk",33.4822
"37071030503","tract",2023,"education_rnk",13.7882
"37071030504","tract",2023,"education_rnk",40.2426
"37071030601","tract",2023,"education_rnk",31.7766
"37071030602","tract",2023,"education_rnk",39.721
"37071030700","tract",2023,"education_rnk",42.7015
"37071030801","tract",2023,"education_rnk",36.867
"37071030802","tract",2023,"education_rnk",15.5123
"37071030901","tract",2023,"education_rnk",45.8124
"37071030902","tract",2023,"education_rnk",33.8812
"37071031001","tract",2023,"education_rnk",29.5139
"37071031004","tract",2023,"education_rnk",63.7257
"37071031005","tract",2023,"education_rnk",43.6077
"37071031006","tract",2023,"education_rnk",63.7112
"37071031101","tract",2023,"education_rnk",18.4612
"37071031102","tract",2023,"education_rnk",46.7818
"37071031202","tract",2023,"education_rnk",39.3483
"37071031203","tract",2023,"education_rnk",80.0756
"37071031204","tract",2023,"education_rnk",44.9735
"37071031301","tract",2023,"education_rnk",30.8467
"37071031303","tract",2023,"education_rnk",14.7036
"37071031304","tract",2023,"education_rnk",28.5537
"37071031401","tract",2023,"education_rnk",19.2066
"37071031402","tract",2023,"education_rnk",23.7623
"37071031500","tract",2023,"education_rnk",16.0457
"37071031600","tract",2023,"education_rnk",33.1094
"37071031703","tract",2023,"education_rnk",25.0425
"37071031704","tract",2023,"education_rnk",26.5979
"37071031705","tract",2023,"education_rnk",41.4846
"37071031706","tract",2023,"education_rnk",18.9616
"37071031800","tract",2023,"education_rnk",11.9049
"37071031901","tract",2023,"education_rnk",6.5023
"37071031902","tract",2023,"education_rnk",8.8071
"37071032000","tract",2023,"education_rnk",17.829
"37071032100","tract",2023,"education_rnk",31.2853
"37071032201","tract",2023,"education_rnk",61.6513
"37071032202","tract",2023,"education_rnk",36.8828
"37071032301","tract",2023,"education_rnk",56.1697
"37071032302","tract",2023,"education_rnk",10.6879
"37071032403","tract",2023,"education_rnk",56.2027
"37071032404","tract",2023,"education_rnk",80.2982
"37071032405","tract",2023,"education_rnk",87.945
"37071032406","tract",2023,"education_rnk",76.9634
"37071032505","tract",2023,"education_rnk",50.7606
"37071032506","tract",2023,"education_rnk",35.8687
"37071032507","tract",2023,"education_rnk",67.7269
"37071032508","tract",2023,"education_rnk",77.4454
"37071032509","tract",2023,"education_rnk",85.8522
"37071032510","tract",2023,"education_rnk",87.8791
"37071032600","tract",2023,"education_rnk",54.8751
"37071032702","tract",2023,"education_rnk",52.3727
"37071032703","tract",2023,"education_rnk",43.2745
"37071032704","tract",2023,"education_rnk",54.53
"37071032801","tract",2023,"education_rnk",20.9425
"37071032802","tract",2023,"education_rnk",30.7822
"37071032900","tract",2023,"education_rnk",38.2894
"37071033100","tract",2023,"education_rnk",12.0115
"37071033202","tract",2023,"education_rnk",60.2157
"37071033203","tract",2023,"education_rnk",30.7308
"37071033204","tract",2023,"education_rnk",13.8449
"37071033303","tract",2023,"education_rnk",77.182
"37071033306","tract",2023,"education_rnk",68.8688
"37071033308","tract",2023,"education_rnk",43.5524
"37071033309","tract",2023,"education_rnk",31.0943
"37071033310","tract",2023,"education_rnk",13.3826
"37071033311","tract",2023,"education_rnk",33.4822
"37071033312","tract",2023,"education_rnk",64.2038
"37071033313","tract",2023,"education_rnk",89.1053
"37071033400","tract",2023,"education_rnk",7.2372
"37071033501","tract",2023,"education_rnk",56.956
"37071033502","tract",2023,"education_rnk",55.3795
"37073970100","tract",2023,"education_rnk",34.7716
"37073970200","tract",2023,"education_rnk",22.4795
"37073970300","tract",2023,"education_rnk",NA
"37075920100","tract",2023,"education_rnk",NA
"37075920200","tract",2023,"education_rnk",38.0089
"37075920300","tract",2023,"education_rnk",22.8746
"37077970101","tract",2023,"education_rnk",15.021
"37077970102","tract",2023,"education_rnk",NA
"37077970200","tract",2023,"education_rnk",15.1817
"37077970300","tract",2023,"education_rnk",19.7361
"37077970400","tract",2023,"education_rnk",NA
"37077970500","tract",2023,"education_rnk",NA
"37077970601","tract",2023,"education_rnk",38.0418
"37077970604","tract",2023,"education_rnk",38.6397
"37077970605","tract",2023,"education_rnk",NA
"37077970606","tract",2023,"education_rnk",65.318
"37077970607","tract",2023,"education_rnk",45.79
"37077970701","tract",2023,"education_rnk",47.5523
"37077970702","tract",2023,"education_rnk",2.7566
"37077970703","tract",2023,"education_rnk",NA
"37077970704","tract",2023,"education_rnk",NA
"37079950101","tract",2023,"education_rnk",11.1607
"37079950102","tract",2023,"education_rnk",NA
"37079950200","tract",2023,"education_rnk",7.0041
"37079950301","tract",2023,"education_rnk",29.2781
"37079950302","tract",2023,"education_rnk",10.1927
"37081010100","tract",2023,"education_rnk",9.5526
"37081010200","tract",2023,"education_rnk",62.4824
"37081010300","tract",2023,"education_rnk",20.7146
"37081010401","tract",2023,"education_rnk",85.7508
"37081010403","tract",2023,"education_rnk",84.6629
"37081010404","tract",2023,"education_rnk",91.9739
"37081010500","tract",2023,"education_rnk",88.6707
"37081010601","tract",2023,"education_rnk",74.9272
"37081010602","tract",2023,"education_rnk",74.0777
"37081010701","tract",2023,"education_rnk",88.8195
"37081010702","tract",2023,"education_rnk",NA
"37081010800","tract",2023,"education_rnk",72.3787
"37081010900","tract",2023,"education_rnk",62.8327
"37081011000","tract",2023,"education_rnk",NA
"37081011101","tract",2023,"education_rnk",9.8028
"37081011102","tract",2023,"education_rnk",52.6954
"37081011201","tract",2023,"education_rnk",24.4011
"37081011202","tract",2023,"education_rnk",6.3403
"37081011300","tract",2023,"education_rnk",18.5125
"37081011400","tract",2023,"education_rnk",17.6498
"37081011500","tract",2023,"education_rnk",13.646
"37081011601","tract",2023,"education_rnk",5.0522
"37081011602","tract",2023,"education_rnk",8.1473
"37081011904","tract",2023,"education_rnk",29.6667
"37081011905","tract",2023,"education_rnk",29.0661
"37081012503","tract",2023,"education_rnk",83.7554
"37081012504","tract",2023,"education_rnk",48.3833
"37081012505","tract",2023,"education_rnk",93.5583
"37081012508","tract",2023,"education_rnk",74.9272
"37081012509","tract",2023,"education_rnk",82.9626
"37081012510","tract",2023,"education_rnk",84.0175
"37081012511","tract",2023,"education_rnk",98.7909
"37081012604","tract",2023,"education_rnk",7.5059
"37081012607","tract",2023,"education_rnk",49.9282
"37081012608","tract",2023,"education_rnk",14.5535
"37081012610","tract",2023,"education_rnk",16.8188
"37081012611","tract",2023,"education_rnk",25.2848
"37081012612","tract",2023,"education_rnk",24.2641
"37081012617","tract",2023,"education_rnk",29.3071
"37081012618","tract",2023,"education_rnk",22.0554
"37081012619","tract",2023,"education_rnk",45.6662
"37081012620","tract",2023,"education_rnk",19.7848
"37081012621","tract",2023,"education_rnk",15.5254
"37081012703","tract",2023,"education_rnk",29.9643
"37081012704","tract",2023,"education_rnk",7.5691
"37081012705","tract",2023,"education_rnk",21.223
"37081012706","tract",2023,"education_rnk",5.1089
"37081012707","tract",2023,"education_rnk",5.6739
"37081012803","tract",2023,"education_rnk",55.9182
"37081012804","tract",2023,"education_rnk",31.8819
"37081012805","tract",2023,"education_rnk",26.5571
"37081013601","tract",2023,"education_rnk",NA
"37081013602","tract",2023,"education_rnk",21.2349
"37081013700","tract",2023,"education_rnk",62.9486
"37081013800","tract",2023,"education_rnk",7.1621
"37081013900","tract",2023,"education_rnk",4.3581
"37081014000","tract",2023,"education_rnk",6.9896
"37081014200","tract",2023,"education_rnk",3.211
"37081014300","tract",2023,"education_rnk",3.9459
"37081014406","tract",2023,"education_rnk",12.0115
"37081014407","tract",2023,"education_rnk",57.7436
"37081014408","tract",2023,"education_rnk",13.5815
"37081014409","tract",2023,"education_rnk",37.3767
"37081014410","tract",2023,"education_rnk",54.1731
"37081014411","tract",2023,"education_rnk",24.2127
"37081014412","tract",2023,"education_rnk",21.3653
"37081014501","tract",2023,"education_rnk",4.6136
"37081014502","tract",2023,"education_rnk",12.7767
"37081014503","tract",2023,"education_rnk",10.6879
"37081015100","tract",2023,"education_rnk",19.6004
"37081015201","tract",2023,"education_rnk",41.4846
"37081015202","tract",2023,"education_rnk",50.4129
"37081015301","tract",2023,"education_rnk",77.7892
"37081015302","tract",2023,"education_rnk",45.0261
"37081015401","tract",2023,"education_rnk",61.3155
"37081015402","tract",2023,"education_rnk",24.7883
"37081015500","tract",2023,"education_rnk",43.2995
"37081015601","tract",2023,"education_rnk",68.7845
"37081015602","tract",2023,"education_rnk",57.5158
"37081015703","tract",2023,"education_rnk",79.0417
"37081015704","tract",2023,"education_rnk",72.4946
"37081015705","tract",2023,"education_rnk",62.6576
"37081015706","tract",2023,"education_rnk",87.8344
"37081015707","tract",2023,"education_rnk",82.3146
"37081015800","tract",2023,"education_rnk",77.3849
"37081015901","tract",2023,"education_rnk",72.7501
"37081015902","tract",2023,"education_rnk",92.7391
"37081016003","tract",2023,"education_rnk",68.122
"37081016005","tract",2023,"education_rnk",91.8395
"37081016006","tract",2023,"education_rnk",76.5617
"37081016007","tract",2023,"education_rnk",71.6188
"37081016008","tract",2023,"education_rnk",78.7954
"37081016009","tract",2023,"education_rnk",80.7091
"37081016010","tract",2023,"education_rnk",84.8302
"37081016011","tract",2023,"education_rnk",70.9576
"37081016101","tract",2023,"education_rnk",20.5856
"37081016102","tract",2023,"education_rnk",40.8603
"37081016103","tract",2023,"education_rnk",56.8572
"37081016201","tract",2023,"education_rnk",73.0004
"37081016203","tract",2023,"education_rnk",66.7325
"37081016204","tract",2023,"education_rnk",88.1412
"37081016205","tract",2023,"education_rnk",75.2763
"37081016303","tract",2023,"education_rnk",65.1415
"37081016304","tract",2023,"education_rnk",79.0812
"37081016305","tract",2023,"education_rnk",65.2245
"37081016306","tract",2023,"education_rnk",68.0548
"37081016405","tract",2023,"education_rnk",74.6507
"37081016406","tract",2023,"education_rnk",84.1282
"37081016407","tract",2023,"education_rnk",77.3493
"37081016408","tract",2023,"education_rnk",88.4349
"37081016409","tract",2023,"education_rnk",86.5292
"37081016410","tract",2023,"education_rnk",67.8994
"37081016502","tract",2023,"education_rnk",66.9762
"37081016503","tract",2023,"education_rnk",83.3458
"37081016505","tract",2023,"education_rnk",91.8237
"37081016506","tract",2023,"education_rnk",88.3177
"37081016600","tract",2023,"education_rnk",6.5023
"37081016701","tract",2023,"education_rnk",29.1833
"37081016702","tract",2023,"education_rnk",38.0418
"37081016800","tract",2023,"education_rnk",35.5078
"37081016900","tract",2023,"education_rnk",56.5622
"37081017000","tract",2023,"education_rnk",43.7341
"37081017101","tract",2023,"education_rnk",83.7436
"37081017102","tract",2023,"education_rnk",76.7132
"37081017200","tract",2023,"education_rnk",53.7161
"37081980100","tract",2023,"education_rnk",NA
"37083930100","tract",2023,"education_rnk",7.3729
"37083930200","tract",2023,"education_rnk",61.5723
"37083930300","tract",2023,"education_rnk",NA
"37083930400","tract",2023,"education_rnk",7.7416
"37083930501","tract",2023,"education_rnk",32.6353
"37083930503","tract",2023,"education_rnk",18.8286
"37083930504","tract",2023,"education_rnk",10.2625
"37083930600","tract",2023,"education_rnk",38.512
"37083930701","tract",2023,"education_rnk",12.8242
"37083930702","tract",2023,"education_rnk",NA
"37083930800","tract",2023,"education_rnk",5.4776
"37083930901","tract",2023,"education_rnk",NA
"37083930902","tract",2023,"education_rnk",11.9852
"37083931000","tract",2023,"education_rnk",11.6493
"37083931101","tract",2023,"education_rnk",36.2651
"37083931102","tract",2023,"education_rnk",13.7263
"37085070100","tract",2023,"education_rnk",23.4581
"37085070200","tract",2023,"education_rnk",24.7777
"37085070300","tract",2023,"education_rnk",35.5644
"37085070401","tract",2023,"education_rnk",31.4131
"37085070402","tract",2023,"education_rnk",8.2105
"37085070500","tract",2023,"education_rnk",32.9382
"37085070600","tract",2023,"education_rnk",36.5008
"37085070700","tract",2023,"education_rnk",25.1241
"37085070801","tract",2023,"education_rnk",52.7204
"37085070802","tract",2023,"education_rnk",41.9034
"37085070901","tract",2023,"education_rnk",13.941
"37085070902","tract",2023,"education_rnk",8.4147
"37085070903","tract",2023,"education_rnk",24.7646
"37085070904","tract",2023,"education_rnk",33.5638
"37085071002","tract",2023,"education_rnk",36.1084
"37085071003","tract",2023,"education_rnk",49.7056
"37085071004","tract",2023,"education_rnk",68.176
"37085071101","tract",2023,"education_rnk",40.0187
"37085071102","tract",2023,"education_rnk",27.3776
"37085071201","tract",2023,"education_rnk",54.0256
"37085071202","tract",2023,"education_rnk",30.8731
"37085071203","tract",2023,"education_rnk",36.7485
"37085071204","tract",2023,"education_rnk",67.9455
"37085071301","tract",2023,"education_rnk",10.8881
"37085071302","tract",2023,"education_rnk",33.4822
"37085071303","tract",2023,"education_rnk",67.9864
"37085071401","tract",2023,"education_rnk",27.6898
"37085071402","tract",2023,"education_rnk",41.7401
"37087920101","tract",2023,"education_rnk",64.7675
"37087920102","tract",2023,"education_rnk",69.0374
"37087920201","tract",2023,"education_rnk",69.4246
"37087920202","tract",2023,"education_rnk",59.9708
"37087920300","tract",2023,"education_rnk",51.2637
"37087920400","tract",2023,"education_rnk",57.0087
"37087920501","tract",2023,"education_rnk",21.5352
"37087920502","tract",2023,"education_rnk",45.441
"37087920601","tract",2023,"education_rnk",47.7511
"37087920602","tract",2023,"education_rnk",57.9846
"37087920701","tract",2023,"education_rnk",53.4803
"37087920702","tract",2023,"education_rnk",68.3275
"37087920800","tract",2023,"education_rnk",47.09
"37087920900","tract",2023,"education_rnk",49.354
"37087921000","tract",2023,"education_rnk",58.0307
"37087921100","tract",2023,"education_rnk",34.0077
"37087921201","tract",2023,"education_rnk",32.1454
"37087921202","tract",2023,"education_rnk",29.0661
"37087921301","tract",2023,"education_rnk",47.5378
"37087921302","tract",2023,"education_rnk",40.7918
"37087980100","tract",2023,"education_rnk",NA
"37089930100","tract",2023,"education_rnk",48.6296
"37089930201","tract",2023,"education_rnk",14.4507
"37089930202","tract",2023,"education_rnk",36.9526
"37089930301","tract",2023,"education_rnk",19.4542
"37089930302","tract",2023,"education_rnk",3.9196
"37089930401","tract",2023,"education_rnk",25.2848
"37089930402","tract",2023,"education_rnk",36.0794
"37089930501","tract",2023,"education_rnk",51.942
"37089930502","tract",2023,"education_rnk",33.7666
"37089930600","tract",2023,"education_rnk",69.6946
"37089930701","tract",2023,"education_rnk",70.523
"37089930702","tract",2023,"education_rnk",65.4958
"37089930703","tract",2023,"education_rnk",45.765
"37089930800","tract",2023,"education_rnk",57.388
"37089930900","tract",2023,"education_rnk",62.3823
"37089931000","tract",2023,"education_rnk",27.9268
"37089931100","tract",2023,"education_rnk",50.8304
"37089931200","tract",2023,"education_rnk",36.9803
"37089931300","tract",2023,"education_rnk",23.8927
"37089931401","tract",2023,"education_rnk",17.2152
"37089931402","tract",2023,"education_rnk",30.5451
"37089931500","tract",2023,"education_rnk",76.4287
"37089931600","tract",2023,"education_rnk",64.1129
"37089931700","tract",2023,"education_rnk",83.1154
"37089931801","tract",2023,"education_rnk",75.9559
"37089931802","tract",2023,"education_rnk",64.1682
"37089931901","tract",2023,"education_rnk",59.2793
"37089931902","tract",2023,"education_rnk",64.8123
"37089932000","tract",2023,"education_rnk",53.0654
"37089980100","tract",2023,"education_rnk",NA
"37091950101","tract",2023,"education_rnk",NA
"37091950102","tract",2023,"education_rnk",20.6725
"37091950201","tract",2023,"education_rnk",NA
"37091950202","tract",2023,"education_rnk",19.1671
"37091950300","tract",2023,"education_rnk",20.0377
"37091950401","tract",2023,"education_rnk",30.7822
"37091950402","tract",2023,"education_rnk",23.7004
"37091980000","tract",2023,"education_rnk",NA
"37093970104","tract",2023,"education_rnk",NA
"37093970105","tract",2023,"education_rnk",NA
"37093970106","tract",2023,"education_rnk",45.1868
"37093970107","tract",2023,"education_rnk",38.8676
"37093970108","tract",2023,"education_rnk",52.5492
"37093970109","tract",2023,"education_rnk",29.4006
"37093970201","tract",2023,"education_rnk",NA
"37093970202","tract",2023,"education_rnk",15.3595
"37093970300","tract",2023,"education_rnk",17.6248
"37093970401","tract",2023,"education_rnk",16.2327
"37093970402","tract",2023,"education_rnk",6.7683
"37093980100","tract",2023,"education_rnk",NA
"37095920101","tract",2023,"education_rnk",27.3592
"37095920102","tract",2023,"education_rnk",7.0699
"37095990100","tract",2023,"education_rnk",NA
"37095990200","tract",2023,"education_rnk",NA
"37097060100","tract",2023,"education_rnk",21.1427
"37097060200","tract",2023,"education_rnk",16.6423
"37097060300","tract",2023,"education_rnk",5.2037
"37097060400","tract",2023,"education_rnk",10.6299
"37097060500","tract",2023,"education_rnk",41.586
"37097060601","tract",2023,"education_rnk",33.3702
"37097060602","tract",2023,"education_rnk",66.0727
"37097060603","tract",2023,"education_rnk",30.5715
"37097060701","tract",2023,"education_rnk",28.721
"37097060702","tract",2023,"education_rnk",13.8976
"37097060703","tract",2023,"education_rnk",51.9644
"37097060801","tract",2023,"education_rnk",30.64
"37097060802","tract",2023,"education_rnk",25.1663
"37097060901","tract",2023,"education_rnk",16.0075
"37097060902","tract",2023,"education_rnk",21.302
"37097061001","tract",2023,"education_rnk",44.0397
"37097061002","tract",2023,"education_rnk",50.0876
"37097061003","tract",2023,"education_rnk",54.3891
"37097061101","tract",2023,"education_rnk",7.1437
"37097061102","tract",2023,"education_rnk",39.8132
"37097061103","tract",2023,"education_rnk",32.792
"37097061104","tract",2023,"education_rnk",50.3563
"37097061201","tract",2023,"education_rnk",75.4238
"37097061202","tract",2023,"education_rnk",69.1361
"37097061203","tract",2023,"education_rnk",64.8939
"37097061204","tract",2023,"education_rnk",77.6667
"37097061205","tract",2023,"education_rnk",36.4508
"37097061301","tract",2023,"education_rnk",56.2698
"37097061302","tract",2023,"education_rnk",32.2296
"37097061303","tract",2023,"education_rnk",76.6592
"37097061304","tract",2023,"education_rnk",59.3478
"37097061401","tract",2023,"education_rnk",76.675
"37097061402","tract",2023,"education_rnk",73.8288
"37097061403","tract",2023,"education_rnk",61.0942
"37097061404","tract",2023,"education_rnk",83.3314
"37097061405","tract",2023,"education_rnk",73.4877
"37097061406","tract",2023,"education_rnk",88.7774
"37097061407","tract",2023,"education_rnk",86.8387
"37097061408","tract",2023,"education_rnk",70.444
"37097061501","tract",2023,"education_rnk",41.316
"37097061502","tract",2023,"education_rnk",60.844
"37097061503","tract",2023,"education_rnk",73.464
"37097061601","tract",2023,"education_rnk",36.1624
"37097061603","tract",2023,"education_rnk",46.3011
"37097061604","tract",2023,"education_rnk",52.2489
"37097061605","tract",2023,"education_rnk",78.5728
"37099940200","tract",2023,"education_rnk",8.545
"37099950200","tract",2023,"education_rnk",NA
"37099950300","tract",2023,"education_rnk",35.5289
"37099950400","tract",2023,"education_rnk",40.8076
"37099950500","tract",2023,"education_rnk",51.8314
"37099950600","tract",2023,"education_rnk",20.8556
"37099950700","tract",2023,"education_rnk",NA
"37099950800","tract",2023,"education_rnk",NA
"37099950900","tract",2023,"education_rnk",75.1841
"37101040101","tract",2023,"education_rnk",48.2845
"37101040102","tract",2023,"education_rnk",10.8499
"37101040103","tract",2023,"education_rnk",NA
"37101040204","tract",2023,"education_rnk",NA
"37101040205","tract",2023,"education_rnk",33.7192
"37101040206","tract",2023,"education_rnk",NA
"37101040207","tract",2023,"education_rnk",77.1465
"37101040208","tract",2023,"education_rnk",57.0087
"37101040209","tract",2023,"education_rnk",58.821
"37101040210","tract",2023,"education_rnk",NA
"37101040301","tract",2023,"education_rnk",NA
"37101040303","tract",2023,"education_rnk",11.1436
"37101040304","tract",2023,"education_rnk",NA
"37101040400","tract",2023,"education_rnk",20.0166
"37101040501","tract",2023,"education_rnk",6.7815
"37101040502","tract",2023,"education_rnk",NA
"37101040600","tract",2023,"education_rnk",9.3722
"37101040700","tract",2023,"education_rnk",6.8302
"37101040800","tract",2023,"education_rnk",22.76
"37101040903","tract",2023,"education_rnk",48.7797
"37101040904","tract",2023,"education_rnk",24.2904
"37101040905","tract",2023,"education_rnk",35.6843
"37101040906","tract",2023,"education_rnk",NA
"37101041001","tract",2023,"education_rnk",60.9783
"37101041003","tract",2023,"education_rnk",69.065
"37101041004","tract",2023,"education_rnk",47.5154
"37101041005","tract",2023,"education_rnk",NA
"37101041104","tract",2023,"education_rnk",35.4564
"37101041105","tract",2023,"education_rnk",NA
"37101041106","tract",2023,"education_rnk",58.6998
"37101041107","tract",2023,"education_rnk",64.2683
"37101041108","tract",2023,"education_rnk",80.4575
"37101041109","tract",2023,"education_rnk",NA
"37101041110","tract",2023,"education_rnk",NA
"37101041111","tract",2023,"education_rnk",80.3324
"37101041112","tract",2023,"education_rnk",NA
"37101041113","tract",2023,"education_rnk",NA
"37101041203","tract",2023,"education_rnk",NA
"37101041204","tract",2023,"education_rnk",NA
"37101041205","tract",2023,"education_rnk",35.8068
"37101041206","tract",2023,"education_rnk",10.6576
"37101041301","tract",2023,"education_rnk",NA
"37101041302","tract",2023,"education_rnk",11.7837
"37101041401","tract",2023,"education_rnk",37.3885
"37101041402","tract",2023,"education_rnk",18.9722
"37101041504","tract",2023,"education_rnk",43.9501
"37101041505","tract",2023,"education_rnk",NA
"37101041506","tract",2023,"education_rnk",39.5195
"37101041507","tract",2023,"education_rnk",NA
"37101041508","tract",2023,"education_rnk",NA
"37101041509","tract",2023,"education_rnk",53.4118
"37101041510","tract",2023,"education_rnk",NA
"37101041511","tract",2023,"education_rnk",NA
"37103920100","tract",2023,"education_rnk",21.8341
"37103920200","tract",2023,"education_rnk",13.8897
"37103920300","tract",2023,"education_rnk",36.1624
"37105030101","tract",2023,"education_rnk",26.8324
"37105030102","tract",2023,"education_rnk",57.766
"37105030200","tract",2023,"education_rnk",2.9831
"37105030300","tract",2023,"education_rnk",1.703
"37105030401","tract",2023,"education_rnk",7.6047
"37105030402","tract",2023,"education_rnk",7.9313
"37105030502","tract",2023,"education_rnk",10.8236
"37105030504","tract",2023,"education_rnk",54.4154
"37105030505","tract",2023,"education_rnk",36.3639
"37105030506","tract",2023,"education_rnk",4.0262
"37105030507","tract",2023,"education_rnk",74.49
"37105030601","tract",2023,"education_rnk",69.7394
"37105030602","tract",2023,"education_rnk",45.0024
"37105030702","tract",2023,"education_rnk",24.3721
"37105030703","tract",2023,"education_rnk",53.0496
"37105030704","tract",2023,"education_rnk",27.7596
"37107010100","tract",2023,"education_rnk",31.2853
"37107010200","tract",2023,"education_rnk",6.875
"37107010300","tract",2023,"education_rnk",5.392
"37107010400","tract",2023,"education_rnk",28.4471
"37107010500","tract",2023,"education_rnk",5.7687
"37107010600","tract",2023,"education_rnk",29.0661
"37107010700","tract",2023,"education_rnk",19.9507
"37107010800","tract",2023,"education_rnk",17.7789
"37107010900","tract",2023,"education_rnk",12.2934
"37107011001","tract",2023,"education_rnk",44.2175
"37107011002","tract",2023,"education_rnk",38.4922
"37107011100","tract",2023,"education_rnk",17.069
"37107011201","tract",2023,"education_rnk",8.3383
"37107011202","tract",2023,"education_rnk",8.5911
"37107011301","tract",2023,"education_rnk",28.0888
"37107011302","tract",2023,"education_rnk",22.6468
"37107011400","tract",2023,"education_rnk",22.8996
"37109070100","tract",2023,"education_rnk",19.47
"37109070201","tract",2023,"education_rnk",11.2279
"37109070202","tract",2023,"education_rnk",44.4005
"37109070300","tract",2023,"education_rnk",NA
"37109070400","tract",2023,"education_rnk",22.8167
"37109070500","tract",2023,"education_rnk",11.8904
"37109070600","tract",2023,"education_rnk",NA
"37109070700","tract",2023,"education_rnk",26.2239
"37109070800","tract",2023,"education_rnk",22.7956
"37109070901","tract",2023,"education_rnk",NA
"37109070902","tract",2023,"education_rnk",48.2556
"37109071001","tract",2023,"education_rnk",22.843
"37109071002","tract",2023,"education_rnk",NA
"37109071101","tract",2023,"education_rnk",56.3291
"37109071102","tract",2023,"education_rnk",NA
"37109071201","tract",2023,"education_rnk",NA
"37109071202","tract",2023,"education_rnk",82.9626
"37109071203","tract",2023,"education_rnk",NA
"37111970101","tract",2023,"education_rnk",15.6189
"37111970102","tract",2023,"education_rnk",45.765
"37111970200","tract",2023,"education_rnk",16.9676
"37111970300","tract",2023,"education_rnk",13.9265
"37111970400","tract",2023,"education_rnk",9.0284
"37111970500","tract",2023,"education_rnk",49.2236
"37111970600","tract",2023,"education_rnk",37.5163
"37111970700","tract",2023,"education_rnk",27.1155
"37111970800","tract",2023,"education_rnk",50.0876
"37111970902","tract",2023,"education_rnk",25.2506
"37111970903","tract",2023,"education_rnk",30.64
"37111970904","tract",2023,"education_rnk",37.0988
"37113970100","tract",2023,"education_rnk",NA
"37113970200","tract",2023,"education_rnk",34.2381
"37113970302","tract",2023,"education_rnk",36.1953
"37113970303","tract",2023,"education_rnk",25.9289
"37113970304","tract",2023,"education_rnk",15.6255
"37113970400","tract",2023,"education_rnk",NA
"37113970501","tract",2023,"education_rnk",NA
"37113970502","tract",2023,"education_rnk",60.2605
"37113970600","tract",2023,"education_rnk",26.5281
"37113970700","tract",2023,"education_rnk",15.7981
"37115010100","tract",2023,"education_rnk",NA
"37115010200","tract",2023,"education_rnk",49.7991
"37115010400","tract",2023,"education_rnk",33.2767
"37115010500","tract",2023,"education_rnk",23.2565
"37115010601","tract",2023,"education_rnk",46.55
"37115010602","tract",2023,"education_rnk",NA
"37115010700","tract",2023,"education_rnk",NA
"37117970100","tract",2023,"education_rnk",20.2537
"37117970200","tract",2023,"education_rnk",6.8579
"37117970300","tract",2023,"education_rnk",NA
"37117970400","tract",2023,"education_rnk",NA
"37117970500","tract",2023,"education_rnk",23.1104
"37117970600","tract",2023,"education_rnk",13.1903
"37119000101","tract",2023,"education_rnk",98.6777
"37119000102","tract",2023,"education_rnk",93.1474
"37119000103","tract",2023,"education_rnk",83.1154
"37119000104","tract",2023,"education_rnk",99.1716
"37119000301","tract",2023,"education_rnk",99.0899
"37119000302","tract",2023,"education_rnk",77.2123
"37119000401","tract",2023,"education_rnk",99.5891
"37119000402","tract",2023,"education_rnk",NA
"37119000501","tract",2023,"education_rnk",81.419
"37119000502","tract",2023,"education_rnk",95.0795
"37119000503","tract",2023,"education_rnk",NA
"37119000600","tract",2023,"education_rnk",75.2565
"37119000700","tract",2023,"education_rnk",91.8514
"37119000800","tract",2023,"education_rnk",84.8302
"37119000900","tract",2023,"education_rnk",92.8036
"37119001000","tract",2023,"education_rnk",93.7216
"37119001100","tract",2023,"education_rnk",95.9198
"37119001200","tract",2023,"education_rnk",70.498
"37119001300","tract",2023,"education_rnk",59.5137
"37119001400","tract",2023,"education_rnk",87.4998
"37119001504","tract",2023,"education_rnk",3.4889
"37119001505","tract",2023,"education_rnk",6.8158
"37119001507","tract",2023,"education_rnk",3.5877
"37119001508","tract",2023,"education_rnk",51.5495
"37119001509","tract",2023,"education_rnk",7.8299
"37119001510","tract",2023,"education_rnk",19.8269
"37119001603","tract",2023,"education_rnk",30.7822
"37119001605","tract",2023,"education_rnk",8.0064
"37119001606","tract",2023,"education_rnk",12.1749
"37119001607","tract",2023,"education_rnk",5.0746
"37119001608","tract",2023,"education_rnk",7.066
"37119001609","tract",2023,"education_rnk",15.1856
"37119001701","tract",2023,"education_rnk",39.7461
"37119001702","tract",2023,"education_rnk",11.2819
"37119001801","tract",2023,"education_rnk",80.6498
"37119001802","tract",2023,"education_rnk",63.0658
"37119001910","tract",2023,"education_rnk",3.8866
"37119001911","tract",2023,"education_rnk",16.9571
"37119001914","tract",2023,"education_rnk",9.8687
"37119001916","tract",2023,"education_rnk",16.6831
"37119001917","tract",2023,"education_rnk",9.5039
"37119001918","tract",2023,"education_rnk",19.1869
"37119001919","tract",2023,"education_rnk",46.6527
"37119001920","tract",2023,"education_rnk",9.3946
"37119001921","tract",2023,"education_rnk",13.0784
"37119001922","tract",2023,"education_rnk",10.0834
"37119001923","tract",2023,"education_rnk",45.3831
"37119001924","tract",2023,"education_rnk",0.4215
"37119001925","tract",2023,"education_rnk",5.8846
"37119001926","tract",2023,"education_rnk",56.0446
"37119001927","tract",2023,"education_rnk",15.7704
"37119002004","tract",2023,"education_rnk",80.3535
"37119002005","tract",2023,"education_rnk",90.6792
"37119002006","tract",2023,"education_rnk",81.045
"37119002007","tract",2023,"education_rnk",74.7336
"37119002008","tract",2023,"education_rnk",83.2971
"37119002100","tract",2023,"education_rnk",83.6738
"37119002201","tract",2023,"education_rnk",89.9561
"37119002202","tract",2023,"education_rnk",88.1821
"37119002300","tract",2023,"education_rnk",18.2596
"37119002400","tract",2023,"education_rnk",97.3224
"37119002500","tract",2023,"education_rnk",96.8457
"37119002600","tract",2023,"education_rnk",93.9073
"37119002701","tract",2023,"education_rnk",99.1966
"37119002702","tract",2023,"education_rnk",92.0134
"37119002800","tract",2023,"education_rnk",98.6988
"37119002903","tract",2023,"education_rnk",97.5108
"37119002905","tract",2023,"education_rnk",98.7672
"37119002907","tract",2023,"education_rnk",68.6041
"37119002908","tract",2023,"education_rnk",95.4206
"37119002909","tract",2023,"education_rnk",99.5245
"37119002910","tract",2023,"education_rnk",92.1108
"37119003006","tract",2023,"education_rnk",89.1593
"37119003008","tract",2023,"education_rnk",83.4644
"37119003012","tract",2023,"education_rnk",83.7554
"37119003013","tract",2023,"education_rnk",93.0117
"37119003015","tract",2023,"education_rnk",90.0655
"37119003016","tract",2023,"education_rnk",92.3203
"37119003017","tract",2023,"education_rnk",94.4117
"37119003018","tract",2023,"education_rnk",64.8504
"37119003019","tract",2023,"education_rnk",96.5901
"37119003020","tract",2023,"education_rnk",95.5734
"37119003021","tract",2023,"education_rnk",90.8965
"37119003022","tract",2023,"education_rnk",94.0904
"37119003102","tract",2023,"education_rnk",72.949
"37119003105","tract",2023,"education_rnk",92.473
"37119003106","tract",2023,"education_rnk",49.7056
"37119003108","tract",2023,"education_rnk",12.4778
"37119003109","tract",2023,"education_rnk",1.645
"37119003110","tract",2023,"education_rnk",96.8746
"37119003111","tract",2023,"education_rnk",96.9365
"37119003201","tract",2023,"education_rnk",60.0564
"37119003203","tract",2023,"education_rnk",86.9651
"37119003204","tract",2023,"education_rnk",93.0117
"37119003301","tract",2023,"education_rnk",96.3518
"37119003302","tract",2023,"education_rnk",94.7608
"37119003401","tract",2023,"education_rnk",98.8133
"37119003402","tract",2023,"education_rnk",98.895
"37119003500","tract",2023,"education_rnk",97.6069
"37119003600","tract",2023,"education_rnk",58.7854
"37119003701","tract",2023,"education_rnk",97.9177
"37119003702","tract",2023,"education_rnk",92.2004
"37119003802","tract",2023,"education_rnk",78.0026
"37119003805","tract",2023,"education_rnk",90.6845
"37119003807","tract",2023,"education_rnk",5.068
"37119003808","tract",2023,"education_rnk",6.123
"37119003809","tract",2023,"education_rnk",11.0356
"37119003810","tract",2023,"education_rnk",13.8304
"37119003811","tract",2023,"education_rnk",73.7643
"37119003902","tract",2023,"education_rnk",23.3356
"37119003903","tract",2023,"education_rnk",9.0706
"37119004000","tract",2023,"education_rnk",32.8526
"37119004101","tract",2023,"education_rnk",80.5339
"37119004102","tract",2023,"education_rnk",98.1798
"37119004200","tract",2023,"education_rnk",29.7299
"37119004302","tract",2023,"education_rnk",9.5039
"37119004303","tract",2023,"education_rnk",11.0488
"37119004304","tract",2023,"education_rnk",15.0434
"37119004306","tract",2023,"education_rnk",5.2537
"37119004307","tract",2023,"education_rnk",97.1367
"37119004400","tract",2023,"education_rnk",16.5172
"37119004500","tract",2023,"education_rnk",49.4001
"37119004600","tract",2023,"education_rnk",25.3125
"37119004700","tract",2023,"education_rnk",NA
"37119004800","tract",2023,"education_rnk",27.9545
"37119004900","tract",2023,"education_rnk",25.431
"37119005000","tract",2023,"education_rnk",86.3066
"37119005100","tract",2023,"education_rnk",9.7804
"37119005200","tract",2023,"education_rnk",30.8467
"37119005301","tract",2023,"education_rnk",6.2046
"37119005305","tract",2023,"education_rnk",6.3838
"37119005306","tract",2023,"education_rnk",4.2844
"37119005307","tract",2023,"education_rnk",17.1876
"37119005308","tract",2023,"education_rnk",3.6772
"37119005403","tract",2023,"education_rnk",15.1856
"37119005404","tract",2023,"education_rnk",26.1172
"37119005405","tract",2023,"education_rnk",40.6087
"37119005406","tract",2023,"education_rnk",45.6122
"37119005508","tract",2023,"education_rnk",84.0386
"37119005510","tract",2023,"education_rnk",17.8896
"37119005511","tract",2023,"education_rnk",64.4066
"37119005512","tract",2023,"education_rnk",31.3959
"37119005513","tract",2023,"education_rnk",79.4131
"37119005515","tract",2023,"education_rnk",72.8568
"37119005516","tract",2023,"education_rnk",89.6664
"37119005517","tract",2023,"education_rnk",87.3313
"37119005519","tract",2023,"education_rnk",73.8051
"37119005520","tract",2023,"education_rnk",54.5735
"37119005522","tract",2023,"education_rnk",61.4406
"37119005525","tract",2023,"education_rnk",41.1961
"37119005526","tract",2023,"education_rnk",81.4414
"37119005527","tract",2023,"education_rnk",89.5966
"37119005528","tract",2023,"education_rnk",87.8594
"37119005529","tract",2023,"education_rnk",38.7715
"37119005530","tract",2023,"education_rnk",76.0467
"37119005531","tract",2023,"education_rnk",61.9938
"37119005532","tract",2023,"education_rnk",63.1146
"37119005533","tract",2023,"education_rnk",88.0082
"37119005534","tract",2023,"education_rnk",85.4676
"37119005535","tract",2023,"education_rnk",32.7367
"37119005536","tract",2023,"education_rnk",87.7409
"37119005604","tract",2023,"education_rnk",NA
"37119005609","tract",2023,"education_rnk",56.9218
"37119005610","tract",2023,"education_rnk",37.162
"37119005611","tract",2023,"education_rnk",55.3795
"37119005612","tract",2023,"education_rnk",77.3664
"37119005613","tract",2023,"education_rnk",63.7915
"37119005615","tract",2023,"education_rnk",66.3611
"37119005616","tract",2023,"education_rnk",43.5247
"37119005617","tract",2023,"education_rnk",45.0261
"37119005618","tract",2023,"education_rnk",54.8751
"37119005619","tract",2023,"education_rnk",73.7327
"37119005621","tract",2023,"education_rnk",64.9598
"37119005622","tract",2023,"education_rnk",78.4187
"37119005623","tract",2023,"education_rnk",46.5091
"37119005624","tract",2023,"education_rnk",37.299
"37119005625","tract",2023,"education_rnk",69.306
"37119005626","tract",2023,"education_rnk",25.7906
"37119005627","tract",2023,"education_rnk",32.8368
"37119005709","tract",2023,"education_rnk",73.9895
"37119005710","tract",2023,"education_rnk",23.5213
"37119005712","tract",2023,"education_rnk",83.8542
"37119005713","tract",2023,"education_rnk",85.3886
"37119005714","tract",2023,"education_rnk",79.3249
"37119005715","tract",2023,"education_rnk",71.1776
"37119005716","tract",2023,"education_rnk",36.7485
"37119005718","tract",2023,"education_rnk",34.0248
"37119005719","tract",2023,"education_rnk",33.5836
"37119005720","tract",2023,"education_rnk",75.9216
"37119005721","tract",2023,"education_rnk",66.5534
"37119005722","tract",2023,"education_rnk",49.4238
"37119005723","tract",2023,"education_rnk",61.9938
"37119005811","tract",2023,"education_rnk",77.5403
"37119005815","tract",2023,"education_rnk",69.1111
"37119005816","tract",2023,"education_rnk",92.6495
"37119005817","tract",2023,"education_rnk",85.4439
"37119005824","tract",2023,"education_rnk",45.7295
"37119005826","tract",2023,"education_rnk",28.2021
"37119005827","tract",2023,"education_rnk",18.0621
"37119005828","tract",2023,"education_rnk",81.0252
"37119005829","tract",2023,"education_rnk",26.374
"37119005830","tract",2023,"education_rnk",69.5905
"37119005832","tract",2023,"education_rnk",94.8832
"37119005833","tract",2023,"education_rnk",85.4439
"37119005834","tract",2023,"education_rnk",64.4632
"37119005835","tract",2023,"education_rnk",77.6667
"37119005836","tract",2023,"education_rnk",58.551
"37119005839","tract",2023,"education_rnk",87.5433
"37119005840","tract",2023,"education_rnk",89.8205
"37119005843","tract",2023,"education_rnk",72.9582
"37119005845","tract",2023,"education_rnk",86.8597
"37119005846","tract",2023,"education_rnk",93.5082
"37119005847","tract",2023,"education_rnk",96.7139
"37119005848","tract",2023,"education_rnk",83.874
"37119005849","tract",2023,"education_rnk",68.9965
"37119005850","tract",2023,"education_rnk",80.9962
"37119005851","tract",2023,"education_rnk",80.7512
"37119005852","tract",2023,"education_rnk",86.0274
"37119005853","tract",2023,"education_rnk",27.2578
"37119005854","tract",2023,"education_rnk",88.6035
"37119005855","tract",2023,"education_rnk",53.126
"37119005856","tract",2023,"education_rnk",92.5402
"37119005857","tract",2023,"education_rnk",97.0248
"37119005858","tract",2023,"education_rnk",56.956
"37119005859","tract",2023,"education_rnk",96.2517
"37119005860","tract",2023,"education_rnk",83.1852
"37119005861","tract",2023,"education_rnk",83.0218
"37119005862","tract",2023,"education_rnk",93.3489
"37119005863","tract",2023,"education_rnk",85.5466
"37119005864","tract",2023,"education_rnk",88.2888
"37119005865","tract",2023,"education_rnk",69.9027
"37119005866","tract",2023,"education_rnk",79.3591
"37119005867","tract",2023,"education_rnk",75.9216
"37119005868","tract",2023,"education_rnk",66.3835
"37119005908","tract",2023,"education_rnk",94.3577
"37119005910","tract",2023,"education_rnk",56.9863
"37119005913","tract",2023,"education_rnk",62.3823
"37119005915","tract",2023,"education_rnk",89.5413
"37119005916","tract",2023,"education_rnk",9.6553
"37119005918","tract",2023,"education_rnk",34.5266
"37119005919","tract",2023,"education_rnk",72.0877
"37119005920","tract",2023,"education_rnk",36.7287
"37119005921","tract",2023,"education_rnk",86.8769
"37119005922","tract",2023,"education_rnk",77.1465
"37119005923","tract",2023,"education_rnk",50.6816
"37119005924","tract",2023,"education_rnk",58.2415
"37119005925","tract",2023,"education_rnk",64.836
"37119005926","tract",2023,"education_rnk",95.0821
"37119005927","tract",2023,"education_rnk",51.784
"37119005928","tract",2023,"education_rnk",43.2745
"37119005929","tract",2023,"education_rnk",78.6519
"37119005930","tract",2023,"education_rnk",32.1717
"37119005931","tract",2023,"education_rnk",57.8661
"37119005932","tract",2023,"education_rnk",67.3081
"37119006005","tract",2023,"education_rnk",33.1885
"37119006008","tract",2023,"education_rnk",72.355
"37119006009","tract",2023,"education_rnk",45.3291
"37119006011","tract",2023,"education_rnk",58.8644
"37119006012","tract",2023,"education_rnk",24.3589
"37119006013","tract",2023,"education_rnk",21.3126
"37119006014","tract",2023,"education_rnk",70.8707
"37119006015","tract",2023,"education_rnk",58.2599
"37119006016","tract",2023,"education_rnk",19.9652
"37119006103","tract",2023,"education_rnk",66.7325
"37119006105","tract",2023,"education_rnk",70.1266
"37119006108","tract",2023,"education_rnk",25.6259
"37119006109","tract",2023,"education_rnk",55.473
"37119006110","tract",2023,"education_rnk",45.6926
"37119006111","tract",2023,"education_rnk",50.6407
"37119006112","tract",2023,"education_rnk",60.2408
"37119006113","tract",2023,"education_rnk",75.1617
"37119006114","tract",2023,"education_rnk",70.5915
"37119006115","tract",2023,"education_rnk",82.8888
"37119006208","tract",2023,"education_rnk",79.5251
"37119006209","tract",2023,"education_rnk",77.6667
"37119006210","tract",2023,"education_rnk",80.4075
"37119006211","tract",2023,"education_rnk",90.9966
"37119006212","tract",2023,"education_rnk",88.1215
"37119006214","tract",2023,"education_rnk",85.1594
"37119006216","tract",2023,"education_rnk",89.0382
"37119006217","tract",2023,"education_rnk",91.0045
"37119006218","tract",2023,"education_rnk",99.0043
"37119006219","tract",2023,"education_rnk",94.1944
"37119006220","tract",2023,"education_rnk",93.1237
"37119006221","tract",2023,"education_rnk",92.1108
"37119006222","tract",2023,"education_rnk",80.4931
"37119006223","tract",2023,"education_rnk",73.0004
"37119006224","tract",2023,"education_rnk",47.4245
"37119006305","tract",2023,"education_rnk",89.4609
"37119006306","tract",2023,"education_rnk",89.1145
"37119006307","tract",2023,"education_rnk",93.7321
"37119006308","tract",2023,"education_rnk",86.4172
"37119006309","tract",2023,"education_rnk",72.5236
"37119006310","tract",2023,"education_rnk",88.7352
"37119006311","tract",2023,"education_rnk",92.5033
"37119006403","tract",2023,"education_rnk",69.6076
"37119006404","tract",2023,"education_rnk",97.1222
"37119006407","tract",2023,"education_rnk",71.6188
"37119006408","tract",2023,"education_rnk",91.0822
"37119006409","tract",2023,"education_rnk",93.2066
"37119006410","tract",2023,"education_rnk",79.583
"37119006411","tract",2023,"education_rnk",46.4604
"37119980100","tract",2023,"education_rnk",NA
"37119980200","tract",2023,"education_rnk",NA
"37119980300","tract",2023,"education_rnk",NA
"37121950100","tract",2023,"education_rnk",NA
"37121950200","tract",2023,"education_rnk",31.3709
"37121950300","tract",2023,"education_rnk",24.8015
"37121950400","tract",2023,"education_rnk",47.8525
"37123960101","tract",2023,"education_rnk",33.2767
"37123960102","tract",2023,"education_rnk",7.9563
"37123960201","tract",2023,"education_rnk",58.1993
"37123960202","tract",2023,"education_rnk",41.9758
"37123960301","tract",2023,"education_rnk",26.6848
"37123960302","tract",2023,"education_rnk",65.0625
"37123960401","tract",2023,"education_rnk",23.5331
"37123960402","tract",2023,"education_rnk",22.6138
"37123960501","tract",2023,"education_rnk",5.4631
"37123960502","tract",2023,"education_rnk",14.2031
"37125950100","tract",2023,"education_rnk",49.1275
"37125950201","tract",2023,"education_rnk",1.8096
"37125950202","tract",2023,"education_rnk",23.1657
"37125950303","tract",2023,"education_rnk",74.3807
"37125950304","tract",2023,"education_rnk",31.3367
"37125950305","tract",2023,"education_rnk",39.0731
"37125950306","tract",2023,"education_rnk",69.7552
"37125950402","tract",2023,"education_rnk",45.7413
"37125950403","tract",2023,"education_rnk",30.5096
"37125950404","tract",2023,"education_rnk",38.9124
"37125950503","tract",2023,"education_rnk",55.5744
"37125950504","tract",2023,"education_rnk",53.1906
"37125950505","tract",2023,"education_rnk",24.8871
"37125950506","tract",2023,"education_rnk",72.6039
"37125950507","tract",2023,"education_rnk",33.5098
"37125950601","tract",2023,"education_rnk",84.5193
"37125950603","tract",2023,"education_rnk",55.3044
"37125950604","tract",2023,"education_rnk",77.8722
"37125950702","tract",2023,"education_rnk",92.0279
"37125950703","tract",2023,"education_rnk",75.591
"37125950704","tract",2023,"education_rnk",88.8906
"37125950801","tract",2023,"education_rnk",59.4202
"37125950802","tract",2023,"education_rnk",79.4829
"37125950900","tract",2023,"education_rnk",80.7091
"37125951001","tract",2023,"education_rnk",86.2526
"37125951002","tract",2023,"education_rnk",74.8969
"37125951101","tract",2023,"education_rnk",74.76
"37125951102","tract",2023,"education_rnk",54.8237
"37125951200","tract",2023,"education_rnk",63.6414
"37127010200","tract",2023,"education_rnk",NA
"37127010301","tract",2023,"education_rnk",31.4131
"37127010302","tract",2023,"education_rnk",42.8504
"37127010400","tract",2023,"education_rnk",14.8709
"37127010503","tract",2023,"education_rnk",NA
"37127010504","tract",2023,"education_rnk",51.0754
"37127010505","tract",2023,"education_rnk",70.8233
"37127010506","tract",2023,"education_rnk",42.0246
"37127010601","tract",2023,"education_rnk",NA
"37127010603","tract",2023,"education_rnk",2.7684
"37127010604","tract",2023,"education_rnk",NA
"37127010700","tract",2023,"education_rnk",16.853
"37127010801","tract",2023,"education_rnk",NA
"37127010802","tract",2023,"education_rnk",52.7691
"37127010900","tract",2023,"education_rnk",NA
"37127011000","tract",2023,"education_rnk",15.4912
"37127011101","tract",2023,"education_rnk",30.071
"37127011103","tract",2023,"education_rnk",39.6433
"37127011104","tract",2023,"education_rnk",NA
"37127011201","tract",2023,"education_rnk",NA
"37127011202","tract",2023,"education_rnk",NA
"37127011300","tract",2023,"education_rnk",6.8302
"37127011400","tract",2023,"education_rnk",32.713
"37127011501","tract",2023,"education_rnk",6.7367
"37127011502","tract",2023,"education_rnk",NA
"37129010100","tract",2023,"education_rnk",40.3361
"37129010200","tract",2023,"education_rnk",64.4804
"37129010300","tract",2023,"education_rnk",39.8435
"37129010400","tract",2023,"education_rnk",63.8719
"37129010501","tract",2023,"education_rnk",52.9614
"37129010503","tract",2023,"education_rnk",68.8582
"37129010504","tract",2023,"education_rnk",73.2506
"37129010600","tract",2023,"education_rnk",84.9777
"37129010700","tract",2023,"education_rnk",29.8392
"37129010800","tract",2023,"education_rnk",4.233
"37129010900","tract",2023,"education_rnk",59.1134
"37129011000","tract",2023,"education_rnk",26.1369
"37129011100","tract",2023,"education_rnk",10.2427
"37129011200","tract",2023,"education_rnk",54.3364
"37129011300","tract",2023,"education_rnk",83.2194
"37129011400","tract",2023,"education_rnk",51.7602
"37129011501","tract",2023,"education_rnk",NA
"37129011502","tract",2023,"education_rnk",NA
"37129011503","tract",2023,"education_rnk",50.7606
"37129011504","tract",2023,"education_rnk",32.8526
"37129011605","tract",2023,"education_rnk",47.9447
"37129011606","tract",2023,"education_rnk",47.1334
"37129011608","tract",2023,"education_rnk",65.9476
"37129011609","tract",2023,"education_rnk",21.0281
"37129011610","tract",2023,"education_rnk",60.2408
"37129011611","tract",2023,"education_rnk",76.4181
"37129011612","tract",2023,"education_rnk",63.1146
"37129011701","tract",2023,"education_rnk",87.5841
"37129011703","tract",2023,"education_rnk",90.9755
"37129011705","tract",2023,"education_rnk",85.033
"37129011800","tract",2023,"education_rnk",94.226
"37129011904","tract",2023,"education_rnk",86.3066
"37129011905","tract",2023,"education_rnk",63.1146
"37129011906","tract",2023,"education_rnk",78.8323
"37129012004","tract",2023,"education_rnk",86.7043
"37129012006","tract",2023,"education_rnk",88.377
"37129012007","tract",2023,"education_rnk",63.27
"37129012008","tract",2023,"education_rnk",74.2569
"37129012009","tract",2023,"education_rnk",69.065
"37129012010","tract",2023,"education_rnk",81.1951
"37129012011","tract",2023,"education_rnk",63.5979
"37129012012","tract",2023,"education_rnk",95.115
"37129012103","tract",2023,"education_rnk",78.0658
"37129012106","tract",2023,"education_rnk",54.4154
"37129012107","tract",2023,"education_rnk",71.0564
"37129012108","tract",2023,"education_rnk",80.3179
"37129012109","tract",2023,"education_rnk",73.2625
"37129012110","tract",2023,"education_rnk",51.5047
"37129012111","tract",2023,"education_rnk",72.2589
"37129012201","tract",2023,"education_rnk",87.1535
"37129012202","tract",2023,"education_rnk",71.0933
"37129012203","tract",2023,"education_rnk",77.4283
"37129012300","tract",2023,"education_rnk",89.9904
"37129980100","tract",2023,"education_rnk",NA
"37129990100","tract",2023,"education_rnk",NA
"37131920101","tract",2023,"education_rnk",29.9538
"37131920102","tract",2023,"education_rnk",NA
"37131920103","tract",2023,"education_rnk",71.5595
"37131920201","tract",2023,"education_rnk",NA
"37131920202","tract",2023,"education_rnk",NA
"37131920301","tract",2023,"education_rnk",NA
"37131920302","tract",2023,"education_rnk",NA
"37131920303","tract",2023,"education_rnk",10.2006
"37131920401","tract",2023,"education_rnk",27.5989
"37131920402","tract",2023,"education_rnk",NA
"37133000103","tract",2023,"education_rnk",45.0472
"37133000104","tract",2023,"education_rnk",47.6642
"37133000105","tract",2023,"education_rnk",46.9188
"37133000203","tract",2023,"education_rnk",68.0035
"37133000204","tract",2023,"education_rnk",47.1756
"37133000205","tract",2023,"education_rnk",49.9756
"37133000206","tract",2023,"education_rnk",23.8927
"37133000207","tract",2023,"education_rnk",36.2809
"37133000303","tract",2023,"education_rnk",24.5697
"37133000304","tract",2023,"education_rnk",31.2076
"37133000305","tract",2023,"education_rnk",33.1266
"37133000306","tract",2023,"education_rnk",28.0006
"37133000401","tract",2023,"education_rnk",74.27
"37133000403","tract",2023,"education_rnk",96.282
"37133000404","tract",2023,"education_rnk",60.8124
"37133000405","tract",2023,"education_rnk",71.5951
"37133000500","tract",2023,"education_rnk",NA
"37133000600","tract",2023,"education_rnk",NA
"37133000700","tract",2023,"education_rnk",68.6554
"37133000800","tract",2023,"education_rnk",58.2415
"37133000901","tract",2023,"education_rnk",48.4004
"37133000902","tract",2023,"education_rnk",58.5036
"37133001000","tract",2023,"education_rnk",NA
"37133001101","tract",2023,"education_rnk",44.2899
"37133001102","tract",2023,"education_rnk",36.701
"37133001201","tract",2023,"education_rnk",62.8327
"37133001202","tract",2023,"education_rnk",36.9526
"37133001301","tract",2023,"education_rnk",72.7251
"37133001302","tract",2023,"education_rnk",27.587
"37133001303","tract",2023,"education_rnk",63.0224
"37133001304","tract",2023,"education_rnk",72.442
"37133001400","tract",2023,"education_rnk",54.3891
"37133001500","tract",2023,"education_rnk",18.0805
"37133001700","tract",2023,"education_rnk",21.0413
"37133001800","tract",2023,"education_rnk",29.7944
"37133002100","tract",2023,"education_rnk",17.7657
"37133002201","tract",2023,"education_rnk",64.0457
"37133002202","tract",2023,"education_rnk",40.6087
"37133002300","tract",2023,"education_rnk",46.1193
"37133002400","tract",2023,"education_rnk",30.6597
"37133002500","tract",2023,"education_rnk",42.8504
"37133002600","tract",2023,"education_rnk",13.5485
"37133002801","tract",2023,"education_rnk",62.2624
"37133002802","tract",2023,"education_rnk",25.8933
"37133002803","tract",2023,"education_rnk",37.3306
"37133990100","tract",2023,"education_rnk",NA
"37135010701","tract",2023,"education_rnk",NA
"37135010705","tract",2023,"education_rnk",82.3739
"37135010706","tract",2023,"education_rnk",91.1494
"37135010707","tract",2023,"education_rnk",NA
"37135010708","tract",2023,"education_rnk",NA
"37135010709","tract",2023,"education_rnk",53.1906
"37135010710","tract",2023,"education_rnk",NA
"37135010802","tract",2023,"education_rnk",NA
"37135010803","tract",2023,"education_rnk",NA
"37135010804","tract",2023,"education_rnk",NA
"37135010902","tract",2023,"education_rnk",31.9017
"37135010903","tract",2023,"education_rnk",59.1344
"37135010904","tract",2023,"education_rnk",NA
"37135011001","tract",2023,"education_rnk",91.5788
"37135011002","tract",2023,"education_rnk",55.3795
"37135011103","tract",2023,"education_rnk",32.9659
"37135011104","tract",2023,"education_rnk",NA
"37135011105","tract",2023,"education_rnk",NA
"37135011106","tract",2023,"education_rnk",NA
"37135011107","tract",2023,"education_rnk",57.5158
"37135011204","tract",2023,"education_rnk",97.4831
"37135011206","tract",2023,"education_rnk",89.374
"37135011207","tract",2023,"education_rnk",NA
"37135011208","tract",2023,"education_rnk",85.2503
"37135011209","tract",2023,"education_rnk",NA
"37135011210","tract",2023,"education_rnk",NA
"37135011211","tract",2023,"education_rnk",NA
"37135011300","tract",2023,"education_rnk",36.2809
"37135011400","tract",2023,"education_rnk",NA
"37135011500","tract",2023,"education_rnk",77.2215
"37135011601","tract",2023,"education_rnk",NA
"37135011602","tract",2023,"education_rnk",NA
"37135011700","tract",2023,"education_rnk",NA
"37135011800","tract",2023,"education_rnk",NA
"37135011902","tract",2023,"education_rnk",NA
"37135011903","tract",2023,"education_rnk",NA
"37135011904","tract",2023,"education_rnk",99.4613
"37135012101","tract",2023,"education_rnk",38.6397
"37135012102","tract",2023,"education_rnk",NA
"37135012103","tract",2023,"education_rnk",96.5717
"37135012201","tract",2023,"education_rnk",83.413
"37135012202","tract",2023,"education_rnk",92.1925
"37137950101","tract",2023,"education_rnk",18.5665
"37137950103","tract",2023,"education_rnk",23.6398
"37137950104","tract",2023,"education_rnk",17.829
"37137950202","tract",2023,"education_rnk",61.6131
"37137950203","tract",2023,"education_rnk",65.0823
"37137950204","tract",2023,"education_rnk",68.9452
"37137990100","tract",2023,"education_rnk",NA
"37139960100","tract",2023,"education_rnk",51.5495
"37139960200","tract",2023,"education_rnk",30.694
"37139960300","tract",2023,"education_rnk",9.4788
"37139960400","tract",2023,"education_rnk",39.7013
"37139960501","tract",2023,"education_rnk",19.7743
"37139960502","tract",2023,"education_rnk",48.3649
"37139960503","tract",2023,"education_rnk",20.5645
"37139960600","tract",2023,"education_rnk",48.4004
"37139960701","tract",2023,"education_rnk",61.4656
"37139960702","tract",2023,"education_rnk",57.2603
"37141920104","tract",2023,"education_rnk",NA
"37141920105","tract",2023,"education_rnk",21.8908
"37141920106","tract",2023,"education_rnk",NA
"37141920201","tract",2023,"education_rnk",53.583
"37141920202","tract",2023,"education_rnk",83.5474
"37141920203","tract",2023,"education_rnk",43.9185
"37141920204","tract",2023,"education_rnk",NA
"37141920300","tract",2023,"education_rnk",32.1032
"37141920401","tract",2023,"education_rnk",28.4273
"37141920402","tract",2023,"education_rnk",8.8071
"37141920403","tract",2023,"education_rnk",NA
"37141920501","tract",2023,"education_rnk",21.065
"37141920502","tract",2023,"education_rnk",NA
"37141920601","tract",2023,"education_rnk",6.7301
"37141920602","tract",2023,"education_rnk",21.8552
"37141990100","tract",2023,"education_rnk",NA
"37143920101","tract",2023,"education_rnk",28.3193
"37143920102","tract",2023,"education_rnk",NA
"37143920201","tract",2023,"education_rnk",15.9838
"37143920202","tract",2023,"education_rnk",NA
"37145920100","tract",2023,"education_rnk",30.3291
"37145920200","tract",2023,"education_rnk",70.3057
"37145920300","tract",2023,"education_rnk",30.1316
"37145920400","tract",2023,"education_rnk",49.7465
"37145920500","tract",2023,"education_rnk",53.6963
"37145920601","tract",2023,"education_rnk",32.7367
"37145920602","tract",2023,"education_rnk",44.1529
"37147000101","tract",2023,"education_rnk",43.8013
"37147000102","tract",2023,"education_rnk",15.6611
"37147000201","tract",2023,"education_rnk",60.0761
"37147000202","tract",2023,"education_rnk",59.901
"37147000301","tract",2023,"education_rnk",65.8369
"37147000303","tract",2023,"education_rnk",64.4408
"37147000304","tract",2023,"education_rnk",77.8208
"37147000400","tract",2023,"education_rnk",NA
"37147000501","tract",2023,"education_rnk",83.4512
"37147000503","tract",2023,"education_rnk",68.4829
"37147000504","tract",2023,"education_rnk",71.6925
"37147000602","tract",2023,"education_rnk",66.4283
"37147000604","tract",2023,"education_rnk",66.8484
"37147000605","tract",2023,"education_rnk",50.0691
"37147000606","tract",2023,"education_rnk",63.4715
"37147000607","tract",2023,"education_rnk",61.3155
"37147000701","tract",2023,"education_rnk",20.5645
"37147000702","tract",2023,"education_rnk",11.1805
"37147000800","tract",2023,"education_rnk",7.548
"37147000901","tract",2023,"education_rnk",15.1817
"37147000902","tract",2023,"education_rnk",21.9553
"37147001001","tract",2023,"education_rnk",58.6432
"37147001002","tract",2023,"education_rnk",50.4406
"37147001003","tract",2023,"education_rnk",63.7626
"37147001100","tract",2023,"education_rnk",51.8801
"37147001200","tract",2023,"education_rnk",20.3603
"37147001301","tract",2023,"education_rnk",66.0279
"37147001302","tract",2023,"education_rnk",39.0349
"37147001304","tract",2023,"education_rnk",60.8571
"37147001305","tract",2023,"education_rnk",70.4242
"37147001402","tract",2023,"education_rnk",23.5726
"37147001403","tract",2023,"education_rnk",20.3801
"37147001404","tract",2023,"education_rnk",18.3492
"37147001500","tract",2023,"education_rnk",23.0814
"37147001601","tract",2023,"education_rnk",54.1006
"37147001602","tract",2023,"education_rnk",52.6295
"37147001700","tract",2023,"education_rnk",50.1561
"37147001800","tract",2023,"education_rnk",23.7425
"37147001900","tract",2023,"education_rnk",28.505
"37147002002","tract",2023,"education_rnk",29.6667
"37147002003","tract",2023,"education_rnk",32.0005
"37147002004","tract",2023,"education_rnk",8.2645
"37149920101","tract",2023,"education_rnk",NA
"37149920103","tract",2023,"education_rnk",NA
"37149920104","tract",2023,"education_rnk",45.8124
"37149920201","tract",2023,"education_rnk",53.3789
"37149920202","tract",2023,"education_rnk",9.3155
"37149920301","tract",2023,"education_rnk",NA
"37149920303","tract",2023,"education_rnk",59.0712
"37149920304","tract",2023,"education_rnk",66.1715
"37151030100","tract",2023,"education_rnk",10.9487
"37151030201","tract",2023,"education_rnk",12.9019
"37151030202","tract",2023,"education_rnk",17.7789
"37151030301","tract",2023,"education_rnk",23.7267
"37151030302","tract",2023,"education_rnk",NA
"37151030400","tract",2023,"education_rnk",4.8547
"37151030502","tract",2023,"education_rnk",NA
"37151030503","tract",2023,"education_rnk",29.8392
"37151030504","tract",2023,"education_rnk",5.3262
"37151030600","tract",2023,"education_rnk",42.1866
"37151030700","tract",2023,"education_rnk",7.9379
"37151030803","tract",2023,"education_rnk",11.8838
"37151030804","tract",2023,"education_rnk",NA
"37151030805","tract",2023,"education_rnk",NA
"37151030806","tract",2023,"education_rnk",NA
"37151030900","tract",2023,"education_rnk",41.4846
"37151031001","tract",2023,"education_rnk",15.4398
"37151031002","tract",2023,"education_rnk",10.0096
"37151031101","tract",2023,"education_rnk",NA
"37151031102","tract",2023,"education_rnk",14.9552
"37151031200","tract",2023,"education_rnk",13.8752
"37151031303","tract",2023,"education_rnk",NA
"37151031304","tract",2023,"education_rnk",15.8876
"37151031305","tract",2023,"education_rnk",13.9265
"37151031307","tract",2023,"education_rnk",35.7264
"37151031308","tract",2023,"education_rnk",NA
"37151031401","tract",2023,"education_rnk",14.9657
"37151031402","tract",2023,"education_rnk",NA
"37151031501","tract",2023,"education_rnk",30.8099
"37151031503","tract",2023,"education_rnk",31.3709
"37151031504","tract",2023,"education_rnk",18.7101
"37151031505","tract",2023,"education_rnk",35.2865
"37151031601","tract",2023,"education_rnk",11.8034
"37151031602","tract",2023,"education_rnk",NA
"37153970100","tract",2023,"education_rnk",NA
"37153970200","tract",2023,"education_rnk",22.0093
"37153970300","tract",2023,"education_rnk",13.8054
"37153970400","tract",2023,"education_rnk",44.8036
"37153970500","tract",2023,"education_rnk",17.069
"37153970600","tract",2023,"education_rnk",NA
"37153970700","tract",2023,"education_rnk",6.7512
"37153970800","tract",2023,"education_rnk",31.4829
"37153970900","tract",2023,"education_rnk",19.2066
"37153971000","tract",2023,"education_rnk",9.4209
"37153971100","tract",2023,"education_rnk",NA
"37155960101","tract",2023,"education_rnk",4.8626
"37155960102","tract",2023,"education_rnk",5.014
"37155960202","tract",2023,"education_rnk",6.4364
"37155960203","tract",2023,"education_rnk",15.9245
"37155960204","tract",2023,"education_rnk",13.4603
"37155960301","tract",2023,"education_rnk",23.4844
"37155960302","tract",2023,"education_rnk",8.5674
"37155960402","tract",2023,"education_rnk",11.4715
"37155960403","tract",2023,"education_rnk",9.3616
"37155960404","tract",2023,"education_rnk",37.3885
"37155960501","tract",2023,"education_rnk",21.5496
"37155960502","tract",2023,"education_rnk",NA
"37155960503","tract",2023,"education_rnk",21.9553
"37155960601","tract",2023,"education_rnk",13.6671
"37155960602","tract",2023,"education_rnk",16.6831
"37155960701","tract",2023,"education_rnk",15.2594
"37155960702","tract",2023,"education_rnk",11.9957
"37155960801","tract",2023,"education_rnk",6.7881
"37155960802","tract",2023,"education_rnk",16.2722
"37155960900","tract",2023,"education_rnk",24.1429
"37155961000","tract",2023,"education_rnk",22.6323
"37155961100","tract",2023,"education_rnk",1.5278
"37155961200","tract",2023,"education_rnk",17.2653
"37155961301","tract",2023,"education_rnk",37.162
"37155961302","tract",2023,"education_rnk",16.4658
"37155961400","tract",2023,"education_rnk",13.3483
"37155961500","tract",2023,"education_rnk",12.005
"37155961601","tract",2023,"education_rnk",12.1037
"37155961602","tract",2023,"education_rnk",12.4541
"37155961700","tract",2023,"education_rnk",16.022
"37155961801","tract",2023,"education_rnk",12.1367
"37155961802","tract",2023,"education_rnk",13.7356
"37155961900","tract",2023,"education_rnk",11.7389
"37155962001","tract",2023,"education_rnk",15.8587
"37155962002","tract",2023,"education_rnk",11.112
"37157040101","tract",2023,"education_rnk",28.2376
"37157040102","tract",2023,"education_rnk",NA
"37157040200","tract",2023,"education_rnk",NA
"37157040300","tract",2023,"education_rnk",34.8927
"37157040400","tract",2023,"education_rnk",NA
"37157040501","tract",2023,"education_rnk",20.1957
"37157040502","tract",2023,"education_rnk",NA
"37157040601","tract",2023,"education_rnk",NA
"37157040602","tract",2023,"education_rnk",13.812
"37157040700","tract",2023,"education_rnk",NA
"37157040800","tract",2023,"education_rnk",39.8633
"37157040900","tract",2023,"education_rnk",11.5176
"37157041001","tract",2023,"education_rnk",45.5227
"37157041002","tract",2023,"education_rnk",22.9773
"37157041100","tract",2023,"education_rnk",26.3595
"37157041200","tract",2023,"education_rnk",4.3436
"37157041300","tract",2023,"education_rnk",15.2212
"37157041400","tract",2023,"education_rnk",NA
"37157041501","tract",2023,"education_rnk",19.0077
"37157041502","tract",2023,"education_rnk",20.6251
"37157041601","tract",2023,"education_rnk",23.0287
"37157041602","tract",2023,"education_rnk",46.8476
"37159050201","tract",2023,"education_rnk",39.2864
"37159050202","tract",2023,"education_rnk",41.4464
"37159050300","tract",2023,"education_rnk",33.5638
"37159050400","tract",2023,"education_rnk",30.8731
"37159050500","tract",2023,"education_rnk",81.7048
"37159050700","tract",2023,"education_rnk",18.7101
"37159050800","tract",2023,"education_rnk",16.1286
"37159050901","tract",2023,"education_rnk",53.8675
"37159050903","tract",2023,"education_rnk",46.3919
"37159050904","tract",2023,"education_rnk",20.7462
"37159051001","tract",2023,"education_rnk",39.5999
"37159051002","tract",2023,"education_rnk",59.2437
"37159051101","tract",2023,"education_rnk",33.6613
"37159051102","tract",2023,"education_rnk",59.2437
"37159051201","tract",2023,"education_rnk",14.4152
"37159051202","tract",2023,"education_rnk",34.8927
"37159051204","tract",2023,"education_rnk",39.3799
"37159051301","tract",2023,"education_rnk",19.6715
"37159051302","tract",2023,"education_rnk",24.5697
"37159051303","tract",2023,"education_rnk",30.017
"37159051400","tract",2023,"education_rnk",7.5915
"37159051501","tract",2023,"education_rnk",22.2938
"37159051502","tract",2023,"education_rnk",15.1856
"37159051600","tract",2023,"education_rnk",47.8749
"37159051700","tract",2023,"education_rnk",29.6166
"37159051801","tract",2023,"education_rnk",22.2332
"37159051802","tract",2023,"education_rnk",54.6024
"37159051901","tract",2023,"education_rnk",62.8854
"37159051903","tract",2023,"education_rnk",54.1006
"37159051904","tract",2023,"education_rnk",22.4795
"37159052000","tract",2023,"education_rnk",14.3572
"37161960101","tract",2023,"education_rnk",43.7591
"37161960102","tract",2023,"education_rnk",19.2264
"37161960103","tract",2023,"education_rnk",14.5535
"37161960201","tract",2023,"education_rnk",19.873
"37161960202","tract",2023,"education_rnk",30.9139
"37161960203","tract",2023,"education_rnk",59.17
"37161960301","tract",2023,"education_rnk",71.4845
"37161960302","tract",2023,"education_rnk",74.7982
"37161960400","tract",2023,"education_rnk",33.5638
"37161960501","tract",2023,"education_rnk",51.4889
"37161960502","tract",2023,"education_rnk",22.8614
"37161960503","tract",2023,"education_rnk",75.4791
"37161960600","tract",2023,"education_rnk",21.7433
"37161960700","tract",2023,"education_rnk",35.1206
"37161960800","tract",2023,"education_rnk",21.5668
"37161960900","tract",2023,"education_rnk",29.049
"37161961001","tract",2023,"education_rnk",26.1923
"37161961002","tract",2023,"education_rnk",19.5504
"37161961102","tract",2023,"education_rnk",24.2786
"37161961103","tract",2023,"education_rnk",22.0383
"37161961104","tract",2023,"education_rnk",5.3854
"37161961200","tract",2023,"education_rnk",24.2786
"37163970101","tract",2023,"education_rnk",13.5301
"37163970102","tract",2023,"education_rnk",8.4739
"37163970201","tract",2023,"education_rnk",38.1893
"37163970202","tract",2023,"education_rnk",23.1288
"37163970302","tract",2023,"education_rnk",15.4912
"37163970303","tract",2023,"education_rnk",7.6099
"37163970304","tract",2023,"education_rnk",35.7264
"37163970401","tract",2023,"education_rnk",34.0077
"37163970402","tract",2023,"education_rnk",30.5096
"37163970501","tract",2023,"education_rnk",44.0924
"37163970502","tract",2023,"education_rnk",18.4282
"37163970600","tract",2023,"education_rnk",22.4347
"37163970701","tract",2023,"education_rnk",28.6657
"37163970702","tract",2023,"education_rnk",18.8655
"37163970801","tract",2023,"education_rnk",39.9239
"37163970802","tract",2023,"education_rnk",7.1542
"37163970900","tract",2023,"education_rnk",49.2776
"37163971001","tract",2023,"education_rnk",8.5161
"37163971002","tract",2023,"education_rnk",24.3589
"37163971003","tract",2023,"education_rnk",9.7133
"37165010101","tract",2023,"education_rnk",48.648
"37165010102","tract",2023,"education_rnk",25.8498
"37165010200","tract",2023,"education_rnk",8.7874
"37165010300","tract",2023,"education_rnk",9.5039
"37165010400","tract",2023,"education_rnk",NA
"37165010501","tract",2023,"education_rnk",NA
"37165010502","tract",2023,"education_rnk",NA
"37165010601","tract",2023,"education_rnk",29.1135
"37165010602","tract",2023,"education_rnk",NA
"37167930101","tract",2023,"education_rnk",31.8648
"37167930102","tract",2023,"education_rnk",28.2521
"37167930200","tract",2023,"education_rnk",18.0423
"37167930300","tract",2023,"education_rnk",30.0025
"37167930500","tract",2023,"education_rnk",18.2899
"37167930700","tract",2023,"education_rnk",60.9256
"37167930801","tract",2023,"education_rnk",40.6087
"37167930802","tract",2023,"education_rnk",16.7687
"37167930901","tract",2023,"education_rnk",29.3914
"37167930902","tract",2023,"education_rnk",51.4889
"37167931001","tract",2023,"education_rnk",24.5552
"37167931002","tract",2023,"education_rnk",32.792
"37167931101","tract",2023,"education_rnk",38.1643
"37167931102","tract",2023,"education_rnk",20.8661
"37167931202","tract",2023,"education_rnk",34.4884
"37167931203","tract",2023,"education_rnk",24.1126
"37167931204","tract",2023,"education_rnk",48.3649
"37169070101","tract",2023,"education_rnk",23.6556
"37169070102","tract",2023,"education_rnk",48.6046
"37169070200","tract",2023,"education_rnk",30.9995
"37169070301","tract",2023,"education_rnk",NA
"37169070302","tract",2023,"education_rnk",25.867
"37169070400","tract",2023,"education_rnk",31.6067
"37169070503","tract",2023,"education_rnk",42.446
"37169070504","tract",2023,"education_rnk",NA
"37169070505","tract",2023,"education_rnk",NA
"37169070506","tract",2023,"education_rnk",42.3183
"37169070600","tract",2023,"education_rnk",49.5871
"37169070701","tract",2023,"education_rnk",15.2897
"37169070702","tract",2023,"education_rnk",20.6606
"37171930101","tract",2023,"education_rnk",25.2176
"37171930102","tract",2023,"education_rnk",27.6713
"37171930201","tract",2023,"education_rnk",9.5684
"37171930202","tract",2023,"education_rnk",22.5361
"37171930301","tract",2023,"education_rnk",52.2963
"37171930302","tract",2023,"education_rnk",58.4351
"37171930400","tract",2023,"education_rnk",8.524
"37171930501","tract",2023,"education_rnk",60.0392
"37171930502","tract",2023,"education_rnk",12.3961
"37171930600","tract",2023,"education_rnk",10.493
"37171930700","tract",2023,"education_rnk",36.7946
"37171930802","tract",2023,"education_rnk",17.1415
"37171930803","tract",2023,"education_rnk",28.0664
"37171930804","tract",2023,"education_rnk",25.6786
"37171930901","tract",2023,"education_rnk",13.3576
"37171930902","tract",2023,"education_rnk",36.1466
"37171931001","tract",2023,"education_rnk",22.926
"37171931002","tract",2023,"education_rnk",6.3666
"37171931003","tract",2023,"education_rnk",3.2241
"37171931101","tract",2023,"education_rnk",9.9727
"37171931102","tract",2023,"education_rnk",41.179
"37171931103","tract",2023,"education_rnk",36.842
"37171931200","tract",2023,"education_rnk",57.8398
"37173940100","tract",2023,"education_rnk",20.5302
"37173960200","tract",2023,"education_rnk",23.9506
"37173960301","tract",2023,"education_rnk",35.3379
"37173960302","tract",2023,"education_rnk",45.8585
"37173980200","tract",2023,"education_rnk",NA
"37175960100","tract",2023,"education_rnk",55.4059
"37175960201","tract",2023,"education_rnk",69.7209
"37175960202","tract",2023,"education_rnk",49.4409
"37175960301","tract",2023,"education_rnk",50.1561
"37175960302","tract",2023,"education_rnk",65.1086
"37175960401","tract",2023,"education_rnk",69.5905
"37175960403","tract",2023,"education_rnk",83.1259
"37175960404","tract",2023,"education_rnk",67.4529
"37175960501","tract",2023,"education_rnk",30.956
"37175960502","tract",2023,"education_rnk",30.0381
"37175960601","tract",2023,"education_rnk",46.6158
"37175960602","tract",2023,"education_rnk",37.2397
"37177960100","tract",2023,"education_rnk",11.4571
"37179020100","tract",2023,"education_rnk",37.4254
"37179020203","tract",2023,"education_rnk",NA
"37179020204","tract",2023,"education_rnk",60.0761
"37179020205","tract",2023,"education_rnk",40.747
"37179020206","tract",2023,"education_rnk",38.4501
"37179020305","tract",2023,"education_rnk",57.442
"37179020307","tract",2023,"education_rnk",40.0187
"37179020308","tract",2023,"education_rnk",NA
"37179020309","tract",2023,"education_rnk",NA
"37179020310","tract",2023,"education_rnk",NA
"37179020312","tract",2023,"education_rnk",NA
"37179020313","tract",2023,"education_rnk",58.418
"37179020314","tract",2023,"education_rnk",NA
"37179020315","tract",2023,"education_rnk",77.6667
"37179020316","tract",2023,"education_rnk",64.2486
"37179020317","tract",2023,"education_rnk",NA
"37179020318","tract",2023,"education_rnk",52.9074
"37179020319","tract",2023,"education_rnk",50.3563
"37179020320","tract",2023,"education_rnk",NA
"37179020321","tract",2023,"education_rnk",12.5739
"37179020401","tract",2023,"education_rnk",NA
"37179020403","tract",2023,"education_rnk",22.0093
"37179020405","tract",2023,"education_rnk",20.7462
"37179020406","tract",2023,"education_rnk",0.6164
"37179020501","tract",2023,"education_rnk",27.4843
"37179020502","tract",2023,"education_rnk",33.4585
"37179020601","tract",2023,"education_rnk",8.6175
"37179020602","tract",2023,"education_rnk",16.2327
"37179020701","tract",2023,"education_rnk",10.1097
"37179020702","tract",2023,"education_rnk",9.3564
"37179020800","tract",2023,"education_rnk",22.4439
"37179020901","tract",2023,"education_rnk",NA
"37179020902","tract",2023,"education_rnk",33.5427
"37179021004","tract",2023,"education_rnk",NA
"37179021005","tract",2023,"education_rnk",29.1411
"37179021006","tract",2023,"education_rnk",86.8597
"37179021007","tract",2023,"education_rnk",85.1937
"37179021009","tract",2023,"education_rnk",83.957
"37179021012","tract",2023,"education_rnk",73.8736
"37179021013","tract",2023,"education_rnk",67.7875
"37179021014","tract",2023,"education_rnk",44.1147
"37179021015","tract",2023,"education_rnk",NA
"37179021016","tract",2023,"education_rnk",84.1743
"37179021017","tract",2023,"education_rnk",77.9723
"37179021018","tract",2023,"education_rnk",78.237
"37179021019","tract",2023,"education_rnk",91.1494
"37179021020","tract",2023,"education_rnk",83.957
"37179021021","tract",2023,"education_rnk",75.3461
"37181960100","tract",2023,"education_rnk",51.942
"37181960200","tract",2023,"education_rnk",37.191
"37181960300","tract",2023,"education_rnk",54.8237
"37181960400","tract",2023,"education_rnk",41.8863
"37181960500","tract",2023,"education_rnk",NA
"37181960600","tract",2023,"education_rnk",7.2438
"37181960700","tract",2023,"education_rnk",6.0124
"37181960800","tract",2023,"education_rnk",5.1615
"37181960901","tract",2023,"education_rnk",10.8881
"37181960902","tract",2023,"education_rnk",NA
"37181960903","tract",2023,"education_rnk",14.9038
"37181961000","tract",2023,"education_rnk",19.8098
"37183050100","tract",2023,"education_rnk",91.1125
"37183050300","tract",2023,"education_rnk",97.7136
"37183050400","tract",2023,"education_rnk",92.3584
"37183050500","tract",2023,"education_rnk",83.9398
"37183050600","tract",2023,"education_rnk",74.6862
"37183050700","tract",2023,"education_rnk",39.7698
"37183050800","tract",2023,"education_rnk",NA
"37183050900","tract",2023,"education_rnk",47.6076
"37183051000","tract",2023,"education_rnk",90.9558
"37183051101","tract",2023,"education_rnk",NA
"37183051102","tract",2023,"education_rnk",NA
"37183051200","tract",2023,"education_rnk",90.8465
"37183051400","tract",2023,"education_rnk",85.1186
"37183051501","tract",2023,"education_rnk",95.6972
"37183051502","tract",2023,"education_rnk",95.2705
"37183051600","tract",2023,"education_rnk",98.056
"37183051700","tract",2023,"education_rnk",97.7584
"37183051800","tract",2023,"education_rnk",96.091
"37183051900","tract",2023,"education_rnk",37.9127
"37183052001","tract",2023,"education_rnk",39.135
"37183052002","tract",2023,"education_rnk",50.6105
"37183052101","tract",2023,"education_rnk",7.5336
"37183052102","tract",2023,"education_rnk",24.3721
"37183052303","tract",2023,"education_rnk",88.1821
"37183052304","tract",2023,"education_rnk",74.0777
"37183052305","tract",2023,"education_rnk",70.444
"37183052306","tract",2023,"education_rnk",91.2824
"37183052307","tract",2023,"education_rnk",83.1259
"37183052401","tract",2023,"education_rnk",86.7886
"37183052404","tract",2023,"education_rnk",72.8568
"37183052407","tract",2023,"education_rnk",82.7821
"37183052408","tract",2023,"education_rnk",59.2793
"37183052409","tract",2023,"education_rnk",26.9285
"37183052410","tract",2023,"education_rnk",36.9803
"37183052411","tract",2023,"education_rnk",51.0451
"37183052504","tract",2023,"education_rnk",93.5227
"37183052505","tract",2023,"education_rnk",78.0539
"37183052506","tract",2023,"education_rnk",71.3923
"37183052507","tract",2023,"education_rnk",82.279
"37183052508","tract",2023,"education_rnk",89.3635
"37183052509","tract",2023,"education_rnk",89.3477
"37183052601","tract",2023,"education_rnk",94.0193
"37183052602","tract",2023,"education_rnk",95.9698
"37183052603","tract",2023,"education_rnk",97.8677
"37183052701","tract",2023,"education_rnk",22.2661
"37183052704","tract",2023,"education_rnk",7.5059
"37183052705","tract",2023,"education_rnk",33.9379
"37183052706","tract",2023,"education_rnk",28.5287
"37183052707","tract",2023,"education_rnk",32.2507
"37183052801","tract",2023,"education_rnk",71.25
"37183052802","tract",2023,"education_rnk",47.5154
"37183052807","tract",2023,"education_rnk",57.2603
"37183052809","tract",2023,"education_rnk",29.8247
"37183052810","tract",2023,"education_rnk",38.7214
"37183052811","tract",2023,"education_rnk",26.615
"37183052812","tract",2023,"education_rnk",90.8465
"37183052813","tract",2023,"education_rnk",88.9907
"37183052814","tract",2023,"education_rnk",74.3411
"37183052815","tract",2023,"education_rnk",43.7051
"37183052816","tract",2023,"education_rnk",38.4501
"37183052901","tract",2023,"education_rnk",59.5598
"37183052902","tract",2023,"education_rnk",43.2995
"37183052903","tract",2023,"education_rnk",78.8323
"37183052905","tract",2023,"education_rnk",83.413
"37183052906","tract",2023,"education_rnk",40.7167
"37183053003","tract",2023,"education_rnk",84.6049
"37183053004","tract",2023,"education_rnk",91.7026
"37183053005","tract",2023,"education_rnk",98.002
"37183053006","tract",2023,"education_rnk",96.0027
"37183053007","tract",2023,"education_rnk",97.549
"37183053009","tract",2023,"education_rnk",87.3049
"37183053010","tract",2023,"education_rnk",85.6928
"37183053011","tract",2023,"education_rnk",74.49
"37183053105","tract",2023,"education_rnk",74.7033
"37183053106","tract",2023,"education_rnk",64.3776
"37183053109","tract",2023,"education_rnk",72.6039
"37183053110","tract",2023,"education_rnk",83.9504
"37183053111","tract",2023,"education_rnk",91.966
"37183053112","tract",2023,"education_rnk",61.5051
"37183053113","tract",2023,"education_rnk",65.7592
"37183053114","tract",2023,"education_rnk",54.6512
"37183053115","tract",2023,"education_rnk",50.8844
"37183053202","tract",2023,"education_rnk",63.4478
"37183053203","tract",2023,"education_rnk",88.3678
"37183053204","tract",2023,"education_rnk",72.7251
"37183053205","tract",2023,"education_rnk",92.2952
"37183053206","tract",2023,"education_rnk",71.2118
"37183053208","tract",2023,"education_rnk",91.6657
"37183053209","tract",2023,"education_rnk",82.8111
"37183053210","tract",2023,"education_rnk",85.706
"37183053211","tract",2023,"education_rnk",91.7605
"37183053405","tract",2023,"education_rnk",84.3942
"37183053408","tract",2023,"education_rnk",90.2577
"37183053409","tract",2023,"education_rnk",92.7615
"37183053410","tract",2023,"education_rnk",98.0613
"37183053411","tract",2023,"education_rnk",89.2489
"37183053415","tract",2023,"education_rnk",92.9393
"37183053417","tract",2023,"education_rnk",85.9602
"37183053419","tract",2023,"education_rnk",83.201
"37183053421","tract",2023,"education_rnk",88.9341
"37183053422","tract",2023,"education_rnk",94.0298
"37183053423","tract",2023,"education_rnk",95.9843
"37183053424","tract",2023,"education_rnk",90.857
"37183053425","tract",2023,"education_rnk",97.2737
"37183053426","tract",2023,"education_rnk",90.0655
"37183053427","tract",2023,"education_rnk",90.5817
"37183053428","tract",2023,"education_rnk",87.9081
"37183053429","tract",2023,"education_rnk",91.0941
"37183053430","tract",2023,"education_rnk",86.8387
"37183053431","tract",2023,"education_rnk",65.2469
"37183053432","tract",2023,"education_rnk",81.905
"37183053433","tract",2023,"education_rnk",84.0386
"37183053434","tract",2023,"education_rnk",79.7845
"37183053435","tract",2023,"education_rnk",95.6893
"37183053436","tract",2023,"education_rnk",72.9029
"37183053505","tract",2023,"education_rnk",79.857
"37183053506","tract",2023,"education_rnk",84.4996
"37183053507","tract",2023,"education_rnk",66.4454
"37183053509","tract",2023,"education_rnk",97.5872
"37183053512","tract",2023,"education_rnk",95.4074
"37183053513","tract",2023,"education_rnk",46.3274
"37183053516","tract",2023,"education_rnk",62.9275
"37183053517","tract",2023,"education_rnk",8.2013
"37183053518","tract",2023,"education_rnk",78.3832
"37183053519","tract",2023,"education_rnk",71.9718
"37183053520","tract",2023,"education_rnk",80.8408
"37183053521","tract",2023,"education_rnk",87.0296
"37183053522","tract",2023,"education_rnk",97.9862
"37183053523","tract",2023,"education_rnk",95.2652
"37183053524","tract",2023,"education_rnk",86.2737
"37183053525","tract",2023,"education_rnk",85.1792
"37183053603","tract",2023,"education_rnk",91.0216
"37183053604","tract",2023,"education_rnk",86.2407
"37183053608","tract",2023,"education_rnk",96.4176
"37183053609","tract",2023,"education_rnk",88.1412
"37183053611","tract",2023,"education_rnk",82.6412
"37183053612","tract",2023,"education_rnk",96.5269
"37183053613","tract",2023,"education_rnk",89.7797
"37183053614","tract",2023,"education_rnk",93.2712
"37183053615","tract",2023,"education_rnk",95.9158
"37183053616","tract",2023,"education_rnk",93.4608
"37183053617","tract",2023,"education_rnk",90.1958
"37183053618","tract",2023,"education_rnk",99.3625
"37183053619","tract",2023,"education_rnk",97.9586
"37183053620","tract",2023,"education_rnk",89.2489
"37183053711","tract",2023,"education_rnk",88.4521
"37183053712","tract",2023,"education_rnk",91.8514
"37183053713","tract",2023,"education_rnk",74.4715
"37183053714","tract",2023,"education_rnk",86.0932
"37183053715","tract",2023,"education_rnk",91.4642
"37183053716","tract",2023,"education_rnk",69.8592
"37183053717","tract",2023,"education_rnk",88.7905
"37183053718","tract",2023,"education_rnk",85.3096
"37183053719","tract",2023,"education_rnk",90.3302
"37183053720","tract",2023,"education_rnk",96.3425
"37183053721","tract",2023,"education_rnk",96.1055
"37183053722","tract",2023,"education_rnk",98.6224
"37183053723","tract",2023,"education_rnk",50.0691
"37183053724","tract",2023,"education_rnk",92.9827
"37183053725","tract",2023,"education_rnk",94.2339
"37183053726","tract",2023,"education_rnk",73.5206
"37183053727","tract",2023,"education_rnk",81.7153
"37183053728","tract",2023,"education_rnk",45.0472
"37183053729","tract",2023,"education_rnk",91.9159
"37183053730","tract",2023,"education_rnk",75.7688
"37183053803","tract",2023,"education_rnk",98.3418
"37183053804","tract",2023,"education_rnk",94.6014
"37183053805","tract",2023,"education_rnk",94.1773
"37183053806","tract",2023,"education_rnk",92.7839
"37183053807","tract",2023,"education_rnk",84.3218
"37183053808","tract",2023,"education_rnk",96.735
"37183053901","tract",2023,"education_rnk",89.9943
"37183053902","tract",2023,"education_rnk",94.928
"37183054001","tract",2023,"education_rnk",75.5357
"37183054004","tract",2023,"education_rnk",80.0756
"37183054006","tract",2023,"education_rnk",60.8124
"37183054007","tract",2023,"education_rnk",83.0772
"37183054008","tract",2023,"education_rnk",46.2365
"37183054011","tract",2023,"education_rnk",92.7391
"37183054012","tract",2023,"education_rnk",95.6643
"37183054015","tract",2023,"education_rnk",66.4665
"37183054016","tract",2023,"education_rnk",84.9289
"37183054017","tract",2023,"education_rnk",58.8644
"37183054018","tract",2023,"education_rnk",67.3476
"37183054019","tract",2023,"education_rnk",94.1049
"37183054020","tract",2023,"education_rnk",85.2345
"37183054021","tract",2023,"education_rnk",96.4044
"37183054022","tract",2023,"education_rnk",32.792
"37183054023","tract",2023,"education_rnk",57.8398
"37183054106","tract",2023,"education_rnk",14.9775
"37183054108","tract",2023,"education_rnk",20.2971
"37183054109","tract",2023,"education_rnk",62.6167
"37183054111","tract",2023,"education_rnk",37.0804
"37183054112","tract",2023,"education_rnk",56.1263
"37183054113","tract",2023,"education_rnk",45.8585
"37183054114","tract",2023,"education_rnk",77.182
"37183054115","tract",2023,"education_rnk",64.1129
"37183054116","tract",2023,"education_rnk",52.4794
"37183054117","tract",2023,"education_rnk",61.5051
"37183054118","tract",2023,"education_rnk",76.156
"37183054119","tract",2023,"education_rnk",55.448
"37183054120","tract",2023,"education_rnk",88.8617
"37183054121","tract",2023,"education_rnk",69.094
"37183054203","tract",2023,"education_rnk",88.0161
"37183054204","tract",2023,"education_rnk",81.7878
"37183054206","tract",2023,"education_rnk",88.6826
"37183054212","tract",2023,"education_rnk",76.9976
"37183054213","tract",2023,"education_rnk",84.9632
"37183054214","tract",2023,"education_rnk",53.1695
"37183054215","tract",2023,"education_rnk",78.856
"37183054216","tract",2023,"education_rnk",91.8
"37183054217","tract",2023,"education_rnk",87.2509
"37183054218","tract",2023,"education_rnk",72.7501
"37183054219","tract",2023,"education_rnk",92.0331
"37183054220","tract",2023,"education_rnk",52.9614
"37183054221","tract",2023,"education_rnk",85.9602
"37183054222","tract",2023,"education_rnk",94.5698
"37183054223","tract",2023,"education_rnk",74.947
"37183054224","tract",2023,"education_rnk",54.3364
"37183054303","tract",2023,"education_rnk",18.7825
"37183054304","tract",2023,"education_rnk",69.796
"37183054305","tract",2023,"education_rnk",41.1566
"37183054306","tract",2023,"education_rnk",1.9861
"37183054402","tract",2023,"education_rnk",51.4099
"37183054403","tract",2023,"education_rnk",24.9068
"37183054404","tract",2023,"education_rnk",48.9417
"37183054501","tract",2023,"education_rnk",62.3375
"37183054502","tract",2023,"education_rnk",5.8662
"37183980100","tract",2023,"education_rnk",NA
"37183980200","tract",2023,"education_rnk",NA
"37185950101","tract",2023,"education_rnk",81.9616
"37185950102","tract",2023,"education_rnk",43.6235
"37185950103","tract",2023,"education_rnk",9.7739
"37185950201","tract",2023,"education_rnk",30.0025
"37185950202","tract",2023,"education_rnk",11.5874
"37185950300","tract",2023,"education_rnk",34.3198
"37185950400","tract",2023,"education_rnk",13.75
"37187950100","tract",2023,"education_rnk",19.4924
"37187950201","tract",2023,"education_rnk",57.3103
"37187950202","tract",2023,"education_rnk",NA
"37187950300","tract",2023,"education_rnk",NA
"37189920100","tract",2023,"education_rnk",55.9011
"37189920200","tract",2023,"education_rnk",44.1529
"37189920300","tract",2023,"education_rnk",79.4829
"37189920400","tract",2023,"education_rnk",53.8386
"37189920500","tract",2023,"education_rnk",NA
"37189920601","tract",2023,"education_rnk",50.1561
"37189920602","tract",2023,"education_rnk",79.9149
"37189920701","tract",2023,"education_rnk",37.4254
"37189920702","tract",2023,"education_rnk",78.7691
"37189920703","tract",2023,"education_rnk",63.8087
"37189920800","tract",2023,"education_rnk",68.3275
"37189920900","tract",2023,"education_rnk",55.2662
"37189921000","tract",2023,"education_rnk",64.0602
"37191000102","tract",2023,"education_rnk",49.6121
"37191000103","tract",2023,"education_rnk",35.2207
"37191000104","tract",2023,"education_rnk",40.3361
"37191000200","tract",2023,"education_rnk",20.3327
"37191000302","tract",2023,"education_rnk",38.8676
"37191000303","tract",2023,"education_rnk",66.1135
"37191000304","tract",2023,"education_rnk",26.2739
"37191000401","tract",2023,"education_rnk",53.4434
"37191000402","tract",2023,"education_rnk",24.1126
"37191000500","tract",2023,"education_rnk",66.4072
"37191000601","tract",2023,"education_rnk",3.6377
"37191000603","tract",2023,"education_rnk",1.5647
"37191000604","tract",2023,"education_rnk",0.8969
"37191000700","tract",2023,"education_rnk",7.7482
"37191000800","tract",2023,"education_rnk",9.4341
"37191000901","tract",2023,"education_rnk",23.5002
"37191000902","tract",2023,"education_rnk",19.1671
"37191001000","tract",2023,"education_rnk",26.5571
"37191001102","tract",2023,"education_rnk",43.6393
"37191001103","tract",2023,"education_rnk",16.9031
"37191001104","tract",2023,"education_rnk",47.6076
"37191001200","tract",2023,"education_rnk",40.4955
"37191001301","tract",2023,"education_rnk",44.4664
"37191001302","tract",2023,"education_rnk",60.682
"37191001401","tract",2023,"education_rnk",18.6745
"37191001402","tract",2023,"education_rnk",17.987
"37191001500","tract",2023,"education_rnk",42.8003
"37191001800","tract",2023,"education_rnk",3.3453
"37191001900","tract",2023,"education_rnk",17.8514
"37191002000","tract",2023,"education_rnk",11.5953
"37193960101","tract",2023,"education_rnk",35.6105
"37193960102","tract",2023,"education_rnk",21.0281
"37193960200","tract",2023,"education_rnk",11.1568
"37193960300","tract",2023,"education_rnk",24.6618
"37193960401","tract",2023,"education_rnk",18.1938
"37193960402","tract",2023,"education_rnk",22.1924
"37193960500","tract",2023,"education_rnk",7.365
"37193960600","tract",2023,"education_rnk",24.5064
"37193960700","tract",2023,"education_rnk",10.2625
"37193960801","tract",2023,"education_rnk",22.843
"37193960802","tract",2023,"education_rnk",18.2899
"37193960901","tract",2023,"education_rnk",44.4664
"37193960902","tract",2023,"education_rnk",10.4666
"37193961001","tract",2023,"education_rnk",31.637
"37193961002","tract",2023,"education_rnk",29.7944
"37193961100","tract",2023,"education_rnk",20.2405
"37193961201","tract",2023,"education_rnk",18.8431
"37193961202","tract",2023,"education_rnk",12.6529
"37195000100","tract",2023,"education_rnk",3.3005
"37195000200","tract",2023,"education_rnk",5.824
"37195000300","tract",2023,"education_rnk",6.6222
"37195000401","tract",2023,"education_rnk",15.2344
"37195000402","tract",2023,"education_rnk",35.9227
"37195000501","tract",2023,"education_rnk",63.324
"37195000502","tract",2023,"education_rnk",64.5699
"37195000601","tract",2023,"education_rnk",35.8687
"37195000602","tract",2023,"education_rnk",46.7041
"37195000701","tract",2023,"education_rnk",6.0295
"37195000702","tract",2023,"education_rnk",3.7101
"37195000801","tract",2023,"education_rnk",4.4793
"37195000802","tract",2023,"education_rnk",18.4137
"37195000900","tract",2023,"education_rnk",25.1663
"37195001000","tract",2023,"education_rnk",29.1675
"37195001100","tract",2023,"education_rnk",52.7691
"37195001200","tract",2023,"education_rnk",9.928
"37195001301","tract",2023,"education_rnk",32.3508
"37195001302","tract",2023,"education_rnk",35.3563
"37195001401","tract",2023,"education_rnk",70.4242
"37195001402","tract",2023,"education_rnk",45.2026
"37195001501","tract",2023,"education_rnk",23.7979
"37195001502","tract",2023,"education_rnk",56.0446
"37195001600","tract",2023,"education_rnk",40.1465
"37195001700","tract",2023,"education_rnk",8.8651
"37197050101","tract",2023,"education_rnk",52.2489
"37197050102","tract",2023,"education_rnk",24.7777
"37197050200","tract",2023,"education_rnk",42.6475
"37197050300","tract",2023,"education_rnk",25.3125
"37197050401","tract",2023,"education_rnk",3.1609
"37197050402","tract",2023,"education_rnk",NA
"37197050502","tract",2023,"education_rnk",48.5809
"37197050503","tract",2023,"education_rnk",14.5864
"37197050504","tract",2023,"education_rnk",32.5233
"37199960101","tract",2023,"education_rnk",25.3493
"37199960102","tract",2023,"education_rnk",37.299
"37199960200","tract",2023,"education_rnk",45.2777
"37199960300","tract",2023,"education_rnk",20.7989
"37199960400","tract",2023,"education_rnk",41.8257
"37001020100","tract",2023,"education_state_rnk",66.2354
"37001020200","tract",2023,"education_state_rnk",1.7947
"37001020301","tract",2023,"education_state_rnk",3.1302
"37001020302","tract",2023,"education_state_rnk",1.7112
"37001020400","tract",2023,"education_state_rnk",11.8114
"37001020501","tract",2023,"education_state_rnk",38.919
"37001020502","tract",2023,"education_state_rnk",10.1419
"37001020601","tract",2023,"education_state_rnk",93.0718
"37001020602","tract",2023,"education_state_rnk",58.5351
"37001020701","tract",2023,"education_state_rnk",70.722
"37001020702","tract",2023,"education_state_rnk",58.7646
"37001020801","tract",2023,"education_state_rnk",30.7387
"37001020802","tract",2023,"education_state_rnk",12.4374
"37001020901","tract",2023,"education_state_rnk",47.4541
"37001020902","tract",2023,"education_state_rnk",57.9299
"37001021000","tract",2023,"education_state_rnk",27.9007
"37001021101","tract",2023,"education_state_rnk",63.8982
"37001021102","tract",2023,"education_state_rnk",47.1202
"37001021201","tract",2023,"education_state_rnk",14.7746
"37001021204","tract",2023,"education_state_rnk",54.591
"37001021205","tract",2023,"education_state_rnk",61.6444
"37001021206","tract",2023,"education_state_rnk",59.808
"37001021207","tract",2023,"education_state_rnk",78.3806
"37001021300","tract",2023,"education_state_rnk",54.8831
"37001021400","tract",2023,"education_state_rnk",57.429
"37001021500","tract",2023,"education_state_rnk",60.121
"37001021600","tract",2023,"education_state_rnk",48.0384
"37001021701","tract",2023,"education_state_rnk",78.7354
"37001021702","tract",2023,"education_state_rnk",69.2195
"37001021703","tract",2023,"education_state_rnk",77.0242
"37001021801","tract",2023,"education_state_rnk",58.8689
"37001021802","tract",2023,"education_state_rnk",45.6177
"37001021803","tract",2023,"education_state_rnk",27.1285
"37001021901","tract",2023,"education_state_rnk",62.7295
"37001021902","tract",2023,"education_state_rnk",21.3272
"37001022001","tract",2023,"education_state_rnk",59.3489
"37001022002","tract",2023,"education_state_rnk",15.3172
"37003040100","tract",2023,"education_state_rnk",NA
"37003040200","tract",2023,"education_state_rnk",33.5977
"37003040300","tract",2023,"education_state_rnk",4.9666
"37003040400","tract",2023,"education_state_rnk",12.8548
"37003040500","tract",2023,"education_state_rnk",20.4508
"37003040600","tract",2023,"education_state_rnk",16.2354
"37003040700","tract",2023,"education_state_rnk",43.2805
"37005950100","tract",2023,"education_state_rnk",29.7997
"37005950200","tract",2023,"education_state_rnk",18.4474
"37005950300","tract",2023,"education_state_rnk",29.7371
"37007920100","tract",2023,"education_state_rnk",29.111
"37007920200","tract",2023,"education_state_rnk",10.6427
"37007920301","tract",2023,"education_state_rnk",13.3139
"37007920302","tract",2023,"education_state_rnk",NA
"37007920400","tract",2023,"education_state_rnk",29.5492
"37007920501","tract",2023,"education_state_rnk",3.6311
"37007920502","tract",2023,"education_state_rnk",28.6937
"37007920600","tract",2023,"education_state_rnk",9.808
"37007980000","tract",2023,"education_state_rnk",NA
"37009970200","tract",2023,"education_state_rnk",13.3139
"37009970300","tract",2023,"education_state_rnk",33.6394
"37009970400","tract",2023,"education_state_rnk",21.7028
"37009970501","tract",2023,"education_state_rnk",67.3623
"37009970502","tract",2023,"education_state_rnk",19.1569
"37009970701","tract",2023,"education_state_rnk",63.1678
"37009970702","tract",2023,"education_state_rnk",37.7504
"37009970801","tract",2023,"education_state_rnk",53.6311
"37009970802","tract",2023,"education_state_rnk",43.7396
"37011930100","tract",2023,"education_state_rnk",31.4274
"37011930200","tract",2023,"education_state_rnk",82.7421
"37011930301","tract",2023,"education_state_rnk",27.0868
"37011930302","tract",2023,"education_state_rnk",37.3539
"37011930400","tract",2023,"education_state_rnk",NA
"37013930101","tract",2023,"education_state_rnk",29.4658
"37013930102","tract",2023,"education_state_rnk",19.616
"37013930200","tract",2023,"education_state_rnk",70.2838
"37013930300","tract",2023,"education_state_rnk",50.2087
"37013930400","tract",2023,"education_state_rnk",25.626
"37013930501","tract",2023,"education_state_rnk",11.1853
"37013930502","tract",2023,"education_state_rnk",27.8381
"37013930600","tract",2023,"education_state_rnk",67.7588
"37013930700","tract",2023,"education_state_rnk",53.6937
"37013930800","tract",2023,"education_state_rnk",23.3514
"37013930900","tract",2023,"education_state_rnk",41.4441
"37013931001","tract",2023,"education_state_rnk",22.7045
"37013931002","tract",2023,"education_state_rnk",23.3514
"37015960100","tract",2023,"education_state_rnk",47.5167
"37015960200","tract",2023,"education_state_rnk",12.2287
"37015960300","tract",2023,"education_state_rnk",13.7104
"37015960401","tract",2023,"education_state_rnk",34.6411
"37015960402","tract",2023,"education_state_rnk",NA
"37017950101","tract",2023,"education_state_rnk",38.0008
"37017950102","tract",2023,"education_state_rnk",NA
"37017950200","tract",2023,"education_state_rnk",NA
"37017950301","tract",2023,"education_state_rnk",10.7679
"37017950302","tract",2023,"education_state_rnk",30.8848
"37017950401","tract",2023,"education_state_rnk",44.303
"37017950402","tract",2023,"education_state_rnk",46.2855
"37017950501","tract",2023,"education_state_rnk",NA
"37017950502","tract",2023,"education_state_rnk",27.9841
"37017950601","tract",2023,"education_state_rnk",29.4658
"37017950602","tract",2023,"education_state_rnk",38.773
"37019020101","tract",2023,"education_state_rnk",21.1185
"37019020102","tract",2023,"education_state_rnk",59.2654
"37019020105","tract",2023,"education_state_rnk",70.4716
"37019020106","tract",2023,"education_state_rnk",62.5417
"37019020107","tract",2023,"education_state_rnk",50.5008
"37019020108","tract",2023,"education_state_rnk",47.1202
"37019020201","tract",2023,"education_state_rnk",50.8765
"37019020203","tract",2023,"education_state_rnk",51.586
"37019020204","tract",2023,"education_state_rnk",46.8072
"37019020205","tract",2023,"education_state_rnk",79.3823
"37019020206","tract",2023,"education_state_rnk",60.121
"37019020304","tract",2023,"education_state_rnk",81.803
"37019020305","tract",2023,"education_state_rnk",77.3998
"37019020306","tract",2023,"education_state_rnk",94.8038
"37019020307","tract",2023,"education_state_rnk",99.4574
"37019020308","tract",2023,"education_state_rnk",72.2871
"37019020311","tract",2023,"education_state_rnk",65.5676
"37019020312","tract",2023,"education_state_rnk",53.6937
"37019020313","tract",2023,"education_state_rnk",82.8673
"37019020314","tract",2023,"education_state_rnk",94.4491
"37019020315","tract",2023,"education_state_rnk",66.6528
"37019020316","tract",2023,"education_state_rnk",92.3623
"37019020404","tract",2023,"education_state_rnk",36.2062
"37019020405","tract",2023,"education_state_rnk",18.9691
"37019020406","tract",2023,"education_state_rnk",74.6244
"37019020407","tract",2023,"education_state_rnk",43.8648
"37019020408","tract",2023,"education_state_rnk",5.8639
"37019020409","tract",2023,"education_state_rnk",32.5125
"37019020504","tract",2023,"education_state_rnk",84.3072
"37019020505","tract",2023,"education_state_rnk",31.3439
"37019020508","tract",2023,"education_state_rnk",88.3765
"37019020510","tract",2023,"education_state_rnk",67.6544
"37019020511","tract",2023,"education_state_rnk",42.1119
"37019020512","tract",2023,"education_state_rnk",91.0267
"37019020513","tract",2023,"education_state_rnk",62.9174
"37019020514","tract",2023,"education_state_rnk",71.5359
"37019020515","tract",2023,"education_state_rnk",84.0985
"37019020516","tract",2023,"education_state_rnk",78.0467
"37019020517","tract",2023,"education_state_rnk",56.2187
"37019020518","tract",2023,"education_state_rnk",79.0484
"37019020601","tract",2023,"education_state_rnk",33.2429
"37019020602","tract",2023,"education_state_rnk",34.7663
"37019020603","tract",2023,"education_state_rnk",36.394
"37019990100","tract",2023,"education_state_rnk",NA
"37021000100","tract",2023,"education_state_rnk",NA
"37021000200","tract",2023,"education_state_rnk",74.7913
"37021000300","tract",2023,"education_state_rnk",66.1937
"37021000400","tract",2023,"education_state_rnk",63.8147
"37021000500","tract",2023,"education_state_rnk",95.2212
"37021000600","tract",2023,"education_state_rnk",79.9875
"37021000700","tract",2023,"education_state_rnk",88.5225
"37021000800","tract",2023,"education_state_rnk",89.9416
"37021000900","tract",2023,"education_state_rnk",66.9866
"37021001000","tract",2023,"education_state_rnk",63.3765
"37021001100","tract",2023,"education_state_rnk",84.2237
"37021001200","tract",2023,"education_state_rnk",79.4658
"37021001300","tract",2023,"education_state_rnk",75
"37021001401","tract",2023,"education_state_rnk",13.1469
"37021001402","tract",2023,"education_state_rnk",39.9207
"37021001500","tract",2023,"education_state_rnk",64.5868
"37021001601","tract",2023,"education_state_rnk",86.7696
"37021001602","tract",2023,"education_state_rnk",75.1669
"37021001700","tract",2023,"education_state_rnk",72.8715
"37021001801","tract",2023,"education_state_rnk",58.8689
"37021001802","tract",2023,"education_state_rnk",91.1937
"37021001900","tract",2023,"education_state_rnk",83.1803
"37021002000","tract",2023,"education_state_rnk",40.985
"37021002101","tract",2023,"education_state_rnk",68.197
"37021002102","tract",2023,"education_state_rnk",45.409
"37021002203","tract",2023,"education_state_rnk",22.7462
"37021002204","tract",2023,"education_state_rnk",84.4115
"37021002205","tract",2023,"education_state_rnk",77.4624
"37021002206","tract",2023,"education_state_rnk",84.7663
"37021002303","tract",2023,"education_state_rnk",61.1436
"37021002304","tract",2023,"education_state_rnk",72.9967
"37021002305","tract",2023,"education_state_rnk",79.7579
"37021002306","tract",2023,"education_state_rnk",60.8723
"37021002401","tract",2023,"education_state_rnk",25.6678
"37021002402","tract",2023,"education_state_rnk",44.8664
"37021002503","tract",2023,"education_state_rnk",50.626
"37021002504","tract",2023,"education_state_rnk",47.6628
"37021002505","tract",2023,"education_state_rnk",78.0885
"37021002506","tract",2023,"education_state_rnk",21.0142
"37021002603","tract",2023,"education_state_rnk",35.5593
"37021002604","tract",2023,"education_state_rnk",41.4023
"37021002606","tract",2023,"education_state_rnk",39.1903
"37021002607","tract",2023,"education_state_rnk",80.5927
"37021002608","tract",2023,"education_state_rnk",69.616
"37021002609","tract",2023,"education_state_rnk",1.1895
"37021002701","tract",2023,"education_state_rnk",74.1444
"37021002702","tract",2023,"education_state_rnk",82.5543
"37021002704","tract",2023,"education_state_rnk",58.3264
"37021002705","tract",2023,"education_state_rnk",80.8848
"37021002803","tract",2023,"education_state_rnk",16.5693
"37021002804","tract",2023,"education_state_rnk",58.6185
"37021002900","tract",2023,"education_state_rnk",41.7571
"37021003002","tract",2023,"education_state_rnk",25
"37021003003","tract",2023,"education_state_rnk",51.3356
"37021003004","tract",2023,"education_state_rnk",72.7045
"37021003103","tract",2023,"education_state_rnk",57.5125
"37021003105","tract",2023,"education_state_rnk",43.4057
"37021003106","tract",2023,"education_state_rnk",65.4007
"37021003107","tract",2023,"education_state_rnk",78.9441
"37021003108","tract",2023,"education_state_rnk",NA
"37021003201","tract",2023,"education_state_rnk",89.1486
"37021003202","tract",2023,"education_state_rnk",82.2621
"37021003203","tract",2023,"education_state_rnk",49.6244
"37021003204","tract",2023,"education_state_rnk",76.2938
"37021003205","tract",2023,"education_state_rnk",18.7604
"37023020100","tract",2023,"education_state_rnk",26.7529
"37023020202","tract",2023,"education_state_rnk",39.5659
"37023020203","tract",2023,"education_state_rnk",69.8247
"37023020204","tract",2023,"education_state_rnk",54.1945
"37023020301","tract",2023,"education_state_rnk",16.3189
"37023020303","tract",2023,"education_state_rnk",42.9466
"37023020304","tract",2023,"education_state_rnk",28.172
"37023020500","tract",2023,"education_state_rnk",18.4057
"37023020600","tract",2023,"education_state_rnk",1.3356
"37023020801","tract",2023,"education_state_rnk",50.0626
"37023020802","tract",2023,"education_state_rnk",50.1461
"37023020901","tract",2023,"education_state_rnk",56.4691
"37023020902","tract",2023,"education_state_rnk",52.0868
"37023021000","tract",2023,"education_state_rnk",32.1786
"37023021100","tract",2023,"education_state_rnk",21.5776
"37023021201","tract",2023,"education_state_rnk",55.7805
"37023021202","tract",2023,"education_state_rnk",15.192
"37023021203","tract",2023,"education_state_rnk",17.9257
"37023021301","tract",2023,"education_state_rnk",1.586
"37023021302","tract",2023,"education_state_rnk",46.5568
"37023021400","tract",2023,"education_state_rnk",17.1953
"37025040501","tract",2023,"education_state_rnk",70.2212
"37025040502","tract",2023,"education_state_rnk",56.2187
"37025040600","tract",2023,"education_state_rnk",64.5242
"37025040701","tract",2023,"education_state_rnk",17.5501
"37025040703","tract",2023,"education_state_rnk",30.9683
"37025040704","tract",2023,"education_state_rnk",33.8481
"37025040705","tract",2023,"education_state_rnk",37.1244
"37025040800","tract",2023,"education_state_rnk",41.3606
"37025040900","tract",2023,"education_state_rnk",54.1945
"37025041001","tract",2023,"education_state_rnk",41.9449
"37025041002","tract",2023,"education_state_rnk",32.9716
"37025041100","tract",2023,"education_state_rnk",28.0467
"37025041201","tract",2023,"education_state_rnk",55.8431
"37025041202","tract",2023,"education_state_rnk",67.1953
"37025041301","tract",2023,"education_state_rnk",74.7496
"37025041304","tract",2023,"education_state_rnk",80.5509
"37025041305","tract",2023,"education_state_rnk",93.7813
"37025041306","tract",2023,"education_state_rnk",84.808
"37025041307","tract",2023,"education_state_rnk",88.6477
"37025041503","tract",2023,"education_state_rnk",81.7404
"37025041504","tract",2023,"education_state_rnk",75.6469
"37025041505","tract",2023,"education_state_rnk",79.2571
"37025041506","tract",2023,"education_state_rnk",71.4733
"37025041507","tract",2023,"education_state_rnk",72.7045
"37025041602","tract",2023,"education_state_rnk",28.8189
"37025041603","tract",2023,"education_state_rnk",73.3723
"37025041604","tract",2023,"education_state_rnk",64.4407
"37025041701","tract",2023,"education_state_rnk",52.4416
"37025041702","tract",2023,"education_state_rnk",39.5033
"37025041901","tract",2023,"education_state_rnk",7.3456
"37025041902","tract",2023,"education_state_rnk",19.0735
"37025042000","tract",2023,"education_state_rnk",30.0292
"37025042101","tract",2023,"education_state_rnk",4.3406
"37025042102","tract",2023,"education_state_rnk",34.9332
"37025042201","tract",2023,"education_state_rnk",69.4073
"37025042202","tract",2023,"education_state_rnk",49.9165
"37025042300","tract",2023,"education_state_rnk",38.5434
"37025042401","tract",2023,"education_state_rnk",64.7329
"37025042402","tract",2023,"education_state_rnk",9.5576
"37025042501","tract",2023,"education_state_rnk",70.7846
"37025042502","tract",2023,"education_state_rnk",48.414
"37025042503","tract",2023,"education_state_rnk",78.2554
"37025042504","tract",2023,"education_state_rnk",90.6093
"37025042601","tract",2023,"education_state_rnk",76.6694
"37025042602","tract",2023,"education_state_rnk",68.9482
"37025042603","tract",2023,"education_state_rnk",71.9533
"37025042604","tract",2023,"education_state_rnk",54.6953
"37027030100","tract",2023,"education_state_rnk",15.9015
"37027030200","tract",2023,"education_state_rnk",5.4674
"37027030300","tract",2023,"education_state_rnk",NA
"37027030400","tract",2023,"education_state_rnk",22.2245
"37027030500","tract",2023,"education_state_rnk",36.2688
"37027030600","tract",2023,"education_state_rnk",32.1786
"37027030700","tract",2023,"education_state_rnk",NA
"37027030801","tract",2023,"education_state_rnk",30.5092
"37027030802","tract",2023,"education_state_rnk",NA
"37027030900","tract",2023,"education_state_rnk",22.4958
"37027031000","tract",2023,"education_state_rnk",29.6745
"37027031100","tract",2023,"education_state_rnk",NA
"37027031201","tract",2023,"education_state_rnk",4.3406
"37027031202","tract",2023,"education_state_rnk",19.6786
"37027031301","tract",2023,"education_state_rnk",NA
"37027031302","tract",2023,"education_state_rnk",26.0434
"37027031401","tract",2023,"education_state_rnk",16.4649
"37027031402","tract",2023,"education_state_rnk",27.212
"37027031403","tract",2023,"education_state_rnk",10.9349
"37029950101","tract",2023,"education_state_rnk",49.374
"37029950102","tract",2023,"education_state_rnk",43.6352
"37031970101","tract",2023,"education_state_rnk",64.1903
"37031970102","tract",2023,"education_state_rnk",NA
"37031970103","tract",2023,"education_state_rnk",66.7362
"37031970200","tract",2023,"education_state_rnk",64.3781
"37031970301","tract",2023,"education_state_rnk",32.4708
"37031970304","tract",2023,"education_state_rnk",54.0067
"37031970305","tract",2023,"education_state_rnk",NA
"37031970401","tract",2023,"education_state_rnk",21.0142
"37031970402","tract",2023,"education_state_rnk",45.2003
"37031970403","tract",2023,"education_state_rnk",33.3472
"37031970501","tract",2023,"education_state_rnk",50.0626
"37031970502","tract",2023,"education_state_rnk",NA
"37031970503","tract",2023,"education_state_rnk",NA
"37031970504","tract",2023,"education_state_rnk",NA
"37031970601","tract",2023,"education_state_rnk",NA
"37031970602","tract",2023,"education_state_rnk",NA
"37031970603","tract",2023,"education_state_rnk",NA
"37031970606","tract",2023,"education_state_rnk",NA
"37031970701","tract",2023,"education_state_rnk",44.3865
"37031970702","tract",2023,"education_state_rnk",31.49
"37031970703","tract",2023,"education_state_rnk",38.8356
"37031970704","tract",2023,"education_state_rnk",NA
"37031970801","tract",2023,"education_state_rnk",NA
"37031970804","tract",2023,"education_state_rnk",67.2371
"37031970805","tract",2023,"education_state_rnk",NA
"37031970806","tract",2023,"education_state_rnk",65.6302
"37031970903","tract",2023,"education_state_rnk",NA
"37031970904","tract",2023,"education_state_rnk",NA
"37031971003","tract",2023,"education_state_rnk",NA
"37031971103","tract",2023,"education_state_rnk",NA
"37031980100","tract",2023,"education_state_rnk",NA
"37031990100","tract",2023,"education_state_rnk",NA
"37031990200","tract",2023,"education_state_rnk",NA
"37033930100","tract",2023,"education_state_rnk",NA
"37033930200","tract",2023,"education_state_rnk",21.8072
"37033930300","tract",2023,"education_state_rnk",5.0083
"37033930400","tract",2023,"education_state_rnk",NA
"37033930500","tract",2023,"education_state_rnk",6.9282
"37033930600","tract",2023,"education_state_rnk",47.7254
"37035010101","tract",2023,"education_state_rnk",32.2621
"37035010102","tract",2023,"education_state_rnk",51.5234
"37035010201","tract",2023,"education_state_rnk",20.0125
"37035010203","tract",2023,"education_state_rnk",37.6878
"37035010204","tract",2023,"education_state_rnk",14.6077
"37035010301","tract",2023,"education_state_rnk",48.101
"37035010302","tract",2023,"education_state_rnk",73.7896
"37035010303","tract",2023,"education_state_rnk",38.3139
"37035010304","tract",2023,"education_state_rnk",10.2671
"37035010402","tract",2023,"education_state_rnk",26.899
"37035010403","tract",2023,"education_state_rnk",49.8539
"37035010404","tract",2023,"education_state_rnk",60.0167
"37035010501","tract",2023,"education_state_rnk",82.5125
"37035010502","tract",2023,"education_state_rnk",75.7513
"37035010600","tract",2023,"education_state_rnk",63.4808
"37035010700","tract",2023,"education_state_rnk",20.2421
"37035010900","tract",2023,"education_state_rnk",6.803
"37035011000","tract",2023,"education_state_rnk",13.4599
"37035011101","tract",2023,"education_state_rnk",34.8289
"37035011102","tract",2023,"education_state_rnk",54.2988
"37035011200","tract",2023,"education_state_rnk",55.5509
"37035011300","tract",2023,"education_state_rnk",8.1803
"37035011401","tract",2023,"education_state_rnk",12.187
"37035011402","tract",2023,"education_state_rnk",29.2154
"37035011501","tract",2023,"education_state_rnk",49.0401
"37035011503","tract",2023,"education_state_rnk",74.4366
"37035011505","tract",2023,"education_state_rnk",62.187
"37035011506","tract",2023,"education_state_rnk",91.298
"37035011601","tract",2023,"education_state_rnk",28.2554
"37035011602","tract",2023,"education_state_rnk",36.6444
"37035011701","tract",2023,"education_state_rnk",40.025
"37035011702","tract",2023,"education_state_rnk",45.8264
"37035011801","tract",2023,"education_state_rnk",53.0467
"37035011802","tract",2023,"education_state_rnk",14.8581
"37037020103","tract",2023,"education_state_rnk",83.4933
"37037020104","tract",2023,"education_state_rnk",99.0401
"37037020105","tract",2023,"education_state_rnk",90.5676
"37037020107","tract",2023,"education_state_rnk",84.7037
"37037020108","tract",2023,"education_state_rnk",90.3381
"37037020201","tract",2023,"education_state_rnk",39.8164
"37037020202","tract",2023,"education_state_rnk",83.9733
"37037020203","tract",2023,"education_state_rnk",58.9316
"37037020300","tract",2023,"education_state_rnk",46.4316
"37037020401","tract",2023,"education_state_rnk",2.7963
"37037020402","tract",2023,"education_state_rnk",0.2087
"37037020500","tract",2023,"education_state_rnk",23.6436
"37037020600","tract",2023,"education_state_rnk",43.9482
"37037020702","tract",2023,"education_state_rnk",70.096
"37037020703","tract",2023,"education_state_rnk",99.8331
"37037020704","tract",2023,"education_state_rnk",91.4232
"37037020801","tract",2023,"education_state_rnk",48.6644
"37037020802","tract",2023,"education_state_rnk",82.0952
"37037020803","tract",2023,"education_state_rnk",93.4057
"37039930101","tract",2023,"education_state_rnk",16.8614
"37039930102","tract",2023,"education_state_rnk",65.4841
"37039930200","tract",2023,"education_state_rnk",25.48
"37039930300","tract",2023,"education_state_rnk",45.8681
"37039930401","tract",2023,"education_state_rnk",73.9775
"37039930402","tract",2023,"education_state_rnk",31.2604
"37039930501","tract",2023,"education_state_rnk",73.2471
"37039930502","tract",2023,"education_state_rnk",66.2771
"37039930603","tract",2023,"education_state_rnk",35.601
"37039930604","tract",2023,"education_state_rnk",18.2596
"37039930605","tract",2023,"education_state_rnk",71.995
"37039930606","tract",2023,"education_state_rnk",47.4124
"37041930101","tract",2023,"education_state_rnk",54.1319
"37041930102","tract",2023,"education_state_rnk",NA
"37041930201","tract",2023,"education_state_rnk",33.4725
"37041930202","tract",2023,"education_state_rnk",24.6661
"37043950101","tract",2023,"education_state_rnk",67.9883
"37043950102","tract",2023,"education_state_rnk",36.3314
"37043950201","tract",2023,"education_state_rnk",63.4808
"37043950202","tract",2023,"education_state_rnk",25.1669
"37045950101","tract",2023,"education_state_rnk",28.3389
"37045950102","tract",2023,"education_state_rnk",18.823
"37045950200","tract",2023,"education_state_rnk",10.601
"37045950301","tract",2023,"education_state_rnk",37.6043
"37045950302","tract",2023,"education_state_rnk",NA
"37045950400","tract",2023,"education_state_rnk",12.98
"37045950500","tract",2023,"education_state_rnk",29.7371
"37045950601","tract",2023,"education_state_rnk",12.8965
"37045950603","tract",2023,"education_state_rnk",NA
"37045950604","tract",2023,"education_state_rnk",7.0117
"37045950701","tract",2023,"education_state_rnk",28.4432
"37045950702","tract",2023,"education_state_rnk",18.5309
"37045950800","tract",2023,"education_state_rnk",NA
"37045950900","tract",2023,"education_state_rnk",NA
"37045951000","tract",2023,"education_state_rnk",59.4115
"37045951100","tract",2023,"education_state_rnk",39.6912
"37045951200","tract",2023,"education_state_rnk",35.3506
"37045951300","tract",2023,"education_state_rnk",57.0952
"37045951400","tract",2023,"education_state_rnk",36.5818
"37045951501","tract",2023,"education_state_rnk",58.3264
"37045951502","tract",2023,"education_state_rnk",NA
"37045951503","tract",2023,"education_state_rnk",NA
"37045951601","tract",2023,"education_state_rnk",NA
"37045951602","tract",2023,"education_state_rnk",30.2588
"37047930100","tract",2023,"education_state_rnk",34.5576
"37047930200","tract",2023,"education_state_rnk",18.3639
"37047930300","tract",2023,"education_state_rnk",40.9015
"37047930400","tract",2023,"education_state_rnk",19.6786
"37047930500","tract",2023,"education_state_rnk",27.7963
"37047930600","tract",2023,"education_state_rnk",16.2771
"37047930700","tract",2023,"education_state_rnk",11.4357
"37047930800","tract",2023,"education_state_rnk",68.5726
"37047930900","tract",2023,"education_state_rnk",46.0351
"37047931000","tract",2023,"education_state_rnk",15.3798
"37047931100","tract",2023,"education_state_rnk",26.2938
"37047931201","tract",2023,"education_state_rnk",10.1836
"37047931202","tract",2023,"education_state_rnk",35.914
"37047931301","tract",2023,"education_state_rnk",5.0501
"37047931302","tract",2023,"education_state_rnk",39.8164
"37049960101","tract",2023,"education_state_rnk",81.5735
"37049960102","tract",2023,"education_state_rnk",23.4558
"37049960201","tract",2023,"education_state_rnk",31.1144
"37049960202","tract",2023,"education_state_rnk",17.5501
"37049960301","tract",2023,"education_state_rnk",44.6995
"37049960302","tract",2023,"education_state_rnk",55.2588
"37049960401","tract",2023,"education_state_rnk",31.5526
"37049960402","tract",2023,"education_state_rnk",48.7479
"37049960403","tract",2023,"education_state_rnk",71.7863
"37049960404","tract",2023,"education_state_rnk",53.9441
"37049960501","tract",2023,"education_state_rnk",41.1519
"37049960502","tract",2023,"education_state_rnk",20.3464
"37049960600","tract",2023,"education_state_rnk",38.4391
"37049960700","tract",2023,"education_state_rnk",68.99
"37049960800","tract",2023,"education_state_rnk",31.6778
"37049960900","tract",2023,"education_state_rnk",19.4282
"37049961002","tract",2023,"education_state_rnk",71.0142
"37049961003","tract",2023,"education_state_rnk",81.8447
"37049961004","tract",2023,"education_state_rnk",62.1452
"37049961101","tract",2023,"education_state_rnk",69.929
"37049961102","tract",2023,"education_state_rnk",38.7312
"37049961201","tract",2023,"education_state_rnk",59.5576
"37049961202","tract",2023,"education_state_rnk",NA
"37049961301","tract",2023,"education_state_rnk",43.1553
"37049961302","tract",2023,"education_state_rnk",54.5284
"37049961303","tract",2023,"education_state_rnk",44.7412
"37051000200","tract",2023,"education_state_rnk",16.1102
"37051000500","tract",2023,"education_state_rnk",11.2688
"37051000600","tract",2023,"education_state_rnk",56.6778
"37051000701","tract",2023,"education_state_rnk",78.1511
"37051000702","tract",2023,"education_state_rnk",85.4132
"37051000800","tract",2023,"education_state_rnk",59.975
"37051000900","tract",2023,"education_state_rnk",74.687
"37051001000","tract",2023,"education_state_rnk",44.9082
"37051001100","tract",2023,"education_state_rnk",26.9616
"37051001200","tract",2023,"education_state_rnk",49.3114
"37051001401","tract",2023,"education_state_rnk",18.1135
"37051001402","tract",2023,"education_state_rnk",25
"37051001500","tract",2023,"education_state_rnk",40.9015
"37051001603","tract",2023,"education_state_rnk",19.2404
"37051001604","tract",2023,"education_state_rnk",31.5943
"37051001605","tract",2023,"education_state_rnk",48.3306
"37051001606","tract",2023,"education_state_rnk",44.1152
"37051001701","tract",2023,"education_state_rnk",6.177
"37051001702","tract",2023,"education_state_rnk",31.6361
"37051001800","tract",2023,"education_state_rnk",11.1436
"37051001901","tract",2023,"education_state_rnk",37.8756
"37051001902","tract",2023,"education_state_rnk",29.3197
"37051001903","tract",2023,"education_state_rnk",23.1636
"37051002001","tract",2023,"education_state_rnk",51.2312
"37051002002","tract",2023,"education_state_rnk",39.3573
"37051002100","tract",2023,"education_state_rnk",55.4257
"37051002200","tract",2023,"education_state_rnk",72.2454
"37051002301","tract",2023,"education_state_rnk",61.4357
"37051002302","tract",2023,"education_state_rnk",42.404
"37051002401","tract",2023,"education_state_rnk",19.9499
"37051002402","tract",2023,"education_state_rnk",55.7805
"37051002501","tract",2023,"education_state_rnk",51.8155
"37051002503","tract",2023,"education_state_rnk",64.2529
"37051002504","tract",2023,"education_state_rnk",62.2705
"37051002505","tract",2023,"education_state_rnk",23.5392
"37051002506","tract",2023,"education_state_rnk",74.5826
"37051002600","tract",2023,"education_state_rnk",56.3022
"37051002701","tract",2023,"education_state_rnk",48.6227
"37051002702","tract",2023,"education_state_rnk",46.6194
"37051002801","tract",2023,"education_state_rnk",49.7913
"37051002802","tract",2023,"education_state_rnk",56.7195
"37051002900","tract",2023,"education_state_rnk",16.3606
"37051003002","tract",2023,"education_state_rnk",43.7813
"37051003003","tract",2023,"education_state_rnk",42.5292
"37051003004","tract",2023,"education_state_rnk",45.3464
"37051003102","tract",2023,"education_state_rnk",60.2671
"37051003103","tract",2023,"education_state_rnk",44.2404
"37051003105","tract",2023,"education_state_rnk",34.4324
"37051003106","tract",2023,"education_state_rnk",36.0392
"37051003203","tract",2023,"education_state_rnk",51.9825
"37051003205","tract",2023,"education_state_rnk",60.4549
"37051003206","tract",2023,"education_state_rnk",57.8255
"37051003207","tract",2023,"education_state_rnk",69.5534
"37051003208","tract",2023,"education_state_rnk",47.9549
"37051003209","tract",2023,"education_state_rnk",60.8723
"37051003302","tract",2023,"education_state_rnk",46.3689
"37051003304","tract",2023,"education_state_rnk",47.3706
"37051003307","tract",2023,"education_state_rnk",48.7479
"37051003310","tract",2023,"education_state_rnk",48.2053
"37051003311","tract",2023,"education_state_rnk",58.1386
"37051003312","tract",2023,"education_state_rnk",55.3422
"37051003313","tract",2023,"education_state_rnk",65.6928
"37051003314","tract",2023,"education_state_rnk",63.0008
"37051003315","tract",2023,"education_state_rnk",72.4124
"37051003316","tract",2023,"education_state_rnk",46.995
"37051003317","tract",2023,"education_state_rnk",63.2721
"37051003318","tract",2023,"education_state_rnk",59.0359
"37051003401","tract",2023,"education_state_rnk",61.874
"37051003403","tract",2023,"education_state_rnk",64.5868
"37051003404","tract",2023,"education_state_rnk",NA
"37051003408","tract",2023,"education_state_rnk",66.0684
"37051003409","tract",2023,"education_state_rnk",NA
"37051003410","tract",2023,"education_state_rnk",NA
"37051003501","tract",2023,"education_state_rnk",44.4908
"37051003502","tract",2023,"education_state_rnk",66.611
"37051003601","tract",2023,"education_state_rnk",34.7245
"37051003602","tract",2023,"education_state_rnk",26.3773
"37051003700","tract",2023,"education_state_rnk",63.4808
"37051003800","tract",2023,"education_state_rnk",24.5409
"37051980100","tract",2023,"education_state_rnk",NA
"37051980200","tract",2023,"education_state_rnk",NA
"37053110101","tract",2023,"education_state_rnk",85.2254
"37053110102","tract",2023,"education_state_rnk",76.0434
"37053110201","tract",2023,"education_state_rnk",82.1369
"37053110202","tract",2023,"education_state_rnk",77.2538
"37053110301","tract",2023,"education_state_rnk",NA
"37053110302","tract",2023,"education_state_rnk",47.621
"37053110401","tract",2023,"education_state_rnk",32.4082
"37053110403","tract",2023,"education_state_rnk",44.783
"37053110404","tract",2023,"education_state_rnk",NA
"37053990100","tract",2023,"education_state_rnk",NA
"37055970101","tract",2023,"education_state_rnk",89.2738
"37055970102","tract",2023,"education_state_rnk",83.0968
"37055970200","tract",2023,"education_state_rnk",72.2037
"37055970301","tract",2023,"education_state_rnk",76.7112
"37055970302","tract",2023,"education_state_rnk",62.4791
"37055970400","tract",2023,"education_state_rnk",93.4891
"37055970501","tract",2023,"education_state_rnk",28.9649
"37055970502","tract",2023,"education_state_rnk",59.6828
"37055970601","tract",2023,"education_state_rnk",62.6461
"37055970602","tract",2023,"education_state_rnk",52.1703
"37055990100","tract",2023,"education_state_rnk",NA
"37055990200","tract",2023,"education_state_rnk",NA
"37057060101","tract",2023,"education_state_rnk",NA
"37057060103","tract",2023,"education_state_rnk",81.9699
"37057060104","tract",2023,"education_state_rnk",78.5476
"37057060201","tract",2023,"education_state_rnk",63.6895
"37057060202","tract",2023,"education_state_rnk",NA
"37057060203","tract",2023,"education_state_rnk",52.6294
"37057060301","tract",2023,"education_state_rnk",80.1336
"37057060302","tract",2023,"education_state_rnk",73.9775
"37057060303","tract",2023,"education_state_rnk",NA
"37057060304","tract",2023,"education_state_rnk",57.6586
"37057060400","tract",2023,"education_state_rnk",19.9082
"37057060500","tract",2023,"education_state_rnk",24.0818
"37057060601","tract",2023,"education_state_rnk",23.0384
"37057060602","tract",2023,"education_state_rnk",NA
"37057060700","tract",2023,"education_state_rnk",4.4658
"37057060800","tract",2023,"education_state_rnk",7.5125
"37057060900","tract",2023,"education_state_rnk",NA
"37057061000","tract",2023,"education_state_rnk",46.3272
"37057061101","tract",2023,"education_state_rnk",41.6736
"37057061102","tract",2023,"education_state_rnk",43.6978
"37057061202","tract",2023,"education_state_rnk",NA
"37057061203","tract",2023,"education_state_rnk",8.9733
"37057061204","tract",2023,"education_state_rnk",NA
"37057061300","tract",2023,"education_state_rnk",38.9816
"37057061400","tract",2023,"education_state_rnk",7.5543
"37057061501","tract",2023,"education_state_rnk",1.8364
"37057061502","tract",2023,"education_state_rnk",NA
"37057061600","tract",2023,"education_state_rnk",8.222
"37057061701","tract",2023,"education_state_rnk",49.4783
"37057061703","tract",2023,"education_state_rnk",55.1127
"37057061704","tract",2023,"education_state_rnk",NA
"37057061705","tract",2023,"education_state_rnk",NA
"37057061803","tract",2023,"education_state_rnk",NA
"37057061805","tract",2023,"education_state_rnk",35.8514
"37057061806","tract",2023,"education_state_rnk",NA
"37057061807","tract",2023,"education_state_rnk",81.3439
"37057061808","tract",2023,"education_state_rnk",NA
"37057061902","tract",2023,"education_state_rnk",7.2204
"37057061903","tract",2023,"education_state_rnk",17.6962
"37057061904","tract",2023,"education_state_rnk",36.8114
"37057062001","tract",2023,"education_state_rnk",30.6761
"37057062002","tract",2023,"education_state_rnk",24.0818
"37059080101","tract",2023,"education_state_rnk",33.5559
"37059080102","tract",2023,"education_state_rnk",NA
"37059080200","tract",2023,"education_state_rnk",63.1678
"37059080301","tract",2023,"education_state_rnk",NA
"37059080302","tract",2023,"education_state_rnk",36.4357
"37059080400","tract",2023,"education_state_rnk",60.5384
"37059080500","tract",2023,"education_state_rnk",29.111
"37059080600","tract",2023,"education_state_rnk",42.8631
"37059080701","tract",2023,"education_state_rnk",NA
"37059080702","tract",2023,"education_state_rnk",6.3648
"37061090101","tract",2023,"education_state_rnk",0.5008
"37061090102","tract",2023,"education_state_rnk",14.399
"37061090103","tract",2023,"education_state_rnk",2.2538
"37061090201","tract",2023,"education_state_rnk",72.0785
"37061090202","tract",2023,"education_state_rnk",10.5384
"37061090301","tract",2023,"education_state_rnk",28.1302
"37061090302","tract",2023,"education_state_rnk",20.6594
"37061090401","tract",2023,"education_state_rnk",18.1553
"37061090402","tract",2023,"education_state_rnk",32.6795
"37061090503","tract",2023,"education_state_rnk",59.2654
"37061090504","tract",2023,"education_state_rnk",47.788
"37061090505","tract",2023,"education_state_rnk",13.8147
"37061090506","tract",2023,"education_state_rnk",22.9549
"37061090600","tract",2023,"education_state_rnk",7.8047
"37061090703","tract",2023,"education_state_rnk",31.1144
"37061090704","tract",2023,"education_state_rnk",39.2321
"37061090705","tract",2023,"education_state_rnk",15.2755
"37061090706","tract",2023,"education_state_rnk",12.7295
"37061090801","tract",2023,"education_state_rnk",3.8815
"37061090803","tract",2023,"education_state_rnk",39.6077
"37061090804","tract",2023,"education_state_rnk",14.2738
"37063000101","tract",2023,"education_state_rnk",75.5634
"37063000102","tract",2023,"education_state_rnk",36.5818
"37063000200","tract",2023,"education_state_rnk",38.8356
"37063000301","tract",2023,"education_state_rnk",79.7162
"37063000302","tract",2023,"education_state_rnk",91.4858
"37063000401","tract",2023,"education_state_rnk",94.6995
"37063000402","tract",2023,"education_state_rnk",89.2112
"37063000500","tract",2023,"education_state_rnk",27.9007
"37063000600","tract",2023,"education_state_rnk",92.571
"37063000700","tract",2023,"education_state_rnk",99.1653
"37063000900","tract",2023,"education_state_rnk",21.9115
"37063001001","tract",2023,"education_state_rnk",35.4549
"37063001002","tract",2023,"education_state_rnk",0.3756
"37063001100","tract",2023,"education_state_rnk",9.8706
"37063001301","tract",2023,"education_state_rnk",23.2888
"37063001303","tract",2023,"education_state_rnk",NA
"37063001304","tract",2023,"education_state_rnk",22.9549
"37063001400","tract",2023,"education_state_rnk",10.4132
"37063001501","tract",2023,"education_state_rnk",NA
"37063001503","tract",2023,"education_state_rnk",NA
"37063001504","tract",2023,"education_state_rnk",47.8715
"37063001505","tract",2023,"education_state_rnk",39.2738
"37063001601","tract",2023,"education_state_rnk",70.6594
"37063001603","tract",2023,"education_state_rnk",81.6569
"37063001604","tract",2023,"education_state_rnk",77.9633
"37063001705","tract",2023,"education_state_rnk",56.5526
"37063001706","tract",2023,"education_state_rnk",89.0651
"37063001708","tract",2023,"education_state_rnk",61.9992
"37063001709","tract",2023,"education_state_rnk",26.586
"37063001710","tract",2023,"education_state_rnk",54.4032
"37063001711","tract",2023,"education_state_rnk",22.1202
"37063001712","tract",2023,"education_state_rnk",99.2487
"37063001713","tract",2023,"education_state_rnk",91.2354
"37063001801","tract",2023,"education_state_rnk",9.975
"37063001802","tract",2023,"education_state_rnk",1.6277
"37063001806","tract",2023,"education_state_rnk",48.2888
"37063001808","tract",2023,"education_state_rnk",82.6795
"37063001809","tract",2023,"education_state_rnk",80.0918
"37063001810","tract",2023,"education_state_rnk",26.4399
"37063001811","tract",2023,"education_state_rnk",61.0184
"37063001900","tract",2023,"education_state_rnk",93.8648
"37063002007","tract",2023,"education_state_rnk",90.4841
"37063002008","tract",2023,"education_state_rnk",98.5392
"37063002009","tract",2023,"education_state_rnk",12.7713
"37063002013","tract",2023,"education_state_rnk",88.1886
"37063002015","tract",2023,"education_state_rnk",63.8564
"37063002019","tract",2023,"education_state_rnk",97.1619
"37063002020","tract",2023,"education_state_rnk",99.1235
"37063002021","tract",2023,"education_state_rnk",90.1503
"37063002022","tract",2023,"education_state_rnk",89.4825
"37063002023","tract",2023,"education_state_rnk",94.616
"37063002024","tract",2023,"education_state_rnk",96.7028
"37063002025","tract",2023,"education_state_rnk",74.4992
"37063002026","tract",2023,"education_state_rnk",22.0785
"37063002029","tract",2023,"education_state_rnk",93.5726
"37063002030","tract",2023,"education_state_rnk",98.0384
"37063002031","tract",2023,"education_state_rnk",59.7454
"37063002032","tract",2023,"education_state_rnk",57.0534
"37063002033","tract",2023,"education_state_rnk",99.6244
"37063002034","tract",2023,"education_state_rnk",85.0167
"37063002035","tract",2023,"education_state_rnk",93.3222
"37063002036","tract",2023,"education_state_rnk",85.0584
"37063002037","tract",2023,"education_state_rnk",94.9917
"37063002038","tract",2023,"education_state_rnk",92.1745
"37063002100","tract",2023,"education_state_rnk",69.929
"37063002200","tract",2023,"education_state_rnk",97.0785
"37063002300","tract",2023,"education_state_rnk",76.1269
"37063980100","tract",2023,"education_state_rnk",NA
"37065020200","tract",2023,"education_state_rnk",NA
"37065020300","tract",2023,"education_state_rnk",24.7078
"37065020400","tract",2023,"education_state_rnk",12.3122
"37065020600","tract",2023,"education_state_rnk",2.6294
"37065020700","tract",2023,"education_state_rnk",47.1202
"37065020800","tract",2023,"education_state_rnk",NA
"37065020900","tract",2023,"education_state_rnk",7.8673
"37065021000","tract",2023,"education_state_rnk",39.5033
"37065021100","tract",2023,"education_state_rnk",7.8673
"37065021200","tract",2023,"education_state_rnk",37.4791
"37065021300","tract",2023,"education_state_rnk",20.5342
"37065021400","tract",2023,"education_state_rnk",13.0843
"37065021500","tract",2023,"education_state_rnk",13.5225
"37065021600","tract",2023,"education_state_rnk",NA
"37067000100","tract",2023,"education_state_rnk",84.7037
"37067000200","tract",2023,"education_state_rnk",53.7563
"37067000301","tract",2023,"education_state_rnk",30.3422
"37067000302","tract",2023,"education_state_rnk",0.4591
"37067000400","tract",2023,"education_state_rnk",9.3907
"37067000500","tract",2023,"education_state_rnk",6.2187
"37067000600","tract",2023,"education_state_rnk",10.2671
"37067000700","tract",2023,"education_state_rnk",13.0843
"37067000801","tract",2023,"education_state_rnk",NA
"37067000802","tract",2023,"education_state_rnk",9.2237
"37067000900","tract",2023,"education_state_rnk",40.1085
"37067001000","tract",2023,"education_state_rnk",58.4516
"37067001100","tract",2023,"education_state_rnk",92.3205
"37067001200","tract",2023,"education_state_rnk",87.813
"37067001300","tract",2023,"education_state_rnk",NA
"37067001400","tract",2023,"education_state_rnk",16.4649
"37067001500","tract",2023,"education_state_rnk",0.626
"37067001601","tract",2023,"education_state_rnk",42.1745
"37067001602","tract",2023,"education_state_rnk",20.4508
"37067001700","tract",2023,"education_state_rnk",68.3848
"37067001800","tract",2023,"education_state_rnk",10.8514
"37067001901","tract",2023,"education_state_rnk",1.419
"37067001902","tract",2023,"education_state_rnk",52.8798
"37067002001","tract",2023,"education_state_rnk",8.5559
"37067002002","tract",2023,"education_state_rnk",9.0568
"37067002100","tract",2023,"education_state_rnk",81.9073
"37067002200","tract",2023,"education_state_rnk",77.2955
"37067002501","tract",2023,"education_state_rnk",91.1311
"37067002502","tract",2023,"education_state_rnk",95.6177
"37067002601","tract",2023,"education_state_rnk",74.5409
"37067002604","tract",2023,"education_state_rnk",74.2696
"37067002605","tract",2023,"education_state_rnk",83.9316
"37067002606","tract",2023,"education_state_rnk",41.2354
"37067002701","tract",2023,"education_state_rnk",14.4825
"37067002702","tract",2023,"education_state_rnk",17.1119
"37067002704","tract",2023,"education_state_rnk",66.1102
"37067002705","tract",2023,"education_state_rnk",75.4174
"37067002801","tract",2023,"education_state_rnk",59.1194
"37067002804","tract",2023,"education_state_rnk",27.5459
"37067002806","tract",2023,"education_state_rnk",55.2588
"37067002807","tract",2023,"education_state_rnk",72.0367
"37067002808","tract",2023,"education_state_rnk",48.9357
"37067002809","tract",2023,"education_state_rnk",67.9048
"37067002901","tract",2023,"education_state_rnk",35.288
"37067002903","tract",2023,"education_state_rnk",23.5392
"37067002904","tract",2023,"education_state_rnk",20.1795
"37067003002","tract",2023,"education_state_rnk",35.3923
"37067003003","tract",2023,"education_state_rnk",47.8297
"37067003004","tract",2023,"education_state_rnk",69.4073
"37067003103","tract",2023,"education_state_rnk",71.4107
"37067003105","tract",2023,"education_state_rnk",43.5518
"37067003106","tract",2023,"education_state_rnk",35.914
"37067003107","tract",2023,"education_state_rnk",64.9833
"37067003108","tract",2023,"education_state_rnk",29.904
"37067003201","tract",2023,"education_state_rnk",72.3497
"37067003202","tract",2023,"education_state_rnk",43.3639
"37067003307","tract",2023,"education_state_rnk",75.2922
"37067003308","tract",2023,"education_state_rnk",54.0902
"37067003309","tract",2023,"education_state_rnk",62.0826
"37067003310","tract",2023,"education_state_rnk",52.9633
"37067003311","tract",2023,"education_state_rnk",51.8155
"37067003312","tract",2023,"education_state_rnk",53.2972
"37067003313","tract",2023,"education_state_rnk",44.5326
"37067003314","tract",2023,"education_state_rnk",77.7963
"37067003315","tract",2023,"education_state_rnk",37.4374
"37067003402","tract",2023,"education_state_rnk",25.48
"37067003403","tract",2023,"education_state_rnk",10.0584
"37067003404","tract",2023,"education_state_rnk",3.2972
"37067003500","tract",2023,"education_state_rnk",5.8639
"37067003600","tract",2023,"education_state_rnk",37.3122
"37067003701","tract",2023,"education_state_rnk",23.7896
"37067003702","tract",2023,"education_state_rnk",33.4307
"37067003703","tract",2023,"education_state_rnk",60.601
"37067003803","tract",2023,"education_state_rnk",59.495
"37067003804","tract",2023,"education_state_rnk",85.7888
"37067003805","tract",2023,"education_state_rnk",55.1753
"37067003806","tract",2023,"education_state_rnk",65.0668
"37067003903","tract",2023,"education_state_rnk",12.3539
"37067003904","tract",2023,"education_state_rnk",76.2521
"37067003905","tract",2023,"education_state_rnk",66.1519
"37067003906","tract",2023,"education_state_rnk",94.8038
"37067003908","tract",2023,"education_state_rnk",91.8823
"37067003909","tract",2023,"education_state_rnk",73.4349
"37067004005","tract",2023,"education_state_rnk",78.8815
"37067004007","tract",2023,"education_state_rnk",72.4958
"37067004009","tract",2023,"education_state_rnk",91.611
"37067004010","tract",2023,"education_state_rnk",95.1169
"37067004011","tract",2023,"education_state_rnk",71.5776
"37067004012","tract",2023,"education_state_rnk",51.6903
"37067004013","tract",2023,"education_state_rnk",62.0826
"37067004014","tract",2023,"education_state_rnk",75.5008
"37067004015","tract",2023,"education_state_rnk",79.8831
"37067004102","tract",2023,"education_state_rnk",57.8881
"37067004103","tract",2023,"education_state_rnk",88.0217
"37067004104","tract",2023,"education_state_rnk",80.4257
"37069060100","tract",2023,"education_state_rnk",NA
"37069060200","tract",2023,"education_state_rnk",28.2137
"37069060301","tract",2023,"education_state_rnk",15.1085
"37069060302","tract",2023,"education_state_rnk",39.0234
"37069060401","tract",2023,"education_state_rnk",NA
"37069060403","tract",2023,"education_state_rnk",40.6302
"37069060404","tract",2023,"education_state_rnk",27.4416
"37069060501","tract",2023,"education_state_rnk",58.2012
"37069060502","tract",2023,"education_state_rnk",67.571
"37069060601","tract",2023,"education_state_rnk",NA
"37069060602","tract",2023,"education_state_rnk",51.9199
"37069060701","tract",2023,"education_state_rnk",NA
"37069060702","tract",2023,"education_state_rnk",NA
"37069060703","tract",2023,"education_state_rnk",NA
"37069060801","tract",2023,"education_state_rnk",19.5117
"37069060802","tract",2023,"education_state_rnk",NA
"37071030103","tract",2023,"education_state_rnk",48.3723
"37071030104","tract",2023,"education_state_rnk",93.6144
"37071030105","tract",2023,"education_state_rnk",56.0518
"37071030106","tract",2023,"education_state_rnk",93.4474
"37071030205","tract",2023,"education_state_rnk",32.0534
"37071030206","tract",2023,"education_state_rnk",61.5192
"37071030207","tract",2023,"education_state_rnk",17.7379
"37071030208","tract",2023,"education_state_rnk",60.4549
"37071030209","tract",2023,"education_state_rnk",62.7713
"37071030301","tract",2023,"education_state_rnk",24.4783
"37071030302","tract",2023,"education_state_rnk",15.672
"37071030401","tract",2023,"education_state_rnk",30.3005
"37071030403","tract",2023,"education_state_rnk",12.5626
"37071030404","tract",2023,"education_state_rnk",22.3706
"37071030501","tract",2023,"education_state_rnk",37.8756
"37071030503","tract",2023,"education_state_rnk",11.6861
"37071030504","tract",2023,"education_state_rnk",45.6594
"37071030601","tract",2023,"education_state_rnk",35.6427
"37071030602","tract",2023,"education_state_rnk",45.0751
"37071030700","tract",2023,"education_state_rnk",47.9967
"37071030801","tract",2023,"education_state_rnk",41.8197
"37071030802","tract",2023,"education_state_rnk",14.1903
"37071030901","tract",2023,"education_state_rnk",51.3356
"37071030902","tract",2023,"education_state_rnk",38.4808
"37071031001","tract",2023,"education_state_rnk",32.4082
"37071031004","tract",2023,"education_state_rnk",68.7396
"37071031005","tract",2023,"education_state_rnk",48.8731
"37071031006","tract",2023,"education_state_rnk",68.6978
"37071031101","tract",2023,"education_state_rnk",17.4875
"37071031102","tract",2023,"education_state_rnk",52.3372
"37071031202","tract",2023,"education_state_rnk",44.616
"37071031203","tract",2023,"education_state_rnk",83.3264
"37071031204","tract",2023,"education_state_rnk",50.2504
"37071031301","tract",2023,"education_state_rnk",34.2863
"37071031303","tract",2023,"education_state_rnk",12.813
"37071031304","tract",2023,"education_state_rnk",31.3022
"37071031401","tract",2023,"education_state_rnk",18.677
"37071031402","tract",2023,"education_state_rnk",25.3339
"37071031500","tract",2023,"education_state_rnk",14.9833
"37071031600","tract",2023,"education_state_rnk",37.2287
"37071031703","tract",2023,"education_state_rnk",27.1703
"37071031704","tract",2023,"education_state_rnk",29.2571
"37071031705","tract",2023,"education_state_rnk",46.8072
"37071031706","tract",2023,"education_state_rnk",18.197
"37071031800","tract",2023,"education_state_rnk",9.5159
"37071031901","tract",2023,"education_state_rnk",3.2346
"37071031902","tract",2023,"education_state_rnk",5.9891
"37071032000","tract",2023,"education_state_rnk",16.7571
"37071032100","tract",2023,"education_state_rnk",34.9332
"37071032201","tract",2023,"education_state_rnk",67.1536
"37071032202","tract",2023,"education_state_rnk",41.8614
"37071032301","tract",2023,"education_state_rnk",61.8114
"37071032302","tract",2023,"education_state_rnk",8.1177
"37071032403","tract",2023,"education_state_rnk",61.874
"37071032404","tract",2023,"education_state_rnk",83.389
"37071032405","tract",2023,"education_state_rnk",89.7746
"37071032406","tract",2023,"education_state_rnk",80.4674
"37071032505","tract",2023,"education_state_rnk",56.3648
"37071032506","tract",2023,"education_state_rnk",40.505
"37071032507","tract",2023,"education_state_rnk",72.1202
"37071032508","tract",2023,"education_state_rnk",81.0935
"37071032509","tract",2023,"education_state_rnk",87.98
"37071032510","tract",2023,"education_state_rnk",89.6912
"37071032600","tract",2023,"education_state_rnk",60.9558
"37071032702","tract",2023,"education_state_rnk",57.6586
"37071032703","tract",2023,"education_state_rnk",48.4766
"37071032704","tract",2023,"education_state_rnk",60.5384
"37071032801","tract",2023,"education_state_rnk",21.2855
"37071032802","tract",2023,"education_state_rnk",34.1402
"37071032900","tract",2023,"education_state_rnk",43.3222
"37071033100","tract",2023,"education_state_rnk",9.7454
"37071033202","tract",2023,"education_state_rnk",65.9015
"37071033203","tract",2023,"education_state_rnk",34.0568
"37071033204","tract",2023,"education_state_rnk",11.8948
"37071033303","tract",2023,"education_state_rnk",80.7387
"37071033306","tract",2023,"education_state_rnk",73.2053
"37071033308","tract",2023,"education_state_rnk",48.8314
"37071033309","tract",2023,"education_state_rnk",34.6828
"37071033310","tract",2023,"education_state_rnk",11.1018
"37071033311","tract",2023,"education_state_rnk",37.8756
"37071033312","tract",2023,"education_state_rnk",69.2821
"37071033313","tract",2023,"education_state_rnk",91.298
"37071033400","tract",2023,"education_state_rnk",4.2154
"37071033501","tract",2023,"education_state_rnk",62.4165
"37071033502","tract",2023,"education_state_rnk",61.227
"37073970100","tract",2023,"education_state_rnk",39.3155
"37073970200","tract",2023,"education_state_rnk",23.2262
"37073970300","tract",2023,"education_state_rnk",NA
"37075920100","tract",2023,"education_state_rnk",NA
"37075920200","tract",2023,"education_state_rnk",43.0301
"37075920300","tract",2023,"education_state_rnk",24.0818
"37077970101","tract",2023,"education_state_rnk",13.3973
"37077970102","tract",2023,"education_state_rnk",NA
"37077970200","tract",2023,"education_state_rnk",13.5851
"37077970300","tract",2023,"education_state_rnk",19.2821
"37077970400","tract",2023,"education_state_rnk",NA
"37077970500","tract",2023,"education_state_rnk",NA
"37077970601","tract",2023,"education_state_rnk",43.0927
"37077970604","tract",2023,"education_state_rnk",43.8648
"37077970605","tract",2023,"education_state_rnk",NA
"37077970606","tract",2023,"education_state_rnk",70.6177
"37077970607","tract",2023,"education_state_rnk",51.2312
"37077970701","tract",2023,"education_state_rnk",52.8381
"37077970702","tract",2023,"education_state_rnk",0.5426
"37077970703","tract",2023,"education_state_rnk",NA
"37077970704","tract",2023,"education_state_rnk",NA
"37079950101","tract",2023,"education_state_rnk",8.7229
"37079950102","tract",2023,"education_state_rnk",NA
"37079950200","tract",2023,"education_state_rnk",3.9649
"37079950301","tract",2023,"education_state_rnk",32.0952
"37079950302","tract",2023,"education_state_rnk",7.596
"37081010100","tract",2023,"education_state_rnk",6.7613
"37081010200","tract",2023,"education_state_rnk",67.6127
"37081010300","tract",2023,"education_state_rnk",20.9098
"37081010401","tract",2023,"education_state_rnk",87.9382
"37081010403","tract",2023,"education_state_rnk",87.02
"37081010404","tract",2023,"education_state_rnk",94.1987
"37081010500","tract",2023,"education_state_rnk",90.6511
"37081010601","tract",2023,"education_state_rnk",79.0484
"37081010602","tract",2023,"education_state_rnk",77.9633
"37081010701","tract",2023,"education_state_rnk",90.8598
"37081010702","tract",2023,"education_state_rnk",NA
"37081010800","tract",2023,"education_state_rnk",76.419
"37081010900","tract",2023,"education_state_rnk",67.8422
"37081011000","tract",2023,"education_state_rnk",NA
"37081011101","tract",2023,"education_state_rnk",7.1369
"37081011102","tract",2023,"education_state_rnk",57.9716
"37081011201","tract",2023,"education_state_rnk",26.2521
"37081011202","tract",2023,"education_state_rnk",3.005
"37081011300","tract",2023,"education_state_rnk",17.6127
"37081011400","tract",2023,"education_state_rnk",16.5275
"37081011500","tract",2023,"education_state_rnk",11.4775
"37081011601","tract",2023,"education_state_rnk",2.0033
"37081011602","tract",2023,"education_state_rnk",5.2588
"37081011904","tract",2023,"education_state_rnk",32.6169
"37081011905","tract",2023,"education_state_rnk",31.803
"37081012503","tract",2023,"education_state_rnk",86.2479
"37081012504","tract",2023,"education_state_rnk",53.5058
"37081012505","tract",2023,"education_state_rnk",95.9098
"37081012508","tract",2023,"education_state_rnk",79.0484
"37081012509","tract",2023,"education_state_rnk",85.288
"37081012510","tract",2023,"education_state_rnk",86.5609
"37081012511","tract",2023,"education_state_rnk",99.4992
"37081012604","tract",2023,"education_state_rnk",4.5284
"37081012607","tract",2023,"education_state_rnk",55.1127
"37081012608","tract",2023,"education_state_rnk",12.6252
"37081012610","tract",2023,"education_state_rnk",15.672
"37081012611","tract",2023,"education_state_rnk",27.5459
"37081012612","tract",2023,"education_state_rnk",25.8765
"37081012617","tract",2023,"education_state_rnk",32.1786
"37081012618","tract",2023,"education_state_rnk",22.6628
"37081012619","tract",2023,"education_state_rnk",50.9599
"37081012620","tract",2023,"education_state_rnk",19.3656
"37081012621","tract",2023,"education_state_rnk",14.2321
"37081012703","tract",2023,"education_state_rnk",33.0551
"37081012704","tract",2023,"education_state_rnk",4.6745
"37081012705","tract",2023,"education_state_rnk",21.6194
"37081012706","tract",2023,"education_state_rnk",2.1285
"37081012707","tract",2023,"education_state_rnk",2.5459
"37081012803","tract",2023,"education_state_rnk",61.6027
"37081012804","tract",2023,"education_state_rnk",35.7262
"37081012805","tract",2023,"education_state_rnk",29.111
"37081013601","tract",2023,"education_state_rnk",NA
"37081013602","tract",2023,"education_state_rnk",21.6611
"37081013700","tract",2023,"education_state_rnk",68.0718
"37081013800","tract",2023,"education_state_rnk",4.1736
"37081013900","tract",2023,"education_state_rnk",1.5442
"37081014000","tract",2023,"education_state_rnk",3.9232
"37081014200","tract",2023,"education_state_rnk",0.7513
"37081014300","tract",2023,"education_state_rnk",1.2521
"37081014406","tract",2023,"education_state_rnk",9.7454
"37081014407","tract",2023,"education_state_rnk",63.3139
"37081014408","tract",2023,"education_state_rnk",11.394
"37081014409","tract",2023,"education_state_rnk",42.6544
"37081014410","tract",2023,"education_state_rnk",59.9332
"37081014411","tract",2023,"education_state_rnk",25.8347
"37081014412","tract",2023,"education_state_rnk",21.8698
"37081014501","tract",2023,"education_state_rnk",1.7529
"37081014502","tract",2023,"education_state_rnk",10.6845
"37081014503","tract",2023,"education_state_rnk",8.1177
"37081015100","tract",2023,"education_state_rnk",19.1152
"37081015201","tract",2023,"education_state_rnk",46.8072
"37081015202","tract",2023,"education_state_rnk",55.9683
"37081015301","tract",2023,"education_state_rnk",81.3856
"37081015302","tract",2023,"education_state_rnk",50.3548
"37081015401","tract",2023,"education_state_rnk",66.7988
"37081015402","tract",2023,"education_state_rnk",26.8364
"37081015500","tract",2023,"education_state_rnk",48.5601
"37081015601","tract",2023,"education_state_rnk",73.1219
"37081015602","tract",2023,"education_state_rnk",63.1678
"37081015703","tract",2023,"education_state_rnk",82.596
"37081015704","tract",2023,"education_state_rnk",76.5025
"37081015705","tract",2023,"education_state_rnk",67.7588
"37081015706","tract",2023,"education_state_rnk",89.6077
"37081015707","tract",2023,"education_state_rnk",84.8915
"37081015800","tract",2023,"education_state_rnk",81.01
"37081015901","tract",2023,"education_state_rnk",76.8573
"37081015902","tract",2023,"education_state_rnk",95.1169
"37081016003","tract",2023,"education_state_rnk",72.7045
"37081016005","tract",2023,"education_state_rnk",93.99
"37081016006","tract",2023,"education_state_rnk",80.2588
"37081016007","tract",2023,"education_state_rnk",75.9808
"37081016008","tract",2023,"education_state_rnk",82.3456
"37081016009","tract",2023,"education_state_rnk",83.8272
"37081016010","tract",2023,"education_state_rnk",87.0826
"37081016011","tract",2023,"education_state_rnk",75.3339
"37081016101","tract",2023,"education_state_rnk",20.7429
"37081016102","tract",2023,"education_state_rnk",46.2437
"37081016103","tract",2023,"education_state_rnk",62.3122
"37081016201","tract",2023,"education_state_rnk",77.1912
"37081016203","tract",2023,"education_state_rnk",71.6402
"37081016204","tract",2023,"education_state_rnk",90.0042
"37081016205","tract",2023,"education_state_rnk",79.3406
"37081016303","tract",2023,"education_state_rnk",70.4716
"37081016304","tract",2023,"education_state_rnk",82.6377
"37081016305","tract",2023,"education_state_rnk",70.5342
"37081016306","tract",2023,"education_state_rnk",72.621
"37081016405","tract",2023,"education_state_rnk",78.5893
"37081016406","tract",2023,"education_state_rnk",86.6861
"37081016407","tract",2023,"education_state_rnk",80.9265
"37081016408","tract",2023,"education_state_rnk",90.4007
"37081016409","tract",2023,"education_state_rnk",88.606
"37081016410","tract",2023,"education_state_rnk",72.3497
"37081016502","tract",2023,"education_state_rnk",71.7446
"37081016503","tract",2023,"education_state_rnk",85.8932
"37081016505","tract",2023,"education_state_rnk",93.9482
"37081016506","tract",2023,"education_state_rnk",90.2337
"37081016600","tract",2023,"education_state_rnk",3.2346
"37081016701","tract",2023,"education_state_rnk",32.0117
"37081016702","tract",2023,"education_state_rnk",43.0927
"37081016800","tract",2023,"education_state_rnk",40.1503
"37081016900","tract",2023,"education_state_rnk",62.2287
"37081017000","tract",2023,"education_state_rnk",49.1235
"37081017101","tract",2023,"education_state_rnk",86.1853
"37081017102","tract",2023,"education_state_rnk",80.384
"37081017200","tract",2023,"education_state_rnk",59.495
"37081980100","tract",2023,"education_state_rnk",NA
"37083930100","tract",2023,"education_state_rnk",4.424
"37083930200","tract",2023,"education_state_rnk",67.0701
"37083930300","tract",2023,"education_state_rnk",NA
"37083930400","tract",2023,"education_state_rnk",4.8414
"37083930501","tract",2023,"education_state_rnk",36.5192
"37083930503","tract",2023,"education_state_rnk",17.9883
"37083930504","tract",2023,"education_state_rnk",7.7421
"37083930600","tract",2023,"education_state_rnk",43.6352
"37083930701","tract",2023,"education_state_rnk",10.7262
"37083930702","tract",2023,"education_state_rnk",NA
"37083930800","tract",2023,"education_state_rnk",2.5042
"37083930901","tract",2023,"education_state_rnk",NA
"37083930902","tract",2023,"education_state_rnk",9.5993
"37083931000","tract",2023,"education_state_rnk",9.182
"37083931101","tract",2023,"education_state_rnk",41.0267
"37083931102","tract",2023,"education_state_rnk",11.5609
"37085070100","tract",2023,"education_state_rnk",24.7496
"37085070200","tract",2023,"education_state_rnk",26.7529
"37085070300","tract",2023,"education_state_rnk",40.2337
"37085070401","tract",2023,"education_state_rnk",35.2045
"37085070402","tract",2023,"education_state_rnk",5.3422
"37085070500","tract",2023,"education_state_rnk",37.1244
"37085070600","tract",2023,"education_state_rnk",41.3189
"37085070700","tract",2023,"education_state_rnk",27.2538
"37085070801","tract",2023,"education_state_rnk",58.0134
"37085070802","tract",2023,"education_state_rnk",47.2454
"37085070901","tract",2023,"education_state_rnk",12.1452
"37085070902","tract",2023,"education_state_rnk",5.5092
"37085070903","tract",2023,"education_state_rnk",26.6694
"37085070904","tract",2023,"education_state_rnk",38.1469
"37085071002","tract",2023,"education_state_rnk",40.6928
"37085071003","tract",2023,"education_state_rnk",54.9457
"37085071004","tract",2023,"education_state_rnk",72.788
"37085071101","tract",2023,"education_state_rnk",45.5134
"37085071102","tract",2023,"education_state_rnk",29.9666
"37085071201","tract",2023,"education_state_rnk",59.7454
"37085071202","tract",2023,"education_state_rnk",34.3698
"37085071203","tract",2023,"education_state_rnk",41.5902
"37085071204","tract",2023,"education_state_rnk",72.4541
"37085071301","tract",2023,"education_state_rnk",8.3681
"37085071302","tract",2023,"education_state_rnk",37.8756
"37085071303","tract",2023,"education_state_rnk",72.5376
"37085071401","tract",2023,"education_state_rnk",30.217
"37085071402","tract",2023,"education_state_rnk",46.9533
"37087920101","tract",2023,"education_state_rnk",69.8664
"37087920102","tract",2023,"education_state_rnk",73.4349
"37087920201","tract",2023,"education_state_rnk",73.7479
"37087920202","tract",2023,"education_state_rnk",65.6302
"37087920300","tract",2023,"education_state_rnk",56.7613
"37087920400","tract",2023,"education_state_rnk",62.6461
"37087920501","tract",2023,"education_state_rnk",21.9533
"37087920502","tract",2023,"education_state_rnk",50.793
"37087920601","tract",2023,"education_state_rnk",53.1302
"37087920602","tract",2023,"education_state_rnk",63.7312
"37087920701","tract",2023,"education_state_rnk",59.182
"37087920702","tract",2023,"education_state_rnk",72.8715
"37087920800","tract",2023,"education_state_rnk",52.5042
"37087920900","tract",2023,"education_state_rnk",54.5284
"37087921000","tract",2023,"education_state_rnk",63.773
"37087921100","tract",2023,"education_state_rnk",38.6269
"37087921201","tract",2023,"education_state_rnk",36.0392
"37087921202","tract",2023,"education_state_rnk",31.803
"37087921301","tract",2023,"education_state_rnk",52.7963
"37087921302","tract",2023,"education_state_rnk",46.1603
"37087980100","tract",2023,"education_state_rnk",NA
"37089930100","tract",2023,"education_state_rnk",53.8815
"37089930201","tract",2023,"education_state_rnk",12.5209
"37089930202","tract",2023,"education_state_rnk",41.9449
"37089930301","tract",2023,"education_state_rnk",18.8648
"37089930302","tract",2023,"education_state_rnk",1.1895
"37089930401","tract",2023,"education_state_rnk",27.5459
"37089930402","tract",2023,"education_state_rnk",40.6302
"37089930501","tract",2023,"education_state_rnk",57.3247
"37089930502","tract",2023,"education_state_rnk",38.3973
"37089930600","tract",2023,"education_state_rnk",74.0401
"37089930701","tract",2023,"education_state_rnk",75.0835
"37089930702","tract",2023,"education_state_rnk",70.722
"37089930703","tract",2023,"education_state_rnk",51.1477
"37089930800","tract",2023,"education_state_rnk",63.0008
"37089930900","tract",2023,"education_state_rnk",67.5083
"37089931000","tract",2023,"education_state_rnk",30.4257
"37089931100","tract",2023,"education_state_rnk",56.4274
"37089931200","tract",2023,"education_state_rnk",42.0492
"37089931300","tract",2023,"education_state_rnk",25.48
"37089931401","tract",2023,"education_state_rnk",16.1519
"37089931402","tract",2023,"education_state_rnk",33.7646
"37089931500","tract",2023,"education_state_rnk",80.217
"37089931600","tract",2023,"education_state_rnk",69.1361
"37089931700","tract",2023,"education_state_rnk",85.4967
"37089931801","tract",2023,"education_state_rnk",79.9249
"37089931802","tract",2023,"education_state_rnk",69.2195
"37089931901","tract",2023,"education_state_rnk",65.2129
"37089931902","tract",2023,"education_state_rnk",69.9917
"37089932000","tract",2023,"education_state_rnk",58.5351
"37089980100","tract",2023,"education_state_rnk",NA
"37091950101","tract",2023,"education_state_rnk",NA
"37091950102","tract",2023,"education_state_rnk",20.8681
"37091950201","tract",2023,"education_state_rnk",NA
"37091950202","tract",2023,"education_state_rnk",18.5309
"37091950300","tract",2023,"education_state_rnk",19.8664
"37091950401","tract",2023,"education_state_rnk",34.1402
"37091950402","tract",2023,"education_state_rnk",25.2087
"37091980000","tract",2023,"education_state_rnk",NA
"37093970104","tract",2023,"education_state_rnk",NA
"37093970105","tract",2023,"education_state_rnk",NA
"37093970106","tract",2023,"education_state_rnk",50.5426
"37093970107","tract",2023,"education_state_rnk",44.1152
"37093970108","tract",2023,"education_state_rnk",57.7629
"37093970109","tract",2023,"education_state_rnk",32.3456
"37093970201","tract",2023,"education_state_rnk",NA
"37093970202","tract",2023,"education_state_rnk",14.0234
"37093970300","tract",2023,"education_state_rnk",16.4023
"37093970401","tract",2023,"education_state_rnk",15.1085
"37093970402","tract",2023,"education_state_rnk",3.5058
"37093980100","tract",2023,"education_state_rnk",NA
"37095920101","tract",2023,"education_state_rnk",29.904
"37095920102","tract",2023,"education_state_rnk",4.0484
"37095990100","tract",2023,"education_state_rnk",NA
"37095990200","tract",2023,"education_state_rnk",NA
"37097060100","tract",2023,"education_state_rnk",21.5359
"37097060200","tract",2023,"education_state_rnk",15.4841
"37097060300","tract",2023,"education_state_rnk",2.212
"37097060400","tract",2023,"education_state_rnk",8.0134
"37097060500","tract",2023,"education_state_rnk",46.9115
"37097060601","tract",2023,"education_state_rnk",37.6461
"37097060602","tract",2023,"education_state_rnk",71.0142
"37097060603","tract",2023,"education_state_rnk",33.8063
"37097060701","tract",2023,"education_state_rnk",31.49
"37097060702","tract",2023,"education_state_rnk",12.02
"37097060703","tract",2023,"education_state_rnk",57.3873
"37097060801","tract",2023,"education_state_rnk",33.9107
"37097060802","tract",2023,"education_state_rnk",27.3164
"37097060901","tract",2023,"education_state_rnk",14.8998
"37097060902","tract",2023,"education_state_rnk",21.7446
"37097061001","tract",2023,"education_state_rnk",49.4157
"37097061002","tract",2023,"education_state_rnk",55.5509
"37097061003","tract",2023,"education_state_rnk",60.2671
"37097061101","tract",2023,"education_state_rnk",4.0902
"37097061102","tract",2023,"education_state_rnk",45.2421
"37097061103","tract",2023,"education_state_rnk",36.8948
"37097061104","tract",2023,"education_state_rnk",55.9057
"37097061201","tract",2023,"education_state_rnk",79.5075
"37097061202","tract",2023,"education_state_rnk",73.6644
"37097061203","tract",2023,"education_state_rnk",70.1586
"37097061204","tract",2023,"education_state_rnk",81.2396
"37097061205","tract",2023,"education_state_rnk",41.2771
"37097061301","tract",2023,"education_state_rnk",61.9366
"37097061302","tract",2023,"education_state_rnk",36.1436
"37097061303","tract",2023,"education_state_rnk",80.3005
"37097061304","tract",2023,"education_state_rnk",65.2755
"37097061401","tract",2023,"education_state_rnk",80.3422
"37097061402","tract",2023,"education_state_rnk",77.7546
"37097061403","tract",2023,"education_state_rnk",66.6945
"37097061404","tract",2023,"education_state_rnk",85.8514
"37097061405","tract",2023,"education_state_rnk",77.5459
"37097061406","tract",2023,"education_state_rnk",90.7763
"37097061407","tract",2023,"education_state_rnk",88.7938
"37097061408","tract",2023,"education_state_rnk",74.9374
"37097061501","tract",2023,"education_state_rnk",46.6611
"37097061502","tract",2023,"education_state_rnk",66.4441
"37097061503","tract",2023,"education_state_rnk",77.5042
"37097061601","tract",2023,"education_state_rnk",40.7972
"37097061603","tract",2023,"education_state_rnk",51.6903
"37097061604","tract",2023,"education_state_rnk",57.5125
"37097061605","tract",2023,"education_state_rnk",82.1786
"37099940200","tract",2023,"education_state_rnk",5.6761
"37099950200","tract",2023,"education_state_rnk",NA
"37099950300","tract",2023,"education_state_rnk",40.192
"37099950400","tract",2023,"education_state_rnk",46.202
"37099950500","tract",2023,"education_state_rnk",57.2204
"37099950600","tract",2023,"education_state_rnk",21.202
"37099950700","tract",2023,"education_state_rnk",NA
"37099950800","tract",2023,"education_state_rnk",NA
"37099950900","tract",2023,"education_state_rnk",79.2154
"37101040101","tract",2023,"education_state_rnk",53.3806
"37101040102","tract",2023,"education_state_rnk",8.3055
"37101040103","tract",2023,"education_state_rnk",NA
"37101040204","tract",2023,"education_state_rnk",NA
"37101040205","tract",2023,"education_state_rnk",38.3556
"37101040206","tract",2023,"education_state_rnk",NA
"37101040207","tract",2023,"education_state_rnk",80.6553
"37101040208","tract",2023,"education_state_rnk",62.6461
"37101040209","tract",2023,"education_state_rnk",64.6912
"37101040210","tract",2023,"education_state_rnk",NA
"37101040301","tract",2023,"education_state_rnk",NA
"37101040303","tract",2023,"education_state_rnk",8.6394
"37101040304","tract",2023,"education_state_rnk",NA
"37101040400","tract",2023,"education_state_rnk",19.8247
"37101040501","tract",2023,"education_state_rnk",3.5476
"37101040502","tract",2023,"education_state_rnk",NA
"37101040600","tract",2023,"education_state_rnk",6.4274
"37101040700","tract",2023,"education_state_rnk",3.7354
"37101040800","tract",2023,"education_state_rnk",23.7479
"37101040903","tract",2023,"education_state_rnk",54.0484
"37101040904","tract",2023,"education_state_rnk",26.0017
"37101040905","tract",2023,"education_state_rnk",40.3172
"37101040906","tract",2023,"education_state_rnk",NA
"37101041001","tract",2023,"education_state_rnk",66.5693
"37101041003","tract",2023,"education_state_rnk",73.5184
"37101041004","tract",2023,"education_state_rnk",52.7337
"37101041005","tract",2023,"education_state_rnk",NA
"37101041104","tract",2023,"education_state_rnk",40.0668
"37101041105","tract",2023,"education_state_rnk",NA
"37101041106","tract",2023,"education_state_rnk",64.4825
"37101041107","tract",2023,"education_state_rnk",69.4073
"37101041108","tract",2023,"education_state_rnk",83.6394
"37101041109","tract",2023,"education_state_rnk",NA
"37101041110","tract",2023,"education_state_rnk",NA
"37101041111","tract",2023,"education_state_rnk",83.4933
"37101041112","tract",2023,"education_state_rnk",NA
"37101041113","tract",2023,"education_state_rnk",NA
"37101041203","tract",2023,"education_state_rnk",NA
"37101041204","tract",2023,"education_state_rnk",NA
"37101041205","tract",2023,"education_state_rnk",40.4424
"37101041206","tract",2023,"education_state_rnk",8.0551
"37101041301","tract",2023,"education_state_rnk",NA
"37101041302","tract",2023,"education_state_rnk",9.3072
"37101041401","tract",2023,"education_state_rnk",42.717
"37101041402","tract",2023,"education_state_rnk",18.2596
"37101041504","tract",2023,"education_state_rnk",49.3114
"37101041505","tract",2023,"education_state_rnk",NA
"37101041506","tract",2023,"education_state_rnk",44.8247
"37101041507","tract",2023,"education_state_rnk",NA
"37101041508","tract",2023,"education_state_rnk",NA
"37101041509","tract",2023,"education_state_rnk",59.0359
"37101041510","tract",2023,"education_state_rnk",NA
"37101041511","tract",2023,"education_state_rnk",NA
"37103920100","tract",2023,"education_state_rnk",22.2245
"37103920200","tract",2023,"education_state_rnk",11.9783
"37103920300","tract",2023,"education_state_rnk",40.7972
"37105030101","tract",2023,"education_state_rnk",29.4658
"37105030102","tract",2023,"education_state_rnk",63.3765
"37105030200","tract",2023,"education_state_rnk",0.6678
"37105030300","tract",2023,"education_state_rnk",0.2922
"37105030401","tract",2023,"education_state_rnk",4.7579
"37105030402","tract",2023,"education_state_rnk",5.0918
"37105030502","tract",2023,"education_state_rnk",8.2638
"37105030504","tract",2023,"education_state_rnk",60.3715
"37105030505","tract",2023,"education_state_rnk",41.1937
"37105030506","tract",2023,"education_state_rnk",1.2938
"37105030507","tract",2023,"education_state_rnk",78.485
"37105030601","tract",2023,"education_state_rnk",74.1444
"37105030602","tract",2023,"education_state_rnk",50.2922
"37105030702","tract",2023,"education_state_rnk",26.1895
"37105030703","tract",2023,"education_state_rnk",58.4516
"37105030704","tract",2023,"education_state_rnk",30.384
"37107010100","tract",2023,"education_state_rnk",34.9332
"37107010200","tract",2023,"education_state_rnk",3.8397
"37107010300","tract",2023,"education_state_rnk",2.4207
"37107010400","tract",2023,"education_state_rnk",31.0518
"37107010500","tract",2023,"education_state_rnk",2.5876
"37107010600","tract",2023,"education_state_rnk",31.803
"37107010700","tract",2023,"education_state_rnk",19.7412
"37107010800","tract",2023,"education_state_rnk",16.6736
"37107010900","tract",2023,"education_state_rnk",10.1002
"37107011001","tract",2023,"education_state_rnk",49.7078
"37107011002","tract",2023,"education_state_rnk",43.5518
"37107011100","tract",2023,"education_state_rnk",15.9641
"37107011201","tract",2023,"education_state_rnk",5.4257
"37107011202","tract",2023,"education_state_rnk",5.7596
"37107011301","tract",2023,"education_state_rnk",30.6344
"37107011302","tract",2023,"education_state_rnk",23.7062
"37107011400","tract",2023,"education_state_rnk",24.1653
"37109070100","tract",2023,"education_state_rnk",18.9065
"37109070201","tract",2023,"education_state_rnk",8.8063
"37109070202","tract",2023,"education_state_rnk",49.8539
"37109070300","tract",2023,"education_state_rnk",NA
"37109070400","tract",2023,"education_state_rnk",23.8731
"37109070500","tract",2023,"education_state_rnk",9.4741
"37109070600","tract",2023,"education_state_rnk",NA
"37109070700","tract",2023,"education_state_rnk",28.7563
"37109070800","tract",2023,"education_state_rnk",23.8314
"37109070901","tract",2023,"education_state_rnk",NA
"37109070902","tract",2023,"education_state_rnk",53.3389
"37109071001","tract",2023,"education_state_rnk",23.9357
"37109071002","tract",2023,"education_state_rnk",NA
"37109071101","tract",2023,"education_state_rnk",61.9992
"37109071102","tract",2023,"education_state_rnk",NA
"37109071201","tract",2023,"education_state_rnk",NA
"37109071202","tract",2023,"education_state_rnk",85.288
"37109071203","tract",2023,"education_state_rnk",NA
"37111970101","tract",2023,"education_state_rnk",14.3155
"37111970102","tract",2023,"education_state_rnk",51.1477
"37111970200","tract",2023,"education_state_rnk",15.8598
"37111970300","tract",2023,"education_state_rnk",12.0826
"37111970400","tract",2023,"education_state_rnk",6.0935
"37111970500","tract",2023,"education_state_rnk",54.4032
"37111970600","tract",2023,"education_state_rnk",42.9048
"37111970700","tract",2023,"education_state_rnk",29.6327
"37111970800","tract",2023,"education_state_rnk",55.5509
"37111970902","tract",2023,"education_state_rnk",27.4416
"37111970903","tract",2023,"education_state_rnk",33.9107
"37111970904","tract",2023,"education_state_rnk",42.2371
"37113970100","tract",2023,"education_state_rnk",NA
"37113970200","tract",2023,"education_state_rnk",38.919
"37113970302","tract",2023,"education_state_rnk",40.9015
"37113970303","tract",2023,"education_state_rnk",28.5476
"37113970304","tract",2023,"education_state_rnk",14.3573
"37113970400","tract",2023,"education_state_rnk",NA
"37113970501","tract",2023,"education_state_rnk",NA
"37113970502","tract",2023,"education_state_rnk",66.0267
"37113970600","tract",2023,"education_state_rnk",29.0067
"37113970700","tract",2023,"education_state_rnk",14.5659
"37115010100","tract",2023,"education_state_rnk",NA
"37115010200","tract",2023,"education_state_rnk",55.0501
"37115010400","tract",2023,"education_state_rnk",37.5417
"37115010500","tract",2023,"education_state_rnk",24.5826
"37115010601","tract",2023,"education_state_rnk",52.1285
"37115010602","tract",2023,"education_state_rnk",NA
"37115010700","tract",2023,"education_state_rnk",NA
"37117970100","tract",2023,"education_state_rnk",20.1169
"37117970200","tract",2023,"education_state_rnk",3.798
"37117970300","tract",2023,"education_state_rnk",NA
"37117970400","tract",2023,"education_state_rnk",NA
"37117970500","tract",2023,"education_state_rnk",24.374
"37117970600","tract",2023,"education_state_rnk",10.9766
"37119000101","tract",2023,"education_state_rnk",99.3322
"37119000102","tract",2023,"education_state_rnk",95.576
"37119000103","tract",2023,"education_state_rnk",85.4967
"37119000104","tract",2023,"education_state_rnk",99.7496
"37119000301","tract",2023,"education_state_rnk",99.7078
"37119000302","tract",2023,"education_state_rnk",80.8013
"37119000401","tract",2023,"education_state_rnk",100
"37119000402","tract",2023,"education_state_rnk",NA
"37119000501","tract",2023,"education_state_rnk",84.3489
"37119000502","tract",2023,"education_state_rnk",96.7446
"37119000503","tract",2023,"education_state_rnk",NA
"37119000600","tract",2023,"education_state_rnk",79.2988
"37119000700","tract",2023,"education_state_rnk",94.0526
"37119000800","tract",2023,"education_state_rnk",87.0826
"37119000900","tract",2023,"education_state_rnk",95.3255
"37119001000","tract",2023,"education_state_rnk",95.9516
"37119001100","tract",2023,"education_state_rnk",97.3289
"37119001200","tract",2023,"education_state_rnk",75.0417
"37119001300","tract",2023,"education_state_rnk",65.3589
"37119001400","tract",2023,"education_state_rnk",89.399
"37119001504","tract",2023,"education_state_rnk",0.9182
"37119001505","tract",2023,"education_state_rnk",3.6728
"37119001507","tract",2023,"education_state_rnk",0.9599
"37119001508","tract",2023,"education_state_rnk",56.9908
"37119001509","tract",2023,"education_state_rnk",4.9249
"37119001510","tract",2023,"education_state_rnk",19.5117
"37119001603","tract",2023,"education_state_rnk",34.1402
"37119001605","tract",2023,"education_state_rnk",5.217
"37119001606","tract",2023,"education_state_rnk",10.0167
"37119001607","tract",2023,"education_state_rnk",2.0868
"37119001608","tract",2023,"education_state_rnk",4.0067
"37119001609","tract",2023,"education_state_rnk",13.7104
"37119001701","tract",2023,"education_state_rnk",45.1169
"37119001702","tract",2023,"education_state_rnk",8.8481
"37119001801","tract",2023,"education_state_rnk",83.7646
"37119001802","tract",2023,"education_state_rnk",68.1553
"37119001910","tract",2023,"education_state_rnk",1.1269
"37119001911","tract",2023,"education_state_rnk",15.818
"37119001914","tract",2023,"education_state_rnk",7.1786
"37119001916","tract",2023,"education_state_rnk",15.5467
"37119001917","tract",2023,"education_state_rnk",6.6778
"37119001918","tract",2023,"education_state_rnk",18.6144
"37119001919","tract",2023,"education_state_rnk",52.2538
"37119001920","tract",2023,"education_state_rnk",6.4691
"37119001921","tract",2023,"education_state_rnk",10.8932
"37119001922","tract",2023,"education_state_rnk",7.429
"37119001923","tract",2023,"education_state_rnk",50.7513
"37119001924","tract",2023,"education_state_rnk",0
"37119001925","tract",2023,"education_state_rnk",2.7546
"37119001926","tract",2023,"education_state_rnk",61.707
"37119001927","tract",2023,"education_state_rnk",14.5242
"37119002004","tract",2023,"education_state_rnk",83.5559
"37119002005","tract",2023,"education_state_rnk",92.6127
"37119002006","tract",2023,"education_state_rnk",84.182
"37119002007","tract",2023,"education_state_rnk",78.7354
"37119002008","tract",2023,"education_state_rnk",85.7888
"37119002100","tract",2023,"education_state_rnk",86.1436
"37119002201","tract",2023,"education_state_rnk",92.0701
"37119002202","tract",2023,"education_state_rnk",90.0876
"37119002300","tract",2023,"education_state_rnk",17.2371
"37119002400","tract",2023,"education_state_rnk",98.3723
"37119002500","tract",2023,"education_state_rnk",98.0801
"37119002600","tract",2023,"education_state_rnk",96.0351
"37119002701","tract",2023,"education_state_rnk",99.7913
"37119002702","tract",2023,"education_state_rnk",94.2404
"37119002800","tract",2023,"education_state_rnk",99.374
"37119002903","tract",2023,"education_state_rnk",98.4558
"37119002905","tract",2023,"education_state_rnk",99.4157
"37119002907","tract",2023,"education_state_rnk",73.0384
"37119002908","tract",2023,"education_state_rnk",96.995
"37119002909","tract",2023,"education_state_rnk",99.9583
"37119002910","tract",2023,"education_state_rnk",94.3865
"37119003006","tract",2023,"education_state_rnk",91.4232
"37119003008","tract",2023,"education_state_rnk",86.0601
"37119003012","tract",2023,"education_state_rnk",86.2479
"37119003013","tract",2023,"education_state_rnk",95.4716
"37119003015","tract",2023,"education_state_rnk",92.2579
"37119003016","tract",2023,"education_state_rnk",94.6578
"37119003017","tract",2023,"education_state_rnk",96.4524
"37119003018","tract",2023,"education_state_rnk",70.096
"37119003019","tract",2023,"education_state_rnk",97.9132
"37119003020","tract",2023,"education_state_rnk",97.0367
"37119003021","tract",2023,"education_state_rnk",92.8214
"37119003022","tract",2023,"education_state_rnk",96.1603
"37119003102","tract",2023,"education_state_rnk",77.0868
"37119003105","tract",2023,"education_state_rnk",94.8664
"37119003106","tract",2023,"education_state_rnk",54.9457
"37119003108","tract",2023,"education_state_rnk",10.4132
"37119003109","tract",2023,"education_state_rnk",0.2504
"37119003110","tract",2023,"education_state_rnk",98.1219
"37119003111","tract",2023,"education_state_rnk",98.1636
"37119003201","tract",2023,"education_state_rnk",65.7763
"37119003203","tract",2023,"education_state_rnk",88.9816
"37119003204","tract",2023,"education_state_rnk",95.4716
"37119003301","tract",2023,"education_state_rnk",97.7045
"37119003302","tract",2023,"education_state_rnk",96.5776
"37119003401","tract",2023,"education_state_rnk",99.5409
"37119003402","tract",2023,"education_state_rnk",99.5826
"37119003500","tract",2023,"education_state_rnk",98.6227
"37119003600","tract",2023,"education_state_rnk",64.6494
"37119003701","tract",2023,"education_state_rnk",98.7896
"37119003702","tract",2023,"education_state_rnk",94.5326
"37119003802","tract",2023,"education_state_rnk",81.5735
"37119003805","tract",2023,"education_state_rnk",92.6544
"37119003807","tract",2023,"education_state_rnk",2.0451
"37119003808","tract",2023,"education_state_rnk",2.9215
"37119003809","tract",2023,"education_state_rnk",8.4725
"37119003810","tract",2023,"education_state_rnk",11.8531
"37119003811","tract",2023,"education_state_rnk",77.6711
"37119003902","tract",2023,"education_state_rnk",24.6244
"37119003903","tract",2023,"education_state_rnk",6.1352
"37119004000","tract",2023,"education_state_rnk",37.0409
"37119004101","tract",2023,"education_state_rnk",83.7229
"37119004102","tract",2023,"education_state_rnk",99.0818
"37119004200","tract",2023,"education_state_rnk",32.7212
"37119004302","tract",2023,"education_state_rnk",6.6778
"37119004303","tract",2023,"education_state_rnk",8.5142
"37119004304","tract",2023,"education_state_rnk",13.4599
"37119004306","tract",2023,"education_state_rnk",2.2955
"37119004307","tract",2023,"education_state_rnk",98.2888
"37119004400","tract",2023,"education_state_rnk",15.4424
"37119004500","tract",2023,"education_state_rnk",54.6327
"37119004600","tract",2023,"education_state_rnk",27.6503
"37119004700","tract",2023,"education_state_rnk",NA
"37119004800","tract",2023,"education_state_rnk",30.4674
"37119004900","tract",2023,"education_state_rnk",27.7546
"37119005000","tract",2023,"education_state_rnk",88.4599
"37119005100","tract",2023,"education_state_rnk",7.0952
"37119005200","tract",2023,"education_state_rnk",34.2863
"37119005301","tract",2023,"education_state_rnk",2.9633
"37119005305","tract",2023,"education_state_rnk",3.0885
"37119005306","tract",2023,"education_state_rnk",1.4608
"37119005307","tract",2023,"education_state_rnk",16.0684
"37119005308","tract",2023,"education_state_rnk",1.0434
"37119005403","tract",2023,"education_state_rnk",13.7104
"37119005404","tract",2023,"education_state_rnk",28.5893
"37119005405","tract",2023,"education_state_rnk",45.9516
"37119005406","tract",2023,"education_state_rnk",50.9182
"37119005508","tract",2023,"education_state_rnk",86.6235
"37119005510","tract",2023,"education_state_rnk",16.9032
"37119005511","tract",2023,"education_state_rnk",69.5534
"37119005512","tract",2023,"education_state_rnk",35.1419
"37119005513","tract",2023,"education_state_rnk",82.8673
"37119005515","tract",2023,"education_state_rnk",76.9407
"37119005516","tract",2023,"education_state_rnk",91.9449
"37119005517","tract",2023,"education_state_rnk",89.3573
"37119005519","tract",2023,"education_state_rnk",77.7129
"37119005520","tract",2023,"education_state_rnk",60.6427
"37119005522","tract",2023,"education_state_rnk",66.8614
"37119005525","tract",2023,"education_state_rnk",46.5568
"37119005526","tract",2023,"education_state_rnk",84.4115
"37119005527","tract",2023,"education_state_rnk",91.8823
"37119005528","tract",2023,"education_state_rnk",89.6494
"37119005529","tract",2023,"education_state_rnk",44.0317
"37119005530","tract",2023,"education_state_rnk",79.9875
"37119005531","tract",2023,"education_state_rnk",67.2997
"37119005532","tract",2023,"education_state_rnk",68.2805
"37119005533","tract",2023,"education_state_rnk",89.8164
"37119005534","tract",2023,"education_state_rnk",87.7295
"37119005535","tract",2023,"education_state_rnk",36.7487
"37119005536","tract",2023,"education_state_rnk",89.5659
"37119005604","tract",2023,"education_state_rnk",NA
"37119005609","tract",2023,"education_state_rnk",62.3539
"37119005610","tract",2023,"education_state_rnk",42.2997
"37119005611","tract",2023,"education_state_rnk",61.227
"37119005612","tract",2023,"education_state_rnk",80.9683
"37119005613","tract",2023,"education_state_rnk",68.823
"37119005615","tract",2023,"education_state_rnk",71.1603
"37119005616","tract",2023,"education_state_rnk",48.7479
"37119005617","tract",2023,"education_state_rnk",50.3548
"37119005618","tract",2023,"education_state_rnk",60.9558
"37119005619","tract",2023,"education_state_rnk",77.6294
"37119005621","tract",2023,"education_state_rnk",70.2212
"37119005622","tract",2023,"education_state_rnk",82.0534
"37119005623","tract",2023,"education_state_rnk",52.0451
"37119005624","tract",2023,"education_state_rnk",42.5292
"37119005625","tract",2023,"education_state_rnk",73.7062
"37119005626","tract",2023,"education_state_rnk",28.2972
"37119005627","tract",2023,"education_state_rnk",36.9783
"37119005709","tract",2023,"education_state_rnk",77.8798
"37119005710","tract",2023,"education_state_rnk",24.8748
"37119005712","tract",2023,"education_state_rnk",86.3105
"37119005713","tract",2023,"education_state_rnk",87.6043
"37119005714","tract",2023,"education_state_rnk",82.7421
"37119005715","tract",2023,"education_state_rnk",75.5634
"37119005716","tract",2023,"education_state_rnk",41.5902
"37119005718","tract",2023,"education_state_rnk",38.6895
"37119005719","tract",2023,"education_state_rnk",38.2304
"37119005720","tract",2023,"education_state_rnk",79.8205
"37119005721","tract",2023,"education_state_rnk",71.4733
"37119005722","tract",2023,"education_state_rnk",54.6953
"37119005723","tract",2023,"education_state_rnk",67.2997
"37119005811","tract",2023,"education_state_rnk",81.1352
"37119005815","tract",2023,"education_state_rnk",73.6227
"37119005816","tract",2023,"education_state_rnk",95.0334
"37119005817","tract",2023,"education_state_rnk",87.6669
"37119005824","tract",2023,"education_state_rnk",51.0434
"37119005826","tract",2023,"education_state_rnk",30.7387
"37119005827","tract",2023,"education_state_rnk",17.0284
"37119005828","tract",2023,"education_state_rnk",84.1402
"37119005829","tract",2023,"education_state_rnk",28.9232
"37119005830","tract",2023,"education_state_rnk",73.8523
"37119005832","tract",2023,"education_state_rnk",96.6194
"37119005833","tract",2023,"education_state_rnk",87.6669
"37119005834","tract",2023,"education_state_rnk",69.6995
"37119005835","tract",2023,"education_state_rnk",81.2396
"37119005836","tract",2023,"education_state_rnk",64.3155
"37119005839","tract",2023,"education_state_rnk",89.4407
"37119005840","tract",2023,"education_state_rnk",92.0284
"37119005843","tract",2023,"education_state_rnk",77.1285
"37119005845","tract",2023,"education_state_rnk",88.8773
"37119005846","tract",2023,"education_state_rnk",95.8264
"37119005847","tract",2023,"education_state_rnk",97.9549
"37119005848","tract",2023,"education_state_rnk",86.3523
"37119005849","tract",2023,"education_state_rnk",73.3306
"37119005850","tract",2023,"education_state_rnk",84.0568
"37119005851","tract",2023,"education_state_rnk",83.8898
"37119005852","tract",2023,"education_state_rnk",88.1469
"37119005853","tract",2023,"education_state_rnk",29.8414
"37119005854","tract",2023,"education_state_rnk",90.5259
"37119005855","tract",2023,"education_state_rnk",58.6185
"37119005856","tract",2023,"education_state_rnk",94.9499
"37119005857","tract",2023,"education_state_rnk",98.2053
"37119005858","tract",2023,"education_state_rnk",62.4165
"37119005859","tract",2023,"education_state_rnk",97.5793
"37119005860","tract",2023,"education_state_rnk",85.6427
"37119005861","tract",2023,"education_state_rnk",85.3506
"37119005862","tract",2023,"education_state_rnk",95.7429
"37119005863","tract",2023,"education_state_rnk",87.7713
"37119005864","tract",2023,"education_state_rnk",90.192
"37119005865","tract",2023,"education_state_rnk",74.374
"37119005866","tract",2023,"education_state_rnk",82.8047
"37119005867","tract",2023,"education_state_rnk",79.8205
"37119005868","tract",2023,"education_state_rnk",71.202
"37119005908","tract",2023,"education_state_rnk",96.4107
"37119005910","tract",2023,"education_state_rnk",62.5417
"37119005913","tract",2023,"education_state_rnk",67.5083
"37119005915","tract",2023,"education_state_rnk",91.8197
"37119005916","tract",2023,"education_state_rnk",6.8865
"37119005918","tract",2023,"education_state_rnk",39.1486
"37119005919","tract",2023,"education_state_rnk",76.2104
"37119005920","tract",2023,"education_state_rnk",41.5275
"37119005921","tract",2023,"education_state_rnk",88.9399
"37119005922","tract",2023,"education_state_rnk",80.6553
"37119005923","tract",2023,"education_state_rnk",56.2187
"37119005924","tract",2023,"education_state_rnk",64.0025
"37119005925","tract",2023,"education_state_rnk",70.0334
"37119005926","tract",2023,"education_state_rnk",96.7863
"37119005927","tract",2023,"education_state_rnk",57.1786
"37119005928","tract",2023,"education_state_rnk",48.4766
"37119005929","tract",2023,"education_state_rnk",82.2204
"37119005930","tract",2023,"education_state_rnk",36.1018
"37119005931","tract",2023,"education_state_rnk",63.6477
"37119005932","tract",2023,"education_state_rnk",71.828
"37119006005","tract",2023,"education_state_rnk",37.3957
"37119006008","tract",2023,"education_state_rnk",76.3773
"37119006009","tract",2023,"education_state_rnk",50.7095
"37119006011","tract",2023,"education_state_rnk",64.7955
"37119006012","tract",2023,"education_state_rnk",26.106
"37119006013","tract",2023,"education_state_rnk",21.8072
"37119006014","tract",2023,"education_state_rnk",75.2504
"37119006015","tract",2023,"education_state_rnk",64.0651
"37119006016","tract",2023,"education_state_rnk",19.783
"37119006103","tract",2023,"education_state_rnk",71.6402
"37119006105","tract",2023,"education_state_rnk",74.4366
"37119006108","tract",2023,"education_state_rnk",27.9841
"37119006109","tract",2023,"education_state_rnk",61.394
"37119006110","tract",2023,"education_state_rnk",51.0017
"37119006111","tract",2023,"education_state_rnk",56.1352
"37119006112","tract",2023,"education_state_rnk",65.9641
"37119006113","tract",2023,"education_state_rnk",79.1736
"37119006114","tract",2023,"education_state_rnk",75.1252
"37119006115","tract",2023,"education_state_rnk",85.1836
"37119006208","tract",2023,"education_state_rnk",83.0134
"37119006209","tract",2023,"education_state_rnk",81.2396
"37119006210","tract",2023,"education_state_rnk",83.5977
"37119006211","tract",2023,"education_state_rnk",92.9466
"37119006212","tract",2023,"education_state_rnk",89.8998
"37119006214","tract",2023,"education_state_rnk",87.3539
"37119006216","tract",2023,"education_state_rnk",91.1311
"37119006217","tract",2023,"education_state_rnk",92.9883
"37119006218","tract",2023,"education_state_rnk",99.6661
"37119006219","tract",2023,"education_state_rnk",96.2855
"37119006220","tract",2023,"education_state_rnk",95.5342
"37119006221","tract",2023,"education_state_rnk",94.3865
"37119006222","tract",2023,"education_state_rnk",83.6811
"37119006223","tract",2023,"education_state_rnk",77.1912
"37119006224","tract",2023,"education_state_rnk",52.6711
"37119006305","tract",2023,"education_state_rnk",91.778
"37119006306","tract",2023,"education_state_rnk",91.3606
"37119006307","tract",2023,"education_state_rnk",95.9933
"37119006308","tract",2023,"education_state_rnk",88.5643
"37119006309","tract",2023,"education_state_rnk",76.5442
"37119006310","tract",2023,"education_state_rnk",90.7346
"37119006311","tract",2023,"education_state_rnk",94.9082
"37119006403","tract",2023,"education_state_rnk",73.9149
"37119006404","tract",2023,"education_state_rnk",98.2471
"37119006407","tract",2023,"education_state_rnk",75.9808
"37119006408","tract",2023,"education_state_rnk",93.1135
"37119006409","tract",2023,"education_state_rnk",95.6594
"37119006410","tract",2023,"education_state_rnk",83.0551
"37119006411","tract",2023,"education_state_rnk",51.9825
"37119980100","tract",2023,"education_state_rnk",NA
"37119980200","tract",2023,"education_state_rnk",NA
"37119980300","tract",2023,"education_state_rnk",NA
"37121950100","tract",2023,"education_state_rnk",NA
"37121950200","tract",2023,"education_state_rnk",35.0793
"37121950300","tract",2023,"education_state_rnk",26.899
"37121950400","tract",2023,"education_state_rnk",53.172
"37123960101","tract",2023,"education_state_rnk",37.5417
"37123960102","tract",2023,"education_state_rnk",5.1753
"37123960201","tract",2023,"education_state_rnk",63.9399
"37123960202","tract",2023,"education_state_rnk",47.2871
"37123960301","tract",2023,"education_state_rnk",29.3823
"37123960302","tract",2023,"education_state_rnk",70.3255
"37123960401","tract",2023,"education_state_rnk",24.9165
"37123960402","tract",2023,"education_state_rnk",23.5392
"37123960501","tract",2023,"education_state_rnk",2.4624
"37123960502","tract",2023,"education_state_rnk",12.2705
"37125950100","tract",2023,"education_state_rnk",54.3406
"37125950201","tract",2023,"education_state_rnk",0.3339
"37125950202","tract",2023,"education_state_rnk",24.4783
"37125950303","tract",2023,"education_state_rnk",78.3389
"37125950304","tract",2023,"education_state_rnk",35.0167
"37125950305","tract",2023,"education_state_rnk",44.3865
"37125950306","tract",2023,"education_state_rnk",74.207
"37125950402","tract",2023,"education_state_rnk",51.0851
"37125950403","tract",2023,"education_state_rnk",33.702
"37125950404","tract",2023,"education_state_rnk",44.1987
"37125950503","tract",2023,"education_state_rnk",61.4775
"37125950504","tract",2023,"education_state_rnk",58.7646
"37125950505","tract",2023,"education_state_rnk",27.0033
"37125950506","tract",2023,"education_state_rnk",76.6068
"37125950507","tract",2023,"education_state_rnk",38.0008
"37125950601","tract",2023,"education_state_rnk",86.9366
"37125950603","tract",2023,"education_state_rnk",61.1018
"37125950604","tract",2023,"education_state_rnk",81.4691
"37125950702","tract",2023,"education_state_rnk",94.2821
"37125950703","tract",2023,"education_state_rnk",79.6327
"37125950704","tract",2023,"education_state_rnk",90.9432
"37125950801","tract",2023,"education_state_rnk",65.3172
"37125950802","tract",2023,"education_state_rnk",82.9508
"37125950900","tract",2023,"education_state_rnk",83.8272
"37125951001","tract",2023,"education_state_rnk",88.3139
"37125951002","tract",2023,"education_state_rnk",78.9441
"37125951101","tract",2023,"education_state_rnk",78.798
"37125951102","tract",2023,"education_state_rnk",60.7888
"37125951200","tract",2023,"education_state_rnk",68.6561
"37127010200","tract",2023,"education_state_rnk",NA
"37127010301","tract",2023,"education_state_rnk",35.2045
"37127010302","tract",2023,"education_state_rnk",48.2053
"37127010400","tract",2023,"education_state_rnk",12.9382
"37127010503","tract",2023,"education_state_rnk",NA
"37127010504","tract",2023,"education_state_rnk",56.6361
"37127010505","tract",2023,"education_state_rnk",75.2087
"37127010506","tract",2023,"education_state_rnk",47.3289
"37127010601","tract",2023,"education_state_rnk",NA
"37127010603","tract",2023,"education_state_rnk",0.5843
"37127010604","tract",2023,"education_state_rnk",NA
"37127010700","tract",2023,"education_state_rnk",15.7346
"37127010801","tract",2023,"education_state_rnk",NA
"37127010802","tract",2023,"education_state_rnk",58.076
"37127010900","tract",2023,"education_state_rnk",NA
"37127011000","tract",2023,"education_state_rnk",14.1277
"37127011101","tract",2023,"education_state_rnk",33.3055
"37127011103","tract",2023,"education_state_rnk",44.9917
"37127011104","tract",2023,"education_state_rnk",NA
"37127011201","tract",2023,"education_state_rnk",NA
"37127011202","tract",2023,"education_state_rnk",NA
"37127011300","tract",2023,"education_state_rnk",3.7354
"37127011400","tract",2023,"education_state_rnk",36.6861
"37127011501","tract",2023,"education_state_rnk",3.4224
"37127011502","tract",2023,"education_state_rnk",NA
"37129010100","tract",2023,"education_state_rnk",45.722
"37129010200","tract",2023,"education_state_rnk",69.7412
"37129010300","tract",2023,"education_state_rnk",45.2838
"37129010400","tract",2023,"education_state_rnk",68.9065
"37129010501","tract",2023,"education_state_rnk",58.3264
"37129010503","tract",2023,"education_state_rnk",73.1636
"37129010504","tract",2023,"education_state_rnk",77.3372
"37129010600","tract",2023,"education_state_rnk",87.2287
"37129010700","tract",2023,"education_state_rnk",32.909
"37129010800","tract",2023,"education_state_rnk",1.3773
"37129010900","tract",2023,"education_state_rnk",64.8998
"37129011000","tract",2023,"education_state_rnk",28.6311
"37129011100","tract",2023,"education_state_rnk",7.6795
"37129011200","tract",2023,"education_state_rnk",60.121
"37129011300","tract",2023,"education_state_rnk",85.7262
"37129011400","tract",2023,"education_state_rnk",57.1369
"37129011501","tract",2023,"education_state_rnk",NA
"37129011502","tract",2023,"education_state_rnk",NA
"37129011503","tract",2023,"education_state_rnk",56.3648
"37129011504","tract",2023,"education_state_rnk",37.0409
"37129011605","tract",2023,"education_state_rnk",53.2554
"37129011606","tract",2023,"education_state_rnk",52.5459
"37129011608","tract",2023,"education_state_rnk",70.9098
"37129011609","tract",2023,"education_state_rnk",21.3898
"37129011610","tract",2023,"education_state_rnk",65.9641
"37129011611","tract",2023,"education_state_rnk",80.1753
"37129011612","tract",2023,"education_state_rnk",68.2805
"37129011701","tract",2023,"education_state_rnk",89.5242
"37129011703","tract",2023,"education_state_rnk",92.9048
"37129011705","tract",2023,"education_state_rnk",87.2705
"37129011800","tract",2023,"education_state_rnk",96.3272
"37129011904","tract",2023,"education_state_rnk",88.4599
"37129011905","tract",2023,"education_state_rnk",68.2805
"37129011906","tract",2023,"education_state_rnk",82.4082
"37129012004","tract",2023,"education_state_rnk",88.6895
"37129012006","tract",2023,"education_state_rnk",90.3381
"37129012007","tract",2023,"education_state_rnk",68.3848
"37129012008","tract",2023,"education_state_rnk",78.1511
"37129012009","tract",2023,"education_state_rnk",73.5184
"37129012010","tract",2023,"education_state_rnk",84.2654
"37129012011","tract",2023,"education_state_rnk",68.6144
"37129012012","tract",2023,"education_state_rnk",96.828
"37129012103","tract",2023,"education_state_rnk",81.7404
"37129012106","tract",2023,"education_state_rnk",60.3715
"37129012107","tract",2023,"education_state_rnk",75.3756
"37129012108","tract",2023,"education_state_rnk",83.4307
"37129012109","tract",2023,"education_state_rnk",77.3998
"37129012110","tract",2023,"education_state_rnk",56.9282
"37129012111","tract",2023,"education_state_rnk",76.3356
"37129012201","tract",2023,"education_state_rnk",89.1068
"37129012202","tract",2023,"education_state_rnk",75.4591
"37129012203","tract",2023,"education_state_rnk",81.0518
"37129012300","tract",2023,"education_state_rnk",92.1119
"37129980100","tract",2023,"education_state_rnk",NA
"37129990100","tract",2023,"education_state_rnk",NA
"37131920101","tract",2023,"education_state_rnk",33.0134
"37131920102","tract",2023,"education_state_rnk",NA
"37131920103","tract",2023,"education_state_rnk",75.8765
"37131920201","tract",2023,"education_state_rnk",NA
"37131920202","tract",2023,"education_state_rnk",NA
"37131920301","tract",2023,"education_state_rnk",NA
"37131920302","tract",2023,"education_state_rnk",NA
"37131920303","tract",2023,"education_state_rnk",7.6377
"37131920401","tract",2023,"education_state_rnk",30.1336
"37131920402","tract",2023,"education_state_rnk",NA
"37133000103","tract",2023,"education_state_rnk",50.4382
"37133000104","tract",2023,"education_state_rnk",53.0885
"37133000105","tract",2023,"education_state_rnk",52.4416
"37133000203","tract",2023,"education_state_rnk",72.5793
"37133000204","tract",2023,"education_state_rnk",52.5876
"37133000205","tract",2023,"education_state_rnk",55.2588
"37133000206","tract",2023,"education_state_rnk",25.48
"37133000207","tract",2023,"education_state_rnk",41.0893
"37133000303","tract",2023,"education_state_rnk",26.5234
"37133000304","tract",2023,"education_state_rnk",34.8289
"37133000305","tract",2023,"education_state_rnk",37.2705
"37133000306","tract",2023,"education_state_rnk",30.5509
"37133000401","tract",2023,"education_state_rnk",78.2137
"37133000403","tract",2023,"education_state_rnk",97.621
"37133000404","tract",2023,"education_state_rnk",66.3815
"37133000405","tract",2023,"education_state_rnk",75.9182
"37133000500","tract",2023,"education_state_rnk",NA
"37133000600","tract",2023,"education_state_rnk",NA
"37133000700","tract",2023,"education_state_rnk",73.0801
"37133000800","tract",2023,"education_state_rnk",64.0025
"37133000901","tract",2023,"education_state_rnk",53.5684
"37133000902","tract",2023,"education_state_rnk",64.2529
"37133001000","tract",2023,"education_state_rnk",NA
"37133001101","tract",2023,"education_state_rnk",49.7496
"37133001102","tract",2023,"education_state_rnk",41.4858
"37133001201","tract",2023,"education_state_rnk",67.8422
"37133001202","tract",2023,"education_state_rnk",41.9449
"37133001301","tract",2023,"education_state_rnk",76.7738
"37133001302","tract",2023,"education_state_rnk",30.0918
"37133001303","tract",2023,"education_state_rnk",68.1135
"37133001304","tract",2023,"education_state_rnk",76.4608
"37133001400","tract",2023,"education_state_rnk",60.2671
"37133001500","tract",2023,"education_state_rnk",17.0701
"37133001700","tract",2023,"education_state_rnk",21.4524
"37133001800","tract",2023,"education_state_rnk",32.7838
"37133002100","tract",2023,"education_state_rnk",16.611
"37133002201","tract",2023,"education_state_rnk",69.0317
"37133002202","tract",2023,"education_state_rnk",45.9516
"37133002300","tract",2023,"education_state_rnk",51.5234
"37133002400","tract",2023,"education_state_rnk",33.9733
"37133002500","tract",2023,"education_state_rnk",48.2053
"37133002600","tract",2023,"education_state_rnk",11.3523
"37133002801","tract",2023,"education_state_rnk",67.404
"37133002802","tract",2023,"education_state_rnk",28.5058
"37133002803","tract",2023,"education_state_rnk",42.6127
"37133990100","tract",2023,"education_state_rnk",NA
"37135010701","tract",2023,"education_state_rnk",NA
"37135010705","tract",2023,"education_state_rnk",84.9332
"37135010706","tract",2023,"education_state_rnk",93.2596
"37135010707","tract",2023,"education_state_rnk",NA
"37135010708","tract",2023,"education_state_rnk",NA
"37135010709","tract",2023,"education_state_rnk",58.7646
"37135010710","tract",2023,"education_state_rnk",NA
"37135010802","tract",2023,"education_state_rnk",NA
"37135010803","tract",2023,"education_state_rnk",NA
"37135010804","tract",2023,"education_state_rnk",NA
"37135010902","tract",2023,"education_state_rnk",35.7679
"37135010903","tract",2023,"education_state_rnk",64.9416
"37135010904","tract",2023,"education_state_rnk",NA
"37135011001","tract",2023,"education_state_rnk",93.6561
"37135011002","tract",2023,"education_state_rnk",61.227
"37135011103","tract",2023,"education_state_rnk",37.187
"37135011104","tract",2023,"education_state_rnk",NA
"37135011105","tract",2023,"education_state_rnk",NA
"37135011106","tract",2023,"education_state_rnk",NA
"37135011107","tract",2023,"education_state_rnk",63.1678
"37135011204","tract",2023,"education_state_rnk",98.414
"37135011206","tract",2023,"education_state_rnk",91.7362
"37135011207","tract",2023,"education_state_rnk",NA
"37135011208","tract",2023,"education_state_rnk",87.5209
"37135011209","tract",2023,"education_state_rnk",NA
"37135011210","tract",2023,"education_state_rnk",NA
"37135011211","tract",2023,"education_state_rnk",NA
"37135011300","tract",2023,"education_state_rnk",41.0893
"37135011400","tract",2023,"education_state_rnk",NA
"37135011500","tract",2023,"education_state_rnk",80.8431
"37135011601","tract",2023,"education_state_rnk",NA
"37135011602","tract",2023,"education_state_rnk",NA
"37135011700","tract",2023,"education_state_rnk",NA
"37135011800","tract",2023,"education_state_rnk",NA
"37135011902","tract",2023,"education_state_rnk",NA
"37135011903","tract",2023,"education_state_rnk",NA
"37135011904","tract",2023,"education_state_rnk",99.9165
"37135012101","tract",2023,"education_state_rnk",43.8648
"37135012102","tract",2023,"education_state_rnk",NA
"37135012103","tract",2023,"education_state_rnk",97.8715
"37135012201","tract",2023,"education_state_rnk",85.9558
"37135012202","tract",2023,"education_state_rnk",94.4908
"37137950101","tract",2023,"education_state_rnk",17.6544
"37137950103","tract",2023,"education_state_rnk",25.0835
"37137950104","tract",2023,"education_state_rnk",16.7571
"37137950202","tract",2023,"education_state_rnk",67.1119
"37137950203","tract",2023,"education_state_rnk",70.3673
"37137950204","tract",2023,"education_state_rnk",73.2888
"37137990100","tract",2023,"education_state_rnk",NA
"37139960100","tract",2023,"education_state_rnk",56.9908
"37139960200","tract",2023,"education_state_rnk",34.015
"37139960300","tract",2023,"education_state_rnk",6.5943
"37139960400","tract",2023,"education_state_rnk",45.0334
"37139960501","tract",2023,"education_state_rnk",19.3239
"37139960502","tract",2023,"education_state_rnk",53.4432
"37139960503","tract",2023,"education_state_rnk",20.6594
"37139960600","tract",2023,"education_state_rnk",53.5684
"37139960701","tract",2023,"education_state_rnk",66.9032
"37139960702","tract",2023,"education_state_rnk",62.8339
"37141920104","tract",2023,"education_state_rnk",NA
"37141920105","tract",2023,"education_state_rnk",22.3289
"37141920106","tract",2023,"education_state_rnk",NA
"37141920201","tract",2023,"education_state_rnk",59.2654
"37141920202","tract",2023,"education_state_rnk",86.1018
"37141920203","tract",2023,"education_state_rnk",49.2487
"37141920204","tract",2023,"education_state_rnk",NA
"37141920300","tract",2023,"education_state_rnk",35.9766
"37141920401","tract",2023,"education_state_rnk",31.01
"37141920402","tract",2023,"education_state_rnk",5.9891
"37141920403","tract",2023,"education_state_rnk",NA
"37141920501","tract",2023,"education_state_rnk",21.4942
"37141920502","tract",2023,"education_state_rnk",NA
"37141920601","tract",2023,"education_state_rnk",3.3806
"37141920602","tract",2023,"education_state_rnk",22.2871
"37141990100","tract",2023,"education_state_rnk",NA
"37143920101","tract",2023,"education_state_rnk",30.9265
"37143920102","tract",2023,"education_state_rnk",NA
"37143920201","tract",2023,"education_state_rnk",14.8164
"37143920202","tract",2023,"education_state_rnk",NA
"37145920100","tract",2023,"education_state_rnk",33.5142
"37145920200","tract",2023,"education_state_rnk",74.687
"37145920300","tract",2023,"education_state_rnk",33.389
"37145920400","tract",2023,"education_state_rnk",55.0083
"37145920500","tract",2023,"education_state_rnk",59.4115
"37145920601","tract",2023,"education_state_rnk",36.7487
"37145920602","tract",2023,"education_state_rnk",49.6244
"37147000101","tract",2023,"education_state_rnk",49.207
"37147000102","tract",2023,"education_state_rnk",14.4407
"37147000201","tract",2023,"education_state_rnk",65.8389
"37147000202","tract",2023,"education_state_rnk",65.5259
"37147000301","tract",2023,"education_state_rnk",70.8681
"37147000303","tract",2023,"education_state_rnk",69.6578
"37147000304","tract",2023,"education_state_rnk",81.4274
"37147000400","tract",2023,"education_state_rnk",NA
"37147000501","tract",2023,"education_state_rnk",86.0184
"37147000503","tract",2023,"education_state_rnk",72.9549
"37147000504","tract",2023,"education_state_rnk",76.0851
"37147000602","tract",2023,"education_state_rnk",71.2855
"37147000604","tract",2023,"education_state_rnk",71.7028
"37147000605","tract",2023,"education_state_rnk",55.4257
"37147000606","tract",2023,"education_state_rnk",68.5309
"37147000607","tract",2023,"education_state_rnk",66.7988
"37147000701","tract",2023,"education_state_rnk",20.6594
"37147000702","tract",2023,"education_state_rnk",8.7646
"37147000800","tract",2023,"education_state_rnk",4.6327
"37147000901","tract",2023,"education_state_rnk",13.5851
"37147000902","tract",2023,"education_state_rnk",22.4332
"37147001001","tract",2023,"education_state_rnk",64.3781
"37147001002","tract",2023,"education_state_rnk",56.01
"37147001003","tract",2023,"education_state_rnk",68.7813
"37147001100","tract",2023,"education_state_rnk",57.2621
"37147001200","tract",2023,"education_state_rnk",20.3464
"37147001301","tract",2023,"education_state_rnk",70.9516
"37147001302","tract",2023,"education_state_rnk",44.303
"37147001304","tract",2023,"education_state_rnk",66.4858
"37147001305","tract",2023,"education_state_rnk",74.8539
"37147001402","tract",2023,"education_state_rnk",25
"37147001403","tract",2023,"education_state_rnk",20.4508
"37147001404","tract",2023,"education_state_rnk",17.3623
"37147001500","tract",2023,"education_state_rnk",24.3322
"37147001601","tract",2023,"education_state_rnk",59.8706
"37147001602","tract",2023,"education_state_rnk",57.8255
"37147001700","tract",2023,"education_state_rnk",55.6761
"37147001800","tract",2023,"education_state_rnk",25.2922
"37147001900","tract",2023,"education_state_rnk",31.177
"37147002002","tract",2023,"education_state_rnk",32.6169
"37147002003","tract",2023,"education_state_rnk",35.8097
"37147002004","tract",2023,"education_state_rnk",5.384
"37149920101","tract",2023,"education_state_rnk",NA
"37149920103","tract",2023,"education_state_rnk",NA
"37149920104","tract",2023,"education_state_rnk",51.3356
"37149920201","tract",2023,"education_state_rnk",58.9733
"37149920202","tract",2023,"education_state_rnk",6.2604
"37149920301","tract",2023,"education_state_rnk",NA
"37149920303","tract",2023,"education_state_rnk",64.8581
"37149920304","tract",2023,"education_state_rnk",71.1185
"37151030100","tract",2023,"education_state_rnk",8.4307
"37151030201","tract",2023,"education_state_rnk",10.8097
"37151030202","tract",2023,"education_state_rnk",16.6736
"37151030301","tract",2023,"education_state_rnk",25.2504
"37151030302","tract",2023,"education_state_rnk",NA
"37151030400","tract",2023,"education_state_rnk",1.8781
"37151030502","tract",2023,"education_state_rnk",NA
"37151030503","tract",2023,"education_state_rnk",32.909
"37151030504","tract",2023,"education_state_rnk",2.3372
"37151030600","tract",2023,"education_state_rnk",47.5167
"37151030700","tract",2023,"education_state_rnk",5.1336
"37151030803","tract",2023,"education_state_rnk",9.4324
"37151030804","tract",2023,"education_state_rnk",NA
"37151030805","tract",2023,"education_state_rnk",NA
"37151030806","tract",2023,"education_state_rnk",NA
"37151030900","tract",2023,"education_state_rnk",46.8072
"37151031001","tract",2023,"education_state_rnk",14.0651
"37151031002","tract",2023,"education_state_rnk",7.3873
"37151031101","tract",2023,"education_state_rnk",NA
"37151031102","tract",2023,"education_state_rnk",13.1886
"37151031200","tract",2023,"education_state_rnk",11.9366
"37151031303","tract",2023,"education_state_rnk",NA
"37151031304","tract",2023,"education_state_rnk",14.6912
"37151031305","tract",2023,"education_state_rnk",12.0826
"37151031307","tract",2023,"education_state_rnk",40.3798
"37151031308","tract",2023,"education_state_rnk",NA
"37151031401","tract",2023,"education_state_rnk",13.2304
"37151031402","tract",2023,"education_state_rnk",NA
"37151031501","tract",2023,"education_state_rnk",34.2237
"37151031503","tract",2023,"education_state_rnk",35.0793
"37151031504","tract",2023,"education_state_rnk",17.8422
"37151031505","tract",2023,"education_state_rnk",39.8164
"37151031601","tract",2023,"education_state_rnk",9.3489
"37151031602","tract",2023,"education_state_rnk",NA
"37153970100","tract",2023,"education_state_rnk",NA
"37153970200","tract",2023,"education_state_rnk",22.5584
"37153970300","tract",2023,"education_state_rnk",11.7279
"37153970400","tract",2023,"education_state_rnk",50.1461
"37153970500","tract",2023,"education_state_rnk",15.9641
"37153970600","tract",2023,"education_state_rnk",NA
"37153970700","tract",2023,"education_state_rnk",3.4641
"37153970800","tract",2023,"education_state_rnk",35.288
"37153970900","tract",2023,"education_state_rnk",18.677
"37153971000","tract",2023,"education_state_rnk",6.5109
"37153971100","tract",2023,"education_state_rnk",NA
"37155960101","tract",2023,"education_state_rnk",1.9199
"37155960102","tract",2023,"education_state_rnk",1.9616
"37155960202","tract",2023,"education_state_rnk",3.172
"37155960203","tract",2023,"education_state_rnk",14.7329
"37155960204","tract",2023,"education_state_rnk",11.227
"37155960301","tract",2023,"education_state_rnk",24.7913
"37155960302","tract",2023,"education_state_rnk",5.7179
"37155960402","tract",2023,"education_state_rnk",8.9316
"37155960403","tract",2023,"education_state_rnk",6.3648
"37155960404","tract",2023,"education_state_rnk",42.717
"37155960501","tract",2023,"education_state_rnk",21.995
"37155960502","tract",2023,"education_state_rnk",NA
"37155960503","tract",2023,"education_state_rnk",22.4332
"37155960601","tract",2023,"education_state_rnk",11.5192
"37155960602","tract",2023,"education_state_rnk",15.5467
"37155960701","tract",2023,"education_state_rnk",13.9399
"37155960702","tract",2023,"education_state_rnk",9.6411
"37155960801","tract",2023,"education_state_rnk",3.5893
"37155960802","tract",2023,"education_state_rnk",15.2337
"37155960900","tract",2023,"education_state_rnk",25.793
"37155961000","tract",2023,"education_state_rnk",23.6436
"37155961100","tract",2023,"education_state_rnk",0.1252
"37155961200","tract",2023,"education_state_rnk",16.1937
"37155961301","tract",2023,"education_state_rnk",42.2997
"37155961302","tract",2023,"education_state_rnk",15.3798
"37155961400","tract",2023,"education_state_rnk",11.0184
"37155961500","tract",2023,"education_state_rnk",9.6828
"37155961601","tract",2023,"education_state_rnk",9.8706
"37155961602","tract",2023,"education_state_rnk",10.3506
"37155961700","tract",2023,"education_state_rnk",14.9416
"37155961801","tract",2023,"education_state_rnk",9.9332
"37155961802","tract",2023,"education_state_rnk",11.6027
"37155961900","tract",2023,"education_state_rnk",9.2654
"37155962001","tract",2023,"education_state_rnk",14.6494
"37155962002","tract",2023,"education_state_rnk",8.5977
"37157040101","tract",2023,"education_state_rnk",30.8013
"37157040102","tract",2023,"education_state_rnk",NA
"37157040200","tract",2023,"education_state_rnk",NA
"37157040300","tract",2023,"education_state_rnk",39.4199
"37157040400","tract",2023,"education_state_rnk",NA
"37157040501","tract",2023,"education_state_rnk",20.0125
"37157040502","tract",2023,"education_state_rnk",NA
"37157040601","tract",2023,"education_state_rnk",NA
"37157040602","tract",2023,"education_state_rnk",11.7696
"37157040700","tract",2023,"education_state_rnk",NA
"37157040800","tract",2023,"education_state_rnk",45.3464
"37157040900","tract",2023,"education_state_rnk",9.015
"37157041001","tract",2023,"education_state_rnk",50.8347
"37157041002","tract",2023,"education_state_rnk",24.2487
"37157041100","tract",2023,"education_state_rnk",28.8815
"37157041200","tract",2023,"education_state_rnk",1.5025
"37157041300","tract",2023,"education_state_rnk",13.8564
"37157041400","tract",2023,"education_state_rnk",NA
"37157041501","tract",2023,"education_state_rnk",18.3222
"37157041502","tract",2023,"education_state_rnk",20.7846
"37157041601","tract",2023,"education_state_rnk",24.2905
"37157041602","tract",2023,"education_state_rnk",52.379
"37159050201","tract",2023,"education_state_rnk",44.5743
"37159050202","tract",2023,"education_state_rnk",46.7028
"37159050300","tract",2023,"education_state_rnk",38.1469
"37159050400","tract",2023,"education_state_rnk",34.3698
"37159050500","tract",2023,"education_state_rnk",84.4741
"37159050700","tract",2023,"education_state_rnk",17.8422
"37159050800","tract",2023,"education_state_rnk",15.025
"37159050901","tract",2023,"education_state_rnk",59.6411
"37159050903","tract",2023,"education_state_rnk",51.8781
"37159050904","tract",2023,"education_state_rnk",21.0142
"37159051001","tract",2023,"education_state_rnk",44.9499
"37159051002","tract",2023,"education_state_rnk",65.1294
"37159051101","tract",2023,"education_state_rnk",38.2721
"37159051102","tract",2023,"education_state_rnk",65.1294
"37159051201","tract",2023,"education_state_rnk",12.4791
"37159051202","tract",2023,"education_state_rnk",39.4199
"37159051204","tract",2023,"education_state_rnk",44.6578
"37159051301","tract",2023,"education_state_rnk",19.1987
"37159051302","tract",2023,"education_state_rnk",26.5234
"37159051303","tract",2023,"education_state_rnk",33.1803
"37159051400","tract",2023,"education_state_rnk",4.7162
"37159051501","tract",2023,"education_state_rnk",22.9549
"37159051502","tract",2023,"education_state_rnk",13.7104
"37159051600","tract",2023,"education_state_rnk",53.2137
"37159051700","tract",2023,"education_state_rnk",32.5543
"37159051801","tract",2023,"education_state_rnk",22.8297
"37159051802","tract",2023,"education_state_rnk",60.6845
"37159051901","tract",2023,"education_state_rnk",67.9466
"37159051903","tract",2023,"education_state_rnk",59.8706
"37159051904","tract",2023,"education_state_rnk",23.2262
"37159052000","tract",2023,"education_state_rnk",12.3957
"37161960101","tract",2023,"education_state_rnk",49.1653
"37161960102","tract",2023,"education_state_rnk",18.7604
"37161960103","tract",2023,"education_state_rnk",12.6252
"37161960201","tract",2023,"education_state_rnk",19.5743
"37161960202","tract",2023,"education_state_rnk",34.4741
"37161960203","tract",2023,"education_state_rnk",65.025
"37161960301","tract",2023,"education_state_rnk",75.8347
"37161960302","tract",2023,"education_state_rnk",78.8397
"37161960400","tract",2023,"education_state_rnk",38.1469
"37161960501","tract",2023,"education_state_rnk",56.8656
"37161960502","tract",2023,"education_state_rnk",23.9983
"37161960503","tract",2023,"education_state_rnk",79.5492
"37161960600","tract",2023,"education_state_rnk",22.1619
"37161960700","tract",2023,"education_state_rnk",39.6494
"37161960800","tract",2023,"education_state_rnk",22.0367
"37161960900","tract",2023,"education_state_rnk",31.7195
"37161961001","tract",2023,"education_state_rnk",28.6937
"37161961002","tract",2023,"education_state_rnk",19.0317
"37161961102","tract",2023,"education_state_rnk",25.9391
"37161961103","tract",2023,"education_state_rnk",22.621
"37161961104","tract",2023,"education_state_rnk",2.379
"37161961200","tract",2023,"education_state_rnk",25.9391
"37163970101","tract",2023,"education_state_rnk",11.3105
"37163970102","tract",2023,"education_state_rnk",5.5509
"37163970201","tract",2023,"education_state_rnk",43.2387
"37163970202","tract",2023,"education_state_rnk",24.4157
"37163970302","tract",2023,"education_state_rnk",14.1277
"37163970303","tract",2023,"education_state_rnk",4.7997
"37163970304","tract",2023,"education_state_rnk",40.3798
"37163970401","tract",2023,"education_state_rnk",38.6269
"37163970402","tract",2023,"education_state_rnk",33.702
"37163970501","tract",2023,"education_state_rnk",49.4783
"37163970502","tract",2023,"education_state_rnk",17.4457
"37163970600","tract",2023,"education_state_rnk",23.0801
"37163970701","tract",2023,"education_state_rnk",31.3856
"37163970702","tract",2023,"education_state_rnk",18.0718
"37163970801","tract",2023,"education_state_rnk",45.4508
"37163970802","tract",2023,"education_state_rnk",4.1319
"37163970900","tract",2023,"education_state_rnk",54.4658
"37163971001","tract",2023,"education_state_rnk",5.5927
"37163971002","tract",2023,"education_state_rnk",26.106
"37163971003","tract",2023,"education_state_rnk",6.9699
"37165010101","tract",2023,"education_state_rnk",53.9441
"37165010102","tract",2023,"education_state_rnk",28.3806
"37165010200","tract",2023,"education_state_rnk",5.9265
"37165010300","tract",2023,"education_state_rnk",6.6778
"37165010400","tract",2023,"education_state_rnk",NA
"37165010501","tract",2023,"education_state_rnk",NA
"37165010502","tract",2023,"education_state_rnk",NA
"37165010601","tract",2023,"education_state_rnk",31.8865
"37165010602","tract",2023,"education_state_rnk",NA
"37167930101","tract",2023,"education_state_rnk",35.6845
"37167930102","tract",2023,"education_state_rnk",30.8431
"37167930200","tract",2023,"education_state_rnk",16.9866
"37167930300","tract",2023,"education_state_rnk",33.1177
"37167930500","tract",2023,"education_state_rnk",17.2997
"37167930700","tract",2023,"education_state_rnk",66.5275
"37167930801","tract",2023,"education_state_rnk",45.9516
"37167930802","tract",2023,"education_state_rnk",15.6093
"37167930901","tract",2023,"education_state_rnk",32.3038
"37167930902","tract",2023,"education_state_rnk",56.8656
"37167931001","tract",2023,"education_state_rnk",26.4399
"37167931002","tract",2023,"education_state_rnk",36.8948
"37167931101","tract",2023,"education_state_rnk",43.197
"37167931102","tract",2023,"education_state_rnk",21.2437
"37167931202","tract",2023,"education_state_rnk",39.1068
"37167931203","tract",2023,"education_state_rnk",25.7304
"37167931204","tract",2023,"education_state_rnk",53.4432
"37169070101","tract",2023,"education_state_rnk",25.1252
"37169070102","tract",2023,"education_state_rnk",53.8397
"37169070200","tract",2023,"education_state_rnk",34.5993
"37169070301","tract",2023,"education_state_rnk",NA
"37169070302","tract",2023,"education_state_rnk",28.4432
"37169070400","tract",2023,"education_state_rnk",35.4549
"37169070503","tract",2023,"education_state_rnk",47.7254
"37169070504","tract",2023,"education_state_rnk",NA
"37169070505","tract",2023,"education_state_rnk",NA
"37169070506","tract",2023,"education_state_rnk",47.5793
"37169070600","tract",2023,"education_state_rnk",54.7997
"37169070701","tract",2023,"education_state_rnk",13.9816
"37169070702","tract",2023,"education_state_rnk",20.8264
"37171930101","tract",2023,"education_state_rnk",27.379
"37171930102","tract",2023,"education_state_rnk",30.1753
"37171930201","tract",2023,"education_state_rnk",6.8447
"37171930202","tract",2023,"education_state_rnk",23.414
"37171930301","tract",2023,"education_state_rnk",57.596
"37171930302","tract",2023,"education_state_rnk",64.1486
"37171930400","tract",2023,"education_state_rnk",5.6344
"37171930501","tract",2023,"education_state_rnk",65.7346
"37171930502","tract",2023,"education_state_rnk",10.2671
"37171930600","tract",2023,"education_state_rnk",7.9716
"37171930700","tract",2023,"education_state_rnk",41.6736
"37171930802","tract",2023,"education_state_rnk",16.0267
"37171930803","tract",2023,"education_state_rnk",30.5927
"37171930804","tract",2023,"education_state_rnk",28.0885
"37171930901","tract",2023,"education_state_rnk",11.0601
"37171930902","tract",2023,"education_state_rnk",40.7346
"37171931001","tract",2023,"education_state_rnk",24.207
"37171931002","tract",2023,"education_state_rnk",3.0467
"37171931003","tract",2023,"education_state_rnk",0.793
"37171931101","tract",2023,"education_state_rnk",7.3038
"37171931102","tract",2023,"education_state_rnk",46.4942
"37171931103","tract",2023,"education_state_rnk",41.7571
"37171931200","tract",2023,"education_state_rnk",63.5851
"37173940100","tract",2023,"education_state_rnk",20.576
"37173960200","tract",2023,"education_state_rnk",25.5843
"37173960301","tract",2023,"education_state_rnk",39.9207
"37173960302","tract",2023,"education_state_rnk",51.4399
"37173980200","tract",2023,"education_state_rnk",NA
"37175960100","tract",2023,"education_state_rnk",61.3105
"37175960201","tract",2023,"education_state_rnk",74.0818
"37175960202","tract",2023,"education_state_rnk",54.7579
"37175960301","tract",2023,"education_state_rnk",55.6761
"37175960302","tract",2023,"education_state_rnk",70.409
"37175960401","tract",2023,"education_state_rnk",73.8523
"37175960403","tract",2023,"education_state_rnk",85.5801
"37175960404","tract",2023,"education_state_rnk",71.9115
"37175960501","tract",2023,"education_state_rnk",34.5159
"37175960502","tract",2023,"education_state_rnk",33.2429
"37175960601","tract",2023,"education_state_rnk",52.212
"37175960602","tract",2023,"education_state_rnk",42.4457
"37177960100","tract",2023,"education_state_rnk",8.8898
"37179020100","tract",2023,"education_state_rnk",42.8005
"37179020203","tract",2023,"education_state_rnk",NA
"37179020204","tract",2023,"education_state_rnk",65.8389
"37179020205","tract",2023,"education_state_rnk",46.1185
"37179020206","tract",2023,"education_state_rnk",43.4683
"37179020305","tract",2023,"education_state_rnk",63.0634
"37179020307","tract",2023,"education_state_rnk",45.5134
"37179020308","tract",2023,"education_state_rnk",NA
"37179020309","tract",2023,"education_state_rnk",NA
"37179020310","tract",2023,"education_state_rnk",NA
"37179020312","tract",2023,"education_state_rnk",NA
"37179020313","tract",2023,"education_state_rnk",64.1068
"37179020314","tract",2023,"education_state_rnk",NA
"37179020315","tract",2023,"education_state_rnk",81.2396
"37179020316","tract",2023,"education_state_rnk",69.3239
"37179020317","tract",2023,"education_state_rnk",NA
"37179020318","tract",2023,"education_state_rnk",58.2012
"37179020319","tract",2023,"education_state_rnk",55.9057
"37179020320","tract",2023,"education_state_rnk",NA
"37179020321","tract",2023,"education_state_rnk",10.4758
"37179020401","tract",2023,"education_state_rnk",NA
"37179020403","tract",2023,"education_state_rnk",22.5584
"37179020405","tract",2023,"education_state_rnk",21.0142
"37179020406","tract",2023,"education_state_rnk",0.0417
"37179020501","tract",2023,"education_state_rnk",30.0292
"37179020502","tract",2023,"education_state_rnk",37.7504
"37179020601","tract",2023,"education_state_rnk",5.8013
"37179020602","tract",2023,"education_state_rnk",15.1085
"37179020701","tract",2023,"education_state_rnk",7.4708
"37179020702","tract",2023,"education_state_rnk",6.3022
"37179020800","tract",2023,"education_state_rnk",23.1219
"37179020901","tract",2023,"education_state_rnk",NA
"37179020902","tract",2023,"education_state_rnk",38.0634
"37179021004","tract",2023,"education_state_rnk",NA
"37179021005","tract",2023,"education_state_rnk",31.9282
"37179021006","tract",2023,"education_state_rnk",88.8773
"37179021007","tract",2023,"education_state_rnk",87.4374
"37179021009","tract",2023,"education_state_rnk",86.4983
"37179021012","tract",2023,"education_state_rnk",77.8381
"37179021013","tract",2023,"education_state_rnk",72.1619
"37179021014","tract",2023,"education_state_rnk",49.5409
"37179021015","tract",2023,"education_state_rnk",NA
"37179021016","tract",2023,"education_state_rnk",86.7279
"37179021017","tract",2023,"education_state_rnk",81.5109
"37179021018","tract",2023,"education_state_rnk",81.9073
"37179021019","tract",2023,"education_state_rnk",93.2596
"37179021020","tract",2023,"education_state_rnk",86.4983
"37179021021","tract",2023,"education_state_rnk",79.424
"37181960100","tract",2023,"education_state_rnk",57.3247
"37181960200","tract",2023,"education_state_rnk",42.3623
"37181960300","tract",2023,"education_state_rnk",60.7888
"37181960400","tract",2023,"education_state_rnk",47.2037
"37181960500","tract",2023,"education_state_rnk",NA
"37181960600","tract",2023,"education_state_rnk",4.2571
"37181960700","tract",2023,"education_state_rnk",2.8381
"37181960800","tract",2023,"education_state_rnk",2.1703
"37181960901","tract",2023,"education_state_rnk",8.3681
"37181960902","tract",2023,"education_state_rnk",NA
"37181960903","tract",2023,"education_state_rnk",13.0217
"37181961000","tract",2023,"education_state_rnk",19.4282
"37183050100","tract",2023,"education_state_rnk",93.197
"37183050300","tract",2023,"education_state_rnk",98.6644
"37183050400","tract",2023,"education_state_rnk",94.7412
"37183050500","tract",2023,"education_state_rnk",86.394
"37183050600","tract",2023,"education_state_rnk",78.6311
"37183050700","tract",2023,"education_state_rnk",45.1586
"37183050800","tract",2023,"education_state_rnk",NA
"37183050900","tract",2023,"education_state_rnk",52.9633
"37183051000","tract",2023,"education_state_rnk",92.8631
"37183051101","tract",2023,"education_state_rnk",NA
"37183051102","tract",2023,"education_state_rnk",NA
"37183051200","tract",2023,"education_state_rnk",92.717
"37183051400","tract",2023,"education_state_rnk",87.3122
"37183051501","tract",2023,"education_state_rnk",97.2454
"37183051502","tract",2023,"education_state_rnk",96.9115
"37183051600","tract",2023,"education_state_rnk",98.9566
"37183051700","tract",2023,"education_state_rnk",98.7062
"37183051800","tract",2023,"education_state_rnk",97.4958
"37183051900","tract",2023,"education_state_rnk",42.9883
"37183052001","tract",2023,"education_state_rnk",44.4491
"37183052002","tract",2023,"education_state_rnk",56.0935
"37183052101","tract",2023,"education_state_rnk",4.591
"37183052102","tract",2023,"education_state_rnk",26.1895
"37183052303","tract",2023,"education_state_rnk",90.0876
"37183052304","tract",2023,"education_state_rnk",77.9633
"37183052305","tract",2023,"education_state_rnk",74.9374
"37183052306","tract",2023,"education_state_rnk",93.3639
"37183052307","tract",2023,"education_state_rnk",85.5801
"37183052401","tract",2023,"education_state_rnk",88.7312
"37183052404","tract",2023,"education_state_rnk",76.9407
"37183052407","tract",2023,"education_state_rnk",85.1002
"37183052408","tract",2023,"education_state_rnk",65.2129
"37183052409","tract",2023,"education_state_rnk",29.591
"37183052410","tract",2023,"education_state_rnk",42.0492
"37183052411","tract",2023,"education_state_rnk",56.5943
"37183052504","tract",2023,"education_state_rnk",95.8681
"37183052505","tract",2023,"education_state_rnk",81.6569
"37183052506","tract",2023,"education_state_rnk",75.793
"37183052507","tract",2023,"education_state_rnk",84.8497
"37183052508","tract",2023,"education_state_rnk",91.6945
"37183052509","tract",2023,"education_state_rnk",91.6528
"37183052601","tract",2023,"education_state_rnk",96.0768
"37183052602","tract",2023,"education_state_rnk",97.3706
"37183052603","tract",2023,"education_state_rnk",98.7479
"37183052701","tract",2023,"education_state_rnk",22.8715
"37183052704","tract",2023,"education_state_rnk",4.5284
"37183052705","tract",2023,"education_state_rnk",38.5434
"37183052706","tract",2023,"education_state_rnk",31.2187
"37183052707","tract",2023,"education_state_rnk",36.2062
"37183052801","tract",2023,"education_state_rnk",75.7095
"37183052802","tract",2023,"education_state_rnk",52.7337
"37183052807","tract",2023,"education_state_rnk",62.8339
"37183052809","tract",2023,"education_state_rnk",32.8464
"37183052810","tract",2023,"education_state_rnk",43.99
"37183052811","tract",2023,"education_state_rnk",29.3197
"37183052812","tract",2023,"education_state_rnk",92.717
"37183052813","tract",2023,"education_state_rnk",91.0684
"37183052814","tract",2023,"education_state_rnk",78.2972
"37183052815","tract",2023,"education_state_rnk",49.0818
"37183052816","tract",2023,"education_state_rnk",43.4683
"37183052901","tract",2023,"education_state_rnk",65.4424
"37183052902","tract",2023,"education_state_rnk",48.5601
"37183052903","tract",2023,"education_state_rnk",82.4082
"37183052905","tract",2023,"education_state_rnk",85.9558
"37183052906","tract",2023,"education_state_rnk",46.0768
"37183053003","tract",2023,"education_state_rnk",86.9783
"37183053004","tract",2023,"education_state_rnk",93.7396
"37183053005","tract",2023,"education_state_rnk",98.9149
"37183053006","tract",2023,"education_state_rnk",97.4541
"37183053007","tract",2023,"education_state_rnk",98.4975
"37183053009","tract",2023,"education_state_rnk",89.3155
"37183053010","tract",2023,"education_state_rnk",87.8548
"37183053011","tract",2023,"education_state_rnk",78.485
"37183053105","tract",2023,"education_state_rnk",78.6728
"37183053106","tract",2023,"education_state_rnk",69.4908
"37183053109","tract",2023,"education_state_rnk",76.6068
"37183053110","tract",2023,"education_state_rnk",86.4357
"37183053111","tract",2023,"education_state_rnk",94.1569
"37183053112","tract",2023,"education_state_rnk",66.9866
"37183053113","tract",2023,"education_state_rnk",70.8264
"37183053114","tract",2023,"education_state_rnk",60.7262
"37183053115","tract",2023,"education_state_rnk",56.5109
"37183053202","tract",2023,"education_state_rnk",68.4891
"37183053203","tract",2023,"education_state_rnk",90.2755
"37183053204","tract",2023,"education_state_rnk",76.7738
"37183053205","tract",2023,"education_state_rnk",94.5743
"37183053206","tract",2023,"education_state_rnk",75.6469
"37183053208","tract",2023,"education_state_rnk",93.6978
"37183053209","tract",2023,"education_state_rnk",85.1419
"37183053210","tract",2023,"education_state_rnk",87.8965
"37183053211","tract",2023,"education_state_rnk",93.823
"37183053405","tract",2023,"education_state_rnk",86.8531
"37183053408","tract",2023,"education_state_rnk",92.4457
"37183053409","tract",2023,"education_state_rnk",95.2212
"37183053410","tract",2023,"education_state_rnk",98.9983
"37183053411","tract",2023,"education_state_rnk",91.5484
"37183053415","tract",2023,"education_state_rnk",95.3673
"37183053417","tract",2023,"education_state_rnk",88.0843
"37183053419","tract",2023,"education_state_rnk",85.6845
"37183053421","tract",2023,"education_state_rnk",90.985
"37183053422","tract",2023,"education_state_rnk",96.1185
"37183053423","tract",2023,"education_state_rnk",97.4124
"37183053424","tract",2023,"education_state_rnk",92.7796
"37183053425","tract",2023,"education_state_rnk",98.3306
"37183053426","tract",2023,"education_state_rnk",92.2579
"37183053427","tract",2023,"education_state_rnk",92.5292
"37183053428","tract",2023,"education_state_rnk",89.7329
"37183053429","tract",2023,"education_state_rnk",93.1553
"37183053430","tract",2023,"education_state_rnk",88.7938
"37183053431","tract",2023,"education_state_rnk",70.576
"37183053432","tract",2023,"education_state_rnk",84.5993
"37183053433","tract",2023,"education_state_rnk",86.6235
"37183053434","tract",2023,"education_state_rnk",83.1386
"37183053435","tract",2023,"education_state_rnk",97.2037
"37183053436","tract",2023,"education_state_rnk",77.0242
"37183053505","tract",2023,"education_state_rnk",83.222
"37183053506","tract",2023,"education_state_rnk",86.8948
"37183053507","tract",2023,"education_state_rnk",71.3272
"37183053509","tract",2023,"education_state_rnk",98.581
"37183053512","tract",2023,"education_state_rnk",96.9533
"37183053513","tract",2023,"education_state_rnk",51.7529
"37183053516","tract",2023,"education_state_rnk",68.0301
"37183053517","tract",2023,"education_state_rnk",5.3005
"37183053518","tract",2023,"education_state_rnk",82.0117
"37183053519","tract",2023,"education_state_rnk",76.1686
"37183053520","tract",2023,"education_state_rnk",84.015
"37183053521","tract",2023,"education_state_rnk",89.0234
"37183053522","tract",2023,"education_state_rnk",98.8731
"37183053523","tract",2023,"education_state_rnk",96.8698
"37183053524","tract",2023,"education_state_rnk",88.3765
"37183053525","tract",2023,"education_state_rnk",87.3957
"37183053603","tract",2023,"education_state_rnk",93.0301
"37183053604","tract",2023,"education_state_rnk",88.2721
"37183053608","tract",2023,"education_state_rnk",97.788
"37183053609","tract",2023,"education_state_rnk",90.0042
"37183053611","tract",2023,"education_state_rnk",84.975
"37183053612","tract",2023,"education_state_rnk",97.8297
"37183053613","tract",2023,"education_state_rnk",91.9866
"37183053614","tract",2023,"education_state_rnk",95.7012
"37183053615","tract",2023,"education_state_rnk",97.2871
"37183053616","tract",2023,"education_state_rnk",95.7846
"37183053617","tract",2023,"education_state_rnk",92.404
"37183053618","tract",2023,"education_state_rnk",99.8748
"37183053619","tract",2023,"education_state_rnk",98.8314
"37183053620","tract",2023,"education_state_rnk",91.5484
"37183053711","tract",2023,"education_state_rnk",90.4424
"37183053712","tract",2023,"education_state_rnk",94.0526
"37183053713","tract",2023,"education_state_rnk",78.4224
"37183053714","tract",2023,"education_state_rnk",88.2304
"37183053715","tract",2023,"education_state_rnk",93.5309
"37183053716","tract",2023,"education_state_rnk",74.3322
"37183053717","tract",2023,"education_state_rnk",90.818
"37183053718","tract",2023,"education_state_rnk",87.5626
"37183053719","tract",2023,"education_state_rnk",92.4875
"37183053720","tract",2023,"education_state_rnk",97.6628
"37183053721","tract",2023,"education_state_rnk",97.5376
"37183053722","tract",2023,"education_state_rnk",99.2905
"37183053723","tract",2023,"education_state_rnk",55.4257
"37183053724","tract",2023,"education_state_rnk",95.409
"37183053725","tract",2023,"education_state_rnk",96.3689
"37183053726","tract",2023,"education_state_rnk",77.5876
"37183053727","tract",2023,"education_state_rnk",84.5159
"37183053728","tract",2023,"education_state_rnk",50.4382
"37183053729","tract",2023,"education_state_rnk",94.1152
"37183053730","tract",2023,"education_state_rnk",79.6745
"37183053803","tract",2023,"education_state_rnk",99.207
"37183053804","tract",2023,"education_state_rnk",96.5359
"37183053805","tract",2023,"education_state_rnk",96.2437
"37183053806","tract",2023,"education_state_rnk",95.2838
"37183053807","tract",2023,"education_state_rnk",86.8114
"37183053808","tract",2023,"education_state_rnk",97.9967
"37183053901","tract",2023,"education_state_rnk",92.1745
"37183053902","tract",2023,"education_state_rnk",96.6611
"37183054001","tract",2023,"education_state_rnk",79.591
"37183054004","tract",2023,"education_state_rnk",83.3264
"37183054006","tract",2023,"education_state_rnk",66.3815
"37183054007","tract",2023,"education_state_rnk",85.4132
"37183054008","tract",2023,"education_state_rnk",51.6277
"37183054011","tract",2023,"education_state_rnk",95.1169
"37183054012","tract",2023,"education_state_rnk",97.1202
"37183054015","tract",2023,"education_state_rnk",71.3689
"37183054016","tract",2023,"education_state_rnk",87.1452
"37183054017","tract",2023,"education_state_rnk",64.7955
"37183054018","tract",2023,"education_state_rnk",71.8698
"37183054019","tract",2023,"education_state_rnk",96.202
"37183054020","tract",2023,"education_state_rnk",87.4791
"37183054021","tract",2023,"education_state_rnk",97.7462
"37183054022","tract",2023,"education_state_rnk",36.8948
"37183054023","tract",2023,"education_state_rnk",63.5851
"37183054106","tract",2023,"education_state_rnk",13.3139
"37183054108","tract",2023,"education_state_rnk",20.1795
"37183054109","tract",2023,"education_state_rnk",67.6962
"37183054111","tract",2023,"education_state_rnk",42.1745
"37183054112","tract",2023,"education_state_rnk",61.7696
"37183054113","tract",2023,"education_state_rnk",51.4399
"37183054114","tract",2023,"education_state_rnk",80.7387
"37183054115","tract",2023,"education_state_rnk",69.1361
"37183054116","tract",2023,"education_state_rnk",57.7212
"37183054117","tract",2023,"education_state_rnk",66.9866
"37183054118","tract",2023,"education_state_rnk",80.0501
"37183054119","tract",2023,"education_state_rnk",61.3523
"37183054120","tract",2023,"education_state_rnk",90.9015
"37183054121","tract",2023,"education_state_rnk",73.581
"37183054203","tract",2023,"education_state_rnk",89.8581
"37183054204","tract",2023,"education_state_rnk",84.5576
"37183054206","tract",2023,"education_state_rnk",90.6928
"37183054212","tract",2023,"education_state_rnk",80.5092
"37183054213","tract",2023,"education_state_rnk",87.187
"37183054214","tract",2023,"education_state_rnk",58.6811
"37183054215","tract",2023,"education_state_rnk",82.4708
"37183054216","tract",2023,"education_state_rnk",93.9065
"37183054217","tract",2023,"education_state_rnk",89.2112
"37183054218","tract",2023,"education_state_rnk",76.8573
"37183054219","tract",2023,"education_state_rnk",94.3239
"37183054220","tract",2023,"education_state_rnk",58.3264
"37183054221","tract",2023,"education_state_rnk",88.0843
"37183054222","tract",2023,"education_state_rnk",96.4942
"37183054223","tract",2023,"education_state_rnk",79.1319
"37183054224","tract",2023,"education_state_rnk",60.121
"37183054303","tract",2023,"education_state_rnk",17.9257
"37183054304","tract",2023,"education_state_rnk",74.2696
"37183054305","tract",2023,"education_state_rnk",46.4316
"37183054306","tract",2023,"education_state_rnk",0.4174
"37183054402","tract",2023,"education_state_rnk",56.803
"37183054403","tract",2023,"education_state_rnk",27.0451
"37183054404","tract",2023,"education_state_rnk",54.2571
"37183054501","tract",2023,"education_state_rnk",67.4457
"37183054502","tract",2023,"education_state_rnk",2.7129
"37183980100","tract",2023,"education_state_rnk",NA
"37183980200","tract",2023,"education_state_rnk",NA
"37185950101","tract",2023,"education_state_rnk",84.6411
"37185950102","tract",2023,"education_state_rnk",48.9357
"37185950103","tract",2023,"education_state_rnk",7.0534
"37185950201","tract",2023,"education_state_rnk",33.1177
"37185950202","tract",2023,"education_state_rnk",9.0985
"37185950300","tract",2023,"education_state_rnk",39.0651
"37185950400","tract",2023,"education_state_rnk",11.6444
"37187950100","tract",2023,"education_state_rnk",18.9691
"37187950201","tract",2023,"education_state_rnk",62.9174
"37187950202","tract",2023,"education_state_rnk",NA
"37187950300","tract",2023,"education_state_rnk",NA
"37189920100","tract",2023,"education_state_rnk",61.5609
"37189920200","tract",2023,"education_state_rnk",49.6244
"37189920300","tract",2023,"education_state_rnk",82.9508
"37189920400","tract",2023,"education_state_rnk",59.5993
"37189920500","tract",2023,"education_state_rnk",NA
"37189920601","tract",2023,"education_state_rnk",55.6761
"37189920602","tract",2023,"education_state_rnk",83.2638
"37189920701","tract",2023,"education_state_rnk",42.8005
"37189920702","tract",2023,"education_state_rnk",82.3038
"37189920703","tract",2023,"education_state_rnk",68.8648
"37189920800","tract",2023,"education_state_rnk",72.8715
"37189920900","tract",2023,"education_state_rnk",61.0601
"37189921000","tract",2023,"education_state_rnk",69.0735
"37191000102","tract",2023,"education_state_rnk",54.8414
"37191000103","tract",2023,"education_state_rnk",39.7329
"37191000104","tract",2023,"education_state_rnk",45.722
"37191000200","tract",2023,"education_state_rnk",20.2838
"37191000302","tract",2023,"education_state_rnk",44.1152
"37191000303","tract",2023,"education_state_rnk",71.0768
"37191000304","tract",2023,"education_state_rnk",28.8189
"37191000401","tract",2023,"education_state_rnk",59.1194
"37191000402","tract",2023,"education_state_rnk",25.7304
"37191000500","tract",2023,"education_state_rnk",71.2437
"37191000601","tract",2023,"education_state_rnk",1.0017
"37191000603","tract",2023,"education_state_rnk",0.1669
"37191000604","tract",2023,"education_state_rnk",0.0835
"37191000700","tract",2023,"education_state_rnk",4.8831
"37191000800","tract",2023,"education_state_rnk",6.5526
"37191000901","tract",2023,"education_state_rnk",24.8331
"37191000902","tract",2023,"education_state_rnk",18.5309
"37191001000","tract",2023,"education_state_rnk",29.111
"37191001102","tract",2023,"education_state_rnk",48.9983
"37191001103","tract",2023,"education_state_rnk",15.7763
"37191001104","tract",2023,"education_state_rnk",52.9633
"37191001200","tract",2023,"education_state_rnk",45.7846
"37191001301","tract",2023,"education_state_rnk",49.9791
"37191001302","tract",2023,"education_state_rnk",66.3189
"37191001401","tract",2023,"education_state_rnk",17.7796
"37191001402","tract",2023,"education_state_rnk",16.9449
"37191001500","tract",2023,"education_state_rnk",48.101
"37191001800","tract",2023,"education_state_rnk",0.8765
"37191001900","tract",2023,"education_state_rnk",16.8197
"37191002000","tract",2023,"education_state_rnk",9.1402
"37193960101","tract",2023,"education_state_rnk",40.2755
"37193960102","tract",2023,"education_state_rnk",21.3898
"37193960200","tract",2023,"education_state_rnk",8.6811
"37193960300","tract",2023,"education_state_rnk",26.6277
"37193960401","tract",2023,"education_state_rnk",17.1536
"37193960402","tract",2023,"education_state_rnk",22.788
"37193960500","tract",2023,"education_state_rnk",4.3406
"37193960600","tract",2023,"education_state_rnk",26.3356
"37193960700","tract",2023,"education_state_rnk",7.7421
"37193960801","tract",2023,"education_state_rnk",23.9357
"37193960802","tract",2023,"education_state_rnk",17.2997
"37193960901","tract",2023,"education_state_rnk",49.9791
"37193960902","tract",2023,"education_state_rnk",7.9299
"37193961001","tract",2023,"education_state_rnk",35.5175
"37193961002","tract",2023,"education_state_rnk",32.7838
"37193961100","tract",2023,"education_state_rnk",20.0751
"37193961201","tract",2023,"education_state_rnk",18.0301
"37193961202","tract",2023,"education_state_rnk",10.5384
"37195000100","tract",2023,"education_state_rnk",0.8347
"37195000200","tract",2023,"education_state_rnk",2.6711
"37195000300","tract",2023,"education_state_rnk",3.3389
"37195000401","tract",2023,"education_state_rnk",13.8982
"37195000402","tract",2023,"education_state_rnk",40.5676
"37195000501","tract",2023,"education_state_rnk",68.4474
"37195000502","tract",2023,"education_state_rnk",69.783
"37195000601","tract",2023,"education_state_rnk",40.505
"37195000602","tract",2023,"education_state_rnk",52.2955
"37195000701","tract",2023,"education_state_rnk",2.8798
"37195000702","tract",2023,"education_state_rnk",1.0851
"37195000801","tract",2023,"education_state_rnk",1.6694
"37195000802","tract",2023,"education_state_rnk",17.404
"37195000900","tract",2023,"education_state_rnk",27.3164
"37195001000","tract",2023,"education_state_rnk",31.9699
"37195001100","tract",2023,"education_state_rnk",58.076
"37195001200","tract",2023,"education_state_rnk",7.2621
"37195001301","tract",2023,"education_state_rnk",36.3314
"37195001302","tract",2023,"education_state_rnk",39.9833
"37195001401","tract",2023,"education_state_rnk",74.8539
"37195001402","tract",2023,"education_state_rnk",50.5843
"37195001501","tract",2023,"education_state_rnk",25.3756
"37195001502","tract",2023,"education_state_rnk",61.707
"37195001600","tract",2023,"education_state_rnk",45.576
"37195001700","tract",2023,"education_state_rnk",6.0518
"37197050101","tract",2023,"education_state_rnk",57.5125
"37197050102","tract",2023,"education_state_rnk",26.7529
"37197050200","tract",2023,"education_state_rnk",47.9132
"37197050300","tract",2023,"education_state_rnk",27.6503
"37197050401","tract",2023,"education_state_rnk",0.7095
"37197050402","tract",2023,"education_state_rnk",NA
"37197050502","tract",2023,"education_state_rnk",53.798
"37197050503","tract",2023,"education_state_rnk",12.6878
"37197050504","tract",2023,"education_state_rnk",36.4775
"37199960101","tract",2023,"education_state_rnk",27.7129
"37199960102","tract",2023,"education_state_rnk",42.5292
"37199960200","tract",2023,"education_state_rnk",50.6678
"37199960300","tract",2023,"education_state_rnk",21.1603
"37199960400","tract",2023,"education_state_rnk",47.0367
