"geoid","geolevel","year","level","value"
"39001770100","tract",2023,"education_score",110.46
"39001770200","tract",2023,"education_score",104.27
"39001770301","tract",2023,"education_score",106.92
"39001770302","tract",2023,"education_score",113.91
"39001770400","tract",2023,"education_score",110.63
"39001770500","tract",2023,"education_score",107.11
"39001770600","tract",2023,"education_score",111.72
"39003010100","tract",2023,"education_score",92.88
"39003010200","tract",2023,"education_score",91.37
"39003010300","tract",2023,"education_score",90.43
"39003010600","tract",2023,"education_score",103.94
"39003010801","tract",2023,"education_score",104.05
"39003010802","tract",2023,"education_score",97.16
"39003010900","tract",2023,"education_score",98.11
"39003011000","tract",2023,"education_score",105.63
"39003011200","tract",2023,"education_score",NA
"39003011301","tract",2023,"education_score",99.67
"39003011302","tract",2023,"education_score",94.87
"39003011400","tract",2023,"education_score",97.51
"39003011500","tract",2023,"education_score",95.47
"39003011600","tract",2023,"education_score",101.62
"39003011800","tract",2023,"education_score",93.48
"39003011900","tract",2023,"education_score",95.14
"39003012000","tract",2023,"education_score",85.21
"39003012100","tract",2023,"education_score",92.45
"39003012200","tract",2023,"education_score",105.81
"39003012300","tract",2023,"education_score",106.49
"39003012400","tract",2023,"education_score",109.21
"39003012600","tract",2023,"education_score",107.83
"39003012700","tract",2023,"education_score",125.06
"39003012900","tract",2023,"education_score",114.99
"39003013000","tract",2023,"education_score",107.31
"39003013100","tract",2023,"education_score",101.07
"39003013200","tract",2023,"education_score",95.04
"39003013300","tract",2023,"education_score",100.64
"39003013400","tract",2023,"education_score",133.29
"39003013600","tract",2023,"education_score",109.26
"39003013700","tract",2023,"education_score",116.32
"39003013800","tract",2023,"education_score",116.68
"39003013900","tract",2023,"education_score",105.59
"39003014000","tract",2023,"education_score",90.04
"39003014100","tract",2023,"education_score",114.71
"39005970101","tract",2023,"education_score",122.89
"39005970102","tract",2023,"education_score",109.81
"39005970200","tract",2023,"education_score",106.98
"39005970300","tract",2023,"education_score",97.47
"39005970400","tract",2023,"education_score",115.64
"39005970500","tract",2023,"education_score",105.98
"39005970600","tract",2023,"education_score",103.3
"39005970700","tract",2023,"education_score",89.2
"39005970800","tract",2023,"education_score",96.49
"39005970900","tract",2023,"education_score",105.02
"39005971000","tract",2023,"education_score",97.48
"39005971100","tract",2023,"education_score",117.27
"39007000101","tract",2023,"education_score",NA
"39007000102","tract",2023,"education_score",102.09
"39007000103","tract",2023,"education_score",122.75
"39007000200","tract",2023,"education_score",96.97
"39007000300","tract",2023,"education_score",105.86
"39007000400","tract",2023,"education_score",106.4
"39007000500","tract",2023,"education_score",109.38
"39007000601","tract",2023,"education_score",112.04
"39007000602","tract",2023,"education_score",99.52
"39007000603","tract",2023,"education_score",87.7
"39007000701","tract",2023,"education_score",109.81
"39007000702","tract",2023,"education_score",97.23
"39007000703","tract",2023,"education_score",115.78
"39007000704","tract",2023,"education_score",124.77
"39007000801","tract",2023,"education_score",96.47
"39007000802","tract",2023,"education_score",100.94
"39007000900","tract",2023,"education_score",94.03
"39007001001","tract",2023,"education_score",98.09
"39007001002","tract",2023,"education_score",87.69
"39007001101","tract",2023,"education_score",103.36
"39007001102","tract",2023,"education_score",99.79
"39007001201","tract",2023,"education_score",104.42
"39007001202","tract",2023,"education_score",98.43
"39007001301","tract",2023,"education_score",110.33
"39007001303","tract",2023,"education_score",122.98
"39007001304","tract",2023,"education_score",105.74
"39007001401","tract",2023,"education_score",147.45
"39007001402","tract",2023,"education_score",123.45
"39007990000","tract",2023,"education_score",NA
"39009972600","tract",2023,"education_score",112.84
"39009972700","tract",2023,"education_score",104.88
"39009972800","tract",2023,"education_score",114.48
"39009972900","tract",2023,"education_score",89.18
"39009973000","tract",2023,"education_score",93.2
"39009973101","tract",2023,"education_score",NA
"39009973200","tract",2023,"education_score",98.18
"39009973300","tract",2023,"education_score",80.89
"39009973400","tract",2023,"education_score",94.57
"39009973500","tract",2023,"education_score",99.67
"39009973600","tract",2023,"education_score",93.24
"39009973700","tract",2023,"education_score",100.18
"39009973800","tract",2023,"education_score",99.82
"39009973901","tract",2023,"education_score",NA
"39009973902","tract",2023,"education_score",106.93
"39011040100","tract",2023,"education_score",103.75
"39011040200","tract",2023,"education_score",102.42
"39011040300","tract",2023,"education_score",103.21
"39011040400","tract",2023,"education_score",104.52
"39011040500","tract",2023,"education_score",100.62
"39011040600","tract",2023,"education_score",107.59
"39011040900","tract",2023,"education_score",94.6
"39011041000","tract",2023,"education_score",97.78
"39011041100","tract",2023,"education_score",100.75
"39011041201","tract",2023,"education_score",87.58
"39011041202","tract",2023,"education_score",98.45
"39013010100","tract",2023,"education_score",93.78
"39013010200","tract",2023,"education_score",98.57
"39013010300","tract",2023,"education_score",101.67
"39013010600","tract",2023,"education_score",115.45
"39013010700","tract",2023,"education_score",101
"39013010802","tract",2023,"education_score",110.61
"39013010901","tract",2023,"education_score",101.57
"39013010902","tract",2023,"education_score",113.04
"39013011000","tract",2023,"education_score",102.75
"39013011200","tract",2023,"education_score",96.56
"39013011300","tract",2023,"education_score",99.98
"39013011400","tract",2023,"education_score",94.43
"39013011500","tract",2023,"education_score",100.49
"39013011600","tract",2023,"education_score",111.21
"39013011700","tract",2023,"education_score",110.74
"39013011900","tract",2023,"education_score",96.26
"39013012000","tract",2023,"education_score",121.32
"39013012100","tract",2023,"education_score",89.59
"39013012201","tract",2023,"education_score",97.06
"39013012202","tract",2023,"education_score",NA
"39013012300","tract",2023,"education_score",93.52
"39013012400","tract",2023,"education_score",93.22
"39015951201","tract",2023,"education_score",108.14
"39015951202","tract",2023,"education_score",98.13
"39015951301","tract",2023,"education_score",120.39
"39015951302","tract",2023,"education_score",103.82
"39015951400","tract",2023,"education_score",99.41
"39015951500","tract",2023,"education_score",103.11
"39015951600","tract",2023,"education_score",103.78
"39015951700","tract",2023,"education_score",113.87
"39015951800","tract",2023,"education_score",106.82
"39015951900","tract",2023,"education_score",117.83
"39017000100","tract",2023,"education_score",113.6
"39017000200","tract",2023,"education_score",117.38
"39017000300","tract",2023,"education_score",129.41
"39017000400","tract",2023,"education_score",142.95
"39017000500","tract",2023,"education_score",122.32
"39017000600","tract",2023,"education_score",115.81
"39017001001","tract",2023,"education_score",94.28
"39017001002","tract",2023,"education_score",95.61
"39017001100","tract",2023,"education_score",91.1
"39017001300","tract",2023,"education_score",100.39
"39017010102","tract",2023,"education_score",81.75
"39017010103","tract",2023,"education_score",83.83
"39017010104","tract",2023,"education_score",NA
"39017010105","tract",2023,"education_score",103.95
"39017010106","tract",2023,"education_score",108.06
"39017010201","tract",2023,"education_score",NA
"39017010202","tract",2023,"education_score",93.31
"39017010203","tract",2023,"education_score",95.39
"39017010301","tract",2023,"education_score",107.32
"39017010302","tract",2023,"education_score",94.81
"39017010500","tract",2023,"education_score",114.31
"39017010600","tract",2023,"education_score",114.39
"39017010800","tract",2023,"education_score",97.97
"39017010901","tract",2023,"education_score",91.97
"39017010903","tract",2023,"education_score",83.53
"39017010904","tract",2023,"education_score",105.3
"39017010906","tract",2023,"education_score",113.74
"39017010907","tract",2023,"education_score",97.68
"39017010909","tract",2023,"education_score",94.4
"39017010910","tract",2023,"education_score",90.61
"39017010911","tract",2023,"education_score",102.22
"39017010912","tract",2023,"education_score",102.85
"39017010913","tract",2023,"education_score",85.75
"39017011003","tract",2023,"education_score",88.61
"39017011004","tract",2023,"education_score",102.51
"39017011005","tract",2023,"education_score",88.86
"39017011006","tract",2023,"education_score",93.94
"39017011109","tract",2023,"education_score",93.15
"39017011110","tract",2023,"education_score",88.14
"39017011111","tract",2023,"education_score",84.02
"39017011112","tract",2023,"education_score",80.27
"39017011118","tract",2023,"education_score",74.83
"39017011120","tract",2023,"education_score",82.19
"39017011122","tract",2023,"education_score",98.27
"39017011123","tract",2023,"education_score",106.46
"39017011125","tract",2023,"education_score",84.38
"39017011126","tract",2023,"education_score",89.53
"39017011127","tract",2023,"education_score",88.6
"39017011128","tract",2023,"education_score",80.8
"39017011129","tract",2023,"education_score",83.45
"39017011130","tract",2023,"education_score",89.93
"39017011131","tract",2023,"education_score",70
"39017011132","tract",2023,"education_score",97.24
"39017011133","tract",2023,"education_score",84.91
"39017011134","tract",2023,"education_score",86.84
"39017011135","tract",2023,"education_score",94.14
"39017011136","tract",2023,"education_score",86.71
"39017011137","tract",2023,"education_score",86.19
"39017011200","tract",2023,"education_score",90.21
"39017011300","tract",2023,"education_score",107.65
"39017011800","tract",2023,"education_score",104.81
"39017012100","tract",2023,"education_score",100.32
"39017012200","tract",2023,"education_score",119.1
"39017012300","tract",2023,"education_score",120.55
"39017012400","tract",2023,"education_score",101.43
"39017012500","tract",2023,"education_score",96.97
"39017012600","tract",2023,"education_score",83.4
"39017012700","tract",2023,"education_score",102.57
"39017013000","tract",2023,"education_score",108.82
"39017013100","tract",2023,"education_score",125.3
"39017013200","tract",2023,"education_score",107.02
"39017013300","tract",2023,"education_score",98.44
"39017013400","tract",2023,"education_score",105.05
"39017013500","tract",2023,"education_score",117.6
"39017013600","tract",2023,"education_score",102.87
"39017013900","tract",2023,"education_score",107.65
"39017014000","tract",2023,"education_score",137.74
"39017014100","tract",2023,"education_score",107.72
"39017014300","tract",2023,"education_score",103.28
"39017014400","tract",2023,"education_score",123.94
"39017014600","tract",2023,"education_score",116.83
"39017014700","tract",2023,"education_score",112.38
"39017014800","tract",2023,"education_score",104.45
"39017014900","tract",2023,"education_score",92.37
"39017015000","tract",2023,"education_score",97.22
"39017015100","tract",2023,"education_score",120.47
"39019720100","tract",2023,"education_score",126.56
"39019720200","tract",2023,"education_score",106.32
"39019720300","tract",2023,"education_score",100.34
"39019720400","tract",2023,"education_score",87.28
"39019720500","tract",2023,"education_score",114.76
"39019720600","tract",2023,"education_score",111.32
"39019720700","tract",2023,"education_score",102.51
"39021010100","tract",2023,"education_score",109.63
"39021010200","tract",2023,"education_score",100.94
"39021010400","tract",2023,"education_score",116.9
"39021010500","tract",2023,"education_score",108.24
"39021010600","tract",2023,"education_score",98.42
"39021011001","tract",2023,"education_score",91.08
"39021011501","tract",2023,"education_score",102.57
"39021011504","tract",2023,"education_score",95.64
"39021011505","tract",2023,"education_score",96.22
"39021011506","tract",2023,"education_score",100.49
"39023000200","tract",2023,"education_score",108.41
"39023000300","tract",2023,"education_score",127.63
"39023000400","tract",2023,"education_score",107.96
"39023000500","tract",2023,"education_score",132.8
"39023000600","tract",2023,"education_score",113.82
"39023000700","tract",2023,"education_score",NA
"39023000901","tract",2023,"education_score",124.17
"39023000902","tract",2023,"education_score",115.12
"39023001000","tract",2023,"education_score",109.29
"39023001101","tract",2023,"education_score",103.62
"39023001102","tract",2023,"education_score",115.51
"39023001200","tract",2023,"education_score",138.93
"39023001300","tract",2023,"education_score",118.69
"39023001400","tract",2023,"education_score",125.29
"39023001500","tract",2023,"education_score",105.27
"39023001600","tract",2023,"education_score",105.66
"39023001700","tract",2023,"education_score",116.43
"39023001900","tract",2023,"education_score",97.93
"39023002000","tract",2023,"education_score",88.42
"39023002100","tract",2023,"education_score",108.7
"39023002200","tract",2023,"education_score",96.01
"39023002301","tract",2023,"education_score",93.96
"39023002403","tract",2023,"education_score",103.15
"39023002404","tract",2023,"education_score",82.74
"39023002501","tract",2023,"education_score",89.17
"39023002502","tract",2023,"education_score",103.71
"39023002601","tract",2023,"education_score",92.78
"39023002602","tract",2023,"education_score",98.63
"39023002605","tract",2023,"education_score",95.38
"39023002607","tract",2023,"education_score",97.64
"39023002608","tract",2023,"education_score",94.31
"39023002701","tract",2023,"education_score",130.66
"39023002702","tract",2023,"education_score",98.99
"39023002800","tract",2023,"education_score",103.45
"39023002901","tract",2023,"education_score",95.79
"39023002902","tract",2023,"education_score",113.32
"39023003001","tract",2023,"education_score",87.62
"39023003002","tract",2023,"education_score",98.88
"39023003101","tract",2023,"education_score",97.24
"39023003102","tract",2023,"education_score",103.67
"39023003200","tract",2023,"education_score",91.74
"39023003301","tract",2023,"education_score",98.91
"39023003302","tract",2023,"education_score",92.49
"39023003400","tract",2023,"education_score",108.47
"39023003700","tract",2023,"education_score",99.41
"39025040101","tract",2023,"education_score",103.76
"39025040102","tract",2023,"education_score",96.02
"39025040202","tract",2023,"education_score",90.48
"39025040203","tract",2023,"education_score",100.99
"39025040205","tract",2023,"education_score",94.75
"39025040206","tract",2023,"education_score",101.77
"39025040301","tract",2023,"education_score",84.56
"39025040302","tract",2023,"education_score",100.29
"39025040303","tract",2023,"education_score",87.6
"39025040401","tract",2023,"education_score",77.59
"39025040403","tract",2023,"education_score",104.89
"39025040404","tract",2023,"education_score",77.61
"39025040405","tract",2023,"education_score",85.6
"39025040500","tract",2023,"education_score",84.63
"39025040600","tract",2023,"education_score",83.89
"39025040702","tract",2023,"education_score",85.88
"39025040703","tract",2023,"education_score",84.14
"39025040704","tract",2023,"education_score",92.23
"39025040800","tract",2023,"education_score",106.29
"39025040900","tract",2023,"education_score",100.66
"39025041001","tract",2023,"education_score",117.38
"39025041002","tract",2023,"education_score",84.15
"39025041101","tract",2023,"education_score",99.74
"39025041102","tract",2023,"education_score",106.14
"39025041104","tract",2023,"education_score",101.69
"39025041105","tract",2023,"education_score",111.26
"39025041201","tract",2023,"education_score",87.3
"39025041202","tract",2023,"education_score",93.05
"39025041303","tract",2023,"education_score",101.49
"39025041304","tract",2023,"education_score",NA
"39025041305","tract",2023,"education_score",80.94
"39025041306","tract",2023,"education_score",88.4
"39025041307","tract",2023,"education_score",94.09
"39025041403","tract",2023,"education_score",96.42
"39025041404","tract",2023,"education_score",82.3
"39025041405","tract",2023,"education_score",96.03
"39025041406","tract",2023,"education_score",89.65
"39025041503","tract",2023,"education_score",94.12
"39025041504","tract",2023,"education_score",98.61
"39025041505","tract",2023,"education_score",76.95
"39025041506","tract",2023,"education_score",78.38
"39025041600","tract",2023,"education_score",106.23
"39025041701","tract",2023,"education_score",113.16
"39025041702","tract",2023,"education_score",83.16
"39025041800","tract",2023,"education_score",108.56
"39025041900","tract",2023,"education_score",93.03
"39025042001","tract",2023,"education_score",103.15
"39025042002","tract",2023,"education_score",111.89
"39027964300","tract",2023,"education_score",110.31
"39027964400","tract",2023,"education_score",98.19
"39027964501","tract",2023,"education_score",99.89
"39027964502","tract",2023,"education_score",92.51
"39027964600","tract",2023,"education_score",102.08
"39027964700","tract",2023,"education_score",103.34
"39027964800","tract",2023,"education_score",113.45
"39027964900","tract",2023,"education_score",110.86
"39027965000","tract",2023,"education_score",107.5
"39027965100","tract",2023,"education_score",101.73
"39029950100","tract",2023,"education_score",108.71
"39029950200","tract",2023,"education_score",91.09
"39029950300","tract",2023,"education_score",104.03
"39029950400","tract",2023,"education_score",115.59
"39029950500","tract",2023,"education_score",97.67
"39029950600","tract",2023,"education_score",102.97
"39029950700","tract",2023,"education_score",112.11
"39029950800","tract",2023,"education_score",100.63
"39029950900","tract",2023,"education_score",91.52
"39029951000","tract",2023,"education_score",96.11
"39029951100","tract",2023,"education_score",99.03
"39029951200","tract",2023,"education_score",109.69
"39029951300","tract",2023,"education_score",107.49
"39029951401","tract",2023,"education_score",94.03
"39029951402","tract",2023,"education_score",NA
"39029951500","tract",2023,"education_score",113.51
"39029951600","tract",2023,"education_score",103.92
"39029951700","tract",2023,"education_score",102.34
"39029951800","tract",2023,"education_score",107.71
"39029951900","tract",2023,"education_score",104.48
"39029952000","tract",2023,"education_score",102.74
"39029952100","tract",2023,"education_score",123.69
"39029952200","tract",2023,"education_score",120.53
"39029952300","tract",2023,"education_score",120.05
"39029952400","tract",2023,"education_score",99.92
"39031960900","tract",2023,"education_score",136.96
"39031961000","tract",2023,"education_score",120.9
"39031961100","tract",2023,"education_score",117.49
"39031961200","tract",2023,"education_score",100.51
"39031961300","tract",2023,"education_score",114.02
"39031961400","tract",2023,"education_score",106.94
"39031961500","tract",2023,"education_score",115.91
"39031961600","tract",2023,"education_score",107.66
"39031961700","tract",2023,"education_score",93.81
"39031961800","tract",2023,"education_score",106.98
"39033974100","tract",2023,"education_score",105.11
"39033974200","tract",2023,"education_score",100.38
"39033974300","tract",2023,"education_score",96.7
"39033974400","tract",2023,"education_score",114.09
"39033974500","tract",2023,"education_score",100.39
"39033974600","tract",2023,"education_score",108.85
"39033974700","tract",2023,"education_score",98.46
"39033974800","tract",2023,"education_score",105.15
"39033974900","tract",2023,"education_score",110.68
"39033975000","tract",2023,"education_score",101.14
"39033975100","tract",2023,"education_score",109.09
"39033975200","tract",2023,"education_score",95.47
"39033975300","tract",2023,"education_score",113.1
"39035101101","tract",2023,"education_score",101.31
"39035101102","tract",2023,"education_score",81.56
"39035101201","tract",2023,"education_score",81.18
"39035101300","tract",2023,"education_score",94.9
"39035101400","tract",2023,"education_score",120.2
"39035101501","tract",2023,"education_score",114.14
"39035101603","tract",2023,"education_score",115.94
"39035101700","tract",2023,"education_score",123.41
"39035101800","tract",2023,"education_score",102.89
"39035101901","tract",2023,"education_score",119.82
"39035102101","tract",2023,"education_score",127.56
"39035102102","tract",2023,"education_score",117.81
"39035102200","tract",2023,"education_score",116.61
"39035102300","tract",2023,"education_score",133.56
"39035102401","tract",2023,"education_score",129.94
"39035102402","tract",2023,"education_score",109.19
"39035102700","tract",2023,"education_score",125.36
"39035102800","tract",2023,"education_score",133.03
"39035102900","tract",2023,"education_score",125.69
"39035103300","tract",2023,"education_score",101.7
"39035103500","tract",2023,"education_score",78.87
"39035103602","tract",2023,"education_score",66.26
"39035103800","tract",2023,"education_score",92.62
"39035104400","tract",2023,"education_score",86.99
"39035104800","tract",2023,"education_score",107.06
"39035105100","tract",2023,"education_score",124.09
"39035105300","tract",2023,"education_score",156.19
"39035105400","tract",2023,"education_score",108.31
"39035105500","tract",2023,"education_score",115.99
"39035105602","tract",2023,"education_score",117.35
"39035105700","tract",2023,"education_score",113.71
"39035105900","tract",2023,"education_score",102.91
"39035106100","tract",2023,"education_score",97.13
"39035106200","tract",2023,"education_score",111.59
"39035106500","tract",2023,"education_score",103.68
"39035106600","tract",2023,"education_score",125.67
"39035106800","tract",2023,"education_score",119.29
"39035106900","tract",2023,"education_score",96.65
"39035107000","tract",2023,"education_score",84.49
"39035107101","tract",2023,"education_score",NA
"39035107701","tract",2023,"education_score",72.33
"39035107802","tract",2023,"education_score",94.03
"39035108201","tract",2023,"education_score",104.69
"39035108301","tract",2023,"education_score",110.88
"39035108400","tract",2023,"education_score",122.84
"39035108701","tract",2023,"education_score",123.31
"39035109301","tract",2023,"education_score",109.77
"39035109701","tract",2023,"education_score",137.72
"39035109801","tract",2023,"education_score",123.31
"39035110901","tract",2023,"education_score",124.82
"39035111202","tract",2023,"education_score",101.44
"39035111401","tract",2023,"education_score",133.71
"39035111700","tract",2023,"education_score",142.74
"39035112100","tract",2023,"education_score",114.73
"39035112200","tract",2023,"education_score",107.17
"39035112301","tract",2023,"education_score",117.52
"39035114501","tract",2023,"education_score",105.59
"39035114600","tract",2023,"education_score",146.98
"39035114800","tract",2023,"education_score",126.67
"39035115400","tract",2023,"education_score",122.47
"39035115700","tract",2023,"education_score",117
"39035115800","tract",2023,"education_score",98.48
"39035115900","tract",2023,"education_score",96.79
"39035116300","tract",2023,"education_score",108.18
"39035116400","tract",2023,"education_score",106.88
"39035116500","tract",2023,"education_score",111.15
"39035116600","tract",2023,"education_score",115.08
"39035116700","tract",2023,"education_score",138.91
"39035116800","tract",2023,"education_score",118.99
"39035116900","tract",2023,"education_score",109.23
"39035117101","tract",2023,"education_score",103.06
"39035117102","tract",2023,"education_score",95.35
"39035117201","tract",2023,"education_score",115.74
"39035117203","tract",2023,"education_score",110.68
"39035117300","tract",2023,"education_score",119.51
"39035117400","tract",2023,"education_score",104.23
"39035117500","tract",2023,"education_score",117.67
"39035117600","tract",2023,"education_score",106.96
"39035117700","tract",2023,"education_score",87.84
"39035117800","tract",2023,"education_score",109.16
"39035117900","tract",2023,"education_score",100.16
"39035118101","tract",2023,"education_score",107.59
"39035118200","tract",2023,"education_score",110.5
"39035118301","tract",2023,"education_score",105.16
"39035118602","tract",2023,"education_score",105.24
"39035118800","tract",2023,"education_score",95.21
"39035118900","tract",2023,"education_score",96.33
"39035119401","tract",2023,"education_score",91.15
"39035119402","tract",2023,"education_score",115.4
"39035119501","tract",2023,"education_score",73.1
"39035119502","tract",2023,"education_score",89.53
"39035119600","tract",2023,"education_score",114.45
"39035119701","tract",2023,"education_score",112.36
"39035119702","tract",2023,"education_score",114.5
"39035119800","tract",2023,"education_score",117.07
"39035119900","tract",2023,"education_score",106.43
"39035120200","tract",2023,"education_score",106.34
"39035120400","tract",2023,"education_score",103.92
"39035120500","tract",2023,"education_score",100.44
"39035120600","tract",2023,"education_score",103.05
"39035120701","tract",2023,"education_score",135.84
"39035120702","tract",2023,"education_score",134.97
"39035120801","tract",2023,"education_score",97.21
"39035120802","tract",2023,"education_score",120.71
"39035121100","tract",2023,"education_score",113.86
"39035121200","tract",2023,"education_score",98.15
"39035121300","tract",2023,"education_score",119.89
"39035121401","tract",2023,"education_score",114.82
"39035121403","tract",2023,"education_score",96.35
"39035121500","tract",2023,"education_score",106.59
"39035121700","tract",2023,"education_score",96.55
"39035121800","tract",2023,"education_score",108.75
"39035121900","tract",2023,"education_score",96.42
"39035122100","tract",2023,"education_score",92.78
"39035122200","tract",2023,"education_score",130.99
"39035122300","tract",2023,"education_score",116.52
"39035123100","tract",2023,"education_score",82.23
"39035123200","tract",2023,"education_score",84.52
"39035123400","tract",2023,"education_score",83.01
"39035123501","tract",2023,"education_score",104.96
"39035123502","tract",2023,"education_score",99
"39035123601","tract",2023,"education_score",76.24
"39035123602","tract",2023,"education_score",101.79
"39035123603","tract",2023,"education_score",86.94
"39035123700","tract",2023,"education_score",103.95
"39035123800","tract",2023,"education_score",127.83
"39035123900","tract",2023,"education_score",114.53
"39035124100","tract",2023,"education_score",138.92
"39035124201","tract",2023,"education_score",117.43
"39035124202","tract",2023,"education_score",117.72
"39035124300","tract",2023,"education_score",116.07
"39035124500","tract",2023,"education_score",93.08
"39035124600","tract",2023,"education_score",133.92
"39035126100","tract",2023,"education_score",112.1
"39035127501","tract",2023,"education_score",103.4
"39035130103","tract",2023,"education_score",83.05
"39035130104","tract",2023,"education_score",83.64
"39035130105","tract",2023,"education_score",81.54
"39035130106","tract",2023,"education_score",78.08
"39035131103","tract",2023,"education_score",79.13
"39035131104","tract",2023,"education_score",76.28
"39035131105","tract",2023,"education_score",76.63
"39035132100","tract",2023,"education_score",88.13
"39035132200","tract",2023,"education_score",85.18
"39035132301","tract",2023,"education_score",106.52
"39035132302","tract",2023,"education_score",102.33
"39035133103","tract",2023,"education_score",101.93
"39035133104","tract",2023,"education_score",99.65
"39035134100","tract",2023,"education_score",91.37
"39035134203","tract",2023,"education_score",88.79
"39035134204","tract",2023,"education_score",92.92
"39035134205","tract",2023,"education_score",88.28
"39035134206","tract",2023,"education_score",89.08
"39035134300","tract",2023,"education_score",NA
"39035135103","tract",2023,"education_score",77.24
"39035135104","tract",2023,"education_score",83.82
"39035135105","tract",2023,"education_score",81.75
"39035135106","tract",2023,"education_score",82.83
"39035136101","tract",2023,"education_score",84.21
"39035136103","tract",2023,"education_score",84.83
"39035136104","tract",2023,"education_score",74.46
"39035136105","tract",2023,"education_score",63.19
"39035137101","tract",2023,"education_score",102.8
"39035137102","tract",2023,"education_score",105.43
"39035137103","tract",2023,"education_score",94.72
"39035138105","tract",2023,"education_score",93.74
"39035138106","tract",2023,"education_score",97.8
"39035138107","tract",2023,"education_score",96.69
"39035138108","tract",2023,"education_score",97.83
"39035138109","tract",2023,"education_score",91.5
"39035138110","tract",2023,"education_score",94.2
"39035140100","tract",2023,"education_score",94.51
"39035140301","tract",2023,"education_score",104.22
"39035140302","tract",2023,"education_score",95.34
"39035140400","tract",2023,"education_score",93.09
"39035140500","tract",2023,"education_score",84.94
"39035140600","tract",2023,"education_score",83.08
"39035140701","tract",2023,"education_score",106.72
"39035140702","tract",2023,"education_score",106.56
"39035140800","tract",2023,"education_score",87.86
"39035140900","tract",2023,"education_score",80.79
"39035141000","tract",2023,"education_score",94.36
"39035141100","tract",2023,"education_score",77.07
"39035141200","tract",2023,"education_score",70.42
"39035141300","tract",2023,"education_score",84.6
"39035141400","tract",2023,"education_score",70.06
"39035141500","tract",2023,"education_score",76.71
"39035141601","tract",2023,"education_score",69.85
"39035141602","tract",2023,"education_score",86.51
"39035141700","tract",2023,"education_score",66.61
"39035150100","tract",2023,"education_score",90.73
"39035150300","tract",2023,"education_score",110.45
"39035150400","tract",2023,"education_score",127.66
"39035151200","tract",2023,"education_score",108.1
"39035151300","tract",2023,"education_score",103.04
"39035151500","tract",2023,"education_score",104.25
"39035151600","tract",2023,"education_score",115.16
"39035151700","tract",2023,"education_score",121.53
"39035151800","tract",2023,"education_score",132.92
"39035152101","tract",2023,"education_score",85.44
"39035152102","tract",2023,"education_score",109.5
"39035152201","tract",2023,"education_score",93.68
"39035152202","tract",2023,"education_score",100.89
"39035152301","tract",2023,"education_score",93.09
"39035152302","tract",2023,"education_score",94.59
"39035152303","tract",2023,"education_score",96.53
"39035152400","tract",2023,"education_score",108.97
"39035152501","tract",2023,"education_score",105.65
"39035152502","tract",2023,"education_score",90.88
"39035152605","tract",2023,"education_score",106.12
"39035152701","tract",2023,"education_score",99.95
"39035152702","tract",2023,"education_score",105.56
"39035152703","tract",2023,"education_score",79.39
"39035153103","tract",2023,"education_score",82
"39035153104","tract",2023,"education_score",79.1
"39035153105","tract",2023,"education_score",86
"39035153106","tract",2023,"education_score",82.23
"39035153107","tract",2023,"education_score",83.57
"39035154100","tract",2023,"education_score",102.57
"39035154200","tract",2023,"education_score",100.86
"39035154400","tract",2023,"education_score",101.41
"39035154501","tract",2023,"education_score",102.77
"39035154502","tract",2023,"education_score",100.56
"39035154601","tract",2023,"education_score",119.85
"39035154603","tract",2023,"education_score",102.75
"39035154604","tract",2023,"education_score",101.94
"39035155101","tract",2023,"education_score",87.36
"39035155102","tract",2023,"education_score",85.18
"39035156101","tract",2023,"education_score",83.88
"39035156102","tract",2023,"education_score",81.88
"39035160100","tract",2023,"education_score",72.43
"39035160200","tract",2023,"education_score",75.67
"39035160300","tract",2023,"education_score",72.55
"39035160400","tract",2023,"education_score",82.88
"39035160500","tract",2023,"education_score",78.78
"39035160602","tract",2023,"education_score",86.75
"39035160603","tract",2023,"education_score",72.87
"39035160604","tract",2023,"education_score",68.59
"39035160900","tract",2023,"education_score",78.25
"39035161000","tract",2023,"education_score",79.13
"39035161100","tract",2023,"education_score",76.76
"39035161200","tract",2023,"education_score",82.63
"39035161300","tract",2023,"education_score",82.8
"39035161400","tract",2023,"education_score",85.04
"39035161500","tract",2023,"education_score",89.92
"39035161600","tract",2023,"education_score",92.52
"39035161900","tract",2023,"education_score",81
"39035170101","tract",2023,"education_score",70.16
"39035170102","tract",2023,"education_score",75.71
"39035170201","tract",2023,"education_score",72.77
"39035170202","tract",2023,"education_score",69.5
"39035171102","tract",2023,"education_score",115.55
"39035171103","tract",2023,"education_score",115.47
"39035171104","tract",2023,"education_score",113.75
"39035171203","tract",2023,"education_score",111.45
"39035171204","tract",2023,"education_score",101.69
"39035171205","tract",2023,"education_score",99.77
"39035171206","tract",2023,"education_score",92.77
"39035172101","tract",2023,"education_score",92.14
"39035172102","tract",2023,"education_score",93.64
"39035172104","tract",2023,"education_score",73.22
"39035172105","tract",2023,"education_score",81.95
"39035172201","tract",2023,"education_score",92.92
"39035172202","tract",2023,"education_score",84.53
"39035173103","tract",2023,"education_score",87.93
"39035173104","tract",2023,"education_score",85.23
"39035173105","tract",2023,"education_score",91.66
"39035173106","tract",2023,"education_score",83.97
"39035173107","tract",2023,"education_score",93.69
"39035174103","tract",2023,"education_score",106.59
"39035174104","tract",2023,"education_score",95.05
"39035174105","tract",2023,"education_score",88.25
"39035174106","tract",2023,"education_score",85.56
"39035174107","tract",2023,"education_score",92.17
"39035174203","tract",2023,"education_score",86.56
"39035174204","tract",2023,"education_score",99.94
"39035174205","tract",2023,"education_score",86.49
"39035174206","tract",2023,"education_score",112.25
"39035174207","tract",2023,"education_score",101.5
"39035175105","tract",2023,"education_score",85.25
"39035175106","tract",2023,"education_score",87
"39035175107","tract",2023,"education_score",79.85
"39035175108","tract",2023,"education_score",85.28
"39035175109","tract",2023,"education_score",87.6
"39035175110","tract",2023,"education_score",97.99
"39035175201","tract",2023,"education_score",78.11
"39035175202","tract",2023,"education_score",87.53
"39035176100","tract",2023,"education_score",87.76
"39035176200","tract",2023,"education_score",94.9
"39035177101","tract",2023,"education_score",96.41
"39035177103","tract",2023,"education_score",88.67
"39035177104","tract",2023,"education_score",97.52
"39035177201","tract",2023,"education_score",102.59
"39035177202","tract",2023,"education_score",94.46
"39035177302","tract",2023,"education_score",102.53
"39035177303","tract",2023,"education_score",91.41
"39035177304","tract",2023,"education_score",95.92
"39035177403","tract",2023,"education_score",95.11
"39035177404","tract",2023,"education_score",90.58
"39035177405","tract",2023,"education_score",98.96
"39035177406","tract",2023,"education_score",97.6
"39035177501","tract",2023,"education_score",98.52
"39035177503","tract",2023,"education_score",91.15
"39035177504","tract",2023,"education_score",95.32
"39035177505","tract",2023,"education_score",83.7
"39035177604","tract",2023,"education_score",94.08
"39035177605","tract",2023,"education_score",97.17
"39035177606","tract",2023,"education_score",100.12
"39035177607","tract",2023,"education_score",91.38
"39035177608","tract",2023,"education_score",102.14
"39035177609","tract",2023,"education_score",89.48
"39035178101","tract",2023,"education_score",90.62
"39035178102","tract",2023,"education_score",96.33
"39035178201","tract",2023,"education_score",89.87
"39035178204","tract",2023,"education_score",105.36
"39035178205","tract",2023,"education_score",101.11
"39035178206","tract",2023,"education_score",90.36
"39035179101","tract",2023,"education_score",73.28
"39035179102","tract",2023,"education_score",65.75
"39035180102","tract",2023,"education_score",86.32
"39035180103","tract",2023,"education_score",90.99
"39035180104","tract",2023,"education_score",94.29
"39035181100","tract",2023,"education_score",79.55
"39035181201","tract",2023,"education_score",84.39
"39035181203","tract",2023,"education_score",78.34
"39035181204","tract",2023,"education_score",75.63
"39035182103","tract",2023,"education_score",73.68
"39035182104","tract",2023,"education_score",82.33
"39035182105","tract",2023,"education_score",89.36
"39035182106","tract",2023,"education_score",85.6
"39035183100","tract",2023,"education_score",78.12
"39035183200","tract",2023,"education_score",65.7
"39035183300","tract",2023,"education_score",72.88
"39035183401","tract",2023,"education_score",76.62
"39035183402","tract",2023,"education_score",85.13
"39035183501","tract",2023,"education_score",76.98
"39035183502","tract",2023,"education_score",76.51
"39035183603","tract",2023,"education_score",87.37
"39035183604","tract",2023,"education_score",79.38
"39035183605","tract",2023,"education_score",75.3
"39035183606","tract",2023,"education_score",80.62
"39035184103","tract",2023,"education_score",105.87
"39035184104","tract",2023,"education_score",77.52
"39035184105","tract",2023,"education_score",81.99
"39035184106","tract",2023,"education_score",94.89
"39035184108","tract",2023,"education_score",78.71
"39035185101","tract",2023,"education_score",84.82
"39035185102","tract",2023,"education_score",88.1
"39035185103","tract",2023,"education_score",82.58
"39035185104","tract",2023,"education_score",82.28
"39035185201","tract",2023,"education_score",86.37
"39035185202","tract",2023,"education_score",89.8
"39035185203","tract",2023,"education_score",84.46
"39035186103","tract",2023,"education_score",77.48
"39035186104","tract",2023,"education_score",89.98
"39035186105","tract",2023,"education_score",81.06
"39035186106","tract",2023,"education_score",87.61
"39035186107","tract",2023,"education_score",87.4
"39035186201","tract",2023,"education_score",85.64
"39035186202","tract",2023,"education_score",85.58
"39035186203","tract",2023,"education_score",83
"39035186205","tract",2023,"education_score",95.26
"39035186206","tract",2023,"education_score",78.89
"39035187103","tract",2023,"education_score",85.11
"39035187104","tract",2023,"education_score",70.57
"39035187105","tract",2023,"education_score",92.57
"39035187106","tract",2023,"education_score",90.43
"39035188103","tract",2023,"education_score",100.3
"39035188106","tract",2023,"education_score",112.49
"39035188107","tract",2023,"education_score",92.81
"39035189105","tract",2023,"education_score",79.06
"39035189107","tract",2023,"education_score",88.4
"39035189108","tract",2023,"education_score",74.62
"39035189109","tract",2023,"education_score",83.26
"39035189110","tract",2023,"education_score",85.29
"39035189111","tract",2023,"education_score",82.91
"39035189112","tract",2023,"education_score",90.43
"39035190502","tract",2023,"education_score",80.44
"39035190503","tract",2023,"education_score",84.35
"39035190505","tract",2023,"education_score",93.45
"39035190506","tract",2023,"education_score",85.64
"39035192300","tract",2023,"education_score",89.72
"39035192800","tract",2023,"education_score",61.09
"39035192900","tract",2023,"education_score",84.23
"39035194100","tract",2023,"education_score",83.14
"39035194300","tract",2023,"education_score",85.33
"39035194500","tract",2023,"education_score",67.71
"39035195600","tract",2023,"education_score",94.8
"39035195700","tract",2023,"education_score",96.79
"39035195800","tract",2023,"education_score",77.95
"39035195900","tract",2023,"education_score",79.26
"39035196000","tract",2023,"education_score",92.6
"39035196100","tract",2023,"education_score",91.05
"39035196200","tract",2023,"education_score",110.97
"39035196300","tract",2023,"education_score",67.49
"39035196400","tract",2023,"education_score",133.04
"39035196800","tract",2023,"education_score",NA
"39035197000","tract",2023,"education_score",102.33
"39035197100","tract",2023,"education_score",81.42
"39035197200","tract",2023,"education_score",113.05
"39035197300","tract",2023,"education_score",92.08
"39035197400","tract",2023,"education_score",108.89
"39035197500","tract",2023,"education_score",75.72
"39035197600","tract",2023,"education_score",137.27
"39035197700","tract",2023,"education_score",91.42
"39035197800","tract",2023,"education_score",66.33
"39035197900","tract",2023,"education_score",137.93
"39035198000","tract",2023,"education_score",121.83
"39035198100","tract",2023,"education_score",109.59
"39035198200","tract",2023,"education_score",115.84
"39035198300","tract",2023,"education_score",111.92
"39035198400","tract",2023,"education_score",123.79
"39035198500","tract",2023,"education_score",134.46
"39035198600","tract",2023,"education_score",110.82
"39035198700","tract",2023,"education_score",115.08
"39035198800","tract",2023,"education_score",108.69
"39035198900","tract",2023,"education_score",114.24
"39035199000","tract",2023,"education_score",112.64
"39035199100","tract",2023,"education_score",109.54
"39035199200","tract",2023,"education_score",108.82
"39035199300","tract",2023,"education_score",101.99
"39035980100","tract",2023,"education_score",NA
"39035980200","tract",2023,"education_score",NA
"39035980500","tract",2023,"education_score",NA
"39035980900","tract",2023,"education_score",NA
"39035981000","tract",2023,"education_score",NA
"39035981100","tract",2023,"education_score",NA
"39035990000","tract",2023,"education_score",NA
"39037500100","tract",2023,"education_score",98.54
"39037510100","tract",2023,"education_score",111.3
"39037520100","tract",2023,"education_score",104.64
"39037530100","tract",2023,"education_score",98.8
"39037540100","tract",2023,"education_score",114.24
"39037550100","tract",2023,"education_score",104.11
"39037555001","tract",2023,"education_score",94.13
"39037555002","tract",2023,"education_score",111.98
"39037555101","tract",2023,"education_score",117.36
"39037555102","tract",2023,"education_score",113.3
"39037560101","tract",2023,"education_score",103.48
"39037560102","tract",2023,"education_score",107.06
"39037570101","tract",2023,"education_score",101.31
"39037570102","tract",2023,"education_score",103.05
"39039958100","tract",2023,"education_score",98.8
"39039958200","tract",2023,"education_score",105.87
"39039958300","tract",2023,"education_score",106.88
"39039958400","tract",2023,"education_score",103.01
"39039958500","tract",2023,"education_score",99.33
"39039958600","tract",2023,"education_score",117.44
"39039958700","tract",2023,"education_score",100.76
"39039958800","tract",2023,"education_score",94.01
"39039958900","tract",2023,"education_score",90.6
"39041010100","tract",2023,"education_score",87.97
"39041010200","tract",2023,"education_score",95.71
"39041010420","tract",2023,"education_score",96.94
"39041010421","tract",2023,"education_score",84.09
"39041010422","tract",2023,"education_score",93.02
"39041010520","tract",2023,"education_score",84.91
"39041010530","tract",2023,"education_score",104.18
"39041011101","tract",2023,"education_score",100.04
"39041011102","tract",2023,"education_score",87.59
"39041011200","tract",2023,"education_score",87.66
"39041011411","tract",2023,"education_score",81.57
"39041011412","tract",2023,"education_score",81.11
"39041011421","tract",2023,"education_score",82.31
"39041011423","tract",2023,"education_score",69.81
"39041011430","tract",2023,"education_score",82.62
"39041011431","tract",2023,"education_score",76.88
"39041011432","tract",2023,"education_score",80.37
"39041011520","tract",2023,"education_score",87.54
"39041011530","tract",2023,"education_score",82.77
"39041011540","tract",2023,"education_score",89.2
"39041011561","tract",2023,"education_score",87.56
"39041011562","tract",2023,"education_score",86.02
"39041011563","tract",2023,"education_score",78
"39041011564","tract",2023,"education_score",83.45
"39041011565","tract",2023,"education_score",77.27
"39041011604","tract",2023,"education_score",89.37
"39041011710","tract",2023,"education_score",78.05
"39041011740","tract",2023,"education_score",71.12
"39041011760","tract",2023,"education_score",94.1
"39041011762","tract",2023,"education_score",81.89
"39041011763","tract",2023,"education_score",81.47
"39041011764","tract",2023,"education_score",70.67
"39041011765","tract",2023,"education_score",86
"39041011766","tract",2023,"education_score",80.53
"39041011900","tract",2023,"education_score",68.73
"39041012000","tract",2023,"education_score",83.16
"39041012100","tract",2023,"education_score",77.23
"39041012200","tract",2023,"education_score",88.56
"39041012300","tract",2023,"education_score",86.14
"39041012400","tract",2023,"education_score",80.89
"39043040100","tract",2023,"education_score",98.46
"39043040200","tract",2023,"education_score",94.79
"39043040300","tract",2023,"education_score",93.31
"39043040400","tract",2023,"education_score",83.17
"39043040500","tract",2023,"education_score",93.05
"39043040700","tract",2023,"education_score",99.34
"39043040801","tract",2023,"education_score",100.28
"39043040802","tract",2023,"education_score",90.05
"39043040900","tract",2023,"education_score",100.17
"39043041000","tract",2023,"education_score",122
"39043041100","tract",2023,"education_score",114.45
"39043041200","tract",2023,"education_score",122.69
"39043041300","tract",2023,"education_score",105.71
"39043041400","tract",2023,"education_score",97.66
"39043041600","tract",2023,"education_score",97.29
"39043041701","tract",2023,"education_score",99.54
"39043041702","tract",2023,"education_score",93.89
"39043041800","tract",2023,"education_score",93.35
"39043041900","tract",2023,"education_score",85.5
"39043990100","tract",2023,"education_score",NA
"39045030100","tract",2023,"education_score",90.78
"39045030200","tract",2023,"education_score",100.81
"39045030300","tract",2023,"education_score",96.6
"39045030400","tract",2023,"education_score",94.96
"39045030601","tract",2023,"education_score",90.78
"39045030602","tract",2023,"education_score",80
"39045030700","tract",2023,"education_score",91.76
"39045030800","tract",2023,"education_score",89.3
"39045030901","tract",2023,"education_score",101.7
"39045030902","tract",2023,"education_score",97.96
"39045031000","tract",2023,"education_score",90.33
"39045031100","tract",2023,"education_score",102.94
"39045031200","tract",2023,"education_score",96.89
"39045031300","tract",2023,"education_score",96.47
"39045031401","tract",2023,"education_score",84.12
"39045031402","tract",2023,"education_score",93.49
"39045031500","tract",2023,"education_score",106.09
"39045031600","tract",2023,"education_score",91.83
"39045031700","tract",2023,"education_score",116.03
"39045032000","tract",2023,"education_score",110.32
"39045032100","tract",2023,"education_score",90.81
"39045032200","tract",2023,"education_score",98.35
"39045032300","tract",2023,"education_score",98.51
"39045032501","tract",2023,"education_score",103.14
"39045032502","tract",2023,"education_score",NA
"39045032601","tract",2023,"education_score",104.52
"39045032602","tract",2023,"education_score",100.18
"39045032701","tract",2023,"education_score",86.22
"39045032703","tract",2023,"education_score",100.87
"39045032704","tract",2023,"education_score",101.69
"39045032800","tract",2023,"education_score",84.98
"39045032901","tract",2023,"education_score",86.85
"39045032902","tract",2023,"education_score",85.32
"39045033000","tract",2023,"education_score",92.35
"39045033101","tract",2023,"education_score",107.07
"39045033102","tract",2023,"education_score",86.55
"39047925800","tract",2023,"education_score",105.24
"39047925900","tract",2023,"education_score",102.32
"39047926000","tract",2023,"education_score",115.87
"39047926100","tract",2023,"education_score",117.11
"39047926200","tract",2023,"education_score",103.42
"39047926300","tract",2023,"education_score",108.4
"39047926400","tract",2023,"education_score",116.3
"39049000110","tract",2023,"education_score",65.43
"39049000120","tract",2023,"education_score",67.14
"39049000210","tract",2023,"education_score",67.17
"39049000220","tract",2023,"education_score",66.07
"39049000310","tract",2023,"education_score",98.12
"39049000320","tract",2023,"education_score",96.3
"39049000330","tract",2023,"education_score",113.59
"39049000410","tract",2023,"education_score",75.26
"39049000420","tract",2023,"education_score",72.6
"39049000500","tract",2023,"education_score",77.16
"39049000600","tract",2023,"education_score",81.13
"39049000710","tract",2023,"education_score",111.14
"39049000720","tract",2023,"education_score",134.28
"39049000730","tract",2023,"education_score",121.24
"39049000810","tract",2023,"education_score",116.1
"39049000820","tract",2023,"education_score",119.76
"39049000910","tract",2023,"education_score",128.73
"39049000920","tract",2023,"education_score",135.33
"39049001000","tract",2023,"education_score",99.02
"39049001110","tract",2023,"education_score",104.76
"39049001121","tract",2023,"education_score",NA
"39049001122","tract",2023,"education_score",NA
"39049001200","tract",2023,"education_score",107.63
"39049001301","tract",2023,"education_score",91.66
"39049001302","tract",2023,"education_score",NA
"39049001400","tract",2023,"education_score",119.67
"39049001500","tract",2023,"education_score",109.9
"39049001600","tract",2023,"education_score",89.32
"39049001700","tract",2023,"education_score",97.41
"39049001810","tract",2023,"education_score",87.66
"39049001820","tract",2023,"education_score",68.53
"39049001901","tract",2023,"education_score",68.45
"39049001902","tract",2023,"education_score",65.8
"39049002000","tract",2023,"education_score",64.12
"39049002100","tract",2023,"education_score",65.61
"39049002200","tract",2023,"education_score",51.46
"39049002300","tract",2023,"education_score",112.44
"39049002510","tract",2023,"education_score",124.94
"39049002520","tract",2023,"education_score",87.11
"39049002600","tract",2023,"education_score",122.08
"39049002710","tract",2023,"education_score",97.45
"39049002730","tract",2023,"education_score",114.12
"39049002740","tract",2023,"education_score",79.07
"39049002750","tract",2023,"education_score",123.77
"39049002760","tract",2023,"education_score",84.95
"39049002770","tract",2023,"education_score",113.41
"39049002780","tract",2023,"education_score",76.48
"39049002800","tract",2023,"education_score",90.78
"39049002900","tract",2023,"education_score",133.09
"39049003000","tract",2023,"education_score",67.48
"39049003200","tract",2023,"education_score",61.79
"39049003600","tract",2023,"education_score",95.08
"39049003700","tract",2023,"education_score",87.45
"39049003800","tract",2023,"education_score",77.52
"39049004001","tract",2023,"education_score",76.29
"39049004002","tract",2023,"education_score",68.63
"39049004200","tract",2023,"education_score",81.31
"39049004301","tract",2023,"education_score",65.59
"39049004302","tract",2023,"education_score",142.1
"39049004500","tract",2023,"education_score",111.51
"39049004610","tract",2023,"education_score",88.08
"39049004620","tract",2023,"education_score",120.43
"39049004700","tract",2023,"education_score",139.95
"39049004810","tract",2023,"education_score",104.49
"39049004820","tract",2023,"education_score",127.59
"39049004900","tract",2023,"education_score",130.2
"39049005001","tract",2023,"education_score",111.41
"39049005002","tract",2023,"education_score",144.25
"39049005100","tract",2023,"education_score",140.73
"39049005200","tract",2023,"education_score",58.69
"39049005300","tract",2023,"education_score",100.95
"39049005410","tract",2023,"education_score",107.06
"39049005420","tract",2023,"education_score",100.32
"39049005500","tract",2023,"education_score",98.4
"39049005610","tract",2023,"education_score",102.35
"39049005620","tract",2023,"education_score",98.71
"39049005700","tract",2023,"education_score",61.84
"39049005810","tract",2023,"education_score",64.11
"39049005820","tract",2023,"education_score",71.04
"39049005900","tract",2023,"education_score",103.92
"39049006000","tract",2023,"education_score",113.55
"39049006100","tract",2023,"education_score",96.99
"39049006236","tract",2023,"education_score",76.28
"39049006237","tract",2023,"education_score",74.28
"39049006238","tract",2023,"education_score",80.81
"39049006239","tract",2023,"education_score",82.01
"39049006240","tract",2023,"education_score",73.09
"39049006241","tract",2023,"education_score",75.55
"39049006301","tract",2023,"education_score",90.53
"39049006302","tract",2023,"education_score",92.37
"39049006310","tract",2023,"education_score",73.79
"39049006321","tract",2023,"education_score",81.87
"39049006323","tract",2023,"education_score",69.61
"39049006330","tract",2023,"education_score",70.17
"39049006340","tract",2023,"education_score",83.76
"39049006351","tract",2023,"education_score",86.05
"39049006352","tract",2023,"education_score",83.22
"39049006353","tract",2023,"education_score",95.53
"39049006372","tract",2023,"education_score",99.95
"39049006384","tract",2023,"education_score",77.77
"39049006386","tract",2023,"education_score",71.6
"39049006387","tract",2023,"education_score",81.25
"39049006391","tract",2023,"education_score",76.17
"39049006392","tract",2023,"education_score",73.66
"39049006393","tract",2023,"education_score",83.81
"39049006394","tract",2023,"education_score",84.28
"39049006395","tract",2023,"education_score",79.81
"39049006396","tract",2023,"education_score",80.4
"39049006397","tract",2023,"education_score",100.77
"39049006398","tract",2023,"education_score",80.96
"39049006410","tract",2023,"education_score",74.38
"39049006430","tract",2023,"education_score",81.93
"39049006500","tract",2023,"education_score",79.04
"39049006600","tract",2023,"education_score",73.39
"39049006710","tract",2023,"education_score",72.5
"39049006721","tract",2023,"education_score",76.85
"39049006722","tract",2023,"education_score",76.88
"39049006810","tract",2023,"education_score",73.14
"39049006821","tract",2023,"education_score",80.41
"39049006822","tract",2023,"education_score",75.06
"39049006910","tract",2023,"education_score",74.72
"39049006921","tract",2023,"education_score",109.59
"39049006923","tract",2023,"education_score",108.84
"39049006924","tract",2023,"education_score",116.99
"39049006931","tract",2023,"education_score",100.84
"39049006932","tract",2023,"education_score",117.62
"39049006933","tract",2023,"education_score",156.49
"39049006943","tract",2023,"education_score",98
"39049006944","tract",2023,"education_score",101.31
"39049006945","tract",2023,"education_score",117.64
"39049006950","tract",2023,"education_score",63.89
"39049006991","tract",2023,"education_score",75.69
"39049006992","tract",2023,"education_score",112.38
"39049007010","tract",2023,"education_score",96.66
"39049007020","tract",2023,"education_score",80.33
"39049007041","tract",2023,"education_score",78.3
"39049007043","tract",2023,"education_score",88.37
"39049007044","tract",2023,"education_score",71.56
"39049007047","tract",2023,"education_score",81.61
"39049007048","tract",2023,"education_score",87.69
"39049007101","tract",2023,"education_score",88.22
"39049007102","tract",2023,"education_score",71.88
"39049007103","tract",2023,"education_score",96.42
"39049007112","tract",2023,"education_score",99.52
"39049007113","tract",2023,"education_score",110.1
"39049007114","tract",2023,"education_score",87.07
"39049007115","tract",2023,"education_score",108.38
"39049007120","tract",2023,"education_score",93.87
"39049007193","tract",2023,"education_score",84.56
"39049007198","tract",2023,"education_score",87.45
"39049007199","tract",2023,"education_score",94.07
"39049007202","tract",2023,"education_score",94.84
"39049007205","tract",2023,"education_score",64.04
"39049007209","tract",2023,"education_score",83.42
"39049007211","tract",2023,"education_score",70.4
"39049007212","tract",2023,"education_score",79.44
"39049007213","tract",2023,"education_score",85.43
"39049007214","tract",2023,"education_score",78.27
"39049007215","tract",2023,"education_score",64.9
"39049007301","tract",2023,"education_score",89.6
"39049007302","tract",2023,"education_score",99.51
"39049007303","tract",2023,"education_score",94.34
"39049007305","tract",2023,"education_score",74.77
"39049007306","tract",2023,"education_score",73.85
"39049007394","tract",2023,"education_score",66.51
"39049007397","tract",2023,"education_score",92.73
"39049007398","tract",2023,"education_score",115.94
"39049007424","tract",2023,"education_score",105.78
"39049007425","tract",2023,"education_score",90.16
"39049007426","tract",2023,"education_score",83.5
"39049007427","tract",2023,"education_score",88.85
"39049007492","tract",2023,"education_score",92.31
"39049007494","tract",2023,"education_score",92.46
"39049007511","tract",2023,"education_score",122.65
"39049007512","tract",2023,"education_score",121.2
"39049007520","tract",2023,"education_score",121.02
"39049007531","tract",2023,"education_score",134.78
"39049007532","tract",2023,"education_score",125.95
"39049007533","tract",2023,"education_score",123.29
"39049007534","tract",2023,"education_score",151.19
"39049007550","tract",2023,"education_score",100.95
"39049007552","tract",2023,"education_score",129.04
"39049007553","tract",2023,"education_score",103.49
"39049007710","tract",2023,"education_score",112.11
"39049007721","tract",2023,"education_score",139.51
"39049007722","tract",2023,"education_score",111.35
"39049007730","tract",2023,"education_score",108.76
"39049007740","tract",2023,"education_score",87.58
"39049007811","tract",2023,"education_score",75.75
"39049007812","tract",2023,"education_score",80.11
"39049007820","tract",2023,"education_score",96.24
"39049007830","tract",2023,"education_score",74.36
"39049007922","tract",2023,"education_score",75.62
"39049007931","tract",2023,"education_score",86.16
"39049007941","tract",2023,"education_score",80.09
"39049007955","tract",2023,"education_score",80.95
"39049007956","tract",2023,"education_score",95.69
"39049007957","tract",2023,"education_score",84.39
"39049007958","tract",2023,"education_score",79.75
"39049007959","tract",2023,"education_score",82.49
"39049007960","tract",2023,"education_score",97.13
"39049007961","tract",2023,"education_score",86.73
"39049007962","tract",2023,"education_score",86.16
"39049007963","tract",2023,"education_score",82.96
"39049007964","tract",2023,"education_score",79.08
"39049007965","tract",2023,"education_score",88.39
"39049007966","tract",2023,"education_score",94.31
"39049008001","tract",2023,"education_score",77.23
"39049008002","tract",2023,"education_score",88.9
"39049008110","tract",2023,"education_score",101.49
"39049008120","tract",2023,"education_score",129.77
"39049008132","tract",2023,"education_score",97.08
"39049008163","tract",2023,"education_score",110.04
"39049008164","tract",2023,"education_score",116.54
"39049008165","tract",2023,"education_score",92.8
"39049008166","tract",2023,"education_score",73.31
"39049008167","tract",2023,"education_score",98.27
"39049008168","tract",2023,"education_score",105.42
"39049008169","tract",2023,"education_score",102.82
"39049008170","tract",2023,"education_score",98.19
"39049008171","tract",2023,"education_score",84.32
"39049008172","tract",2023,"education_score",97.99
"39049008210","tract",2023,"education_score",127.9
"39049008230","tract",2023,"education_score",162.88
"39049008241","tract",2023,"education_score",118.95
"39049008242","tract",2023,"education_score",88.91
"39049008311","tract",2023,"education_score",122.9
"39049008312","tract",2023,"education_score",140.65
"39049008321","tract",2023,"education_score",121.64
"39049008322","tract",2023,"education_score",106.36
"39049008330","tract",2023,"education_score",127.44
"39049008340","tract",2023,"education_score",108.43
"39049008350","tract",2023,"education_score",99.13
"39049008360","tract",2023,"education_score",99.68
"39049008380","tract",2023,"education_score",109.69
"39049008381","tract",2023,"education_score",108.79
"39049008382","tract",2023,"education_score",90.78
"39049008400","tract",2023,"education_score",72.75
"39049008500","tract",2023,"education_score",70.77
"39049008710","tract",2023,"education_score",90.07
"39049008720","tract",2023,"education_score",116.87
"39049008730","tract",2023,"education_score",132.4
"39049008811","tract",2023,"education_score",124.37
"39049008812","tract",2023,"education_score",102.84
"39049008813","tract",2023,"education_score",99.27
"39049008821","tract",2023,"education_score",96.42
"39049008822","tract",2023,"education_score",112.12
"39049008825","tract",2023,"education_score",101.74
"39049008900","tract",2023,"education_score",88.81
"39049009000","tract",2023,"education_score",73.81
"39049009100","tract",2023,"education_score",76.64
"39049009220","tract",2023,"education_score",124.86
"39049009230","tract",2023,"education_score",111.22
"39049009240","tract",2023,"education_score",98.57
"39049009250","tract",2023,"education_score",107.81
"39049009251","tract",2023,"education_score",118
"39049009252","tract",2023,"education_score",89.28
"39049009311","tract",2023,"education_score",91.89
"39049009312","tract",2023,"education_score",106
"39049009321","tract",2023,"education_score",100.24
"39049009322","tract",2023,"education_score",115.35
"39049009323","tract",2023,"education_score",130.69
"39049009325","tract",2023,"education_score",106.31
"39049009326","tract",2023,"education_score",121.22
"39049009332","tract",2023,"education_score",100.91
"39049009334","tract",2023,"education_score",106.46
"39049009336","tract",2023,"education_score",87.16
"39049009337","tract",2023,"education_score",119.69
"39049009340","tract",2023,"education_score",108.92
"39049009350","tract",2023,"education_score",102.81
"39049009361","tract",2023,"education_score",77.41
"39049009372","tract",2023,"education_score",95.91
"39049009373","tract",2023,"education_score",105.39
"39049009381","tract",2023,"education_score",117.19
"39049009382","tract",2023,"education_score",96.83
"39049009383","tract",2023,"education_score",95.04
"39049009384","tract",2023,"education_score",97.37
"39049009385","tract",2023,"education_score",83.49
"39049009386","tract",2023,"education_score",104.32
"39049009390","tract",2023,"education_score",106.78
"39049009391","tract",2023,"education_score",95.55
"39049009392","tract",2023,"education_score",96.65
"39049009393","tract",2023,"education_score",112.43
"39049009394","tract",2023,"education_score",94.72
"39049009395","tract",2023,"education_score",84.06
"39049009396","tract",2023,"education_score",108.07
"39049009397","tract",2023,"education_score",102.15
"39049009401","tract",2023,"education_score",104.34
"39049009403","tract",2023,"education_score",132.36
"39049009404","tract",2023,"education_score",82.32
"39049009405","tract",2023,"education_score",79.41
"39049009410","tract",2023,"education_score",110
"39049009420","tract",2023,"education_score",113.8
"39049009440","tract",2023,"education_score",85.33
"39049009495","tract",2023,"education_score",104.6
"39049009497","tract",2023,"education_score",86.05
"39049009498","tract",2023,"education_score",113.19
"39049009520","tract",2023,"education_score",101.54
"39049009590","tract",2023,"education_score",102.41
"39049009600","tract",2023,"education_score",107.9
"39049009711","tract",2023,"education_score",102.64
"39049009712","tract",2023,"education_score",106.11
"39049009751","tract",2023,"education_score",93.92
"39049009752","tract",2023,"education_score",92.41
"39049009753","tract",2023,"education_score",80.69
"39049009754","tract",2023,"education_score",81.76
"39049009755","tract",2023,"education_score",88.53
"39049009756","tract",2023,"education_score",107.07
"39049009757","tract",2023,"education_score",93.26
"39049009801","tract",2023,"education_score",92.09
"39049009802","tract",2023,"education_score",96.54
"39049009900","tract",2023,"education_score",112.73
"39049010000","tract",2023,"education_score",85.72
"39049010100","tract",2023,"education_score",72.42
"39049010201","tract",2023,"education_score",90.71
"39049010202","tract",2023,"education_score",105.45
"39049010203","tract",2023,"education_score",85.13
"39049010204","tract",2023,"education_score",100.01
"39049010300","tract",2023,"education_score",113.27
"39049010401","tract",2023,"education_score",81.93
"39049010402","tract",2023,"education_score",86.3
"39049010501","tract",2023,"education_score",78.53
"39049010502","tract",2023,"education_score",90.32
"39049010601","tract",2023,"education_score",94.63
"39049010602","tract",2023,"education_score",86.7
"39049010700","tract",2023,"education_score",85.41
"39049010900","tract",2023,"education_score",85.31
"39049980000","tract",2023,"education_score",NA
"39051040100","tract",2023,"education_score",89.74
"39051040200","tract",2023,"education_score",92.52
"39051040300","tract",2023,"education_score",95.19
"39051040400","tract",2023,"education_score",108.7
"39051040500","tract",2023,"education_score",95.86
"39051040600","tract",2023,"education_score",96.89
"39051040701","tract",2023,"education_score",107.4
"39051040702","tract",2023,"education_score",113.95
"39051040800","tract",2023,"education_score",105.05
"39051040900","tract",2023,"education_score",101.01
"39053953500","tract",2023,"education_score",109.54
"39053953600","tract",2023,"education_score",113.03
"39053953700","tract",2023,"education_score",109.78
"39053953800","tract",2023,"education_score",117.99
"39053953901","tract",2023,"education_score",99.18
"39053953902","tract",2023,"education_score",108.75
"39053954000","tract",2023,"education_score",100.5
"39053954100","tract",2023,"education_score",103.71
"39055310100","tract",2023,"education_score",100.05
"39055310200","tract",2023,"education_score",82.7
"39055310600","tract",2023,"education_score",84.13
"39055310700","tract",2023,"education_score",88.87
"39055310800","tract",2023,"education_score",90.67
"39055310900","tract",2023,"education_score",101.43
"39055311000","tract",2023,"education_score",152.88
"39055311300","tract",2023,"education_score",109.05
"39055311400","tract",2023,"education_score",86.14
"39055311500","tract",2023,"education_score",83.52
"39055311600","tract",2023,"education_score",84.13
"39055311700","tract",2023,"education_score",79.75
"39055311800","tract",2023,"education_score",75.86
"39055311900","tract",2023,"education_score",93.47
"39055312000","tract",2023,"education_score",129.74
"39055312100","tract",2023,"education_score",173.95
"39055312201","tract",2023,"education_score",96.49
"39055312202","tract",2023,"education_score",91.15
"39055312203","tract",2023,"education_score",92.57
"39055312300","tract",2023,"education_score",123.58
"39055312400","tract",2023,"education_score",159.63
"39057200101","tract",2023,"education_score",105.8
"39057200103","tract",2023,"education_score",87.55
"39057200104","tract",2023,"education_score",97.29
"39057200300","tract",2023,"education_score",105.91
"39057200400","tract",2023,"education_score",106.2
"39057200500","tract",2023,"education_score",102.73
"39057200600","tract",2023,"education_score",102.2
"39057200700","tract",2023,"education_score",108.69
"39057200901","tract",2023,"education_score",77.48
"39057200902","tract",2023,"education_score",86.65
"39057210101","tract",2023,"education_score",72.79
"39057210102","tract",2023,"education_score",89.77
"39057210201","tract",2023,"education_score",88.87
"39057210202","tract",2023,"education_score",90.39
"39057210300","tract",2023,"education_score",83.78
"39057210401","tract",2023,"education_score",86.62
"39057210402","tract",2023,"education_score",82.44
"39057210500","tract",2023,"education_score",82.78
"39057210602","tract",2023,"education_score",82.77
"39057210603","tract",2023,"education_score",79.93
"39057210604","tract",2023,"education_score",83.01
"39057210605","tract",2023,"education_score",78.05
"39057220101","tract",2023,"education_score",84.62
"39057220102","tract",2023,"education_score",78.3
"39057220201","tract",2023,"education_score",85.58
"39057220202","tract",2023,"education_score",83.37
"39057230100","tract",2023,"education_score",81.3
"39057240100","tract",2023,"education_score",89.7
"39057240200","tract",2023,"education_score",110.88
"39057240302","tract",2023,"education_score",105.28
"39057240303","tract",2023,"education_score",100.95
"39057240304","tract",2023,"education_score",92
"39057240500","tract",2023,"education_score",90.22
"39057240600","tract",2023,"education_score",105.43
"39057240700","tract",2023,"education_score",107.6
"39057255000","tract",2023,"education_score",78.97
"39057260100","tract",2023,"education_score",NA
"39057270100","tract",2023,"education_score",94.52
"39057280101","tract",2023,"education_score",87.16
"39057280102","tract",2023,"education_score",87.36
"39057280200","tract",2023,"education_score",93.16
"39057280300","tract",2023,"education_score",90.94
"39059977100","tract",2023,"education_score",133.09
"39059977200","tract",2023,"education_score",103.53
"39059977300","tract",2023,"education_score",103.76
"39059977400","tract",2023,"education_score",108.95
"39059977500","tract",2023,"education_score",109.99
"39059977600","tract",2023,"education_score",109.83
"39059977700","tract",2023,"education_score",100.89
"39059977800","tract",2023,"education_score",111.94
"39059977900","tract",2023,"education_score",110.75
"39059978000","tract",2023,"education_score",107.94
"39061000200","tract",2023,"education_score",97.26
"39061000700","tract",2023,"education_score",66.18
"39061000900","tract",2023,"education_score",91.88
"39061001000","tract",2023,"education_score",80.68
"39061001100","tract",2023,"education_score",79.32
"39061001600","tract",2023,"education_score",84.33
"39061001700","tract",2023,"education_score",78.45
"39061001800","tract",2023,"education_score",91.02
"39061001900","tract",2023,"education_score",77.92
"39061002000","tract",2023,"education_score",69.11
"39061002200","tract",2023,"education_score",123.06
"39061002300","tract",2023,"education_score",98.53
"39061002500","tract",2023,"education_score",102.37
"39061002600","tract",2023,"education_score",105.11
"39061002700","tract",2023,"education_score",84.04
"39061002800","tract",2023,"education_score",102.52
"39061002901","tract",2023,"education_score",NA
"39061002902","tract",2023,"education_score",103.25
"39061003000","tract",2023,"education_score",NA
"39061003200","tract",2023,"education_score",96.66
"39061003300","tract",2023,"education_score",108.14
"39061003600","tract",2023,"education_score",116.75
"39061003700","tract",2023,"education_score",89.6
"39061003800","tract",2023,"education_score",101.1
"39061003900","tract",2023,"education_score",92.71
"39061004000","tract",2023,"education_score",93.24
"39061004100","tract",2023,"education_score",74.93
"39061004200","tract",2023,"education_score",73.22
"39061004602","tract",2023,"education_score",92.55
"39061004603","tract",2023,"education_score",91.11
"39061004604","tract",2023,"education_score",86.77
"39061004605","tract",2023,"education_score",69.49
"39061004703","tract",2023,"education_score",71.23
"39061004800","tract",2023,"education_score",71.08
"39061004900","tract",2023,"education_score",64.6
"39061005000","tract",2023,"education_score",66.62
"39061005100","tract",2023,"education_score",65.68
"39061005200","tract",2023,"education_score",64.76
"39061005301","tract",2023,"education_score",66.38
"39061005302","tract",2023,"education_score",63.64
"39061005500","tract",2023,"education_score",82.27
"39061005600","tract",2023,"education_score",84.07
"39061005701","tract",2023,"education_score",87.2
"39061005702","tract",2023,"education_score",73.79
"39061005800","tract",2023,"education_score",82
"39061005900","tract",2023,"education_score",71.84
"39061006000","tract",2023,"education_score",102.51
"39061006100","tract",2023,"education_score",117.8
"39061006300","tract",2023,"education_score",109.27
"39061006400","tract",2023,"education_score",96.03
"39061006501","tract",2023,"education_score",NA
"39061006502","tract",2023,"education_score",74.37
"39061006600","tract",2023,"education_score",113.5
"39061006800","tract",2023,"education_score",104.32
"39061006900","tract",2023,"education_score",121.61
"39061007000","tract",2023,"education_score",78.44
"39061007100","tract",2023,"education_score",77.64
"39061007200","tract",2023,"education_score",79.27
"39061007300","tract",2023,"education_score",111.37
"39061007400","tract",2023,"education_score",70.69
"39061007500","tract",2023,"education_score",76.02
"39061007700","tract",2023,"education_score",121.02
"39061008000","tract",2023,"education_score",119.5
"39061008100","tract",2023,"education_score",101.12
"39061008201","tract",2023,"education_score",98.19
"39061008202","tract",2023,"education_score",98.25
"39061008300","tract",2023,"education_score",95.82
"39061008400","tract",2023,"education_score",102.13
"39061008501","tract",2023,"education_score",112.06
"39061008502","tract",2023,"education_score",132.38
"39061008601","tract",2023,"education_score",113.28
"39061008800","tract",2023,"education_score",113.61
"39061009200","tract",2023,"education_score",129.7
"39061009300","tract",2023,"education_score",147.14
"39061009400","tract",2023,"education_score",142.16
"39061009500","tract",2023,"education_score",119.57
"39061009600","tract",2023,"education_score",102.24
"39061009700","tract",2023,"education_score",104.6
"39061009800","tract",2023,"education_score",127.79
"39061009901","tract",2023,"education_score",107.41
"39061009902","tract",2023,"education_score",117.12
"39061010002","tract",2023,"education_score",118.4
"39061010003","tract",2023,"education_score",109.5
"39061010004","tract",2023,"education_score",107.16
"39061010005","tract",2023,"education_score",108.71
"39061010100","tract",2023,"education_score",84.92
"39061010201","tract",2023,"education_score",112.66
"39061010202","tract",2023,"education_score",80
"39061010300","tract",2023,"education_score",119.75
"39061010400","tract",2023,"education_score",103.58
"39061010500","tract",2023,"education_score",104.61
"39061010600","tract",2023,"education_score",89.52
"39061010700","tract",2023,"education_score",99.66
"39061010900","tract",2023,"education_score",113.25
"39061011000","tract",2023,"education_score",117.47
"39061011100","tract",2023,"education_score",96.07
"39061020401","tract",2023,"education_score",105.74
"39061020403","tract",2023,"education_score",90.33
"39061020404","tract",2023,"education_score",81.87
"39061020501","tract",2023,"education_score",86.82
"39061020502","tract",2023,"education_score",81.55
"39061020504","tract",2023,"education_score",94.07
"39061020505","tract",2023,"education_score",95.29
"39061020601","tract",2023,"education_score",87.79
"39061020603","tract",2023,"education_score",88.83
"39061020604","tract",2023,"education_score",91.61
"39061020701","tract",2023,"education_score",97.11
"39061020705","tract",2023,"education_score",91.51
"39061020707","tract",2023,"education_score",80.1
"39061020741","tract",2023,"education_score",99.87
"39061020742","tract",2023,"education_score",107.87
"39061020762","tract",2023,"education_score",110.75
"39061020763","tract",2023,"education_score",96
"39061020764","tract",2023,"education_score",103.13
"39061020802","tract",2023,"education_score",93.9
"39061020811","tract",2023,"education_score",85.27
"39061020812","tract",2023,"education_score",78.9
"39061020901","tract",2023,"education_score",100.75
"39061020902","tract",2023,"education_score",92.69
"39061021001","tract",2023,"education_score",93.27
"39061021002","tract",2023,"education_score",91.89
"39061021003","tract",2023,"education_score",100.32
"39061021101","tract",2023,"education_score",90.29
"39061021102","tract",2023,"education_score",101.76
"39061021201","tract",2023,"education_score",73.9
"39061021202","tract",2023,"education_score",99.58
"39061021302","tract",2023,"education_score",89.34
"39061021303","tract",2023,"education_score",96.14
"39061021304","tract",2023,"education_score",94.62
"39061021401","tract",2023,"education_score",88.04
"39061021421","tract",2023,"education_score",88.48
"39061021422","tract",2023,"education_score",92.89
"39061021501","tract",2023,"education_score",103.77
"39061021504","tract",2023,"education_score",94.72
"39061021505","tract",2023,"education_score",108.27
"39061021506","tract",2023,"education_score",109.73
"39061021508","tract",2023,"education_score",95.47
"39061021509","tract",2023,"education_score",112
"39061021571","tract",2023,"education_score",94.4
"39061021572","tract",2023,"education_score",98.32
"39061021602","tract",2023,"education_score",102.52
"39061021603","tract",2023,"education_score",95.81
"39061021604","tract",2023,"education_score",104.86
"39061021701","tract",2023,"education_score",89.41
"39061021702","tract",2023,"education_score",104.89
"39061021801","tract",2023,"education_score",99.41
"39061021802","tract",2023,"education_score",100.97
"39061021900","tract",2023,"education_score",109.22
"39061022000","tract",2023,"education_score",94.66
"39061022101","tract",2023,"education_score",86.22
"39061022102","tract",2023,"education_score",85.49
"39061022200","tract",2023,"education_score",86.31
"39061022301","tract",2023,"education_score",125.17
"39061022302","tract",2023,"education_score",83.1
"39061022400","tract",2023,"education_score",77.48
"39061022500","tract",2023,"education_score",94.66
"39061022601","tract",2023,"education_score",78.05
"39061022602","tract",2023,"education_score",86.57
"39061022700","tract",2023,"education_score",113.18
"39061023001","tract",2023,"education_score",95.57
"39061023002","tract",2023,"education_score",81.39
"39061023100","tract",2023,"education_score",76.83
"39061023201","tract",2023,"education_score",99.74
"39061023210","tract",2023,"education_score",87.31
"39061023222","tract",2023,"education_score",96.7
"39061023300","tract",2023,"education_score",67.25
"39061023400","tract",2023,"education_score",107.03
"39061023501","tract",2023,"education_score",74.35
"39061023521","tract",2023,"education_score",84.5
"39061023522","tract",2023,"education_score",80.01
"39061023600","tract",2023,"education_score",91.62
"39061023701","tract",2023,"education_score",79.73
"39061023702","tract",2023,"education_score",83.18
"39061023800","tract",2023,"education_score",84.18
"39061023901","tract",2023,"education_score",75.56
"39061023902","tract",2023,"education_score",74.99
"39061024001","tract",2023,"education_score",73.13
"39061024002","tract",2023,"education_score",79.34
"39061024100","tract",2023,"education_score",74.18
"39061024200","tract",2023,"education_score",71.01
"39061024301","tract",2023,"education_score",76.59
"39061024303","tract",2023,"education_score",95.35
"39061024322","tract",2023,"education_score",89.22
"39061024323","tract",2023,"education_score",83.8
"39061024324","tract",2023,"education_score",87.79
"39061024401","tract",2023,"education_score",69.61
"39061024402","tract",2023,"education_score",80.31
"39061024700","tract",2023,"education_score",88.85
"39061024800","tract",2023,"education_score",75.49
"39061024901","tract",2023,"education_score",109.35
"39061024903","tract",2023,"education_score",87.87
"39061024904","tract",2023,"education_score",81.74
"39061025001","tract",2023,"education_score",82.05
"39061025002","tract",2023,"education_score",79.58
"39061025101","tract",2023,"education_score",83.84
"39061025102","tract",2023,"education_score",89.08
"39061025103","tract",2023,"education_score",86.01
"39061025200","tract",2023,"education_score",87.95
"39061025300","tract",2023,"education_score",95.76
"39061025401","tract",2023,"education_score",86.54
"39061025402","tract",2023,"education_score",82.92
"39061025500","tract",2023,"education_score",104.18
"39061025600","tract",2023,"education_score",90.96
"39061025700","tract",2023,"education_score",129.97
"39061025800","tract",2023,"education_score",85.56
"39061026001","tract",2023,"education_score",83.11
"39061026002","tract",2023,"education_score",85.95
"39061026102","tract",2023,"education_score",116.56
"39061026103","tract",2023,"education_score",100.18
"39061026104","tract",2023,"education_score",101.61
"39061026200","tract",2023,"education_score",131.91
"39061026300","tract",2023,"education_score",132.03
"39061026400","tract",2023,"education_score",90.82
"39061026500","tract",2023,"education_score",70.16
"39061026600","tract",2023,"education_score",77.93
"39061026700","tract",2023,"education_score",109.15
"39061026800","tract",2023,"education_score",66.63
"39061026900","tract",2023,"education_score",99.25
"39061027000","tract",2023,"education_score",117.73
"39061027100","tract",2023,"education_score",114.33
"39061027200","tract",2023,"education_score",105.16
"39061027300","tract",2023,"education_score",79.35
"39061027400","tract",2023,"education_score",109.17
"39061027500","tract",2023,"education_score",75.11
"39061027600","tract",2023,"education_score",73.11
"39061027700","tract",2023,"education_score",88.56
"39063000100","tract",2023,"education_score",103.63
"39063000200","tract",2023,"education_score",87.92
"39063000301","tract",2023,"education_score",85.04
"39063000302","tract",2023,"education_score",102.96
"39063000400","tract",2023,"education_score",94.27
"39063000500","tract",2023,"education_score",105.7
"39063000600","tract",2023,"education_score",96.54
"39063000700","tract",2023,"education_score",81.87
"39063000800","tract",2023,"education_score",100.4
"39063000901","tract",2023,"education_score",101.59
"39063000902","tract",2023,"education_score",96.64
"39063001000","tract",2023,"education_score",87.51
"39063001100","tract",2023,"education_score",98.32
"39063001200","tract",2023,"education_score",99.24
"39063001300","tract",2023,"education_score",102.04
"39065000100","tract",2023,"education_score",98.77
"39065000200","tract",2023,"education_score",90.2
"39065000300","tract",2023,"education_score",96.57
"39065000401","tract",2023,"education_score",NA
"39065000402","tract",2023,"education_score",92.74
"39065000500","tract",2023,"education_score",118.46
"39065000600","tract",2023,"education_score",123.32
"39065000700","tract",2023,"education_score",116.52
"39067975600","tract",2023,"education_score",96.38
"39067975700","tract",2023,"education_score",111.24
"39067975800","tract",2023,"education_score",111.69
"39067975900","tract",2023,"education_score",94.17
"39067976000","tract",2023,"education_score",112.39
"39069000100","tract",2023,"education_score",105.47
"39069000200","tract",2023,"education_score",99.11
"39069000300","tract",2023,"education_score",106.38
"39069000400","tract",2023,"education_score",93.23
"39069000500","tract",2023,"education_score",100.52
"39069000600","tract",2023,"education_score",109.03
"39069000700","tract",2023,"education_score",96.9
"39071954400","tract",2023,"education_score",102.15
"39071954500","tract",2023,"education_score",121.05
"39071954600","tract",2023,"education_score",112.9
"39071954700","tract",2023,"education_score",100.59
"39071954800","tract",2023,"education_score",100.36
"39071954900","tract",2023,"education_score",105.49
"39071955001","tract",2023,"education_score",114.2
"39071955002","tract",2023,"education_score",131.69
"39071955101","tract",2023,"education_score",120.05
"39071955102","tract",2023,"education_score",113.99
"39071955200","tract",2023,"education_score",110.39
"39073964900","tract",2023,"education_score",84.18
"39073965000","tract",2023,"education_score",108.07
"39073965100","tract",2023,"education_score",119.37
"39073965200","tract",2023,"education_score",106.42
"39073965300","tract",2023,"education_score",108.15
"39073965400","tract",2023,"education_score",112.18
"39073965500","tract",2023,"education_score",96.72
"39075976301","tract",2023,"education_score",191.65
"39075976302","tract",2023,"education_score",201.83
"39075976401","tract",2023,"education_score",206.35
"39075976402","tract",2023,"education_score",158.75
"39075976403","tract",2023,"education_score",151.94
"39075976500","tract",2023,"education_score",124.21
"39075976600","tract",2023,"education_score",112.39
"39075976700","tract",2023,"education_score",107.42
"39075976801","tract",2023,"education_score",209.15
"39075976802","tract",2023,"education_score",201.3
"39077915400","tract",2023,"education_score",117.03
"39077915500","tract",2023,"education_score",106.42
"39077915600","tract",2023,"education_score",97.68
"39077915700","tract",2023,"education_score",99.94
"39077915800","tract",2023,"education_score",110.77
"39077915900","tract",2023,"education_score",99.83
"39077916000","tract",2023,"education_score",105.71
"39077916100","tract",2023,"education_score",103.1
"39077916200","tract",2023,"education_score",108.03
"39077916300","tract",2023,"education_score",111.49
"39077916400","tract",2023,"education_score",120.85
"39077916500","tract",2023,"education_score",96.6
"39077916600","tract",2023,"education_score",107.96
"39079957200","tract",2023,"education_score",118.58
"39079957300","tract",2023,"education_score",116.07
"39079957400","tract",2023,"education_score",100.74
"39079957500","tract",2023,"education_score",107.01
"39079957600","tract",2023,"education_score",104.21
"39079957700","tract",2023,"education_score",112.27
"39079957800","tract",2023,"education_score",110.82
"39081000200","tract",2023,"education_score",NA
"39081000400","tract",2023,"education_score",102.18
"39081000600","tract",2023,"education_score",80.7
"39081001000","tract",2023,"education_score",81.48
"39081001200","tract",2023,"education_score",105.85
"39081001300","tract",2023,"education_score",104.02
"39081001400","tract",2023,"education_score",86.5
"39081011000","tract",2023,"education_score",94.51
"39081011100","tract",2023,"education_score",110.04
"39081011200","tract",2023,"education_score",104.24
"39081011300","tract",2023,"education_score",92.71
"39081011401","tract",2023,"education_score",95.98
"39081011402","tract",2023,"education_score",105.15
"39081011500","tract",2023,"education_score",94.3
"39081011700","tract",2023,"education_score",98.15
"39081011800","tract",2023,"education_score",111.2
"39081011900","tract",2023,"education_score",102.76
"39081012000","tract",2023,"education_score",98.89
"39081012100","tract",2023,"education_score",97.62
"39081012200","tract",2023,"education_score",101.97
"39081012300","tract",2023,"education_score",104.12
"39081012400","tract",2023,"education_score",117.26
"39083006700","tract",2023,"education_score",119.41
"39083006801","tract",2023,"education_score",86.63
"39083006802","tract",2023,"education_score",132.21
"39083006900","tract",2023,"education_score",105.73
"39083007000","tract",2023,"education_score",90.46
"39083007100","tract",2023,"education_score",106.86
"39083007200","tract",2023,"education_score",106.15
"39083007301","tract",2023,"education_score",NA
"39083007302","tract",2023,"education_score",102.27
"39083007400","tract",2023,"education_score",112.97
"39083007500","tract",2023,"education_score",99.9
"39083007600","tract",2023,"education_score",106.11
"39083007701","tract",2023,"education_score",95.78
"39083007702","tract",2023,"education_score",95.02
"39085200100","tract",2023,"education_score",84.66
"39085200200","tract",2023,"education_score",98.08
"39085200300","tract",2023,"education_score",92.16
"39085200400","tract",2023,"education_score",95.7
"39085200500","tract",2023,"education_score",86.67
"39085200600","tract",2023,"education_score",91.39
"39085200700","tract",2023,"education_score",88.86
"39085200800","tract",2023,"education_score",104.38
"39085200900","tract",2023,"education_score",95.88
"39085201000","tract",2023,"education_score",86.08
"39085201101","tract",2023,"education_score",81.9
"39085201102","tract",2023,"education_score",76.04
"39085201200","tract",2023,"education_score",83.7
"39085201300","tract",2023,"education_score",83.93
"39085201400","tract",2023,"education_score",83.58
"39085201500","tract",2023,"education_score",77.85
"39085201600","tract",2023,"education_score",89.11
"39085201700","tract",2023,"education_score",91.71
"39085201800","tract",2023,"education_score",95.74
"39085201900","tract",2023,"education_score",93.7
"39085202000","tract",2023,"education_score",89.27
"39085202100","tract",2023,"education_score",102.72
"39085202400","tract",2023,"education_score",99.92
"39085202500","tract",2023,"education_score",91.04
"39085202600","tract",2023,"education_score",91.96
"39085202700","tract",2023,"education_score",82.79
"39085202800","tract",2023,"education_score",88.51
"39085202901","tract",2023,"education_score",86.46
"39085202902","tract",2023,"education_score",87.15
"39085203000","tract",2023,"education_score",91.25
"39085203200","tract",2023,"education_score",91.56
"39085203400","tract",2023,"education_score",84.56
"39085203500","tract",2023,"education_score",86.26
"39085203700","tract",2023,"education_score",91.06
"39085204000","tract",2023,"education_score",84.01
"39085204200","tract",2023,"education_score",139.02
"39085204303","tract",2023,"education_score",85.05
"39085204304","tract",2023,"education_score",113.13
"39085204400","tract",2023,"education_score",106.45
"39085204500","tract",2023,"education_score",129.21
"39085204700","tract",2023,"education_score",98.55
"39085204800","tract",2023,"education_score",106.17
"39085204900","tract",2023,"education_score",93.09
"39085205001","tract",2023,"education_score",84.56
"39085205002","tract",2023,"education_score",81.43
"39085205100","tract",2023,"education_score",74.28
"39085205200","tract",2023,"education_score",90.32
"39085205300","tract",2023,"education_score",89.96
"39085205400","tract",2023,"education_score",93.45
"39085205701","tract",2023,"education_score",106.23
"39085205702","tract",2023,"education_score",107.23
"39085205800","tract",2023,"education_score",81.12
"39085206100","tract",2023,"education_score",107.74
"39085206200","tract",2023,"education_score",84.77
"39085206300","tract",2023,"education_score",95.09
"39085206400","tract",2023,"education_score",86.46
"39085206500","tract",2023,"education_score",87.86
"39085206600","tract",2023,"education_score",93.37
"39085206700","tract",2023,"education_score",100.82
"39085990000","tract",2023,"education_score",NA
"39087050100","tract",2023,"education_score",110.46
"39087050200","tract",2023,"education_score",96.61
"39087050300","tract",2023,"education_score",112.73
"39087050400","tract",2023,"education_score",109.7
"39087050501","tract",2023,"education_score",105.12
"39087050502","tract",2023,"education_score",103.84
"39087050600","tract",2023,"education_score",110.75
"39087050700","tract",2023,"education_score",115.86
"39087050800","tract",2023,"education_score",108.81
"39087050900","tract",2023,"education_score",119.98
"39087051001","tract",2023,"education_score",96.13
"39087051002","tract",2023,"education_score",106.75
"39087051101","tract",2023,"education_score",100.43
"39087051102","tract",2023,"education_score",93.53
"39087051200","tract",2023,"education_score",97.68
"39087051300","tract",2023,"education_score",108.61
"39087051401","tract",2023,"education_score",92.96
"39087051402","tract",2023,"education_score",99.92
"39089750700","tract",2023,"education_score",101.23
"39089751000","tract",2023,"education_score",113.4
"39089751300","tract",2023,"education_score",106.55
"39089751600","tract",2023,"education_score",93.05
"39089751900","tract",2023,"education_score",110.93
"39089752200","tract",2023,"education_score",110.33
"39089752500","tract",2023,"education_score",117.9
"39089752801","tract",2023,"education_score",90.89
"39089752802","tract",2023,"education_score",95.32
"39089753100","tract",2023,"education_score",104.18
"39089753301","tract",2023,"education_score",96.46
"39089753302","tract",2023,"education_score",91.71
"39089753600","tract",2023,"education_score",94.43
"39089753900","tract",2023,"education_score",79.87
"39089754102","tract",2023,"education_score",86.85
"39089754103","tract",2023,"education_score",93.78
"39089754104","tract",2023,"education_score",86.4
"39089754400","tract",2023,"education_score",94.27
"39089754700","tract",2023,"education_score",104.17
"39089755000","tract",2023,"education_score",93.68
"39089755301","tract",2023,"education_score",91.72
"39089755302","tract",2023,"education_score",88.11
"39089755601","tract",2023,"education_score",75.43
"39089755602","tract",2023,"education_score",81.82
"39089755901","tract",2023,"education_score",99.67
"39089755902","tract",2023,"education_score",97.28
"39089756201","tract",2023,"education_score",94.4
"39089756203","tract",2023,"education_score",83.95
"39089756204","tract",2023,"education_score",102.18
"39089756500","tract",2023,"education_score",97.92
"39089756801","tract",2023,"education_score",94.01
"39089756802","tract",2023,"education_score",101.77
"39089756803","tract",2023,"education_score",90.06
"39089757100","tract",2023,"education_score",91.39
"39089757401","tract",2023,"education_score",94.68
"39089757402","tract",2023,"education_score",97.16
"39089757701","tract",2023,"education_score",93.64
"39089757702","tract",2023,"education_score",87.77
"39089758300","tract",2023,"education_score",100.37
"39089758601","tract",2023,"education_score",86.52
"39089758602","tract",2023,"education_score",93.98
"39089758901","tract",2023,"education_score",104.81
"39089758902","tract",2023,"education_score",89.49
"39089759000","tract",2023,"education_score",116.29
"39089759101","tract",2023,"education_score",97.71
"39089759102","tract",2023,"education_score",85.74
"39091003800","tract",2023,"education_score",100.16
"39091003900","tract",2023,"education_score",104.21
"39091004000","tract",2023,"education_score",107.47
"39091004100","tract",2023,"education_score",92.25
"39091004200","tract",2023,"education_score",101.68
"39091004300","tract",2023,"education_score",106.69
"39091004400","tract",2023,"education_score",110.07
"39091004500","tract",2023,"education_score",108.64
"39091004600","tract",2023,"education_score",98.2
"39091004700","tract",2023,"education_score",82.14
"39091004800","tract",2023,"education_score",101.16
"39093010200","tract",2023,"education_score",90.76
"39093010300","tract",2023,"education_score",83.77
"39093010400","tract",2023,"education_score",85.72
"39093013101","tract",2023,"education_score",84.16
"39093013102","tract",2023,"education_score",77.77
"39093013201","tract",2023,"education_score",82.31
"39093013202","tract",2023,"education_score",85.74
"39093021100","tract",2023,"education_score",89.18
"39093021200","tract",2023,"education_score",102.4
"39093022100","tract",2023,"education_score",95.29
"39093022200","tract",2023,"education_score",99.08
"39093022400","tract",2023,"education_score",118.07
"39093022500","tract",2023,"education_score",91.61
"39093022601","tract",2023,"education_score",106
"39093022800","tract",2023,"education_score",127.44
"39093023000","tract",2023,"education_score",105.04
"39093023100","tract",2023,"education_score",126.39
"39093023200","tract",2023,"education_score",123.89
"39093023300","tract",2023,"education_score",136.91
"39093023400","tract",2023,"education_score",114.85
"39093023500","tract",2023,"education_score",117.61
"39093023600","tract",2023,"education_score",121.68
"39093023900","tract",2023,"education_score",114.3
"39093024000","tract",2023,"education_score",113.27
"39093024100","tract",2023,"education_score",103.59
"39093024200","tract",2023,"education_score",112.09
"39093028100","tract",2023,"education_score",89.64
"39093030101","tract",2023,"education_score",88.94
"39093030102","tract",2023,"education_score",89.29
"39093050100","tract",2023,"education_score",92.75
"39093050200","tract",2023,"education_score",101.61
"39093050301","tract",2023,"education_score",86.67
"39093050302","tract",2023,"education_score",86.6
"39093050400","tract",2023,"education_score",98.71
"39093057100","tract",2023,"education_score",97.15
"39093060100","tract",2023,"education_score",95.72
"39093060200","tract",2023,"education_score",NA
"39093070101","tract",2023,"education_score",85.85
"39093070102","tract",2023,"education_score",104.62
"39093070200","tract",2023,"education_score",90.74
"39093070300","tract",2023,"education_score",93.73
"39093070400","tract",2023,"education_score",117.41
"39093070500","tract",2023,"education_score",115.61
"39093070600","tract",2023,"education_score",101.06
"39093070700","tract",2023,"education_score",102.32
"39093070901","tract",2023,"education_score",138.73
"39093070902","tract",2023,"education_score",96.86
"39093071100","tract",2023,"education_score",94.92
"39093071201","tract",2023,"education_score",115.94
"39093071202","tract",2023,"education_score",94.81
"39093071300","tract",2023,"education_score",120.73
"39093071400","tract",2023,"education_score",135.54
"39093071500","tract",2023,"education_score",109.63
"39093077100","tract",2023,"education_score",101.18
"39093080101","tract",2023,"education_score",90.86
"39093080103","tract",2023,"education_score",100.4
"39093080104","tract",2023,"education_score",95.66
"39093080500","tract",2023,"education_score",81.34
"39093080600","tract",2023,"education_score",96.46
"39093080701","tract",2023,"education_score",83.76
"39093080702","tract",2023,"education_score",83.21
"39093090100","tract",2023,"education_score",82.39
"39093090200","tract",2023,"education_score",95.77
"39093091100","tract",2023,"education_score",97.33
"39093091200","tract",2023,"education_score",102.21
"39093092100","tract",2023,"education_score",91.97
"39093093100","tract",2023,"education_score",100.61
"39093094101","tract",2023,"education_score",99.95
"39093094102","tract",2023,"education_score",95.16
"39093095100","tract",2023,"education_score",104.14
"39093096100","tract",2023,"education_score",104.36
"39093097100","tract",2023,"education_score",99.22
"39093097201","tract",2023,"education_score",102.29
"39093097202","tract",2023,"education_score",92.08
"39093097300","tract",2023,"education_score",143.92
"39093097401","tract",2023,"education_score",81.76
"39093097402","tract",2023,"education_score",79.05
"39093097500","tract",2023,"education_score",112.25
"39093097600","tract",2023,"education_score",120.68
"39093990200","tract",2023,"education_score",NA
"39095000201","tract",2023,"education_score",120.44
"39095000202","tract",2023,"education_score",110.85
"39095000301","tract",2023,"education_score",90.31
"39095000302","tract",2023,"education_score",112.14
"39095000400","tract",2023,"education_score",101.41
"39095000601","tract",2023,"education_score",107.24
"39095000602","tract",2023,"education_score",102.47
"39095000701","tract",2023,"education_score",129.13
"39095000702","tract",2023,"education_score",91.61
"39095000703","tract",2023,"education_score",91.66
"39095000800","tract",2023,"education_score",134.62
"39095000900","tract",2023,"education_score",109.59
"39095001001","tract",2023,"education_score",164.77
"39095001002","tract",2023,"education_score",129.06
"39095001100","tract",2023,"education_score",121.4
"39095001201","tract",2023,"education_score",106.19
"39095001202","tract",2023,"education_score",126.35
"39095001301","tract",2023,"education_score",68.48
"39095001302","tract",2023,"education_score",100.76
"39095001303","tract",2023,"education_score",95.38
"39095001400","tract",2023,"education_score",100.94
"39095001500","tract",2023,"education_score",131.03
"39095001601","tract",2023,"education_score",102.73
"39095001602","tract",2023,"education_score",93.81
"39095001700","tract",2023,"education_score",130.84
"39095001800","tract",2023,"education_score",136.62
"39095001900","tract",2023,"education_score",104.18
"39095002000","tract",2023,"education_score",147.06
"39095002100","tract",2023,"education_score",103.68
"39095002401","tract",2023,"education_score",114.7
"39095002402","tract",2023,"education_score",101.97
"39095002500","tract",2023,"education_score",112.57
"39095002600","tract",2023,"education_score",128.82
"39095002700","tract",2023,"education_score",86.53
"39095002800","tract",2023,"education_score",97.66
"39095002900","tract",2023,"education_score",119.21
"39095003000","tract",2023,"education_score",124.79
"39095003100","tract",2023,"education_score",106.87
"39095003200","tract",2023,"education_score",107.21
"39095003300","tract",2023,"education_score",129.27
"39095003500","tract",2023,"education_score",119.03
"39095003600","tract",2023,"education_score",106.54
"39095003901","tract",2023,"education_score",105.95
"39095003902","tract",2023,"education_score",107.83
"39095004000","tract",2023,"education_score",122.08
"39095004200","tract",2023,"education_score",155.73
"39095004401","tract",2023,"education_score",98.09
"39095004402","tract",2023,"education_score",115.19
"39095004501","tract",2023,"education_score",88.57
"39095004503","tract",2023,"education_score",102.96
"39095004504","tract",2023,"education_score",81.78
"39095004600","tract",2023,"education_score",121.61
"39095004701","tract",2023,"education_score",107.95
"39095004702","tract",2023,"education_score",132.55
"39095004800","tract",2023,"education_score",131.41
"39095004900","tract",2023,"education_score",142.44
"39095005000","tract",2023,"education_score",103.45
"39095005101","tract",2023,"education_score",127.64
"39095005102","tract",2023,"education_score",108.46
"39095005200","tract",2023,"education_score",113.2
"39095005300","tract",2023,"education_score",124.33
"39095005400","tract",2023,"education_score",117.55
"39095005501","tract",2023,"education_score",97.2
"39095005502","tract",2023,"education_score",96.75
"39095005503","tract",2023,"education_score",97.88
"39095005601","tract",2023,"education_score",87.59
"39095005602","tract",2023,"education_score",126.95
"39095005701","tract",2023,"education_score",107.21
"39095005703","tract",2023,"education_score",104.89
"39095005704","tract",2023,"education_score",100.87
"39095005705","tract",2023,"education_score",111.98
"39095005801","tract",2023,"education_score",104.53
"39095005803","tract",2023,"education_score",103.76
"39095005804","tract",2023,"education_score",111.87
"39095005901","tract",2023,"education_score",97.28
"39095005902","tract",2023,"education_score",105.57
"39095006000","tract",2023,"education_score",98.58
"39095006100","tract",2023,"education_score",96.19
"39095006200","tract",2023,"education_score",95.79
"39095006300","tract",2023,"education_score",78.62
"39095006400","tract",2023,"education_score",92.29
"39095006500","tract",2023,"education_score",86.5
"39095006600","tract",2023,"education_score",110.91
"39095006700","tract",2023,"education_score",106.67
"39095006801","tract",2023,"education_score",123.65
"39095006802","tract",2023,"education_score",109.69
"39095006900","tract",2023,"education_score",94.25
"39095007002","tract",2023,"education_score",89.73
"39095007003","tract",2023,"education_score",95.69
"39095007004","tract",2023,"education_score",92.75
"39095007102","tract",2023,"education_score",81.05
"39095007103","tract",2023,"education_score",84.02
"39095007104","tract",2023,"education_score",90.02
"39095007202","tract",2023,"education_score",90.93
"39095007204","tract",2023,"education_score",88.72
"39095007206","tract",2023,"education_score",84.83
"39095007207","tract",2023,"education_score",102.26
"39095007208","tract",2023,"education_score",87.54
"39095007209","tract",2023,"education_score",87.96
"39095007302","tract",2023,"education_score",108.07
"39095007304","tract",2023,"education_score",107.56
"39095007305","tract",2023,"education_score",121.48
"39095007306","tract",2023,"education_score",106.11
"39095007307","tract",2023,"education_score",110.26
"39095007401","tract",2023,"education_score",96.7
"39095007402","tract",2023,"education_score",100.04
"39095007501","tract",2023,"education_score",88.83
"39095007502","tract",2023,"education_score",88.88
"39095007600","tract",2023,"education_score",80.63
"39095007700","tract",2023,"education_score",106.47
"39095007801","tract",2023,"education_score",95.55
"39095007802","tract",2023,"education_score",85.13
"39095007901","tract",2023,"education_score",101.1
"39095007903","tract",2023,"education_score",110.55
"39095007904","tract",2023,"education_score",89.51
"39095008000","tract",2023,"education_score",90
"39095008100","tract",2023,"education_score",86.39
"39095008204","tract",2023,"education_score",91.67
"39095008205","tract",2023,"education_score",85.96
"39095008206","tract",2023,"education_score",84.23
"39095008207","tract",2023,"education_score",77.61
"39095008208","tract",2023,"education_score",78.4
"39095008209","tract",2023,"education_score",86.95
"39095008210","tract",2023,"education_score",102.62
"39095008302","tract",2023,"education_score",85.26
"39095008303","tract",2023,"education_score",91.92
"39095008304","tract",2023,"education_score",80.5
"39095008401","tract",2023,"education_score",90.91
"39095008402","tract",2023,"education_score",89.18
"39095008501","tract",2023,"education_score",88.25
"39095008502","tract",2023,"education_score",97.45
"39095008601","tract",2023,"education_score",90.34
"39095008602","tract",2023,"education_score",106.39
"39095008701","tract",2023,"education_score",95.34
"39095008702","tract",2023,"education_score",107.79
"39095008703","tract",2023,"education_score",102.37
"39095008801","tract",2023,"education_score",92.04
"39095008802","tract",2023,"education_score",96.6
"39095008903","tract",2023,"education_score",80.21
"39095008904","tract",2023,"education_score",95.7
"39095008905","tract",2023,"education_score",87.99
"39095008906","tract",2023,"education_score",86.42
"39095009001","tract",2023,"education_score",82.95
"39095009002","tract",2023,"education_score",97.24
"39095009003","tract",2023,"education_score",74.86
"39095009101","tract",2023,"education_score",78.17
"39095009103","tract",2023,"education_score",91.01
"39095009104","tract",2023,"education_score",105.46
"39095009203","tract",2023,"education_score",79.05
"39095009204","tract",2023,"education_score",84.22
"39095009205","tract",2023,"education_score",82.73
"39095009206","tract",2023,"education_score",78.75
"39095009300","tract",2023,"education_score",95.61
"39095009400","tract",2023,"education_score",132.76
"39095009500","tract",2023,"education_score",95.06
"39095009600","tract",2023,"education_score",98.54
"39095009700","tract",2023,"education_score",87.72
"39095009800","tract",2023,"education_score",98.4
"39095009901","tract",2023,"education_score",92.49
"39095009902","tract",2023,"education_score",113.34
"39095010001","tract",2023,"education_score",97.89
"39095010002","tract",2023,"education_score",100.05
"39095010100","tract",2023,"education_score",102.73
"39095010200","tract",2023,"education_score",97.72
"39095010300","tract",2023,"education_score",119.8
"39095010400","tract",2023,"education_score",NA
"39095010500","tract",2023,"education_score",136.21
"39095010600","tract",2023,"education_score",109.04
"39095990000","tract",2023,"education_score",NA
"39097040101","tract",2023,"education_score",97.44
"39097040102","tract",2023,"education_score",89.62
"39097040201","tract",2023,"education_score",90.3
"39097040202","tract",2023,"education_score",112.43
"39097040400","tract",2023,"education_score",96.89
"39097040500","tract",2023,"education_score",99.91
"39097040600","tract",2023,"education_score",97.47
"39097040700","tract",2023,"education_score",109.38
"39097041000","tract",2023,"education_score",NA
"39097041100","tract",2023,"education_score",101.68
"39097041200","tract",2023,"education_score",105.88
"39097041300","tract",2023,"education_score",106.18
"39099800501","tract",2023,"education_score",134.86
"39099800502","tract",2023,"education_score",NA
"39099800600","tract",2023,"education_score",129.63
"39099801000","tract",2023,"education_score",107.94
"39099801100","tract",2023,"education_score",127.03
"39099801200","tract",2023,"education_score",132.24
"39099801300","tract",2023,"education_score",111.34
"39099801400","tract",2023,"education_score",97.99
"39099801500","tract",2023,"education_score",102.8
"39099801600","tract",2023,"education_score",139.1
"39099801700","tract",2023,"education_score",134.6
"39099802100","tract",2023,"education_score",126.56
"39099802300","tract",2023,"education_score",121
"39099802400","tract",2023,"education_score",107.85
"39099802500","tract",2023,"education_score",104.07
"39099802600","tract",2023,"education_score",102.38
"39099802701","tract",2023,"education_score",90.46
"39099802702","tract",2023,"education_score",101.95
"39099802800","tract",2023,"education_score",123.19
"39099802900","tract",2023,"education_score",125.94
"39099803000","tract",2023,"education_score",102.16
"39099804000","tract",2023,"education_score",NA
"39099804100","tract",2023,"education_score",108.16
"39099804200","tract",2023,"education_score",99.49
"39099804300","tract",2023,"education_score",131.56
"39099810100","tract",2023,"education_score",104.79
"39099810200","tract",2023,"education_score",120.8
"39099810300","tract",2023,"education_score",126.18
"39099810600","tract",2023,"education_score",99.5
"39099810700","tract",2023,"education_score",95.02
"39099810800","tract",2023,"education_score",102.9
"39099810900","tract",2023,"education_score",96.9
"39099811001","tract",2023,"education_score",88.05
"39099811002","tract",2023,"education_score",90.75
"39099811100","tract",2023,"education_score",91.64
"39099811200","tract",2023,"education_score",82.67
"39099811301","tract",2023,"education_score",106.27
"39099811302","tract",2023,"education_score",118.98
"39099811400","tract",2023,"education_score",93.09
"39099811500","tract",2023,"education_score",87.89
"39099811600","tract",2023,"education_score",84.28
"39099811700","tract",2023,"education_score",91.94
"39099811800","tract",2023,"education_score",105.07
"39099811901","tract",2023,"education_score",87.87
"39099811902","tract",2023,"education_score",78.76
"39099812001","tract",2023,"education_score",95.29
"39099812002","tract",2023,"education_score",98.44
"39099812101","tract",2023,"education_score",95.24
"39099812102","tract",2023,"education_score",87.45
"39099812200","tract",2023,"education_score",89.02
"39099812301","tract",2023,"education_score",95.76
"39099812302","tract",2023,"education_score",88.28
"39099812400","tract",2023,"education_score",115.98
"39099812500","tract",2023,"education_score",94.62
"39099812601","tract",2023,"education_score",103.73
"39099812602","tract",2023,"education_score",90.57
"39099812604","tract",2023,"education_score",87.07
"39099812605","tract",2023,"education_score",91.69
"39099812700","tract",2023,"education_score",106.02
"39099812800","tract",2023,"education_score",107.67
"39099812900","tract",2023,"education_score",99.49
"39099813000","tract",2023,"education_score",97.82
"39099813200","tract",2023,"education_score",96.35
"39099813300","tract",2023,"education_score",102.37
"39099813400","tract",2023,"education_score",98.08
"39099813501","tract",2023,"education_score",92.88
"39099813502","tract",2023,"education_score",87.36
"39099813601","tract",2023,"education_score",94.54
"39099813602","tract",2023,"education_score",96.87
"39099813700","tract",2023,"education_score",117.05
"39099813800","tract",2023,"education_score",119.07
"39099813900","tract",2023,"education_score",99.29
"39099814000","tract",2023,"education_score",142.54
"39099814100","tract",2023,"education_score",118.24
"39099814200","tract",2023,"education_score",99.3
"39101000100","tract",2023,"education_score",90.81
"39101000200","tract",2023,"education_score",110.34
"39101000300","tract",2023,"education_score",117.28
"39101000400","tract",2023,"education_score",117
"39101000501","tract",2023,"education_score",129.85
"39101000502","tract",2023,"education_score",97.97
"39101000600","tract",2023,"education_score",93.5
"39101000700","tract",2023,"education_score",101.59
"39101000800","tract",2023,"education_score",110.88
"39101000900","tract",2023,"education_score",121.5
"39101001000","tract",2023,"education_score",99.94
"39101001100","tract",2023,"education_score",103.84
"39101010100","tract",2023,"education_score",109.32
"39101010201","tract",2023,"education_score",98.4
"39101010202","tract",2023,"education_score",NA
"39101010300","tract",2023,"education_score",107.23
"39101010400","tract",2023,"education_score",100.83
"39101010500","tract",2023,"education_score",99.09
"39103400100","tract",2023,"education_score",95.41
"39103402000","tract",2023,"education_score",79.27
"39103403001","tract",2023,"education_score",92.24
"39103403002","tract",2023,"education_score",91.95
"39103404000","tract",2023,"education_score",79.98
"39103405000","tract",2023,"education_score",81.73
"39103406000","tract",2023,"education_score",86.14
"39103407000","tract",2023,"education_score",82.67
"39103408001","tract",2023,"education_score",92.99
"39103408002","tract",2023,"education_score",75.07
"39103408003","tract",2023,"education_score",92.05
"39103408101","tract",2023,"education_score",97.13
"39103408102","tract",2023,"education_score",88.56
"39103408201","tract",2023,"education_score",92.4
"39103408202","tract",2023,"education_score",83.03
"39103408301","tract",2023,"education_score",85.02
"39103408303","tract",2023,"education_score",92.74
"39103408304","tract",2023,"education_score",84.57
"39103408305","tract",2023,"education_score",82.55
"39103409001","tract",2023,"education_score",98.98
"39103409002","tract",2023,"education_score",101.06
"39103410000","tract",2023,"education_score",110.53
"39103411001","tract",2023,"education_score",101.41
"39103411002","tract",2023,"education_score",106.83
"39103412000","tract",2023,"education_score",92.34
"39103413000","tract",2023,"education_score",98.98
"39103415100","tract",2023,"education_score",93.56
"39103415200","tract",2023,"education_score",93.61
"39103415300","tract",2023,"education_score",95.69
"39103415400","tract",2023,"education_score",91.29
"39103415801","tract",2023,"education_score",90.62
"39103415802","tract",2023,"education_score",102.06
"39103416000","tract",2023,"education_score",95.29
"39103416100","tract",2023,"education_score",92.89
"39103416200","tract",2023,"education_score",108.55
"39103416300","tract",2023,"education_score",96.14
"39103416400","tract",2023,"education_score",97.32
"39103417001","tract",2023,"education_score",86.25
"39103417002","tract",2023,"education_score",90.04
"39103417100","tract",2023,"education_score",92.54
"39103417200","tract",2023,"education_score",89.27
"39103417300","tract",2023,"education_score",94.27
"39105964100","tract",2023,"education_score",106.46
"39105964200","tract",2023,"education_score",101
"39105964300","tract",2023,"education_score",110.18
"39105964400","tract",2023,"education_score",113.87
"39105964500","tract",2023,"education_score",105.75
"39105964600","tract",2023,"education_score",100.3
"39107967200","tract",2023,"education_score",98.66
"39107967300","tract",2023,"education_score",101.45
"39107967400","tract",2023,"education_score",109
"39107967500","tract",2023,"education_score",94.32
"39107967600","tract",2023,"education_score",94.81
"39107967700","tract",2023,"education_score",104.69
"39107967800","tract",2023,"education_score",80.43
"39107967900","tract",2023,"education_score",99.65
"39107968000","tract",2023,"education_score",109.8
"39109300100","tract",2023,"education_score",101.74
"39109315001","tract",2023,"education_score",92.85
"39109315002","tract",2023,"education_score",96.22
"39109315100","tract",2023,"education_score",114.66
"39109315300","tract",2023,"education_score",108
"39109320100","tract",2023,"education_score",100.7
"39109325000","tract",2023,"education_score",103.33
"39109330100","tract",2023,"education_score",105.79
"39109340100","tract",2023,"education_score",102.23
"39109345000","tract",2023,"education_score",108.15
"39109350101","tract",2023,"education_score",94.77
"39109350102","tract",2023,"education_score",83.47
"39109355001","tract",2023,"education_score",92.64
"39109355002","tract",2023,"education_score",83.42
"39109365001","tract",2023,"education_score",83.61
"39109365002","tract",2023,"education_score",97.43
"39109365101","tract",2023,"education_score",94.96
"39109365102","tract",2023,"education_score",102.78
"39109365200","tract",2023,"education_score",105.5
"39109365301","tract",2023,"education_score",96.54
"39109365302","tract",2023,"education_score",91.22
"39109380100","tract",2023,"education_score",90.6
"39109390100","tract",2023,"education_score",101.38
"39111966600","tract",2023,"education_score",98.18
"39111966700","tract",2023,"education_score",117.39
"39111966800","tract",2023,"education_score",106.53
"39111966900","tract",2023,"education_score",106.76
"39113000100","tract",2023,"education_score",112.78
"39113000200","tract",2023,"education_score",113.08
"39113000300","tract",2023,"education_score",114.66
"39113000400","tract",2023,"education_score",114.69
"39113000500","tract",2023,"education_score",98.95
"39113000600","tract",2023,"education_score",89.74
"39113000700","tract",2023,"education_score",97.26
"39113000801","tract",2023,"education_score",100.66
"39113000802","tract",2023,"education_score",105.01
"39113000900","tract",2023,"education_score",109.05
"39113001000","tract",2023,"education_score",94.81
"39113001100","tract",2023,"education_score",101.4
"39113001200","tract",2023,"education_score",115.74
"39113001501","tract",2023,"education_score",83.49
"39113001600","tract",2023,"education_score",98.58
"39113001700","tract",2023,"education_score",116.18
"39113001801","tract",2023,"education_score",111.66
"39113001802","tract",2023,"education_score",132.79
"39113001900","tract",2023,"education_score",113.11
"39113002000","tract",2023,"education_score",127.78
"39113002200","tract",2023,"education_score",120.67
"39113002300","tract",2023,"education_score",129.21
"39113002400","tract",2023,"education_score",125.3
"39113002500","tract",2023,"education_score",125.04
"39113002600","tract",2023,"education_score",103.55
"39113002700","tract",2023,"education_score",92.36
"39113002800","tract",2023,"education_score",89.4
"39113002900","tract",2023,"education_score",93.23
"39113003000","tract",2023,"education_score",85.8
"39113003100","tract",2023,"education_score",83.25
"39113003201","tract",2023,"education_score",89.65
"39113003300","tract",2023,"education_score",105.09
"39113003402","tract",2023,"education_score",NA
"39113003403","tract",2023,"education_score",NA
"39113003404","tract",2023,"education_score",83.63
"39113003500","tract",2023,"education_score",108.09
"39113003800","tract",2023,"education_score",118.12
"39113003900","tract",2023,"education_score",109.56
"39113004100","tract",2023,"education_score",129.09
"39113004200","tract",2023,"education_score",102.37
"39113004300","tract",2023,"education_score",141.76
"39113004400","tract",2023,"education_score",116.24
"39113004600","tract",2023,"education_score",NA
"39113010100","tract",2023,"education_score",89.71
"39113010200","tract",2023,"education_score",87.88
"39113020100","tract",2023,"education_score",83.43
"39113020200","tract",2023,"education_score",93.91
"39113020300","tract",2023,"education_score",79.98
"39113020400","tract",2023,"education_score",99.37
"39113020500","tract",2023,"education_score",93.5
"39113020601","tract",2023,"education_score",83.76
"39113020602","tract",2023,"education_score",74.81
"39113020700","tract",2023,"education_score",83.38
"39113020800","tract",2023,"education_score",78.78
"39113020900","tract",2023,"education_score",82.71
"39113021000","tract",2023,"education_score",91.54
"39113021100","tract",2023,"education_score",110.17
"39113021200","tract",2023,"education_score",101.91
"39113021301","tract",2023,"education_score",104.49
"39113021302","tract",2023,"education_score",100.51
"39113021400","tract",2023,"education_score",90.38
"39113021501","tract",2023,"education_score",92.35
"39113021502","tract",2023,"education_score",100.38
"39113021601","tract",2023,"education_score",91.23
"39113021602","tract",2023,"education_score",87.88
"39113021700","tract",2023,"education_score",91
"39113021800","tract",2023,"education_score",97.57
"39113021900","tract",2023,"education_score",85.07
"39113030100","tract",2023,"education_score",117.89
"39113030200","tract",2023,"education_score",111.73
"39113040101","tract",2023,"education_score",78.66
"39113040102","tract",2023,"education_score",76.43
"39113040103","tract",2023,"education_score",77.9
"39113040201","tract",2023,"education_score",73.78
"39113040203","tract",2023,"education_score",90.53
"39113040204","tract",2023,"education_score",79.42
"39113040302","tract",2023,"education_score",89.3
"39113040303","tract",2023,"education_score",84.86
"39113040305","tract",2023,"education_score",84.21
"39113040306","tract",2023,"education_score",77.11
"39113040401","tract",2023,"education_score",86.42
"39113040403","tract",2023,"education_score",79.91
"39113040405","tract",2023,"education_score",101.17
"39113040406","tract",2023,"education_score",75.73
"39113050101","tract",2023,"education_score",90.27
"39113050104","tract",2023,"education_score",83.97
"39113050105","tract",2023,"education_score",82.79
"39113050106","tract",2023,"education_score",83.35
"39113050107","tract",2023,"education_score",89.25
"39113050301","tract",2023,"education_score",107.74
"39113050302","tract",2023,"education_score",99.32
"39113050303","tract",2023,"education_score",92.22
"39113050401","tract",2023,"education_score",93.36
"39113050402","tract",2023,"education_score",103.29
"39113050502","tract",2023,"education_score",89.9
"39113050503","tract",2023,"education_score",97.44
"39113050504","tract",2023,"education_score",91.38
"39113050600","tract",2023,"education_score",110.43
"39113060100","tract",2023,"education_score",82.29
"39113060200","tract",2023,"education_score",146.89
"39113060300","tract",2023,"education_score",107.39
"39113070101","tract",2023,"education_score",104.81
"39113070102","tract",2023,"education_score",92.21
"39113070201","tract",2023,"education_score",129.02
"39113070202","tract",2023,"education_score",111.42
"39113070300","tract",2023,"education_score",114.15
"39113070400","tract",2023,"education_score",98.01
"39113070500","tract",2023,"education_score",102.45
"39113070600","tract",2023,"education_score",103.14
"39113070700","tract",2023,"education_score",103.98
"39113080100","tract",2023,"education_score",95.38
"39113080200","tract",2023,"education_score",86.13
"39113080300","tract",2023,"education_score",77.4
"39113080400","tract",2023,"education_score",106.45
"39113080500","tract",2023,"education_score",116.45
"39113080600","tract",2023,"education_score",102.96
"39113080700","tract",2023,"education_score",129.74
"39113090302","tract",2023,"education_score",101.11
"39113090303","tract",2023,"education_score",93.32
"39113090304","tract",2023,"education_score",95
"39113090600","tract",2023,"education_score",108.71
"39113090700","tract",2023,"education_score",101.17
"39113090800","tract",2023,"education_score",96.46
"39113090900","tract",2023,"education_score",111.28
"39113091000","tract",2023,"education_score",105.99
"39113091100","tract",2023,"education_score",85.06
"39113100101","tract",2023,"education_score",99.75
"39113100102","tract",2023,"education_score",91.04
"39113100201","tract",2023,"education_score",107.62
"39113100202","tract",2023,"education_score",100.72
"39113100203","tract",2023,"education_score",105.36
"39113100301","tract",2023,"education_score",105.35
"39113100302","tract",2023,"education_score",115.47
"39113100400","tract",2023,"education_score",102.88
"39113110100","tract",2023,"education_score",82.83
"39113110201","tract",2023,"education_score",85.54
"39113110202","tract",2023,"education_score",93.93
"39113115002","tract",2023,"education_score",104.42
"39113115011","tract",2023,"education_score",95.11
"39113115012","tract",2023,"education_score",88.13
"39113120101","tract",2023,"education_score",83.94
"39113120102","tract",2023,"education_score",89.22
"39113120103","tract",2023,"education_score",96.74
"39113125000","tract",2023,"education_score",91.9
"39113125102","tract",2023,"education_score",90.65
"39113125103","tract",2023,"education_score",86.74
"39113125104","tract",2023,"education_score",90.59
"39113130101","tract",2023,"education_score",89.33
"39113130102","tract",2023,"education_score",100.36
"39113140100","tract",2023,"education_score",94.29
"39113150100","tract",2023,"education_score",103.73
"39113160100","tract",2023,"education_score",97.52
"39113165000","tract",2023,"education_score",99.32
"39113165100","tract",2023,"education_score",123.06
"39113165200","tract",2023,"education_score",85.09
"39113980000","tract",2023,"education_score",NA
"39115968800","tract",2023,"education_score",99.42
"39115968900","tract",2023,"education_score",102.63
"39115969000","tract",2023,"education_score",110.55
"39115969100","tract",2023,"education_score",109.49
"39117965000","tract",2023,"education_score",93.51
"39117965100","tract",2023,"education_score",109.67
"39117965201","tract",2023,"education_score",107.14
"39117965202","tract",2023,"education_score",108.58
"39117965300","tract",2023,"education_score",98.02
"39117965401","tract",2023,"education_score",98.72
"39117965402","tract",2023,"education_score",106.09
"39117965501","tract",2023,"education_score",93.15
"39117965502","tract",2023,"education_score",91.53
"39119911000","tract",2023,"education_score",106.23
"39119911100","tract",2023,"education_score",97.07
"39119911201","tract",2023,"education_score",97.11
"39119911202","tract",2023,"education_score",96.63
"39119911300","tract",2023,"education_score",94.69
"39119911400","tract",2023,"education_score",123.79
"39119911500","tract",2023,"education_score",94.05
"39119911601","tract",2023,"education_score",92.44
"39119911602","tract",2023,"education_score",92.49
"39119911700","tract",2023,"education_score",111.46
"39119911800","tract",2023,"education_score",106.26
"39119911900","tract",2023,"education_score",120.08
"39119912000","tract",2023,"education_score",105.35
"39119912100","tract",2023,"education_score",112.14
"39119912200","tract",2023,"education_score",117.39
"39119912300","tract",2023,"education_score",103.33
"39119912400","tract",2023,"education_score",113.82
"39119912500","tract",2023,"education_score",109.07
"39119912600","tract",2023,"education_score",95.15
"39119912700","tract",2023,"education_score",91.48
"39119912800","tract",2023,"education_score",98.88
"39121968300","tract",2023,"education_score",110.46
"39121968401","tract",2023,"education_score",95.49
"39121968402","tract",2023,"education_score",NA
"39121968500","tract",2023,"education_score",105.1
"39123050100","tract",2023,"education_score",83.48
"39123050201","tract",2023,"education_score",77.6
"39123050202","tract",2023,"education_score",77.06
"39123050301","tract",2023,"education_score",91.93
"39123050302","tract",2023,"education_score",90.51
"39123050500","tract",2023,"education_score",110.46
"39123050600","tract",2023,"education_score",107.16
"39123050700","tract",2023,"education_score",91.78
"39123050800","tract",2023,"education_score",90.4
"39123050900","tract",2023,"education_score",92.4
"39123051000","tract",2023,"education_score",96.85
"39123051100","tract",2023,"education_score",89.85
"39123051201","tract",2023,"education_score",87.3
"39123051202","tract",2023,"education_score",100.57
"39123051203","tract",2023,"education_score",86.66
"39125960100","tract",2023,"education_score",102.37
"39125960200","tract",2023,"education_score",103.63
"39125960300","tract",2023,"education_score",104.92
"39125960400","tract",2023,"education_score",108.16
"39125960500","tract",2023,"education_score",109.36
"39127965801","tract",2023,"education_score",103.56
"39127965802","tract",2023,"education_score",87.47
"39127965901","tract",2023,"education_score",105.54
"39127965902","tract",2023,"education_score",104.75
"39127966000","tract",2023,"education_score",109.3
"39127966100","tract",2023,"education_score",103.74
"39127966200","tract",2023,"education_score",111.99
"39127966301","tract",2023,"education_score",115.54
"39127966302","tract",2023,"education_score",119.92
"39129020100","tract",2023,"education_score",116.36
"39129020200","tract",2023,"education_score",114.69
"39129020310","tract",2023,"education_score",97.67
"39129020320","tract",2023,"education_score",101.28
"39129020400","tract",2023,"education_score",112.31
"39129021101","tract",2023,"education_score",93.09
"39129021102","tract",2023,"education_score",94.95
"39129021201","tract",2023,"education_score",100.42
"39129021202","tract",2023,"education_score",120.33
"39129021300","tract",2023,"education_score",NA
"39129021401","tract",2023,"education_score",94.99
"39129021403","tract",2023,"education_score",97.26
"39129021404","tract",2023,"education_score",99.82
"39129021500","tract",2023,"education_score",105.79
"39129021600","tract",2023,"education_score",96.48
"39129021700","tract",2023,"education_score",98.98
"39131952200","tract",2023,"education_score",115.11
"39131952300","tract",2023,"education_score",102.93
"39131952400","tract",2023,"education_score",110.51
"39131952500","tract",2023,"education_score",103.66
"39131952601","tract",2023,"education_score",104.55
"39131952602","tract",2023,"education_score",99.91
"39131952700","tract",2023,"education_score",113.73
"39133600102","tract",2023,"education_score",97.92
"39133600103","tract",2023,"education_score",121.45
"39133600200","tract",2023,"education_score",97.33
"39133600302","tract",2023,"education_score",82.32
"39133600303","tract",2023,"education_score",77.46
"39133600304","tract",2023,"education_score",83.74
"39133600401","tract",2023,"education_score",81.89
"39133600402","tract",2023,"education_score",91.29
"39133600403","tract",2023,"education_score",98.15
"39133600500","tract",2023,"education_score",91.34
"39133600602","tract",2023,"education_score",101.74
"39133600603","tract",2023,"education_score",113.75
"39133600703","tract",2023,"education_score",97.64
"39133600704","tract",2023,"education_score",97.62
"39133600705","tract",2023,"education_score",98.59
"39133600706","tract",2023,"education_score",92.44
"39133600800","tract",2023,"education_score",93.85
"39133600901","tract",2023,"education_score",111.52
"39133600902","tract",2023,"education_score",103.23
"39133601000","tract",2023,"education_score",99.86
"39133601100","tract",2023,"education_score",92.28
"39133601200","tract",2023,"education_score",88.17
"39133601300","tract",2023,"education_score",87.83
"39133601400","tract",2023,"education_score",94.51
"39133601501","tract",2023,"education_score",85.42
"39133601502","tract",2023,"education_score",NA
"39133601503","tract",2023,"education_score",102.54
"39133601600","tract",2023,"education_score",90.16
"39133601702","tract",2023,"education_score",93.05
"39133601703","tract",2023,"education_score",87.55
"39133601704","tract",2023,"education_score",79.13
"39133601801","tract",2023,"education_score",90.52
"39133601802","tract",2023,"education_score",93.14
"39133601901","tract",2023,"education_score",97.31
"39133601902","tract",2023,"education_score",103.46
"39133602000","tract",2023,"education_score",95.37
"39133602101","tract",2023,"education_score",91.71
"39133602102","tract",2023,"education_score",93.41
"39135400100","tract",2023,"education_score",108.78
"39135410100","tract",2023,"education_score",103.21
"39135420100","tract",2023,"education_score",105.6
"39135430100","tract",2023,"education_score",94.85
"39135440100","tract",2023,"education_score",97.32
"39135450100","tract",2023,"education_score",95.31
"39135455001","tract",2023,"education_score",102.24
"39135455002","tract",2023,"education_score",96.98
"39135460100","tract",2023,"education_score",108.33
"39135470101","tract",2023,"education_score",95.19
"39135470102","tract",2023,"education_score",105.35
"39135480100","tract",2023,"education_score",95.2
"39137030100","tract",2023,"education_score",110
"39137030200","tract",2023,"education_score",107.1
"39137030301","tract",2023,"education_score",94.18
"39137030302","tract",2023,"education_score",93.59
"39137030400","tract",2023,"education_score",97.4
"39137030500","tract",2023,"education_score",98.47
"39137030600","tract",2023,"education_score",95.89
"39137030700","tract",2023,"education_score",97.35
"39139000400","tract",2023,"education_score",120.52
"39139000500","tract",2023,"education_score",118.63
"39139000600","tract",2023,"education_score",116.35
"39139000700","tract",2023,"education_score",120.64
"39139000800","tract",2023,"education_score",118.49
"39139000900","tract",2023,"education_score",121.98
"39139001000","tract",2023,"education_score",95.01
"39139001100","tract",2023,"education_score",106
"39139001200","tract",2023,"education_score",96.6
"39139001300","tract",2023,"education_score",89.7
"39139001400","tract",2023,"education_score",97.28
"39139001500","tract",2023,"education_score",112.09
"39139001600","tract",2023,"education_score",131.53
"39139001700","tract",2023,"education_score",NA
"39139001800","tract",2023,"education_score",104.83
"39139001900","tract",2023,"education_score",101.18
"39139002000","tract",2023,"education_score",98.01
"39139002101","tract",2023,"education_score",100.04
"39139002102","tract",2023,"education_score",91.74
"39139002200","tract",2023,"education_score",95.97
"39139002300","tract",2023,"education_score",92.75
"39139002400","tract",2023,"education_score",102.15
"39139002500","tract",2023,"education_score",95.41
"39139002600","tract",2023,"education_score",116.42
"39139002700","tract",2023,"education_score",101.74
"39139002800","tract",2023,"education_score",117.07
"39139002900","tract",2023,"education_score",120.32
"39139003001","tract",2023,"education_score",104.12
"39139003002","tract",2023,"education_score",106.76
"39139003100","tract",2023,"education_score",116.38
"39141955500","tract",2023,"education_score",100.94
"39141955603","tract",2023,"education_score",105.77
"39141955604","tract",2023,"education_score",NA
"39141955700","tract",2023,"education_score",112.96
"39141955801","tract",2023,"education_score",98.22
"39141955802","tract",2023,"education_score",109.12
"39141955900","tract",2023,"education_score",93.55
"39141956000","tract",2023,"education_score",90.48
"39141956100","tract",2023,"education_score",98.57
"39141956200","tract",2023,"education_score",82.19
"39141956300","tract",2023,"education_score",108.19
"39141956400","tract",2023,"education_score",97.46
"39141956500","tract",2023,"education_score",103.79
"39141956600","tract",2023,"education_score",104.81
"39141956700","tract",2023,"education_score",113.33
"39141956800","tract",2023,"education_score",109.02
"39141956900","tract",2023,"education_score",106.14
"39143960800","tract",2023,"education_score",82.87
"39143960900","tract",2023,"education_score",88.57
"39143961000","tract",2023,"education_score",98.99
"39143961100","tract",2023,"education_score",106.34
"39143961200","tract",2023,"education_score",94.64
"39143961300","tract",2023,"education_score",96
"39143961400","tract",2023,"education_score",104.41
"39143961500","tract",2023,"education_score",106.65
"39143961600","tract",2023,"education_score",116.54
"39143961700","tract",2023,"education_score",103.4
"39143961800","tract",2023,"education_score",113.09
"39143961900","tract",2023,"education_score",91.8
"39143962000","tract",2023,"education_score",97.47
"39143962100","tract",2023,"education_score",94.64
"39143962200","tract",2023,"education_score",104.04
"39145002100","tract",2023,"education_score",110.27
"39145002200","tract",2023,"education_score",104.83
"39145002300","tract",2023,"education_score",101.8
"39145002400","tract",2023,"education_score",105.85
"39145002500","tract",2023,"education_score",100.92
"39145002600","tract",2023,"education_score",106.59
"39145002700","tract",2023,"education_score",103.62
"39145002800","tract",2023,"education_score",101.75
"39145002901","tract",2023,"education_score",99.62
"39145002902","tract",2023,"education_score",85.58
"39145003000","tract",2023,"education_score",102.63
"39145003100","tract",2023,"education_score",115.35
"39145003200","tract",2023,"education_score",120.47
"39145003300","tract",2023,"education_score",99.87
"39145003400","tract",2023,"education_score",125.73
"39145003500","tract",2023,"education_score",128.13
"39145003600","tract",2023,"education_score",NA
"39145003700","tract",2023,"education_score",111.94
"39145003800","tract",2023,"education_score",89.98
"39145003900","tract",2023,"education_score",103.56
"39145004000","tract",2023,"education_score",108.91
"39147962500","tract",2023,"education_score",95.73
"39147962600","tract",2023,"education_score",102.28
"39147962700","tract",2023,"education_score",99.92
"39147962800","tract",2023,"education_score",114.85
"39147962900","tract",2023,"education_score",114.64
"39147963000","tract",2023,"education_score",104.33
"39147963100","tract",2023,"education_score",109.78
"39147963200","tract",2023,"education_score",107.42
"39147963300","tract",2023,"education_score",101.09
"39147963400","tract",2023,"education_score",110
"39147963500","tract",2023,"education_score",99.13
"39147963600","tract",2023,"education_score",91.44
"39147963700","tract",2023,"education_score",83.25
"39147963800","tract",2023,"education_score",98.71
"39149971400","tract",2023,"education_score",97.51
"39149971500","tract",2023,"education_score",100.98
"39149971600","tract",2023,"education_score",97.2
"39149971700","tract",2023,"education_score",101.78
"39149971800","tract",2023,"education_score",117.38
"39149971900","tract",2023,"education_score",101.25
"39149972000","tract",2023,"education_score",114.42
"39149972100","tract",2023,"education_score",94.59
"39149972200","tract",2023,"education_score",90.12
"39149972300","tract",2023,"education_score",103.03
"39151700100","tract",2023,"education_score",107.53
"39151700200","tract",2023,"education_score",111.44
"39151700300","tract",2023,"education_score",141.72
"39151700400","tract",2023,"education_score",105.16
"39151700500","tract",2023,"education_score",124.62
"39151700600","tract",2023,"education_score",101.66
"39151700701","tract",2023,"education_score",86.82
"39151700702","tract",2023,"education_score",101.5
"39151700800","tract",2023,"education_score",106.16
"39151701000","tract",2023,"education_score",118.32
"39151701100","tract",2023,"education_score",96.96
"39151701200","tract",2023,"education_score",108.75
"39151701300","tract",2023,"education_score",103.98
"39151701500","tract",2023,"education_score",138.3
"39151701700","tract",2023,"education_score",141.45
"39151701800","tract",2023,"education_score",121.55
"39151702100","tract",2023,"education_score",107.76
"39151702300","tract",2023,"education_score",139.91
"39151702500","tract",2023,"education_score",111.42
"39151710200","tract",2023,"education_score",107.32
"39151710300","tract",2023,"education_score",104.02
"39151710400","tract",2023,"education_score",125.32
"39151710500","tract",2023,"education_score",121.51
"39151710600","tract",2023,"education_score",92.26
"39151710700","tract",2023,"education_score",103.18
"39151710800","tract",2023,"education_score",93.48
"39151710900","tract",2023,"education_score",103.28
"39151711001","tract",2023,"education_score",106.97
"39151711002","tract",2023,"education_score",97.53
"39151711111","tract",2023,"education_score",89.42
"39151711112","tract",2023,"education_score",93.63
"39151711121","tract",2023,"education_score",93.64
"39151711122","tract",2023,"education_score",82.36
"39151711202","tract",2023,"education_score",92.4
"39151711211","tract",2023,"education_score",91.42
"39151711212","tract",2023,"education_score",84.65
"39151711312","tract",2023,"education_score",85.36
"39151711321","tract",2023,"education_score",89.76
"39151711322","tract",2023,"education_score",88.14
"39151711323","tract",2023,"education_score",89.66
"39151711324","tract",2023,"education_score",89.89
"39151711402","tract",2023,"education_score",90.14
"39151711411","tract",2023,"education_score",84.35
"39151711412","tract",2023,"education_score",91.04
"39151711501","tract",2023,"education_score",96.07
"39151711502","tract",2023,"education_score",86.13
"39151711600","tract",2023,"education_score",99.93
"39151711700","tract",2023,"education_score",100.73
"39151711800","tract",2023,"education_score",96.16
"39151711900","tract",2023,"education_score",87.63
"39151712000","tract",2023,"education_score",85.82
"39151712102","tract",2023,"education_score",82.54
"39151712112","tract",2023,"education_score",79.75
"39151712113","tract",2023,"education_score",83.78
"39151712114","tract",2023,"education_score",87.66
"39151712201","tract",2023,"education_score",90.89
"39151712202","tract",2023,"education_score",88.86
"39151712300","tract",2023,"education_score",99.1
"39151712400","tract",2023,"education_score",104.64
"39151712500","tract",2023,"education_score",97.05
"39151712601","tract",2023,"education_score",103.7
"39151712602","tract",2023,"education_score",101.06
"39151712700","tract",2023,"education_score",97.9
"39151712800","tract",2023,"education_score",97.09
"39151712900","tract",2023,"education_score",103.95
"39151713000","tract",2023,"education_score",84.33
"39151713100","tract",2023,"education_score",97.08
"39151713201","tract",2023,"education_score",104.81
"39151713202","tract",2023,"education_score",96.15
"39151713300","tract",2023,"education_score",101.08
"39151713401","tract",2023,"education_score",102.56
"39151713402","tract",2023,"education_score",94.58
"39151713501","tract",2023,"education_score",95.43
"39151713502","tract",2023,"education_score",107.88
"39151713600","tract",2023,"education_score",88.28
"39151713700","tract",2023,"education_score",96.27
"39151713900","tract",2023,"education_score",99.68
"39151714000","tract",2023,"education_score",93.01
"39151714100","tract",2023,"education_score",102.46
"39151714200","tract",2023,"education_score",115.83
"39151714302","tract",2023,"education_score",105
"39151714400","tract",2023,"education_score",101.76
"39151714600","tract",2023,"education_score",98.84
"39151714701","tract",2023,"education_score",97.79
"39151714702","tract",2023,"education_score",100.7
"39151714801","tract",2023,"education_score",119.83
"39151714802","tract",2023,"education_score",95.94
"39151714901","tract",2023,"education_score",98.18
"39151714902","tract",2023,"education_score",114.41
"39151715000","tract",2023,"education_score",95.92
"39153501100","tract",2023,"education_score",115.55
"39153501700","tract",2023,"education_score",115.47
"39153501800","tract",2023,"education_score",110.01
"39153501900","tract",2023,"education_score",100.74
"39153502101","tract",2023,"education_score",145.16
"39153502102","tract",2023,"education_score",114.39
"39153502200","tract",2023,"education_score",132.04
"39153502300","tract",2023,"education_score",99.41
"39153502500","tract",2023,"education_score",85.77
"39153502600","tract",2023,"education_score",125.46
"39153502700","tract",2023,"education_score",106.44
"39153502800","tract",2023,"education_score",94.79
"39153503100","tract",2023,"education_score",121.09
"39153503200","tract",2023,"education_score",125.15
"39153503300","tract",2023,"education_score",111.79
"39153503400","tract",2023,"education_score",111.33
"39153503500","tract",2023,"education_score",111.14
"39153503600","tract",2023,"education_score",105.69
"39153503701","tract",2023,"education_score",103.66
"39153503702","tract",2023,"education_score",91.96
"39153503800","tract",2023,"education_score",109.04
"39153504100","tract",2023,"education_score",105.6
"39153504200","tract",2023,"education_score",113.35
"39153504400","tract",2023,"education_score",102.41
"39153504500","tract",2023,"education_score",120.62
"39153504600","tract",2023,"education_score",116.64
"39153504700","tract",2023,"education_score",99.73
"39153504800","tract",2023,"education_score",99.09
"39153505200","tract",2023,"education_score",116.7
"39153505300","tract",2023,"education_score",156.75
"39153505400","tract",2023,"education_score",111.32
"39153505500","tract",2023,"education_score",111.3
"39153505600","tract",2023,"education_score",121.85
"39153505700","tract",2023,"education_score",124.55
"39153505800","tract",2023,"education_score",96.24
"39153505900","tract",2023,"education_score",107.22
"39153506100","tract",2023,"education_score",83.03
"39153506200","tract",2023,"education_score",95.43
"39153506400","tract",2023,"education_score",82.07
"39153506500","tract",2023,"education_score",136.36
"39153506600","tract",2023,"education_score",104.39
"39153506700","tract",2023,"education_score",114.52
"39153506800","tract",2023,"education_score",NA
"39153507101","tract",2023,"education_score",82.86
"39153507102","tract",2023,"education_score",75.71
"39153507201","tract",2023,"education_score",80.68
"39153507202","tract",2023,"education_score",77.99
"39153507203","tract",2023,"education_score",85.11
"39153507300","tract",2023,"education_score",75.47
"39153507400","tract",2023,"education_score",126.65
"39153507501","tract",2023,"education_score",73.22
"39153507502","tract",2023,"education_score",132.3
"39153507600","tract",2023,"education_score",120.62
"39153508000","tract",2023,"education_score",86.4
"39153508301","tract",2023,"education_score",101.77
"39153508399","tract",2023,"education_score",111.93
"39153508600","tract",2023,"education_score",113.9
"39153508800","tract",2023,"education_score",104.34
"39153508900","tract",2023,"education_score",NA
"39153509000","tract",2023,"education_score",117.86
"39153510100","tract",2023,"education_score",118.97
"39153510200","tract",2023,"education_score",104.24
"39153510301","tract",2023,"education_score",113.25
"39153510302","tract",2023,"education_score",84.08
"39153510400","tract",2023,"education_score",100.18
"39153510500","tract",2023,"education_score",113.78
"39153520103","tract",2023,"education_score",104.79
"39153520104","tract",2023,"education_score",93.75
"39153520105","tract",2023,"education_score",97.41
"39153520106","tract",2023,"education_score",81.44
"39153520201","tract",2023,"education_score",76.01
"39153520202","tract",2023,"education_score",98.19
"39153520301","tract",2023,"education_score",80.89
"39153520302","tract",2023,"education_score",79.12
"39153520400","tract",2023,"education_score",91.16
"39153520500","tract",2023,"education_score",90.18
"39153520600","tract",2023,"education_score",91.93
"39153530101","tract",2023,"education_score",79.98
"39153530103","tract",2023,"education_score",91.34
"39153530104","tract",2023,"education_score",85.51
"39153530105","tract",2023,"education_score",89.19
"39153530108","tract",2023,"education_score",84.6
"39153530401","tract",2023,"education_score",93.95
"39153530402","tract",2023,"education_score",89.82
"39153530501","tract",2023,"education_score",89.22
"39153530502","tract",2023,"education_score",93.5
"39153530603","tract",2023,"education_score",87.44
"39153530604","tract",2023,"education_score",83.44
"39153530605","tract",2023,"education_score",88.13
"39153530606","tract",2023,"education_score",84.24
"39153530700","tract",2023,"education_score",77.97
"39153530800","tract",2023,"education_score",81.96
"39153530901","tract",2023,"education_score",91.74
"39153530902","tract",2023,"education_score",100.04
"39153530903","tract",2023,"education_score",89.15
"39153531001","tract",2023,"education_score",93.2
"39153531002","tract",2023,"education_score",104.02
"39153531101","tract",2023,"education_score",101.44
"39153531102","tract",2023,"education_score",91.79
"39153531103","tract",2023,"education_score",95.76
"39153531405","tract",2023,"education_score",101.3
"39153531406","tract",2023,"education_score",85.99
"39153531407","tract",2023,"education_score",95.06
"39153531501","tract",2023,"education_score",104.22
"39153531502","tract",2023,"education_score",87.82
"39153531601","tract",2023,"education_score",85.6
"39153531602","tract",2023,"education_score",91.94
"39153531701","tract",2023,"education_score",88.45
"39153531702","tract",2023,"education_score",93.95
"39153531801","tract",2023,"education_score",81.07
"39153531802","tract",2023,"education_score",91.05
"39153532001","tract",2023,"education_score",97.13
"39153532003","tract",2023,"education_score",94.66
"39153532004","tract",2023,"education_score",89.53
"39153532202","tract",2023,"education_score",78.71
"39153532301","tract",2023,"education_score",81.39
"39153532302","tract",2023,"education_score",84.71
"39153532501","tract",2023,"education_score",71.83
"39153532502","tract",2023,"education_score",77.68
"39153532600","tract",2023,"education_score",84.48
"39153532701","tract",2023,"education_score",82.58
"39153532702","tract",2023,"education_score",98.46
"39153532703","tract",2023,"education_score",85.28
"39153532705","tract",2023,"education_score",83.18
"39153532706","tract",2023,"education_score",73.14
"39153532708","tract",2023,"education_score",89.82
"39153532901","tract",2023,"education_score",83.54
"39153532902","tract",2023,"education_score",88.01
"39153532999","tract",2023,"education_score",83.21
"39153533000","tract",2023,"education_score",110.9
"39153533101","tract",2023,"education_score",83
"39153533102","tract",2023,"education_score",77.86
"39153533200","tract",2023,"education_score",83.91
"39153533400","tract",2023,"education_score",84.85
"39153533501","tract",2023,"education_score",72.22
"39153533502","tract",2023,"education_score",85.29
"39153534000","tract",2023,"education_score",78.14
"39153534100","tract",2023,"education_score",76.41
"39155920300","tract",2023,"education_score",111.16
"39155920400","tract",2023,"education_score",127.18
"39155920700","tract",2023,"education_score",NA
"39155920800","tract",2023,"education_score",115.7
"39155920900","tract",2023,"education_score",122.84
"39155921000","tract",2023,"education_score",108.35
"39155921100","tract",2023,"education_score",98.93
"39155921200","tract",2023,"education_score",112.17
"39155921300","tract",2023,"education_score",108.84
"39155921400","tract",2023,"education_score",100.78
"39155921500","tract",2023,"education_score",98.95
"39155921600","tract",2023,"education_score",118.16
"39155930101","tract",2023,"education_score",108.49
"39155930102","tract",2023,"education_score",102.16
"39155930200","tract",2023,"education_score",121.8
"39155930300","tract",2023,"education_score",108.34
"39155930400","tract",2023,"education_score",115.84
"39155930500","tract",2023,"education_score",180.76
"39155930600","tract",2023,"education_score",118.35
"39155930700","tract",2023,"education_score",101.62
"39155930800","tract",2023,"education_score",100.92
"39155930900","tract",2023,"education_score",92.19
"39155931000","tract",2023,"education_score",94.69
"39155931100","tract",2023,"education_score",84.54
"39155931200","tract",2023,"education_score",92.99
"39155931300","tract",2023,"education_score",92.79
"39155931400","tract",2023,"education_score",105.71
"39155931500","tract",2023,"education_score",98.63
"39155931601","tract",2023,"education_score",96.02
"39155931602","tract",2023,"education_score",100.27
"39155931700","tract",2023,"education_score",99.65
"39155931900","tract",2023,"education_score",92.83
"39155932000","tract",2023,"education_score",97.79
"39155932200","tract",2023,"education_score",98.09
"39155932300","tract",2023,"education_score",100.32
"39155932500","tract",2023,"education_score",99.28
"39155932600","tract",2023,"education_score",95.99
"39155932701","tract",2023,"education_score",99.42
"39155932702","tract",2023,"education_score",94.9
"39155932801","tract",2023,"education_score",95.99
"39155932802","tract",2023,"education_score",119.69
"39155932900","tract",2023,"education_score",94.94
"39155933001","tract",2023,"education_score",86.89
"39155933002","tract",2023,"education_score",91.61
"39155933100","tract",2023,"education_score",108.35
"39155933301","tract",2023,"education_score",97.85
"39155933302","tract",2023,"education_score",94.27
"39155933400","tract",2023,"education_score",107.72
"39155933500","tract",2023,"education_score",103.3
"39155933600","tract",2023,"education_score",92.85
"39155933700","tract",2023,"education_score",96.28
"39155933800","tract",2023,"education_score",110.42
"39155933900","tract",2023,"education_score",115.54
"39155934000","tract",2023,"education_score",126.47
"39157020100","tract",2023,"education_score",111.55
"39157020200","tract",2023,"education_score",84.02
"39157020300","tract",2023,"education_score",91.76
"39157020400","tract",2023,"education_score",115.8
"39157020500","tract",2023,"education_score",131.33
"39157020600","tract",2023,"education_score",103.6
"39157020700","tract",2023,"education_score",101.32
"39157020801","tract",2023,"education_score",113.5
"39157020802","tract",2023,"education_score",101.02
"39157020900","tract",2023,"education_score",89.32
"39157021000","tract",2023,"education_score",92.52
"39157021100","tract",2023,"education_score",99.24
"39157021200","tract",2023,"education_score",111.82
"39157021300","tract",2023,"education_score",134.55
"39157021400","tract",2023,"education_score",126.17
"39157021501","tract",2023,"education_score",95.28
"39157021502","tract",2023,"education_score",95.54
"39157021503","tract",2023,"education_score",98.69
"39157021600","tract",2023,"education_score",112.29
"39157021700","tract",2023,"education_score",99.84
"39157021800","tract",2023,"education_score",101.84
"39157021900","tract",2023,"education_score",97.98
"39157022001","tract",2023,"education_score",106.49
"39157022002","tract",2023,"education_score",115.83
"39159050100","tract",2023,"education_score",102.66
"39159050200","tract",2023,"education_score",99.8
"39159050301","tract",2023,"education_score",90.9
"39159050303","tract",2023,"education_score",90.11
"39159050304","tract",2023,"education_score",87.35
"39159050401","tract",2023,"education_score",NA
"39159050402","tract",2023,"education_score",83.26
"39159050501","tract",2023,"education_score",83.19
"39159050502","tract",2023,"education_score",112.47
"39159050601","tract",2023,"education_score",82.49
"39159050602","tract",2023,"education_score",88.17
"39159050701","tract",2023,"education_score",79.22
"39159050702","tract",2023,"education_score",94.14
"39161020100","tract",2023,"education_score",96.79
"39161020200","tract",2023,"education_score",101.8
"39161020300","tract",2023,"education_score",104.2
"39161020400","tract",2023,"education_score",101.94
"39161020500","tract",2023,"education_score",97.24
"39161020600","tract",2023,"education_score",121.01
"39161020700","tract",2023,"education_score",106.61
"39161020800","tract",2023,"education_score",99.97
"39161020900","tract",2023,"education_score",96.29
"39163953000","tract",2023,"education_score",107.82
"39163953100","tract",2023,"education_score",104.68
"39163953200","tract",2023,"education_score",114.1
"39165030101","tract",2023,"education_score",105.4
"39165030102","tract",2023,"education_score",113.85
"39165030200","tract",2023,"education_score",102.24
"39165030501","tract",2023,"education_score",113.3
"39165030503","tract",2023,"education_score",91.49
"39165030504","tract",2023,"education_score",85.11
"39165030600","tract",2023,"education_score",92.63
"39165030700","tract",2023,"education_score",93.38
"39165030800","tract",2023,"education_score",98.38
"39165030901","tract",2023,"education_score",93.01
"39165030902","tract",2023,"education_score",77.65
"39165031001","tract",2023,"education_score",95.92
"39165031002","tract",2023,"education_score",79.82
"39165031100","tract",2023,"education_score",90.38
"39165031200","tract",2023,"education_score",92.02
"39165031300","tract",2023,"education_score",98.01
"39165031400","tract",2023,"education_score",97.39
"39165031500","tract",2023,"education_score",88.51
"39165031601","tract",2023,"education_score",99.76
"39165031602","tract",2023,"education_score",89.96
"39165031603","tract",2023,"education_score",86.5
"39165031700","tract",2023,"education_score",NA
"39165031904","tract",2023,"education_score",91.44
"39165031905","tract",2023,"education_score",86.86
"39165031906","tract",2023,"education_score",75.68
"39165031907","tract",2023,"education_score",89.49
"39165031908","tract",2023,"education_score",73.99
"39165032003","tract",2023,"education_score",81.11
"39165032004","tract",2023,"education_score",76.83
"39165032006","tract",2023,"education_score",75.37
"39165032008","tract",2023,"education_score",72.27
"39165032009","tract",2023,"education_score",77.76
"39165032010","tract",2023,"education_score",81.82
"39165032011","tract",2023,"education_score",74.96
"39165032100","tract",2023,"education_score",96.14
"39165032202","tract",2023,"education_score",83.69
"39165032203","tract",2023,"education_score",93.15
"39165032204","tract",2023,"education_score",82.49
"39165032205","tract",2023,"education_score",83.15
"39165032206","tract",2023,"education_score",89.46
"39165032300","tract",2023,"education_score",92.86
"39165032400","tract",2023,"education_score",94.04
"39165032501","tract",2023,"education_score",103.41
"39165032502","tract",2023,"education_score",94.35
"39167020101","tract",2023,"education_score",101.96
"39167020102","tract",2023,"education_score",111.1
"39167020201","tract",2023,"education_score",90.32
"39167020202","tract",2023,"education_score",102.55
"39167020300","tract",2023,"education_score",89.49
"39167020400","tract",2023,"education_score",93.93
"39167020500","tract",2023,"education_score",NA
"39167020800","tract",2023,"education_score",99.45
"39167020900","tract",2023,"education_score",88.71
"39167021000","tract",2023,"education_score",99.35
"39167021100","tract",2023,"education_score",98.91
"39167021201","tract",2023,"education_score",106.48
"39167021202","tract",2023,"education_score",106.08
"39167021300","tract",2023,"education_score",106.53
"39167021400","tract",2023,"education_score",96.78
"39167021500","tract",2023,"education_score",86.32
"39167021600","tract",2023,"education_score",99.01
"39167021700","tract",2023,"education_score",99.4
"39169000100","tract",2023,"education_score",104.82
"39169000200","tract",2023,"education_score",86.99
"39169000300","tract",2023,"education_score",91.19
"39169000500","tract",2023,"education_score",99.93
"39169000600","tract",2023,"education_score",97.49
"39169000700","tract",2023,"education_score",88.58
"39169000800","tract",2023,"education_score",91.33
"39169000900","tract",2023,"education_score",91.52
"39169001000","tract",2023,"education_score",102.7
"39169001100","tract",2023,"education_score",96.01
"39169001200","tract",2023,"education_score",104.93
"39169001300","tract",2023,"education_score",105.13
"39169001400","tract",2023,"education_score",145.33
"39169001700","tract",2023,"education_score",202.23
"39169001800","tract",2023,"education_score",143.05
"39169001900","tract",2023,"education_score",116.72
"39169002000","tract",2023,"education_score",107.63
"39169002100","tract",2023,"education_score",102.63
"39169002200","tract",2023,"education_score",110.56
"39169002300","tract",2023,"education_score",98.9
"39169002400","tract",2023,"education_score",100.04
"39169002500","tract",2023,"education_score",109.6
"39169002901","tract",2023,"education_score",101.53
"39169002902","tract",2023,"education_score",118.69
"39169003000","tract",2023,"education_score",102.66
"39169003100","tract",2023,"education_score",104.56
"39169003200","tract",2023,"education_score",105.77
"39169003300","tract",2023,"education_score",148.12
"39169003400","tract",2023,"education_score",103.76
"39169003500","tract",2023,"education_score",113.81
"39169003700","tract",2023,"education_score",155.69
"39169980000","tract",2023,"education_score",NA
"39171950100","tract",2023,"education_score",107.53
"39171950200","tract",2023,"education_score",102.27
"39171950300","tract",2023,"education_score",110.6
"39171950400","tract",2023,"education_score",103.66
"39171950500","tract",2023,"education_score",104.94
"39171950600","tract",2023,"education_score",107.56
"39171950700","tract",2023,"education_score",99.92
"39171950800","tract",2023,"education_score",97.85
"39171950900","tract",2023,"education_score",109.49
"39173020100","tract",2023,"education_score",103.76
"39173020200","tract",2023,"education_score",89.93
"39173020300","tract",2023,"education_score",84.93
"39173020401","tract",2023,"education_score",83.45
"39173020402","tract",2023,"education_score",91.81
"39173020500","tract",2023,"education_score",82.42
"39173020601","tract",2023,"education_score",92.29
"39173020602","tract",2023,"education_score",79.58
"39173020701","tract",2023,"education_score",83.01
"39173020702","tract",2023,"education_score",97.76
"39173020800","tract",2023,"education_score",96.02
"39173020901","tract",2023,"education_score",91.47
"39173020902","tract",2023,"education_score",106.02
"39173021000","tract",2023,"education_score",95.94
"39173021100","tract",2023,"education_score",96.78
"39173021200","tract",2023,"education_score",87.77
"39173021300","tract",2023,"education_score",94.65
"39173021400","tract",2023,"education_score",105.29
"39173021500","tract",2023,"education_score",100.27
"39173021601","tract",2023,"education_score",87.76
"39173021602","tract",2023,"education_score",94.91
"39173021701","tract",2023,"education_score",104.34
"39173021702","tract",2023,"education_score",89.08
"39173021800","tract",2023,"education_score",NA
"39173021901","tract",2023,"education_score",78.93
"39173021902","tract",2023,"education_score",109.99
"39173022100","tract",2023,"education_score",110.8
"39173022200","tract",2023,"education_score",97.81
"39173022300","tract",2023,"education_score",111.26
"39173022400","tract",2023,"education_score",110.51
"39173022500","tract",2023,"education_score",101.96
"39175938000","tract",2023,"education_score",102.05
"39175938100","tract",2023,"education_score",108.13
"39175938200","tract",2023,"education_score",98.4
"39175938300","tract",2023,"education_score",91.85
"39175938400","tract",2023,"education_score",100.19
"39175938500","tract",2023,"education_score",102.87
"39001770100","tract",2023,"education_rnk",75.3354
"39001770200","tract",2023,"education_rnk",64.1184
"39001770301","tract",2023,"education_rnk",69.346
"39001770302","tract",2023,"education_rnk",80.0918
"39001770400","tract",2023,"education_rnk",75.5576
"39001770500","tract",2023,"education_rnk",69.6976
"39001770600","tract",2023,"education_rnk",77.1386
"39003010100","tract",2023,"education_rnk",38.0694
"39003010200","tract",2023,"education_rnk",34.579
"39003010300","tract",2023,"education_rnk",32.5158
"39003010600","tract",2023,"education_rnk",63.453
"39003010801","tract",2023,"education_rnk",63.6801
"39003010802","tract",2023,"education_rnk",48.1767
"39003010900","tract",2023,"education_rnk",50.4987
"39003011000","tract",2023,"education_rnk",66.7835
"39003011200","tract",2023,"education_rnk",NA
"39003011301","tract",2023,"education_rnk",54.0562
"39003011302","tract",2023,"education_rnk",42.6829
"39003011400","tract",2023,"education_rnk",49.0679
"39003011500","tract",2023,"education_rnk",44.1491
"39003011600","tract",2023,"education_rnk",58.4683
"39003011800","tract",2023,"education_rnk",39.4904
"39003011900","tract",2023,"education_rnk",43.3483
"39003012000","tract",2023,"education_rnk",21.9922
"39003012100","tract",2023,"education_rnk",37.0414
"39003012200","tract",2023,"education_rnk",67.1119
"39003012300","tract",2023,"education_rnk",68.5146
"39003012400","tract",2023,"education_rnk",73.4053
"39003012600","tract",2023,"education_rnk",71.0185
"39003012700","tract",2023,"education_rnk",89.922
"39003012900","tract",2023,"education_rnk",81.3273
"39003013000","tract",2023,"education_rnk",70.0834
"39003013100","tract",2023,"education_rnk",57.2634
"39003013200","tract",2023,"education_rnk",43.0931
"39003013300","tract",2023,"education_rnk",56.2818
"39003013400","tract",2023,"education_rnk",93.8152
"39003013600","tract",2023,"education_rnk",73.4883
"39003013700","tract",2023,"education_rnk",82.8008
"39003013800","tract",2023,"education_rnk",83.1586
"39003013900","tract",2023,"education_rnk",66.7151
"39003014000","tract",2023,"education_rnk",31.6978
"39003014100","tract",2023,"education_rnk",81.0282
"39005970101","tract",2023,"education_rnk",88.4826
"39005970102","tract",2023,"education_rnk",74.3282
"39005970200","tract",2023,"education_rnk",69.4608
"39005970300","tract",2023,"education_rnk",48.9788
"39005970400","tract",2023,"education_rnk",82.0769
"39005970500","tract",2023,"education_rnk",67.4561
"39005970600","tract",2023,"education_rnk",62.0674
"39005970700","tract",2023,"education_rnk",29.9569
"39005970800","tract",2023,"education_rnk",46.4992
"39005970900","tract",2023,"education_rnk",65.6432
"39005971000","tract",2023,"education_rnk",49.002
"39005971100","tract",2023,"education_rnk",83.7482
"39007000101","tract",2023,"education_rnk",NA
"39007000102","tract",2023,"education_rnk",59.4951
"39007000103","tract",2023,"education_rnk",88.3715
"39007000200","tract",2023,"education_rnk",47.6969
"39007000300","tract",2023,"education_rnk",67.2181
"39007000400","tract",2023,"education_rnk",68.3107
"39007000500","tract",2023,"education_rnk",73.647
"39007000601","tract",2023,"education_rnk",77.605
"39007000602","tract",2023,"education_rnk",53.7388
"39007000603","tract",2023,"education_rnk",26.7876
"39007000701","tract",2023,"education_rnk",74.3282
"39007000702","tract",2023,"education_rnk",48.3574
"39007000703","tract",2023,"education_rnk",82.2344
"39007000704","tract",2023,"education_rnk",89.7486
"39007000801","tract",2023,"education_rnk",46.4529
"39007000802","tract",2023,"education_rnk",56.9789
"39007000900","tract",2023,"education_rnk",40.7711
"39007001001","tract",2023,"education_rnk",50.4487
"39007001002","tract",2023,"education_rnk",26.7583
"39007001101","tract",2023,"education_rnk",62.1894
"39007001102","tract",2023,"education_rnk",54.3382
"39007001201","tract",2023,"education_rnk",64.4114
"39007001202","tract",2023,"education_rnk",51.1897
"39007001301","tract",2023,"education_rnk",75.134
"39007001303","tract",2023,"education_rnk",88.5437
"39007001304","tract",2023,"education_rnk",66.9812
"39007001401","tract",2023,"education_rnk",97.3813
"39007001402","tract",2023,"education_rnk",88.8733
"39007990000","tract",2023,"education_rnk",NA
"39009972600","tract",2023,"education_rnk",78.7196
"39009972700","tract",2023,"education_rnk",65.3539
"39009972800","tract",2023,"education_rnk",80.7816
"39009972900","tract",2023,"education_rnk",29.9142
"39009973000","tract",2023,"education_rnk",38.8226
"39009973101","tract",2023,"education_rnk",NA
"39009973200","tract",2023,"education_rnk",50.644
"39009973300","tract",2023,"education_rnk",14.6916
"39009973400","tract",2023,"education_rnk",41.9736
"39009973500","tract",2023,"education_rnk",54.0562
"39009973600","tract",2023,"education_rnk",38.9325
"39009973700","tract",2023,"education_rnk",55.216
"39009973800","tract",2023,"education_rnk",54.4335
"39009973901","tract",2023,"education_rnk",NA
"39009973902","tract",2023,"education_rnk",69.3606
"39011040100","tract",2023,"education_rnk",63.0746
"39011040200","tract",2023,"education_rnk",60.2202
"39011040300","tract",2023,"education_rnk",61.8842
"39011040400","tract",2023,"education_rnk",64.6018
"39011040500","tract",2023,"education_rnk",56.2403
"39011040600","tract",2023,"education_rnk",70.6047
"39011040900","tract",2023,"education_rnk",42.0395
"39011041000","tract",2023,"education_rnk",49.7174
"39011041100","tract",2023,"education_rnk",56.5565
"39011041201","tract",2023,"education_rnk",26.519
"39011041202","tract",2023,"education_rnk",51.2373
"39013010100","tract",2023,"education_rnk",40.2205
"39013010200","tract",2023,"education_rnk",51.5267
"39013010300","tract",2023,"education_rnk",58.5843
"39013010600","tract",2023,"education_rnk",81.8693
"39013010700","tract",2023,"education_rnk",57.1144
"39013010802","tract",2023,"education_rnk",75.5356
"39013010901","tract",2023,"education_rnk",58.3658
"39013010902","tract",2023,"education_rnk",78.9979
"39013011000","tract",2023,"education_rnk",60.9552
"39013011200","tract",2023,"education_rnk",46.6592
"39013011300","tract",2023,"education_rnk",54.7887
"39013011400","tract",2023,"education_rnk",41.705
"39013011500","tract",2023,"education_rnk",55.9278
"39013011600","tract",2023,"education_rnk",76.4256
"39013011700","tract",2023,"education_rnk",75.7237
"39013011900","tract",2023,"education_rnk",45.9743
"39013012000","tract",2023,"education_rnk",87.346
"39013012100","tract",2023,"education_rnk",30.7309
"39013012201","tract",2023,"education_rnk",47.9313
"39013012202","tract",2023,"education_rnk",NA
"39013012300","tract",2023,"education_rnk",39.5918
"39013012400","tract",2023,"education_rnk",38.8776
"39015951201","tract",2023,"education_rnk",71.5875
"39015951202","tract",2023,"education_rnk",50.5427
"39015951301","tract",2023,"education_rnk",86.6123
"39015951302","tract",2023,"education_rnk",63.2088
"39015951400","tract",2023,"education_rnk",53.4971
"39015951500","tract",2023,"education_rnk",61.6633
"39015951600","tract",2023,"education_rnk",63.1405
"39015951700","tract",2023,"education_rnk",80.0442
"39015951800","tract",2023,"education_rnk",69.1494
"39015951900","tract",2023,"education_rnk",84.3013
"39017000100","tract",2023,"education_rnk",79.7414
"39017000200","tract",2023,"education_rnk",83.8569
"39017000300","tract",2023,"education_rnk",92.2343
"39017000400","tract",2023,"education_rnk",96.5658
"39017000500","tract",2023,"education_rnk",88.0529
"39017000600","tract",2023,"education_rnk",82.2576
"39017001001","tract",2023,"education_rnk",41.3144
"39017001002","tract",2023,"education_rnk",44.4629
"39017001100","tract",2023,"education_rnk",34.0137
"39017001300","tract",2023,"education_rnk",55.7117
"39017010102","tract",2023,"education_rnk",15.9942
"39017010103","tract",2023,"education_rnk",19.4785
"39017010104","tract",2023,"education_rnk",NA
"39017010105","tract",2023,"education_rnk",63.4725
"39017010106","tract",2023,"education_rnk",71.4495
"39017010201","tract",2023,"education_rnk",NA
"39017010202","tract",2023,"education_rnk",39.0985
"39017010203","tract",2023,"education_rnk",43.9672
"39017010301","tract",2023,"education_rnk",70.0993
"39017010302","tract",2023,"education_rnk",42.5584
"39017010500","tract",2023,"education_rnk",80.5704
"39017010600","tract",2023,"education_rnk",80.6522
"39017010800","tract",2023,"education_rnk",50.1593
"39017010901","tract",2023,"education_rnk",35.9353
"39017010903","tract",2023,"education_rnk",18.9669
"39017010904","tract",2023,"education_rnk",66.1682
"39017010906","tract",2023,"education_rnk",79.8989
"39017010907","tract",2023,"education_rnk",49.4464
"39017010909","tract",2023,"education_rnk",41.6244
"39017010910","tract",2023,"education_rnk",32.9187
"39017010911","tract",2023,"education_rnk",59.7795
"39017010912","tract",2023,"education_rnk",61.1627
"39017010913","tract",2023,"education_rnk",22.9957
"39017011003","tract",2023,"education_rnk",28.7092
"39017011004","tract",2023,"education_rnk",60.4498
"39017011005","tract",2023,"education_rnk",29.2268
"39017011006","tract",2023,"education_rnk",40.5733
"39017011109","tract",2023,"education_rnk",38.7127
"39017011110","tract",2023,"education_rnk",27.746
"39017011111","tract",2023,"education_rnk",19.8093
"39017011112","tract",2023,"education_rnk",13.8089
"39017011118","tract",2023,"education_rnk",7.452
"39017011120","tract",2023,"education_rnk",16.7352
"39017011122","tract",2023,"education_rnk",50.8467
"39017011123","tract",2023,"education_rnk",68.4511
"39017011125","tract",2023,"education_rnk",20.4588
"39017011126","tract",2023,"education_rnk",30.6162
"39017011127","tract",2023,"education_rnk",28.6836
"39017011128","tract",2023,"education_rnk",14.567
"39017011129","tract",2023,"education_rnk",18.8351
"39017011130","tract",2023,"education_rnk",31.472
"39017011131","tract",2023,"education_rnk",3.9921
"39017011132","tract",2023,"education_rnk",48.3806
"39017011133","tract",2023,"education_rnk",21.4208
"39017011134","tract",2023,"education_rnk",25.0943
"39017011135","tract",2023,"education_rnk",41.0104
"39017011136","tract",2023,"education_rnk",24.855
"39017011137","tract",2023,"education_rnk",23.8588
"39017011200","tract",2023,"education_rnk",32.0555
"39017011300","tract",2023,"education_rnk",70.6779
"39017011800","tract",2023,"education_rnk",65.2025
"39017012100","tract",2023,"education_rnk",55.5518
"39017012200","tract",2023,"education_rnk",85.4733
"39017012300","tract",2023,"education_rnk",86.7344
"39017012400","tract",2023,"education_rnk",58.0569
"39017012500","tract",2023,"education_rnk",47.6969
"39017012600","tract",2023,"education_rnk",18.7569
"39017012700","tract",2023,"education_rnk",60.5853
"39017013000","tract",2023,"education_rnk",72.7656
"39017013100","tract",2023,"education_rnk",90.0685
"39017013200","tract",2023,"education_rnk",69.545
"39017013300","tract",2023,"education_rnk",51.2129
"39017013400","tract",2023,"education_rnk",65.7226
"39017013500","tract",2023,"education_rnk",84.0864
"39017013600","tract",2023,"education_rnk",61.203
"39017013900","tract",2023,"education_rnk",70.6779
"39017014000","tract",2023,"education_rnk",95.2607
"39017014100","tract",2023,"education_rnk",70.8171
"39017014300","tract",2023,"education_rnk",62.0307
"39017014400","tract",2023,"education_rnk",89.2237
"39017014600","tract",2023,"education_rnk",83.3136
"39017014700","tract",2023,"education_rnk",78.0884
"39017014800","tract",2023,"education_rnk",64.4712
"39017014900","tract",2023,"education_rnk",36.8632
"39017015000","tract",2023,"education_rnk",48.3244
"39017015100","tract",2023,"education_rnk",86.6733
"39019720100","tract",2023,"education_rnk",90.8083
"39019720200","tract",2023,"education_rnk",68.1545
"39019720300","tract",2023,"education_rnk",55.6091
"39019720400","tract",2023,"education_rnk",25.8903
"39019720500","tract",2023,"education_rnk",81.077
"39019720600","tract",2023,"education_rnk",76.5709
"39019720700","tract",2023,"education_rnk",60.4498
"39021010100","tract",2023,"education_rnk",74.0255
"39021010200","tract",2023,"education_rnk",56.9789
"39021010400","tract",2023,"education_rnk",83.3771
"39021010500","tract",2023,"education_rnk",71.7767
"39021010600","tract",2023,"education_rnk",51.1702
"39021011001","tract",2023,"education_rnk",33.9747
"39021011501","tract",2023,"education_rnk",60.5853
"39021011504","tract",2023,"education_rnk",44.5398
"39021011505","tract",2023,"education_rnk",45.8876
"39021011506","tract",2023,"education_rnk",55.9278
"39023000200","tract",2023,"education_rnk",72.0709
"39023000300","tract",2023,"education_rnk",91.354
"39023000400","tract",2023,"education_rnk",71.2615
"39023000500","tract",2023,"education_rnk",93.6126
"39023000600","tract",2023,"education_rnk",79.9856
"39023000700","tract",2023,"education_rnk",NA
"39023000901","tract",2023,"education_rnk",89.3726
"39023000902","tract",2023,"education_rnk",81.4848
"39023001000","tract",2023,"education_rnk",73.5335
"39023001101","tract",2023,"education_rnk",62.7706
"39023001102","tract",2023,"education_rnk",81.9255
"39023001200","tract",2023,"education_rnk",95.5818
"39023001300","tract",2023,"education_rnk",85.0924
"39023001400","tract",2023,"education_rnk",90.0624
"39023001500","tract",2023,"education_rnk",66.1071
"39023001600","tract",2023,"education_rnk",66.8372
"39023001700","tract",2023,"education_rnk",82.9156
"39023001900","tract",2023,"education_rnk",50.0739
"39023002000","tract",2023,"education_rnk",28.3222
"39023002100","tract",2023,"education_rnk",72.5714
"39023002200","tract",2023,"education_rnk",45.3993
"39023002301","tract",2023,"education_rnk",40.6185
"39023002403","tract",2023,"education_rnk",61.7585
"39023002404","tract",2023,"education_rnk",17.635
"39023002501","tract",2023,"education_rnk",29.8983
"39023002502","tract",2023,"education_rnk",62.9915
"39023002601","tract",2023,"education_rnk",37.8386
"39023002602","tract",2023,"education_rnk",51.6548
"39023002605","tract",2023,"education_rnk",43.9538
"39023002607","tract",2023,"education_rnk",49.3389
"39023002608","tract",2023,"education_rnk",41.4023
"39023002701","tract",2023,"education_rnk",92.7714
"39023002702","tract",2023,"education_rnk",52.4728
"39023002800","tract",2023,"education_rnk",62.386
"39023002901","tract",2023,"education_rnk",44.8902
"39023002902","tract",2023,"education_rnk",79.3703
"39023003001","tract",2023,"education_rnk",26.6081
"39023003002","tract",2023,"education_rnk",52.2115
"39023003101","tract",2023,"education_rnk",48.3806
"39023003102","tract",2023,"education_rnk",62.9085
"39023003200","tract",2023,"education_rnk",35.4079
"39023003301","tract",2023,"education_rnk",52.2872
"39023003302","tract",2023,"education_rnk",37.1196
"39023003400","tract",2023,"education_rnk",72.1844
"39023003700","tract",2023,"education_rnk",53.4971
"39025040101","tract",2023,"education_rnk",63.0904
"39025040102","tract",2023,"education_rnk",45.4237
"39025040202","tract",2023,"education_rnk",32.6232
"39025040203","tract",2023,"education_rnk",57.0888
"39025040205","tract",2023,"education_rnk",42.4082
"39025040206","tract",2023,"education_rnk",58.8016
"39025040301","tract",2023,"education_rnk",20.786
"39025040302","tract",2023,"education_rnk",55.4871
"39025040303","tract",2023,"education_rnk",26.5654
"39025040401","tract",2023,"education_rnk",10.3588
"39025040403","tract",2023,"education_rnk",65.3746
"39025040404","tract",2023,"education_rnk",10.3869
"39025040405","tract",2023,"education_rnk",22.6905
"39025040500","tract",2023,"education_rnk",20.919
"39025040600","tract",2023,"education_rnk",19.5847
"39025040702","tract",2023,"education_rnk",23.224
"39025040703","tract",2023,"education_rnk",20.0217
"39025040704","tract",2023,"education_rnk",36.5128
"39025040800","tract",2023,"education_rnk",68.0812
"39025040900","tract",2023,"education_rnk",56.3307
"39025041001","tract",2023,"education_rnk",83.8569
"39025041002","tract",2023,"education_rnk",20.0352
"39025041101","tract",2023,"education_rnk",54.2357
"39025041102","tract",2023,"education_rnk",67.7858
"39025041104","tract",2023,"education_rnk",58.6344
"39025041105","tract",2023,"education_rnk",76.4964
"39025041201","tract",2023,"education_rnk",25.9269
"39025041202","tract",2023,"education_rnk",38.482
"39025041303","tract",2023,"education_rnk",58.1888
"39025041304","tract",2023,"education_rnk",NA
"39025041305","tract",2023,"education_rnk",14.7599
"39025041306","tract",2023,"education_rnk",28.2844
"39025041307","tract",2023,"education_rnk",40.9225
"39025041403","tract",2023,"education_rnk",46.3222
"39025041404","tract",2023,"education_rnk",16.9062
"39025041405","tract",2023,"education_rnk",45.4554
"39025041406","tract",2023,"education_rnk",30.8554
"39025041503","tract",2023,"education_rnk",40.9786
"39025041504","tract",2023,"education_rnk",51.6182
"39025041505","tract",2023,"education_rnk",9.6422
"39025041506","tract",2023,"education_rnk",11.3159
"39025041600","tract",2023,"education_rnk",67.9689
"39025041701","tract",2023,"education_rnk",79.1603
"39025041702","tract",2023,"education_rnk",18.3577
"39025041800","tract",2023,"education_rnk",72.3493
"39025041900","tract",2023,"education_rnk",38.4271
"39025042001","tract",2023,"education_rnk",61.7585
"39025042002","tract",2023,"education_rnk",77.4011
"39027964300","tract",2023,"education_rnk",75.1059
"39027964400","tract",2023,"education_rnk",50.666
"39027964501","tract",2023,"education_rnk",54.5861
"39027964502","tract",2023,"education_rnk",37.1769
"39027964600","tract",2023,"education_rnk",59.4706
"39027964700","tract",2023,"education_rnk",62.1626
"39027964800","tract",2023,"education_rnk",79.5461
"39027964900","tract",2023,"education_rnk",75.919
"39027965000","tract",2023,"education_rnk",70.4374
"39027965100","tract",2023,"education_rnk",58.7223
"39029950100","tract",2023,"education_rnk",72.5873
"39029950200","tract",2023,"education_rnk",33.9942
"39029950300","tract",2023,"education_rnk",63.6459
"39029950400","tract",2023,"education_rnk",82.0207
"39029950500","tract",2023,"education_rnk",49.4195
"39029950600","tract",2023,"education_rnk",61.3886
"39029950700","tract",2023,"education_rnk",77.7307
"39029950800","tract",2023,"education_rnk",56.2623
"39029950900","tract",2023,"education_rnk",34.922
"39029951000","tract",2023,"education_rnk",45.6141
"39029951100","tract",2023,"education_rnk",52.5522
"39029951200","tract",2023,"education_rnk",74.1317
"39029951300","tract",2023,"education_rnk",70.424
"39029951401","tract",2023,"education_rnk",40.7711
"39029951402","tract",2023,"education_rnk",NA
"39029951500","tract",2023,"education_rnk",79.6193
"39029951600","tract",2023,"education_rnk",63.3969
"39029951700","tract",2023,"education_rnk",60.0249
"39029951800","tract",2023,"education_rnk",70.8
"39029951900","tract",2023,"education_rnk",64.5249
"39029952000","tract",2023,"education_rnk",60.9332
"39029952100","tract",2023,"education_rnk",89.0564
"39029952200","tract",2023,"education_rnk",86.7222
"39029952300","tract",2023,"education_rnk",86.3108
"39029952400","tract",2023,"education_rnk",54.6557
"39031960900","tract",2023,"education_rnk",95.0153
"39031961000","tract",2023,"education_rnk",87.0347
"39031961100","tract",2023,"education_rnk",83.9728
"39031961200","tract",2023,"education_rnk",55.9815
"39031961300","tract",2023,"education_rnk",80.2212
"39031961400","tract",2023,"education_rnk",69.3765
"39031961500","tract",2023,"education_rnk",82.3491
"39031961600","tract",2023,"education_rnk",70.7036
"39031961700","tract",2023,"education_rnk",40.2791
"39031961800","tract",2023,"education_rnk",69.4608
"39033974100","tract",2023,"education_rnk",65.8251
"39033974200","tract",2023,"education_rnk",55.6909
"39033974300","tract",2023,"education_rnk",47.0511
"39033974400","tract",2023,"education_rnk",80.2896
"39033974500","tract",2023,"education_rnk",55.7117
"39033974600","tract",2023,"education_rnk",72.8156
"39033974700","tract",2023,"education_rnk",51.2654
"39033974800","tract",2023,"education_rnk",65.8861
"39033974900","tract",2023,"education_rnk",75.6358
"39033975000","tract",2023,"education_rnk",57.4282
"39033975100","tract",2023,"education_rnk",73.2185
"39033975200","tract",2023,"education_rnk",44.1491
"39033975300","tract",2023,"education_rnk",79.0895
"39035101101","tract",2023,"education_rnk",57.8005
"39035101102","tract",2023,"education_rnk",15.6926
"39035101201","tract",2023,"education_rnk",15.1237
"39035101300","tract",2023,"education_rnk",42.7501
"39035101400","tract",2023,"education_rnk",86.4536
"39035101501","tract",2023,"education_rnk",80.3543
"39035101603","tract",2023,"education_rnk",82.387
"39035101700","tract",2023,"education_rnk",88.8513
"39035101800","tract",2023,"education_rnk",61.2409
"39035101901","tract",2023,"education_rnk",86.1374
"39035102101","tract",2023,"education_rnk",91.326
"39035102102","tract",2023,"education_rnk",84.2842
"39035102200","tract",2023,"education_rnk",83.0938
"39035102300","tract",2023,"education_rnk",93.9166
"39035102401","tract",2023,"education_rnk",92.4552
"39035102402","tract",2023,"education_rnk",73.3687
"39035102700","tract",2023,"education_rnk",90.1198
"39035102800","tract",2023,"education_rnk",93.7115
"39035102900","tract",2023,"education_rnk",90.3053
"39035103300","tract",2023,"education_rnk",58.6563
"39035103500","tract",2023,"education_rnk",11.9557
"39035103602","tract",2023,"education_rnk",2.3635
"39035103800","tract",2023,"education_rnk",37.4687
"39035104400","tract",2023,"education_rnk",25.3629
"39035104800","tract",2023,"education_rnk",69.6048
"39035105100","tract",2023,"education_rnk",89.325
"39035105300","tract",2023,"education_rnk",98.5142
"39035105400","tract",2023,"education_rnk",71.8866
"39035105500","tract",2023,"education_rnk",82.4456
"39035105602","tract",2023,"education_rnk",83.8227
"39035105700","tract",2023,"education_rnk",79.866
"39035105900","tract",2023,"education_rnk",61.2836
"39035106100","tract",2023,"education_rnk",48.101
"39035106200","tract",2023,"education_rnk",76.9494
"39035106500","tract",2023,"education_rnk",62.9305
"39035106600","tract",2023,"education_rnk",90.2919
"39035106800","tract",2023,"education_rnk",85.6588
"39035106900","tract",2023,"education_rnk",46.9095
"39035107000","tract",2023,"education_rnk",20.6602
"39035107101","tract",2023,"education_rnk",NA
"39035107701","tract",2023,"education_rnk",5.4169
"39035107802","tract",2023,"education_rnk",40.7711
"39035108201","tract",2023,"education_rnk",64.9632
"39035108301","tract",2023,"education_rnk",75.9581
"39035108400","tract",2023,"education_rnk",88.4387
"39035108701","tract",2023,"education_rnk",88.7817
"39035109301","tract",2023,"education_rnk",74.2586
"39035109701","tract",2023,"education_rnk",95.2546
"39035109801","tract",2023,"education_rnk",88.7817
"39035110901","tract",2023,"education_rnk",89.7804
"39035111202","tract",2023,"education_rnk",58.0764
"39035111401","tract",2023,"education_rnk",93.9727
"39035111700","tract",2023,"education_rnk",96.5218
"39035112100","tract",2023,"education_rnk",81.0502
"39035112200","tract",2023,"education_rnk",69.8124
"39035112301","tract",2023,"education_rnk",84.0021
"39035114501","tract",2023,"education_rnk",66.7151
"39035114600","tract",2023,"education_rnk",97.2934
"39035114800","tract",2023,"education_rnk",90.8681
"39035115400","tract",2023,"education_rnk",88.1567
"39035115700","tract",2023,"education_rnk",83.4674
"39035115800","tract",2023,"education_rnk",51.2959
"39035115900","tract",2023,"education_rnk",47.2611
"39035116300","tract",2023,"education_rnk",71.6668
"39035116400","tract",2023,"education_rnk",69.263
"39035116500","tract",2023,"education_rnk",76.3292
"39035116600","tract",2023,"education_rnk",81.4298
"39035116700","tract",2023,"education_rnk",95.5769
"39035116800","tract",2023,"education_rnk",85.3805
"39035116900","tract",2023,"education_rnk",73.4395
"39035117101","tract",2023,"education_rnk",61.5546
"39035117102","tract",2023,"education_rnk",43.883
"39035117201","tract",2023,"education_rnk",82.1819
"39035117203","tract",2023,"education_rnk",75.6358
"39035117300","tract",2023,"education_rnk",85.8615
"39035117400","tract",2023,"education_rnk",64.0378
"39035117500","tract",2023,"education_rnk",84.145
"39035117600","tract",2023,"education_rnk",69.4156
"39035117700","tract",2023,"education_rnk",27.0879
"39035117800","tract",2023,"education_rnk",73.3296
"39035117900","tract",2023,"education_rnk",55.1733
"39035118101","tract",2023,"education_rnk",70.6047
"39035118200","tract",2023,"education_rnk",75.3843
"39035118301","tract",2023,"education_rnk",65.9093
"39035118602","tract",2023,"education_rnk",66.0497
"39035118800","tract",2023,"education_rnk",43.5387
"39035118900","tract",2023,"education_rnk",46.1354
"39035119401","tract",2023,"education_rnk",34.12
"39035119402","tract",2023,"education_rnk",81.8193
"39035119501","tract",2023,"education_rnk",5.9662
"39035119502","tract",2023,"education_rnk",30.6162
"39035119600","tract",2023,"education_rnk",80.745
"39035119701","tract",2023,"education_rnk",78.0591
"39035119702","tract",2023,"education_rnk",80.8048
"39035119800","tract",2023,"education_rnk",83.5517
"39035119900","tract",2023,"education_rnk",68.3815
"39035120200","tract",2023,"education_rnk",68.1923
"39035120400","tract",2023,"education_rnk",63.3969
"39035120500","tract",2023,"education_rnk",55.8423
"39035120600","tract",2023,"education_rnk",61.5387
"39035120701","tract",2023,"education_rnk",94.6881
"39035120702","tract",2023,"education_rnk",94.4
"39035120801","tract",2023,"education_rnk",48.3
"39035120802","tract",2023,"education_rnk",86.8821
"39035121100","tract",2023,"education_rnk",80.0295
"39035121200","tract",2023,"education_rnk",50.5817
"39035121300","tract",2023,"education_rnk",86.1972
"39035121401","tract",2023,"education_rnk",81.1283
"39035121403","tract",2023,"education_rnk",46.1806
"39035121500","tract",2023,"education_rnk",68.6831
"39035121700","tract",2023,"education_rnk",46.6421
"39035121800","tract",2023,"education_rnk",72.6593
"39035121900","tract",2023,"education_rnk",46.3222
"39035122100","tract",2023,"education_rnk",37.8386
"39035122200","tract",2023,"education_rnk",92.8959
"39035122300","tract",2023,"education_rnk",82.9986
"39035123100","tract",2023,"education_rnk",16.7865
"39035123200","tract",2023,"education_rnk",20.7091
"39035123400","tract",2023,"education_rnk",18.083
"39035123501","tract",2023,"education_rnk",65.5162
"39035123502","tract",2023,"education_rnk",52.4972
"39035123601","tract",2023,"education_rnk",8.8901
"39035123602","tract",2023,"education_rnk",58.8578
"39035123603","tract",2023,"education_rnk",25.2701
"39035123700","tract",2023,"education_rnk",63.4725
"39035123800","tract",2023,"education_rnk",91.4615
"39035123900","tract",2023,"education_rnk",80.8365
"39035124100","tract",2023,"education_rnk",95.5781
"39035124201","tract",2023,"education_rnk",83.913
"39035124202","tract",2023,"education_rnk",84.1865
"39035124300","tract",2023,"education_rnk",82.5371
"39035124500","tract",2023,"education_rnk",38.5479
"39035124600","tract",2023,"education_rnk",94.0338
"39035126100","tract",2023,"education_rnk",77.7148
"39035127501","tract",2023,"education_rnk",62.2786
"39035130103","tract",2023,"education_rnk",18.1624
"39035130104","tract",2023,"education_rnk",19.1464
"39035130105","tract",2023,"education_rnk",15.6646
"39035130106","tract",2023,"education_rnk",10.9717
"39035131103","tract",2023,"education_rnk",12.2951
"39035131104","tract",2023,"education_rnk",8.9365
"39035131105","tract",2023,"education_rnk",9.3052
"39035132100","tract",2023,"education_rnk",27.7216
"39035132200","tract",2023,"education_rnk",21.9433
"39035132301","tract",2023,"education_rnk",68.5634
"39035132302","tract",2023,"education_rnk",60.0066
"39035133103","tract",2023,"education_rnk",59.1471
"39035133104","tract",2023,"education_rnk",54.0074
"39035134100","tract",2023,"education_rnk",34.579
"39035134203","tract",2023,"education_rnk",29.0938
"39035134204","tract",2023,"education_rnk",38.1707
"39035134205","tract",2023,"education_rnk",28.0207
"39035134206","tract",2023,"education_rnk",29.7262
"39035134300","tract",2023,"education_rnk",NA
"39035135103","tract",2023,"education_rnk",9.9889
"39035135104","tract",2023,"education_rnk",19.4601
"39035135105","tract",2023,"education_rnk",15.9942
"39035135106","tract",2023,"education_rnk",17.7876
"39035136101","tract",2023,"education_rnk",20.1389
"39035136103","tract",2023,"education_rnk",21.267
"39035136104","tract",2023,"education_rnk",7.1456
"39035136105","tract",2023,"education_rnk",1.4882
"39035137101","tract",2023,"education_rnk",61.0638
"39035137102","tract",2023,"education_rnk",66.4013
"39035137103","tract",2023,"education_rnk",42.3276
"39035138105","tract",2023,"education_rnk",40.1216
"39035138106","tract",2023,"education_rnk",49.7662
"39035138107","tract",2023,"education_rnk",47.0242
"39035138108","tract",2023,"education_rnk",49.8468
"39035138109","tract",2023,"education_rnk",34.8769
"39035138110","tract",2023,"education_rnk",41.1483
"39035140100","tract",2023,"education_rnk",41.8637
"39035140301","tract",2023,"education_rnk",64.0195
"39035140302","tract",2023,"education_rnk",43.8598
"39035140400","tract",2023,"education_rnk",38.5687
"39035140500","tract",2023,"education_rnk",21.4611
"39035140600","tract",2023,"education_rnk",18.2186
"39035140701","tract",2023,"education_rnk",68.9517
"39035140702","tract",2023,"education_rnk",68.633
"39035140800","tract",2023,"education_rnk",27.1368
"39035140900","tract",2023,"education_rnk",14.5451
"39035141000","tract",2023,"education_rnk",41.5304
"39035141100","tract",2023,"education_rnk",9.7728
"39035141200","tract",2023,"education_rnk",4.2241
"39035141300","tract",2023,"education_rnk",20.8702
"39035141400","tract",2023,"education_rnk",4.0153
"39035141500","tract",2023,"education_rnk",9.3956
"39035141601","tract",2023,"education_rnk",3.9299
"39035141602","tract",2023,"education_rnk",24.4668
"39035141700","tract",2023,"education_rnk",2.4856
"39035150100","tract",2023,"education_rnk",33.1982
"39035150300","tract",2023,"education_rnk",75.3244
"39035150400","tract",2023,"education_rnk",91.3748
"39035151200","tract",2023,"education_rnk",71.5179
"39035151300","tract",2023,"education_rnk",61.5217
"39035151500","tract",2023,"education_rnk",64.0817
"39035151600","tract",2023,"education_rnk",81.5385
"39035151700","tract",2023,"education_rnk",87.5108
"39035151800","tract",2023,"education_rnk",93.6639
"39035152101","tract",2023,"education_rnk",22.3999
"39035152102","tract",2023,"education_rnk",73.8265
"39035152201","tract",2023,"education_rnk",39.9702
"39035152202","tract",2023,"education_rnk",56.8593
"39035152301","tract",2023,"education_rnk",38.5687
"39035152302","tract",2023,"education_rnk",42.0151
"39035152303","tract",2023,"education_rnk",46.5908
"39035152400","tract",2023,"education_rnk",73.0097
"39035152501","tract",2023,"education_rnk",66.8115
"39035152502","tract",2023,"education_rnk",33.5144
"39035152605","tract",2023,"education_rnk",67.7455
"39035152701","tract",2023,"education_rnk",54.7216
"39035152702","tract",2023,"education_rnk",66.6504
"39035152703","tract",2023,"education_rnk",12.61
"39035153103","tract",2023,"education_rnk",16.4496
"39035153104","tract",2023,"education_rnk",12.2596
"39035153105","tract",2023,"education_rnk",23.4706
"39035153106","tract",2023,"education_rnk",16.7865
"39035153107","tract",2023,"education_rnk",19.0451
"39035154100","tract",2023,"education_rnk",60.5853
"39035154200","tract",2023,"education_rnk",56.7946
"39035154400","tract",2023,"education_rnk",58.0032
"39035154501","tract",2023,"education_rnk",61.0028
"39035154502","tract",2023,"education_rnk",56.0938
"39035154601","tract",2023,"education_rnk",86.1655
"39035154603","tract",2023,"education_rnk",60.9552
"39035154604","tract",2023,"education_rnk",59.163
"39035155101","tract",2023,"education_rnk",26.0649
"39035155102","tract",2023,"education_rnk",21.9433
"39035156101","tract",2023,"education_rnk",19.5712
"39035156102","tract",2023,"education_rnk",16.2408
"39035160100","tract",2023,"education_rnk",5.4864
"39035160200","tract",2023,"education_rnk",8.287
"39035160300","tract",2023,"education_rnk",5.5695
"39035160400","tract",2023,"education_rnk",17.8779
"39035160500","tract",2023,"education_rnk",11.8397
"39035160602","tract",2023,"education_rnk",24.9222
"39035160603","tract",2023,"education_rnk",5.7892
"39035160604","tract",2023,"education_rnk",3.306
"39035160900","tract",2023,"education_rnk",11.156
"39035161000","tract",2023,"education_rnk",12.2951
"39035161100","tract",2023,"education_rnk",9.4444
"39035161200","tract",2023,"education_rnk",17.4397
"39035161300","tract",2023,"education_rnk",17.7363
"39035161400","tract",2023,"education_rnk",21.6308
"39035161500","tract",2023,"education_rnk",31.4524
"39035161600","tract",2023,"education_rnk",37.2014
"39035161900","tract",2023,"education_rnk",14.8442
"39035170101","tract",2023,"education_rnk",4.0764
"39035170102","tract",2023,"education_rnk",8.3347
"39035170201","tract",2023,"education_rnk",5.7233
"39035170202","tract",2023,"education_rnk",3.7565
"39035171102","tract",2023,"education_rnk",81.9719
"39035171103","tract",2023,"education_rnk",81.8901
"39035171104","tract",2023,"education_rnk",79.9087
"39035171203","tract",2023,"education_rnk",76.7528
"39035171204","tract",2023,"education_rnk",58.6344
"39035171205","tract",2023,"education_rnk",54.3041
"39035171206","tract",2023,"education_rnk",37.8191
"39035172101","tract",2023,"education_rnk",36.3138
"39035172102","tract",2023,"education_rnk",39.8713
"39035172104","tract",2023,"education_rnk",6.0615
"39035172105","tract",2023,"education_rnk",16.3446
"39035172201","tract",2023,"education_rnk",38.1707
"39035172202","tract",2023,"education_rnk",20.7371
"39035173103","tract",2023,"education_rnk",27.2967
"39035173104","tract",2023,"education_rnk",22.0276
"39035173105","tract",2023,"education_rnk",35.2273
"39035173106","tract",2023,"education_rnk",19.7214
"39035173107","tract",2023,"education_rnk",39.9995
"39035174103","tract",2023,"education_rnk",68.6831
"39035174104","tract",2023,"education_rnk",43.1114
"39035174105","tract",2023,"education_rnk",27.9535
"39035174106","tract",2023,"education_rnk",22.6136
"39035174107","tract",2023,"education_rnk",36.3871
"39035174203","tract",2023,"education_rnk",24.5535
"39035174204","tract",2023,"education_rnk",54.7008
"39035174205","tract",2023,"education_rnk",24.4265
"39035174206","tract",2023,"education_rnk",77.9187
"39035174207","tract",2023,"education_rnk",58.2156
"39035175105","tract",2023,"education_rnk",22.0508
"39035175106","tract",2023,"education_rnk",25.3824
"39035175107","tract",2023,"education_rnk",13.2107
"39035175108","tract",2023,"education_rnk",22.0984
"39035175109","tract",2023,"education_rnk",26.5654
"39035175110","tract",2023,"education_rnk",50.2008
"39035175201","tract",2023,"education_rnk",11.0107
"39035175202","tract",2023,"education_rnk",26.4104
"39035176100","tract",2023,"education_rnk",26.8975
"39035176200","tract",2023,"education_rnk",42.7501
"39035177101","tract",2023,"education_rnk",46.2978
"39035177103","tract",2023,"education_rnk",28.8447
"39035177104","tract",2023,"education_rnk",49.0899
"39035177201","tract",2023,"education_rnk",60.6268
"39035177202","tract",2023,"education_rnk",41.7709
"39035177302","tract",2023,"education_rnk",60.5059
"39035177303","tract",2023,"education_rnk",34.6742
"39035177304","tract",2023,"education_rnk",45.1942
"39035177403","tract",2023,"education_rnk",43.275
"39035177404","tract",2023,"education_rnk",32.8344
"39035177405","tract",2023,"education_rnk",52.4032
"39035177406","tract",2023,"education_rnk",49.2486
"39035177501","tract",2023,"education_rnk",51.407
"39035177503","tract",2023,"education_rnk",34.12
"39035177504","tract",2023,"education_rnk",43.8061
"39035177505","tract",2023,"education_rnk",19.2526
"39035177604","tract",2023,"education_rnk",40.9005
"39035177605","tract",2023,"education_rnk",48.1974
"39035177606","tract",2023,"education_rnk",55.0866
"39035177607","tract",2023,"education_rnk",34.6071
"39035177608","tract",2023,"education_rnk",59.5976
"39035177609","tract",2023,"education_rnk",30.5099
"39035178101","tract",2023,"education_rnk",32.9333
"39035178102","tract",2023,"education_rnk",46.1354
"39035178201","tract",2023,"education_rnk",31.3377
"39035178204","tract",2023,"education_rnk",66.2695
"39035178205","tract",2023,"education_rnk",57.3586
"39035178206","tract",2023,"education_rnk",32.3766
"39035179101","tract",2023,"education_rnk",6.1078
"39035179102","tract",2023,"education_rnk",2.2024
"39035180102","tract",2023,"education_rnk",24.0859
"39035180103","tract",2023,"education_rnk",33.7561
"39035180104","tract",2023,"education_rnk",41.3424
"39035181100","tract",2023,"education_rnk",12.8041
"39035181201","tract",2023,"education_rnk",20.4759
"39035181203","tract",2023,"education_rnk",11.2671
"39035181204","tract",2023,"education_rnk",8.2431
"39035182103","tract",2023,"education_rnk",6.4338
"39035182104","tract",2023,"education_rnk",16.9611
"39035182105","tract",2023,"education_rnk",30.2755
"39035182106","tract",2023,"education_rnk",22.6905
"39035183100","tract",2023,"education_rnk",11.0242
"39035183200","tract",2023,"education_rnk",2.1877
"39035183300","tract",2023,"education_rnk",5.7953
"39035183401","tract",2023,"education_rnk",9.293
"39035183402","tract",2023,"education_rnk",21.8457
"39035183501","tract",2023,"education_rnk",9.6764
"39035183502","tract",2023,"education_rnk",9.177
"39035183603","tract",2023,"education_rnk",26.0856
"39035183604","tract",2023,"education_rnk",12.5917
"39035183605","tract",2023,"education_rnk",7.8768
"39035183606","tract",2023,"education_rnk",14.3216
"39035184103","tract",2023,"education_rnk",67.2303
"39035184104","tract",2023,"education_rnk",10.2892
"39035184105","tract",2023,"education_rnk",16.4227
"39035184106","tract",2023,"education_rnk",42.7232
"39035184108","tract",2023,"education_rnk",11.7261
"39035185101","tract",2023,"education_rnk",21.2536
"39035185102","tract",2023,"education_rnk",27.6581
"39035185103","tract",2023,"education_rnk",17.3676
"39035185104","tract",2023,"education_rnk",16.8732
"39035185201","tract",2023,"education_rnk",24.1799
"39035185202","tract",2023,"education_rnk",31.1863
"39035185203","tract",2023,"education_rnk",20.5906
"39035186103","tract",2023,"education_rnk",10.2465
"39035186104","tract",2023,"education_rnk",31.5562
"39035186105","tract",2023,"education_rnk",14.9443
"39035186106","tract",2023,"education_rnk",26.5837
"39035186107","tract",2023,"education_rnk",26.1381
"39035186201","tract",2023,"education_rnk",22.7845
"39035186202","tract",2023,"education_rnk",22.6563
"39035186203","tract",2023,"education_rnk",18.0672
"39035186205","tract",2023,"education_rnk",43.651
"39035186206","tract",2023,"education_rnk",11.9837
"39035187103","tract",2023,"education_rnk",21.7858
"39035187104","tract",2023,"education_rnk",4.3291
"39035187105","tract",2023,"education_rnk",37.3515
"39035187106","tract",2023,"education_rnk",32.5158
"39035188103","tract",2023,"education_rnk",55.509
"39035188106","tract",2023,"education_rnk",78.2313
"39035188107","tract",2023,"education_rnk",37.8911
"39035189105","tract",2023,"education_rnk",12.2096
"39035189107","tract",2023,"education_rnk",28.2844
"39035189108","tract",2023,"education_rnk",7.2762
"39035189109","tract",2023,"education_rnk",18.5274
"39035189110","tract",2023,"education_rnk",22.1118
"39035189111","tract",2023,"education_rnk",17.9268
"39035189112","tract",2023,"education_rnk",32.5158
"39035190502","tract",2023,"education_rnk",14.0396
"39035190503","tract",2023,"education_rnk",20.3977
"39035190505","tract",2023,"education_rnk",39.4172
"39035190506","tract",2023,"education_rnk",22.7845
"39035192300","tract",2023,"education_rnk",30.9995
"39035192800","tract",2023,"education_rnk",1.0988
"39035192900","tract",2023,"education_rnk",20.1768
"39035194100","tract",2023,"education_rnk",18.315
"39035194300","tract",2023,"education_rnk",22.1985
"39035194500","tract",2023,"education_rnk",2.9019
"39035195600","tract",2023,"education_rnk",42.5279
"39035195700","tract",2023,"education_rnk",47.2611
"39035195800","tract",2023,"education_rnk",10.8117
"39035195900","tract",2023,"education_rnk",12.4513
"39035196000","tract",2023,"education_rnk",37.4211
"39035196100","tract",2023,"education_rnk",33.9161
"39035196200","tract",2023,"education_rnk",76.0948
"39035196300","tract",2023,"education_rnk",2.8287
"39035196400","tract",2023,"education_rnk",93.7176
"39035196800","tract",2023,"education_rnk",NA
"39035197000","tract",2023,"education_rnk",60.0066
"39035197100","tract",2023,"education_rnk",15.479
"39035197200","tract",2023,"education_rnk",79.015
"39035197300","tract",2023,"education_rnk",36.1758
"39035197400","tract",2023,"education_rnk",72.884
"39035197500","tract",2023,"education_rnk",8.3456
"39035197600","tract",2023,"education_rnk",95.1167
"39035197700","tract",2023,"education_rnk",34.695
"39035197800","tract",2023,"education_rnk",2.3941
"39035197900","tract",2023,"education_rnk",95.3132
"39035198000","tract",2023,"education_rnk",87.722
"39035198100","tract",2023,"education_rnk",73.9632
"39035198200","tract",2023,"education_rnk",82.2844
"39035198300","tract",2023,"education_rnk",77.4499
"39035198400","tract",2023,"education_rnk",89.1199
"39035198500","tract",2023,"education_rnk",94.2193
"39035198600","tract",2023,"education_rnk",75.8494
"39035198700","tract",2023,"education_rnk",81.4298
"39035198800","tract",2023,"education_rnk",72.5507
"39035198900","tract",2023,"education_rnk",80.4764
"39035199000","tract",2023,"education_rnk",78.4388
"39035199100","tract",2023,"education_rnk",73.879
"39035199200","tract",2023,"education_rnk",72.7656
"39035199300","tract",2023,"education_rnk",59.2778
"39035980100","tract",2023,"education_rnk",NA
"39035980200","tract",2023,"education_rnk",NA
"39035980500","tract",2023,"education_rnk",NA
"39035980900","tract",2023,"education_rnk",NA
"39035981000","tract",2023,"education_rnk",NA
"39035981100","tract",2023,"education_rnk",NA
"39035990000","tract",2023,"education_rnk",NA
"39037500100","tract",2023,"education_rnk",51.4534
"39037510100","tract",2023,"education_rnk",76.5428
"39037520100","tract",2023,"education_rnk",64.8545
"39037530100","tract",2023,"education_rnk",52.0113
"39037540100","tract",2023,"education_rnk",80.4764
"39037550100","tract",2023,"education_rnk",63.7949
"39037555001","tract",2023,"education_rnk",40.9982
"39037555002","tract",2023,"education_rnk",77.5329
"39037555101","tract",2023,"education_rnk",83.8312
"39037555102","tract",2023,"education_rnk",79.3483
"39037560101","tract",2023,"education_rnk",62.4629
"39037560102","tract",2023,"education_rnk",69.6048
"39037570101","tract",2023,"education_rnk",57.8005
"39037570102","tract",2023,"education_rnk",61.5387
"39039958100","tract",2023,"education_rnk",52.0113
"39039958200","tract",2023,"education_rnk",67.2303
"39039958300","tract",2023,"education_rnk",69.263
"39039958400","tract",2023,"education_rnk",61.4704
"39039958500","tract",2023,"education_rnk",53.2908
"39039958600","tract",2023,"education_rnk",83.9252
"39039958700","tract",2023,"education_rnk",56.5809
"39039958800","tract",2023,"education_rnk",40.721
"39039958900","tract",2023,"education_rnk",32.8967
"39041010100","tract",2023,"education_rnk",27.3748
"39041010200","tract",2023,"education_rnk",44.6814
"39041010420","tract",2023,"education_rnk",47.6273
"39041010421","tract",2023,"education_rnk",19.9302
"39041010422","tract",2023,"education_rnk",38.4014
"39041010520","tract",2023,"education_rnk",21.4208
"39041010530","tract",2023,"education_rnk",63.934
"39041011101","tract",2023,"education_rnk",54.9206
"39041011102","tract",2023,"education_rnk",26.5434
"39041011200","tract",2023,"education_rnk",26.6985
"39041011411","tract",2023,"education_rnk",15.7134
"39041011412","tract",2023,"education_rnk",15.0224
"39041011421","tract",2023,"education_rnk",16.9269
"39041011423","tract",2023,"education_rnk",3.9091
"39041011430","tract",2023,"education_rnk",17.425
"39041011431","tract",2023,"education_rnk",9.5799
"39041011432","tract",2023,"education_rnk",13.9395
"39041011520","tract",2023,"education_rnk",26.4323
"39041011530","tract",2023,"education_rnk",17.6899
"39041011540","tract",2023,"education_rnk",29.9569
"39041011561","tract",2023,"education_rnk",26.4751
"39041011562","tract",2023,"education_rnk",23.5036
"39041011563","tract",2023,"education_rnk",10.8618
"39041011564","tract",2023,"education_rnk",18.8351
"39041011565","tract",2023,"education_rnk",10.0231
"39041011604","tract",2023,"education_rnk",30.3
"39041011710","tract",2023,"education_rnk",10.9302
"39041011740","tract",2023,"education_rnk",4.6465
"39041011760","tract",2023,"education_rnk",40.9469
"39041011762","tract",2023,"education_rnk",16.2579
"39041011763","tract",2023,"education_rnk",15.5583
"39041011764","tract",2023,"education_rnk",4.3743
"39041011765","tract",2023,"education_rnk",23.4706
"39041011766","tract",2023,"education_rnk",14.2032
"39041011900","tract",2023,"education_rnk",3.3512
"39041012000","tract",2023,"education_rnk",18.3577
"39041012100","tract",2023,"education_rnk",9.9718
"39041012200","tract",2023,"education_rnk",28.6079
"39041012300","tract",2023,"education_rnk",23.7489
"39041012400","tract",2023,"education_rnk",14.6916
"39043040100","tract",2023,"education_rnk",51.2654
"39043040200","tract",2023,"education_rnk",42.4973
"39043040300","tract",2023,"education_rnk",39.0985
"39043040400","tract",2023,"education_rnk",18.3773
"39043040500","tract",2023,"education_rnk",38.482
"39043040700","tract",2023,"education_rnk",53.3127
"39043040801","tract",2023,"education_rnk",55.4626
"39043040802","tract",2023,"education_rnk",31.7247
"39043040900","tract",2023,"education_rnk",55.2002
"39043041000","tract",2023,"education_rnk",87.8283
"39043041100","tract",2023,"education_rnk",80.745
"39043041200","tract",2023,"education_rnk",88.3251
"39043041300","tract",2023,"education_rnk",66.9239
"39043041400","tract",2023,"education_rnk",49.3975
"39043041600","tract",2023,"education_rnk",48.5124
"39043041701","tract",2023,"education_rnk",53.7632
"39043041702","tract",2023,"education_rnk",40.4647
"39043041800","tract",2023,"education_rnk",39.2011
"39043041900","tract",2023,"education_rnk",22.5171
"39043990100","tract",2023,"education_rnk",NA
"39045030100","tract",2023,"education_rnk",33.2971
"39045030200","tract",2023,"education_rnk",56.6786
"39045030300","tract",2023,"education_rnk",46.7593
"39045030400","tract",2023,"education_rnk",42.888
"39045030601","tract",2023,"education_rnk",33.2971
"39045030602","tract",2023,"education_rnk",13.4194
"39045030700","tract",2023,"education_rnk",35.4446
"39045030800","tract",2023,"education_rnk",30.1498
"39045030901","tract",2023,"education_rnk",58.6563
"39045030902","tract",2023,"education_rnk",50.13
"39045031000","tract",2023,"education_rnk",32.318
"39045031100","tract",2023,"education_rnk",61.3397
"39045031200","tract",2023,"education_rnk",47.4893
"39045031300","tract",2023,"education_rnk",46.4529
"39045031401","tract",2023,"education_rnk",19.9863
"39045031402","tract",2023,"education_rnk",39.5197
"39045031500","tract",2023,"education_rnk",67.6857
"39045031600","tract",2023,"education_rnk",35.6094
"39045031700","tract",2023,"education_rnk",82.4932
"39045032000","tract",2023,"education_rnk",75.1193
"39045032100","tract",2023,"education_rnk",33.3582
"39045032200","tract",2023,"education_rnk",51.0139
"39045032300","tract",2023,"education_rnk",51.385
"39045032501","tract",2023,"education_rnk",61.7365
"39045032502","tract",2023,"education_rnk",NA
"39045032601","tract",2023,"education_rnk",64.6018
"39045032602","tract",2023,"education_rnk",55.216
"39045032701","tract",2023,"education_rnk",23.9223
"39045032703","tract",2023,"education_rnk",56.8178
"39045032704","tract",2023,"education_rnk",58.6344
"39045032800","tract",2023,"education_rnk",21.538
"39045032901","tract",2023,"education_rnk",25.1187
"39045032902","tract",2023,"education_rnk",22.1753
"39045033000","tract",2023,"education_rnk",36.8107
"39045033101","tract",2023,"education_rnk",69.6231
"39045033102","tract",2023,"education_rnk",24.5315
"39047925800","tract",2023,"education_rnk",66.0497
"39047925900","tract",2023,"education_rnk",59.9883
"39047926000","tract",2023,"education_rnk",82.3223
"39047926100","tract",2023,"education_rnk",83.5919
"39047926200","tract",2023,"education_rnk",62.3213
"39047926300","tract",2023,"education_rnk",72.0514
"39047926400","tract",2023,"education_rnk",82.785
"39049000110","tract",2023,"education_rnk",2.1084
"39049000120","tract",2023,"education_rnk",2.7005
"39049000210","tract",2023,"education_rnk",2.709
"39049000220","tract",2023,"education_rnk",2.3037
"39049000310","tract",2023,"education_rnk",50.528
"39049000320","tract",2023,"education_rnk",46.0634
"39049000330","tract",2023,"education_rnk",79.7292
"39049000410","tract",2023,"education_rnk",7.8451
"39049000420","tract",2023,"education_rnk",5.6012
"39049000500","tract",2023,"education_rnk",9.8705
"39049000600","tract",2023,"education_rnk",15.0517
"39049000710","tract",2023,"education_rnk",76.3145
"39049000720","tract",2023,"education_rnk",94.1583
"39049000730","tract",2023,"education_rnk",87.2874
"39049000810","tract",2023,"education_rnk",82.5738
"39049000820","tract",2023,"education_rnk",86.0825
"39049000910","tract",2023,"education_rnk",91.8888
"39049000920","tract",2023,"education_rnk",94.516
"39049001000","tract",2023,"education_rnk",52.5216
"39049001110","tract",2023,"education_rnk",65.1024
"39049001121","tract",2023,"education_rnk",NA
"39049001122","tract",2023,"education_rnk",NA
"39049001200","tract",2023,"education_rnk",70.6547
"39049001301","tract",2023,"education_rnk",35.2273
"39049001302","tract",2023,"education_rnk",NA
"39049001400","tract",2023,"education_rnk",86.0116
"39049001500","tract",2023,"education_rnk",74.4515
"39049001600","tract",2023,"education_rnk",30.1913
"39049001700","tract",2023,"education_rnk",48.8372
"39049001810","tract",2023,"education_rnk",26.6985
"39049001820","tract",2023,"education_rnk",3.2779
"39049001901","tract",2023,"education_rnk",3.2401
"39049001902","tract",2023,"education_rnk",2.2146
"39049002000","tract",2023,"education_rnk",1.7373
"39049002100","tract",2023,"education_rnk",2.1572
"39049002200","tract",2023,"education_rnk",0.21
"39049002300","tract",2023,"education_rnk",78.1629
"39049002510","tract",2023,"education_rnk",89.8561
"39049002520","tract",2023,"education_rnk",25.5887
"39049002600","tract",2023,"education_rnk",87.8685
"39049002710","tract",2023,"education_rnk",48.9238
"39049002730","tract",2023,"education_rnk",80.3311
"39049002740","tract",2023,"education_rnk",12.2218
"39049002750","tract",2023,"education_rnk",89.1077
"39049002760","tract",2023,"education_rnk",21.4794
"39049002770","tract",2023,"education_rnk",79.4973
"39049002780","tract",2023,"education_rnk",9.1367
"39049002800","tract",2023,"education_rnk",33.2971
"39049002900","tract",2023,"education_rnk",93.7359
"39049003000","tract",2023,"education_rnk",2.825
"39049003200","tract",2023,"education_rnk",1.2013
"39049003600","tract",2023,"education_rnk",43.1883
"39049003700","tract",2023,"education_rnk",26.2272
"39049003800","tract",2023,"education_rnk",10.2892
"39049004001","tract",2023,"education_rnk",8.9487
"39049004002","tract",2023,"education_rnk",3.3219
"39049004200","tract",2023,"education_rnk",15.3093
"39049004301","tract",2023,"education_rnk",2.1487
"39049004302","tract",2023,"education_rnk",96.379
"39049004500","tract",2023,"education_rnk",76.8371
"39049004610","tract",2023,"education_rnk",27.6166
"39049004620","tract",2023,"education_rnk",86.6379
"39049004700","tract",2023,"education_rnk",95.8797
"39049004810","tract",2023,"education_rnk",64.5408
"39049004820","tract",2023,"education_rnk",91.343
"39049004900","tract",2023,"education_rnk",92.5602
"39049005001","tract",2023,"education_rnk",76.6979
"39049005002","tract",2023,"education_rnk",96.8173
"39049005100","tract",2023,"education_rnk",96.0726
"39049005200","tract",2023,"education_rnk",0.7679
"39049005300","tract",2023,"education_rnk",57.0046
"39049005410","tract",2023,"education_rnk",69.6048
"39049005420","tract",2023,"education_rnk",55.5518
"39049005500","tract",2023,"education_rnk",51.1189
"39049005610","tract",2023,"education_rnk",60.0554
"39049005620","tract",2023,"education_rnk",51.8429
"39049005700","tract",2023,"education_rnk",1.2147
"39049005810","tract",2023,"education_rnk",1.736
"39049005820","tract",2023,"education_rnk",4.5879
"39049005900","tract",2023,"education_rnk",63.3969
"39049006000","tract",2023,"education_rnk",79.6779
"39049006100","tract",2023,"education_rnk",47.7494
"39049006236","tract",2023,"education_rnk",8.9365
"39049006237","tract",2023,"education_rnk",6.9795
"39049006238","tract",2023,"education_rnk",14.578
"39049006239","tract",2023,"education_rnk",16.4667
"39049006240","tract",2023,"education_rnk",5.9552
"39049006241","tract",2023,"education_rnk",8.1418
"39049006301","tract",2023,"education_rnk",32.7245
"39049006302","tract",2023,"education_rnk",36.8632
"39049006310","tract",2023,"education_rnk",6.5364
"39049006321","tract",2023,"education_rnk",16.2249
"39049006323","tract",2023,"education_rnk",3.8102
"39049006330","tract",2023,"education_rnk",4.0861
"39049006340","tract",2023,"education_rnk",19.3576
"39049006351","tract",2023,"education_rnk",23.5658
"39049006352","tract",2023,"education_rnk",18.4554
"39049006353","tract",2023,"education_rnk",44.2712
"39049006372","tract",2023,"education_rnk",54.7216
"39049006384","tract",2023,"education_rnk",10.6018
"39049006386","tract",2023,"education_rnk",4.9273
"39049006387","tract",2023,"education_rnk",15.219
"39049006391","tract",2023,"education_rnk",8.8291
"39049006392","tract",2023,"education_rnk",6.4179
"39049006393","tract",2023,"education_rnk",19.4443
"39049006394","tract",2023,"education_rnk",20.2647
"39049006395","tract",2023,"education_rnk",13.1557
"39049006396","tract",2023,"education_rnk",13.9749
"39049006397","tract",2023,"education_rnk",56.598
"39049006398","tract",2023,"education_rnk",14.788
"39049006410","tract",2023,"education_rnk",7.0711
"39049006430","tract",2023,"education_rnk",16.314
"39049006500","tract",2023,"education_rnk",12.1827
"39049006600","tract",2023,"education_rnk",6.1933
"39049006710","tract",2023,"education_rnk",5.5353
"39049006721","tract",2023,"education_rnk",9.5506
"39049006722","tract",2023,"education_rnk",9.5799
"39049006810","tract",2023,"education_rnk",5.9943
"39049006821","tract",2023,"education_rnk",14.0006
"39049006822","tract",2023,"education_rnk",7.662
"39049006910","tract",2023,"education_rnk",7.3507
"39049006921","tract",2023,"education_rnk",73.9632
"39049006923","tract",2023,"education_rnk",72.7997
"39049006924","tract",2023,"education_rnk",83.4625
"39049006931","tract",2023,"education_rnk",56.7396
"39049006932","tract",2023,"education_rnk",84.1023
"39049006933","tract",2023,"education_rnk",98.5435
"39049006943","tract",2023,"education_rnk",50.2301
"39049006944","tract",2023,"education_rnk",57.8005
"39049006945","tract",2023,"education_rnk",84.1193
"39049006950","tract",2023,"education_rnk",1.6713
"39049006991","tract",2023,"education_rnk",8.3127
"39049006992","tract",2023,"education_rnk",78.0884
"39049007010","tract",2023,"education_rnk",46.9412
"39049007020","tract",2023,"education_rnk",13.8846
"39049007041","tract",2023,"education_rnk",11.2134
"39049007043","tract",2023,"education_rnk",28.2294
"39049007044","tract",2023,"education_rnk",4.9017
"39049007047","tract",2023,"education_rnk",15.7781
"39049007048","tract",2023,"education_rnk",26.7583
"39049007101","tract",2023,"education_rnk",27.8998
"39049007102","tract",2023,"education_rnk",5.0994
"39049007103","tract",2023,"education_rnk",46.3222
"39049007112","tract",2023,"education_rnk",53.7388
"39049007113","tract",2023,"education_rnk",74.7629
"39049007114","tract",2023,"education_rnk",25.5094
"39049007115","tract",2023,"education_rnk",72.0184
"39049007120","tract",2023,"education_rnk",40.4207
"39049007193","tract",2023,"education_rnk",20.786
"39049007198","tract",2023,"education_rnk",26.2272
"39049007199","tract",2023,"education_rnk",40.8651
"39049007202","tract",2023,"education_rnk",42.6316
"39049007205","tract",2023,"education_rnk",1.7165
"39049007209","tract",2023,"education_rnk",18.7875
"39049007211","tract",2023,"education_rnk",4.207
"39049007212","tract",2023,"education_rnk",12.6698
"39049007213","tract",2023,"education_rnk",22.3877
"39049007214","tract",2023,"education_rnk",11.1755
"39049007215","tract",2023,"education_rnk",1.957
"39049007301","tract",2023,"education_rnk",30.7529
"39049007302","tract",2023,"education_rnk",53.7132
"39049007303","tract",2023,"education_rnk",41.4755
"39049007305","tract",2023,"education_rnk",7.3934
"39049007306","tract",2023,"education_rnk",6.5864
"39049007394","tract",2023,"education_rnk",2.4551
"39049007397","tract",2023,"education_rnk",37.7336
"39049007398","tract",2023,"education_rnk",82.387
"39049007424","tract",2023,"education_rnk",67.0618
"39049007425","tract",2023,"education_rnk",31.9469
"39049007426","tract",2023,"education_rnk",18.923
"39049007427","tract",2023,"education_rnk",29.2073
"39049007492","tract",2023,"education_rnk",36.7057
"39049007494","tract",2023,"education_rnk",37.0646
"39049007511","tract",2023,"education_rnk",88.2946
"39049007512","tract",2023,"education_rnk",87.2532
"39049007520","tract",2023,"education_rnk",87.1238
"39049007531","tract",2023,"education_rnk",94.3255
"39049007532","tract",2023,"education_rnk",90.4396
"39049007533","tract",2023,"education_rnk",88.7634
"39049007534","tract",2023,"education_rnk",97.9282
"39049007550","tract",2023,"education_rnk",57.0046
"39049007552","tract",2023,"education_rnk",92.0487
"39049007553","tract",2023,"education_rnk",62.4886
"39049007710","tract",2023,"education_rnk",77.7307
"39049007721","tract",2023,"education_rnk",95.7503
"39049007722","tract",2023,"education_rnk",76.6185
"39049007730","tract",2023,"education_rnk",72.6752
"39049007740","tract",2023,"education_rnk",26.519
"39049007811","tract",2023,"education_rnk",8.3786
"39049007812","tract",2023,"education_rnk",13.5757
"39049007820","tract",2023,"education_rnk",45.9303
"39049007830","tract",2023,"education_rnk",7.0467
"39049007922","tract",2023,"education_rnk",8.2236
"39049007931","tract",2023,"education_rnk",23.8051
"39049007941","tract",2023,"education_rnk",13.5586
"39049007955","tract",2023,"education_rnk",14.7734
"39049007956","tract",2023,"education_rnk",44.6314
"39049007957","tract",2023,"education_rnk",20.4759
"39049007958","tract",2023,"education_rnk",13.0788
"39049007959","tract",2023,"education_rnk",17.2333
"39049007960","tract",2023,"education_rnk",48.101
"39049007961","tract",2023,"education_rnk",24.8953
"39049007962","tract",2023,"education_rnk",23.8051
"39049007963","tract",2023,"education_rnk",17.9988
"39049007964","tract",2023,"education_rnk",12.2303
"39049007965","tract",2023,"education_rnk",28.2648
"39049007966","tract",2023,"education_rnk",41.4023
"39049008001","tract",2023,"education_rnk",9.9718
"39049008002","tract",2023,"education_rnk",29.327
"39049008110","tract",2023,"education_rnk",58.1888
"39049008120","tract",2023,"education_rnk",92.3856
"39049008132","tract",2023,"education_rnk",47.9765
"39049008163","tract",2023,"education_rnk",74.6652
"39049008164","tract",2023,"education_rnk",83.0182
"39049008165","tract",2023,"education_rnk",37.8679
"39049008166","tract",2023,"education_rnk",6.1323
"39049008167","tract",2023,"education_rnk",50.8467
"39049008168","tract",2023,"education_rnk",66.3904
"39049008169","tract",2023,"education_rnk",61.1151
"39049008170","tract",2023,"education_rnk",50.666
"39049008171","tract",2023,"education_rnk",20.3477
"39049008172","tract",2023,"education_rnk",50.2008
"39049008210","tract",2023,"education_rnk",91.5054
"39049008230","tract",2023,"education_rnk",99.0807
"39049008241","tract",2023,"education_rnk",85.3414
"39049008242","tract",2023,"education_rnk",29.3501
"39049008311","tract",2023,"education_rnk",88.4887
"39049008312","tract",2023,"education_rnk",96.0494
"39049008321","tract",2023,"education_rnk",87.6012
"39049008322","tract",2023,"education_rnk",68.2363
"39049008330","tract",2023,"education_rnk",91.2759
"39049008340","tract",2023,"education_rnk",72.1112
"39049008350","tract",2023,"education_rnk",52.7963
"39049008360","tract",2023,"education_rnk",54.0758
"39049008380","tract",2023,"education_rnk",74.1317
"39049008381","tract",2023,"education_rnk",72.7228
"39049008382","tract",2023,"education_rnk",33.2971
"39049008400","tract",2023,"education_rnk",5.7074
"39049008500","tract",2023,"education_rnk",4.4304
"39049008710","tract",2023,"education_rnk",31.7686
"39049008720","tract",2023,"education_rnk",83.3478
"39049008730","tract",2023,"education_rnk",93.46
"39049008811","tract",2023,"education_rnk",89.4984
"39049008812","tract",2023,"education_rnk",61.1408
"39049008813","tract",2023,"education_rnk",53.1443
"39049008821","tract",2023,"education_rnk",46.3222
"39049008822","tract",2023,"education_rnk",77.7454
"39049008825","tract",2023,"education_rnk",58.743
"39049008900","tract",2023,"education_rnk",29.1365
"39049009000","tract",2023,"education_rnk",6.5547
"39049009100","tract",2023,"education_rnk",9.3138
"39049009220","tract",2023,"education_rnk",89.8023
"39049009230","tract",2023,"education_rnk",76.4415
"39049009240","tract",2023,"education_rnk",51.5267
"39049009250","tract",2023,"education_rnk",70.9783
"39049009251","tract",2023,"education_rnk",84.4429
"39049009252","tract",2023,"education_rnk",30.1132
"39049009311","tract",2023,"education_rnk",35.7632
"39049009312","tract",2023,"education_rnk",67.4976
"39049009321","tract",2023,"education_rnk",55.365
"39049009322","tract",2023,"education_rnk",81.7582
"39049009323","tract",2023,"education_rnk",92.7836
"39049009325","tract",2023,"education_rnk",68.1203
"39049009326","tract",2023,"education_rnk",87.2728
"39049009332","tract",2023,"education_rnk",56.9105
"39049009334","tract",2023,"education_rnk",68.4511
"39049009336","tract",2023,"education_rnk",25.6693
"39049009337","tract",2023,"education_rnk",86.0275
"39049009340","tract",2023,"education_rnk",72.9255
"39049009350","tract",2023,"education_rnk",61.087
"39049009361","tract",2023,"education_rnk",10.1708
"39049009372","tract",2023,"education_rnk",45.171
"39049009373","tract",2023,"education_rnk",66.3379
"39049009381","tract",2023,"education_rnk",83.6713
"39049009382","tract",2023,"education_rnk",47.3477
"39049009383","tract",2023,"education_rnk",43.0931
"39049009384","tract",2023,"education_rnk",48.7224
"39049009385","tract",2023,"education_rnk",18.9071
"39049009386","tract",2023,"education_rnk",64.2136
"39049009390","tract",2023,"education_rnk",69.0786
"39049009391","tract",2023,"education_rnk",44.3237
"39049009392","tract",2023,"education_rnk",46.9095
"39049009393","tract",2023,"education_rnk",78.1458
"39049009394","tract",2023,"education_rnk",42.3276
"39049009395","tract",2023,"education_rnk",19.8899
"39049009396","tract",2023,"education_rnk",71.4666
"39049009397","tract",2023,"education_rnk",59.6171
"39049009401","tract",2023,"education_rnk",64.2539
"39049009403","tract",2023,"education_rnk",93.4368
"39049009404","tract",2023,"education_rnk",16.9452
"39049009405","tract",2023,"education_rnk",12.6393
"39049009410","tract",2023,"education_rnk",74.6078
"39049009420","tract",2023,"education_rnk",79.9624
"39049009440","tract",2023,"education_rnk",22.1985
"39049009495","tract",2023,"education_rnk",64.7703
"39049009497","tract",2023,"education_rnk",23.5658
"39049009498","tract",2023,"education_rnk",79.1933
"39049009520","tract",2023,"education_rnk",58.3011
"39049009590","tract",2023,"education_rnk",60.197
"39049009600","tract",2023,"education_rnk",71.1455
"39049009711","tract",2023,"education_rnk",60.7196
"39049009712","tract",2023,"education_rnk",67.7247
"39049009751","tract",2023,"education_rnk",40.5257
"39049009752","tract",2023,"education_rnk",36.9572
"39049009753","tract",2023,"education_rnk",14.4279
"39049009754","tract",2023,"education_rnk",16.0162
"39049009755","tract",2023,"education_rnk",28.5395
"39049009756","tract",2023,"education_rnk",69.6231
"39049009757","tract",2023,"education_rnk",38.9862
"39049009801","tract",2023,"education_rnk",36.2125
"39049009802","tract",2023,"education_rnk",46.6164
"39049009900","tract",2023,"education_rnk",78.5609
"39049010000","tract",2023,"education_rnk",22.9273
"39049010100","tract",2023,"education_rnk",5.4779
"39049010201","tract",2023,"education_rnk",33.1555
"39049010202","tract",2023,"education_rnk",66.4441
"39049010203","tract",2023,"education_rnk",21.8457
"39049010204","tract",2023,"education_rnk",54.8486
"39049010300","tract",2023,"education_rnk",79.3019
"39049010401","tract",2023,"education_rnk",16.314
"39049010402","tract",2023,"education_rnk",24.0505
"39049010501","tract",2023,"education_rnk",11.5174
"39049010502","tract",2023,"education_rnk",32.296
"39049010601","tract",2023,"education_rnk",42.1055
"39049010602","tract",2023,"education_rnk",24.8343
"39049010700","tract",2023,"education_rnk",22.356
"39049010900","tract",2023,"education_rnk",22.157
"39049980000","tract",2023,"education_rnk",NA
"39051040100","tract",2023,"education_rnk",31.0447
"39051040200","tract",2023,"education_rnk",37.2014
"39051040300","tract",2023,"education_rnk",43.485
"39051040400","tract",2023,"education_rnk",72.5714
"39051040500","tract",2023,"education_rnk",45.044
"39051040600","tract",2023,"education_rnk",47.4893
"39051040701","tract",2023,"education_rnk",70.2555
"39051040702","tract",2023,"education_rnk",80.1358
"39051040800","tract",2023,"education_rnk",65.7226
"39051040900","tract",2023,"education_rnk",57.1352
"39053953500","tract",2023,"education_rnk",73.879
"39053953600","tract",2023,"education_rnk",78.9845
"39053953700","tract",2023,"education_rnk",74.2745
"39053953800","tract",2023,"education_rnk",84.4331
"39053953901","tract",2023,"education_rnk",52.8952
"39053953902","tract",2023,"education_rnk",72.6593
"39053954000","tract",2023,"education_rnk",55.9595
"39053954100","tract",2023,"education_rnk",62.9915
"39055310100","tract",2023,"education_rnk",54.9426
"39055310200","tract",2023,"education_rnk",17.5703
"39055310600","tract",2023,"education_rnk",20.0022
"39055310700","tract",2023,"education_rnk",29.2525
"39055310800","tract",2023,"education_rnk",33.0639
"39055310900","tract",2023,"education_rnk",58.0569
"39055311000","tract",2023,"education_rnk",98.1333
"39055311300","tract",2023,"education_rnk",73.1477
"39055311400","tract",2023,"education_rnk",23.7489
"39055311500","tract",2023,"education_rnk",18.9523
"39055311600","tract",2023,"education_rnk",20.0022
"39055311700","tract",2023,"education_rnk",13.0788
"39055311800","tract",2023,"education_rnk",8.5092
"39055311900","tract",2023,"education_rnk",39.4611
"39055312000","tract",2023,"education_rnk",92.3673
"39055312100","tract",2023,"education_rnk",99.6337
"39055312201","tract",2023,"education_rnk",46.4992
"39055312202","tract",2023,"education_rnk",34.12
"39055312203","tract",2023,"education_rnk",37.3515
"39055312300","tract",2023,"education_rnk",88.9832
"39055312400","tract",2023,"education_rnk",98.8475
"39057200101","tract",2023,"education_rnk",67.0948
"39057200103","tract",2023,"education_rnk",26.4494
"39057200104","tract",2023,"education_rnk",48.5124
"39057200300","tract",2023,"education_rnk",67.3023
"39057200400","tract",2023,"education_rnk",67.9188
"39057200500","tract",2023,"education_rnk",60.899
"39057200600","tract",2023,"education_rnk",59.7331
"39057200700","tract",2023,"education_rnk",72.5507
"39057200901","tract",2023,"education_rnk",10.2465
"39057200902","tract",2023,"education_rnk",24.7244
"39057210101","tract",2023,"education_rnk",5.7367
"39057210102","tract",2023,"education_rnk",31.1143
"39057210201","tract",2023,"education_rnk",29.2525
"39057210202","tract",2023,"education_rnk",32.445
"39057210300","tract",2023,"education_rnk",19.3954
"39057210401","tract",2023,"education_rnk",24.6682
"39057210402","tract",2023,"education_rnk",17.154
"39057210500","tract",2023,"education_rnk",17.7034
"39057210602","tract",2023,"education_rnk",17.6899
"39057210603","tract",2023,"education_rnk",13.3206
"39057210604","tract",2023,"education_rnk",18.083
"39057210605","tract",2023,"education_rnk",10.9302
"39057220101","tract",2023,"education_rnk",20.9044
"39057220102","tract",2023,"education_rnk",11.2134
"39057220201","tract",2023,"education_rnk",22.6563
"39057220202","tract",2023,"education_rnk",18.7069
"39057230100","tract",2023,"education_rnk",15.2983
"39057240100","tract",2023,"education_rnk",30.9653
"39057240200","tract",2023,"education_rnk",75.9581
"39057240302","tract",2023,"education_rnk",66.1242
"39057240303","tract",2023,"education_rnk",57.0046
"39057240304","tract",2023,"education_rnk",35.9964
"39057240500","tract",2023,"education_rnk",32.0714
"39057240600","tract",2023,"education_rnk",66.4013
"39057240700","tract",2023,"education_rnk",70.6193
"39057255000","tract",2023,"education_rnk",12.0912
"39057260100","tract",2023,"education_rnk",NA
"39057270100","tract",2023,"education_rnk",41.8869
"39057280101","tract",2023,"education_rnk",25.6693
"39057280102","tract",2023,"education_rnk",26.0649
"39057280200","tract",2023,"education_rnk",38.7359
"39057280300","tract",2023,"education_rnk",33.6438
"39059977100","tract",2023,"education_rnk",93.7359
"39059977200","tract",2023,"education_rnk",62.6045
"39059977300","tract",2023,"education_rnk",63.0904
"39059977400","tract",2023,"education_rnk",72.9829
"39059977500","tract",2023,"education_rnk",74.5907
"39059977600","tract",2023,"education_rnk",74.3575
"39059977700","tract",2023,"education_rnk",56.8593
"39059977800","tract",2023,"education_rnk",77.4804
"39059977900","tract",2023,"education_rnk",75.731
"39059978000","tract",2023,"education_rnk",71.2249
"39061000200","tract",2023,"education_rnk",48.427
"39061000700","tract",2023,"education_rnk",2.3403
"39061000900","tract",2023,"education_rnk",35.7376
"39061001000","tract",2023,"education_rnk",14.4095
"39061001100","tract",2023,"education_rnk",12.5221
"39061001600","tract",2023,"education_rnk",20.3636
"39061001700","tract",2023,"education_rnk",11.4112
"39061001800","tract",2023,"education_rnk",33.8416
"39061001900","tract",2023,"education_rnk",10.7776
"39061002000","tract",2023,"education_rnk",3.5478
"39061002200","tract",2023,"education_rnk",88.5998
"39061002300","tract",2023,"education_rnk",51.4217
"39061002500","tract",2023,"education_rnk",60.0957
"39061002600","tract",2023,"education_rnk",65.8251
"39061002700","tract",2023,"education_rnk",19.8545
"39061002800","tract",2023,"education_rnk",60.4803
"39061002901","tract",2023,"education_rnk",NA
"39061002902","tract",2023,"education_rnk",61.9673
"39061003000","tract",2023,"education_rnk",NA
"39061003200","tract",2023,"education_rnk",46.9412
"39061003300","tract",2023,"education_rnk",71.5875
"39061003600","tract",2023,"education_rnk",83.2379
"39061003700","tract",2023,"education_rnk",30.7529
"39061003800","tract",2023,"education_rnk",57.3342
"39061003900","tract",2023,"education_rnk",37.6787
"39061004000","tract",2023,"education_rnk",38.9325
"39061004100","tract",2023,"education_rnk",7.5484
"39061004200","tract",2023,"education_rnk",6.0615
"39061004602","tract",2023,"education_rnk",37.2905
"39061004603","tract",2023,"education_rnk",34.0296
"39061004604","tract",2023,"education_rnk",24.9649
"39061004605","tract",2023,"education_rnk",3.7516
"39061004703","tract",2023,"education_rnk",4.7222
"39061004800","tract",2023,"education_rnk",4.6209
"39061004900","tract",2023,"education_rnk",1.8581
"39061005000","tract",2023,"education_rnk",2.4905
"39061005100","tract",2023,"education_rnk",2.178
"39061005200","tract",2023,"education_rnk",1.9106
"39061005301","tract",2023,"education_rnk",2.4099
"39061005302","tract",2023,"education_rnk",1.5993
"39061005500","tract",2023,"education_rnk",16.8549
"39061005600","tract",2023,"education_rnk",19.9058
"39061005701","tract",2023,"education_rnk",25.7487
"39061005702","tract",2023,"education_rnk",6.5364
"39061005800","tract",2023,"education_rnk",16.4496
"39061005900","tract",2023,"education_rnk",5.0762
"39061006000","tract",2023,"education_rnk",60.4498
"39061006100","tract",2023,"education_rnk",84.2683
"39061006300","tract",2023,"education_rnk",73.5066
"39061006400","tract",2023,"education_rnk",45.4554
"39061006501","tract",2023,"education_rnk",NA
"39061006502","tract",2023,"education_rnk",7.0625
"39061006600","tract",2023,"education_rnk",79.6023
"39061006800","tract",2023,"education_rnk",64.2136
"39061006900","tract",2023,"education_rnk",87.5755
"39061007000","tract",2023,"education_rnk",11.3965
"39061007100","tract",2023,"education_rnk",10.4308
"39061007200","tract",2023,"education_rnk",12.4672
"39061007300","tract",2023,"education_rnk",76.649
"39061007400","tract",2023,"education_rnk",4.3852
"39061007500","tract",2023,"education_rnk",8.6814
"39061007700","tract",2023,"education_rnk",87.1238
"39061008000","tract",2023,"education_rnk",85.8468
"39061008100","tract",2023,"education_rnk",57.3732
"39061008201","tract",2023,"education_rnk",50.666
"39061008202","tract",2023,"education_rnk",50.8076
"39061008300","tract",2023,"education_rnk",44.961
"39061008400","tract",2023,"education_rnk",59.5781
"39061008501","tract",2023,"education_rnk",77.6428
"39061008502","tract",2023,"education_rnk",93.4465
"39061008601","tract",2023,"education_rnk",79.3166
"39061008800","tract",2023,"education_rnk",79.75
"39061009200","tract",2023,"education_rnk",92.3539
"39061009300","tract",2023,"education_rnk",97.3227
"39061009400","tract",2023,"education_rnk",96.3924
"39061009500","tract",2023,"education_rnk",85.9286
"39061009600","tract",2023,"education_rnk",59.8149
"39061009700","tract",2023,"education_rnk",64.7703
"39061009800","tract",2023,"education_rnk",91.4358
"39061009901","tract",2023,"education_rnk",70.2763
"39061009902","tract",2023,"education_rnk",83.6017
"39061010002","tract",2023,"education_rnk",84.8238
"39061010003","tract",2023,"education_rnk",73.8265
"39061010004","tract",2023,"education_rnk",69.7916
"39061010005","tract",2023,"education_rnk",72.5873
"39061010100","tract",2023,"education_rnk",21.4318
"39061010201","tract",2023,"education_rnk",78.4644
"39061010202","tract",2023,"education_rnk",13.4194
"39061010300","tract",2023,"education_rnk",86.0751
"39061010400","tract",2023,"education_rnk",62.6949
"39061010500","tract",2023,"education_rnk",64.7886
"39061010600","tract",2023,"education_rnk",30.5966
"39061010700","tract",2023,"education_rnk",54.0391
"39061010900","tract",2023,"education_rnk",79.2702
"39061011000","tract",2023,"education_rnk",83.9521
"39061011100","tract",2023,"education_rnk",45.5421
"39061020401","tract",2023,"education_rnk",66.9812
"39061020403","tract",2023,"education_rnk",32.318
"39061020404","tract",2023,"education_rnk",16.2249
"39061020501","tract",2023,"education_rnk",25.054
"39061020502","tract",2023,"education_rnk",15.6829
"39061020504","tract",2023,"education_rnk",40.8651
"39061020505","tract",2023,"education_rnk",43.7255
"39061020601","tract",2023,"education_rnk",26.9585
"39061020603","tract",2023,"education_rnk",29.167
"39061020604","tract",2023,"education_rnk",35.1015
"39061020701","tract",2023,"education_rnk",48.0522
"39061020705","tract",2023,"education_rnk",34.8989
"39061020707","tract",2023,"education_rnk",13.5684
"39061020741","tract",2023,"education_rnk",54.5531
"39061020742","tract",2023,"education_rnk",71.0747
"39061020762","tract",2023,"education_rnk",75.731
"39061020763","tract",2023,"education_rnk",45.3822
"39061020764","tract",2023,"education_rnk",61.7133
"39061020802","tract",2023,"education_rnk",40.4903
"39061020811","tract",2023,"education_rnk",22.0874
"39061020812","tract",2023,"education_rnk",11.9984
"39061020901","tract",2023,"education_rnk",56.5565
"39061020902","tract",2023,"education_rnk",37.614
"39061021001","tract",2023,"education_rnk",39.0058
"39061021002","tract",2023,"education_rnk",35.7632
"39061021003","tract",2023,"education_rnk",55.5518
"39061021101","tract",2023,"education_rnk",32.2216
"39061021102","tract",2023,"education_rnk",58.787
"39061021201","tract",2023,"education_rnk",6.6316
"39061021202","tract",2023,"education_rnk",53.8548
"39061021302","tract",2023,"education_rnk",30.2365
"39061021303","tract",2023,"education_rnk",45.6959
"39061021304","tract",2023,"education_rnk",42.0823
"39061021401","tract",2023,"education_rnk",27.5274
"39061021421","tract",2023,"education_rnk",28.437
"39061021422","tract",2023,"education_rnk",38.0901
"39061021501","tract",2023,"education_rnk",63.1222
"39061021504","tract",2023,"education_rnk",42.3276
"39061021505","tract",2023,"education_rnk",71.8219
"39061021506","tract",2023,"education_rnk",74.2086
"39061021508","tract",2023,"education_rnk",44.1491
"39061021509","tract",2023,"education_rnk",77.5561
"39061021571","tract",2023,"education_rnk",41.6244
"39061021572","tract",2023,"education_rnk",50.9443
"39061021602","tract",2023,"education_rnk",60.4803
"39061021603","tract",2023,"education_rnk",44.9329
"39061021604","tract",2023,"education_rnk",65.3075
"39061021701","tract",2023,"education_rnk",30.372
"39061021702","tract",2023,"education_rnk",65.3746
"39061021801","tract",2023,"education_rnk",53.4971
"39061021802","tract",2023,"education_rnk",57.0412
"39061021900","tract",2023,"education_rnk",73.4199
"39061022000","tract",2023,"education_rnk",42.1934
"39061022101","tract",2023,"education_rnk",23.9223
"39061022102","tract",2023,"education_rnk",22.5025
"39061022200","tract",2023,"education_rnk",24.0712
"39061022301","tract",2023,"education_rnk",89.9843
"39061022302","tract",2023,"education_rnk",18.2564
"39061022400","tract",2023,"education_rnk",10.2465
"39061022500","tract",2023,"education_rnk",42.1934
"39061022601","tract",2023,"education_rnk",10.9302
"39061022602","tract",2023,"education_rnk",24.5706
"39061022700","tract",2023,"education_rnk",79.1847
"39061023001","tract",2023,"education_rnk",44.3762
"39061023002","tract",2023,"education_rnk",15.4167
"39061023100","tract",2023,"education_rnk",9.5238
"39061023201","tract",2023,"education_rnk",54.2357
"39061023210","tract",2023,"education_rnk",25.9562
"39061023222","tract",2023,"education_rnk",47.0511
"39061023300","tract",2023,"education_rnk",2.7396
"39061023400","tract",2023,"education_rnk",69.5609
"39061023501","tract",2023,"education_rnk",7.0345
"39061023521","tract",2023,"education_rnk",20.6798
"39061023522","tract",2023,"education_rnk",13.4353
"39061023600","tract",2023,"education_rnk",35.1357
"39061023701","tract",2023,"education_rnk",13.0544
"39061023702","tract",2023,"education_rnk",18.3956
"39061023800","tract",2023,"education_rnk",20.0913
"39061023901","tract",2023,"education_rnk",8.1515
"39061023902","tract",2023,"education_rnk",7.607
"39061024001","tract",2023,"education_rnk",5.9858
"39061024002","tract",2023,"education_rnk",12.5404
"39061024100","tract",2023,"education_rnk",6.8635
"39061024200","tract",2023,"education_rnk",4.5733
"39061024301","tract",2023,"education_rnk",9.2649
"39061024303","tract",2023,"education_rnk",43.883
"39061024322","tract",2023,"education_rnk",29.996
"39061024323","tract",2023,"education_rnk",19.4321
"39061024324","tract",2023,"education_rnk",26.9585
"39061024401","tract",2023,"education_rnk",3.8102
"39061024402","tract",2023,"education_rnk",13.8589
"39061024700","tract",2023,"education_rnk",29.2073
"39061024800","tract",2023,"education_rnk",8.0783
"39061024901","tract",2023,"education_rnk",73.6055
"39061024903","tract",2023,"education_rnk",27.1612
"39061024904","tract",2023,"education_rnk",15.9808
"39061025001","tract",2023,"education_rnk",16.5277
"39061025002","tract",2023,"education_rnk",12.8432
"39061025101","tract",2023,"education_rnk",19.4931
"39061025102","tract",2023,"education_rnk",29.7262
"39061025103","tract",2023,"education_rnk",23.495
"39061025200","tract",2023,"education_rnk",27.3358
"39061025300","tract",2023,"education_rnk",44.8145
"39061025401","tract",2023,"education_rnk",24.5169
"39061025402","tract",2023,"education_rnk",17.939
"39061025500","tract",2023,"education_rnk",63.934
"39061025600","tract",2023,"education_rnk",33.7037
"39061025700","tract",2023,"education_rnk",92.4711
"39061025800","tract",2023,"education_rnk",22.6136
"39061026001","tract",2023,"education_rnk",18.2723
"39061026002","tract",2023,"education_rnk",23.3619
"39061026102","tract",2023,"education_rnk",83.045
"39061026103","tract",2023,"education_rnk",55.216
"39061026104","tract",2023,"education_rnk",58.4403
"39061026200","tract",2023,"education_rnk",93.2585
"39061026300","tract",2023,"education_rnk",93.3049
"39061026400","tract",2023,"education_rnk",33.3801
"39061026500","tract",2023,"education_rnk",4.0764
"39061026600","tract",2023,"education_rnk",10.7934
"39061026700","tract",2023,"education_rnk",73.3149
"39061026800","tract",2023,"education_rnk",2.4954
"39061026900","tract",2023,"education_rnk",53.093
"39061027000","tract",2023,"education_rnk",84.195
"39061027100","tract",2023,"education_rnk",80.5899
"39061027200","tract",2023,"education_rnk",65.9093
"39061027300","tract",2023,"education_rnk",12.5563
"39061027400","tract",2023,"education_rnk",73.343
"39061027500","tract",2023,"education_rnk",7.7023
"39061027600","tract",2023,"education_rnk",5.9736
"39061027700","tract",2023,"education_rnk",28.6079
"39063000100","tract",2023,"education_rnk",62.7962
"39063000200","tract",2023,"education_rnk",27.2723
"39063000301","tract",2023,"education_rnk",21.6308
"39063000302","tract",2023,"education_rnk",61.3727
"39063000400","tract",2023,"education_rnk",41.2863
"39063000500","tract",2023,"education_rnk",66.9019
"39063000600","tract",2023,"education_rnk",46.6164
"39063000700","tract",2023,"education_rnk",16.2249
"39063000800","tract",2023,"education_rnk",55.7398
"39063000901","tract",2023,"education_rnk",58.4073
"39063000902","tract",2023,"education_rnk",46.8777
"39063001000","tract",2023,"education_rnk",26.3762
"39063001100","tract",2023,"education_rnk",50.9443
"39063001200","tract",2023,"education_rnk",53.0674
"39063001300","tract",2023,"education_rnk",59.3718
"39065000100","tract",2023,"education_rnk",51.9625
"39065000200","tract",2023,"education_rnk",32.0311
"39065000300","tract",2023,"education_rnk",46.6873
"39065000401","tract",2023,"education_rnk",NA
"39065000402","tract",2023,"education_rnk",37.7605
"39065000500","tract",2023,"education_rnk",84.8665
"39065000600","tract",2023,"education_rnk",88.7903
"39065000700","tract",2023,"education_rnk",82.9986
"39067975600","tract",2023,"education_rnk",46.2331
"39067975700","tract",2023,"education_rnk",76.4732
"39067975800","tract",2023,"education_rnk",77.0934
"39067975900","tract",2023,"education_rnk",41.0836
"39067976000","tract",2023,"education_rnk",78.1018
"39069000100","tract",2023,"education_rnk",66.4807
"39069000200","tract",2023,"education_rnk",52.7475
"39069000300","tract",2023,"education_rnk",68.2753
"39069000400","tract",2023,"education_rnk",38.9032
"39069000500","tract",2023,"education_rnk",56.0071
"39069000600","tract",2023,"education_rnk",73.1111
"39069000700","tract",2023,"education_rnk",47.5223
"39071954400","tract",2023,"education_rnk",59.6171
"39071954500","tract",2023,"education_rnk",87.1507
"39071954600","tract",2023,"education_rnk",78.7977
"39071954700","tract",2023,"education_rnk",56.1805
"39071954800","tract",2023,"education_rnk",55.6494
"39071954900","tract",2023,"education_rnk",66.5137
"39071955001","tract",2023,"education_rnk",80.4251
"39071955002","tract",2023,"education_rnk",93.1914
"39071955101","tract",2023,"education_rnk",86.3108
"39071955102","tract",2023,"education_rnk",80.1846
"39071955200","tract",2023,"education_rnk",75.2207
"39073964900","tract",2023,"education_rnk",20.0913
"39073965000","tract",2023,"education_rnk",71.4666
"39073965100","tract",2023,"education_rnk",85.726
"39073965200","tract",2023,"education_rnk",68.3559
"39073965300","tract",2023,"education_rnk",71.6082
"39073965400","tract",2023,"education_rnk",77.821
"39073965500","tract",2023,"education_rnk",47.0975
"39075976301","tract",2023,"education_rnk",99.9194
"39075976302","tract",2023,"education_rnk",99.9683
"39075976401","tract",2023,"education_rnk",99.9792
"39075976402","tract",2023,"education_rnk",98.7633
"39075976403","tract",2023,"education_rnk",98.021
"39075976500","tract",2023,"education_rnk",89.3958
"39075976600","tract",2023,"education_rnk",78.1018
"39075976700","tract",2023,"education_rnk",70.2958
"39075976801","tract",2023,"education_rnk",99.9853
"39075976802","tract",2023,"education_rnk",99.9658
"39077915400","tract",2023,"education_rnk",83.5126
"39077915500","tract",2023,"education_rnk",68.3559
"39077915600","tract",2023,"education_rnk",49.4464
"39077915700","tract",2023,"education_rnk",54.7008
"39077915800","tract",2023,"education_rnk",75.7639
"39077915900","tract",2023,"education_rnk",54.4518
"39077916000","tract",2023,"education_rnk",66.9239
"39077916100","tract",2023,"education_rnk",61.6376
"39077916200","tract",2023,"education_rnk",71.3897
"39077916300","tract",2023,"education_rnk",76.8114
"39077916400","tract",2023,"education_rnk",86.9847
"39077916500","tract",2023,"education_rnk",46.7593
"39077916600","tract",2023,"education_rnk",71.2615
"39079957200","tract",2023,"education_rnk",85.0008
"39079957300","tract",2023,"education_rnk",82.5371
"39079957400","tract",2023,"education_rnk",56.5248
"39079957500","tract",2023,"education_rnk",69.5255
"39079957600","tract",2023,"education_rnk",64.0012
"39079957700","tract",2023,"education_rnk",77.9468
"39079957800","tract",2023,"education_rnk",75.8494
"39081000200","tract",2023,"education_rnk",NA
"39081000400","tract",2023,"education_rnk",59.6818
"39081000600","tract",2023,"education_rnk",14.4401
"39081001000","tract",2023,"education_rnk",15.573
"39081001200","tract",2023,"education_rnk",67.1863
"39081001300","tract",2023,"education_rnk",63.6203
"39081001400","tract",2023,"education_rnk",24.4473
"39081011000","tract",2023,"education_rnk",41.8637
"39081011100","tract",2023,"education_rnk",74.6652
"39081011200","tract",2023,"education_rnk",64.0573
"39081011300","tract",2023,"education_rnk",37.6787
"39081011401","tract",2023,"education_rnk",45.3382
"39081011402","tract",2023,"education_rnk",65.8861
"39081011500","tract",2023,"education_rnk",41.373
"39081011700","tract",2023,"education_rnk",50.5817
"39081011800","tract",2023,"education_rnk",76.4098
"39081011900","tract",2023,"education_rnk",60.9747
"39081012000","tract",2023,"education_rnk",52.2384
"39081012100","tract",2023,"education_rnk",49.2986
"39081012200","tract",2023,"education_rnk",59.2375
"39081012300","tract",2023,"education_rnk",63.8107
"39081012400","tract",2023,"education_rnk",83.7397
"39083006700","tract",2023,"education_rnk",85.7614
"39083006801","tract",2023,"education_rnk",24.6829
"39083006802","tract",2023,"education_rnk",93.3831
"39083006900","tract",2023,"education_rnk",66.9641
"39083007000","tract",2023,"education_rnk",32.5707
"39083007100","tract",2023,"education_rnk",69.2251
"39083007200","tract",2023,"education_rnk",67.8065
"39083007301","tract",2023,"education_rnk",NA
"39083007302","tract",2023,"education_rnk",59.8931
"39083007400","tract",2023,"education_rnk",78.9015
"39083007500","tract",2023,"education_rnk",54.6068
"39083007600","tract",2023,"education_rnk",67.7247
"39083007701","tract",2023,"education_rnk",44.8645
"39083007702","tract",2023,"education_rnk",43.0479
"39085200100","tract",2023,"education_rnk",20.9813
"39085200200","tract",2023,"education_rnk",50.4133
"39085200300","tract",2023,"education_rnk",36.3626
"39085200400","tract",2023,"education_rnk",44.6594
"39085200500","tract",2023,"education_rnk",24.7732
"39085200600","tract",2023,"education_rnk",34.6303
"39085200700","tract",2023,"education_rnk",29.2268
"39085200800","tract",2023,"education_rnk",64.3296
"39085200900","tract",2023,"education_rnk",45.0965
"39085201000","tract",2023,"education_rnk",23.6183
"39085201101","tract",2023,"education_rnk",16.2774
"39085201102","tract",2023,"education_rnk",8.6972
"39085201200","tract",2023,"education_rnk",19.2526
"39085201300","tract",2023,"education_rnk",19.6591
"39085201400","tract",2023,"education_rnk",19.0536
"39085201500","tract",2023,"education_rnk",10.6909
"39085201600","tract",2023,"education_rnk",29.7958
"39085201700","tract",2023,"education_rnk",35.3432
"39085201800","tract",2023,"education_rnk",44.7547
"39085201900","tract",2023,"education_rnk",40.0239
"39085202000","tract",2023,"education_rnk",30.0949
"39085202100","tract",2023,"education_rnk",60.8758
"39085202400","tract",2023,"education_rnk",54.6557
"39085202500","tract",2023,"education_rnk",33.888
"39085202600","tract",2023,"education_rnk",35.9146
"39085202700","tract",2023,"education_rnk",17.7217
"39085202800","tract",2023,"education_rnk",28.4956
"39085202901","tract",2023,"education_rnk",24.363
"39085202902","tract",2023,"education_rnk",25.6498
"39085203000","tract",2023,"education_rnk",34.3385
"39085203200","tract",2023,"education_rnk",34.9855
"39085203400","tract",2023,"education_rnk",20.786
"39085203500","tract",2023,"education_rnk",23.9785
"39085203700","tract",2023,"education_rnk",33.9393
"39085204000","tract",2023,"education_rnk",19.7837
"39085204200","tract",2023,"education_rnk",95.6148
"39085204303","tract",2023,"education_rnk",21.6625
"39085204304","tract",2023,"education_rnk",79.1286
"39085204400","tract",2023,"education_rnk",68.4291
"39085204500","tract",2023,"education_rnk",92.1354
"39085204700","tract",2023,"education_rnk",51.4766
"39085204800","tract",2023,"education_rnk",67.8554
"39085204900","tract",2023,"education_rnk",38.5687
"39085205001","tract",2023,"education_rnk",20.786
"39085205002","tract",2023,"education_rnk",15.4973
"39085205100","tract",2023,"education_rnk",6.9795
"39085205200","tract",2023,"education_rnk",32.296
"39085205300","tract",2023,"education_rnk",31.5184
"39085205400","tract",2023,"education_rnk",39.4172
"39085205701","tract",2023,"education_rnk",67.9689
"39085205702","tract",2023,"education_rnk",69.9357
"39085205800","tract",2023,"education_rnk",15.0346
"39085206100","tract",2023,"education_rnk",70.8537
"39085206200","tract",2023,"education_rnk",21.1669
"39085206300","tract",2023,"education_rnk",43.2286
"39085206400","tract",2023,"education_rnk",24.363
"39085206500","tract",2023,"education_rnk",27.1368
"39085206600","tract",2023,"education_rnk",39.2426
"39085206700","tract",2023,"education_rnk",56.692
"39085990000","tract",2023,"education_rnk",NA
"39087050100","tract",2023,"education_rnk",75.3354
"39087050200","tract",2023,"education_rnk",46.7898
"39087050300","tract",2023,"education_rnk",78.5609
"39087050400","tract",2023,"education_rnk",74.1537
"39087050501","tract",2023,"education_rnk",65.8361
"39087050502","tract",2023,"education_rnk",63.2455
"39087050600","tract",2023,"education_rnk",75.731
"39087050700","tract",2023,"education_rnk",82.3088
"39087050800","tract",2023,"education_rnk",72.746
"39087050900","tract",2023,"education_rnk",86.257
"39087051001","tract",2023,"education_rnk",45.6727
"39087051002","tract",2023,"education_rnk",69.0054
"39087051101","tract",2023,"education_rnk",55.8191
"39087051102","tract",2023,"education_rnk",39.6137
"39087051200","tract",2023,"education_rnk",49.4464
"39087051300","tract",2023,"education_rnk",72.4237
"39087051401","tract",2023,"education_rnk",38.2476
"39087051402","tract",2023,"education_rnk",54.6557
"39089750700","tract",2023,"education_rnk",57.6284
"39089751000","tract",2023,"education_rnk",79.4887
"39089751300","tract",2023,"education_rnk",68.622
"39089751600","tract",2023,"education_rnk",38.482
"39089751900","tract",2023,"education_rnk",76.0496
"39089752200","tract",2023,"education_rnk",75.134
"39089752500","tract",2023,"education_rnk",84.3611
"39089752801","tract",2023,"education_rnk",33.5291
"39089752802","tract",2023,"education_rnk",43.8061
"39089753100","tract",2023,"education_rnk",63.934
"39089753301","tract",2023,"education_rnk",46.4199
"39089753302","tract",2023,"education_rnk",35.3432
"39089753600","tract",2023,"education_rnk",41.705
"39089753900","tract",2023,"education_rnk",13.2436
"39089754102","tract",2023,"education_rnk",25.1187
"39089754103","tract",2023,"education_rnk",40.2205
"39089754104","tract",2023,"education_rnk",24.2385
"39089754400","tract",2023,"education_rnk",41.2863
"39089754700","tract",2023,"education_rnk",63.9084
"39089755000","tract",2023,"education_rnk",39.9702
"39089755301","tract",2023,"education_rnk",35.3628
"39089755302","tract",2023,"education_rnk",27.6776
"39089755601","tract",2023,"education_rnk",8.027
"39089755602","tract",2023,"education_rnk",16.1212
"39089755901","tract",2023,"education_rnk",54.0562
"39089755902","tract",2023,"education_rnk",48.4868
"39089756201","tract",2023,"education_rnk",41.6244
"39089756203","tract",2023,"education_rnk",19.6921
"39089756204","tract",2023,"education_rnk",59.6818
"39089756500","tract",2023,"education_rnk",50.058
"39089756801","tract",2023,"education_rnk",40.721
"39089756802","tract",2023,"education_rnk",58.8016
"39089756803","tract",2023,"education_rnk",31.7454
"39089757100","tract",2023,"education_rnk",34.6303
"39089757401","tract",2023,"education_rnk",42.2544
"39089757402","tract",2023,"education_rnk",48.1767
"39089757701","tract",2023,"education_rnk",39.8713
"39089757702","tract",2023,"education_rnk",26.9207
"39089758300","tract",2023,"education_rnk",55.669
"39089758601","tract",2023,"education_rnk",24.4851
"39089758602","tract",2023,"education_rnk",40.6624
"39089758901","tract",2023,"education_rnk",65.2025
"39089758902","tract",2023,"education_rnk",30.5258
"39089759000","tract",2023,"education_rnk",82.7776
"39089759101","tract",2023,"education_rnk",49.5452
"39089759102","tract",2023,"education_rnk",22.9737
"39091003800","tract",2023,"education_rnk",55.1733
"39091003900","tract",2023,"education_rnk",64.0012
"39091004000","tract",2023,"education_rnk",70.3874
"39091004100","tract",2023,"education_rnk",36.5665
"39091004200","tract",2023,"education_rnk",58.6075
"39091004300","tract",2023,"education_rnk",68.8845
"39091004400","tract",2023,"education_rnk",74.7201
"39091004500","tract",2023,"education_rnk",72.4665
"39091004600","tract",2023,"education_rnk",50.6953
"39091004700","tract",2023,"education_rnk",16.6644
"39091004800","tract",2023,"education_rnk",57.4636
"39093010200","tract",2023,"education_rnk",33.2519
"39093010300","tract",2023,"education_rnk",19.3722
"39093010400","tract",2023,"education_rnk",22.9273
"39093013101","tract",2023,"education_rnk",20.0596
"39093013102","tract",2023,"education_rnk",10.6018
"39093013201","tract",2023,"education_rnk",16.9269
"39093013202","tract",2023,"education_rnk",22.9737
"39093021100","tract",2023,"education_rnk",29.9142
"39093021200","tract",2023,"education_rnk",60.1751
"39093022100","tract",2023,"education_rnk",43.7255
"39093022200","tract",2023,"education_rnk",52.6767
"39093022400","tract",2023,"education_rnk",84.4893
"39093022500","tract",2023,"education_rnk",35.1015
"39093022601","tract",2023,"education_rnk",67.4976
"39093022800","tract",2023,"education_rnk",91.2759
"39093023000","tract",2023,"education_rnk",65.6933
"39093023100","tract",2023,"education_rnk",90.7009
"39093023200","tract",2023,"education_rnk",89.1919
"39093023300","tract",2023,"education_rnk",95.0043
"39093023400","tract",2023,"education_rnk",81.171
"39093023500","tract",2023,"education_rnk",84.0913
"39093023600","tract",2023,"education_rnk",87.6195
"39093023900","tract",2023,"education_rnk",80.5582
"39093024000","tract",2023,"education_rnk",79.3019
"39093024100","tract",2023,"education_rnk",62.7181
"39093024200","tract",2023,"education_rnk",77.688
"39093028100","tract",2023,"education_rnk",30.831
"39093030101","tract",2023,"education_rnk",29.4173
"39093030102","tract",2023,"education_rnk",30.1303
"39093050100","tract",2023,"education_rnk",37.7788
"39093050200","tract",2023,"education_rnk",58.4403
"39093050301","tract",2023,"education_rnk",24.7732
"39093050302","tract",2023,"education_rnk",24.6304
"39093050400","tract",2023,"education_rnk",51.8429
"39093057100","tract",2023,"education_rnk",48.1547
"39093060100","tract",2023,"education_rnk",44.7156
"39093060200","tract",2023,"education_rnk",NA
"39093070101","tract",2023,"education_rnk",23.1739
"39093070102","tract",2023,"education_rnk",64.8142
"39093070200","tract",2023,"education_rnk",33.2178
"39093070300","tract",2023,"education_rnk",40.1008
"39093070400","tract",2023,"education_rnk",83.8935
"39093070500","tract",2023,"education_rnk",82.0439
"39093070600","tract",2023,"education_rnk",57.2426
"39093070700","tract",2023,"education_rnk",59.9883
"39093070901","tract",2023,"education_rnk",95.5244
"39093070902","tract",2023,"education_rnk",47.4198
"39093071100","tract",2023,"education_rnk",42.7964
"39093071201","tract",2023,"education_rnk",82.387
"39093071202","tract",2023,"education_rnk",42.5584
"39093071300","tract",2023,"education_rnk",86.8931
"39093071400","tract",2023,"education_rnk",94.5892
"39093071500","tract",2023,"education_rnk",74.0255
"39093077100","tract",2023,"education_rnk",57.5161
"39093080101","tract",2023,"education_rnk",33.4693
"39093080103","tract",2023,"education_rnk",55.7398
"39093080104","tract",2023,"education_rnk",44.5764
"39093080500","tract",2023,"education_rnk",15.352
"39093080600","tract",2023,"education_rnk",46.4199
"39093080701","tract",2023,"education_rnk",19.3576
"39093080702","tract",2023,"education_rnk",18.4383
"39093090100","tract",2023,"education_rnk",17.0685
"39093090200","tract",2023,"education_rnk",44.8377
"39093091100","tract",2023,"education_rnk",48.6137
"39093091200","tract",2023,"education_rnk",59.7514
"39093092100","tract",2023,"education_rnk",35.9353
"39093093100","tract",2023,"education_rnk",56.2171
"39093094101","tract",2023,"education_rnk",54.7216
"39093094102","tract",2023,"education_rnk",43.3983
"39093095100","tract",2023,"education_rnk",63.8535
"39093096100","tract",2023,"education_rnk",64.2844
"39093097100","tract",2023,"education_rnk",53.0112
"39093097201","tract",2023,"education_rnk",59.9297
"39093097202","tract",2023,"education_rnk",36.1758
"39093097300","tract",2023,"education_rnk",96.7587
"39093097401","tract",2023,"education_rnk",16.0162
"39093097402","tract",2023,"education_rnk",12.1949
"39093097500","tract",2023,"education_rnk",77.9187
"39093097600","tract",2023,"education_rnk",86.8613
"39093990200","tract",2023,"education_rnk",NA
"39095000201","tract",2023,"education_rnk",86.6489
"39095000202","tract",2023,"education_rnk",75.9007
"39095000301","tract",2023,"education_rnk",32.2679
"39095000302","tract",2023,"education_rnk",77.7734
"39095000400","tract",2023,"education_rnk",58.0032
"39095000601","tract",2023,"education_rnk",69.9528
"39095000602","tract",2023,"education_rnk",60.3411
"39095000701","tract",2023,"education_rnk",92.0987
"39095000702","tract",2023,"education_rnk",35.1015
"39095000703","tract",2023,"education_rnk",35.2273
"39095000800","tract",2023,"education_rnk",94.2755
"39095000900","tract",2023,"education_rnk",73.9632
"39095001001","tract",2023,"education_rnk",99.2138
"39095001002","tract",2023,"education_rnk",92.0609
"39095001100","tract",2023,"education_rnk",87.4034
"39095001201","tract",2023,"education_rnk",67.9017
"39095001202","tract",2023,"education_rnk",90.6875
"39095001301","tract",2023,"education_rnk",3.2548
"39095001302","tract",2023,"education_rnk",56.5809
"39095001303","tract",2023,"education_rnk",43.9538
"39095001400","tract",2023,"education_rnk",56.9789
"39095001500","tract",2023,"education_rnk",92.9106
"39095001601","tract",2023,"education_rnk",60.899
"39095001602","tract",2023,"education_rnk",40.2791
"39095001700","tract",2023,"education_rnk",92.8398
"39095001800","tract",2023,"education_rnk",94.9128
"39095001900","tract",2023,"education_rnk",63.934
"39095002000","tract",2023,"education_rnk",97.3056
"39095002100","tract",2023,"education_rnk",62.9305
"39095002401","tract",2023,"education_rnk",81.0111
"39095002402","tract",2023,"education_rnk",59.2375
"39095002500","tract",2023,"education_rnk",78.346
"39095002600","tract",2023,"education_rnk",91.9254
"39095002700","tract",2023,"education_rnk",24.4985
"39095002800","tract",2023,"education_rnk",49.3975
"39095002900","tract",2023,"education_rnk",85.577
"39095003000","tract",2023,"education_rnk",89.7584
"39095003100","tract",2023,"education_rnk",69.2447
"39095003200","tract",2023,"education_rnk",69.8966
"39095003300","tract",2023,"education_rnk",92.1695
"39095003500","tract",2023,"education_rnk",85.4244
"39095003600","tract",2023,"education_rnk",68.6037
"39095003901","tract",2023,"education_rnk",67.3878
"39095003902","tract",2023,"education_rnk",71.0185
"39095004000","tract",2023,"education_rnk",87.8685
"39095004200","tract",2023,"education_rnk",98.4605
"39095004401","tract",2023,"education_rnk",50.4487
"39095004402","tract",2023,"education_rnk",81.5727
"39095004501","tract",2023,"education_rnk",28.6286
"39095004503","tract",2023,"education_rnk",61.3727
"39095004504","tract",2023,"education_rnk",16.0528
"39095004600","tract",2023,"education_rnk",87.5755
"39095004701","tract",2023,"education_rnk",71.2432
"39095004702","tract",2023,"education_rnk",93.5198
"39095004800","tract",2023,"education_rnk",93.0754
"39095004900","tract",2023,"education_rnk",96.4632
"39095005000","tract",2023,"education_rnk",62.386
"39095005101","tract",2023,"education_rnk",91.3577
"39095005102","tract",2023,"education_rnk",72.1686
"39095005200","tract",2023,"education_rnk",79.2043
"39095005300","tract",2023,"education_rnk",89.4678
"39095005400","tract",2023,"education_rnk",84.0339
"39095005501","tract",2023,"education_rnk",48.2841
"39095005502","tract",2023,"education_rnk",47.1658
"39095005503","tract",2023,"education_rnk",49.9567
"39095005601","tract",2023,"education_rnk",26.5434
"39095005602","tract",2023,"education_rnk",91.0134
"39095005701","tract",2023,"education_rnk",69.8966
"39095005703","tract",2023,"education_rnk",65.3746
"39095005704","tract",2023,"education_rnk",56.8178
"39095005705","tract",2023,"education_rnk",77.5329
"39095005801","tract",2023,"education_rnk",64.6165
"39095005803","tract",2023,"education_rnk",63.0904
"39095005804","tract",2023,"education_rnk",77.3681
"39095005901","tract",2023,"education_rnk",48.4868
"39095005902","tract",2023,"education_rnk",66.6687
"39095006000","tract",2023,"education_rnk",51.5499
"39095006100","tract",2023,"education_rnk",45.8083
"39095006200","tract",2023,"education_rnk",44.8902
"39095006300","tract",2023,"education_rnk",11.615
"39095006400","tract",2023,"education_rnk",36.6569
"39095006500","tract",2023,"education_rnk",24.4473
"39095006600","tract",2023,"education_rnk",76.0228
"39095006700","tract",2023,"education_rnk",68.8332
"39095006801","tract",2023,"education_rnk",89.0259
"39095006802","tract",2023,"education_rnk",74.1317
"39095006900","tract",2023,"education_rnk",41.246
"39095007002","tract",2023,"education_rnk",31.0251
"39095007003","tract",2023,"education_rnk",44.6314
"39095007004","tract",2023,"education_rnk",37.7788
"39095007102","tract",2023,"education_rnk",14.9284
"39095007103","tract",2023,"education_rnk",19.8093
"39095007104","tract",2023,"education_rnk",31.649
"39095007202","tract",2023,"education_rnk",33.6194
"39095007204","tract",2023,"education_rnk",28.9497
"39095007206","tract",2023,"education_rnk",21.267
"39095007207","tract",2023,"education_rnk",59.8577
"39095007208","tract",2023,"education_rnk",26.4323
"39095007209","tract",2023,"education_rnk",27.3565
"39095007302","tract",2023,"education_rnk",71.4666
"39095007304","tract",2023,"education_rnk",70.5534
"39095007305","tract",2023,"education_rnk",87.4693
"39095007306","tract",2023,"education_rnk",67.7247
"39095007307","tract",2023,"education_rnk",75.0143
"39095007401","tract",2023,"education_rnk",47.0511
"39095007402","tract",2023,"education_rnk",54.9206
"39095007501","tract",2023,"education_rnk",29.167
"39095007502","tract",2023,"education_rnk",29.2842
"39095007600","tract",2023,"education_rnk",14.3351
"39095007700","tract",2023,"education_rnk",68.4731
"39095007801","tract",2023,"education_rnk",44.3237
"39095007802","tract",2023,"education_rnk",21.8457
"39095007901","tract",2023,"education_rnk",57.3342
"39095007903","tract",2023,"education_rnk",75.4551
"39095007904","tract",2023,"education_rnk",30.5783
"39095008000","tract",2023,"education_rnk",31.6026
"39095008100","tract",2023,"education_rnk",24.2239
"39095008204","tract",2023,"education_rnk",35.2529
"39095008205","tract",2023,"education_rnk",23.3912
"39095008206","tract",2023,"education_rnk",20.1768
"39095008207","tract",2023,"education_rnk",10.3869
"39095008208","tract",2023,"education_rnk",11.3355
"39095008209","tract",2023,"education_rnk",25.2823
"39095008210","tract",2023,"education_rnk",60.6793
"39095008302","tract",2023,"education_rnk",22.0654
"39095008303","tract",2023,"education_rnk",35.8255
"39095008304","tract",2023,"education_rnk",14.1397
"39095008401","tract",2023,"education_rnk",33.5742
"39095008402","tract",2023,"education_rnk",29.9142
"39095008501","tract",2023,"education_rnk",27.9535
"39095008502","tract",2023,"education_rnk",48.9238
"39095008601","tract",2023,"education_rnk",32.3375
"39095008602","tract",2023,"education_rnk",68.2912
"39095008701","tract",2023,"education_rnk",43.8598
"39095008702","tract",2023,"education_rnk",70.9392
"39095008703","tract",2023,"education_rnk",60.0957
"39095008801","tract",2023,"education_rnk",36.0916
"39095008802","tract",2023,"education_rnk",46.7593
"39095008903","tract",2023,"education_rnk",13.7185
"39095008904","tract",2023,"education_rnk",44.6594
"39095008905","tract",2023,"education_rnk",27.4139
"39095008906","tract",2023,"education_rnk",24.2959
"39095009001","tract",2023,"education_rnk",17.9793
"39095009002","tract",2023,"education_rnk",48.3806
"39095009003","tract",2023,"education_rnk",7.4727
"39095009101","tract",2023,"education_rnk",11.0706
"39095009103","tract",2023,"education_rnk",33.8111
"39095009104","tract",2023,"education_rnk",66.4648
"39095009203","tract",2023,"education_rnk",12.1949
"39095009204","tract",2023,"education_rnk",20.1597
"39095009205","tract",2023,"education_rnk",17.6155
"39095009206","tract",2023,"education_rnk",11.7933
"39095009300","tract",2023,"education_rnk",44.4629
"39095009400","tract",2023,"education_rnk",93.6004
"39095009500","tract",2023,"education_rnk",43.1456
"39095009600","tract",2023,"education_rnk",51.4534
"39095009700","tract",2023,"education_rnk",26.8145
"39095009800","tract",2023,"education_rnk",51.1189
"39095009901","tract",2023,"education_rnk",37.1196
"39095009902","tract",2023,"education_rnk",79.402
"39095010001","tract",2023,"education_rnk",49.9921
"39095010002","tract",2023,"education_rnk",54.9426
"39095010100","tract",2023,"education_rnk",60.899
"39095010200","tract",2023,"education_rnk",49.5611
"39095010300","tract",2023,"education_rnk",86.113
"39095010400","tract",2023,"education_rnk",NA
"39095010500","tract",2023,"education_rnk",94.7858
"39095010600","tract",2023,"education_rnk",73.1294
"39095990000","tract",2023,"education_rnk",NA
"39097040101","tract",2023,"education_rnk",48.9019
"39097040102","tract",2023,"education_rnk",30.7822
"39097040201","tract",2023,"education_rnk",32.2448
"39097040202","tract",2023,"education_rnk",78.1458
"39097040400","tract",2023,"education_rnk",47.4893
"39097040500","tract",2023,"education_rnk",54.6312
"39097040600","tract",2023,"education_rnk",48.9788
"39097040700","tract",2023,"education_rnk",73.647
"39097041000","tract",2023,"education_rnk",NA
"39097041100","tract",2023,"education_rnk",58.6075
"39097041200","tract",2023,"education_rnk",67.251
"39097041300","tract",2023,"education_rnk",67.8773
"39099800501","tract",2023,"education_rnk",94.3585
"39099800502","tract",2023,"education_rnk",NA
"39099800600","tract",2023,"education_rnk",92.3283
"39099801000","tract",2023,"education_rnk",71.2249
"39099801100","tract",2023,"education_rnk",91.0574
"39099801200","tract",2023,"education_rnk",93.3928
"39099801300","tract",2023,"education_rnk",76.6039
"39099801400","tract",2023,"education_rnk",50.2008
"39099801500","tract",2023,"education_rnk",61.0638
"39099801600","tract",2023,"education_rnk",95.6404
"39099801700","tract",2023,"education_rnk",94.2694
"39099802100","tract",2023,"education_rnk",90.8083
"39099802300","tract",2023,"education_rnk",87.1019
"39099802400","tract",2023,"education_rnk",71.0503
"39099802500","tract",2023,"education_rnk",63.7118
"39099802600","tract",2023,"education_rnk",60.1214
"39099802701","tract",2023,"education_rnk",32.5707
"39099802702","tract",2023,"education_rnk",59.1886
"39099802800","tract",2023,"education_rnk",88.7048
"39099802900","tract",2023,"education_rnk",90.4347
"39099803000","tract",2023,"education_rnk",59.6501
"39099804000","tract",2023,"education_rnk",NA
"39099804100","tract",2023,"education_rnk",71.6326
"39099804200","tract",2023,"education_rnk",53.6729
"39099804300","tract",2023,"education_rnk",93.1389
"39099810100","tract",2023,"education_rnk",65.1634
"39099810200","tract",2023,"education_rnk",86.9358
"39099810300","tract",2023,"education_rnk",90.5825
"39099810600","tract",2023,"education_rnk",53.6924
"39099810700","tract",2023,"education_rnk",43.0479
"39099810800","tract",2023,"education_rnk",61.2616
"39099810900","tract",2023,"education_rnk",47.5223
"39099811001","tract",2023,"education_rnk",27.5531
"39099811002","tract",2023,"education_rnk",33.2349
"39099811100","tract",2023,"education_rnk",35.1735
"39099811200","tract",2023,"education_rnk",17.5105
"39099811301","tract",2023,"education_rnk",68.0495
"39099811302","tract",2023,"education_rnk",85.3719
"39099811400","tract",2023,"education_rnk",38.5687
"39099811500","tract",2023,"education_rnk",27.2112
"39099811600","tract",2023,"education_rnk",20.2647
"39099811700","tract",2023,"education_rnk",35.8621
"39099811800","tract",2023,"education_rnk",65.7628
"39099811901","tract",2023,"education_rnk",27.1612
"39099811902","tract",2023,"education_rnk",11.8031
"39099812001","tract",2023,"education_rnk",43.7255
"39099812002","tract",2023,"education_rnk",51.2129
"39099812101","tract",2023,"education_rnk",43.6071
"39099812102","tract",2023,"education_rnk",26.2272
"39099812200","tract",2023,"education_rnk",29.5943
"39099812301","tract",2023,"education_rnk",44.8145
"39099812302","tract",2023,"education_rnk",28.0207
"39099812400","tract",2023,"education_rnk",82.4395
"39099812500","tract",2023,"education_rnk",42.0823
"39099812601","tract",2023,"education_rnk",63.0269
"39099812602","tract",2023,"education_rnk",32.8137
"39099812604","tract",2023,"education_rnk",25.5094
"39099812605","tract",2023,"education_rnk",35.292
"39099812700","tract",2023,"education_rnk",67.5343
"39099812800","tract",2023,"education_rnk",70.7194
"39099812900","tract",2023,"education_rnk",53.6729
"39099813000","tract",2023,"education_rnk",49.8236
"39099813200","tract",2023,"education_rnk",46.1806
"39099813300","tract",2023,"education_rnk",60.0957
"39099813400","tract",2023,"education_rnk",50.4133
"39099813501","tract",2023,"education_rnk",38.0694
"39099813502","tract",2023,"education_rnk",26.0649
"39099813601","tract",2023,"education_rnk",41.9162
"39099813602","tract",2023,"education_rnk",47.4417
"39099813700","tract",2023,"education_rnk",83.537
"39099813800","tract",2023,"education_rnk",85.4476
"39099813900","tract",2023,"education_rnk",53.2029
"39099814000","tract",2023,"education_rnk",96.4852
"39099814100","tract",2023,"education_rnk",84.6675
"39099814200","tract",2023,"education_rnk",53.2236
"39101000100","tract",2023,"education_rnk",33.3582
"39101000200","tract",2023,"education_rnk",75.1486
"39101000300","tract",2023,"education_rnk",83.7616
"39101000400","tract",2023,"education_rnk",83.4674
"39101000501","tract",2023,"education_rnk",92.4259
"39101000502","tract",2023,"education_rnk",50.1593
"39101000600","tract",2023,"education_rnk",39.5429
"39101000700","tract",2023,"education_rnk",58.4073
"39101000800","tract",2023,"education_rnk",75.9581
"39101000900","tract",2023,"education_rnk",87.4791
"39101001000","tract",2023,"education_rnk",54.7008
"39101001100","tract",2023,"education_rnk",63.2455
"39101010100","tract",2023,"education_rnk",73.5713
"39101010201","tract",2023,"education_rnk",51.1189
"39101010202","tract",2023,"education_rnk",NA
"39101010300","tract",2023,"education_rnk",69.9357
"39101010400","tract",2023,"education_rnk",56.7177
"39101010500","tract",2023,"education_rnk",52.7023
"39103400100","tract",2023,"education_rnk",44.0173
"39103402000","tract",2023,"education_rnk",12.4672
"39103403001","tract",2023,"education_rnk",36.5409
"39103403002","tract",2023,"education_rnk",35.889
"39103404000","tract",2023,"education_rnk",13.3938
"39103405000","tract",2023,"education_rnk",15.971
"39103406000","tract",2023,"education_rnk",23.7489
"39103407000","tract",2023,"education_rnk",17.5105
"39103408001","tract",2023,"education_rnk",38.316
"39103408002","tract",2023,"education_rnk",7.6717
"39103408003","tract",2023,"education_rnk",36.116
"39103408101","tract",2023,"education_rnk",48.101
"39103408102","tract",2023,"education_rnk",28.6079
"39103408201","tract",2023,"education_rnk",36.9389
"39103408202","tract",2023,"education_rnk",18.1209
"39103408301","tract",2023,"education_rnk",21.6015
"39103408303","tract",2023,"education_rnk",37.7605
"39103408304","tract",2023,"education_rnk",20.8153
"39103408305","tract",2023,"education_rnk",17.3212
"39103409001","tract",2023,"education_rnk",52.4459
"39103409002","tract",2023,"education_rnk",57.2426
"39103410000","tract",2023,"education_rnk",75.4282
"39103411001","tract",2023,"education_rnk",58.0032
"39103411002","tract",2023,"education_rnk",69.1726
"39103412000","tract",2023,"education_rnk",36.7814
"39103413000","tract",2023,"education_rnk",52.4459
"39103415100","tract",2023,"education_rnk",39.6821
"39103415200","tract",2023,"education_rnk",39.7907
"39103415300","tract",2023,"education_rnk",44.6314
"39103415400","tract",2023,"education_rnk",34.4117
"39103415801","tract",2023,"education_rnk",32.9333
"39103415802","tract",2023,"education_rnk",59.4194
"39103416000","tract",2023,"education_rnk",43.7255
"39103416100","tract",2023,"education_rnk",38.0901
"39103416200","tract",2023,"education_rnk",72.3273
"39103416300","tract",2023,"education_rnk",45.6959
"39103416400","tract",2023,"education_rnk",48.5966
"39103417001","tract",2023,"education_rnk",23.965
"39103417002","tract",2023,"education_rnk",31.6978
"39103417100","tract",2023,"education_rnk",37.2587
"39103417200","tract",2023,"education_rnk",30.0949
"39103417300","tract",2023,"education_rnk",41.2863
"39105964100","tract",2023,"education_rnk",68.4511
"39105964200","tract",2023,"education_rnk",57.1144
"39105964300","tract",2023,"education_rnk",74.8874
"39105964400","tract",2023,"education_rnk",80.0442
"39105964500","tract",2023,"education_rnk",66.9971
"39105964600","tract",2023,"education_rnk",55.509
"39107967200","tract",2023,"education_rnk",51.7354
"39107967300","tract",2023,"education_rnk",58.0996
"39107967400","tract",2023,"education_rnk",73.061
"39107967500","tract",2023,"education_rnk",41.4206
"39107967600","tract",2023,"education_rnk",42.5584
"39107967700","tract",2023,"education_rnk",64.9632
"39107967800","tract",2023,"education_rnk",14.025
"39107967900","tract",2023,"education_rnk",54.0074
"39107968000","tract",2023,"education_rnk",74.3087
"39109300100","tract",2023,"education_rnk",58.743
"39109315001","tract",2023,"education_rnk",37.9961
"39109315002","tract",2023,"education_rnk",45.8876
"39109315100","tract",2023,"education_rnk",80.9696
"39109315300","tract",2023,"education_rnk",71.3335
"39109320100","tract",2023,"education_rnk",56.421
"39109325000","tract",2023,"education_rnk",62.1321
"39109330100","tract",2023,"education_rnk",67.0813
"39109340100","tract",2023,"education_rnk",59.8039
"39109345000","tract",2023,"education_rnk",71.6082
"39109350101","tract",2023,"education_rnk",42.4497
"39109350102","tract",2023,"education_rnk",18.8656
"39109355001","tract",2023,"education_rnk",37.509
"39109355002","tract",2023,"education_rnk",18.7875
"39109365001","tract",2023,"education_rnk",19.111
"39109365002","tract",2023,"education_rnk",48.8799
"39109365101","tract",2023,"education_rnk",42.888
"39109365102","tract",2023,"education_rnk",61.0235
"39109365200","tract",2023,"education_rnk",66.5307
"39109365301","tract",2023,"education_rnk",46.6164
"39109365302","tract",2023,"education_rnk",34.2726
"39109380100","tract",2023,"education_rnk",32.8967
"39109390100","tract",2023,"education_rnk",57.9422
"39111966600","tract",2023,"education_rnk",50.644
"39111966700","tract",2023,"education_rnk",83.8727
"39111966800","tract",2023,"education_rnk",68.5866
"39111966900","tract",2023,"education_rnk",69.0322
"39113000100","tract",2023,"education_rnk",78.65
"39113000200","tract",2023,"education_rnk",79.0614
"39113000300","tract",2023,"education_rnk",80.9696
"39113000400","tract",2023,"education_rnk",81.0013
"39113000500","tract",2023,"education_rnk",52.3788
"39113000600","tract",2023,"education_rnk",31.0447
"39113000700","tract",2023,"education_rnk",48.427
"39113000801","tract",2023,"education_rnk",56.3307
"39113000802","tract",2023,"education_rnk",65.6188
"39113000900","tract",2023,"education_rnk",73.1477
"39113001000","tract",2023,"education_rnk",42.5584
"39113001100","tract",2023,"education_rnk",57.9873
"39113001200","tract",2023,"education_rnk",82.1819
"39113001501","tract",2023,"education_rnk",18.9071
"39113001600","tract",2023,"education_rnk",51.5499
"39113001700","tract",2023,"education_rnk",82.6666
"39113001801","tract",2023,"education_rnk",77.0458
"39113001802","tract",2023,"education_rnk",93.6077
"39113001900","tract",2023,"education_rnk",79.1041
"39113002000","tract",2023,"education_rnk",91.4273
"39113002200","tract",2023,"education_rnk",86.8479
"39113002300","tract",2023,"education_rnk",92.1354
"39113002400","tract",2023,"education_rnk",90.0685
"39113002500","tract",2023,"education_rnk",89.9086
"39113002600","tract",2023,"education_rnk",62.6424
"39113002700","tract",2023,"education_rnk",36.8302
"39113002800","tract",2023,"education_rnk",30.3537
"39113002900","tract",2023,"education_rnk",38.9032
"39113003000","tract",2023,"education_rnk",23.075
"39113003100","tract",2023,"education_rnk",18.5067
"39113003201","tract",2023,"education_rnk",30.8554
"39113003300","tract",2023,"education_rnk",65.7921
"39113003402","tract",2023,"education_rnk",NA
"39113003403","tract",2023,"education_rnk",NA
"39113003404","tract",2023,"education_rnk",19.1342
"39113003500","tract",2023,"education_rnk",71.4983
"39113003800","tract",2023,"education_rnk",84.5308
"39113003900","tract",2023,"education_rnk",73.9131
"39113004100","tract",2023,"education_rnk",92.078
"39113004200","tract",2023,"education_rnk",60.0957
"39113004300","tract",2023,"education_rnk",96.3082
"39113004400","tract",2023,"education_rnk",82.7276
"39113004600","tract",2023,"education_rnk",NA
"39113010100","tract",2023,"education_rnk",30.9861
"39113010200","tract",2023,"education_rnk",27.1832
"39113020100","tract",2023,"education_rnk",18.807
"39113020200","tract",2023,"education_rnk",40.5025
"39113020300","tract",2023,"education_rnk",13.3938
"39113020400","tract",2023,"education_rnk",53.397
"39113020500","tract",2023,"education_rnk",39.5429
"39113020601","tract",2023,"education_rnk",19.3576
"39113020602","tract",2023,"education_rnk",7.4325
"39113020700","tract",2023,"education_rnk",18.7313
"39113020800","tract",2023,"education_rnk",11.8397
"39113020900","tract",2023,"education_rnk",17.5801
"39113021000","tract",2023,"education_rnk",34.9538
"39113021100","tract",2023,"education_rnk",74.8691
"39113021200","tract",2023,"education_rnk",59.1093
"39113021301","tract",2023,"education_rnk",64.5408
"39113021302","tract",2023,"education_rnk",55.9815
"39113021400","tract",2023,"education_rnk",32.4218
"39113021501","tract",2023,"education_rnk",36.8107
"39113021502","tract",2023,"education_rnk",55.6909
"39113021601","tract",2023,"education_rnk",34.2945
"39113021602","tract",2023,"education_rnk",27.1832
"39113021700","tract",2023,"education_rnk",33.7818
"39113021800","tract",2023,"education_rnk",49.1961
"39113021900","tract",2023,"education_rnk",21.7065
"39113030100","tract",2023,"education_rnk",84.3574
"39113030200","tract",2023,"education_rnk",77.1533
"39113040101","tract",2023,"education_rnk",11.659
"39113040102","tract",2023,"education_rnk",9.094
"39113040103","tract",2023,"education_rnk",10.7434
"39113040201","tract",2023,"education_rnk",6.529
"39113040203","tract",2023,"education_rnk",32.7245
"39113040204","tract",2023,"education_rnk",12.654
"39113040302","tract",2023,"education_rnk",30.1498
"39113040303","tract",2023,"education_rnk",21.3305
"39113040305","tract",2023,"education_rnk",20.1389
"39113040306","tract",2023,"education_rnk",9.8131
"39113040401","tract",2023,"education_rnk",24.2959
"39113040403","tract",2023,"education_rnk",13.2986
"39113040405","tract",2023,"education_rnk",57.4929
"39113040406","tract",2023,"education_rnk",8.3542
"39113050101","tract",2023,"education_rnk",32.1862
"39113050104","tract",2023,"education_rnk",19.7214
"39113050105","tract",2023,"education_rnk",17.7217
"39113050106","tract",2023,"education_rnk",18.6678
"39113050107","tract",2023,"education_rnk",30.0631
"39113050301","tract",2023,"education_rnk",70.8537
"39113050302","tract",2023,"education_rnk",53.2712
"39113050303","tract",2023,"education_rnk",36.4945
"39113050401","tract",2023,"education_rnk",39.2206
"39113050402","tract",2023,"education_rnk",62.0527
"39113050502","tract",2023,"education_rnk",31.4024
"39113050503","tract",2023,"education_rnk",48.9019
"39113050504","tract",2023,"education_rnk",34.6071
"39113050600","tract",2023,"education_rnk",75.2866
"39113060100","tract",2023,"education_rnk",16.8903
"39113060200","tract",2023,"education_rnk",97.2788
"39113060300","tract",2023,"education_rnk",70.236
"39113070101","tract",2023,"education_rnk",65.2025
"39113070102","tract",2023,"education_rnk",36.4701
"39113070201","tract",2023,"education_rnk",92.0328
"39113070202","tract",2023,"education_rnk",76.7199
"39113070300","tract",2023,"education_rnk",80.3714
"39113070400","tract",2023,"education_rnk",50.2606
"39113070500","tract",2023,"education_rnk",60.2935
"39113070600","tract",2023,"education_rnk",61.7365
"39113070700","tract",2023,"education_rnk",63.5385
"39113080100","tract",2023,"education_rnk",43.9538
"39113080200","tract",2023,"education_rnk",23.7294
"39113080300","tract",2023,"education_rnk",10.1586
"39113080400","tract",2023,"education_rnk",68.4291
"39113080500","tract",2023,"education_rnk",82.9376
"39113080600","tract",2023,"education_rnk",61.3727
"39113080700","tract",2023,"education_rnk",92.3673
"39113090302","tract",2023,"education_rnk",57.3586
"39113090303","tract",2023,"education_rnk",39.1315
"39113090304","tract",2023,"education_rnk",42.9832
"39113090600","tract",2023,"education_rnk",72.5873
"39113090700","tract",2023,"education_rnk",57.4929
"39113090800","tract",2023,"education_rnk",46.4199
"39113090900","tract",2023,"education_rnk",76.5196
"39113091000","tract",2023,"education_rnk",67.4769
"39113091100","tract",2023,"education_rnk",21.6882
"39113100101","tract",2023,"education_rnk",54.2674
"39113100102","tract",2023,"education_rnk",33.888
"39113100201","tract",2023,"education_rnk",70.6425
"39113100202","tract",2023,"education_rnk",56.4784
"39113100203","tract",2023,"education_rnk",66.2695
"39113100301","tract",2023,"education_rnk",66.2487
"39113100302","tract",2023,"education_rnk",81.8901
"39113100400","tract",2023,"education_rnk",61.2262
"39113110100","tract",2023,"education_rnk",17.7876
"39113110201","tract",2023,"education_rnk",22.5843
"39113110202","tract",2023,"education_rnk",40.5513
"39113115002","tract",2023,"education_rnk",64.4114
"39113115011","tract",2023,"education_rnk",43.275
"39113115012","tract",2023,"education_rnk",27.7216
"39113120101","tract",2023,"education_rnk",19.6714
"39113120102","tract",2023,"education_rnk",29.996
"39113120103","tract",2023,"education_rnk",47.1329
"39113125000","tract",2023,"education_rnk",35.7864
"39113125102","tract",2023,"education_rnk",33.0102
"39113125103","tract",2023,"education_rnk",24.91
"39113125104","tract",2023,"education_rnk",32.8576
"39113130101","tract",2023,"education_rnk",30.2194
"39113130102","tract",2023,"education_rnk",55.6494
"39113140100","tract",2023,"education_rnk",41.3424
"39113150100","tract",2023,"education_rnk",63.0269
"39113160100","tract",2023,"education_rnk",49.0899
"39113165000","tract",2023,"education_rnk",53.2712
"39113165100","tract",2023,"education_rnk",88.5998
"39113165200","tract",2023,"education_rnk",21.7504
"39113980000","tract",2023,"education_rnk",NA
"39115968800","tract",2023,"education_rnk",53.5227
"39115968900","tract",2023,"education_rnk",60.6988
"39115969000","tract",2023,"education_rnk",75.4551
"39115969100","tract",2023,"education_rnk",73.8106
"39117965000","tract",2023,"education_rnk",39.5649
"39117965100","tract",2023,"education_rnk",74.0951
"39117965201","tract",2023,"education_rnk",69.7477
"39117965202","tract",2023,"education_rnk",72.3834
"39117965300","tract",2023,"education_rnk",50.2802
"39117965401","tract",2023,"education_rnk",51.8673
"39117965402","tract",2023,"education_rnk",67.6857
"39117965501","tract",2023,"education_rnk",38.7127
"39117965502","tract",2023,"education_rnk",34.9343
"39119911000","tract",2023,"education_rnk",67.9689
"39119911100","tract",2023,"education_rnk",47.9508
"39119911201","tract",2023,"education_rnk",48.0522
"39119911202","tract",2023,"education_rnk",46.8423
"39119911300","tract",2023,"education_rnk",42.2727
"39119911400","tract",2023,"education_rnk",89.1199
"39119911500","tract",2023,"education_rnk",40.8114
"39119911601","tract",2023,"education_rnk",37.0182
"39119911602","tract",2023,"education_rnk",37.1196
"39119911700","tract",2023,"education_rnk",76.7699
"39119911800","tract",2023,"education_rnk",68.0177
"39119911900","tract",2023,"education_rnk",86.3376
"39119912000","tract",2023,"education_rnk",66.2487
"39119912100","tract",2023,"education_rnk",77.7734
"39119912200","tract",2023,"education_rnk",83.8727
"39119912300","tract",2023,"education_rnk",62.1321
"39119912400","tract",2023,"education_rnk",79.9856
"39119912500","tract",2023,"education_rnk",73.188
"39119912600","tract",2023,"education_rnk",43.3629
"39119912700","tract",2023,"education_rnk",34.8244
"39119912800","tract",2023,"education_rnk",52.2115
"39121968300","tract",2023,"education_rnk",75.3354
"39121968401","tract",2023,"education_rnk",44.1906
"39121968402","tract",2023,"education_rnk",NA
"39121968500","tract",2023,"education_rnk",65.8056
"39123050100","tract",2023,"education_rnk",18.8864
"39123050201","tract",2023,"education_rnk",10.3759
"39123050202","tract",2023,"education_rnk",9.763
"39123050301","tract",2023,"education_rnk",35.845
"39123050302","tract",2023,"education_rnk",32.6843
"39123050500","tract",2023,"education_rnk",75.3354
"39123050600","tract",2023,"education_rnk",69.7916
"39123050700","tract",2023,"education_rnk",35.5007
"39123050800","tract",2023,"education_rnk",32.4645
"39123050900","tract",2023,"education_rnk",36.9389
"39123051000","tract",2023,"education_rnk",47.399
"39123051100","tract",2023,"education_rnk",31.2937
"39123051201","tract",2023,"education_rnk",25.9269
"39123051202","tract",2023,"education_rnk",56.1231
"39123051203","tract",2023,"education_rnk",24.7549
"39125960100","tract",2023,"education_rnk",60.0957
"39125960200","tract",2023,"education_rnk",62.7962
"39125960300","tract",2023,"education_rnk",65.4344
"39125960400","tract",2023,"education_rnk",71.6326
"39125960500","tract",2023,"education_rnk",73.6177
"39127965801","tract",2023,"education_rnk",62.6619
"39127965802","tract",2023,"education_rnk",26.2834
"39127965901","tract",2023,"education_rnk",66.604
"39127965902","tract",2023,"education_rnk",65.0792
"39127966000","tract",2023,"education_rnk",73.5493
"39127966100","tract",2023,"education_rnk",63.0501
"39127966200","tract",2023,"education_rnk",77.5476
"39127966301","tract",2023,"education_rnk",81.9536
"39127966302","tract",2023,"education_rnk",86.2119
"39129020100","tract",2023,"education_rnk",82.8362
"39129020200","tract",2023,"education_rnk",81.0013
"39129020310","tract",2023,"education_rnk",49.4195
"39129020320","tract",2023,"education_rnk",57.7322
"39129020400","tract",2023,"education_rnk",77.9895
"39129021101","tract",2023,"education_rnk",38.5687
"39129021102","tract",2023,"education_rnk",42.8673
"39129021201","tract",2023,"education_rnk",55.7984
"39129021202","tract",2023,"education_rnk",86.561
"39129021300","tract",2023,"education_rnk",NA
"39129021401","tract",2023,"education_rnk",42.9552
"39129021403","tract",2023,"education_rnk",48.427
"39129021404","tract",2023,"education_rnk",54.4335
"39129021500","tract",2023,"education_rnk",67.0813
"39129021600","tract",2023,"education_rnk",46.4785
"39129021700","tract",2023,"education_rnk",52.4459
"39131952200","tract",2023,"education_rnk",81.4701
"39131952300","tract",2023,"education_rnk",61.319
"39131952400","tract",2023,"education_rnk",75.3977
"39131952500","tract",2023,"education_rnk",62.878
"39131952601","tract",2023,"education_rnk",64.6616
"39131952602","tract",2023,"education_rnk",54.6312
"39131952700","tract",2023,"education_rnk",79.8916
"39133600102","tract",2023,"education_rnk",50.058
"39133600103","tract",2023,"education_rnk",87.4486
"39133600200","tract",2023,"education_rnk",48.6137
"39133600302","tract",2023,"education_rnk",16.9452
"39133600303","tract",2023,"education_rnk",10.2221
"39133600304","tract",2023,"education_rnk",19.3161
"39133600401","tract",2023,"education_rnk",16.2579
"39133600402","tract",2023,"education_rnk",34.4117
"39133600403","tract",2023,"education_rnk",50.5817
"39133600500","tract",2023,"education_rnk",34.518
"39133600602","tract",2023,"education_rnk",58.743
"39133600603","tract",2023,"education_rnk",79.9087
"39133600703","tract",2023,"education_rnk",49.3389
"39133600704","tract",2023,"education_rnk",49.2986
"39133600705","tract",2023,"education_rnk",51.5755
"39133600706","tract",2023,"education_rnk",37.0182
"39133600800","tract",2023,"education_rnk",40.3829
"39133600901","tract",2023,"education_rnk",76.8554
"39133600902","tract",2023,"education_rnk",61.9294
"39133601000","tract",2023,"education_rnk",54.5287
"39133601100","tract",2023,"education_rnk",36.6398
"39133601200","tract",2023,"education_rnk",27.796
"39133601300","tract",2023,"education_rnk",27.0635
"39133601400","tract",2023,"education_rnk",41.8637
"39133601501","tract",2023,"education_rnk",22.3718
"39133601502","tract",2023,"education_rnk",NA
"39133601503","tract",2023,"education_rnk",60.5254
"39133601600","tract",2023,"education_rnk",31.9469
"39133601702","tract",2023,"education_rnk",38.482
"39133601703","tract",2023,"education_rnk",26.4494
"39133601704","tract",2023,"education_rnk",12.2951
"39133601801","tract",2023,"education_rnk",32.705
"39133601802","tract",2023,"education_rnk",38.6908
"39133601901","tract",2023,"education_rnk",48.5673
"39133601902","tract",2023,"education_rnk",62.4092
"39133602000","tract",2023,"education_rnk",43.9306
"39133602101","tract",2023,"education_rnk",35.3432
"39133602102","tract",2023,"education_rnk",39.3256
"39135400100","tract",2023,"education_rnk",72.7057
"39135410100","tract",2023,"education_rnk",61.8842
"39135420100","tract",2023,"education_rnk",66.7346
"39135430100","tract",2023,"education_rnk",42.6451
"39135440100","tract",2023,"education_rnk",48.5966
"39135450100","tract",2023,"education_rnk",43.7829
"39135455001","tract",2023,"education_rnk",59.8149
"39135455002","tract",2023,"education_rnk",47.725
"39135460100","tract",2023,"education_rnk",71.9207
"39135470101","tract",2023,"education_rnk",43.485
"39135470102","tract",2023,"education_rnk",66.2487
"39135480100","tract",2023,"education_rnk",43.5119
"39137030100","tract",2023,"education_rnk",74.6078
"39137030200","tract",2023,"education_rnk",69.6768
"39137030301","tract",2023,"education_rnk",41.1117
"39137030302","tract",2023,"education_rnk",39.7431
"39137030400","tract",2023,"education_rnk",48.8127
"39137030500","tract",2023,"education_rnk",51.2837
"39137030600","tract",2023,"education_rnk",45.1185
"39137030700","tract",2023,"education_rnk",48.6723
"39139000400","tract",2023,"education_rnk",86.71
"39139000500","tract",2023,"education_rnk",85.0435
"39139000600","tract",2023,"education_rnk",82.8301
"39139000700","tract",2023,"education_rnk",86.8223
"39139000800","tract",2023,"education_rnk",84.9043
"39139000900","tract",2023,"education_rnk",87.8221
"39139001000","tract",2023,"education_rnk",43.0247
"39139001100","tract",2023,"education_rnk",67.4976
"39139001200","tract",2023,"education_rnk",46.7593
"39139001300","tract",2023,"education_rnk",30.9653
"39139001400","tract",2023,"education_rnk",48.4868
"39139001500","tract",2023,"education_rnk",77.688
"39139001600","tract",2023,"education_rnk",93.1242
"39139001700","tract",2023,"education_rnk",NA
"39139001800","tract",2023,"education_rnk",65.2379
"39139001900","tract",2023,"education_rnk",57.5161
"39139002000","tract",2023,"education_rnk",50.2606
"39139002101","tract",2023,"education_rnk",54.9206
"39139002102","tract",2023,"education_rnk",35.4079
"39139002200","tract",2023,"education_rnk",45.3236
"39139002300","tract",2023,"education_rnk",37.7788
"39139002400","tract",2023,"education_rnk",59.6171
"39139002500","tract",2023,"education_rnk",44.0173
"39139002600","tract",2023,"education_rnk",82.9022
"39139002700","tract",2023,"education_rnk",58.743
"39139002800","tract",2023,"education_rnk",83.5517
"39139002900","tract",2023,"education_rnk",86.5525
"39139003001","tract",2023,"education_rnk",63.8107
"39139003002","tract",2023,"education_rnk",69.0322
"39139003100","tract",2023,"education_rnk",82.8521
"39141955500","tract",2023,"education_rnk",56.9789
"39141955603","tract",2023,"education_rnk",67.0337
"39141955604","tract",2023,"education_rnk",NA
"39141955700","tract",2023,"education_rnk",78.882
"39141955801","tract",2023,"education_rnk",50.7368
"39141955802","tract",2023,"education_rnk",73.2637
"39141955900","tract",2023,"education_rnk",39.6638
"39141956000","tract",2023,"education_rnk",32.6232
"39141956100","tract",2023,"education_rnk",51.5267
"39141956200","tract",2023,"education_rnk",16.7352
"39141956300","tract",2023,"education_rnk",71.69
"39141956400","tract",2023,"education_rnk",48.9519
"39141956500","tract",2023,"education_rnk",63.1661
"39141956600","tract",2023,"education_rnk",65.2025
"39141956700","tract",2023,"education_rnk",79.391
"39141956800","tract",2023,"education_rnk",73.0964
"39141956900","tract",2023,"education_rnk",67.7858
"39143960800","tract",2023,"education_rnk",17.8584
"39143960900","tract",2023,"education_rnk",28.6286
"39143961000","tract",2023,"education_rnk",52.4728
"39143961100","tract",2023,"education_rnk",68.1923
"39143961200","tract",2023,"education_rnk",42.1396
"39143961300","tract",2023,"education_rnk",45.3822
"39143961400","tract",2023,"education_rnk",64.3931
"39143961500","tract",2023,"education_rnk",68.7942
"39143961600","tract",2023,"education_rnk",83.0182
"39143961700","tract",2023,"education_rnk",62.2786
"39143961800","tract",2023,"education_rnk",79.0761
"39143961900","tract",2023,"education_rnk",35.5508
"39143962000","tract",2023,"education_rnk",48.9788
"39143962100","tract",2023,"education_rnk",42.1396
"39143962200","tract",2023,"education_rnk",63.6679
"39145002100","tract",2023,"education_rnk",75.0327
"39145002200","tract",2023,"education_rnk",65.2379
"39145002300","tract",2023,"education_rnk",58.8773
"39145002400","tract",2023,"education_rnk",67.1863
"39145002500","tract",2023,"education_rnk",56.9398
"39145002600","tract",2023,"education_rnk",68.6831
"39145002700","tract",2023,"education_rnk",62.7706
"39145002800","tract",2023,"education_rnk",58.765
"39145002901","tract",2023,"education_rnk",53.9305
"39145002902","tract",2023,"education_rnk",22.6563
"39145003000","tract",2023,"education_rnk",60.6988
"39145003100","tract",2023,"education_rnk",81.7582
"39145003200","tract",2023,"education_rnk",86.6733
"39145003300","tract",2023,"education_rnk",54.5531
"39145003400","tract",2023,"education_rnk",90.331
"39145003500","tract",2023,"education_rnk",91.608
"39145003600","tract",2023,"education_rnk",NA
"39145003700","tract",2023,"education_rnk",77.4804
"39145003800","tract",2023,"education_rnk",31.5562
"39145003900","tract",2023,"education_rnk",62.6619
"39145004000","tract",2023,"education_rnk",72.9108
"39147962500","tract",2023,"education_rnk",44.7351
"39147962600","tract",2023,"education_rnk",59.9211
"39147962700","tract",2023,"education_rnk",54.6557
"39147962800","tract",2023,"education_rnk",81.171
"39147962900","tract",2023,"education_rnk",80.9562
"39147963000","tract",2023,"education_rnk",64.2368
"39147963100","tract",2023,"education_rnk",74.2745
"39147963200","tract",2023,"education_rnk",70.2958
"39147963300","tract",2023,"education_rnk",57.311
"39147963400","tract",2023,"education_rnk",74.6078
"39147963500","tract",2023,"education_rnk",52.7963
"39147963600","tract",2023,"education_rnk",34.7475
"39147963700","tract",2023,"education_rnk",18.5067
"39147963800","tract",2023,"education_rnk",51.8429
"39149971400","tract",2023,"education_rnk",49.0679
"39149971500","tract",2023,"education_rnk",57.0656
"39149971600","tract",2023,"education_rnk",48.2841
"39149971700","tract",2023,"education_rnk",58.826
"39149971800","tract",2023,"education_rnk",83.8569
"39149971900","tract",2023,"education_rnk",57.6785
"39149972000","tract",2023,"education_rnk",80.7059
"39149972100","tract",2023,"education_rnk",42.0151
"39149972200","tract",2023,"education_rnk",31.8614
"39149972300","tract",2023,"education_rnk",61.5009
"39151700100","tract",2023,"education_rnk",70.4972
"39151700200","tract",2023,"education_rnk",76.7418
"39151700300","tract",2023,"education_rnk",96.2996
"39151700400","tract",2023,"education_rnk",65.9093
"39151700500","tract",2023,"education_rnk",89.6583
"39151700600","tract",2023,"education_rnk",58.5599
"39151700701","tract",2023,"education_rnk",25.054
"39151700702","tract",2023,"education_rnk",58.2156
"39151700800","tract",2023,"education_rnk",67.8322
"39151701000","tract",2023,"education_rnk",84.7432
"39151701100","tract",2023,"education_rnk",47.6713
"39151701200","tract",2023,"education_rnk",72.6593
"39151701300","tract",2023,"education_rnk",63.5385
"39151701500","tract",2023,"education_rnk",95.4121
"39151701700","tract",2023,"education_rnk",96.2191
"39151701800","tract",2023,"education_rnk",87.5267
"39151702100","tract",2023,"education_rnk",70.8891
"39151702300","tract",2023,"education_rnk",95.8662
"39151702500","tract",2023,"education_rnk",76.7199
"39151710200","tract",2023,"education_rnk",70.0993
"39151710300","tract",2023,"education_rnk",63.6203
"39151710400","tract",2023,"education_rnk",90.0844
"39151710500","tract",2023,"education_rnk",87.4913
"39151710600","tract",2023,"education_rnk",36.5897
"39151710700","tract",2023,"education_rnk",61.8171
"39151710800","tract",2023,"education_rnk",39.4904
"39151710900","tract",2023,"education_rnk",62.0307
"39151711001","tract",2023,"education_rnk",69.4424
"39151711002","tract",2023,"education_rnk",49.1204
"39151711111","tract",2023,"education_rnk",30.3842
"39151711112","tract",2023,"education_rnk",39.8323
"39151711121","tract",2023,"education_rnk",39.8713
"39151711122","tract",2023,"education_rnk",17.0124
"39151711202","tract",2023,"education_rnk",36.9389
"39151711211","tract",2023,"education_rnk",34.695
"39151711212","tract",2023,"education_rnk",20.9581
"39151711312","tract",2023,"education_rnk",22.2583
"39151711321","tract",2023,"education_rnk",31.0947
"39151711322","tract",2023,"education_rnk",27.746
"39151711323","tract",2023,"education_rnk",30.8713
"39151711324","tract",2023,"education_rnk",31.3755
"39151711402","tract",2023,"education_rnk",31.9029
"39151711411","tract",2023,"education_rnk",20.3977
"39151711412","tract",2023,"education_rnk",33.888
"39151711501","tract",2023,"education_rnk",45.5421
"39151711502","tract",2023,"education_rnk",23.7294
"39151711600","tract",2023,"education_rnk",54.6813
"39151711700","tract",2023,"education_rnk",56.5077
"39151711800","tract",2023,"education_rnk",45.746
"39151711900","tract",2023,"education_rnk",26.6326
"39151712000","tract",2023,"education_rnk",23.1153
"39151712102","tract",2023,"education_rnk",17.3029
"39151712112","tract",2023,"education_rnk",13.0788
"39151712113","tract",2023,"education_rnk",19.3954
"39151712114","tract",2023,"education_rnk",26.6985
"39151712201","tract",2023,"education_rnk",33.5291
"39151712202","tract",2023,"education_rnk",29.2268
"39151712300","tract",2023,"education_rnk",52.7255
"39151712400","tract",2023,"education_rnk",64.8545
"39151712500","tract",2023,"education_rnk",47.9032
"39151712601","tract",2023,"education_rnk",62.9647
"39151712602","tract",2023,"education_rnk",57.2426
"39151712700","tract",2023,"education_rnk",50.0104
"39151712800","tract",2023,"education_rnk",47.9984
"39151712900","tract",2023,"education_rnk",63.4725
"39151713000","tract",2023,"education_rnk",20.3636
"39151713100","tract",2023,"education_rnk",47.9765
"39151713201","tract",2023,"education_rnk",65.2025
"39151713202","tract",2023,"education_rnk",45.7228
"39151713300","tract",2023,"education_rnk",57.2878
"39151713401","tract",2023,"education_rnk",60.5645
"39151713402","tract",2023,"education_rnk",41.9956
"39151713501","tract",2023,"education_rnk",44.0625
"39151713502","tract",2023,"education_rnk",71.0967
"39151713600","tract",2023,"education_rnk",28.0207
"39151713700","tract",2023,"education_rnk",46.0011
"39151713900","tract",2023,"education_rnk",54.0758
"39151714000","tract",2023,"education_rnk",38.3734
"39151714100","tract",2023,"education_rnk",60.324
"39151714200","tract",2023,"education_rnk",82.2734
"39151714302","tract",2023,"education_rnk",65.5992
"39151714400","tract",2023,"education_rnk",58.787
"39151714600","tract",2023,"education_rnk",52.1127
"39151714701","tract",2023,"education_rnk",49.7381
"39151714702","tract",2023,"education_rnk",56.421
"39151714801","tract",2023,"education_rnk",86.1472
"39151714802","tract",2023,"education_rnk",45.2491
"39151714901","tract",2023,"education_rnk",50.644
"39151714902","tract",2023,"education_rnk",80.6864
"39151715000","tract",2023,"education_rnk",45.1942
"39153501100","tract",2023,"education_rnk",81.9719
"39153501700","tract",2023,"education_rnk",81.8901
"39153501800","tract",2023,"education_rnk",74.6249
"39153501900","tract",2023,"education_rnk",56.5248
"39153502101","tract",2023,"education_rnk",96.9809
"39153502102","tract",2023,"education_rnk",80.6522
"39153502200","tract",2023,"education_rnk",93.3074
"39153502300","tract",2023,"education_rnk",53.4971
"39153502500","tract",2023,"education_rnk",23.025
"39153502600","tract",2023,"education_rnk",90.1576
"39153502700","tract",2023,"education_rnk",68.4072
"39153502800","tract",2023,"education_rnk",42.4973
"39153503100","tract",2023,"education_rnk",87.1763
"39153503200","tract",2023,"education_rnk",89.972
"39153503300","tract",2023,"education_rnk",77.2509
"39153503400","tract",2023,"education_rnk",76.5904
"39153503500","tract",2023,"education_rnk",76.3145
"39153503600","tract",2023,"education_rnk",66.8872
"39153503701","tract",2023,"education_rnk",62.878
"39153503702","tract",2023,"education_rnk",35.9146
"39153503800","tract",2023,"education_rnk",73.1294
"39153504100","tract",2023,"education_rnk",66.7346
"39153504200","tract",2023,"education_rnk",79.4179
"39153504400","tract",2023,"education_rnk",60.197
"39153504500","tract",2023,"education_rnk",86.804
"39153504600","tract",2023,"education_rnk",83.117
"39153504700","tract",2023,"education_rnk",54.2113
"39153504800","tract",2023,"education_rnk",52.7023
"39153505200","tract",2023,"education_rnk",83.1744
"39153505300","tract",2023,"education_rnk",98.5728
"39153505400","tract",2023,"education_rnk",76.5709
"39153505500","tract",2023,"education_rnk",76.5428
"39153505600","tract",2023,"education_rnk",87.7367
"39153505700","tract",2023,"education_rnk",89.6046
"39153505800","tract",2023,"education_rnk",45.9303
"39153505900","tract",2023,"education_rnk",69.9137
"39153506100","tract",2023,"education_rnk",18.1209
"39153506200","tract",2023,"education_rnk",44.0625
"39153506400","tract",2023,"education_rnk",16.5729
"39153506500","tract",2023,"education_rnk",94.8273
"39153506600","tract",2023,"education_rnk",64.3491
"39153506700","tract",2023,"education_rnk",80.8268
"39153506800","tract",2023,"education_rnk",NA
"39153507101","tract",2023,"education_rnk",17.8315
"39153507102","tract",2023,"education_rnk",8.3347
"39153507201","tract",2023,"education_rnk",14.4095
"39153507202","tract",2023,"education_rnk",10.8532
"39153507203","tract",2023,"education_rnk",21.7858
"39153507300","tract",2023,"education_rnk",8.0575
"39153507400","tract",2023,"education_rnk",90.862
"39153507501","tract",2023,"education_rnk",6.0615
"39153507502","tract",2023,"education_rnk",93.4172
"39153507600","tract",2023,"education_rnk",86.804
"39153508000","tract",2023,"education_rnk",24.2385
"39153508301","tract",2023,"education_rnk",58.8016
"39153508399","tract",2023,"education_rnk",77.4658
"39153508600","tract",2023,"education_rnk",80.0796
"39153508800","tract",2023,"education_rnk",64.2539
"39153508900","tract",2023,"education_rnk",NA
"39153509000","tract",2023,"education_rnk",84.3354
"39153510100","tract",2023,"education_rnk",85.3597
"39153510200","tract",2023,"education_rnk",64.0573
"39153510301","tract",2023,"education_rnk",79.2702
"39153510302","tract",2023,"education_rnk",19.9192
"39153510400","tract",2023,"education_rnk",55.216
"39153510500","tract",2023,"education_rnk",79.9392
"39153520103","tract",2023,"education_rnk",65.1634
"39153520104","tract",2023,"education_rnk",40.146
"39153520105","tract",2023,"education_rnk",48.8372
"39153520106","tract",2023,"education_rnk",15.5205
"39153520201","tract",2023,"education_rnk",8.6692
"39153520202","tract",2023,"education_rnk",50.666
"39153520301","tract",2023,"education_rnk",14.6916
"39153520302","tract",2023,"education_rnk",12.2853
"39153520400","tract",2023,"education_rnk",34.1358
"39153520500","tract",2023,"education_rnk",31.9847
"39153520600","tract",2023,"education_rnk",35.845
"39153530101","tract",2023,"education_rnk",13.3938
"39153530103","tract",2023,"education_rnk",34.518
"39153530104","tract",2023,"education_rnk",22.5415
"39153530105","tract",2023,"education_rnk",29.9362
"39153530108","tract",2023,"education_rnk",20.8702
"39153530401","tract",2023,"education_rnk",40.588
"39153530402","tract",2023,"education_rnk",31.2266
"39153530501","tract",2023,"education_rnk",29.996
"39153530502","tract",2023,"education_rnk",39.5429
"39153530603","tract",2023,"education_rnk",26.2089
"39153530604","tract",2023,"education_rnk",18.8216
"39153530605","tract",2023,"education_rnk",27.7216
"39153530606","tract",2023,"education_rnk",20.1988
"39153530700","tract",2023,"education_rnk",10.83
"39153530800","tract",2023,"education_rnk",16.3653
"39153530901","tract",2023,"education_rnk",35.4079
"39153530902","tract",2023,"education_rnk",54.9206
"39153530903","tract",2023,"education_rnk",29.8739
"39153531001","tract",2023,"education_rnk",38.8226
"39153531002","tract",2023,"education_rnk",63.6203
"39153531101","tract",2023,"education_rnk",58.0764
"39153531102","tract",2023,"education_rnk",35.53
"39153531103","tract",2023,"education_rnk",44.8145
"39153531405","tract",2023,"education_rnk",57.7773
"39153531406","tract",2023,"education_rnk",23.4511
"39153531407","tract",2023,"education_rnk",43.1456
"39153531501","tract",2023,"education_rnk",64.0195
"39153531502","tract",2023,"education_rnk",27.0354
"39153531601","tract",2023,"education_rnk",22.6905
"39153531602","tract",2023,"education_rnk",35.8621
"39153531701","tract",2023,"education_rnk",28.3784
"39153531702","tract",2023,"education_rnk",40.588
"39153531801","tract",2023,"education_rnk",14.9553
"39153531802","tract",2023,"education_rnk",33.9161
"39153532001","tract",2023,"education_rnk",48.101
"39153532003","tract",2023,"education_rnk",42.1934
"39153532004","tract",2023,"education_rnk",30.6162
"39153532202","tract",2023,"education_rnk",11.7261
"39153532301","tract",2023,"education_rnk",15.4167
"39153532302","tract",2023,"education_rnk",21.0717
"39153532501","tract",2023,"education_rnk",5.0714
"39153532502","tract",2023,"education_rnk",10.4907
"39153532600","tract",2023,"education_rnk",20.6346
"39153532701","tract",2023,"education_rnk",17.3676
"39153532702","tract",2023,"education_rnk",51.2654
"39153532703","tract",2023,"education_rnk",22.0984
"39153532705","tract",2023,"education_rnk",18.3956
"39153532706","tract",2023,"education_rnk",5.9943
"39153532708","tract",2023,"education_rnk",31.2266
"39153532901","tract",2023,"education_rnk",18.9852
"39153532902","tract",2023,"education_rnk",27.4603
"39153532999","tract",2023,"education_rnk",18.4383
"39153533000","tract",2023,"education_rnk",76.002
"39153533101","tract",2023,"education_rnk",18.0672
"39153533102","tract",2023,"education_rnk",10.7043
"39153533200","tract",2023,"education_rnk",19.6347
"39153533400","tract",2023,"education_rnk",21.3146
"39153533501","tract",2023,"education_rnk",5.3363
"39153533502","tract",2023,"education_rnk",22.1118
"39153534000","tract",2023,"education_rnk",11.0461
"39153534100","tract",2023,"education_rnk",9.0818
"39155920300","tract",2023,"education_rnk",76.3475
"39155920400","tract",2023,"education_rnk",91.1379
"39155920700","tract",2023,"education_rnk",NA
"39155920800","tract",2023,"education_rnk",82.144
"39155920900","tract",2023,"education_rnk",88.4387
"39155921000","tract",2023,"education_rnk",71.961
"39155921100","tract",2023,"education_rnk",52.3336
"39155921200","tract",2023,"education_rnk",77.8076
"39155921300","tract",2023,"education_rnk",72.7997
"39155921400","tract",2023,"education_rnk",56.62
"39155921500","tract",2023,"education_rnk",52.3788
"39155921600","tract",2023,"education_rnk",84.5796
"39155930101","tract",2023,"education_rnk",72.2113
"39155930102","tract",2023,"education_rnk",59.6501
"39155930200","tract",2023,"education_rnk",87.7001
"39155930300","tract",2023,"education_rnk",71.9415
"39155930400","tract",2023,"education_rnk",82.2844
"39155930500","tract",2023,"education_rnk",99.7961
"39155930600","tract",2023,"education_rnk",84.7737
"39155930700","tract",2023,"education_rnk",58.4683
"39155930800","tract",2023,"education_rnk",56.9398
"39155930900","tract",2023,"education_rnk",36.4249
"39155931000","tract",2023,"education_rnk",42.2727
"39155931100","tract",2023,"education_rnk",20.7506
"39155931200","tract",2023,"education_rnk",38.316
"39155931300","tract",2023,"education_rnk",37.8508
"39155931400","tract",2023,"education_rnk",66.9239
"39155931500","tract",2023,"education_rnk",51.6548
"39155931601","tract",2023,"education_rnk",45.4237
"39155931602","tract",2023,"education_rnk",55.4358
"39155931700","tract",2023,"education_rnk",54.0074
"39155931900","tract",2023,"education_rnk",37.94
"39155932000","tract",2023,"education_rnk",49.7381
"39155932200","tract",2023,"education_rnk",50.4487
"39155932300","tract",2023,"education_rnk",55.5518
"39155932500","tract",2023,"education_rnk",53.1748
"39155932600","tract",2023,"education_rnk",45.3578
"39155932701","tract",2023,"education_rnk",53.5227
"39155932702","tract",2023,"education_rnk",42.7501
"39155932801","tract",2023,"education_rnk",45.3578
"39155932802","tract",2023,"education_rnk",86.0275
"39155932900","tract",2023,"education_rnk",42.8441
"39155933001","tract",2023,"education_rnk",25.1859
"39155933002","tract",2023,"education_rnk",35.1015
"39155933100","tract",2023,"education_rnk",71.961
"39155933301","tract",2023,"education_rnk",49.8907
"39155933302","tract",2023,"education_rnk",41.2863
"39155933400","tract",2023,"education_rnk",70.8171
"39155933500","tract",2023,"education_rnk",62.0674
"39155933600","tract",2023,"education_rnk",37.9961
"39155933700","tract",2023,"education_rnk",46.0231
"39155933800","tract",2023,"education_rnk",75.2695
"39155933900","tract",2023,"education_rnk",81.9536
"39155934000","tract",2023,"education_rnk",90.757
"39157020100","tract",2023,"education_rnk",76.8944
"39157020200","tract",2023,"education_rnk",19.8093
"39157020300","tract",2023,"education_rnk",35.4446
"39157020400","tract",2023,"education_rnk",82.2515
"39157020500","tract",2023,"education_rnk",93.0327
"39157020600","tract",2023,"education_rnk",62.7388
"39157020700","tract",2023,"education_rnk",57.8189
"39157020801","tract",2023,"education_rnk",79.6023
"39157020802","tract",2023,"education_rnk",57.1596
"39157020900","tract",2023,"education_rnk",30.1913
"39157021000","tract",2023,"education_rnk",37.2014
"39157021100","tract",2023,"education_rnk",53.0674
"39157021200","tract",2023,"education_rnk",77.2973
"39157021300","tract",2023,"education_rnk",94.2499
"39157021400","tract",2023,"education_rnk",90.5727
"39157021501","tract",2023,"education_rnk",43.7023
"39157021502","tract",2023,"education_rnk",44.2969
"39157021503","tract",2023,"education_rnk",51.8038
"39157021600","tract",2023,"education_rnk",77.9737
"39157021700","tract",2023,"education_rnk",54.4799
"39157021800","tract",2023,"education_rnk",58.9555
"39157021900","tract",2023,"education_rnk",50.1789
"39157022001","tract",2023,"education_rnk",68.5146
"39157022002","tract",2023,"education_rnk",82.2734
"39159050100","tract",2023,"education_rnk",60.7635
"39159050200","tract",2023,"education_rnk",54.3773
"39159050301","tract",2023,"education_rnk",33.5572
"39159050303","tract",2023,"education_rnk",31.8382
"39159050304","tract",2023,"education_rnk",26.0527
"39159050401","tract",2023,"education_rnk",NA
"39159050402","tract",2023,"education_rnk",18.5274
"39159050501","tract",2023,"education_rnk",18.4102
"39159050502","tract",2023,"education_rnk",78.2032
"39159050601","tract",2023,"education_rnk",17.2333
"39159050602","tract",2023,"education_rnk",27.796
"39159050701","tract",2023,"education_rnk",12.411
"39159050702","tract",2023,"education_rnk",41.0104
"39161020100","tract",2023,"education_rnk",47.2611
"39161020200","tract",2023,"education_rnk",58.8773
"39161020300","tract",2023,"education_rnk",63.9804
"39161020400","tract",2023,"education_rnk",59.163
"39161020500","tract",2023,"education_rnk",48.3806
"39161020600","tract",2023,"education_rnk",87.1092
"39161020700","tract",2023,"education_rnk",68.7197
"39161020800","tract",2023,"education_rnk",54.7704
"39161020900","tract",2023,"education_rnk",46.0439
"39163953000","tract",2023,"education_rnk",70.999
"39163953100","tract",2023,"education_rnk",64.9388
"39163953200","tract",2023,"education_rnk",80.303
"39165030101","tract",2023,"education_rnk",66.3501
"39165030102","tract",2023,"education_rnk",80.021
"39165030200","tract",2023,"education_rnk",59.8149
"39165030501","tract",2023,"education_rnk",79.3483
"39165030503","tract",2023,"education_rnk",34.8586
"39165030504","tract",2023,"education_rnk",21.7858
"39165030600","tract",2023,"education_rnk",37.4846
"39165030700","tract",2023,"education_rnk",39.2658
"39165030800","tract",2023,"education_rnk",51.0762
"39165030901","tract",2023,"education_rnk",38.3734
"39165030902","tract",2023,"education_rnk",10.4418
"39165031001","tract",2023,"education_rnk",45.1942
"39165031002","tract",2023,"education_rnk",13.1716
"39165031100","tract",2023,"education_rnk",32.4218
"39165031200","tract",2023,"education_rnk",36.0391
"39165031300","tract",2023,"education_rnk",50.2606
"39165031400","tract",2023,"education_rnk",48.7847
"39165031500","tract",2023,"education_rnk",28.4956
"39165031601","tract",2023,"education_rnk",54.2845
"39165031602","tract",2023,"education_rnk",31.5184
"39165031603","tract",2023,"education_rnk",24.4473
"39165031700","tract",2023,"education_rnk",NA
"39165031904","tract",2023,"education_rnk",34.7475
"39165031905","tract",2023,"education_rnk",25.1358
"39165031906","tract",2023,"education_rnk",8.3017
"39165031907","tract",2023,"education_rnk",30.5258
"39165031908","tract",2023,"education_rnk",6.7012
"39165032003","tract",2023,"education_rnk",15.0224
"39165032004","tract",2023,"education_rnk",9.5238
"39165032006","tract",2023,"education_rnk",7.9501
"39165032008","tract",2023,"education_rnk",5.3717
"39165032009","tract",2023,"education_rnk",10.5871
"39165032010","tract",2023,"education_rnk",16.1212
"39165032011","tract",2023,"education_rnk",7.5838
"39165032100","tract",2023,"education_rnk",45.6959
"39165032202","tract",2023,"education_rnk",19.2392
"39165032203","tract",2023,"education_rnk",38.7127
"39165032204","tract",2023,"education_rnk",17.2333
"39165032205","tract",2023,"education_rnk",18.3309
"39165032206","tract",2023,"education_rnk",30.466
"39165032300","tract",2023,"education_rnk",38.0181
"39165032400","tract",2023,"education_rnk",40.7955
"39165032501","tract",2023,"education_rnk",62.3005
"39165032502","tract",2023,"education_rnk",41.4987
"39167020101","tract",2023,"education_rnk",59.213
"39167020102","tract",2023,"education_rnk",76.2559
"39167020201","tract",2023,"education_rnk",32.296
"39167020202","tract",2023,"education_rnk",60.5462
"39167020300","tract",2023,"education_rnk",30.5258
"39167020400","tract",2023,"education_rnk",40.5513
"39167020500","tract",2023,"education_rnk",NA
"39167020800","tract",2023,"education_rnk",53.5825
"39167020900","tract",2023,"education_rnk",28.9277
"39167021000","tract",2023,"education_rnk",53.3408
"39167021100","tract",2023,"education_rnk",52.2872
"39167021201","tract",2023,"education_rnk",68.4951
"39167021202","tract",2023,"education_rnk",67.6686
"39167021300","tract",2023,"education_rnk",68.5866
"39167021400","tract",2023,"education_rnk",47.2354
"39167021500","tract",2023,"education_rnk",24.0859
"39167021600","tract",2023,"education_rnk",52.5107
"39167021700","tract",2023,"education_rnk",53.4653
"39169000100","tract",2023,"education_rnk",65.222
"39169000200","tract",2023,"education_rnk",25.3629
"39169000300","tract",2023,"education_rnk",34.2054
"39169000500","tract",2023,"education_rnk",54.6813
"39169000600","tract",2023,"education_rnk",49.0325
"39169000700","tract",2023,"education_rnk",28.6555
"39169000800","tract",2023,"education_rnk",34.4838
"39169000900","tract",2023,"education_rnk",34.922
"39169001000","tract",2023,"education_rnk",60.8429
"39169001100","tract",2023,"education_rnk",45.3993
"39169001200","tract",2023,"education_rnk",65.4527
"39169001300","tract",2023,"education_rnk",65.8532
"39169001400","tract",2023,"education_rnk",97.0114
"39169001700","tract",2023,"education_rnk",99.9719
"39169001800","tract",2023,"education_rnk",96.5865
"39169001900","tract",2023,"education_rnk",83.1952
"39169002000","tract",2023,"education_rnk",70.6547
"39169002100","tract",2023,"education_rnk",60.6988
"39169002200","tract",2023,"education_rnk",75.4697
"39169002300","tract",2023,"education_rnk",52.2689
"39169002400","tract",2023,"education_rnk",54.9206
"39169002500","tract",2023,"education_rnk",73.9852
"39169002901","tract",2023,"education_rnk",58.2754
"39169002902","tract",2023,"education_rnk",85.0924
"39169003000","tract",2023,"education_rnk",60.7635
"39169003100","tract",2023,"education_rnk",64.6726
"39169003200","tract",2023,"education_rnk",67.0337
"39169003300","tract",2023,"education_rnk",97.4826
"39169003400","tract",2023,"education_rnk",63.0904
"39169003500","tract",2023,"education_rnk",79.9758
"39169003700","tract",2023,"education_rnk",98.4532
"39169980000","tract",2023,"education_rnk",NA
"39171950100","tract",2023,"education_rnk",70.4972
"39171950200","tract",2023,"education_rnk",59.8931
"39171950300","tract",2023,"education_rnk",75.5271
"39171950400","tract",2023,"education_rnk",62.878
"39171950500","tract",2023,"education_rnk",65.4686
"39171950600","tract",2023,"education_rnk",70.5534
"39171950700","tract",2023,"education_rnk",54.6557
"39171950800","tract",2023,"education_rnk",49.8907
"39171950900","tract",2023,"education_rnk",73.8106
"39173020100","tract",2023,"education_rnk",63.0904
"39173020200","tract",2023,"education_rnk",31.472
"39173020300","tract",2023,"education_rnk",21.4464
"39173020401","tract",2023,"education_rnk",18.8351
"39173020402","tract",2023,"education_rnk",35.5752
"39173020500","tract",2023,"education_rnk",17.1161
"39173020601","tract",2023,"education_rnk",36.6569
"39173020602","tract",2023,"education_rnk",12.8432
"39173020701","tract",2023,"education_rnk",18.083
"39173020702","tract",2023,"education_rnk",49.6612
"39173020800","tract",2023,"education_rnk",45.4237
"39173020901","tract",2023,"education_rnk",34.8024
"39173020902","tract",2023,"education_rnk",67.5343
"39173021000","tract",2023,"education_rnk",45.2491
"39173021100","tract",2023,"education_rnk",47.2354
"39173021200","tract",2023,"education_rnk",26.9207
"39173021300","tract",2023,"education_rnk",42.1592
"39173021400","tract",2023,"education_rnk",66.1413
"39173021500","tract",2023,"education_rnk",55.4358
"39173021601","tract",2023,"education_rnk",26.8975
"39173021602","tract",2023,"education_rnk",42.7708
"39173021701","tract",2023,"education_rnk",64.2539
"39173021702","tract",2023,"education_rnk",29.7262
"39173021800","tract",2023,"education_rnk",NA
"39173021901","tract",2023,"education_rnk",12.0423
"39173021902","tract",2023,"education_rnk",74.5907
"39173022100","tract",2023,"education_rnk",75.8164
"39173022200","tract",2023,"education_rnk",49.7943
"39173022300","tract",2023,"education_rnk",76.4964
"39173022400","tract",2023,"education_rnk",75.3977
"39173022500","tract",2023,"education_rnk",59.213
"39175938000","tract",2023,"education_rnk",59.4035
"39175938100","tract",2023,"education_rnk",71.5655
"39175938200","tract",2023,"education_rnk",51.1189
"39175938300","tract",2023,"education_rnk",35.6643
"39175938400","tract",2023,"education_rnk",55.238
"39175938500","tract",2023,"education_rnk",61.203
"39001770100","tract",2023,"education_state_rnk",80.5699
"39001770200","tract",2023,"education_state_rnk",67.4501
"39001770301","tract",2023,"education_state_rnk",73.8249
"39001770302","tract",2023,"education_state_rnk",85.8339
"39001770400","tract",2023,"education_state_rnk",80.9401
"39001770500","tract",2023,"education_state_rnk",74.34
"39001770600","tract",2023,"education_state_rnk",82.6465
"39003010100","tract",2023,"education_state_rnk",35.2382
"39003010200","tract",2023,"education_state_rnk",31.0528
"39003010300","tract",2023,"education_state_rnk",28.8474
"39003010600","tract",2023,"education_state_rnk",66.452
"39003010801","tract",2023,"education_state_rnk",66.8062
"39003010802","tract",2023,"education_state_rnk",47.0863
"39003010900","tract",2023,"education_state_rnk",50.1288
"39003011000","tract",2023,"education_state_rnk",70.6053
"39003011200","tract",2023,"education_state_rnk",NA
"39003011301","tract",2023,"education_state_rnk",54.1211
"39003011302","tract",2023,"education_state_rnk",40.5344
"39003011400","tract",2023,"education_state_rnk",48.4385
"39003011500","tract",2023,"education_state_rnk",42.3374
"39003011600","tract",2023,"education_state_rnk",59.868
"39003011800","tract",2023,"education_state_rnk",36.7836
"39003011900","tract",2023,"education_state_rnk",41.3393
"39003012000","tract",2023,"education_state_rnk",17.933
"39003012100","tract",2023,"education_state_rnk",34.0631
"39003012200","tract",2023,"education_state_rnk",71.1848
"39003012300","tract",2023,"education_state_rnk",73.0039
"39003012400","tract",2023,"education_state_rnk",78.5254
"39003012600","tract",2023,"education_state_rnk",75.8049
"39003012700","tract",2023,"education_state_rnk",94.8165
"39003012900","tract",2023,"education_state_rnk",87.0251
"39003013000","tract",2023,"education_state_rnk",74.6941
"39003013100","tract",2023,"education_state_rnk",58.4675
"39003013200","tract",2023,"education_state_rnk",41.0657
"39003013300","tract",2023,"education_state_rnk",57.0509
"39003013400","tract",2023,"education_state_rnk",97.5853
"39003013600","tract",2023,"education_state_rnk",78.622
"39003013700","tract",2023,"education_state_rnk",88.5705
"39003013800","tract",2023,"education_state_rnk",89.0212
"39003013900","tract",2023,"education_state_rnk",70.4926
"39003014000","tract",2023,"education_state_rnk",27.8976
"39003014100","tract",2023,"education_state_rnk",86.8319
"39005970101","tract",2023,"education_state_rnk",93.754
"39005970102","tract",2023,"education_state_rnk",79.6684
"39005970200","tract",2023,"education_state_rnk",74.0019
"39005970300","tract",2023,"education_state_rnk",48.2936
"39005970400","tract",2023,"education_state_rnk",87.7012
"39005970500","tract",2023,"education_state_rnk",71.4746
"39005970600","tract",2023,"education_state_rnk",64.7618
"39005970700","tract",2023,"education_state_rnk",25.8371
"39005970800","tract",2023,"education_state_rnk",45.1545
"39005970900","tract",2023,"education_state_rnk",69.1887
"39005971000","tract",2023,"education_state_rnk",48.358
"39005971100","tract",2023,"education_state_rnk",89.6008
"39007000101","tract",2023,"education_state_rnk",NA
"39007000102","tract",2023,"education_state_rnk",61.1719
"39007000103","tract",2023,"education_state_rnk",93.6574
"39007000200","tract",2023,"education_state_rnk",46.539
"39007000300","tract",2023,"education_state_rnk",71.2814
"39007000400","tract",2023,"education_state_rnk",72.6014
"39007000500","tract",2023,"education_state_rnk",78.8635
"39007000601","tract",2023,"education_state_rnk",83.0972
"39007000602","tract",2023,"education_state_rnk",53.8152
"39007000603","tract",2023,"education_state_rnk",22.9234
"39007000701","tract",2023,"education_state_rnk",79.6684
"39007000702","tract",2023,"education_state_rnk",47.2956
"39007000703","tract",2023,"education_state_rnk",87.83
"39007000704","tract",2023,"education_state_rnk",94.6233
"39007000801","tract",2023,"education_state_rnk",45.058
"39007000802","tract",2023,"education_state_rnk",57.9684
"39007000900","tract",2023,"education_state_rnk",38.1842
"39007001001","tract",2023,"education_state_rnk",50.0644
"39007001002","tract",2023,"education_state_rnk",22.8751
"39007001101","tract",2023,"education_state_rnk",64.9066
"39007001102","tract",2023,"education_state_rnk",54.443
"39007001201","tract",2023,"education_state_rnk",67.8203
"39007001202","tract",2023,"education_state_rnk",50.9981
"39007001301","tract",2023,"education_state_rnk",80.3123
"39007001303","tract",2023,"education_state_rnk",93.8184
"39007001304","tract",2023,"education_state_rnk",70.9111
"39007001401","tract",2023,"education_state_rnk",99.3239
"39007001402","tract",2023,"education_state_rnk",94.1082
"39007990000","tract",2023,"education_state_rnk",NA
"39009972600","tract",2023,"education_state_rnk",84.1597
"39009972700","tract",2023,"education_state_rnk",68.8667
"39009972800","tract",2023,"education_state_rnk",86.51
"39009972900","tract",2023,"education_state_rnk",25.7244
"39009973000","tract",2023,"education_state_rnk",36.1397
"39009973101","tract",2023,"education_state_rnk",NA
"39009973200","tract",2023,"education_state_rnk",50.3542
"39009973300","tract",2023,"education_state_rnk",9.6587
"39009973400","tract",2023,"education_state_rnk",39.5364
"39009973500","tract",2023,"education_state_rnk",54.1211
"39009973600","tract",2023,"education_state_rnk",36.3007
"39009973700","tract",2023,"education_state_rnk",55.7791
"39009973800","tract",2023,"education_state_rnk",54.5235
"39009973901","tract",2023,"education_state_rnk",NA
"39009973902","tract",2023,"education_state_rnk",73.8571
"39011040100","tract",2023,"education_state_rnk",65.9691
"39011040200","tract",2023,"education_state_rnk",62.3632
"39011040300","tract",2023,"education_state_rnk",64.5364
"39011040400","tract",2023,"education_state_rnk",68.0135
"39011040500","tract",2023,"education_state_rnk",56.9865
"39011040600","tract",2023,"education_state_rnk",75.1932
"39011040900","tract",2023,"education_state_rnk",39.6652
"39011041000","tract",2023,"education_state_rnk",49.0985
"39011041100","tract",2023,"education_state_rnk",57.3567
"39011041201","tract",2023,"education_state_rnk",22.4887
"39011041202","tract",2023,"education_state_rnk",51.0947
"39013010100","tract",2023,"education_state_rnk",37.5563
"39013010200","tract",2023,"education_state_rnk",51.5132
"39013010300","tract",2023,"education_state_rnk",59.9485
"39013010600","tract",2023,"education_state_rnk",87.3471
"39013010700","tract",2023,"education_state_rnk",58.2582
"39013010802","tract",2023,"education_state_rnk",80.9079
"39013010901","tract",2023,"education_state_rnk",59.6909
"39013010902","tract",2023,"education_state_rnk",84.3207
"39013011000","tract",2023,"education_state_rnk",63.3451
"39013011200","tract",2023,"education_state_rnk",45.3638
"39013011300","tract",2023,"education_state_rnk",55.3123
"39013011400","tract",2023,"education_state_rnk",39.2949
"39013011500","tract",2023,"education_state_rnk",56.6806
"39013011600","tract",2023,"education_state_rnk",81.7772
"39013011700","tract",2023,"education_state_rnk",81.0367
"39013011900","tract",2023,"education_state_rnk",44.4623
"39013012000","tract",2023,"education_state_rnk",92.9169
"39013012100","tract",2023,"education_state_rnk",26.8191
"39013012201","tract",2023,"education_state_rnk",46.6838
"39013012202","tract",2023,"education_state_rnk",NA
"39013012300","tract",2023,"education_state_rnk",36.9929
"39013012400","tract",2023,"education_state_rnk",36.188
"39015951201","tract",2023,"education_state_rnk",76.4488
"39015951202","tract",2023,"education_state_rnk",50.1932
"39015951301","tract",2023,"education_state_rnk",92.0476
"39015951302","tract",2023,"education_state_rnk",66.2589
"39015951400","tract",2023,"education_state_rnk",53.4932
"39015951500","tract",2023,"education_state_rnk",64.2949
"39015951600","tract",2023,"education_state_rnk",66.1945
"39015951700","tract",2023,"education_state_rnk",85.7534
"39015951800","tract",2023,"education_state_rnk",73.6317
"39015951900","tract",2023,"education_state_rnk",90.4057
"39017000100","tract",2023,"education_state_rnk",85.2865
"39017000200","tract",2023,"education_state_rnk",89.7618
"39017000300","tract",2023,"education_state_rnk",96.3619
"39017000400","tract",2023,"education_state_rnk",99.0019
"39017000500","tract",2023,"education_state_rnk",93.5287
"39017000600","tract",2023,"education_state_rnk",87.8944
"39017001001","tract",2023,"education_state_rnk",38.8603
"39017001002","tract",2023,"education_state_rnk",42.6111
"39017001100","tract",2023,"education_state_rnk",30.5538
"39017001300","tract",2023,"education_state_rnk",56.4552
"39017010102","tract",2023,"education_state_rnk",10.7051
"39017010103","tract",2023,"education_state_rnk",15.0354
"39017010104","tract",2023,"education_state_rnk",NA
"39017010105","tract",2023,"education_state_rnk",66.5164
"39017010106","tract",2023,"education_state_rnk",76.2073
"39017010201","tract",2023,"education_state_rnk",NA
"39017010202","tract",2023,"education_state_rnk",36.4295
"39017010203","tract",2023,"education_state_rnk",42.1442
"39017010301","tract",2023,"education_state_rnk",74.7424
"39017010302","tract",2023,"education_state_rnk",40.3896
"39017010500","tract",2023,"education_state_rnk",86.2524
"39017010600","tract",2023,"education_state_rnk",86.3329
"39017010800","tract",2023,"education_state_rnk",49.6297
"39017010901","tract",2023,"education_state_rnk",32.9524
"39017010903","tract",2023,"education_state_rnk",14.3915
"39017010904","tract",2023,"education_state_rnk",69.8648
"39017010906","tract",2023,"education_state_rnk",85.4153
"39017010907","tract",2023,"education_state_rnk",48.9375
"39017010909","tract",2023,"education_state_rnk",39.2144
"39017010910","tract",2023,"education_state_rnk",29.3303
"39017010911","tract",2023,"education_state_rnk",61.5583
"39017010912","tract",2023,"education_state_rnk",63.651
"39017010913","tract",2023,"education_state_rnk",19.0921
"39017011003","tract",2023,"education_state_rnk",24.8551
"39017011004","tract",2023,"education_state_rnk",62.5241
"39017011005","tract",2023,"education_state_rnk",25.2093
"39017011006","tract",2023,"education_state_rnk",37.9266
"39017011109","tract",2023,"education_state_rnk",36.027
"39017011110","tract",2023,"education_state_rnk",24.0019
"39017011111","tract",2023,"education_state_rnk",15.4218
"39017011112","tract",2023,"education_state_rnk",9.0148
"39017011118","tract",2023,"education_state_rnk",3.7347
"39017011120","tract",2023,"education_state_rnk",11.51
"39017011122","tract",2023,"education_state_rnk",50.66
"39017011123","tract",2023,"education_state_rnk",72.859
"39017011125","tract",2023,"education_state_rnk",16.3232
"39017011126","tract",2023,"education_state_rnk",26.7547
"39017011127","tract",2023,"education_state_rnk",24.8229
"39017011128","tract",2023,"education_state_rnk",9.5621
"39017011129","tract",2023,"education_state_rnk",14.1339
"39017011130","tract",2023,"education_state_rnk",27.6401
"39017011131","tract",2023,"education_state_rnk",1.5776
"39017011132","tract",2023,"education_state_rnk",47.376
"39017011133","tract",2023,"education_state_rnk",17.2408
"39017011134","tract",2023,"education_state_rnk",21.217
"39017011135","tract",2023,"education_state_rnk",38.5544
"39017011136","tract",2023,"education_state_rnk",20.9916
"39017011137","tract",2023,"education_state_rnk",19.8326
"39017011200","tract",2023,"education_state_rnk",28.2679
"39017011300","tract",2023,"education_state_rnk",75.3863
"39017011800","tract",2023,"education_state_rnk",68.6413
"39017012100","tract",2023,"education_state_rnk",56.1655
"39017012200","tract",2023,"education_state_rnk",91.2106
"39017012300","tract",2023,"education_state_rnk",92.273
"39017012400","tract",2023,"education_state_rnk",59.3529
"39017012500","tract",2023,"education_state_rnk",46.539
"39017012600","tract",2023,"education_state_rnk",13.9408
"39017012700","tract",2023,"education_state_rnk",62.8139
"39017013000","tract",2023,"education_state_rnk",77.7688
"39017013100","tract",2023,"education_state_rnk",94.9614
"39017013200","tract",2023,"education_state_rnk",74.0824
"39017013300","tract",2023,"education_state_rnk",51.0464
"39017013400","tract",2023,"education_state_rnk",69.2692
"39017013500","tract",2023,"education_state_rnk",90.1159
"39017013600","tract",2023,"education_state_rnk",63.6993
"39017013900","tract",2023,"education_state_rnk",75.3863
"39017014000","tract",2023,"education_state_rnk",98.2936
"39017014100","tract",2023,"education_state_rnk",75.5473
"39017014300","tract",2023,"education_state_rnk",64.6652
"39017014400","tract",2023,"education_state_rnk",94.3657
"39017014600","tract",2023,"education_state_rnk",89.15
"39017014700","tract",2023,"education_state_rnk",83.6929
"39017014800","tract",2023,"education_state_rnk",67.8686
"39017014900","tract",2023,"education_state_rnk",33.8216
"39017015000","tract",2023,"education_state_rnk",47.2634
"39017015100","tract",2023,"education_state_rnk",92.1603
"39019720100","tract",2023,"education_state_rnk",95.4443
"39019720200","tract",2023,"education_state_rnk",72.4082
"39019720300","tract",2023,"education_state_rnk",56.246
"39019720400","tract",2023,"education_state_rnk",21.7643
"39019720500","tract",2023,"education_state_rnk",86.8963
"39019720600","tract",2023,"education_state_rnk",82.0509
"39019720700","tract",2023,"education_state_rnk",62.5241
"39021010100","tract",2023,"education_state_rnk",79.282
"39021010200","tract",2023,"education_state_rnk",57.9684
"39021010400","tract",2023,"education_state_rnk",89.2144
"39021010500","tract",2023,"education_state_rnk",76.6903
"39021010600","tract",2023,"education_state_rnk",50.9659
"39021011001","tract",2023,"education_state_rnk",30.4894
"39021011501","tract",2023,"education_state_rnk",62.8139
"39021011504","tract",2023,"education_state_rnk",42.6594
"39021011505","tract",2023,"education_state_rnk",44.3496
"39021011506","tract",2023,"education_state_rnk",56.6806
"39023000200","tract",2023,"education_state_rnk",76.98
"39023000300","tract",2023,"education_state_rnk",95.7824
"39023000400","tract",2023,"education_state_rnk",76.0947
"39023000500","tract",2023,"education_state_rnk",97.3921
"39023000600","tract",2023,"education_state_rnk",85.6246
"39023000700","tract",2023,"education_state_rnk",NA
"39023000901","tract",2023,"education_state_rnk",94.4301
"39023000902","tract",2023,"education_state_rnk",87.1539
"39023001000","tract",2023,"education_state_rnk",78.6864
"39023001101","tract",2023,"education_state_rnk",65.4701
"39023001102","tract",2023,"education_state_rnk",87.4759
"39023001200","tract",2023,"education_state_rnk",98.4868
"39023001300","tract",2023,"education_state_rnk",90.9691
"39023001400","tract",2023,"education_state_rnk",94.9131
"39023001500","tract",2023,"education_state_rnk",69.7682
"39023001600","tract",2023,"education_state_rnk",70.6697
"39023001700","tract",2023,"education_state_rnk",88.7315
"39023001900","tract",2023,"education_state_rnk",49.5493
"39023002000","tract",2023,"education_state_rnk",24.4366
"39023002100","tract",2023,"education_state_rnk",77.3825
"39023002200","tract",2023,"education_state_rnk",43.8023
"39023002301","tract",2023,"education_state_rnk",38.0232
"39023002403","tract",2023,"education_state_rnk",64.4398
"39023002404","tract",2023,"education_state_rnk",12.492
"39023002501","tract",2023,"education_state_rnk",25.66
"39023002502","tract",2023,"education_state_rnk",65.8242
"39023002601","tract",2023,"education_state_rnk",34.9485
"39023002602","tract",2023,"education_state_rnk",51.7225
"39023002605","tract",2023,"education_state_rnk",42.0798
"39023002607","tract",2023,"education_state_rnk",48.7283
"39023002608","tract",2023,"education_state_rnk",39.0052
"39023002701","tract",2023,"education_state_rnk",96.6838
"39023002702","tract",2023,"education_state_rnk",52.5274
"39023002800","tract",2023,"education_state_rnk",65.0837
"39023002901","tract",2023,"education_state_rnk",43.1906
"39023002902","tract",2023,"education_state_rnk",84.9002
"39023003001","tract",2023,"education_state_rnk",22.698
"39023003002","tract",2023,"education_state_rnk",52.1088
"39023003101","tract",2023,"education_state_rnk",47.376
"39023003102","tract",2023,"education_state_rnk",65.6793
"39023003200","tract",2023,"education_state_rnk",32.2279
"39023003301","tract",2023,"education_state_rnk",52.2376
"39023003302","tract",2023,"education_state_rnk",34.1597
"39023003400","tract",2023,"education_state_rnk",77.0766
"39023003700","tract",2023,"education_state_rnk",53.4932
"39025040101","tract",2023,"education_state_rnk",66.0657
"39025040102","tract",2023,"education_state_rnk",43.8828
"39025040202","tract",2023,"education_state_rnk",28.9923
"39025040203","tract",2023,"education_state_rnk",58.2099
"39025040205","tract",2023,"education_state_rnk",40.1803
"39025040206","tract",2023,"education_state_rnk",60.4958
"39025040301","tract",2023,"education_state_rnk",16.6935
"39025040302","tract",2023,"education_state_rnk",56.0206
"39025040303","tract",2023,"education_state_rnk",22.6175
"39025040401","tract",2023,"education_state_rnk",5.924
"39025040403","tract",2023,"education_state_rnk",68.9311
"39025040404","tract",2023,"education_state_rnk",6.0045
"39025040405","tract",2023,"education_state_rnk",18.8345
"39025040500","tract",2023,"education_state_rnk",16.9028
"39025040600","tract",2023,"education_state_rnk",15.132
"39025040702","tract",2023,"education_state_rnk",19.2531
"39025040703","tract",2023,"education_state_rnk",15.7437
"39025040704","tract",2023,"education_state_rnk",33.4192
"39025040800","tract",2023,"education_state_rnk",72.3439
"39025040900","tract",2023,"education_state_rnk",57.0992
"39025041001","tract",2023,"education_state_rnk",89.7618
"39025041002","tract",2023,"education_state_rnk",15.7759
"39025041101","tract",2023,"education_state_rnk",54.2981
"39025041102","tract",2023,"education_state_rnk",71.9414
"39025041104","tract",2023,"education_state_rnk",60.0773
"39025041105","tract",2023,"education_state_rnk",81.8899
"39025041201","tract",2023,"education_state_rnk",21.8126
"39025041202","tract",2023,"education_state_rnk",35.689
"39025041303","tract",2023,"education_state_rnk",59.5138
"39025041304","tract",2023,"education_state_rnk",NA
"39025041305","tract",2023,"education_state_rnk",9.7231
"39025041306","tract",2023,"education_state_rnk",24.3883
"39025041307","tract",2023,"education_state_rnk",38.4095
"39025041403","tract",2023,"education_state_rnk",44.8648
"39025041404","tract",2023,"education_state_rnk",11.7193
"39025041405","tract",2023,"education_state_rnk",43.9633
"39025041406","tract",2023,"education_state_rnk",26.9961
"39025041503","tract",2023,"education_state_rnk",38.4739
"39025041504","tract",2023,"education_state_rnk",51.6742
"39025041505","tract",2023,"education_state_rnk",5.3445
"39025041506","tract",2023,"education_state_rnk",6.9543
"39025041600","tract",2023,"education_state_rnk",72.2151
"39025041701","tract",2023,"education_state_rnk",84.546
"39025041702","tract",2023,"education_state_rnk",13.4417
"39025041800","tract",2023,"education_state_rnk",77.1732
"39025041900","tract",2023,"education_state_rnk",35.6085
"39025042001","tract",2023,"education_state_rnk",64.4398
"39025042002","tract",2023,"education_state_rnk",82.8075
"39027964300","tract",2023,"education_state_rnk",80.2318
"39027964400","tract",2023,"education_state_rnk",50.4668
"39027964501","tract",2023,"education_state_rnk",54.7328
"39027964502","tract",2023,"education_state_rnk",34.2241
"39027964600","tract",2023,"education_state_rnk",61.1397
"39027964700","tract",2023,"education_state_rnk",64.8744
"39027964800","tract",2023,"education_state_rnk",85.0934
"39027964900","tract",2023,"education_state_rnk",81.3265
"39027965000","tract",2023,"education_state_rnk",75.0161
"39027965100","tract",2023,"education_state_rnk",60.2061
"39029950100","tract",2023,"education_state_rnk",77.463
"39029950200","tract",2023,"education_state_rnk",30.5216
"39029950300","tract",2023,"education_state_rnk",66.7418
"39029950400","tract",2023,"education_state_rnk",87.6368
"39029950500","tract",2023,"education_state_rnk",48.8571
"39029950600","tract",2023,"education_state_rnk",64.0373
"39029950700","tract",2023,"education_state_rnk",83.2743
"39029950800","tract",2023,"education_state_rnk",57.0187
"39029950900","tract",2023,"education_state_rnk",31.5679
"39029951000","tract",2023,"education_state_rnk",44.076
"39029951100","tract",2023,"education_state_rnk",52.6722
"39029951200","tract",2023,"education_state_rnk",79.3947
"39029951300","tract",2023,"education_state_rnk",74.9839
"39029951401","tract",2023,"education_state_rnk",38.1842
"39029951402","tract",2023,"education_state_rnk",NA
"39029951500","tract",2023,"education_state_rnk",85.19
"39029951600","tract",2023,"education_state_rnk",66.3876
"39029951700","tract",2023,"education_state_rnk",62.009
"39029951800","tract",2023,"education_state_rnk",75.499
"39029951900","tract",2023,"education_state_rnk",67.9008
"39029952000","tract",2023,"education_state_rnk",63.2968
"39029952100","tract",2023,"education_state_rnk",94.2048
"39029952200","tract",2023,"education_state_rnk",92.2408
"39029952300","tract",2023,"education_state_rnk",91.8706
"39029952400","tract",2023,"education_state_rnk",54.9259
"39031960900","tract",2023,"education_state_rnk",98.197
"39031961000","tract",2023,"education_state_rnk",92.595
"39031961100","tract",2023,"education_state_rnk",90.0193
"39031961200","tract",2023,"education_state_rnk",56.7772
"39031961300","tract",2023,"education_state_rnk",85.9305
"39031961400","tract",2023,"education_state_rnk",73.8892
"39031961500","tract",2023,"education_state_rnk",88.1198
"39031961600","tract",2023,"education_state_rnk",75.4346
"39031961700","tract",2023,"education_state_rnk",37.6207
"39031961800","tract",2023,"education_state_rnk",74.0019
"39033974100","tract",2023,"education_state_rnk",69.4301
"39033974200","tract",2023,"education_state_rnk",56.3909
"39033974300","tract",2023,"education_state_rnk",45.8467
"39033974400","tract",2023,"education_state_rnk",85.9627
"39033974500","tract",2023,"education_state_rnk",56.4552
"39033974600","tract",2023,"education_state_rnk",77.8815
"39033974700","tract",2023,"education_state_rnk",51.159
"39033974800","tract",2023,"education_state_rnk",69.5589
"39033974900","tract",2023,"education_state_rnk",80.9884
"39033975000","tract",2023,"education_state_rnk",58.725
"39033975100","tract",2023,"education_state_rnk",78.3323
"39033975200","tract",2023,"education_state_rnk",42.3374
"39033975300","tract",2023,"education_state_rnk",84.4495
"39035101101","tract",2023,"education_state_rnk",59.0792
"39035101102","tract",2023,"education_state_rnk",10.528
"39035101201","tract",2023,"education_state_rnk",10.0773
"39035101300","tract",2023,"education_state_rnk",40.631
"39035101400","tract",2023,"education_state_rnk",91.9511
"39035101501","tract",2023,"education_state_rnk",86.0592
"39035101603","tract",2023,"education_state_rnk",88.1842
"39035101700","tract",2023,"education_state_rnk",94.076
"39035101800","tract",2023,"education_state_rnk",63.7798
"39035101901","tract",2023,"education_state_rnk",91.6613
"39035102101","tract",2023,"education_state_rnk",95.718
"39035102102","tract",2023,"education_state_rnk",90.3735
"39035102200","tract",2023,"education_state_rnk",88.9569
"39035102300","tract",2023,"education_state_rnk",97.6175
"39035102401","tract",2023,"education_state_rnk",96.5873
"39035102402","tract",2023,"education_state_rnk",78.4932
"39035102700","tract",2023,"education_state_rnk",95.0419
"39035102800","tract",2023,"education_state_rnk",97.4565
"39035102900","tract",2023,"education_state_rnk",95.1384
"39035103300","tract",2023,"education_state_rnk",60.1578
"39035103500","tract",2023,"education_state_rnk",7.3728
"39035103602","tract",2023,"education_state_rnk",0.7405
"39035103800","tract",2023,"education_state_rnk",34.5138
"39035104400","tract",2023,"education_state_rnk",21.4585
"39035104800","tract",2023,"education_state_rnk",74.179
"39035105100","tract",2023,"education_state_rnk",94.3979
"39035105300","tract",2023,"education_state_rnk",99.5493
"39035105400","tract",2023,"education_state_rnk",76.7547
"39035105500","tract",2023,"education_state_rnk",88.2807
"39035105602","tract",2023,"education_state_rnk",89.6652
"39035105700","tract",2023,"education_state_rnk",85.3509
"39035105900","tract",2023,"education_state_rnk",63.8442
"39035106100","tract",2023,"education_state_rnk",46.9575
"39035106200","tract",2023,"education_state_rnk",82.5499
"39035106500","tract",2023,"education_state_rnk",65.7276
"39035106600","tract",2023,"education_state_rnk",95.1062
"39035106800","tract",2023,"education_state_rnk",91.275
"39035106900","tract",2023,"education_state_rnk",45.6697
"39035107000","tract",2023,"education_state_rnk",16.4842
"39035107101","tract",2023,"education_state_rnk",NA
"39035107701","tract",2023,"education_state_rnk",2.3181
"39035107802","tract",2023,"education_state_rnk",38.1842
"39035108201","tract",2023,"education_state_rnk",68.3999
"39035108301","tract",2023,"education_state_rnk",81.3909
"39035108400","tract",2023,"education_state_rnk",93.7057
"39035108701","tract",2023,"education_state_rnk",93.9955
"39035109301","tract",2023,"education_state_rnk",79.5235
"39035109701","tract",2023,"education_state_rnk",98.2614
"39035109801","tract",2023,"education_state_rnk",93.9955
"39035110901","tract",2023,"education_state_rnk",94.6877
"39035111202","tract",2023,"education_state_rnk",59.4173
"39035111401","tract",2023,"education_state_rnk",97.6497
"39035111700","tract",2023,"education_state_rnk",98.9697
"39035112100","tract",2023,"education_state_rnk",86.8641
"39035112200","tract",2023,"education_state_rnk",74.4688
"39035112301","tract",2023,"education_state_rnk",90.0515
"39035114501","tract",2023,"education_state_rnk",70.4926
"39035114600","tract",2023,"education_state_rnk",99.2273
"39035114800","tract",2023,"education_state_rnk",95.5248
"39035115400","tract",2023,"education_state_rnk",93.5608
"39035115700","tract",2023,"education_state_rnk",89.2949
"39035115800","tract",2023,"education_state_rnk",51.2556
"39035115900","tract",2023,"education_state_rnk",46.1043
"39035116300","tract",2023,"education_state_rnk",76.6259
"39035116400","tract",2023,"education_state_rnk",73.7766
"39035116500","tract",2023,"education_state_rnk",81.6806
"39035116600","tract",2023,"education_state_rnk",87.0734
"39035116700","tract",2023,"education_state_rnk",98.4224
"39035116800","tract",2023,"education_state_rnk",91.114
"39035116900","tract",2023,"education_state_rnk",78.5898
"39035117101","tract",2023,"education_state_rnk",64.2305
"39035117102","tract",2023,"education_state_rnk",41.9672
"39035117201","tract",2023,"education_state_rnk",87.7817
"39035117203","tract",2023,"education_state_rnk",80.9884
"39035117300","tract",2023,"education_state_rnk",91.4037
"39035117400","tract",2023,"education_state_rnk",67.3213
"39035117500","tract",2023,"education_state_rnk",90.2447
"39035117600","tract",2023,"education_state_rnk",73.9214
"39035117700","tract",2023,"education_state_rnk",23.2453
"39035117800","tract",2023,"education_state_rnk",78.4288
"39035117900","tract",2023,"education_state_rnk",55.6504
"39035118101","tract",2023,"education_state_rnk",75.1932
"39035118200","tract",2023,"education_state_rnk",80.6504
"39035118301","tract",2023,"education_state_rnk",69.6394
"39035118602","tract",2023,"education_state_rnk",69.7199
"39035118800","tract",2023,"education_state_rnk",41.5325
"39035118900","tract",2023,"education_state_rnk",44.6394
"39035119401","tract",2023,"education_state_rnk",30.6504
"39035119402","tract",2023,"education_state_rnk",87.3149
"39035119501","tract",2023,"education_state_rnk",2.7044
"39035119502","tract",2023,"education_state_rnk",26.7547
"39035119600","tract",2023,"education_state_rnk",86.4617
"39035119701","tract",2023,"education_state_rnk",83.6446
"39035119702","tract",2023,"education_state_rnk",86.5422
"39035119800","tract",2023,"education_state_rnk",89.4237
"39035119900","tract",2023,"education_state_rnk",72.698
"39035120200","tract",2023,"education_state_rnk",72.4565
"39035120400","tract",2023,"education_state_rnk",66.3876
"39035120500","tract",2023,"education_state_rnk",56.6323
"39035120600","tract",2023,"education_state_rnk",64.1822
"39035120701","tract",2023,"education_state_rnk",98.0361
"39035120702","tract",2023,"education_state_rnk",97.9395
"39035120801","tract",2023,"education_state_rnk",47.2312
"39035120802","tract",2023,"education_state_rnk",92.4662
"39035121100","tract",2023,"education_state_rnk",85.7051
"39035121200","tract",2023,"education_state_rnk",50.2576
"39035121300","tract",2023,"education_state_rnk",91.7579
"39035121401","tract",2023,"education_state_rnk",86.9285
"39035121403","tract",2023,"education_state_rnk",44.7038
"39035121500","tract",2023,"education_state_rnk",73.2775
"39035121700","tract",2023,"education_state_rnk",45.3316
"39035121800","tract",2023,"education_state_rnk",77.5596
"39035121900","tract",2023,"education_state_rnk",44.8648
"39035122100","tract",2023,"education_state_rnk",34.9485
"39035122200","tract",2023,"education_state_rnk",96.7804
"39035122300","tract",2023,"education_state_rnk",88.812
"39035123100","tract",2023,"education_state_rnk",11.5744
"39035123200","tract",2023,"education_state_rnk",16.5486
"39035123400","tract",2023,"education_state_rnk",13.1037
"39035123501","tract",2023,"education_state_rnk",69.0921
"39035123502","tract",2023,"education_state_rnk",52.5757
"39035123601","tract",2023,"education_state_rnk",4.7328
"39035123602","tract",2023,"education_state_rnk",60.5924
"39035123603","tract",2023,"education_state_rnk",21.378
"39035123700","tract",2023,"education_state_rnk",66.5164
"39035123800","tract",2023,"education_state_rnk",95.9433
"39035123900","tract",2023,"education_state_rnk",86.6066
"39035124100","tract",2023,"education_state_rnk",98.4546
"39035124201","tract",2023,"education_state_rnk",89.9227
"39035124202","tract",2023,"education_state_rnk",90.2769
"39035124300","tract",2023,"education_state_rnk",88.3612
"39035124500","tract",2023,"education_state_rnk",35.7695
"39035124600","tract",2023,"education_state_rnk",97.6819
"39035126100","tract",2023,"education_state_rnk",83.226
"39035127501","tract",2023,"education_state_rnk",64.9549
"39035130103","tract",2023,"education_state_rnk",13.2325
"39035130104","tract",2023,"education_state_rnk",14.5847
"39035130105","tract",2023,"education_state_rnk",10.4636
"39035130106","tract",2023,"education_state_rnk",6.6323
"39035131103","tract",2023,"education_state_rnk",7.8236
"39035131104","tract",2023,"education_state_rnk",4.7811
"39035131105","tract",2023,"education_state_rnk",5.0547
"39035132100","tract",2023,"education_state_rnk",23.9214
"39035132200","tract",2023,"education_state_rnk",17.8847
"39035132301","tract",2023,"education_state_rnk",73.0522
"39035132302","tract",2023,"education_state_rnk",61.9607
"39035133103","tract",2023,"education_state_rnk",60.7534
"39035133104","tract",2023,"education_state_rnk",53.9923
"39035134100","tract",2023,"education_state_rnk",31.0528
"39035134203","tract",2023,"education_state_rnk",24.9839
"39035134204","tract",2023,"education_state_rnk",35.367
"39035134205","tract",2023,"education_state_rnk",24.2434
"39035134206","tract",2023,"education_state_rnk",25.5312
"39035134300","tract",2023,"education_state_rnk",NA
"39035135103","tract",2023,"education_state_rnk",5.6021
"39035135104","tract",2023,"education_state_rnk",15.0032
"39035135105","tract",2023,"education_state_rnk",10.7051
"39035135106","tract",2023,"education_state_rnk",12.7334
"39035136101","tract",2023,"education_state_rnk",15.9208
"39035136103","tract",2023,"education_state_rnk",17.112
"39035136104","tract",2023,"education_state_rnk",3.5737
"39035136105","tract",2023,"education_state_rnk",0.161
"39035137101","tract",2023,"education_state_rnk",63.5061
"39035137102","tract",2023,"education_state_rnk",70.1706
"39035137103","tract",2023,"education_state_rnk",40.1159
"39035138105","tract",2023,"education_state_rnk",37.4759
"39035138106","tract",2023,"education_state_rnk",49.1951
"39035138107","tract",2023,"education_state_rnk",45.7824
"39035138108","tract",2023,"education_state_rnk",49.2917
"39035138109","tract",2023,"education_state_rnk",31.4874
"39035138110","tract",2023,"education_state_rnk",38.6671
"39035140100","tract",2023,"education_state_rnk",39.4076
"39035140301","tract",2023,"education_state_rnk",67.273
"39035140302","tract",2023,"education_state_rnk",41.9028
"39035140400","tract",2023,"education_state_rnk",35.8661
"39035140500","tract",2023,"education_state_rnk",17.3535
"39035140600","tract",2023,"education_state_rnk",13.2646
"39035140701","tract",2023,"education_state_rnk",73.4707
"39035140702","tract",2023,"education_state_rnk",73.2131
"39035140800","tract",2023,"education_state_rnk",23.2936
"39035140900","tract",2023,"education_state_rnk",9.5299
"39035141000","tract",2023,"education_state_rnk",39.15
"39035141100","tract",2023,"education_state_rnk",5.4411
"39035141200","tract",2023,"education_state_rnk",1.7708
"39035141300","tract",2023,"education_state_rnk",16.8223
"39035141400","tract",2023,"education_state_rnk",1.6098
"39035141500","tract",2023,"education_state_rnk",5.1191
"39035141601","tract",2023,"education_state_rnk",1.5454
"39035141602","tract",2023,"education_state_rnk",20.5087
"39035141700","tract",2023,"education_state_rnk",0.8693
"39035150100","tract",2023,"education_state_rnk",29.5235
"39035150300","tract",2023,"education_state_rnk",80.4894
"39035150400","tract",2023,"education_state_rnk",95.8467
"39035151200","tract",2023,"education_state_rnk",76.3683
"39035151300","tract",2023,"education_state_rnk",64.1339
"39035151500","tract",2023,"education_state_rnk",67.4179
"39035151600","tract",2023,"education_state_rnk",87.1861
"39035151700","tract",2023,"education_state_rnk",93.1101
"39035151800","tract",2023,"education_state_rnk",97.4243
"39035152101","tract",2023,"education_state_rnk",18.4804
"39035152102","tract",2023,"education_state_rnk",78.9923
"39035152201","tract",2023,"education_state_rnk",37.331
"39035152202","tract",2023,"education_state_rnk",57.7753
"39035152301","tract",2023,"education_state_rnk",35.8661
"39035152302","tract",2023,"education_state_rnk",39.6169
"39035152303","tract",2023,"education_state_rnk",45.2028
"39035152400","tract",2023,"education_state_rnk",78.0425
"39035152501","tract",2023,"education_state_rnk",70.6375
"39035152502","tract",2023,"education_state_rnk",29.9099
"39035152605","tract",2023,"education_state_rnk",71.8931
"39035152701","tract",2023,"education_state_rnk",55.2157
"39035152702","tract",2023,"education_state_rnk",70.4121
"39035152703","tract",2023,"education_state_rnk",8.1455
"39035153103","tract",2023,"education_state_rnk",11.3168
"39035153104","tract",2023,"education_state_rnk",7.727
"39035153105","tract",2023,"education_state_rnk",19.3979
"39035153106","tract",2023,"education_state_rnk",11.5744
"39035153107","tract",2023,"education_state_rnk",14.4559
"39035154100","tract",2023,"education_state_rnk",62.8139
"39035154200","tract",2023,"education_state_rnk",57.6626
"39035154400","tract",2023,"education_state_rnk",59.2724
"39035154501","tract",2023,"education_state_rnk",63.4256
"39035154502","tract",2023,"education_state_rnk",56.8577
"39035154601","tract",2023,"education_state_rnk",91.7257
"39035154603","tract",2023,"education_state_rnk",63.3451
"39035154604","tract",2023,"education_state_rnk",60.8017
"39035155101","tract",2023,"education_state_rnk",21.9575
"39035155102","tract",2023,"education_state_rnk",17.8847
"39035156101","tract",2023,"education_state_rnk",15.0998
"39035156102","tract",2023,"education_state_rnk",11.0109
"39035160100","tract",2023,"education_state_rnk",2.3825
"39035160200","tract",2023,"education_state_rnk",4.3142
"39035160300","tract",2023,"education_state_rnk",2.4469
"39035160400","tract",2023,"education_state_rnk",12.8461
"39035160500","tract",2023,"education_state_rnk",7.3245
"39035160602","tract",2023,"education_state_rnk",21.0882
"39035160603","tract",2023,"education_state_rnk",2.6079
"39035160604","tract",2023,"education_state_rnk",1.2556
"39035160900","tract",2023,"education_state_rnk",6.7933
"39035161000","tract",2023,"education_state_rnk",7.8236
"39035161100","tract",2023,"education_state_rnk",5.1513
"39035161200","tract",2023,"education_state_rnk",12.2988
"39035161300","tract",2023,"education_state_rnk",12.6851
"39035161400","tract",2023,"education_state_rnk",17.4984
"39035161500","tract",2023,"education_state_rnk",27.5918
"39035161600","tract",2023,"education_state_rnk",34.2885
"39035161900","tract",2023,"education_state_rnk",9.8197
"39035170101","tract",2023,"education_state_rnk",1.6581
"39035170102","tract",2023,"education_state_rnk",4.4269
"39035170201","tract",2023,"education_state_rnk",2.5435
"39035170202","tract",2023,"education_state_rnk",1.4166
"39035171102","tract",2023,"education_state_rnk",87.5885
"39035171103","tract",2023,"education_state_rnk",87.4115
"39035171104","tract",2023,"education_state_rnk",85.4636
"39035171203","tract",2023,"education_state_rnk",82.3567
"39035171204","tract",2023,"education_state_rnk",60.0773
"39035171205","tract",2023,"education_state_rnk",54.4108
"39035171206","tract",2023,"education_state_rnk",34.9002
"39035172101","tract",2023,"education_state_rnk",33.226
"39035172102","tract",2023,"education_state_rnk",37.2505
"39035172104","tract",2023,"education_state_rnk",2.8976
"39035172105","tract",2023,"education_state_rnk",11.2041
"39035172201","tract",2023,"education_state_rnk",35.367
"39035172202","tract",2023,"education_state_rnk",16.5808
"39035173103","tract",2023,"education_state_rnk",23.5351
"39035173104","tract",2023,"education_state_rnk",17.9652
"39035173105","tract",2023,"education_state_rnk",31.9382
"39035173106","tract",2023,"education_state_rnk",15.3091
"39035173107","tract",2023,"education_state_rnk",37.3793
"39035174103","tract",2023,"education_state_rnk",73.2775
"39035174104","tract",2023,"education_state_rnk",41.114
"39035174105","tract",2023,"education_state_rnk",24.1629
"39035174106","tract",2023,"education_state_rnk",18.6574
"39035174107","tract",2023,"education_state_rnk",33.2904
"39035174203","tract",2023,"education_state_rnk",20.6697
"39035174204","tract",2023,"education_state_rnk",55.1191
"39035174205","tract",2023,"education_state_rnk",20.3799
"39035174206","tract",2023,"education_state_rnk",83.4997
"39035174207","tract",2023,"education_state_rnk",59.5782
"39035175105","tract",2023,"education_state_rnk",17.9974
"39035175106","tract",2023,"education_state_rnk",21.5068
"39035175107","tract",2023,"education_state_rnk",8.5641
"39035175108","tract",2023,"education_state_rnk",18.1101
"39035175109","tract",2023,"education_state_rnk",22.6175
"39035175110","tract",2023,"education_state_rnk",49.7424
"39035175201","tract",2023,"education_state_rnk",6.6645
"39035175202","tract",2023,"education_state_rnk",22.2795
"39035176100","tract",2023,"education_state_rnk",23.0039
"39035176200","tract",2023,"education_state_rnk",40.631
"39035177101","tract",2023,"education_state_rnk",44.7843
"39035177103","tract",2023,"education_state_rnk",24.8873
"39035177104","tract",2023,"education_state_rnk",48.5029
"39035177201","tract",2023,"education_state_rnk",62.8783
"39035177202","tract",2023,"education_state_rnk",39.3432
"39035177302","tract",2023,"education_state_rnk",62.6529
"39035177303","tract",2023,"education_state_rnk",31.2299
"39035177304","tract",2023,"education_state_rnk",43.4643
"39035177403","tract",2023,"education_state_rnk",41.291
"39035177404","tract",2023,"education_state_rnk",29.2015
"39035177405","tract",2023,"education_state_rnk",52.3825
"39035177406","tract",2023,"education_state_rnk",48.6156
"39035177501","tract",2023,"education_state_rnk",51.32
"39035177503","tract",2023,"education_state_rnk",30.6504
"39035177504","tract",2023,"education_state_rnk",41.8384
"39035177505","tract",2023,"education_state_rnk",14.6652
"39035177604","tract",2023,"education_state_rnk",38.3773
"39035177605","tract",2023,"education_state_rnk",47.1346
"39035177606","tract",2023,"education_state_rnk",55.6021
"39035177607","tract",2023,"education_state_rnk",31.1172
"39035177608","tract",2023,"education_state_rnk",61.2363
"39035177609","tract",2023,"education_state_rnk",26.5293
"39035178101","tract",2023,"education_state_rnk",29.3786
"39035178102","tract",2023,"education_state_rnk",44.6394
"39035178201","tract",2023,"education_state_rnk",27.4952
"39035178204","tract",2023,"education_state_rnk",70.0097
"39035178205","tract",2023,"education_state_rnk",58.6446
"39035178206","tract",2023,"education_state_rnk",28.6542
"39035179101","tract",2023,"education_state_rnk",2.962
"39035179102","tract",2023,"education_state_rnk",0.6117
"39035180102","tract",2023,"education_state_rnk",20.0741
"39035180103","tract",2023,"education_state_rnk",30.1674
"39035180104","tract",2023,"education_state_rnk",38.9086
"39035181100","tract",2023,"education_state_rnk",8.2743
"39035181201","tract",2023,"education_state_rnk",16.3715
"39035181203","tract",2023,"education_state_rnk",6.9221
"39035181204","tract",2023,"education_state_rnk",4.282
"39035182103","tract",2023,"education_state_rnk",3.0908
"39035182104","tract",2023,"education_state_rnk",11.8802
"39035182105","tract",2023,"education_state_rnk",26.3361
"39035182106","tract",2023,"education_state_rnk",18.8345
"39035183100","tract",2023,"education_state_rnk",6.6967
"39035183200","tract",2023,"education_state_rnk",0.5795
"39035183300","tract",2023,"education_state_rnk",2.6401
"39035183401","tract",2023,"education_state_rnk",5.0225
"39035183402","tract",2023,"education_state_rnk",17.8042
"39035183501","tract",2023,"education_state_rnk",5.3767
"39035183502","tract",2023,"education_state_rnk",4.9581
"39035183603","tract",2023,"education_state_rnk",22.0219
"39035183604","tract",2023,"education_state_rnk",8.1133
"39035183605","tract",2023,"education_state_rnk",4.0245
"39035183606","tract",2023,"education_state_rnk",9.3368
"39035184103","tract",2023,"education_state_rnk",71.3297
"39035184104","tract",2023,"education_state_rnk",5.8757
"39035184105","tract",2023,"education_state_rnk",11.2685
"39035184106","tract",2023,"education_state_rnk",40.5666
"39035184108","tract",2023,"education_state_rnk",7.1958
"39035185101","tract",2023,"education_state_rnk",17.0637
"39035185102","tract",2023,"education_state_rnk",23.8249
"39035185103","tract",2023,"education_state_rnk",12.2183
"39035185104","tract",2023,"education_state_rnk",11.6549
"39035185201","tract",2023,"education_state_rnk",20.1223
"39035185202","tract",2023,"education_state_rnk",27.3664
"39035185203","tract",2023,"education_state_rnk",16.4198
"39035186103","tract",2023,"education_state_rnk",5.7952
"39035186104","tract",2023,"education_state_rnk",27.7688
"39035186105","tract",2023,"education_state_rnk",9.8841
"39035186106","tract",2023,"education_state_rnk",22.6658
"39035186107","tract",2023,"education_state_rnk",22.0541
"39035186201","tract",2023,"education_state_rnk",18.915
"39035186202","tract",2023,"education_state_rnk",18.7379
"39035186203","tract",2023,"education_state_rnk",13.0232
"39035186205","tract",2023,"education_state_rnk",41.5969
"39035186206","tract",2023,"education_state_rnk",7.405
"39035187103","tract",2023,"education_state_rnk",17.7077
"39035187104","tract",2023,"education_state_rnk",1.803
"39035187105","tract",2023,"education_state_rnk",34.4334
"39035187106","tract",2023,"education_state_rnk",28.8474
"39035188103","tract",2023,"education_state_rnk",56.0689
"39035188106","tract",2023,"education_state_rnk",83.9343
"39035188107","tract",2023,"education_state_rnk",35.0612
"39035189105","tract",2023,"education_state_rnk",7.6304
"39035189107","tract",2023,"education_state_rnk",24.3883
"39035189108","tract",2023,"education_state_rnk",3.6059
"39035189109","tract",2023,"education_state_rnk",13.7959
"39035189110","tract",2023,"education_state_rnk",18.1745
"39035189111","tract",2023,"education_state_rnk",12.8783
"39035189112","tract",2023,"education_state_rnk",28.8474
"39035190502","tract",2023,"education_state_rnk",9.2402
"39035190503","tract",2023,"education_state_rnk",16.275
"39035190505","tract",2023,"education_state_rnk",36.6871
"39035190506","tract",2023,"education_state_rnk",18.915
"39035192300","tract",2023,"education_state_rnk",27.1732
"39035192800","tract",2023,"education_state_rnk",0.0644
"39035192900","tract",2023,"education_state_rnk",16.0174
"39035194100","tract",2023,"education_state_rnk",13.3612
"39035194300","tract",2023,"education_state_rnk",18.3033
"39035194500","tract",2023,"education_state_rnk",1.1269
"39035195600","tract",2023,"education_state_rnk",40.3091
"39035195700","tract",2023,"education_state_rnk",46.1043
"39035195800","tract",2023,"education_state_rnk",6.407
"39035195900","tract",2023,"education_state_rnk",7.9202
"39035196000","tract",2023,"education_state_rnk",34.4816
"39035196100","tract",2023,"education_state_rnk",30.4089
"39035196200","tract",2023,"education_state_rnk",81.5518
"39035196300","tract",2023,"education_state_rnk",1.0947
"39035196400","tract",2023,"education_state_rnk",97.4887
"39035196800","tract",2023,"education_state_rnk",NA
"39035197000","tract",2023,"education_state_rnk",61.9607
"39035197100","tract",2023,"education_state_rnk",10.3026
"39035197200","tract",2023,"education_state_rnk",84.3529
"39035197300","tract",2023,"education_state_rnk",33.1455
"39035197400","tract",2023,"education_state_rnk",77.9137
"39035197500","tract",2023,"education_state_rnk",4.4752
"39035197600","tract",2023,"education_state_rnk",98.2292
"39035197700","tract",2023,"education_state_rnk",31.2782
"39035197800","tract",2023,"education_state_rnk",0.7727
"39035197900","tract",2023,"education_state_rnk",98.3258
"39035198000","tract",2023,"education_state_rnk",93.3355
"39035198100","tract",2023,"education_state_rnk",79.1693
"39035198200","tract",2023,"education_state_rnk",88.0071
"39035198300","tract",2023,"education_state_rnk",82.8397
"39035198400","tract",2023,"education_state_rnk",94.2853
"39035198500","tract",2023,"education_state_rnk",97.7463
"39035198600","tract",2023,"education_state_rnk",81.246
"39035198700","tract",2023,"education_state_rnk",87.0734
"39035198800","tract",2023,"education_state_rnk",77.3181
"39035198900","tract",2023,"education_state_rnk",86.1719
"39035199000","tract",2023,"education_state_rnk",83.9987
"39035199100","tract",2023,"education_state_rnk",79.0567
"39035199200","tract",2023,"education_state_rnk",77.7688
"39035199300","tract",2023,"education_state_rnk",61.0109
"39035980100","tract",2023,"education_state_rnk",NA
"39035980200","tract",2023,"education_state_rnk",NA
"39035980500","tract",2023,"education_state_rnk",NA
"39035980900","tract",2023,"education_state_rnk",NA
"39035981000","tract",2023,"education_state_rnk",NA
"39035981100","tract",2023,"education_state_rnk",NA
"39035990000","tract",2023,"education_state_rnk",NA
"39037500100","tract",2023,"education_state_rnk",51.4005
"39037510100","tract",2023,"education_state_rnk",81.9865
"39037520100","tract",2023,"education_state_rnk",68.3033
"39037530100","tract",2023,"education_state_rnk",52.0122
"39037540100","tract",2023,"education_state_rnk",86.1719
"39037550100","tract",2023,"education_state_rnk",66.8706
"39037555001","tract",2023,"education_state_rnk",38.5061
"39037555002","tract",2023,"education_state_rnk",82.9845
"39037555101","tract",2023,"education_state_rnk",89.6974
"39037555102","tract",2023,"education_state_rnk",84.8519
"39037560101","tract",2023,"education_state_rnk",65.1642
"39037560102","tract",2023,"education_state_rnk",74.179
"39037570101","tract",2023,"education_state_rnk",59.0792
"39037570102","tract",2023,"education_state_rnk",64.1822
"39039958100","tract",2023,"education_state_rnk",52.0122
"39039958200","tract",2023,"education_state_rnk",71.3297
"39039958300","tract",2023,"education_state_rnk",73.7766
"39039958400","tract",2023,"education_state_rnk",64.0695
"39039958500","tract",2023,"education_state_rnk",53.284
"39039958600","tract",2023,"education_state_rnk",89.9549
"39039958700","tract",2023,"education_state_rnk",57.4211
"39039958800","tract",2023,"education_state_rnk",38.1037
"39039958900","tract",2023,"education_state_rnk",29.282
"39041010100","tract",2023,"education_state_rnk",23.6317
"39041010200","tract",2023,"education_state_rnk",42.8847
"39041010420","tract",2023,"education_state_rnk",46.4585
"39041010421","tract",2023,"education_state_rnk",15.6149
"39041010422","tract",2023,"education_state_rnk",35.5763
"39041010520","tract",2023,"education_state_rnk",17.2408
"39041010530","tract",2023,"education_state_rnk",67.0798
"39041011101","tract",2023,"education_state_rnk",55.4411
"39041011102","tract",2023,"education_state_rnk",22.5531
"39041011200","tract",2023,"education_state_rnk",22.7946
"39041011411","tract",2023,"education_state_rnk",10.5602
"39041011412","tract",2023,"education_state_rnk",9.9646
"39041011421","tract",2023,"education_state_rnk",11.7675
"39041011423","tract",2023,"education_state_rnk",1.5132
"39041011430","tract",2023,"education_state_rnk",12.2666
"39041011431","tract",2023,"education_state_rnk",5.2962
"39041011432","tract",2023,"education_state_rnk",9.1114
"39041011520","tract",2023,"education_state_rnk",22.3278
"39041011530","tract",2023,"education_state_rnk",12.5402
"39041011540","tract",2023,"education_state_rnk",25.8371
"39041011561","tract",2023,"education_state_rnk",22.4404
"39041011562","tract",2023,"education_state_rnk",19.4784
"39041011563","tract",2023,"education_state_rnk",6.5035
"39041011564","tract",2023,"education_state_rnk",14.1339
"39041011565","tract",2023,"education_state_rnk",5.6343
"39041011604","tract",2023,"education_state_rnk",26.3683
"39041011710","tract",2023,"education_state_rnk",6.5679
"39041011740","tract",2023,"education_state_rnk",2.0283
"39041011760","tract",2023,"education_state_rnk",38.4417
"39041011762","tract",2023,"education_state_rnk",11.0592
"39041011763","tract",2023,"education_state_rnk",10.3992
"39041011764","tract",2023,"education_state_rnk",1.8352
"39041011765","tract",2023,"education_state_rnk",19.3979
"39041011766","tract",2023,"education_state_rnk",9.3046
"39041011900","tract",2023,"education_state_rnk",1.32
"39041012000","tract",2023,"education_state_rnk",13.4417
"39041012100","tract",2023,"education_state_rnk",5.5538
"39041012200","tract",2023,"education_state_rnk",24.6619
"39041012300","tract",2023,"education_state_rnk",19.7038
"39041012400","tract",2023,"education_state_rnk",9.6587
"39043040100","tract",2023,"education_state_rnk",51.159
"39043040200","tract",2023,"education_state_rnk",40.2608
"39043040300","tract",2023,"education_state_rnk",36.4295
"39043040400","tract",2023,"education_state_rnk",13.49
"39043040500","tract",2023,"education_state_rnk",35.689
"39043040700","tract",2023,"education_state_rnk",53.3162
"39043040801","tract",2023,"education_state_rnk",55.9884
"39043040802","tract",2023,"education_state_rnk",27.9459
"39043040900","tract",2023,"education_state_rnk",55.6986
"39043041000","tract",2023,"education_state_rnk",93.4321
"39043041100","tract",2023,"education_state_rnk",86.4617
"39043041200","tract",2023,"education_state_rnk",93.6252
"39043041300","tract",2023,"education_state_rnk",70.7985
"39043041400","tract",2023,"education_state_rnk",48.7927
"39043041600","tract",2023,"education_state_rnk",47.6658
"39043041701","tract",2023,"education_state_rnk",53.8635
"39043041702","tract",2023,"education_state_rnk",37.7334
"39043041800","tract",2023,"education_state_rnk",36.51
"39043041900","tract",2023,"education_state_rnk",18.5448
"39043990100","tract",2023,"education_state_rnk",NA
"39045030100","tract",2023,"education_state_rnk",29.7006
"39045030200","tract",2023,"education_state_rnk",57.5338
"39045030300","tract",2023,"education_state_rnk",45.4765
"39045030400","tract",2023,"education_state_rnk",40.8403
"39045030601","tract",2023,"education_state_rnk",29.7006
"39045030602","tract",2023,"education_state_rnk",8.8055
"39045030700","tract",2023,"education_state_rnk",32.3084
"39045030800","tract",2023,"education_state_rnk",26.159
"39045030901","tract",2023,"education_state_rnk",60.1578
"39045030902","tract",2023,"education_state_rnk",49.5815
"39045031000","tract",2023,"education_state_rnk",28.5737
"39045031100","tract",2023,"education_state_rnk",63.9086
"39045031200","tract",2023,"education_state_rnk",46.3297
"39045031300","tract",2023,"education_state_rnk",45.058
"39045031401","tract",2023,"education_state_rnk",15.6471
"39045031402","tract",2023,"education_state_rnk",36.8319
"39045031500","tract",2023,"education_state_rnk",71.7482
"39045031600","tract",2023,"education_state_rnk",32.4855
"39045031700","tract",2023,"education_state_rnk",88.3129
"39045032000","tract",2023,"education_state_rnk",80.264
"39045032100","tract",2023,"education_state_rnk",29.7972
"39045032200","tract",2023,"education_state_rnk",50.7727
"39045032300","tract",2023,"education_state_rnk",51.2878
"39045032501","tract",2023,"education_state_rnk",64.3754
"39045032502","tract",2023,"education_state_rnk",NA
"39045032601","tract",2023,"education_state_rnk",68.0135
"39045032602","tract",2023,"education_state_rnk",55.7791
"39045032701","tract",2023,"education_state_rnk",19.8809
"39045032703","tract",2023,"education_state_rnk",57.7109
"39045032704","tract",2023,"education_state_rnk",60.0773
"39045032800","tract",2023,"education_state_rnk",17.4179
"39045032901","tract",2023,"education_state_rnk",21.2653
"39045032902","tract",2023,"education_state_rnk",18.255
"39045033000","tract",2023,"education_state_rnk",33.725
"39045033101","tract",2023,"education_state_rnk",74.2595
"39045033102","tract",2023,"education_state_rnk",20.6375
"39047925800","tract",2023,"education_state_rnk",69.7199
"39047925900","tract",2023,"education_state_rnk",61.8963
"39047926000","tract",2023,"education_state_rnk",88.0876
"39047926100","tract",2023,"education_state_rnk",89.472
"39047926200","tract",2023,"education_state_rnk",65.0354
"39047926300","tract",2023,"education_state_rnk",76.9478
"39047926400","tract",2023,"education_state_rnk",88.5383
"39049000110","tract",2023,"education_state_rnk",0.4507
"39049000120","tract",2023,"education_state_rnk",0.9659
"39049000210","tract",2023,"education_state_rnk",0.9981
"39049000220","tract",2023,"education_state_rnk",0.6761
"39049000310","tract",2023,"education_state_rnk",50.161
"39049000320","tract",2023,"education_state_rnk",44.5911
"39049000330","tract",2023,"education_state_rnk",85.2543
"39049000410","tract",2023,"education_state_rnk",3.9923
"39049000420","tract",2023,"education_state_rnk",2.4791
"39049000500","tract",2023,"education_state_rnk",5.5055
"39049000600","tract",2023,"education_state_rnk",10.0451
"39049000710","tract",2023,"education_state_rnk",81.6323
"39049000720","tract",2023,"education_state_rnk",97.7141
"39049000730","tract",2023,"education_state_rnk",92.8847
"39049000810","tract",2023,"education_state_rnk",88.4095
"39049000820","tract",2023,"education_state_rnk",91.5969
"39049000910","tract",2023,"education_state_rnk",96.0399
"39049000920","tract",2023,"education_state_rnk",97.9717
"39049001000","tract",2023,"education_state_rnk",52.6401
"39049001110","tract",2023,"education_state_rnk",68.4804
"39049001121","tract",2023,"education_state_rnk",NA
"39049001122","tract",2023,"education_state_rnk",NA
"39049001200","tract",2023,"education_state_rnk",75.322
"39049001301","tract",2023,"education_state_rnk",31.9382
"39049001302","tract",2023,"education_state_rnk",NA
"39049001400","tract",2023,"education_state_rnk",91.4681
"39049001500","tract",2023,"education_state_rnk",79.7489
"39049001600","tract",2023,"education_state_rnk",26.2234
"39049001700","tract",2023,"education_state_rnk",48.02
"39049001810","tract",2023,"education_state_rnk",22.7946
"39049001820","tract",2023,"education_state_rnk",1.2234
"39049001901","tract",2023,"education_state_rnk",1.159
"39049001902","tract",2023,"education_state_rnk",0.6439
"39049002000","tract",2023,"education_state_rnk",0.322
"39049002100","tract",2023,"education_state_rnk",0.5151
"39049002200","tract",2023,"education_state_rnk",0
"39049002300","tract",2023,"education_state_rnk",83.8699
"39049002510","tract",2023,"education_state_rnk",94.7521
"39049002520","tract",2023,"education_state_rnk",21.6033
"39049002600","tract",2023,"education_state_rnk",93.4804
"39049002710","tract",2023,"education_state_rnk",48.1809
"39049002730","tract",2023,"education_state_rnk",86.027
"39049002740","tract",2023,"education_state_rnk",7.6626
"39049002750","tract",2023,"education_state_rnk",94.237
"39049002760","tract",2023,"education_state_rnk",17.3857
"39049002770","tract",2023,"education_state_rnk",85.0612
"39049002780","tract",2023,"education_state_rnk",4.9259
"39049002800","tract",2023,"education_state_rnk",29.7006
"39049002900","tract",2023,"education_state_rnk",97.537
"39049003000","tract",2023,"education_state_rnk",1.0625
"39049003200","tract",2023,"education_state_rnk",0.0966
"39049003600","tract",2023,"education_state_rnk",41.2106
"39049003700","tract",2023,"education_state_rnk",22.1507
"39049003800","tract",2023,"education_state_rnk",5.8757
"39049004001","tract",2023,"education_state_rnk",4.8294
"39049004002","tract",2023,"education_state_rnk",1.2878
"39049004200","tract",2023,"education_state_rnk",10.1739
"39049004301","tract",2023,"education_state_rnk",0.4829
"39049004302","tract",2023,"education_state_rnk",98.841
"39049004500","tract",2023,"education_state_rnk",82.4533
"39049004610","tract",2023,"education_state_rnk",23.7927
"39049004620","tract",2023,"education_state_rnk",92.0798
"39049004700","tract",2023,"education_state_rnk",98.6478
"39049004810","tract",2023,"education_state_rnk",67.9491
"39049004820","tract",2023,"education_state_rnk",95.7502
"39049004900","tract",2023,"education_state_rnk",96.6516
"39049005001","tract",2023,"education_state_rnk",82.2279
"39049005002","tract",2023,"education_state_rnk",99.0985
"39049005100","tract",2023,"education_state_rnk",98.7122
"39049005200","tract",2023,"education_state_rnk",0.0322
"39049005300","tract",2023,"education_state_rnk",58.0811
"39049005410","tract",2023,"education_state_rnk",74.179
"39049005420","tract",2023,"education_state_rnk",56.1655
"39049005500","tract",2023,"education_state_rnk",50.8854
"39049005610","tract",2023,"education_state_rnk",62.0412
"39049005620","tract",2023,"education_state_rnk",51.8674
"39049005700","tract",2023,"education_state_rnk",0.1288
"39049005810","tract",2023,"education_state_rnk",0.2898
"39049005820","tract",2023,"education_state_rnk",1.9639
"39049005900","tract",2023,"education_state_rnk",66.3876
"39049006000","tract",2023,"education_state_rnk",85.2222
"39049006100","tract",2023,"education_state_rnk",46.6194
"39049006236","tract",2023,"education_state_rnk",4.7811
"39049006237","tract",2023,"education_state_rnk",3.3967
"39049006238","tract",2023,"education_state_rnk",9.5943
"39049006239","tract",2023,"education_state_rnk",11.3651
"39049006240","tract",2023,"education_state_rnk",2.6722
"39049006241","tract",2023,"education_state_rnk",4.1854
"39049006301","tract",2023,"education_state_rnk",29.1211
"39049006302","tract",2023,"education_state_rnk",33.8216
"39049006310","tract",2023,"education_state_rnk",3.1713
"39049006321","tract",2023,"education_state_rnk",10.9466
"39049006323","tract",2023,"education_state_rnk",1.4649
"39049006330","tract",2023,"education_state_rnk",1.7064
"39049006340","tract",2023,"education_state_rnk",14.7778
"39049006351","tract",2023,"education_state_rnk",19.5267
"39049006352","tract",2023,"education_state_rnk",13.6832
"39049006353","tract",2023,"education_state_rnk",42.434
"39049006372","tract",2023,"education_state_rnk",55.2157
"39049006384","tract",2023,"education_state_rnk",6.1977
"39049006386","tract",2023,"education_state_rnk",2.1249
"39049006387","tract",2023,"education_state_rnk",10.1095
"39049006391","tract",2023,"education_state_rnk",4.7006
"39049006392","tract",2023,"education_state_rnk",3.0586
"39049006393","tract",2023,"education_state_rnk",14.971
"39049006394","tract",2023,"education_state_rnk",16.114
"39049006395","tract",2023,"education_state_rnk",8.4997
"39049006396","tract",2023,"education_state_rnk",9.1436
"39049006397","tract",2023,"education_state_rnk",57.4694
"39049006398","tract",2023,"education_state_rnk",9.7875
"39049006410","tract",2023,"education_state_rnk",3.5415
"39049006430","tract",2023,"education_state_rnk",11.1558
"39049006500","tract",2023,"education_state_rnk",7.5338
"39049006600","tract",2023,"education_state_rnk",3.0264
"39049006710","tract",2023,"education_state_rnk",2.4147
"39049006721","tract",2023,"education_state_rnk",5.2479
"39049006722","tract",2023,"education_state_rnk",5.2962
"39049006810","tract",2023,"education_state_rnk",2.8171
"39049006821","tract",2023,"education_state_rnk",9.1758
"39049006822","tract",2023,"education_state_rnk",3.8957
"39049006910","tract",2023,"education_state_rnk",3.6381
"39049006921","tract",2023,"education_state_rnk",79.1693
"39049006923","tract",2023,"education_state_rnk",77.8332
"39049006924","tract",2023,"education_state_rnk",89.2466
"39049006931","tract",2023,"education_state_rnk",57.6304
"39049006932","tract",2023,"education_state_rnk",90.1803
"39049006933","tract",2023,"education_state_rnk",99.5815
"39049006943","tract",2023,"education_state_rnk",49.8068
"39049006944","tract",2023,"education_state_rnk",59.0792
"39049006945","tract",2023,"education_state_rnk",90.2125
"39049006950","tract",2023,"education_state_rnk",0.2254
"39049006991","tract",2023,"education_state_rnk",4.3786
"39049006992","tract",2023,"education_state_rnk",83.6929
"39049007010","tract",2023,"education_state_rnk",45.7341
"39049007020","tract",2023,"education_state_rnk",9.0792
"39049007041","tract",2023,"education_state_rnk",6.8738
"39049007043","tract",2023,"education_state_rnk",24.3078
"39049007044","tract",2023,"education_state_rnk",2.0927
"39049007047","tract",2023,"education_state_rnk",10.5924
"39049007048","tract",2023,"education_state_rnk",22.8751
"39049007101","tract",2023,"education_state_rnk",24.1146
"39049007102","tract",2023,"education_state_rnk",2.2215
"39049007103","tract",2023,"education_state_rnk",44.8648
"39049007112","tract",2023,"education_state_rnk",53.8152
"39049007113","tract",2023,"education_state_rnk",80.0708
"39049007114","tract",2023,"education_state_rnk",21.5551
"39049007115","tract",2023,"education_state_rnk",76.9156
"39049007120","tract",2023,"education_state_rnk",37.7012
"39049007193","tract",2023,"education_state_rnk",16.6935
"39049007198","tract",2023,"education_state_rnk",22.1507
"39049007199","tract",2023,"education_state_rnk",38.329
"39049007202","tract",2023,"education_state_rnk",40.4701
"39049007205","tract",2023,"education_state_rnk",0.2576
"39049007209","tract",2023,"education_state_rnk",13.9891
"39049007211","tract",2023,"education_state_rnk",1.7386
"39049007212","tract",2023,"education_state_rnk",8.2421
"39049007213","tract",2023,"education_state_rnk",18.4482
"39049007214","tract",2023,"education_state_rnk",6.8255
"39049007215","tract",2023,"education_state_rnk",0.4185
"39049007301","tract",2023,"education_state_rnk",26.8674
"39049007302","tract",2023,"education_state_rnk",53.7669
"39049007303","tract",2023,"education_state_rnk",39.0856
"39049007305","tract",2023,"education_state_rnk",3.6703
"39049007306","tract",2023,"education_state_rnk",3.2518
"39049007394","tract",2023,"education_state_rnk",0.8371
"39049007397","tract",2023,"education_state_rnk",34.707
"39049007398","tract",2023,"education_state_rnk",88.1842
"39049007424","tract",2023,"education_state_rnk",71.056
"39049007425","tract",2023,"education_state_rnk",28.1552
"39049007426","tract",2023,"education_state_rnk",14.3271
"39049007427","tract",2023,"education_state_rnk",25.1288
"39049007492","tract",2023,"education_state_rnk",33.6446
"39049007494","tract",2023,"education_state_rnk",34.0953
"39049007511","tract",2023,"education_state_rnk",93.593
"39049007512","tract",2023,"education_state_rnk",92.8203
"39049007520","tract",2023,"education_state_rnk",92.7077
"39049007531","tract",2023,"education_state_rnk",97.8751
"39049007532","tract",2023,"education_state_rnk",95.235
"39049007533","tract",2023,"education_state_rnk",93.9472
"39049007534","tract",2023,"education_state_rnk",99.3883
"39049007550","tract",2023,"education_state_rnk",58.0811
"39049007552","tract",2023,"education_state_rnk",96.1365
"39049007553","tract",2023,"education_state_rnk",65.1964
"39049007710","tract",2023,"education_state_rnk",83.2743
"39049007721","tract",2023,"education_state_rnk",98.5834
"39049007722","tract",2023,"education_state_rnk",82.1636
"39049007730","tract",2023,"education_state_rnk",77.624
"39049007740","tract",2023,"education_state_rnk",22.4887
"39049007811","tract",2023,"education_state_rnk",4.5396
"39049007812","tract",2023,"education_state_rnk",8.9504
"39049007820","tract",2023,"education_state_rnk",44.414
"39049007830","tract",2023,"education_state_rnk",3.4771
"39049007922","tract",2023,"education_state_rnk",4.2498
"39049007931","tract",2023,"education_state_rnk",19.7843
"39049007941","tract",2023,"education_state_rnk",8.886
"39049007955","tract",2023,"education_state_rnk",9.7553
"39049007956","tract",2023,"education_state_rnk",42.756
"39049007957","tract",2023,"education_state_rnk",16.3715
"39049007958","tract",2023,"education_state_rnk",8.4353
"39049007959","tract",2023,"education_state_rnk",12.0734
"39049007960","tract",2023,"education_state_rnk",46.9575
"39049007961","tract",2023,"education_state_rnk",21.0238
"39049007962","tract",2023,"education_state_rnk",19.7843
"39049007963","tract",2023,"education_state_rnk",12.9749
"39049007964","tract",2023,"education_state_rnk",7.6948
"39049007965","tract",2023,"education_state_rnk",24.34
"39049007966","tract",2023,"education_state_rnk",39.0052
"39049008001","tract",2023,"education_state_rnk",5.5538
"39049008002","tract",2023,"education_state_rnk",25.3703
"39049008110","tract",2023,"education_state_rnk",59.5138
"39049008120","tract",2023,"education_state_rnk",96.5229
"39049008132","tract",2023,"education_state_rnk",46.7643
"39049008163","tract",2023,"education_state_rnk",79.9903
"39049008164","tract",2023,"education_state_rnk",88.8764
"39049008165","tract",2023,"education_state_rnk",35.029
"39049008166","tract",2023,"education_state_rnk",2.9942
"39049008167","tract",2023,"education_state_rnk",50.66
"39049008168","tract",2023,"education_state_rnk",70.1223
"39049008169","tract",2023,"education_state_rnk",63.5866
"39049008170","tract",2023,"education_state_rnk",50.4668
"39049008171","tract",2023,"education_state_rnk",16.1623
"39049008172","tract",2023,"education_state_rnk",49.7424
"39049008210","tract",2023,"education_state_rnk",95.9755
"39049008230","tract",2023,"education_state_rnk",99.7102
"39049008241","tract",2023,"education_state_rnk",91.0174
"39049008242","tract",2023,"education_state_rnk",25.4024
"39049008311","tract",2023,"education_state_rnk",93.7862
"39049008312","tract",2023,"education_state_rnk",98.68
"39049008321","tract",2023,"education_state_rnk",93.2389
"39049008322","tract",2023,"education_state_rnk",72.5048
"39049008330","tract",2023,"education_state_rnk",95.6697
"39049008340","tract",2023,"education_state_rnk",77.0122
"39049008350","tract",2023,"education_state_rnk",52.8815
"39049008360","tract",2023,"education_state_rnk",54.2015
"39049008380","tract",2023,"education_state_rnk",79.3947
"39049008381","tract",2023,"education_state_rnk",77.6883
"39049008382","tract",2023,"education_state_rnk",29.7006
"39049008400","tract",2023,"education_state_rnk",2.5113
"39049008500","tract",2023,"education_state_rnk",1.8995
"39049008710","tract",2023,"education_state_rnk",28.0103
"39049008720","tract",2023,"education_state_rnk",89.1822
"39049008730","tract",2023,"education_state_rnk",97.2634
"39049008811","tract",2023,"education_state_rnk",94.5267
"39049008812","tract",2023,"education_state_rnk",63.6188
"39049008813","tract",2023,"education_state_rnk",53.0908
"39049008821","tract",2023,"education_state_rnk",44.8648
"39049008822","tract",2023,"education_state_rnk",83.3226
"39049008825","tract",2023,"education_state_rnk",60.2865
"39049008900","tract",2023,"education_state_rnk",25.0161
"39049009000","tract",2023,"education_state_rnk",3.2196
"39049009100","tract",2023,"education_state_rnk",5.0869
"39049009220","tract",2023,"education_state_rnk",94.7199
"39049009230","tract",2023,"education_state_rnk",81.8094
"39049009240","tract",2023,"education_state_rnk",51.5132
"39049009250","tract",2023,"education_state_rnk",75.7244
"39049009251","tract",2023,"education_state_rnk",90.5666
"39049009252","tract",2023,"education_state_rnk",26.0786
"39049009311","tract",2023,"education_state_rnk",32.5982
"39049009312","tract",2023,"education_state_rnk",71.5712
"39049009321","tract",2023,"education_state_rnk",55.8918
"39049009322","tract",2023,"education_state_rnk",87.2666
"39049009323","tract",2023,"education_state_rnk",96.716
"39049009325","tract",2023,"education_state_rnk",72.376
"39049009326","tract",2023,"education_state_rnk",92.8525
"39049009332","tract",2023,"education_state_rnk",57.8236
"39049009334","tract",2023,"education_state_rnk",72.859
"39049009336","tract",2023,"education_state_rnk",21.6838
"39049009337","tract",2023,"education_state_rnk",91.5164
"39049009340","tract",2023,"education_state_rnk",77.9781
"39049009350","tract",2023,"education_state_rnk",63.5544
"39049009361","tract",2023,"education_state_rnk",5.6986
"39049009372","tract",2023,"education_state_rnk",43.3999
"39049009373","tract",2023,"education_state_rnk",70.058
"39049009381","tract",2023,"education_state_rnk",89.5364
"39049009382","tract",2023,"education_state_rnk",46.1687
"39049009383","tract",2023,"education_state_rnk",41.0657
"39049009384","tract",2023,"education_state_rnk",47.9073
"39049009385","tract",2023,"education_state_rnk",14.2788
"39049009386","tract",2023,"education_state_rnk",67.4984
"39049009390","tract",2023,"education_state_rnk",73.5995
"39049009391","tract",2023,"education_state_rnk",42.5145
"39049009392","tract",2023,"education_state_rnk",45.6697
"39049009393","tract",2023,"education_state_rnk",83.8216
"39049009394","tract",2023,"education_state_rnk",40.1159
"39049009395","tract",2023,"education_state_rnk",15.5184
"39049009396","tract",2023,"education_state_rnk",76.2717
"39049009397","tract",2023,"education_state_rnk",61.3007
"39049009401","tract",2023,"education_state_rnk",67.6111
"39049009403","tract",2023,"education_state_rnk",97.199
"39049009404","tract",2023,"education_state_rnk",11.8319
"39049009405","tract",2023,"education_state_rnk",8.1777
"39049009410","tract",2023,"education_state_rnk",79.8777
"39049009420","tract",2023,"education_state_rnk",85.5441
"39049009440","tract",2023,"education_state_rnk",18.3033
"39049009495","tract",2023,"education_state_rnk",68.1745
"39049009497","tract",2023,"education_state_rnk",19.5267
"39049009498","tract",2023,"education_state_rnk",84.6104
"39049009520","tract",2023,"education_state_rnk",59.6587
"39049009590","tract",2023,"education_state_rnk",62.3149
"39049009600","tract",2023,"education_state_rnk",75.9498
"39049009711","tract",2023,"education_state_rnk",63.0393
"39049009712","tract",2023,"education_state_rnk",71.8287
"39049009751","tract",2023,"education_state_rnk",37.83
"39049009752","tract",2023,"education_state_rnk",33.9665
"39049009753","tract",2023,"education_state_rnk",9.4656
"39049009754","tract",2023,"education_state_rnk",10.7695
"39049009755","tract",2023,"education_state_rnk",24.5976
"39049009756","tract",2023,"education_state_rnk",74.2595
"39049009757","tract",2023,"education_state_rnk",36.349
"39049009801","tract",2023,"education_state_rnk",33.1938
"39049009802","tract",2023,"education_state_rnk",45.2672
"39049009900","tract",2023,"education_state_rnk",84.0792
"39049010000","tract",2023,"education_state_rnk",18.9794
"39049010100","tract",2023,"education_state_rnk",2.3503
"39049010201","tract",2023,"education_state_rnk",29.4913
"39049010202","tract",2023,"education_state_rnk",70.2189
"39049010203","tract",2023,"education_state_rnk",17.8042
"39049010204","tract",2023,"education_state_rnk",55.3445
"39049010300","tract",2023,"education_state_rnk",84.7553
"39049010401","tract",2023,"education_state_rnk",11.1558
"39049010402","tract",2023,"education_state_rnk",19.9936
"39049010501","tract",2023,"education_state_rnk",7.0831
"39049010502","tract",2023,"education_state_rnk",28.4932
"39049010601","tract",2023,"education_state_rnk",39.7618
"39049010602","tract",2023,"education_state_rnk",20.9594
"39049010700","tract",2023,"education_state_rnk",18.3838
"39049010900","tract",2023,"education_state_rnk",18.2228
"39049980000","tract",2023,"education_state_rnk",NA
"39051040100","tract",2023,"education_state_rnk",27.2537
"39051040200","tract",2023,"education_state_rnk",34.2885
"39051040300","tract",2023,"education_state_rnk",41.452
"39051040400","tract",2023,"education_state_rnk",77.3825
"39051040500","tract",2023,"education_state_rnk",43.3033
"39051040600","tract",2023,"education_state_rnk",46.3297
"39051040701","tract",2023,"education_state_rnk",74.8229
"39051040702","tract",2023,"education_state_rnk",85.8661
"39051040800","tract",2023,"education_state_rnk",69.2692
"39051040900","tract",2023,"education_state_rnk",58.3065
"39053953500","tract",2023,"education_state_rnk",79.0567
"39053953600","tract",2023,"education_state_rnk",84.2885
"39053953700","tract",2023,"education_state_rnk",79.5718
"39053953800","tract",2023,"education_state_rnk",90.5344
"39053953901","tract",2023,"education_state_rnk",52.9298
"39053953902","tract",2023,"education_state_rnk",77.5596
"39053954000","tract",2023,"education_state_rnk",56.7289
"39053954100","tract",2023,"education_state_rnk",65.8242
"39055310100","tract",2023,"education_state_rnk",55.5538
"39055310200","tract",2023,"education_state_rnk",12.3954
"39055310600","tract",2023,"education_state_rnk",15.6954
"39055310700","tract",2023,"education_state_rnk",25.2898
"39055310800","tract",2023,"education_state_rnk",29.4591
"39055310900","tract",2023,"education_state_rnk",59.3529
"39055311000","tract",2023,"education_state_rnk",99.4527
"39055311300","tract",2023,"education_state_rnk",78.2518
"39055311400","tract",2023,"education_state_rnk",19.7038
"39055311500","tract",2023,"education_state_rnk",14.3593
"39055311600","tract",2023,"education_state_rnk",15.6954
"39055311700","tract",2023,"education_state_rnk",8.4353
"39055311800","tract",2023,"education_state_rnk",4.5718
"39055311900","tract",2023,"education_state_rnk",36.7354
"39055312000","tract",2023,"education_state_rnk",96.4746
"39055312100","tract",2023,"education_state_rnk",99.7746
"39055312201","tract",2023,"education_state_rnk",45.1545
"39055312202","tract",2023,"education_state_rnk",30.6504
"39055312203","tract",2023,"education_state_rnk",34.4334
"39055312300","tract",2023,"education_state_rnk",94.1404
"39055312400","tract",2023,"education_state_rnk",99.678
"39057200101","tract",2023,"education_state_rnk",71.1526
"39057200103","tract",2023,"education_state_rnk",22.3921
"39057200104","tract",2023,"education_state_rnk",47.6658
"39057200300","tract",2023,"education_state_rnk",71.4102
"39057200400","tract",2023,"education_state_rnk",72.1507
"39057200500","tract",2023,"education_state_rnk",63.2325
"39057200600","tract",2023,"education_state_rnk",61.4939
"39057200700","tract",2023,"education_state_rnk",77.3181
"39057200901","tract",2023,"education_state_rnk",5.7952
"39057200902","tract",2023,"education_state_rnk",20.8307
"39057210101","tract",2023,"education_state_rnk",2.5757
"39057210102","tract",2023,"education_state_rnk",27.3342
"39057210201","tract",2023,"education_state_rnk",25.2898
"39057210202","tract",2023,"education_state_rnk",28.7508
"39057210300","tract",2023,"education_state_rnk",14.8905
"39057210401","tract",2023,"education_state_rnk",20.7663
"39057210402","tract",2023,"education_state_rnk",12.009
"39057210500","tract",2023,"education_state_rnk",12.5885
"39057210602","tract",2023,"education_state_rnk",12.5402
"39057210603","tract",2023,"education_state_rnk",8.6607
"39057210604","tract",2023,"education_state_rnk",13.1037
"39057210605","tract",2023,"education_state_rnk",6.5679
"39057220101","tract",2023,"education_state_rnk",16.8706
"39057220102","tract",2023,"education_state_rnk",6.8738
"39057220201","tract",2023,"education_state_rnk",18.7379
"39057220202","tract",2023,"education_state_rnk",13.8764
"39057230100","tract",2023,"education_state_rnk",10.1417
"39057240100","tract",2023,"education_state_rnk",27.0927
"39057240200","tract",2023,"education_state_rnk",81.3909
"39057240302","tract",2023,"education_state_rnk",69.8004
"39057240303","tract",2023,"education_state_rnk",58.0811
"39057240304","tract",2023,"education_state_rnk",33.0006
"39057240500","tract",2023,"education_state_rnk",28.3001
"39057240600","tract",2023,"education_state_rnk",70.1706
"39057240700","tract",2023,"education_state_rnk",75.2415
"39057255000","tract",2023,"education_state_rnk",7.5016
"39057260100","tract",2023,"education_state_rnk",NA
"39057270100","tract",2023,"education_state_rnk",39.472
"39057280101","tract",2023,"education_state_rnk",21.6838
"39057280102","tract",2023,"education_state_rnk",21.9575
"39057280200","tract",2023,"education_state_rnk",36.0914
"39057280300","tract",2023,"education_state_rnk",30.103
"39059977100","tract",2023,"education_state_rnk",97.537
"39059977200","tract",2023,"education_state_rnk",65.2286
"39059977300","tract",2023,"education_state_rnk",66.0657
"39059977400","tract",2023,"education_state_rnk",78.0103
"39059977500","tract",2023,"education_state_rnk",79.7972
"39059977600","tract",2023,"education_state_rnk",79.7167
"39059977700","tract",2023,"education_state_rnk",57.7753
"39059977800","tract",2023,"education_state_rnk",82.9202
"39059977900","tract",2023,"education_state_rnk",81.1011
"39059978000","tract",2023,"education_state_rnk",75.9981
"39061000200","tract",2023,"education_state_rnk",47.4887
"39061000700","tract",2023,"education_state_rnk",0.7083
"39061000900","tract",2023,"education_state_rnk",32.5499
"39061001000","tract",2023,"education_state_rnk",9.4173
"39061001100","tract",2023,"education_state_rnk",8.0167
"39061001600","tract",2023,"education_state_rnk",16.2106
"39061001700","tract",2023,"education_state_rnk",7.0509
"39061001800","tract",2023,"education_state_rnk",30.264
"39061001900","tract",2023,"education_state_rnk",6.3426
"39061002000","tract",2023,"education_state_rnk",1.3522
"39061002200","tract",2023,"education_state_rnk",93.8667
"39061002300","tract",2023,"education_state_rnk",51.3522
"39061002500","tract",2023,"education_state_rnk",62.1378
"39061002600","tract",2023,"education_state_rnk",69.4301
"39061002700","tract",2023,"education_state_rnk",15.4862
"39061002800","tract",2023,"education_state_rnk",62.6046
"39061002901","tract",2023,"education_state_rnk",NA
"39061002902","tract",2023,"education_state_rnk",64.6169
"39061003000","tract",2023,"education_state_rnk",NA
"39061003200","tract",2023,"education_state_rnk",45.7341
"39061003300","tract",2023,"education_state_rnk",76.4488
"39061003600","tract",2023,"education_state_rnk",89.1178
"39061003700","tract",2023,"education_state_rnk",26.8674
"39061003800","tract",2023,"education_state_rnk",58.5802
"39061003900","tract",2023,"education_state_rnk",34.6587
"39061004000","tract",2023,"education_state_rnk",36.3007
"39061004100","tract",2023,"education_state_rnk",3.7991
"39061004200","tract",2023,"education_state_rnk",2.8976
"39061004602","tract",2023,"education_state_rnk",34.3851
"39061004603","tract",2023,"education_state_rnk",30.586
"39061004604","tract",2023,"education_state_rnk",21.1204
"39061004605","tract",2023,"education_state_rnk",1.3844
"39061004703","tract",2023,"education_state_rnk",2.0605
"39061004800","tract",2023,"education_state_rnk",1.9961
"39061004900","tract",2023,"education_state_rnk",0.3542
"39061005000","tract",2023,"education_state_rnk",0.9015
"39061005100","tract",2023,"education_state_rnk",0.5473
"39061005200","tract",2023,"education_state_rnk",0.3863
"39061005301","tract",2023,"education_state_rnk",0.8049
"39061005302","tract",2023,"education_state_rnk",0.1932
"39061005500","tract",2023,"education_state_rnk",11.6227
"39061005600","tract",2023,"education_state_rnk",15.5505
"39061005701","tract",2023,"education_state_rnk",21.7321
"39061005702","tract",2023,"education_state_rnk",3.1713
"39061005800","tract",2023,"education_state_rnk",11.3168
"39061005900","tract",2023,"education_state_rnk",2.1893
"39061006000","tract",2023,"education_state_rnk",62.5241
"39061006100","tract",2023,"education_state_rnk",90.3413
"39061006300","tract",2023,"education_state_rnk",78.6542
"39061006400","tract",2023,"education_state_rnk",43.9633
"39061006501","tract",2023,"education_state_rnk",NA
"39061006502","tract",2023,"education_state_rnk",3.5093
"39061006600","tract",2023,"education_state_rnk",85.1417
"39061006800","tract",2023,"education_state_rnk",67.4984
"39061006900","tract",2023,"education_state_rnk",93.1906
"39061007000","tract",2023,"education_state_rnk",7.0187
"39061007100","tract",2023,"education_state_rnk",6.0528
"39061007200","tract",2023,"education_state_rnk",7.9684
"39061007300","tract",2023,"education_state_rnk",82.1958
"39061007400","tract",2023,"education_state_rnk",1.8674
"39061007500","tract",2023,"education_state_rnk",4.6362
"39061007700","tract",2023,"education_state_rnk",92.7077
"39061008000","tract",2023,"education_state_rnk",91.3715
"39061008100","tract",2023,"education_state_rnk",58.6929
"39061008201","tract",2023,"education_state_rnk",50.4668
"39061008202","tract",2023,"education_state_rnk",50.6117
"39061008300","tract",2023,"education_state_rnk",43.2711
"39061008400","tract",2023,"education_state_rnk",61.2041
"39061008501","tract",2023,"education_state_rnk",83.1294
"39061008502","tract",2023,"education_state_rnk",97.2312
"39061008601","tract",2023,"education_state_rnk",84.8036
"39061008800","tract",2023,"education_state_rnk",85.3187
"39061009200","tract",2023,"education_state_rnk",96.4263
"39061009300","tract",2023,"education_state_rnk",99.2917
"39061009400","tract",2023,"education_state_rnk",98.8731
"39061009500","tract",2023,"education_state_rnk",91.4359
"39061009600","tract",2023,"education_state_rnk",61.6549
"39061009700","tract",2023,"education_state_rnk",68.1745
"39061009800","tract",2023,"education_state_rnk",95.9111
"39061009901","tract",2023,"education_state_rnk",74.8551
"39061009902","tract",2023,"education_state_rnk",89.5042
"39061010002","tract",2023,"education_state_rnk",90.792
"39061010003","tract",2023,"education_state_rnk",78.9923
"39061010004","tract",2023,"education_state_rnk",74.4205
"39061010005","tract",2023,"education_state_rnk",77.463
"39061010100","tract",2023,"education_state_rnk",17.2891
"39061010201","tract",2023,"education_state_rnk",84.0309
"39061010202","tract",2023,"education_state_rnk",8.8055
"39061010300","tract",2023,"education_state_rnk",91.5647
"39061010400","tract",2023,"education_state_rnk",65.3574
"39061010500","tract",2023,"education_state_rnk",68.2228
"39061010600","tract",2023,"education_state_rnk",26.6903
"39061010700","tract",2023,"education_state_rnk",54.0567
"39061010900","tract",2023,"education_state_rnk",84.6909
"39061011000","tract",2023,"education_state_rnk",89.9871
"39061011100","tract",2023,"education_state_rnk",44.0277
"39061020401","tract",2023,"education_state_rnk",70.9111
"39061020403","tract",2023,"education_state_rnk",28.5737
"39061020404","tract",2023,"education_state_rnk",10.9466
"39061020501","tract",2023,"education_state_rnk",21.1687
"39061020502","tract",2023,"education_state_rnk",10.4958
"39061020504","tract",2023,"education_state_rnk",38.329
"39061020505","tract",2023,"education_state_rnk",41.7096
"39061020601","tract",2023,"education_state_rnk",23.1326
"39061020603","tract",2023,"education_state_rnk",25.0644
"39061020604","tract",2023,"education_state_rnk",31.7611
"39061020701","tract",2023,"education_state_rnk",46.8609
"39061020705","tract",2023,"education_state_rnk",31.5196
"39061020707","tract",2023,"education_state_rnk",8.9182
"39061020741","tract",2023,"education_state_rnk",54.6845
"39061020742","tract",2023,"education_state_rnk",75.8854
"39061020762","tract",2023,"education_state_rnk",81.1011
"39061020763","tract",2023,"education_state_rnk",43.7379
"39061020764","tract",2023,"education_state_rnk",64.3271
"39061020802","tract",2023,"education_state_rnk",37.7656
"39061020811","tract",2023,"education_state_rnk",18.0618
"39061020812","tract",2023,"education_state_rnk",7.4372
"39061020901","tract",2023,"education_state_rnk",57.3567
"39061020902","tract",2023,"education_state_rnk",34.6104
"39061021001","tract",2023,"education_state_rnk",36.3812
"39061021002","tract",2023,"education_state_rnk",32.5982
"39061021003","tract",2023,"education_state_rnk",56.1655
"39061021101","tract",2023,"education_state_rnk",28.3645
"39061021102","tract",2023,"education_state_rnk",60.4153
"39061021201","tract",2023,"education_state_rnk",3.284
"39061021202","tract",2023,"education_state_rnk",53.8957
"39061021302","tract",2023,"education_state_rnk",26.3039
"39061021303","tract",2023,"education_state_rnk",44.1726
"39061021304","tract",2023,"education_state_rnk",39.7135
"39061021401","tract",2023,"education_state_rnk",23.7283
"39061021421","tract",2023,"education_state_rnk",24.501
"39061021422","tract",2023,"education_state_rnk",35.3026
"39061021501","tract",2023,"education_state_rnk",66.1623
"39061021504","tract",2023,"education_state_rnk",40.1159
"39061021505","tract",2023,"education_state_rnk",76.7225
"39061021506","tract",2023,"education_state_rnk",79.4913
"39061021508","tract",2023,"education_state_rnk",42.3374
"39061021509","tract",2023,"education_state_rnk",83.065
"39061021571","tract",2023,"education_state_rnk",39.2144
"39061021572","tract",2023,"education_state_rnk",50.7244
"39061021602","tract",2023,"education_state_rnk",62.6046
"39061021603","tract",2023,"education_state_rnk",43.2389
"39061021604","tract",2023,"education_state_rnk",68.8345
"39061021701","tract",2023,"education_state_rnk",26.4327
"39061021702","tract",2023,"education_state_rnk",68.9311
"39061021801","tract",2023,"education_state_rnk",53.4932
"39061021802","tract",2023,"education_state_rnk",58.1455
"39061021900","tract",2023,"education_state_rnk",78.5576
"39061022000","tract",2023,"education_state_rnk",39.9227
"39061022101","tract",2023,"education_state_rnk",19.8809
"39061022102","tract",2023,"education_state_rnk",18.5126
"39061022200","tract",2023,"education_state_rnk",20.0258
"39061022301","tract",2023,"education_state_rnk",94.8809
"39061022302","tract",2023,"education_state_rnk",13.2968
"39061022400","tract",2023,"education_state_rnk",5.7952
"39061022500","tract",2023,"education_state_rnk",39.9227
"39061022601","tract",2023,"education_state_rnk",6.5679
"39061022602","tract",2023,"education_state_rnk",20.7019
"39061022700","tract",2023,"education_state_rnk",84.5782
"39061023001","tract",2023,"education_state_rnk",42.5628
"39061023002","tract",2023,"education_state_rnk",10.2543
"39061023100","tract",2023,"education_state_rnk",5.1996
"39061023201","tract",2023,"education_state_rnk",54.2981
"39061023210","tract",2023,"education_state_rnk",21.8609
"39061023222","tract",2023,"education_state_rnk",45.8467
"39061023300","tract",2023,"education_state_rnk",1.0303
"39061023400","tract",2023,"education_state_rnk",74.1146
"39061023501","tract",2023,"education_state_rnk",3.4449
"39061023521","tract",2023,"education_state_rnk",16.5164
"39061023522","tract",2023,"education_state_rnk",8.8538
"39061023600","tract",2023,"education_state_rnk",31.8416
"39061023701","tract",2023,"education_state_rnk",8.3709
"39061023702","tract",2023,"education_state_rnk",13.5383
"39061023800","tract",2023,"education_state_rnk",15.8564
"39061023901","tract",2023,"education_state_rnk",4.2176
"39061023902","tract",2023,"education_state_rnk",3.8635
"39061024001","tract",2023,"education_state_rnk",2.7688
"39061024002","tract",2023,"education_state_rnk",8.0489
"39061024100","tract",2023,"education_state_rnk",3.3484
"39061024200","tract",2023,"education_state_rnk",1.9317
"39061024301","tract",2023,"education_state_rnk",4.9903
"39061024303","tract",2023,"education_state_rnk",41.9672
"39061024322","tract",2023,"education_state_rnk",25.9176
"39061024323","tract",2023,"education_state_rnk",14.9388
"39061024324","tract",2023,"education_state_rnk",23.1326
"39061024401","tract",2023,"education_state_rnk",1.4649
"39061024402","tract",2023,"education_state_rnk",9.047
"39061024700","tract",2023,"education_state_rnk",25.1288
"39061024800","tract",2023,"education_state_rnk",4.1533
"39061024901","tract",2023,"education_state_rnk",78.783
"39061024903","tract",2023,"education_state_rnk",23.358
"39061024904","tract",2023,"education_state_rnk",10.6568
"39061025001","tract",2023,"education_state_rnk",11.3973
"39061025002","tract",2023,"education_state_rnk",8.3226
"39061025101","tract",2023,"education_state_rnk",15.0676
"39061025102","tract",2023,"education_state_rnk",25.5312
"39061025103","tract",2023,"education_state_rnk",19.4462
"39061025200","tract",2023,"education_state_rnk",23.5673
"39061025300","tract",2023,"education_state_rnk",43.0457
"39061025401","tract",2023,"education_state_rnk",20.6053
"39061025402","tract",2023,"education_state_rnk",12.9105
"39061025500","tract",2023,"education_state_rnk",67.0798
"39061025600","tract",2023,"education_state_rnk",30.1352
"39061025700","tract",2023,"education_state_rnk",96.6194
"39061025800","tract",2023,"education_state_rnk",18.6574
"39061026001","tract",2023,"education_state_rnk",13.329
"39061026002","tract",2023,"education_state_rnk",19.2853
"39061026102","tract",2023,"education_state_rnk",88.9247
"39061026103","tract",2023,"education_state_rnk",55.7791
"39061026104","tract",2023,"education_state_rnk",59.8036
"39061026200","tract",2023,"education_state_rnk",97.0058
"39061026300","tract",2023,"education_state_rnk",97.038
"39061026400","tract",2023,"education_state_rnk",29.8455
"39061026500","tract",2023,"education_state_rnk",1.6581
"39061026600","tract",2023,"education_state_rnk",6.3748
"39061026700","tract",2023,"education_state_rnk",78.3967
"39061026800","tract",2023,"education_state_rnk",0.9337
"39061026900","tract",2023,"education_state_rnk",53.0586
"39061027000","tract",2023,"education_state_rnk",90.3091
"39061027100","tract",2023,"education_state_rnk",86.2846
"39061027200","tract",2023,"education_state_rnk",69.6394
"39061027300","tract",2023,"education_state_rnk",8.0811
"39061027400","tract",2023,"education_state_rnk",78.461
"39061027500","tract",2023,"education_state_rnk",3.9601
"39061027600","tract",2023,"education_state_rnk",2.7366
"39061027700","tract",2023,"education_state_rnk",24.6619
"39063000100","tract",2023,"education_state_rnk",65.5344
"39063000200","tract",2023,"education_state_rnk",23.5029
"39063000301","tract",2023,"education_state_rnk",17.4984
"39063000302","tract",2023,"education_state_rnk",63.973
"39063000400","tract",2023,"education_state_rnk",38.7798
"39063000500","tract",2023,"education_state_rnk",70.7341
"39063000600","tract",2023,"education_state_rnk",45.2672
"39063000700","tract",2023,"education_state_rnk",10.9466
"39063000800","tract",2023,"education_state_rnk",56.5196
"39063000901","tract",2023,"education_state_rnk",59.7392
"39063000902","tract",2023,"education_state_rnk",45.6214
"39063001000","tract",2023,"education_state_rnk",22.2473
"39063001100","tract",2023,"education_state_rnk",50.7244
"39063001200","tract",2023,"education_state_rnk",53.0103
"39063001300","tract",2023,"education_state_rnk",61.0431
"39065000100","tract",2023,"education_state_rnk",51.9639
"39065000200","tract",2023,"education_state_rnk",28.2357
"39065000300","tract",2023,"education_state_rnk",45.396
"39065000401","tract",2023,"education_state_rnk",NA
"39065000402","tract",2023,"education_state_rnk",34.7553
"39065000500","tract",2023,"education_state_rnk",90.8242
"39065000600","tract",2023,"education_state_rnk",94.0438
"39065000700","tract",2023,"education_state_rnk",88.812
"39067975600","tract",2023,"education_state_rnk",44.7521
"39067975700","tract",2023,"education_state_rnk",81.8416
"39067975800","tract",2023,"education_state_rnk",82.6143
"39067975900","tract",2023,"education_state_rnk",38.6027
"39067976000","tract",2023,"education_state_rnk",83.7572
"39069000100","tract",2023,"education_state_rnk",70.2833
"39069000200","tract",2023,"education_state_rnk",52.8332
"39069000300","tract",2023,"education_state_rnk",72.537
"39069000400","tract",2023,"education_state_rnk",36.2363
"39069000500","tract",2023,"education_state_rnk",56.8255
"39069000600","tract",2023,"education_state_rnk",78.1391
"39069000700","tract",2023,"education_state_rnk",46.4102
"39071954400","tract",2023,"education_state_rnk",61.3007
"39071954500","tract",2023,"education_state_rnk",92.756
"39071954600","tract",2023,"education_state_rnk",84.1919
"39071954700","tract",2023,"education_state_rnk",56.9221
"39071954800","tract",2023,"education_state_rnk",56.2943
"39071954900","tract",2023,"education_state_rnk",70.3155
"39071955001","tract",2023,"education_state_rnk",86.1236
"39071955002","tract",2023,"education_state_rnk",96.9736
"39071955101","tract",2023,"education_state_rnk",91.8706
"39071955102","tract",2023,"education_state_rnk",85.8983
"39071955200","tract",2023,"education_state_rnk",80.3928
"39073964900","tract",2023,"education_state_rnk",15.8564
"39073965000","tract",2023,"education_state_rnk",76.2717
"39073965100","tract",2023,"education_state_rnk",91.3071
"39073965200","tract",2023,"education_state_rnk",72.6497
"39073965300","tract",2023,"education_state_rnk",76.5132
"39073965400","tract",2023,"education_state_rnk",83.4514
"39073965500","tract",2023,"education_state_rnk",45.9111
"39075976301","tract",2023,"education_state_rnk",99.839
"39075976302","tract",2023,"education_state_rnk",99.9034
"39075976401","tract",2023,"education_state_rnk",99.9678
"39075976402","tract",2023,"education_state_rnk",99.6458
"39075976403","tract",2023,"education_state_rnk",99.4205
"39075976500","tract",2023,"education_state_rnk",94.4623
"39075976600","tract",2023,"education_state_rnk",83.7572
"39075976700","tract",2023,"education_state_rnk",74.9034
"39075976801","tract",2023,"education_state_rnk",100
"39075976802","tract",2023,"education_state_rnk",99.8712
"39077915400","tract",2023,"education_state_rnk",89.3432
"39077915500","tract",2023,"education_state_rnk",72.6497
"39077915600","tract",2023,"education_state_rnk",48.9375
"39077915700","tract",2023,"education_state_rnk",55.1191
"39077915800","tract",2023,"education_state_rnk",81.1655
"39077915900","tract",2023,"education_state_rnk",54.5718
"39077916000","tract",2023,"education_state_rnk",70.7985
"39077916100","tract",2023,"education_state_rnk",64.2627
"39077916200","tract",2023,"education_state_rnk",76.1751
"39077916300","tract",2023,"education_state_rnk",82.4211
"39077916400","tract",2023,"education_state_rnk",92.5628
"39077916500","tract",2023,"education_state_rnk",45.4765
"39077916600","tract",2023,"education_state_rnk",76.0947
"39079957200","tract",2023,"education_state_rnk",90.8886
"39079957300","tract",2023,"education_state_rnk",88.3612
"39079957400","tract",2023,"education_state_rnk",57.2923
"39079957500","tract",2023,"education_state_rnk",74.0502
"39079957600","tract",2023,"education_state_rnk",67.2086
"39079957700","tract",2023,"education_state_rnk",83.548
"39079957800","tract",2023,"education_state_rnk",81.246
"39081000200","tract",2023,"education_state_rnk",NA
"39081000400","tract",2023,"education_state_rnk",61.4456
"39081000600","tract",2023,"education_state_rnk",9.4977
"39081001000","tract",2023,"education_state_rnk",10.4314
"39081001200","tract",2023,"education_state_rnk",71.2331
"39081001300","tract",2023,"education_state_rnk",66.6774
"39081001400","tract",2023,"education_state_rnk",20.4443
"39081011000","tract",2023,"education_state_rnk",39.4076
"39081011100","tract",2023,"education_state_rnk",79.9903
"39081011200","tract",2023,"education_state_rnk",67.3696
"39081011300","tract",2023,"education_state_rnk",34.6587
"39081011401","tract",2023,"education_state_rnk",43.6252
"39081011402","tract",2023,"education_state_rnk",69.5589
"39081011500","tract",2023,"education_state_rnk",38.9569
"39081011700","tract",2023,"education_state_rnk",50.2576
"39081011800","tract",2023,"education_state_rnk",81.745
"39081011900","tract",2023,"education_state_rnk",63.3934
"39081012000","tract",2023,"education_state_rnk",52.1571
"39081012100","tract",2023,"education_state_rnk",48.6639
"39081012200","tract",2023,"education_state_rnk",60.9627
"39081012300","tract",2023,"education_state_rnk",66.9189
"39081012400","tract",2023,"education_state_rnk",89.5686
"39083006700","tract",2023,"education_state_rnk",91.3393
"39083006801","tract",2023,"education_state_rnk",20.7985
"39083006802","tract",2023,"education_state_rnk",97.1024
"39083006900","tract",2023,"education_state_rnk",70.8628
"39083007000","tract",2023,"education_state_rnk",28.9279
"39083007100","tract",2023,"education_state_rnk",73.6961
"39083007200","tract",2023,"education_state_rnk",71.9897
"39083007301","tract",2023,"education_state_rnk",NA
"39083007302","tract",2023,"education_state_rnk",61.7675
"39083007400","tract",2023,"education_state_rnk",84.2563
"39083007500","tract",2023,"education_state_rnk",54.765
"39083007600","tract",2023,"education_state_rnk",71.8287
"39083007701","tract",2023,"education_state_rnk",43.1423
"39083007702","tract",2023,"education_state_rnk",41.0013
"39085200100","tract",2023,"education_state_rnk",16.9672
"39085200200","tract",2023,"education_state_rnk",49.9839
"39085200300","tract",2023,"education_state_rnk",33.2582
"39085200400","tract",2023,"education_state_rnk",42.8364
"39085200500","tract",2023,"education_state_rnk",20.9111
"39085200600","tract",2023,"education_state_rnk",31.1816
"39085200700","tract",2023,"education_state_rnk",25.2093
"39085200800","tract",2023,"education_state_rnk",67.7077
"39085200900","tract",2023,"education_state_rnk",43.3355
"39085201000","tract",2023,"education_state_rnk",19.575
"39085201101","tract",2023,"education_state_rnk",11.1075
"39085201102","tract",2023,"education_state_rnk",4.6684
"39085201200","tract",2023,"education_state_rnk",14.6652
"39085201300","tract",2023,"education_state_rnk",15.1964
"39085201400","tract",2023,"education_state_rnk",14.4881
"39085201500","tract",2023,"education_state_rnk",6.246
"39085201600","tract",2023,"education_state_rnk",25.5956
"39085201700","tract",2023,"education_state_rnk",32.0992
"39085201800","tract",2023,"education_state_rnk",42.9813
"39085201900","tract",2023,"education_state_rnk",37.4115
"39085202000","tract",2023,"education_state_rnk",26.0303
"39085202100","tract",2023,"education_state_rnk",63.1681
"39085202400","tract",2023,"education_state_rnk",54.9259
"39085202500","tract",2023,"education_state_rnk",30.3284
"39085202600","tract",2023,"education_state_rnk",32.888
"39085202700","tract",2023,"education_state_rnk",12.6368
"39085202800","tract",2023,"education_state_rnk",24.5493
"39085202901","tract",2023,"education_state_rnk",20.3316
"39085202902","tract",2023,"education_state_rnk",21.6355
"39085203000","tract",2023,"education_state_rnk",30.8435
"39085203200","tract",2023,"education_state_rnk",31.6806
"39085203400","tract",2023,"education_state_rnk",16.6935
"39085203500","tract",2023,"education_state_rnk",19.9614
"39085203700","tract",2023,"education_state_rnk",30.4572
"39085204000","tract",2023,"education_state_rnk",15.3574
"39085204200","tract",2023,"education_state_rnk",98.519
"39085204303","tract",2023,"education_state_rnk",17.5467
"39085204304","tract",2023,"education_state_rnk",84.5138
"39085204400","tract",2023,"education_state_rnk",72.7785
"39085204500","tract",2023,"education_state_rnk",96.2814
"39085204700","tract",2023,"education_state_rnk",51.4488
"39085204800","tract",2023,"education_state_rnk",72.0541
"39085204900","tract",2023,"education_state_rnk",35.8661
"39085205001","tract",2023,"education_state_rnk",16.6935
"39085205002","tract",2023,"education_state_rnk",10.3348
"39085205100","tract",2023,"education_state_rnk",3.3967
"39085205200","tract",2023,"education_state_rnk",28.4932
"39085205300","tract",2023,"education_state_rnk",27.7044
"39085205400","tract",2023,"education_state_rnk",36.6871
"39085205701","tract",2023,"education_state_rnk",72.2151
"39085205702","tract",2023,"education_state_rnk",74.6137
"39085205800","tract",2023,"education_state_rnk",10.0129
"39085206100","tract",2023,"education_state_rnk",75.6117
"39085206200","tract",2023,"education_state_rnk",17.0316
"39085206300","tract",2023,"education_state_rnk",41.2428
"39085206400","tract",2023,"education_state_rnk",20.3316
"39085206500","tract",2023,"education_state_rnk",23.2936
"39085206600","tract",2023,"education_state_rnk",36.5744
"39085206700","tract",2023,"education_state_rnk",57.566
"39085990000","tract",2023,"education_state_rnk",NA
"39087050100","tract",2023,"education_state_rnk",80.5699
"39087050200","tract",2023,"education_state_rnk",45.557
"39087050300","tract",2023,"education_state_rnk",84.0792
"39087050400","tract",2023,"education_state_rnk",79.4591
"39087050501","tract",2023,"education_state_rnk",69.4784
"39087050502","tract",2023,"education_state_rnk",66.3071
"39087050600","tract",2023,"education_state_rnk",81.1011
"39087050700","tract",2023,"education_state_rnk",88.0554
"39087050800","tract",2023,"education_state_rnk",77.7205
"39087050900","tract",2023,"education_state_rnk",91.8223
"39087051001","tract",2023,"education_state_rnk",44.1082
"39087051002","tract",2023,"education_state_rnk",73.5029
"39087051101","tract",2023,"education_state_rnk",56.6001
"39087051102","tract",2023,"education_state_rnk",37.0251
"39087051200","tract",2023,"education_state_rnk",48.9375
"39087051300","tract",2023,"education_state_rnk",77.2376
"39087051401","tract",2023,"education_state_rnk",35.4153
"39087051402","tract",2023,"education_state_rnk",54.9259
"39089750700","tract",2023,"education_state_rnk",58.9182
"39089751000","tract",2023,"education_state_rnk",85.029
"39089751300","tract",2023,"education_state_rnk",73.1809
"39089751600","tract",2023,"education_state_rnk",35.689
"39089751900","tract",2023,"education_state_rnk",81.5196
"39089752200","tract",2023,"education_state_rnk",80.3123
"39089752500","tract",2023,"education_state_rnk",90.5023
"39089752801","tract",2023,"education_state_rnk",29.9581
"39089752802","tract",2023,"education_state_rnk",41.8384
"39089753100","tract",2023,"education_state_rnk",67.0798
"39089753301","tract",2023,"education_state_rnk",44.9775
"39089753302","tract",2023,"education_state_rnk",32.0992
"39089753600","tract",2023,"education_state_rnk",39.2949
"39089753900","tract",2023,"education_state_rnk",8.5963
"39089754102","tract",2023,"education_state_rnk",21.2653
"39089754103","tract",2023,"education_state_rnk",37.5563
"39089754104","tract",2023,"education_state_rnk",20.2028
"39089754400","tract",2023,"education_state_rnk",38.7798
"39089754700","tract",2023,"education_state_rnk",66.9994
"39089755000","tract",2023,"education_state_rnk",37.331
"39089755301","tract",2023,"education_state_rnk",32.1636
"39089755302","tract",2023,"education_state_rnk",23.8571
"39089755601","tract",2023,"education_state_rnk",4.0889
"39089755602","tract",2023,"education_state_rnk",10.8661
"39089755901","tract",2023,"education_state_rnk",54.1211
"39089755902","tract",2023,"education_state_rnk",47.5853
"39089756201","tract",2023,"education_state_rnk",39.2144
"39089756203","tract",2023,"education_state_rnk",15.2608
"39089756204","tract",2023,"education_state_rnk",61.4456
"39089756500","tract",2023,"education_state_rnk",49.501
"39089756801","tract",2023,"education_state_rnk",38.1037
"39089756802","tract",2023,"education_state_rnk",60.4958
"39089756803","tract",2023,"education_state_rnk",27.9781
"39089757100","tract",2023,"education_state_rnk",31.1816
"39089757401","tract",2023,"education_state_rnk",39.9871
"39089757402","tract",2023,"education_state_rnk",47.0863
"39089757701","tract",2023,"education_state_rnk",37.2505
"39089757702","tract",2023,"education_state_rnk",23.0683
"39089758300","tract",2023,"education_state_rnk",56.3426
"39089758601","tract",2023,"education_state_rnk",20.5409
"39089758602","tract",2023,"education_state_rnk",38.0554
"39089758901","tract",2023,"education_state_rnk",68.6413
"39089758902","tract",2023,"education_state_rnk",26.5937
"39089759000","tract",2023,"education_state_rnk",88.5061
"39089759101","tract",2023,"education_state_rnk",49.0019
"39089759102","tract",2023,"education_state_rnk",19.0438
"39091003800","tract",2023,"education_state_rnk",55.6504
"39091003900","tract",2023,"education_state_rnk",67.2086
"39091004000","tract",2023,"education_state_rnk",74.9517
"39091004100","tract",2023,"education_state_rnk",33.4836
"39091004200","tract",2023,"education_state_rnk",59.9968
"39091004300","tract",2023,"education_state_rnk",73.4385
"39091004400","tract",2023,"education_state_rnk",80.0386
"39091004500","tract",2023,"education_state_rnk",77.2698
"39091004600","tract",2023,"education_state_rnk",50.5473
"39091004700","tract",2023,"education_state_rnk",11.4617
"39091004800","tract",2023,"education_state_rnk",58.7572
"39093010200","tract",2023,"education_state_rnk",29.6201
"39093010300","tract",2023,"education_state_rnk",14.8422
"39093010400","tract",2023,"education_state_rnk",18.9794
"39093013101","tract",2023,"education_state_rnk",15.8081
"39093013102","tract",2023,"education_state_rnk",6.1977
"39093013201","tract",2023,"education_state_rnk",11.7675
"39093013202","tract",2023,"education_state_rnk",19.0438
"39093021100","tract",2023,"education_state_rnk",25.7244
"39093021200","tract",2023,"education_state_rnk",62.2666
"39093022100","tract",2023,"education_state_rnk",41.7096
"39093022200","tract",2023,"education_state_rnk",52.7044
"39093022400","tract",2023,"education_state_rnk",90.5988
"39093022500","tract",2023,"education_state_rnk",31.7611
"39093022601","tract",2023,"education_state_rnk",71.5712
"39093022800","tract",2023,"education_state_rnk",95.6697
"39093023000","tract",2023,"education_state_rnk",69.2209
"39093023100","tract",2023,"education_state_rnk",95.3638
"39093023200","tract",2023,"education_state_rnk",94.3335
"39093023300","tract",2023,"education_state_rnk",98.1648
"39093023400","tract",2023,"education_state_rnk",86.9768
"39093023500","tract",2023,"education_state_rnk",90.1481
"39093023600","tract",2023,"education_state_rnk",93.2711
"39093023900","tract",2023,"education_state_rnk",86.2202
"39093024000","tract",2023,"education_state_rnk",84.7553
"39093024100","tract",2023,"education_state_rnk",65.3896
"39093024200","tract",2023,"education_state_rnk",83.1777
"39093028100","tract",2023,"education_state_rnk",26.9478
"39093030101","tract",2023,"education_state_rnk",25.4346
"39093030102","tract",2023,"education_state_rnk",26.1108
"39093050100","tract",2023,"education_state_rnk",34.8358
"39093050200","tract",2023,"education_state_rnk",59.8036
"39093050301","tract",2023,"education_state_rnk",20.9111
"39093050302","tract",2023,"education_state_rnk",20.7341
"39093050400","tract",2023,"education_state_rnk",51.8674
"39093057100","tract",2023,"education_state_rnk",47.038
"39093060100","tract",2023,"education_state_rnk",42.9169
"39093060200","tract",2023,"education_state_rnk",NA
"39093070101","tract",2023,"education_state_rnk",19.2209
"39093070102","tract",2023,"education_state_rnk",68.255
"39093070200","tract",2023,"education_state_rnk",29.5557
"39093070300","tract",2023,"education_state_rnk",37.4437
"39093070400","tract",2023,"education_state_rnk",89.8905
"39093070500","tract",2023,"education_state_rnk",87.669
"39093070600","tract",2023,"education_state_rnk",58.4031
"39093070700","tract",2023,"education_state_rnk",61.8963
"39093070901","tract",2023,"education_state_rnk",98.3902
"39093070902","tract",2023,"education_state_rnk",46.2331
"39093071100","tract",2023,"education_state_rnk",40.7276
"39093071201","tract",2023,"education_state_rnk",88.1842
"39093071202","tract",2023,"education_state_rnk",40.3896
"39093071300","tract",2023,"education_state_rnk",92.4984
"39093071400","tract",2023,"education_state_rnk",98.0039
"39093071500","tract",2023,"education_state_rnk",79.282
"39093077100","tract",2023,"education_state_rnk",58.8699
"39093080101","tract",2023,"education_state_rnk",29.8777
"39093080103","tract",2023,"education_state_rnk",56.5196
"39093080104","tract",2023,"education_state_rnk",42.6916
"39093080500","tract",2023,"education_state_rnk",10.2061
"39093080600","tract",2023,"education_state_rnk",44.9775
"39093080701","tract",2023,"education_state_rnk",14.7778
"39093080702","tract",2023,"education_state_rnk",13.6349
"39093090100","tract",2023,"education_state_rnk",11.9446
"39093090200","tract",2023,"education_state_rnk",43.1101
"39093091100","tract",2023,"education_state_rnk",47.8268
"39093091200","tract",2023,"education_state_rnk",61.5261
"39093092100","tract",2023,"education_state_rnk",32.9524
"39093093100","tract",2023,"education_state_rnk",56.9543
"39093094101","tract",2023,"education_state_rnk",55.2157
"39093094102","tract",2023,"education_state_rnk",41.4037
"39093095100","tract",2023,"education_state_rnk",66.9672
"39093096100","tract",2023,"education_state_rnk",67.6755
"39093097100","tract",2023,"education_state_rnk",52.962
"39093097201","tract",2023,"education_state_rnk",61.848
"39093097202","tract",2023,"education_state_rnk",33.1455
"39093097300","tract",2023,"education_state_rnk",99.0663
"39093097401","tract",2023,"education_state_rnk",10.7695
"39093097402","tract",2023,"education_state_rnk",7.5821
"39093097500","tract",2023,"education_state_rnk",83.4997
"39093097600","tract",2023,"education_state_rnk",92.434
"39093990200","tract",2023,"education_state_rnk",NA
"39095000201","tract",2023,"education_state_rnk",92.112
"39095000202","tract",2023,"education_state_rnk",81.2943
"39095000301","tract",2023,"education_state_rnk",28.4288
"39095000302","tract",2023,"education_state_rnk",83.3709
"39095000400","tract",2023,"education_state_rnk",59.2724
"39095000601","tract",2023,"education_state_rnk",74.6619
"39095000602","tract",2023,"education_state_rnk",62.4598
"39095000701","tract",2023,"education_state_rnk",96.2331
"39095000702","tract",2023,"education_state_rnk",31.7611
"39095000703","tract",2023,"education_state_rnk",31.9382
"39095000800","tract",2023,"education_state_rnk",97.8429
"39095000900","tract",2023,"education_state_rnk",79.1693
"39095001001","tract",2023,"education_state_rnk",99.7424
"39095001002","tract",2023,"education_state_rnk",96.1687
"39095001100","tract",2023,"education_state_rnk",92.9491
"39095001201","tract",2023,"education_state_rnk",72.1185
"39095001202","tract",2023,"education_state_rnk",95.3316
"39095001301","tract",2023,"education_state_rnk",1.1912
"39095001302","tract",2023,"education_state_rnk",57.4211
"39095001303","tract",2023,"education_state_rnk",42.0798
"39095001400","tract",2023,"education_state_rnk",57.9684
"39095001500","tract",2023,"education_state_rnk",96.8126
"39095001601","tract",2023,"education_state_rnk",63.2325
"39095001602","tract",2023,"education_state_rnk",37.6207
"39095001700","tract",2023,"education_state_rnk",96.7482
"39095001800","tract",2023,"education_state_rnk",98.1326
"39095001900","tract",2023,"education_state_rnk",67.0798
"39095002000","tract",2023,"education_state_rnk",99.2595
"39095002100","tract",2023,"education_state_rnk",65.7276
"39095002401","tract",2023,"education_state_rnk",86.7997
"39095002402","tract",2023,"education_state_rnk",60.9627
"39095002500","tract",2023,"education_state_rnk",83.9665
"39095002600","tract",2023,"education_state_rnk",96.0721
"39095002700","tract",2023,"education_state_rnk",20.5731
"39095002800","tract",2023,"education_state_rnk",48.7927
"39095002900","tract",2023,"education_state_rnk",91.2428
"39095003000","tract",2023,"education_state_rnk",94.6555
"39095003100","tract",2023,"education_state_rnk",73.7283
"39095003200","tract",2023,"education_state_rnk",74.5171
"39095003300","tract",2023,"education_state_rnk",96.3297
"39095003500","tract",2023,"education_state_rnk",91.1462
"39095003600","tract",2023,"education_state_rnk",73.1487
"39095003901","tract",2023,"education_state_rnk",71.4424
"39095003902","tract",2023,"education_state_rnk",75.8049
"39095004000","tract",2023,"education_state_rnk",93.4804
"39095004200","tract",2023,"education_state_rnk",99.5171
"39095004401","tract",2023,"education_state_rnk",50.0644
"39095004402","tract",2023,"education_state_rnk",87.2183
"39095004501","tract",2023,"education_state_rnk",24.7424
"39095004503","tract",2023,"education_state_rnk",63.973
"39095004504","tract",2023,"education_state_rnk",10.8178
"39095004600","tract",2023,"education_state_rnk",93.1906
"39095004701","tract",2023,"education_state_rnk",76.0464
"39095004702","tract",2023,"education_state_rnk",97.2956
"39095004800","tract",2023,"education_state_rnk",96.877
"39095004900","tract",2023,"education_state_rnk",98.9053
"39095005000","tract",2023,"education_state_rnk",65.0837
"39095005101","tract",2023,"education_state_rnk",95.8146
"39095005102","tract",2023,"education_state_rnk",77.0444
"39095005200","tract",2023,"education_state_rnk",84.6426
"39095005300","tract",2023,"education_state_rnk",94.4945
"39095005400","tract",2023,"education_state_rnk",90.0837
"39095005501","tract",2023,"education_state_rnk",47.1829
"39095005502","tract",2023,"education_state_rnk",45.9755
"39095005503","tract",2023,"education_state_rnk",49.3883
"39095005601","tract",2023,"education_state_rnk",22.5531
"39095005602","tract",2023,"education_state_rnk",95.557
"39095005701","tract",2023,"education_state_rnk",74.5171
"39095005703","tract",2023,"education_state_rnk",68.9311
"39095005704","tract",2023,"education_state_rnk",57.7109
"39095005705","tract",2023,"education_state_rnk",82.9845
"39095005801","tract",2023,"education_state_rnk",68.0618
"39095005803","tract",2023,"education_state_rnk",66.0657
"39095005804","tract",2023,"education_state_rnk",82.7753
"39095005901","tract",2023,"education_state_rnk",47.5853
"39095005902","tract",2023,"education_state_rnk",70.4443
"39095006000","tract",2023,"education_state_rnk",51.5937
"39095006100","tract",2023,"education_state_rnk",44.3014
"39095006200","tract",2023,"education_state_rnk",43.1906
"39095006300","tract",2023,"education_state_rnk",7.1153
"39095006400","tract",2023,"education_state_rnk",33.5963
"39095006500","tract",2023,"education_state_rnk",20.4443
"39095006600","tract",2023,"education_state_rnk",81.4874
"39095006700","tract",2023,"education_state_rnk",73.4063
"39095006801","tract",2023,"education_state_rnk",94.1726
"39095006802","tract",2023,"education_state_rnk",79.3947
"39095006900","tract",2023,"education_state_rnk",38.6993
"39095007002","tract",2023,"education_state_rnk",27.2054
"39095007003","tract",2023,"education_state_rnk",42.756
"39095007004","tract",2023,"education_state_rnk",34.8358
"39095007102","tract",2023,"education_state_rnk",9.8519
"39095007103","tract",2023,"education_state_rnk",15.4218
"39095007104","tract",2023,"education_state_rnk",27.8493
"39095007202","tract",2023,"education_state_rnk",30.0708
"39095007204","tract",2023,"education_state_rnk",24.9517
"39095007206","tract",2023,"education_state_rnk",17.112
"39095007207","tract",2023,"education_state_rnk",61.7193
"39095007208","tract",2023,"education_state_rnk",22.3278
"39095007209","tract",2023,"education_state_rnk",23.5995
"39095007302","tract",2023,"education_state_rnk",76.2717
"39095007304","tract",2023,"education_state_rnk",75.1288
"39095007305","tract",2023,"education_state_rnk",93.0135
"39095007306","tract",2023,"education_state_rnk",71.8287
"39095007307","tract",2023,"education_state_rnk",80.1674
"39095007401","tract",2023,"education_state_rnk",45.8467
"39095007402","tract",2023,"education_state_rnk",55.4411
"39095007501","tract",2023,"education_state_rnk",25.0644
"39095007502","tract",2023,"education_state_rnk",25.3381
"39095007600","tract",2023,"education_state_rnk",9.369
"39095007700","tract",2023,"education_state_rnk",72.9234
"39095007801","tract",2023,"education_state_rnk",42.5145
"39095007802","tract",2023,"education_state_rnk",17.8042
"39095007901","tract",2023,"education_state_rnk",58.5802
"39095007903","tract",2023,"education_state_rnk",80.7952
"39095007904","tract",2023,"education_state_rnk",26.6581
"39095008000","tract",2023,"education_state_rnk",27.8171
"39095008100","tract",2023,"education_state_rnk",20.1545
"39095008204","tract",2023,"education_state_rnk",32.0026
"39095008205","tract",2023,"education_state_rnk",19.3175
"39095008206","tract",2023,"education_state_rnk",16.0174
"39095008207","tract",2023,"education_state_rnk",6.0045
"39095008208","tract",2023,"education_state_rnk",6.9865
"39095008209","tract",2023,"education_state_rnk",21.4102
"39095008210","tract",2023,"education_state_rnk",62.9105
"39095008302","tract",2023,"education_state_rnk",18.0296
"39095008303","tract",2023,"education_state_rnk",32.6787
"39095008304","tract",2023,"education_state_rnk",9.2724
"39095008401","tract",2023,"education_state_rnk",30.0386
"39095008402","tract",2023,"education_state_rnk",25.7244
"39095008501","tract",2023,"education_state_rnk",24.1629
"39095008502","tract",2023,"education_state_rnk",48.1809
"39095008601","tract",2023,"education_state_rnk",28.622
"39095008602","tract",2023,"education_state_rnk",72.5692
"39095008701","tract",2023,"education_state_rnk",41.9028
"39095008702","tract",2023,"education_state_rnk",75.6922
"39095008703","tract",2023,"education_state_rnk",62.1378
"39095008801","tract",2023,"education_state_rnk",33.065
"39095008802","tract",2023,"education_state_rnk",45.4765
"39095008903","tract",2023,"education_state_rnk",8.9826
"39095008904","tract",2023,"education_state_rnk",42.8364
"39095008905","tract",2023,"education_state_rnk",23.6639
"39095008906","tract",2023,"education_state_rnk",20.2672
"39095009001","tract",2023,"education_state_rnk",12.9427
"39095009002","tract",2023,"education_state_rnk",47.376
"39095009003","tract",2023,"education_state_rnk",3.7669
"39095009101","tract",2023,"education_state_rnk",6.7611
"39095009103","tract",2023,"education_state_rnk",30.2318
"39095009104","tract",2023,"education_state_rnk",70.2511
"39095009203","tract",2023,"education_state_rnk",7.5821
"39095009204","tract",2023,"education_state_rnk",15.9691
"39095009205","tract",2023,"education_state_rnk",12.4598
"39095009206","tract",2023,"education_state_rnk",7.244
"39095009300","tract",2023,"education_state_rnk",42.6111
"39095009400","tract",2023,"education_state_rnk",97.3278
"39095009500","tract",2023,"education_state_rnk",41.1623
"39095009600","tract",2023,"education_state_rnk",51.4005
"39095009700","tract",2023,"education_state_rnk",22.9556
"39095009800","tract",2023,"education_state_rnk",50.8854
"39095009901","tract",2023,"education_state_rnk",34.1597
"39095009902","tract",2023,"education_state_rnk",84.9646
"39095010001","tract",2023,"education_state_rnk",49.4205
"39095010002","tract",2023,"education_state_rnk",55.5538
"39095010100","tract",2023,"education_state_rnk",63.2325
"39095010200","tract",2023,"education_state_rnk",49.0341
"39095010300","tract",2023,"education_state_rnk",91.6291
"39095010400","tract",2023,"education_state_rnk",NA
"39095010500","tract",2023,"education_state_rnk",98.0683
"39095010600","tract",2023,"education_state_rnk",78.1874
"39095990000","tract",2023,"education_state_rnk",NA
"39097040101","tract",2023,"education_state_rnk",48.1165
"39097040102","tract",2023,"education_state_rnk",26.9156
"39097040201","tract",2023,"education_state_rnk",28.3967
"39097040202","tract",2023,"education_state_rnk",83.8216
"39097040400","tract",2023,"education_state_rnk",46.3297
"39097040500","tract",2023,"education_state_rnk",54.8133
"39097040600","tract",2023,"education_state_rnk",48.2936
"39097040700","tract",2023,"education_state_rnk",78.8635
"39097041000","tract",2023,"education_state_rnk",NA
"39097041100","tract",2023,"education_state_rnk",59.9968
"39097041200","tract",2023,"education_state_rnk",71.378
"39097041300","tract",2023,"education_state_rnk",72.0863
"39099800501","tract",2023,"education_state_rnk",97.9073
"39099800502","tract",2023,"education_state_rnk",NA
"39099800600","tract",2023,"education_state_rnk",96.3941
"39099801000","tract",2023,"education_state_rnk",75.9981
"39099801100","tract",2023,"education_state_rnk",95.5892
"39099801200","tract",2023,"education_state_rnk",97.1346
"39099801300","tract",2023,"education_state_rnk",82.1314
"39099801400","tract",2023,"education_state_rnk",49.7424
"39099801500","tract",2023,"education_state_rnk",63.5061
"39099801600","tract",2023,"education_state_rnk",98.5512
"39099801700","tract",2023,"education_state_rnk",97.8107
"39099802100","tract",2023,"education_state_rnk",95.4443
"39099802300","tract",2023,"education_state_rnk",92.6272
"39099802400","tract",2023,"education_state_rnk",75.8532
"39099802500","tract",2023,"education_state_rnk",66.8384
"39099802600","tract",2023,"education_state_rnk",62.2344
"39099802701","tract",2023,"education_state_rnk",28.9279
"39099802702","tract",2023,"education_state_rnk",60.85
"39099802800","tract",2023,"education_state_rnk",93.915
"39099802900","tract",2023,"education_state_rnk",95.2028
"39099803000","tract",2023,"education_state_rnk",61.3812
"39099804000","tract",2023,"education_state_rnk",NA
"39099804100","tract",2023,"education_state_rnk",76.5776
"39099804200","tract",2023,"education_state_rnk",53.6864
"39099804300","tract",2023,"education_state_rnk",96.9414
"39099810100","tract",2023,"education_state_rnk",68.5287
"39099810200","tract",2023,"education_state_rnk",92.5306
"39099810300","tract",2023,"education_state_rnk",95.2994
"39099810600","tract",2023,"education_state_rnk",53.7347
"39099810700","tract",2023,"education_state_rnk",41.0013
"39099810800","tract",2023,"education_state_rnk",63.812
"39099810900","tract",2023,"education_state_rnk",46.4102
"39099811001","tract",2023,"education_state_rnk",23.7605
"39099811002","tract",2023,"education_state_rnk",29.5879
"39099811100","tract",2023,"education_state_rnk",31.8738
"39099811200","tract",2023,"education_state_rnk",12.3471
"39099811301","tract",2023,"education_state_rnk",72.3117
"39099811302","tract",2023,"education_state_rnk",91.0818
"39099811400","tract",2023,"education_state_rnk",35.8661
"39099811500","tract",2023,"education_state_rnk",23.4707
"39099811600","tract",2023,"education_state_rnk",16.114
"39099811700","tract",2023,"education_state_rnk",32.7914
"39099811800","tract",2023,"education_state_rnk",69.3175
"39099811901","tract",2023,"education_state_rnk",23.358
"39099811902","tract",2023,"education_state_rnk",7.2762
"39099812001","tract",2023,"education_state_rnk",41.7096
"39099812002","tract",2023,"education_state_rnk",51.0464
"39099812101","tract",2023,"education_state_rnk",41.5647
"39099812102","tract",2023,"education_state_rnk",22.1507
"39099812200","tract",2023,"education_state_rnk",25.4668
"39099812301","tract",2023,"education_state_rnk",43.0457
"39099812302","tract",2023,"education_state_rnk",24.2434
"39099812400","tract",2023,"education_state_rnk",88.2486
"39099812500","tract",2023,"education_state_rnk",39.7135
"39099812601","tract",2023,"education_state_rnk",65.8886
"39099812602","tract",2023,"education_state_rnk",29.1693
"39099812604","tract",2023,"education_state_rnk",21.5551
"39099812605","tract",2023,"education_state_rnk",32.0348
"39099812700","tract",2023,"education_state_rnk",71.6516
"39099812800","tract",2023,"education_state_rnk",75.4668
"39099812900","tract",2023,"education_state_rnk",53.6864
"39099813000","tract",2023,"education_state_rnk",49.2595
"39099813200","tract",2023,"education_state_rnk",44.7038
"39099813300","tract",2023,"education_state_rnk",62.1378
"39099813400","tract",2023,"education_state_rnk",49.9839
"39099813501","tract",2023,"education_state_rnk",35.2382
"39099813502","tract",2023,"education_state_rnk",21.9575
"39099813601","tract",2023,"education_state_rnk",39.5042
"39099813602","tract",2023,"education_state_rnk",46.2653
"39099813700","tract",2023,"education_state_rnk",89.3754
"39099813800","tract",2023,"education_state_rnk",91.1784
"39099813900","tract",2023,"education_state_rnk",53.1552
"39099814000","tract",2023,"education_state_rnk",98.9375
"39099814100","tract",2023,"education_state_rnk",90.6954
"39099814200","tract",2023,"education_state_rnk",53.1874
"39101000100","tract",2023,"education_state_rnk",29.7972
"39101000200","tract",2023,"education_state_rnk",80.3606
"39101000300","tract",2023,"education_state_rnk",89.633
"39101000400","tract",2023,"education_state_rnk",89.2949
"39101000501","tract",2023,"education_state_rnk",96.5551
"39101000502","tract",2023,"education_state_rnk",49.6297
"39101000600","tract",2023,"education_state_rnk",36.8963
"39101000700","tract",2023,"education_state_rnk",59.7392
"39101000800","tract",2023,"education_state_rnk",81.3909
"39101000900","tract",2023,"education_state_rnk",93.0457
"39101001000","tract",2023,"education_state_rnk",55.1191
"39101001100","tract",2023,"education_state_rnk",66.3071
"39101010100","tract",2023,"education_state_rnk",78.7508
"39101010201","tract",2023,"education_state_rnk",50.8854
"39101010202","tract",2023,"education_state_rnk",NA
"39101010300","tract",2023,"education_state_rnk",74.6137
"39101010400","tract",2023,"education_state_rnk",57.5982
"39101010500","tract",2023,"education_state_rnk",52.7527
"39103400100","tract",2023,"education_state_rnk",42.1925
"39103402000","tract",2023,"education_state_rnk",7.9684
"39103403001","tract",2023,"education_state_rnk",33.4514
"39103403002","tract",2023,"education_state_rnk",32.8397
"39103404000","tract",2023,"education_state_rnk",8.725
"39103405000","tract",2023,"education_state_rnk",10.6246
"39103406000","tract",2023,"education_state_rnk",19.7038
"39103407000","tract",2023,"education_state_rnk",12.3471
"39103408001","tract",2023,"education_state_rnk",35.4636
"39103408002","tract",2023,"education_state_rnk",3.9279
"39103408003","tract",2023,"education_state_rnk",33.0972
"39103408101","tract",2023,"education_state_rnk",46.9575
"39103408102","tract",2023,"education_state_rnk",24.6619
"39103408201","tract",2023,"education_state_rnk",33.9021
"39103408202","tract",2023,"education_state_rnk",13.1842
"39103408301","tract",2023,"education_state_rnk",17.4501
"39103408303","tract",2023,"education_state_rnk",34.7553
"39103408304","tract",2023,"education_state_rnk",16.774
"39103408305","tract",2023,"education_state_rnk",12.17
"39103409001","tract",2023,"education_state_rnk",52.4469
"39103409002","tract",2023,"education_state_rnk",58.4031
"39103410000","tract",2023,"education_state_rnk",80.7469
"39103411001","tract",2023,"education_state_rnk",59.2724
"39103411002","tract",2023,"education_state_rnk",73.6639
"39103412000","tract",2023,"education_state_rnk",33.6768
"39103413000","tract",2023,"education_state_rnk",52.4469
"39103415100","tract",2023,"education_state_rnk",37.0895
"39103415200","tract",2023,"education_state_rnk",37.1539
"39103415300","tract",2023,"education_state_rnk",42.756
"39103415400","tract",2023,"education_state_rnk",30.8918
"39103415801","tract",2023,"education_state_rnk",29.3786
"39103415802","tract",2023,"education_state_rnk",61.1075
"39103416000","tract",2023,"education_state_rnk",41.7096
"39103416100","tract",2023,"education_state_rnk",35.3026
"39103416200","tract",2023,"education_state_rnk",77.141
"39103416300","tract",2023,"education_state_rnk",44.1726
"39103416400","tract",2023,"education_state_rnk",47.7624
"39103417001","tract",2023,"education_state_rnk",19.9292
"39103417002","tract",2023,"education_state_rnk",27.8976
"39103417100","tract",2023,"education_state_rnk",34.3529
"39103417200","tract",2023,"education_state_rnk",26.0303
"39103417300","tract",2023,"education_state_rnk",38.7798
"39105964100","tract",2023,"education_state_rnk",72.859
"39105964200","tract",2023,"education_state_rnk",58.2582
"39105964300","tract",2023,"education_state_rnk",80.1352
"39105964400","tract",2023,"education_state_rnk",85.7534
"39105964500","tract",2023,"education_state_rnk",70.9594
"39105964600","tract",2023,"education_state_rnk",56.0689
"39107967200","tract",2023,"education_state_rnk",51.7708
"39107967300","tract",2023,"education_state_rnk",59.4656
"39107967400","tract",2023,"education_state_rnk",78.0747
"39107967500","tract",2023,"education_state_rnk",39.0534
"39107967600","tract",2023,"education_state_rnk",40.3896
"39107967700","tract",2023,"education_state_rnk",68.3999
"39107967800","tract",2023,"education_state_rnk",9.208
"39107967900","tract",2023,"education_state_rnk",53.9923
"39107968000","tract",2023,"education_state_rnk",79.6201
"39109300100","tract",2023,"education_state_rnk",60.2865
"39109315001","tract",2023,"education_state_rnk",35.1417
"39109315002","tract",2023,"education_state_rnk",44.3496
"39109315100","tract",2023,"education_state_rnk",86.6871
"39109315300","tract",2023,"education_state_rnk",76.1429
"39109320100","tract",2023,"education_state_rnk",57.1636
"39109325000","tract",2023,"education_state_rnk",64.8261
"39109330100","tract",2023,"education_state_rnk",71.1043
"39109340100","tract",2023,"education_state_rnk",61.5905
"39109345000","tract",2023,"education_state_rnk",76.5132
"39109350101","tract",2023,"education_state_rnk",40.2125
"39109350102","tract",2023,"education_state_rnk",14.1983
"39109355001","tract",2023,"education_state_rnk",34.5782
"39109355002","tract",2023,"education_state_rnk",13.9891
"39109365001","tract",2023,"education_state_rnk",14.5203
"39109365002","tract",2023,"education_state_rnk",48.0683
"39109365101","tract",2023,"education_state_rnk",40.8403
"39109365102","tract",2023,"education_state_rnk",63.4578
"39109365200","tract",2023,"education_state_rnk",70.3477
"39109365301","tract",2023,"education_state_rnk",45.2672
"39109365302","tract",2023,"education_state_rnk",30.7791
"39109380100","tract",2023,"education_state_rnk",29.282
"39109390100","tract",2023,"education_state_rnk",59.1758
"39111966600","tract",2023,"education_state_rnk",50.3542
"39111966700","tract",2023,"education_state_rnk",89.8422
"39111966800","tract",2023,"education_state_rnk",73.1005
"39111966900","tract",2023,"education_state_rnk",73.5512
"39113000100","tract",2023,"education_state_rnk",84.1275
"39113000200","tract",2023,"education_state_rnk",84.3851
"39113000300","tract",2023,"education_state_rnk",86.6871
"39113000400","tract",2023,"education_state_rnk",86.7514
"39113000500","tract",2023,"education_state_rnk",52.3342
"39113000600","tract",2023,"education_state_rnk",27.2537
"39113000700","tract",2023,"education_state_rnk",47.4887
"39113000801","tract",2023,"education_state_rnk",57.0992
"39113000802","tract",2023,"education_state_rnk",69.1565
"39113000900","tract",2023,"education_state_rnk",78.2518
"39113001000","tract",2023,"education_state_rnk",40.3896
"39113001100","tract",2023,"education_state_rnk",59.208
"39113001200","tract",2023,"education_state_rnk",87.7817
"39113001501","tract",2023,"education_state_rnk",14.2788
"39113001600","tract",2023,"education_state_rnk",51.5937
"39113001700","tract",2023,"education_state_rnk",88.4417
"39113001801","tract",2023,"education_state_rnk",82.5821
"39113001802","tract",2023,"education_state_rnk",97.3599
"39113001900","tract",2023,"education_state_rnk",84.4816
"39113002000","tract",2023,"education_state_rnk",95.8789
"39113002200","tract",2023,"education_state_rnk",92.4018
"39113002300","tract",2023,"education_state_rnk",96.2814
"39113002400","tract",2023,"education_state_rnk",94.9614
"39113002500","tract",2023,"education_state_rnk",94.7843
"39113002600","tract",2023,"education_state_rnk",65.2608
"39113002700","tract",2023,"education_state_rnk",33.7733
"39113002800","tract",2023,"education_state_rnk",26.4005
"39113002900","tract",2023,"education_state_rnk",36.2363
"39113003000","tract",2023,"education_state_rnk",19.1565
"39113003100","tract",2023,"education_state_rnk",13.7315
"39113003201","tract",2023,"education_state_rnk",26.9961
"39113003300","tract",2023,"education_state_rnk",69.3496
"39113003402","tract",2023,"education_state_rnk",NA
"39113003403","tract",2023,"education_state_rnk",NA
"39113003404","tract",2023,"education_state_rnk",14.5525
"39113003500","tract",2023,"education_state_rnk",76.3361
"39113003800","tract",2023,"education_state_rnk",90.631
"39113003900","tract",2023,"education_state_rnk",79.105
"39113004100","tract",2023,"education_state_rnk",96.2009
"39113004200","tract",2023,"education_state_rnk",62.1378
"39113004300","tract",2023,"education_state_rnk",98.8088
"39113004400","tract",2023,"education_state_rnk",88.4739
"39113004600","tract",2023,"education_state_rnk",NA
"39113010100","tract",2023,"education_state_rnk",27.141
"39113010200","tract",2023,"education_state_rnk",23.4224
"39113020100","tract",2023,"education_state_rnk",14.0373
"39113020200","tract",2023,"education_state_rnk",37.7978
"39113020300","tract",2023,"education_state_rnk",8.725
"39113020400","tract",2023,"education_state_rnk",53.3806
"39113020500","tract",2023,"education_state_rnk",36.8963
"39113020601","tract",2023,"education_state_rnk",14.7778
"39113020602","tract",2023,"education_state_rnk",3.7025
"39113020700","tract",2023,"education_state_rnk",13.9086
"39113020800","tract",2023,"education_state_rnk",7.3245
"39113020900","tract",2023,"education_state_rnk",12.4276
"39113021000","tract",2023,"education_state_rnk",31.6484
"39113021100","tract",2023,"education_state_rnk",80.103
"39113021200","tract",2023,"education_state_rnk",60.7212
"39113021301","tract",2023,"education_state_rnk",67.9491
"39113021302","tract",2023,"education_state_rnk",56.7772
"39113021400","tract",2023,"education_state_rnk",28.7025
"39113021501","tract",2023,"education_state_rnk",33.725
"39113021502","tract",2023,"education_state_rnk",56.3909
"39113021601","tract",2023,"education_state_rnk",30.8113
"39113021602","tract",2023,"education_state_rnk",23.4224
"39113021700","tract",2023,"education_state_rnk",30.1996
"39113021800","tract",2023,"education_state_rnk",48.5834
"39113021900","tract",2023,"education_state_rnk",17.6111
"39113030100","tract",2023,"education_state_rnk",90.4701
"39113030200","tract",2023,"education_state_rnk",82.6787
"39113040101","tract",2023,"education_state_rnk",7.1475
"39113040102","tract",2023,"education_state_rnk",4.8938
"39113040103","tract",2023,"education_state_rnk",6.3104
"39113040201","tract",2023,"education_state_rnk",3.123
"39113040203","tract",2023,"education_state_rnk",29.1211
"39113040204","tract",2023,"education_state_rnk",8.2099
"39113040302","tract",2023,"education_state_rnk",26.159
"39113040303","tract",2023,"education_state_rnk",17.1925
"39113040305","tract",2023,"education_state_rnk",15.9208
"39113040306","tract",2023,"education_state_rnk",5.4733
"39113040401","tract",2023,"education_state_rnk",20.2672
"39113040403","tract",2023,"education_state_rnk",8.6285
"39113040405","tract",2023,"education_state_rnk",58.8055
"39113040406","tract",2023,"education_state_rnk",4.5074
"39113050101","tract",2023,"education_state_rnk",28.3323
"39113050104","tract",2023,"education_state_rnk",15.3091
"39113050105","tract",2023,"education_state_rnk",12.6368
"39113050106","tract",2023,"education_state_rnk",13.8442
"39113050107","tract",2023,"education_state_rnk",25.982
"39113050301","tract",2023,"education_state_rnk",75.6117
"39113050302","tract",2023,"education_state_rnk",53.2357
"39113050303","tract",2023,"education_state_rnk",33.387
"39113050401","tract",2023,"education_state_rnk",36.5422
"39113050402","tract",2023,"education_state_rnk",64.7135
"39113050502","tract",2023,"education_state_rnk",27.5596
"39113050503","tract",2023,"education_state_rnk",48.1165
"39113050504","tract",2023,"education_state_rnk",31.1172
"39113050600","tract",2023,"education_state_rnk",80.4572
"39113060100","tract",2023,"education_state_rnk",11.6871
"39113060200","tract",2023,"education_state_rnk",99.1951
"39113060300","tract",2023,"education_state_rnk",74.7907
"39113070101","tract",2023,"education_state_rnk",68.6413
"39113070102","tract",2023,"education_state_rnk",33.3548
"39113070201","tract",2023,"education_state_rnk",96.1043
"39113070202","tract",2023,"education_state_rnk",82.2762
"39113070300","tract",2023,"education_state_rnk",86.0914
"39113070400","tract",2023,"education_state_rnk",49.8712
"39113070500","tract",2023,"education_state_rnk",62.3954
"39113070600","tract",2023,"education_state_rnk",64.3754
"39113070700","tract",2023,"education_state_rnk",66.5969
"39113080100","tract",2023,"education_state_rnk",42.0798
"39113080200","tract",2023,"education_state_rnk",19.6233
"39113080300","tract",2023,"education_state_rnk",5.6665
"39113080400","tract",2023,"education_state_rnk",72.7785
"39113080500","tract",2023,"education_state_rnk",88.7637
"39113080600","tract",2023,"education_state_rnk",63.973
"39113080700","tract",2023,"education_state_rnk",96.4746
"39113090302","tract",2023,"education_state_rnk",58.6446
"39113090303","tract",2023,"education_state_rnk",36.4778
"39113090304","tract",2023,"education_state_rnk",40.9208
"39113090600","tract",2023,"education_state_rnk",77.463
"39113090700","tract",2023,"education_state_rnk",58.8055
"39113090800","tract",2023,"education_state_rnk",44.9775
"39113090900","tract",2023,"education_state_rnk",81.9382
"39113091000","tract",2023,"education_state_rnk",71.5068
"39113091100","tract",2023,"education_state_rnk",17.5789
"39113100101","tract",2023,"education_state_rnk",54.3464
"39113100102","tract",2023,"education_state_rnk",30.3284
"39113100201","tract",2023,"education_state_rnk",75.2737
"39113100202","tract",2023,"education_state_rnk",57.2118
"39113100203","tract",2023,"education_state_rnk",70.0097
"39113100301","tract",2023,"education_state_rnk",69.9292
"39113100302","tract",2023,"education_state_rnk",87.4115
"39113100400","tract",2023,"education_state_rnk",63.7476
"39113110100","tract",2023,"education_state_rnk",12.7334
"39113110201","tract",2023,"education_state_rnk",18.6091
"39113110202","tract",2023,"education_state_rnk",37.8783
"39113115002","tract",2023,"education_state_rnk",67.8203
"39113115011","tract",2023,"education_state_rnk",41.291
"39113115012","tract",2023,"education_state_rnk",23.9214
"39113120101","tract",2023,"education_state_rnk",15.2286
"39113120102","tract",2023,"education_state_rnk",25.9176
"39113120103","tract",2023,"education_state_rnk",45.9433
"39113125000","tract",2023,"education_state_rnk",32.6465
"39113125102","tract",2023,"education_state_rnk",29.4269
"39113125103","tract",2023,"education_state_rnk",21.056
"39113125104","tract",2023,"education_state_rnk",29.2337
"39113130101","tract",2023,"education_state_rnk",26.2717
"39113130102","tract",2023,"education_state_rnk",56.2943
"39113140100","tract",2023,"education_state_rnk",38.9086
"39113150100","tract",2023,"education_state_rnk",65.8886
"39113160100","tract",2023,"education_state_rnk",48.5029
"39113165000","tract",2023,"education_state_rnk",53.2357
"39113165100","tract",2023,"education_state_rnk",93.8667
"39113165200","tract",2023,"education_state_rnk",17.6433
"39113980000","tract",2023,"education_state_rnk",NA
"39115968800","tract",2023,"education_state_rnk",53.5898
"39115968900","tract",2023,"education_state_rnk",62.9749
"39115969000","tract",2023,"education_state_rnk",80.7952
"39115969100","tract",2023,"education_state_rnk",78.9279
"39117965000","tract",2023,"education_state_rnk",36.9607
"39117965100","tract",2023,"education_state_rnk",79.3303
"39117965201","tract",2023,"education_state_rnk",74.3722
"39117965202","tract",2023,"education_state_rnk",77.2054
"39117965300","tract",2023,"education_state_rnk",49.9356
"39117965401","tract",2023,"education_state_rnk",51.9317
"39117965402","tract",2023,"education_state_rnk",71.7482
"39117965501","tract",2023,"education_state_rnk",36.027
"39117965502","tract",2023,"education_state_rnk",31.6162
"39119911000","tract",2023,"education_state_rnk",72.2151
"39119911100","tract",2023,"education_state_rnk",46.716
"39119911201","tract",2023,"education_state_rnk",46.8609
"39119911202","tract",2023,"education_state_rnk",45.5892
"39119911300","tract",2023,"education_state_rnk",40.0354
"39119911400","tract",2023,"education_state_rnk",94.2853
"39119911500","tract",2023,"education_state_rnk",38.2807
"39119911601","tract",2023,"education_state_rnk",34.0148
"39119911602","tract",2023,"education_state_rnk",34.1597
"39119911700","tract",2023,"education_state_rnk",82.3889
"39119911800","tract",2023,"education_state_rnk",72.2795
"39119911900","tract",2023,"education_state_rnk",91.9189
"39119912000","tract",2023,"education_state_rnk",69.9292
"39119912100","tract",2023,"education_state_rnk",83.3709
"39119912200","tract",2023,"education_state_rnk",89.8422
"39119912300","tract",2023,"education_state_rnk",64.8261
"39119912400","tract",2023,"education_state_rnk",85.6246
"39119912500","tract",2023,"education_state_rnk",78.3001
"39119912600","tract",2023,"education_state_rnk",41.3715
"39119912700","tract",2023,"education_state_rnk",31.4231
"39119912800","tract",2023,"education_state_rnk",52.1088
"39121968300","tract",2023,"education_state_rnk",80.5699
"39121968401","tract",2023,"education_state_rnk",42.4018
"39121968402","tract",2023,"education_state_rnk",NA
"39121968500","tract",2023,"education_state_rnk",69.3818
"39123050100","tract",2023,"education_state_rnk",14.2305
"39123050201","tract",2023,"education_state_rnk",5.9562
"39123050202","tract",2023,"education_state_rnk",5.4089
"39123050301","tract",2023,"education_state_rnk",32.727
"39123050302","tract",2023,"education_state_rnk",29.0406
"39123050500","tract",2023,"education_state_rnk",80.5699
"39123050600","tract",2023,"education_state_rnk",74.4205
"39123050700","tract",2023,"education_state_rnk",32.3567
"39123050800","tract",2023,"education_state_rnk",28.783
"39123050900","tract",2023,"education_state_rnk",33.9021
"39123051000","tract",2023,"education_state_rnk",46.2009
"39123051100","tract",2023,"education_state_rnk",27.463
"39123051201","tract",2023,"education_state_rnk",21.8126
"39123051202","tract",2023,"education_state_rnk",56.8899
"39123051203","tract",2023,"education_state_rnk",20.8628
"39125960100","tract",2023,"education_state_rnk",62.1378
"39125960200","tract",2023,"education_state_rnk",65.5344
"39125960300","tract",2023,"education_state_rnk",68.9955
"39125960400","tract",2023,"education_state_rnk",76.5776
"39125960500","tract",2023,"education_state_rnk",78.8152
"39127965801","tract",2023,"education_state_rnk",65.3091
"39127965802","tract",2023,"education_state_rnk",22.2151
"39127965901","tract",2023,"education_state_rnk",70.3799
"39127965902","tract",2023,"education_state_rnk",68.4482
"39127966000","tract",2023,"education_state_rnk",78.7186
"39127966100","tract",2023,"education_state_rnk",65.9369
"39127966200","tract",2023,"education_state_rnk",83.0328
"39127966301","tract",2023,"education_state_rnk",87.5241
"39127966302","tract",2023,"education_state_rnk",91.7901
"39129020100","tract",2023,"education_state_rnk",88.6349
"39129020200","tract",2023,"education_state_rnk",86.7514
"39129020310","tract",2023,"education_state_rnk",48.8571
"39129020320","tract",2023,"education_state_rnk",58.9826
"39129020400","tract",2023,"education_state_rnk",83.6124
"39129021101","tract",2023,"education_state_rnk",35.8661
"39129021102","tract",2023,"education_state_rnk",40.792
"39129021201","tract",2023,"education_state_rnk",56.5679
"39129021202","tract",2023,"education_state_rnk",92.0155
"39129021300","tract",2023,"education_state_rnk",NA
"39129021401","tract",2023,"education_state_rnk",40.8886
"39129021403","tract",2023,"education_state_rnk",47.4887
"39129021404","tract",2023,"education_state_rnk",54.5235
"39129021500","tract",2023,"education_state_rnk",71.1043
"39129021600","tract",2023,"education_state_rnk",45.1062
"39129021700","tract",2023,"education_state_rnk",52.4469
"39131952200","tract",2023,"education_state_rnk",87.1217
"39131952300","tract",2023,"education_state_rnk",63.8764
"39131952400","tract",2023,"education_state_rnk",80.6986
"39131952500","tract",2023,"education_state_rnk",65.6149
"39131952601","tract",2023,"education_state_rnk",68.094
"39131952602","tract",2023,"education_state_rnk",54.8133
"39131952700","tract",2023,"education_state_rnk",85.3831
"39133600102","tract",2023,"education_state_rnk",49.501
"39133600103","tract",2023,"education_state_rnk",92.9813
"39133600200","tract",2023,"education_state_rnk",47.8268
"39133600302","tract",2023,"education_state_rnk",11.8319
"39133600303","tract",2023,"education_state_rnk",5.7308
"39133600304","tract",2023,"education_state_rnk",14.7135
"39133600401","tract",2023,"education_state_rnk",11.0592
"39133600402","tract",2023,"education_state_rnk",30.8918
"39133600403","tract",2023,"education_state_rnk",50.2576
"39133600500","tract",2023,"education_state_rnk",30.9884
"39133600602","tract",2023,"education_state_rnk",60.2865
"39133600603","tract",2023,"education_state_rnk",85.4636
"39133600703","tract",2023,"education_state_rnk",48.7283
"39133600704","tract",2023,"education_state_rnk",48.6639
"39133600705","tract",2023,"education_state_rnk",51.642
"39133600706","tract",2023,"education_state_rnk",34.0148
"39133600800","tract",2023,"education_state_rnk",37.669
"39133600901","tract",2023,"education_state_rnk",82.4855
"39133600902","tract",2023,"education_state_rnk",64.5847
"39133601000","tract",2023,"education_state_rnk",54.6362
"39133601100","tract",2023,"education_state_rnk",33.548
"39133601200","tract",2023,"education_state_rnk",24.0663
"39133601300","tract",2023,"education_state_rnk",23.2131
"39133601400","tract",2023,"education_state_rnk",39.4076
"39133601501","tract",2023,"education_state_rnk",18.416
"39133601502","tract",2023,"education_state_rnk",NA
"39133601503","tract",2023,"education_state_rnk",62.6851
"39133601600","tract",2023,"education_state_rnk",28.1552
"39133601702","tract",2023,"education_state_rnk",35.689
"39133601703","tract",2023,"education_state_rnk",22.3921
"39133601704","tract",2023,"education_state_rnk",7.8236
"39133601801","tract",2023,"education_state_rnk",29.0728
"39133601802","tract",2023,"education_state_rnk",35.9627
"39133601901","tract",2023,"education_state_rnk",47.7141
"39133601902","tract",2023,"education_state_rnk",65.132
"39133602000","tract",2023,"education_state_rnk",42.0155
"39133602101","tract",2023,"education_state_rnk",32.0992
"39133602102","tract",2023,"education_state_rnk",36.6388
"39135400100","tract",2023,"education_state_rnk",77.6561
"39135410100","tract",2023,"education_state_rnk",64.5364
"39135420100","tract",2023,"education_state_rnk",70.557
"39135430100","tract",2023,"education_state_rnk",40.5023
"39135440100","tract",2023,"education_state_rnk",47.7624
"39135450100","tract",2023,"education_state_rnk",41.7901
"39135455001","tract",2023,"education_state_rnk",61.6549
"39135455002","tract",2023,"education_state_rnk",46.5873
"39135460100","tract",2023,"education_state_rnk",76.7869
"39135470101","tract",2023,"education_state_rnk",41.452
"39135470102","tract",2023,"education_state_rnk",69.9292
"39135480100","tract",2023,"education_state_rnk",41.5003
"39137030100","tract",2023,"education_state_rnk",79.8777
"39137030200","tract",2023,"education_state_rnk",74.3078
"39137030301","tract",2023,"education_state_rnk",38.6349
"39137030302","tract",2023,"education_state_rnk",37.1217
"39137030400","tract",2023,"education_state_rnk",47.9717
"39137030500","tract",2023,"education_state_rnk",51.2234
"39137030600","tract",2023,"education_state_rnk",43.3677
"39137030700","tract",2023,"education_state_rnk",47.8751
"39139000400","tract",2023,"education_state_rnk",92.2086
"39139000500","tract",2023,"education_state_rnk",90.9208
"39139000600","tract",2023,"education_state_rnk",88.6027
"39139000700","tract",2023,"education_state_rnk",92.3696
"39139000800","tract",2023,"education_state_rnk",90.8564
"39139000900","tract",2023,"education_state_rnk",93.3999
"39139001000","tract",2023,"education_state_rnk",40.953
"39139001100","tract",2023,"education_state_rnk",71.5712
"39139001200","tract",2023,"education_state_rnk",45.4765
"39139001300","tract",2023,"education_state_rnk",27.0927
"39139001400","tract",2023,"education_state_rnk",47.5853
"39139001500","tract",2023,"education_state_rnk",83.1777
"39139001600","tract",2023,"education_state_rnk",96.9092
"39139001700","tract",2023,"education_state_rnk",NA
"39139001800","tract",2023,"education_state_rnk",68.7862
"39139001900","tract",2023,"education_state_rnk",58.8699
"39139002000","tract",2023,"education_state_rnk",49.8712
"39139002101","tract",2023,"education_state_rnk",55.4411
"39139002102","tract",2023,"education_state_rnk",32.2279
"39139002200","tract",2023,"education_state_rnk",43.593
"39139002300","tract",2023,"education_state_rnk",34.8358
"39139002400","tract",2023,"education_state_rnk",61.3007
"39139002500","tract",2023,"education_state_rnk",42.1925
"39139002600","tract",2023,"education_state_rnk",88.6993
"39139002700","tract",2023,"education_state_rnk",60.2865
"39139002800","tract",2023,"education_state_rnk",89.4237
"39139002900","tract",2023,"education_state_rnk",91.9833
"39139003001","tract",2023,"education_state_rnk",66.9189
"39139003002","tract",2023,"education_state_rnk",73.5512
"39139003100","tract",2023,"education_state_rnk",88.6671
"39141955500","tract",2023,"education_state_rnk",57.9684
"39141955603","tract",2023,"education_state_rnk",71.0077
"39141955604","tract",2023,"education_state_rnk",NA
"39141955700","tract",2023,"education_state_rnk",84.2241
"39141955801","tract",2023,"education_state_rnk",50.5795
"39141955802","tract",2023,"education_state_rnk",78.3645
"39141955900","tract",2023,"education_state_rnk",37.0573
"39141956000","tract",2023,"education_state_rnk",28.9923
"39141956100","tract",2023,"education_state_rnk",51.5132
"39141956200","tract",2023,"education_state_rnk",11.51
"39141956300","tract",2023,"education_state_rnk",76.6581
"39141956400","tract",2023,"education_state_rnk",48.2292
"39141956500","tract",2023,"education_state_rnk",66.2267
"39141956600","tract",2023,"education_state_rnk",68.6413
"39141956700","tract",2023,"education_state_rnk",84.9324
"39141956800","tract",2023,"education_state_rnk",78.1069
"39141956900","tract",2023,"education_state_rnk",71.9414
"39143960800","tract",2023,"education_state_rnk",12.8139
"39143960900","tract",2023,"education_state_rnk",24.7424
"39143961000","tract",2023,"education_state_rnk",52.5274
"39143961100","tract",2023,"education_state_rnk",72.4565
"39143961200","tract",2023,"education_state_rnk",39.81
"39143961300","tract",2023,"education_state_rnk",43.7379
"39143961400","tract",2023,"education_state_rnk",67.7721
"39143961500","tract",2023,"education_state_rnk",73.3741
"39143961600","tract",2023,"education_state_rnk",88.8764
"39143961700","tract",2023,"education_state_rnk",64.9549
"39143961800","tract",2023,"education_state_rnk",84.4173
"39143961900","tract",2023,"education_state_rnk",32.4211
"39143962000","tract",2023,"education_state_rnk",48.2936
"39143962100","tract",2023,"education_state_rnk",39.81
"39143962200","tract",2023,"education_state_rnk",66.774
"39145002100","tract",2023,"education_state_rnk",80.1996
"39145002200","tract",2023,"education_state_rnk",68.7862
"39145002300","tract",2023,"education_state_rnk",60.6407
"39145002400","tract",2023,"education_state_rnk",71.2331
"39145002500","tract",2023,"education_state_rnk",57.8719
"39145002600","tract",2023,"education_state_rnk",73.2775
"39145002700","tract",2023,"education_state_rnk",65.4701
"39145002800","tract",2023,"education_state_rnk",60.367
"39145002901","tract",2023,"education_state_rnk",53.9279
"39145002902","tract",2023,"education_state_rnk",18.7379
"39145003000","tract",2023,"education_state_rnk",62.9749
"39145003100","tract",2023,"education_state_rnk",87.2666
"39145003200","tract",2023,"education_state_rnk",92.1603
"39145003300","tract",2023,"education_state_rnk",54.6845
"39145003400","tract",2023,"education_state_rnk",95.1706
"39145003500","tract",2023,"education_state_rnk",96.0077
"39145003600","tract",2023,"education_state_rnk",NA
"39145003700","tract",2023,"education_state_rnk",82.9202
"39145003800","tract",2023,"education_state_rnk",27.7688
"39145003900","tract",2023,"education_state_rnk",65.3091
"39145004000","tract",2023,"education_state_rnk",77.9459
"39147962500","tract",2023,"education_state_rnk",42.9491
"39147962600","tract",2023,"education_state_rnk",61.8158
"39147962700","tract",2023,"education_state_rnk",54.9259
"39147962800","tract",2023,"education_state_rnk",86.9768
"39147962900","tract",2023,"education_state_rnk",86.6388
"39147963000","tract",2023,"education_state_rnk",67.5467
"39147963100","tract",2023,"education_state_rnk",79.5718
"39147963200","tract",2023,"education_state_rnk",74.9034
"39147963300","tract",2023,"education_state_rnk",58.5319
"39147963400","tract",2023,"education_state_rnk",79.8777
"39147963500","tract",2023,"education_state_rnk",52.8815
"39147963600","tract",2023,"education_state_rnk",31.3426
"39147963700","tract",2023,"education_state_rnk",13.7315
"39147963800","tract",2023,"education_state_rnk",51.8674
"39149971400","tract",2023,"education_state_rnk",48.4385
"39149971500","tract",2023,"education_state_rnk",58.1777
"39149971600","tract",2023,"education_state_rnk",47.1829
"39149971700","tract",2023,"education_state_rnk",60.5602
"39149971800","tract",2023,"education_state_rnk",89.7618
"39149971900","tract",2023,"education_state_rnk",58.9504
"39149972000","tract",2023,"education_state_rnk",86.4134
"39149972100","tract",2023,"education_state_rnk",39.6169
"39149972200","tract",2023,"education_state_rnk",28.0747
"39149972300","tract",2023,"education_state_rnk",64.1017
"39151700100","tract",2023,"education_state_rnk",75.0644
"39151700200","tract",2023,"education_state_rnk",82.3245
"39151700300","tract",2023,"education_state_rnk",98.7766
"39151700400","tract",2023,"education_state_rnk",69.6394
"39151700500","tract",2023,"education_state_rnk",94.5911
"39151700600","tract",2023,"education_state_rnk",59.9163
"39151700701","tract",2023,"education_state_rnk",21.1687
"39151700702","tract",2023,"education_state_rnk",59.5782
"39151700800","tract",2023,"education_state_rnk",72.0219
"39151701000","tract",2023,"education_state_rnk",90.7276
"39151701100","tract",2023,"education_state_rnk",46.4907
"39151701200","tract",2023,"education_state_rnk",77.5596
"39151701300","tract",2023,"education_state_rnk",66.5969
"39151701500","tract",2023,"education_state_rnk",98.358
"39151701700","tract",2023,"education_state_rnk",98.7444
"39151701800","tract",2023,"education_state_rnk",93.1423
"39151702100","tract",2023,"education_state_rnk",75.66
"39151702300","tract",2023,"education_state_rnk",98.6156
"39151702500","tract",2023,"education_state_rnk",82.2762
"39151710200","tract",2023,"education_state_rnk",74.7424
"39151710300","tract",2023,"education_state_rnk",66.6774
"39151710400","tract",2023,"education_state_rnk",95.0097
"39151710500","tract",2023,"education_state_rnk",93.0779
"39151710600","tract",2023,"education_state_rnk",33.5158
"39151710700","tract",2023,"education_state_rnk",64.4881
"39151710800","tract",2023,"education_state_rnk",36.7836
"39151710900","tract",2023,"education_state_rnk",64.6652
"39151711001","tract",2023,"education_state_rnk",73.9536
"39151711002","tract",2023,"education_state_rnk",48.5512
"39151711111","tract",2023,"education_state_rnk",26.4649
"39151711112","tract",2023,"education_state_rnk",37.1861
"39151711121","tract",2023,"education_state_rnk",37.2505
"39151711122","tract",2023,"education_state_rnk",11.9124
"39151711202","tract",2023,"education_state_rnk",33.9021
"39151711211","tract",2023,"education_state_rnk",31.2782
"39151711212","tract",2023,"education_state_rnk",16.935
"39151711312","tract",2023,"education_state_rnk",18.3516
"39151711321","tract",2023,"education_state_rnk",27.302
"39151711322","tract",2023,"education_state_rnk",24.0019
"39151711323","tract",2023,"education_state_rnk",27.0444
"39151711324","tract",2023,"education_state_rnk",27.5274
"39151711402","tract",2023,"education_state_rnk",28.1069
"39151711411","tract",2023,"education_state_rnk",16.275
"39151711412","tract",2023,"education_state_rnk",30.3284
"39151711501","tract",2023,"education_state_rnk",44.0277
"39151711502","tract",2023,"education_state_rnk",19.6233
"39151711600","tract",2023,"education_state_rnk",55.0386
"39151711700","tract",2023,"education_state_rnk",57.244
"39151711800","tract",2023,"education_state_rnk",44.2692
"39151711900","tract",2023,"education_state_rnk",22.7302
"39151712000","tract",2023,"education_state_rnk",19.1887
"39151712102","tract",2023,"education_state_rnk",12.1378
"39151712112","tract",2023,"education_state_rnk",8.4353
"39151712113","tract",2023,"education_state_rnk",14.8905
"39151712114","tract",2023,"education_state_rnk",22.7946
"39151712201","tract",2023,"education_state_rnk",29.9581
"39151712202","tract",2023,"education_state_rnk",25.2093
"39151712300","tract",2023,"education_state_rnk",52.801
"39151712400","tract",2023,"education_state_rnk",68.3033
"39151712500","tract",2023,"education_state_rnk",46.6516
"39151712601","tract",2023,"education_state_rnk",65.7759
"39151712602","tract",2023,"education_state_rnk",58.4031
"39151712700","tract",2023,"education_state_rnk",49.4527
"39151712800","tract",2023,"education_state_rnk",46.8126
"39151712900","tract",2023,"education_state_rnk",66.5164
"39151713000","tract",2023,"education_state_rnk",16.2106
"39151713100","tract",2023,"education_state_rnk",46.7643
"39151713201","tract",2023,"education_state_rnk",68.6413
"39151713202","tract",2023,"education_state_rnk",44.237
"39151713300","tract",2023,"education_state_rnk",58.4997
"39151713401","tract",2023,"education_state_rnk",62.7495
"39151713402","tract",2023,"education_state_rnk",39.5686
"39151713501","tract",2023,"education_state_rnk",42.2569
"39151713502","tract",2023,"education_state_rnk",75.9176
"39151713600","tract",2023,"education_state_rnk",24.2434
"39151713700","tract",2023,"education_state_rnk",44.4945
"39151713900","tract",2023,"education_state_rnk",54.2015
"39151714000","tract",2023,"education_state_rnk",35.528
"39151714100","tract",2023,"education_state_rnk",62.4276
"39151714200","tract",2023,"education_state_rnk",87.9427
"39151714302","tract",2023,"education_state_rnk",69.1243
"39151714400","tract",2023,"education_state_rnk",60.4153
"39151714600","tract",2023,"education_state_rnk",52.0605
"39151714701","tract",2023,"education_state_rnk",49.1468
"39151714702","tract",2023,"education_state_rnk",57.1636
"39151714801","tract",2023,"education_state_rnk",91.6935
"39151714802","tract",2023,"education_state_rnk",43.5448
"39151714901","tract",2023,"education_state_rnk",50.3542
"39151714902","tract",2023,"education_state_rnk",86.3812
"39151715000","tract",2023,"education_state_rnk",43.4643
"39153501100","tract",2023,"education_state_rnk",87.5885
"39153501700","tract",2023,"education_state_rnk",87.4115
"39153501800","tract",2023,"education_state_rnk",79.942
"39153501900","tract",2023,"education_state_rnk",57.2923
"39153502101","tract",2023,"education_state_rnk",99.1307
"39153502102","tract",2023,"education_state_rnk",86.3329
"39153502200","tract",2023,"education_state_rnk",97.0702
"39153502300","tract",2023,"education_state_rnk",53.4932
"39153502500","tract",2023,"education_state_rnk",19.1243
"39153502600","tract",2023,"education_state_rnk",95.0741
"39153502700","tract",2023,"education_state_rnk",72.7302
"39153502800","tract",2023,"education_state_rnk",40.2608
"39153503100","tract",2023,"education_state_rnk",92.7882
"39153503200","tract",2023,"education_state_rnk",94.8487
"39153503300","tract",2023,"education_state_rnk",82.7109
"39153503400","tract",2023,"education_state_rnk",82.0992
"39153503500","tract",2023,"education_state_rnk",81.6323
"39153503600","tract",2023,"education_state_rnk",70.7019
"39153503701","tract",2023,"education_state_rnk",65.6149
"39153503702","tract",2023,"education_state_rnk",32.888
"39153503800","tract",2023,"education_state_rnk",78.1874
"39153504100","tract",2023,"education_state_rnk",70.557
"39153504200","tract",2023,"education_state_rnk",84.9968
"39153504400","tract",2023,"education_state_rnk",62.3149
"39153504500","tract",2023,"education_state_rnk",92.3213
"39153504600","tract",2023,"education_state_rnk",88.9891
"39153504700","tract",2023,"education_state_rnk",54.2498
"39153504800","tract",2023,"education_state_rnk",52.7527
"39153505200","tract",2023,"education_state_rnk",89.0534
"39153505300","tract",2023,"education_state_rnk",99.6137
"39153505400","tract",2023,"education_state_rnk",82.0509
"39153505500","tract",2023,"education_state_rnk",81.9865
"39153505600","tract",2023,"education_state_rnk",93.3677
"39153505700","tract",2023,"education_state_rnk",94.5589
"39153505800","tract",2023,"education_state_rnk",44.414
"39153505900","tract",2023,"education_state_rnk",74.5654
"39153506100","tract",2023,"education_state_rnk",13.1842
"39153506200","tract",2023,"education_state_rnk",42.2569
"39153506400","tract",2023,"education_state_rnk",11.4295
"39153506500","tract",2023,"education_state_rnk",98.1005
"39153506600","tract",2023,"education_state_rnk",67.7399
"39153506700","tract",2023,"education_state_rnk",86.5744
"39153506800","tract",2023,"education_state_rnk",NA
"39153507101","tract",2023,"education_state_rnk",12.7817
"39153507102","tract",2023,"education_state_rnk",4.4269
"39153507201","tract",2023,"education_state_rnk",9.4173
"39153507202","tract",2023,"education_state_rnk",6.4713
"39153507203","tract",2023,"education_state_rnk",17.7077
"39153507300","tract",2023,"education_state_rnk",4.1211
"39153507400","tract",2023,"education_state_rnk",95.4926
"39153507501","tract",2023,"education_state_rnk",2.8976
"39153507502","tract",2023,"education_state_rnk",97.1668
"39153507600","tract",2023,"education_state_rnk",92.3213
"39153508000","tract",2023,"education_state_rnk",20.2028
"39153508301","tract",2023,"education_state_rnk",60.4958
"39153508399","tract",2023,"education_state_rnk",82.8719
"39153508600","tract",2023,"education_state_rnk",85.8017
"39153508800","tract",2023,"education_state_rnk",67.6111
"39153508900","tract",2023,"education_state_rnk",NA
"39153509000","tract",2023,"education_state_rnk",90.4379
"39153510100","tract",2023,"education_state_rnk",91.0496
"39153510200","tract",2023,"education_state_rnk",67.3696
"39153510301","tract",2023,"education_state_rnk",84.6909
"39153510302","tract",2023,"education_state_rnk",15.5827
"39153510400","tract",2023,"education_state_rnk",55.7791
"39153510500","tract",2023,"education_state_rnk",85.5119
"39153520103","tract",2023,"education_state_rnk",68.5287
"39153520104","tract",2023,"education_state_rnk",37.508
"39153520105","tract",2023,"education_state_rnk",48.02
"39153520106","tract",2023,"education_state_rnk",10.367
"39153520201","tract",2023,"education_state_rnk",4.604
"39153520202","tract",2023,"education_state_rnk",50.4668
"39153520301","tract",2023,"education_state_rnk",9.6587
"39153520302","tract",2023,"education_state_rnk",7.7592
"39153520400","tract",2023,"education_state_rnk",30.7147
"39153520500","tract",2023,"education_state_rnk",28.2035
"39153520600","tract",2023,"education_state_rnk",32.727
"39153530101","tract",2023,"education_state_rnk",8.725
"39153530103","tract",2023,"education_state_rnk",30.9884
"39153530104","tract",2023,"education_state_rnk",18.5769
"39153530105","tract",2023,"education_state_rnk",25.7888
"39153530108","tract",2023,"education_state_rnk",16.8223
"39153530401","tract",2023,"education_state_rnk",37.9749
"39153530402","tract",2023,"education_state_rnk",27.4147
"39153530501","tract",2023,"education_state_rnk",25.9176
"39153530502","tract",2023,"education_state_rnk",36.8963
"39153530603","tract",2023,"education_state_rnk",22.0863
"39153530604","tract",2023,"education_state_rnk",14.0695
"39153530605","tract",2023,"education_state_rnk",23.9214
"39153530606","tract",2023,"education_state_rnk",16.0657
"39153530700","tract",2023,"education_state_rnk",6.4392
"39153530800","tract",2023,"education_state_rnk",11.2363
"39153530901","tract",2023,"education_state_rnk",32.2279
"39153530902","tract",2023,"education_state_rnk",55.4411
"39153530903","tract",2023,"education_state_rnk",25.6278
"39153531001","tract",2023,"education_state_rnk",36.1397
"39153531002","tract",2023,"education_state_rnk",66.6774
"39153531101","tract",2023,"education_state_rnk",59.4173
"39153531102","tract",2023,"education_state_rnk",32.3889
"39153531103","tract",2023,"education_state_rnk",43.0457
"39153531405","tract",2023,"education_state_rnk",59.0148
"39153531406","tract",2023,"education_state_rnk",19.3496
"39153531407","tract",2023,"education_state_rnk",41.1623
"39153531501","tract",2023,"education_state_rnk",67.273
"39153531502","tract",2023,"education_state_rnk",23.1809
"39153531601","tract",2023,"education_state_rnk",18.8345
"39153531602","tract",2023,"education_state_rnk",32.7914
"39153531701","tract",2023,"education_state_rnk",24.4688
"39153531702","tract",2023,"education_state_rnk",37.9749
"39153531801","tract",2023,"education_state_rnk",9.9163
"39153531802","tract",2023,"education_state_rnk",30.4089
"39153532001","tract",2023,"education_state_rnk",46.9575
"39153532003","tract",2023,"education_state_rnk",39.9227
"39153532004","tract",2023,"education_state_rnk",26.7547
"39153532202","tract",2023,"education_state_rnk",7.1958
"39153532301","tract",2023,"education_state_rnk",10.2543
"39153532302","tract",2023,"education_state_rnk",16.9994
"39153532501","tract",2023,"education_state_rnk",2.1571
"39153532502","tract",2023,"education_state_rnk",6.1172
"39153532600","tract",2023,"education_state_rnk",16.452
"39153532701","tract",2023,"education_state_rnk",12.2183
"39153532702","tract",2023,"education_state_rnk",51.159
"39153532703","tract",2023,"education_state_rnk",18.1101
"39153532705","tract",2023,"education_state_rnk",13.5383
"39153532706","tract",2023,"education_state_rnk",2.8171
"39153532708","tract",2023,"education_state_rnk",27.4147
"39153532901","tract",2023,"education_state_rnk",14.4237
"39153532902","tract",2023,"education_state_rnk",23.6961
"39153532999","tract",2023,"education_state_rnk",13.6349
"39153533000","tract",2023,"education_state_rnk",81.4552
"39153533101","tract",2023,"education_state_rnk",13.0232
"39153533102","tract",2023,"education_state_rnk",6.2782
"39153533200","tract",2023,"education_state_rnk",15.1642
"39153533400","tract",2023,"education_state_rnk",17.1603
"39153533501","tract",2023,"education_state_rnk",2.2537
"39153533502","tract",2023,"education_state_rnk",18.1745
"39153534000","tract",2023,"education_state_rnk",6.7289
"39153534100","tract",2023,"education_state_rnk",4.8616
"39155920300","tract",2023,"education_state_rnk",81.7128
"39155920400","tract",2023,"education_state_rnk",95.6214
"39155920700","tract",2023,"education_state_rnk",NA
"39155920800","tract",2023,"education_state_rnk",87.7334
"39155920900","tract",2023,"education_state_rnk",93.7057
"39155921000","tract",2023,"education_state_rnk",76.8674
"39155921100","tract",2023,"education_state_rnk",52.2859
"39155921200","tract",2023,"education_state_rnk",83.4192
"39155921300","tract",2023,"education_state_rnk",77.8332
"39155921400","tract",2023,"education_state_rnk",57.5016
"39155921500","tract",2023,"education_state_rnk",52.3342
"39155921600","tract",2023,"education_state_rnk",90.6632
"39155930101","tract",2023,"education_state_rnk",77.1088
"39155930102","tract",2023,"education_state_rnk",61.3812
"39155930200","tract",2023,"education_state_rnk",93.3033
"39155930300","tract",2023,"education_state_rnk",76.8191
"39155930400","tract",2023,"education_state_rnk",88.0071
"39155930500","tract",2023,"education_state_rnk",99.8068
"39155930600","tract",2023,"education_state_rnk",90.7598
"39155930700","tract",2023,"education_state_rnk",59.868
"39155930800","tract",2023,"education_state_rnk",57.8719
"39155930900","tract",2023,"education_state_rnk",33.3226
"39155931000","tract",2023,"education_state_rnk",40.0354
"39155931100","tract",2023,"education_state_rnk",16.613
"39155931200","tract",2023,"education_state_rnk",35.4636
"39155931300","tract",2023,"education_state_rnk",34.9968
"39155931400","tract",2023,"education_state_rnk",70.7985
"39155931500","tract",2023,"education_state_rnk",51.7225
"39155931601","tract",2023,"education_state_rnk",43.8828
"39155931602","tract",2023,"education_state_rnk",55.9401
"39155931700","tract",2023,"education_state_rnk",53.9923
"39155931900","tract",2023,"education_state_rnk",35.0934
"39155932000","tract",2023,"education_state_rnk",49.1468
"39155932200","tract",2023,"education_state_rnk",50.0644
"39155932300","tract",2023,"education_state_rnk",56.1655
"39155932500","tract",2023,"education_state_rnk",53.123
"39155932600","tract",2023,"education_state_rnk",43.6735
"39155932701","tract",2023,"education_state_rnk",53.5898
"39155932702","tract",2023,"education_state_rnk",40.631
"39155932801","tract",2023,"education_state_rnk",43.6735
"39155932802","tract",2023,"education_state_rnk",91.5164
"39155932900","tract",2023,"education_state_rnk",40.7598
"39155933001","tract",2023,"education_state_rnk",21.3458
"39155933002","tract",2023,"education_state_rnk",31.7611
"39155933100","tract",2023,"education_state_rnk",76.8674
"39155933301","tract",2023,"education_state_rnk",49.34
"39155933302","tract",2023,"education_state_rnk",38.7798
"39155933400","tract",2023,"education_state_rnk",75.5473
"39155933500","tract",2023,"education_state_rnk",64.7618
"39155933600","tract",2023,"education_state_rnk",35.1417
"39155933700","tract",2023,"education_state_rnk",44.5267
"39155933800","tract",2023,"education_state_rnk",80.425
"39155933900","tract",2023,"education_state_rnk",87.5241
"39155934000","tract",2023,"education_state_rnk",95.396
"39157020100","tract",2023,"education_state_rnk",82.5177
"39157020200","tract",2023,"education_state_rnk",15.4218
"39157020300","tract",2023,"education_state_rnk",32.3084
"39157020400","tract",2023,"education_state_rnk",87.8622
"39157020500","tract",2023,"education_state_rnk",96.8448
"39157020600","tract",2023,"education_state_rnk",65.4218
"39157020700","tract",2023,"education_state_rnk",59.1436
"39157020801","tract",2023,"education_state_rnk",85.1417
"39157020802","tract",2023,"education_state_rnk",58.3387
"39157020900","tract",2023,"education_state_rnk",26.2234
"39157021000","tract",2023,"education_state_rnk",34.2885
"39157021100","tract",2023,"education_state_rnk",53.0103
"39157021200","tract",2023,"education_state_rnk",82.7431
"39157021300","tract",2023,"education_state_rnk",97.7785
"39157021400","tract",2023,"education_state_rnk",95.2672
"39157021501","tract",2023,"education_state_rnk",41.6291
"39157021502","tract",2023,"education_state_rnk",42.4662
"39157021503","tract",2023,"education_state_rnk",51.803
"39157021600","tract",2023,"education_state_rnk",83.5802
"39157021700","tract",2023,"education_state_rnk",54.604
"39157021800","tract",2023,"education_state_rnk",60.689
"39157021900","tract",2023,"education_state_rnk",49.678
"39157022001","tract",2023,"education_state_rnk",73.0039
"39157022002","tract",2023,"education_state_rnk",87.9427
"39159050100","tract",2023,"education_state_rnk",63.0876
"39159050200","tract",2023,"education_state_rnk",54.4752
"39159050301","tract",2023,"education_state_rnk",30.0064
"39159050303","tract",2023,"education_state_rnk",28.0425
"39159050304","tract",2023,"education_state_rnk",21.8931
"39159050401","tract",2023,"education_state_rnk",NA
"39159050402","tract",2023,"education_state_rnk",13.7959
"39159050501","tract",2023,"education_state_rnk",13.5866
"39159050502","tract",2023,"education_state_rnk",83.9021
"39159050601","tract",2023,"education_state_rnk",12.0734
"39159050602","tract",2023,"education_state_rnk",24.0663
"39159050701","tract",2023,"education_state_rnk",7.888
"39159050702","tract",2023,"education_state_rnk",38.5544
"39161020100","tract",2023,"education_state_rnk",46.1043
"39161020200","tract",2023,"education_state_rnk",60.6407
"39161020300","tract",2023,"education_state_rnk",67.1603
"39161020400","tract",2023,"education_state_rnk",60.8017
"39161020500","tract",2023,"education_state_rnk",47.376
"39161020600","tract",2023,"education_state_rnk",92.6594
"39161020700","tract",2023,"education_state_rnk",73.3419
"39161020800","tract",2023,"education_state_rnk",55.2801
"39161020900","tract",2023,"education_state_rnk",44.5589
"39163953000","tract",2023,"education_state_rnk",75.7566
"39163953100","tract",2023,"education_state_rnk",68.3516
"39163953200","tract",2023,"education_state_rnk",85.9948
"39165030101","tract",2023,"education_state_rnk",70.0901
"39165030102","tract",2023,"education_state_rnk",85.6729
"39165030200","tract",2023,"education_state_rnk",61.6549
"39165030501","tract",2023,"education_state_rnk",84.8519
"39165030503","tract",2023,"education_state_rnk",31.4552
"39165030504","tract",2023,"education_state_rnk",17.7077
"39165030600","tract",2023,"education_state_rnk",34.546
"39165030700","tract",2023,"education_state_rnk",36.6066
"39165030800","tract",2023,"education_state_rnk",50.8049
"39165030901","tract",2023,"education_state_rnk",35.528
"39165030902","tract",2023,"education_state_rnk",6.085
"39165031001","tract",2023,"education_state_rnk",43.4643
"39165031002","tract",2023,"education_state_rnk",8.5319
"39165031100","tract",2023,"education_state_rnk",28.7025
"39165031200","tract",2023,"education_state_rnk",33.0328
"39165031300","tract",2023,"education_state_rnk",49.8712
"39165031400","tract",2023,"education_state_rnk",47.9395
"39165031500","tract",2023,"education_state_rnk",24.5493
"39165031601","tract",2023,"education_state_rnk",54.3786
"39165031602","tract",2023,"education_state_rnk",27.7044
"39165031603","tract",2023,"education_state_rnk",20.4443
"39165031700","tract",2023,"education_state_rnk",NA
"39165031904","tract",2023,"education_state_rnk",31.3426
"39165031905","tract",2023,"education_state_rnk",21.3136
"39165031906","tract",2023,"education_state_rnk",4.3464
"39165031907","tract",2023,"education_state_rnk",26.5937
"39165031908","tract",2023,"education_state_rnk",3.3162
"39165032003","tract",2023,"education_state_rnk",9.9646
"39165032004","tract",2023,"education_state_rnk",5.1996
"39165032006","tract",2023,"education_state_rnk",4.0567
"39165032008","tract",2023,"education_state_rnk",2.2859
"39165032009","tract",2023,"education_state_rnk",6.1494
"39165032010","tract",2023,"education_state_rnk",10.8661
"39165032011","tract",2023,"education_state_rnk",3.8313
"39165032100","tract",2023,"education_state_rnk",44.1726
"39165032202","tract",2023,"education_state_rnk",14.6169
"39165032203","tract",2023,"education_state_rnk",36.027
"39165032204","tract",2023,"education_state_rnk",12.0734
"39165032205","tract",2023,"education_state_rnk",13.3934
"39165032206","tract",2023,"education_state_rnk",26.4971
"39165032300","tract",2023,"education_state_rnk",35.19
"39165032400","tract",2023,"education_state_rnk",38.2486
"39165032501","tract",2023,"education_state_rnk",65.0032
"39165032502","tract",2023,"education_state_rnk",39.1178
"39167020101","tract",2023,"education_state_rnk",60.8983
"39167020102","tract",2023,"education_state_rnk",81.584
"39167020201","tract",2023,"education_state_rnk",28.4932
"39167020202","tract",2023,"education_state_rnk",62.7173
"39167020300","tract",2023,"education_state_rnk",26.5937
"39167020400","tract",2023,"education_state_rnk",37.8783
"39167020500","tract",2023,"education_state_rnk",NA
"39167020800","tract",2023,"education_state_rnk",53.6381
"39167020900","tract",2023,"education_state_rnk",24.9195
"39167021000","tract",2023,"education_state_rnk",53.3484
"39167021100","tract",2023,"education_state_rnk",52.2376
"39167021201","tract",2023,"education_state_rnk",72.9556
"39167021202","tract",2023,"education_state_rnk",71.6999
"39167021300","tract",2023,"education_state_rnk",73.1005
"39167021400","tract",2023,"education_state_rnk",46.0238
"39167021500","tract",2023,"education_state_rnk",20.0741
"39167021600","tract",2023,"education_state_rnk",52.6079
"39167021700","tract",2023,"education_state_rnk",53.4127
"39169000100","tract",2023,"education_state_rnk",68.7379
"39169000200","tract",2023,"education_state_rnk",21.4585
"39169000300","tract",2023,"education_state_rnk",30.7469
"39169000500","tract",2023,"education_state_rnk",55.0386
"39169000600","tract",2023,"education_state_rnk",48.3902
"39169000700","tract",2023,"education_state_rnk",24.7907
"39169000800","tract",2023,"education_state_rnk",30.9401
"39169000900","tract",2023,"education_state_rnk",31.5679
"39169001000","tract",2023,"education_state_rnk",63.1359
"39169001100","tract",2023,"education_state_rnk",43.8023
"39169001200","tract",2023,"education_state_rnk",69.0277
"39169001300","tract",2023,"education_state_rnk",69.5106
"39169001400","tract",2023,"education_state_rnk",99.1629
"39169001700","tract",2023,"education_state_rnk",99.9356
"39169001800","tract",2023,"education_state_rnk",99.0341
"39169001900","tract",2023,"education_state_rnk",89.0856
"39169002000","tract",2023,"education_state_rnk",75.322
"39169002100","tract",2023,"education_state_rnk",62.9749
"39169002200","tract",2023,"education_state_rnk",80.8435
"39169002300","tract",2023,"education_state_rnk",52.1893
"39169002400","tract",2023,"education_state_rnk",55.4411
"39169002500","tract",2023,"education_state_rnk",79.2337
"39169002901","tract",2023,"education_state_rnk",59.6265
"39169002902","tract",2023,"education_state_rnk",90.9691
"39169003000","tract",2023,"education_state_rnk",63.0876
"39169003100","tract",2023,"education_state_rnk",68.1262
"39169003200","tract",2023,"education_state_rnk",71.0077
"39169003300","tract",2023,"education_state_rnk",99.3561
"39169003400","tract",2023,"education_state_rnk",66.0657
"39169003500","tract",2023,"education_state_rnk",85.5763
"39169003700","tract",2023,"education_state_rnk",99.4849
"39169980000","tract",2023,"education_state_rnk",NA
"39171950100","tract",2023,"education_state_rnk",75.0644
"39171950200","tract",2023,"education_state_rnk",61.7675
"39171950300","tract",2023,"education_state_rnk",80.8757
"39171950400","tract",2023,"education_state_rnk",65.6149
"39171950500","tract",2023,"education_state_rnk",69.0599
"39171950600","tract",2023,"education_state_rnk",75.1288
"39171950700","tract",2023,"education_state_rnk",54.9259
"39171950800","tract",2023,"education_state_rnk",49.34
"39171950900","tract",2023,"education_state_rnk",78.9279
"39173020100","tract",2023,"education_state_rnk",66.0657
"39173020200","tract",2023,"education_state_rnk",27.6401
"39173020300","tract",2023,"education_state_rnk",17.3213
"39173020401","tract",2023,"education_state_rnk",14.1339
"39173020402","tract",2023,"education_state_rnk",32.4533
"39173020500","tract",2023,"education_state_rnk",11.9768
"39173020601","tract",2023,"education_state_rnk",33.5963
"39173020602","tract",2023,"education_state_rnk",8.3226
"39173020701","tract",2023,"education_state_rnk",13.1037
"39173020702","tract",2023,"education_state_rnk",49.0663
"39173020800","tract",2023,"education_state_rnk",43.8828
"39173020901","tract",2023,"education_state_rnk",31.3909
"39173020902","tract",2023,"education_state_rnk",71.6516
"39173021000","tract",2023,"education_state_rnk",43.5448
"39173021100","tract",2023,"education_state_rnk",46.0238
"39173021200","tract",2023,"education_state_rnk",23.0683
"39173021300","tract",2023,"education_state_rnk",39.8583
"39173021400","tract",2023,"education_state_rnk",69.8326
"39173021500","tract",2023,"education_state_rnk",55.9401
"39173021601","tract",2023,"education_state_rnk",23.0039
"39173021602","tract",2023,"education_state_rnk",40.6954
"39173021701","tract",2023,"education_state_rnk",67.6111
"39173021702","tract",2023,"education_state_rnk",25.5312
"39173021800","tract",2023,"education_state_rnk",NA
"39173021901","tract",2023,"education_state_rnk",7.4694
"39173021902","tract",2023,"education_state_rnk",79.7972
"39173022100","tract",2023,"education_state_rnk",81.1977
"39173022200","tract",2023,"education_state_rnk",49.2273
"39173022300","tract",2023,"education_state_rnk",81.8899
"39173022400","tract",2023,"education_state_rnk",80.6986
"39173022500","tract",2023,"education_state_rnk",60.8983
"39175938000","tract",2023,"education_state_rnk",61.0753
"39175938100","tract",2023,"education_state_rnk",76.4005
"39175938200","tract",2023,"education_state_rnk",50.8854
"39175938300","tract",2023,"education_state_rnk",32.5177
"39175938400","tract",2023,"education_state_rnk",55.8596
"39175938500","tract",2023,"education_state_rnk",63.6993
