"geoid","geolevel","year","level","value"
"05001480100","tract",2023,"education_score",94.82
"05001480200","tract",2023,"education_score",87.7
"05001480300","tract",2023,"education_score",103.5
"05001480400","tract",2023,"education_score",95.71
"05001480500","tract",2023,"education_score",93.22
"05001480600","tract",2023,"education_score",95.38
"05001480700","tract",2023,"education_score",73.17
"05001480800","tract",2023,"education_score",97.08
"05003960100","tract",2023,"education_score",80.87
"05003960200","tract",2023,"education_score",NA
"05003960300","tract",2023,"education_score",78.78
"05003960400","tract",2023,"education_score",NA
"05003960500","tract",2023,"education_score",NA
"05003960600","tract",2023,"education_score",94.45
"05003960700","tract",2023,"education_score",NA
"05005950100","tract",2023,"education_score",85.24
"05005950200","tract",2023,"education_score",NA
"05005950300","tract",2023,"education_score",95.49
"05005950400","tract",2023,"education_score",97.43
"05005950500","tract",2023,"education_score",93.83
"05005950600","tract",2023,"education_score",NA
"05005950700","tract",2023,"education_score",NA
"05005950801","tract",2023,"education_score",NA
"05005950802","tract",2023,"education_score",NA
"05005950900","tract",2023,"education_score",86.17
"05007020102","tract",2023,"education_score",102.42
"05007020103","tract",2023,"education_score",100.41
"05007020104","tract",2023,"education_score",95.73
"05007020201","tract",2023,"education_score",79.43
"05007020203","tract",2023,"education_score",100.7
"05007020205","tract",2023,"education_score",72.01
"05007020206","tract",2023,"education_score",60.52
"05007020301","tract",2023,"education_score",81.1
"05007020302","tract",2023,"education_score",91.77
"05007020304","tract",2023,"education_score",99.7
"05007020305","tract",2023,"education_score",94.67
"05007020401","tract",2023,"education_score",107.93
"05007020402","tract",2023,"education_score",87.47
"05007020404","tract",2023,"education_score",82.37
"05007020405","tract",2023,"education_score",110.17
"05007020501","tract",2023,"education_score",112.36
"05007020503","tract",2023,"education_score",104.88
"05007020504","tract",2023,"education_score",88.21
"05007020604","tract",2023,"education_score",105.22
"05007020605","tract",2023,"education_score",106.7
"05007020606","tract",2023,"education_score",115.32
"05007020607","tract",2023,"education_score",121.64
"05007020608","tract",2023,"education_score",110.38
"05007020701","tract",2023,"education_score",106.94
"05007020703","tract",2023,"education_score",120.69
"05007020704","tract",2023,"education_score",109.29
"05007020801","tract",2023,"education_score",112.84
"05007020803","tract",2023,"education_score",115.45
"05007020805","tract",2023,"education_score",115.16
"05007020806","tract",2023,"education_score",114.17
"05007020903","tract",2023,"education_score",117.99
"05007020904","tract",2023,"education_score",109.85
"05007020905","tract",2023,"education_score",98.17
"05007020906","tract",2023,"education_score",108.86
"05007021001","tract",2023,"education_score",80.13
"05007021003","tract",2023,"education_score",84.83
"05007021004","tract",2023,"education_score",88.96
"05007021101","tract",2023,"education_score",84.15
"05007021102","tract",2023,"education_score",68.82
"05007021201","tract",2023,"education_score",98.72
"05007021202","tract",2023,"education_score",78.28
"05007021304","tract",2023,"education_score",117.69
"05007021305","tract",2023,"education_score",111.45
"05007021306","tract",2023,"education_score",126.84
"05007021308","tract",2023,"education_score",125.41
"05007021312","tract",2023,"education_score",103.17
"05007021313","tract",2023,"education_score",104.45
"05007021314","tract",2023,"education_score",99.9
"05007021315","tract",2023,"education_score",109.27
"05007021316","tract",2023,"education_score",113.35
"05007021317","tract",2023,"education_score",114.17
"05007021404","tract",2023,"education_score",83.38
"05007021405","tract",2023,"education_score",105.69
"05007021406","tract",2023,"education_score",80.67
"05007021407","tract",2023,"education_score",104.35
"05007021408","tract",2023,"education_score",80.51
"05007021409","tract",2023,"education_score",110.27
"05009790100","tract",2023,"education_score",103.73
"05009790200","tract",2023,"education_score",85.62
"05009790300","tract",2023,"education_score",93.23
"05009790400","tract",2023,"education_score",92.93
"05009790501","tract",2023,"education_score",94.58
"05009790502","tract",2023,"education_score",91.14
"05009790600","tract",2023,"education_score",91.96
"05011950100","tract",2023,"education_score",88.2
"05011950200","tract",2023,"education_score",NA
"05011950300","tract",2023,"education_score",NA
"05011950400","tract",2023,"education_score",NA
"05011950500","tract",2023,"education_score",88.18
"05013480100","tract",2023,"education_score",86.26
"05013480200","tract",2023,"education_score",79.38
"05015950100","tract",2023,"education_score",105.29
"05015950201","tract",2023,"education_score",107.49
"05015950202","tract",2023,"education_score",98.4
"05015950301","tract",2023,"education_score",70.56
"05015950302","tract",2023,"education_score",68.08
"05015950400","tract",2023,"education_score",78.57
"05015950501","tract",2023,"education_score",86.5
"05015950502","tract",2023,"education_score",54.11
"05017080100","tract",2023,"education_score",85.7
"05017080200","tract",2023,"education_score",79.76
"05017080300","tract",2023,"education_score",77.27
"05017080400","tract",2023,"education_score",78.7
"05019953601","tract",2023,"education_score",NA
"05019953602","tract",2023,"education_score",NA
"05019953700","tract",2023,"education_score",NA
"05019953800","tract",2023,"education_score",88.55
"05019953901","tract",2023,"education_score",NA
"05019953902","tract",2023,"education_score",72.98
"05021950100","tract",2023,"education_score",NA
"05021950200","tract",2023,"education_score",NA
"05021950300","tract",2023,"education_score",NA
"05021950400","tract",2023,"education_score",86.93
"05021950500","tract",2023,"education_score",82.31
"05021950600","tract",2023,"education_score",93.98
"05023480100","tract",2023,"education_score",78.83
"05023480201","tract",2023,"education_score",NA
"05023480203","tract",2023,"education_score",83.09
"05023480204","tract",2023,"education_score",NA
"05023480301","tract",2023,"education_score",NA
"05023480302","tract",2023,"education_score",97.66
"05023480400","tract",2023,"education_score",NA
"05023480501","tract",2023,"education_score",NA
"05023480502","tract",2023,"education_score",91.38
"05025970100","tract",2023,"education_score",89.64
"05025970200","tract",2023,"education_score",NA
"05027950100","tract",2023,"education_score",88.61
"05027950200","tract",2023,"education_score",NA
"05027950301","tract",2023,"education_score",NA
"05027950302","tract",2023,"education_score",105.37
"05027950401","tract",2023,"education_score",NA
"05027950402","tract",2023,"education_score",75.68
"05027950500","tract",2023,"education_score",108.03
"05029950100","tract",2023,"education_score",95.77
"05029950200","tract",2023,"education_score",93.56
"05029950300","tract",2023,"education_score",90.57
"05029950400","tract",2023,"education_score",103.22
"05029950500","tract",2023,"education_score",NA
"05029950600","tract",2023,"education_score",95.14
"05031000101","tract",2023,"education_score",78.84
"05031000102","tract",2023,"education_score",87.48
"05031000200","tract",2023,"education_score",96.07
"05031000300","tract",2023,"education_score",100.39
"05031000401","tract",2023,"education_score",86.33
"05031000403","tract",2023,"education_score",104.26
"05031000404","tract",2023,"education_score",90.45
"05031000501","tract",2023,"education_score",NA
"05031000502","tract",2023,"education_score",92.87
"05031000601","tract",2023,"education_score",87.28
"05031000602","tract",2023,"education_score",NA
"05031000701","tract",2023,"education_score",NA
"05031000702","tract",2023,"education_score",87.9
"05031000803","tract",2023,"education_score",NA
"05031000804","tract",2023,"education_score",106.46
"05031000805","tract",2023,"education_score",NA
"05031000806","tract",2023,"education_score",112.76
"05031000900","tract",2023,"education_score",88.01
"05031001000","tract",2023,"education_score",84.78
"05031001101","tract",2023,"education_score",NA
"05031001102","tract",2023,"education_score",86.41
"05031001200","tract",2023,"education_score",NA
"05033020101","tract",2023,"education_score",84.52
"05033020102","tract",2023,"education_score",NA
"05033020204","tract",2023,"education_score",102.57
"05033020205","tract",2023,"education_score",NA
"05033020206","tract",2023,"education_score",73.67
"05033020207","tract",2023,"education_score",NA
"05033020208","tract",2023,"education_score",86.21
"05033020301","tract",2023,"education_score",95.74
"05033020302","tract",2023,"education_score",NA
"05033020401","tract",2023,"education_score",87.78
"05033020402","tract",2023,"education_score",89.47
"05033020501","tract",2023,"education_score",NA
"05033020502","tract",2023,"education_score",80.4
"05033020601","tract",2023,"education_score",NA
"05033020602","tract",2023,"education_score",93.59
"05035030101","tract",2023,"education_score",59.69
"05035030102","tract",2023,"education_score",81.75
"05035030201","tract",2023,"education_score",102.11
"05035030202","tract",2023,"education_score",104.02
"05035030301","tract",2023,"education_score",77.84
"05035030302","tract",2023,"education_score",NA
"05035030503","tract",2023,"education_score",80.15
"05035030601","tract",2023,"education_score",NA
"05035030602","tract",2023,"education_score",NA
"05035030701","tract",2023,"education_score",NA
"05035030702","tract",2023,"education_score",NA
"05035030703","tract",2023,"education_score",NA
"05035030803","tract",2023,"education_score",NA
"05035030804","tract",2023,"education_score",96.91
"05035030805","tract",2023,"education_score",97.05
"05035030806","tract",2023,"education_score",NA
"05035030807","tract",2023,"education_score",NA
"05035031000","tract",2023,"education_score",NA
"05035031100","tract",2023,"education_score",66.43
"05035031200","tract",2023,"education_score",67.98
"05037950100","tract",2023,"education_score",NA
"05037950200","tract",2023,"education_score",84.58
"05037950300","tract",2023,"education_score",NA
"05037950400","tract",2023,"education_score",NA
"05037950500","tract",2023,"education_score",78.4
"05037950600","tract",2023,"education_score",89.82
"05039970100","tract",2023,"education_score",NA
"05039970200","tract",2023,"education_score",NA
"05039970300","tract",2023,"education_score",88.44
"05041950100","tract",2023,"education_score",84.51
"05041950200","tract",2023,"education_score",73.38
"05041950300","tract",2023,"education_score",59.61
"05041950400","tract",2023,"education_score",72.88
"05041950500","tract",2023,"education_score",87.61
"05043490100","tract",2023,"education_score",NA
"05043490200","tract",2023,"education_score",NA
"05043490300","tract",2023,"education_score",93.22
"05043490400","tract",2023,"education_score",NA
"05043490500","tract",2023,"education_score",NA
"05045030101","tract",2023,"education_score",100.51
"05045030102","tract",2023,"education_score",103.8
"05045030103","tract",2023,"education_score",107.86
"05045030104","tract",2023,"education_score",104.6
"05045030201","tract",2023,"education_score",102.38
"05045030202","tract",2023,"education_score",75.15
"05045030301","tract",2023,"education_score",103.64
"05045030302","tract",2023,"education_score",103.85
"05045030303","tract",2023,"education_score",92.9
"05045030401","tract",2023,"education_score",111.09
"05045030402","tract",2023,"education_score",102.2
"05045030403","tract",2023,"education_score",96.81
"05045030404","tract",2023,"education_score",105.39
"05045030502","tract",2023,"education_score",105.09
"05045030503","tract",2023,"education_score",114.9
"05045030504","tract",2023,"education_score",124.07
"05045030600","tract",2023,"education_score",107.74
"05045030701","tract",2023,"education_score",NA
"05045030702","tract",2023,"education_score",100.08
"05045030800","tract",2023,"education_score",NA
"05045030900","tract",2023,"education_score",88.62
"05045031001","tract",2023,"education_score",103.96
"05045031003","tract",2023,"education_score",88.7
"05045031006","tract",2023,"education_score",115.86
"05045031007","tract",2023,"education_score",107.41
"05045031008","tract",2023,"education_score",114.28
"05045031101","tract",2023,"education_score",90.4
"05045031102","tract",2023,"education_score",94.28
"05047950100","tract",2023,"education_score",82.07
"05047950201","tract",2023,"education_score",83.28
"05047950202","tract",2023,"education_score",83.99
"05047950301","tract",2023,"education_score",91.08
"05047950302","tract",2023,"education_score",88.67
"05049550101","tract",2023,"education_score",NA
"05049550102","tract",2023,"education_score",82.78
"05049550201","tract",2023,"education_score",85.49
"05049550202","tract",2023,"education_score",84.08
"05051010301","tract",2023,"education_score",92.06
"05051010302","tract",2023,"education_score",103.32
"05051010401","tract",2023,"education_score",83.68
"05051010402","tract",2023,"education_score",94.92
"05051010501","tract",2023,"education_score",108.35
"05051010502","tract",2023,"education_score",71.61
"05051010601","tract",2023,"education_score",93.49
"05051010602","tract",2023,"education_score",79.06
"05051010700","tract",2023,"education_score",91.37
"05051010800","tract",2023,"education_score",94.77
"05051010900","tract",2023,"education_score",97.08
"05051011001","tract",2023,"education_score",100.03
"05051011002","tract",2023,"education_score",96.16
"05051011101","tract",2023,"education_score",89.13
"05051011102","tract",2023,"education_score",103.72
"05051011201","tract",2023,"education_score",114.05
"05051011202","tract",2023,"education_score",97.67
"05051011300","tract",2023,"education_score",74.99
"05051011400","tract",2023,"education_score",68.69
"05051011500","tract",2023,"education_score",90.9
"05051011601","tract",2023,"education_score",102.67
"05051011602","tract",2023,"education_score",102.39
"05051011701","tract",2023,"education_score",102.89
"05051011702","tract",2023,"education_score",83.15
"05051011801","tract",2023,"education_score",97.82
"05051011802","tract",2023,"education_score",113.72
"05051011901","tract",2023,"education_score",101.66
"05051011902","tract",2023,"education_score",116.38
"05051012001","tract",2023,"education_score",107.33
"05051012002","tract",2023,"education_score",93.28
"05053470100","tract",2023,"education_score",NA
"05053470200","tract",2023,"education_score",NA
"05053470300","tract",2023,"education_score",98.98
"05053470401","tract",2023,"education_score",103.88
"05053470402","tract",2023,"education_score",NA
"05055480100","tract",2023,"education_score",NA
"05055480200","tract",2023,"education_score",90.72
"05055480300","tract",2023,"education_score",NA
"05055480401","tract",2023,"education_score",91.07
"05055480402","tract",2023,"education_score",74.61
"05055480501","tract",2023,"education_score",NA
"05055480502","tract",2023,"education_score",NA
"05055480601","tract",2023,"education_score",NA
"05055480602","tract",2023,"education_score",98.12
"05055480700","tract",2023,"education_score",73.1
"05055480801","tract",2023,"education_score",95.37
"05055480802","tract",2023,"education_score",NA
"05057480101","tract",2023,"education_score",83.28
"05057480102","tract",2023,"education_score",99.96
"05057480200","tract",2023,"education_score",78.91
"05057480301","tract",2023,"education_score",90.67
"05057480302","tract",2023,"education_score",90.94
"05057480400","tract",2023,"education_score",77.88
"05057480500","tract",2023,"education_score",69.95
"05059020101","tract",2023,"education_score",93.02
"05059020102","tract",2023,"education_score",83.69
"05059020200","tract",2023,"education_score",72.32
"05059020300","tract",2023,"education_score",89.69
"05059020400","tract",2023,"education_score",85.95
"05059020500","tract",2023,"education_score",NA
"05059020600","tract",2023,"education_score",98.3
"05059020701","tract",2023,"education_score",90.99
"05059020702","tract",2023,"education_score",NA
"05061950100","tract",2023,"education_score",87.43
"05061950200","tract",2023,"education_score",88.21
"05061950300","tract",2023,"education_score",83.81
"05063490101","tract",2023,"education_score",NA
"05063490102","tract",2023,"education_score",NA
"05063490200","tract",2023,"education_score",64.67
"05063490300","tract",2023,"education_score",96.49
"05063490400","tract",2023,"education_score",83.5
"05063490500","tract",2023,"education_score",103.1
"05063490600","tract",2023,"education_score",NA
"05063490701","tract",2023,"education_score",NA
"05063490702","tract",2023,"education_score",88.5
"05063490800","tract",2023,"education_score",93.98
"05065960100","tract",2023,"education_score",NA
"05065960200","tract",2023,"education_score",88.45
"05065960300","tract",2023,"education_score",76.01
"05065960400","tract",2023,"education_score",NA
"05067480100","tract",2023,"education_score",88.6
"05067480200","tract",2023,"education_score",79.08
"05067480300","tract",2023,"education_score",85.59
"05067480401","tract",2023,"education_score",NA
"05067480402","tract",2023,"education_score",NA
"05067480500","tract",2023,"education_score",NA
"05069000102","tract",2023,"education_score",NA
"05069000301","tract",2023,"education_score",NA
"05069000302","tract",2023,"education_score",95.91
"05069000303","tract",2023,"education_score",89.95
"05069000502","tract",2023,"education_score",NA
"05069000900","tract",2023,"education_score",85.19
"05069001000","tract",2023,"education_score",86.11
"05069001200","tract",2023,"education_score",75.83
"05069001300","tract",2023,"education_score",NA
"05069001401","tract",2023,"education_score",85.38
"05069001402","tract",2023,"education_score",87.43
"05069001501","tract",2023,"education_score",100.66
"05069001502","tract",2023,"education_score",90.91
"05069001600","tract",2023,"education_score",NA
"05069001700","tract",2023,"education_score",92.51
"05069001800","tract",2023,"education_score",111.82
"05069001901","tract",2023,"education_score",NA
"05069001903","tract",2023,"education_score",NA
"05069002000","tract",2023,"education_score",89.06
"05069002103","tract",2023,"education_score",NA
"05069002104","tract",2023,"education_score",93.62
"05069002300","tract",2023,"education_score",NA
"05069002400","tract",2023,"education_score",101.66
"05069002500","tract",2023,"education_score",NA
"05071951700","tract",2023,"education_score",93.81
"05071951800","tract",2023,"education_score",60.69
"05071951900","tract",2023,"education_score",NA
"05071952000","tract",2023,"education_score",75.61
"05071952100","tract",2023,"education_score",NA
"05071952200","tract",2023,"education_score",83.37
"05073470101","tract",2023,"education_score",84.3
"05073470102","tract",2023,"education_score",80.74
"05073470200","tract",2023,"education_score",65.99
"05075470100","tract",2023,"education_score",NA
"05075470200","tract",2023,"education_score",87.88
"05075470300","tract",2023,"education_score",81.85
"05075470400","tract",2023,"education_score",NA
"05075470501","tract",2023,"education_score",70.43
"05075470502","tract",2023,"education_score",83.39
"05077470100","tract",2023,"education_score",NA
"05077470200","tract",2023,"education_score",NA
"05077470300","tract",2023,"education_score",84.17
"05077470400","tract",2023,"education_score",88.14
"05079960300","tract",2023,"education_score",NA
"05079960400","tract",2023,"education_score",NA
"05079960500","tract",2023,"education_score",86.01
"05079960600","tract",2023,"education_score",NA
"05081030101","tract",2023,"education_score",106.27
"05081030103","tract",2023,"education_score",NA
"05081030104","tract",2023,"education_score",97.56
"05081030200","tract",2023,"education_score",86.63
"05081030301","tract",2023,"education_score",NA
"05081030302","tract",2023,"education_score",NA
"05083950100","tract",2023,"education_score",90.73
"05083950200","tract",2023,"education_score",94.03
"05083950300","tract",2023,"education_score",95.2
"05083950400","tract",2023,"education_score",82.59
"05083950500","tract",2023,"education_score",89.01
"05083950600","tract",2023,"education_score",93.17
"05085020102","tract",2023,"education_score",88.81
"05085020103","tract",2023,"education_score",105.74
"05085020105","tract",2023,"education_score",105.68
"05085020106","tract",2023,"education_score",NA
"05085020107","tract",2023,"education_score",NA
"05085020108","tract",2023,"education_score",NA
"05085020201","tract",2023,"education_score",104.67
"05085020202","tract",2023,"education_score",91.61
"05085020204","tract",2023,"education_score",91.2
"05085020205","tract",2023,"education_score",94.3
"05085020206","tract",2023,"education_score",95.29
"05085020301","tract",2023,"education_score",NA
"05085020302","tract",2023,"education_score",NA
"05085020400","tract",2023,"education_score",94.16
"05085020500","tract",2023,"education_score",82.12
"05085020600","tract",2023,"education_score",NA
"05085020700","tract",2023,"education_score",89.58
"05085020800","tract",2023,"education_score",NA
"05087960100","tract",2023,"education_score",NA
"05087960200","tract",2023,"education_score",82.33
"05087960300","tract",2023,"education_score",NA
"05087960400","tract",2023,"education_score",76.79
"05089960100","tract",2023,"education_score",84.83
"05089960201","tract",2023,"education_score",83.05
"05089960202","tract",2023,"education_score",86.91
"05089960301","tract",2023,"education_score",NA
"05089960302","tract",2023,"education_score",NA
"05091020100","tract",2023,"education_score",86.72
"05091020200","tract",2023,"education_score",92.36
"05091020400","tract",2023,"education_score",NA
"05091020500","tract",2023,"education_score",77.13
"05091020600","tract",2023,"education_score",NA
"05091020701","tract",2023,"education_score",90
"05091020702","tract",2023,"education_score",95.42
"05091020801","tract",2023,"education_score",103.5
"05091020802","tract",2023,"education_score",NA
"05091020901","tract",2023,"education_score",NA
"05091020902","tract",2023,"education_score",100.35
"05091021001","tract",2023,"education_score",NA
"05091021002","tract",2023,"education_score",87.57
"05091980000","tract",2023,"education_score",NA
"05093010100","tract",2023,"education_score",84.82
"05093010200","tract",2023,"education_score",93.42
"05093010300","tract",2023,"education_score",67.65
"05093010601","tract",2023,"education_score",90.13
"05093010602","tract",2023,"education_score",81.37
"05093010700","tract",2023,"education_score",91.77
"05093010801","tract",2023,"education_score",62.1
"05093010802","tract",2023,"education_score",92.53
"05093010900","tract",2023,"education_score",66.9
"05093011000","tract",2023,"education_score",77.11
"05093011100","tract",2023,"education_score",83.42
"05093011200","tract",2023,"education_score",91.08
"05093011300","tract",2023,"education_score",86.53
"05093011400","tract",2023,"education_score",103.14
"05095950100","tract",2023,"education_score",85.25
"05095950200","tract",2023,"education_score",80.47
"05095950300","tract",2023,"education_score",NA
"05097953000","tract",2023,"education_score",87.66
"05097953100","tract",2023,"education_score",87.19
"05097953200","tract",2023,"education_score",82.03
"05099090100","tract",2023,"education_score",80.8
"05099090200","tract",2023,"education_score",89.28
"05099090300","tract",2023,"education_score",NA
"05101180100","tract",2023,"education_score",74.8
"05101180200","tract",2023,"education_score",87.66
"05103950101","tract",2023,"education_score",NA
"05103950102","tract",2023,"education_score",90.89
"05103950200","tract",2023,"education_score",98.32
"05103950301","tract",2023,"education_score",NA
"05103950302","tract",2023,"education_score",NA
"05103950400","tract",2023,"education_score",97.72
"05103950500","tract",2023,"education_score",83.09
"05103950600","tract",2023,"education_score",83.61
"05105952700","tract",2023,"education_score",90.33
"05105952800","tract",2023,"education_score",85.35
"05105952900","tract",2023,"education_score",NA
"05107480100","tract",2023,"education_score",86.19
"05107480201","tract",2023,"education_score",79.24
"05107480202","tract",2023,"education_score",87.14
"05107480300","tract",2023,"education_score",79.08
"05107480400","tract",2023,"education_score",74.29
"05107480500","tract",2023,"education_score",NA
"05107480600","tract",2023,"education_score",NA
"05109953300","tract",2023,"education_score",79.18
"05109953400","tract",2023,"education_score",90.32
"05109953500","tract",2023,"education_score",99.16
"05111490100","tract",2023,"education_score",83.1
"05111490200","tract",2023,"education_score",NA
"05111490300","tract",2023,"education_score",NA
"05111490400","tract",2023,"education_score",79.06
"05111490501","tract",2023,"education_score",82.71
"05111490502","tract",2023,"education_score",NA
"05111490600","tract",2023,"education_score",90.33
"05111490700","tract",2023,"education_score",75.04
"05113950100","tract",2023,"education_score",NA
"05113950201","tract",2023,"education_score",NA
"05113950202","tract",2023,"education_score",92.9
"05113950300","tract",2023,"education_score",NA
"05113950400","tract",2023,"education_score",94.4
"05113950500","tract",2023,"education_score",82.44
"05113950600","tract",2023,"education_score",67.53
"05115950700","tract",2023,"education_score",65.83
"05115950800","tract",2023,"education_score",92
"05115950901","tract",2023,"education_score",103.97
"05115950902","tract",2023,"education_score",91.08
"05115951000","tract",2023,"education_score",78.45
"05115951100","tract",2023,"education_score",92.55
"05115951201","tract",2023,"education_score",103.53
"05115951202","tract",2023,"education_score",93.02
"05115951301","tract",2023,"education_score",68.67
"05115951302","tract",2023,"education_score",62.63
"05115951303","tract",2023,"education_score",106.71
"05115951400","tract",2023,"education_score",NA
"05115951501","tract",2023,"education_score",103.65
"05115951503","tract",2023,"education_score",100.85
"05115951504","tract",2023,"education_score",98.25
"05115951601","tract",2023,"education_score",92.23
"05115951602","tract",2023,"education_score",95.98
"05117460100","tract",2023,"education_score",78.14
"05117460200","tract",2023,"education_score",90.54
"05117460300","tract",2023,"education_score",NA
"05119000500","tract",2023,"education_score",91.58
"05119001100","tract",2023,"education_score",92.07
"05119001200","tract",2023,"education_score",NA
"05119001300","tract",2023,"education_score",91.17
"05119001501","tract",2023,"education_score",130.57
"05119001502","tract",2023,"education_score",124.01
"05119001600","tract",2023,"education_score",125.86
"05119001800","tract",2023,"education_score",93.59
"05119001900","tract",2023,"education_score",84.24
"05119002001","tract",2023,"education_score",69.42
"05119002002","tract",2023,"education_score",85.53
"05119002102","tract",2023,"education_score",91.86
"05119002103","tract",2023,"education_score",113.72
"05119002104","tract",2023,"education_score",119.62
"05119002203","tract",2023,"education_score",112.34
"05119002206","tract",2023,"education_score",116.77
"05119002208","tract",2023,"education_score",100.57
"05119002209","tract",2023,"education_score",104.59
"05119002210","tract",2023,"education_score",126.92
"05119002211","tract",2023,"education_score",112.32
"05119002403","tract",2023,"education_score",101.21
"05119002405","tract",2023,"education_score",95.79
"05119002406","tract",2023,"education_score",96.35
"05119002407","tract",2023,"education_score",102.61
"05119002409","tract",2023,"education_score",104.21
"05119002410","tract",2023,"education_score",102.04
"05119002500","tract",2023,"education_score",116.6
"05119002600","tract",2023,"education_score",104.35
"05119002700","tract",2023,"education_score",77.15
"05119002800","tract",2023,"education_score",66.87
"05119002900","tract",2023,"education_score",63.91
"05119003001","tract",2023,"education_score",82.65
"05119003002","tract",2023,"education_score",94.54
"05119003100","tract",2023,"education_score",83.15
"05119003202","tract",2023,"education_score",84.45
"05119003207","tract",2023,"education_score",92.27
"05119003208","tract",2023,"education_score",90.81
"05119003303","tract",2023,"education_score",116.44
"05119003305","tract",2023,"education_score",93.61
"05119003306","tract",2023,"education_score",107.78
"05119003307","tract",2023,"education_score",101.29
"05119003308","tract",2023,"education_score",113.84
"05119003403","tract",2023,"education_score",99.67
"05119003404","tract",2023,"education_score",93.23
"05119003405","tract",2023,"education_score",91.72
"05119003406","tract",2023,"education_score",92.63
"05119003604","tract",2023,"education_score",95.61
"05119003605","tract",2023,"education_score",88.87
"05119003606","tract",2023,"education_score",73.56
"05119003607","tract",2023,"education_score",95.95
"05119003608","tract",2023,"education_score",97.68
"05119003609","tract",2023,"education_score",89.94
"05119003703","tract",2023,"education_score",111.28
"05119003704","tract",2023,"education_score",101.83
"05119003707","tract",2023,"education_score",105.25
"05119003711","tract",2023,"education_score",108.72
"05119003712","tract",2023,"education_score",107.71
"05119003713","tract",2023,"education_score",108.93
"05119003714","tract",2023,"education_score",109.1
"05119003800","tract",2023,"education_score",90.57
"05119003900","tract",2023,"education_score",96.08
"05119004001","tract",2023,"education_score",98.96
"05119004004","tract",2023,"education_score",94.57
"05119004005","tract",2023,"education_score",78.26
"05119004006","tract",2023,"education_score",88.44
"05119004007","tract",2023,"education_score",90.28
"05119004103","tract",2023,"education_score",76.62
"05119004104","tract",2023,"education_score",94.19
"05119004105","tract",2023,"education_score",76.13
"05119004106","tract",2023,"education_score",74.11
"05119004107","tract",2023,"education_score",61.82
"05119004108","tract",2023,"education_score",71.35
"05119004201","tract",2023,"education_score",101.3
"05119004202","tract",2023,"education_score",121.63
"05119004205","tract",2023,"education_score",112.57
"05119004213","tract",2023,"education_score",116.85
"05119004214","tract",2023,"education_score",116.45
"05119004215","tract",2023,"education_score",127.92
"05119004218","tract",2023,"education_score",118.3
"05119004219","tract",2023,"education_score",123.52
"05119004220","tract",2023,"education_score",102.37
"05119004222","tract",2023,"education_score",112.35
"05119004223","tract",2023,"education_score",118.02
"05119004224","tract",2023,"education_score",131.88
"05119004225","tract",2023,"education_score",122.28
"05119004226","tract",2023,"education_score",100.97
"05119004227","tract",2023,"education_score",103.59
"05119004228","tract",2023,"education_score",124.36
"05119004229","tract",2023,"education_score",152.47
"05119004302","tract",2023,"education_score",93.97
"05119004306","tract",2023,"education_score",115.01
"05119004307","tract",2023,"education_score",112.79
"05119004308","tract",2023,"education_score",122.19
"05119004309","tract",2023,"education_score",117.71
"05119004310","tract",2023,"education_score",93.14
"05119004311","tract",2023,"education_score",115.7
"05119004400","tract",2023,"education_score",136.21
"05119004500","tract",2023,"education_score",99.83
"05119004600","tract",2023,"education_score",112.12
"05119004700","tract",2023,"education_score",117.16
"05119004801","tract",2023,"education_score",117.41
"05119004901","tract",2023,"education_score",123.08
"05119004902","tract",2023,"education_score",125.84
"05119980100","tract",2023,"education_score",NA
"05119980200","tract",2023,"education_score",NA
"05119980300","tract",2023,"education_score",111.12
"05119980400","tract",2023,"education_score",71.47
"05121960100","tract",2023,"education_score",82.17
"05121960201","tract",2023,"education_score",NA
"05121960202","tract",2023,"education_score",NA
"05121960301","tract",2023,"education_score",94.53
"05121960302","tract",2023,"education_score",87.18
"05123960100","tract",2023,"education_score",NA
"05123960201","tract",2023,"education_score",NA
"05123960202","tract",2023,"education_score",96.45
"05123960300","tract",2023,"education_score",82.07
"05123960400","tract",2023,"education_score",69.05
"05123960500","tract",2023,"education_score",NA
"05123960600","tract",2023,"education_score",NA
"05125010101","tract",2023,"education_score",89.71
"05125010104","tract",2023,"education_score",NA
"05125010105","tract",2023,"education_score",95.52
"05125010106","tract",2023,"education_score",110.72
"05125010107","tract",2023,"education_score",98.72
"05125010301","tract",2023,"education_score",100.67
"05125010302","tract",2023,"education_score",96.81
"05125010303","tract",2023,"education_score",110.51
"05125010405","tract",2023,"education_score",101.58
"05125010406","tract",2023,"education_score",93.03
"05125010407","tract",2023,"education_score",NA
"05125010408","tract",2023,"education_score",92.94
"05125010409","tract",2023,"education_score",NA
"05125010410","tract",2023,"education_score",86.82
"05125010411","tract",2023,"education_score",NA
"05125010507","tract",2023,"education_score",NA
"05125010508","tract",2023,"education_score",100.76
"05125010509","tract",2023,"education_score",109.68
"05125010511","tract",2023,"education_score",105.09
"05125010512","tract",2023,"education_score",NA
"05125010513","tract",2023,"education_score",NA
"05125010514","tract",2023,"education_score",89.78
"05125010515","tract",2023,"education_score",NA
"05125010516","tract",2023,"education_score",NA
"05125010517","tract",2023,"education_score",NA
"05125010518","tract",2023,"education_score",NA
"05125010519","tract",2023,"education_score",106.26
"05125010520","tract",2023,"education_score",82.33
"05125010601","tract",2023,"education_score",79.82
"05125010602","tract",2023,"education_score",92.81
"05127950100","tract",2023,"education_score",84.46
"05127950200","tract",2023,"education_score",79.68
"05127950300","tract",2023,"education_score",NA
"05129970100","tract",2023,"education_score",72.91
"05129970200","tract",2023,"education_score",71.44
"05129970300","tract",2023,"education_score",81.82
"05131000100","tract",2023,"education_score",60.11
"05131000200","tract",2023,"education_score",52.09
"05131000300","tract",2023,"education_score",66.7
"05131000400","tract",2023,"education_score",39.35
"05131000501","tract",2023,"education_score",NA
"05131000502","tract",2023,"education_score",67.05
"05131000600","tract",2023,"education_score",109.33
"05131000700","tract",2023,"education_score",82.6
"05131000800","tract",2023,"education_score",86.49
"05131001001","tract",2023,"education_score",89.42
"05131001002","tract",2023,"education_score",110.82
"05131001101","tract",2023,"education_score",82.67
"05131001102","tract",2023,"education_score",95.75
"05131001201","tract",2023,"education_score",93.78
"05131001202","tract",2023,"education_score",72.98
"05131001301","tract",2023,"education_score",112.38
"05131001305","tract",2023,"education_score",NA
"05131001306","tract",2023,"education_score",NA
"05131001307","tract",2023,"education_score",NA
"05131001308","tract",2023,"education_score",84.48
"05131001309","tract",2023,"education_score",79.3
"05131001310","tract",2023,"education_score",100.2
"05131001311","tract",2023,"education_score",114.56
"05131001312","tract",2023,"education_score",99.76
"05131010101","tract",2023,"education_score",83.48
"05131010102","tract",2023,"education_score",NA
"05131010201","tract",2023,"education_score",97.56
"05131010202","tract",2023,"education_score",102.54
"05131010301","tract",2023,"education_score",89.08
"05131010303","tract",2023,"education_score",82.06
"05131010304","tract",2023,"education_score",NA
"05133080100","tract",2023,"education_score",NA
"05133080200","tract",2023,"education_score",71.64
"05133080300","tract",2023,"education_score",38.36
"05133080400","tract",2023,"education_score",NA
"05135470100","tract",2023,"education_score",NA
"05135470201","tract",2023,"education_score",NA
"05135470202","tract",2023,"education_score",84.96
"05135470300","tract",2023,"education_score",NA
"05135470401","tract",2023,"education_score",83.12
"05135470402","tract",2023,"education_score",74.66
"05137950100","tract",2023,"education_score",78.83
"05137950201","tract",2023,"education_score",NA
"05137950203","tract",2023,"education_score",NA
"05137950204","tract",2023,"education_score",76.15
"05139950100","tract",2023,"education_score",83.72
"05139950200","tract",2023,"education_score",94.04
"05139950300","tract",2023,"education_score",89.79
"05139950401","tract",2023,"education_score",NA
"05139950402","tract",2023,"education_score",100.21
"05139950501","tract",2023,"education_score",104.96
"05139950502","tract",2023,"education_score",NA
"05139950600","tract",2023,"education_score",93.9
"05139950700","tract",2023,"education_score",100.11
"05139950800","tract",2023,"education_score",94.22
"05139950900","tract",2023,"education_score",85.44
"05139951000","tract",2023,"education_score",87.68
"05141460100","tract",2023,"education_score",NA
"05141460200","tract",2023,"education_score",81.24
"05141460301","tract",2023,"education_score",102.83
"05141460303","tract",2023,"education_score",NA
"05141460304","tract",2023,"education_score",NA
"05141460400","tract",2023,"education_score",84.83
"05143010101","tract",2023,"education_score",85.8
"05143010107","tract",2023,"education_score",115.76
"05143010108","tract",2023,"education_score",117.45
"05143010109","tract",2023,"education_score",98.73
"05143010110","tract",2023,"education_score",106.8
"05143010111","tract",2023,"education_score",NA
"05143010112","tract",2023,"education_score",NA
"05143010113","tract",2023,"education_score",120.45
"05143010114","tract",2023,"education_score",106.56
"05143010115","tract",2023,"education_score",117.53
"05143010201","tract",2023,"education_score",NA
"05143010202","tract",2023,"education_score",37.53
"05143010303","tract",2023,"education_score",54.54
"05143010304","tract",2023,"education_score",NA
"05143010305","tract",2023,"education_score",65.32
"05143010306","tract",2023,"education_score",46.63
"05143010307","tract",2023,"education_score",48.41
"05143010401","tract",2023,"education_score",71.4
"05143010402","tract",2023,"education_score",64.05
"05143010404","tract",2023,"education_score",43.71
"05143010405","tract",2023,"education_score",NA
"05143010501","tract",2023,"education_score",96.88
"05143010508","tract",2023,"education_score",NA
"05143010510","tract",2023,"education_score",82.5
"05143010511","tract",2023,"education_score",119.32
"05143010512","tract",2023,"education_score",63.88
"05143010513","tract",2023,"education_score",83.28
"05143010514","tract",2023,"education_score",97.44
"05143010515","tract",2023,"education_score",99.52
"05143010516","tract",2023,"education_score",NA
"05143010517","tract",2023,"education_score",119.31
"05143010518","tract",2023,"education_score",112.34
"05143010519","tract",2023,"education_score",NA
"05143010520","tract",2023,"education_score",109.7
"05143010521","tract",2023,"education_score",94.09
"05143010601","tract",2023,"education_score",99.54
"05143010602","tract",2023,"education_score",96.16
"05143010703","tract",2023,"education_score",NA
"05143010704","tract",2023,"education_score",NA
"05143010705","tract",2023,"education_score",106.48
"05143010706","tract",2023,"education_score",120.2
"05143011002","tract",2023,"education_score",93.17
"05143011003","tract",2023,"education_score",93.77
"05143011004","tract",2023,"education_score",NA
"05143011005","tract",2023,"education_score",NA
"05143011006","tract",2023,"education_score",106.03
"05143011103","tract",2023,"education_score",NA
"05143011104","tract",2023,"education_score",NA
"05143011105","tract",2023,"education_score",87.37
"05143011106","tract",2023,"education_score",93.7
"05143011107","tract",2023,"education_score",NA
"05143011200","tract",2023,"education_score",70.04
"05143011301","tract",2023,"education_score",NA
"05143011302","tract",2023,"education_score",102.05
"05145070100","tract",2023,"education_score",95.43
"05145070200","tract",2023,"education_score",89.29
"05145070300","tract",2023,"education_score",76.55
"05145070401","tract",2023,"education_score",101.66
"05145070402","tract",2023,"education_score",90.48
"05145070501","tract",2023,"education_score",90.11
"05145070502","tract",2023,"education_score",78.13
"05145070600","tract",2023,"education_score",78.92
"05145070700","tract",2023,"education_score",93.23
"05145070801","tract",2023,"education_score",NA
"05145070802","tract",2023,"education_score",73.17
"05145070901","tract",2023,"education_score",98.21
"05145070902","tract",2023,"education_score",108.4
"05145071001","tract",2023,"education_score",104.77
"05145071002","tract",2023,"education_score",86.32
"05145071101","tract",2023,"education_score",69
"05145071102","tract",2023,"education_score",81.41
"05145071201","tract",2023,"education_score",86.62
"05145071202","tract",2023,"education_score",92.49
"05147490100","tract",2023,"education_score",78.72
"05147490200","tract",2023,"education_score",88.96
"05149952301","tract",2023,"education_score",66.11
"05149952302","tract",2023,"education_score",86.65
"05149952401","tract",2023,"education_score",77.5
"05149952402","tract",2023,"education_score",NA
"05149952500","tract",2023,"education_score",71.99
"05149952600","tract",2023,"education_score",73.75
"05001480100","tract",2023,"education_rnk",35.3563
"05001480200","tract",2023,"education_rnk",22.9773
"05001480300","tract",2023,"education_rnk",54.3127
"05001480400","tract",2023,"education_rnk",37.1488
"05001480500","tract",2023,"education_rnk",32.2955
"05001480600","tract",2023,"education_rnk",36.4706
"05001480700","tract",2023,"education_rnk",9.0231
"05001480800","tract",2023,"education_rnk",40.0793
"05003960100","tract",2023,"education_rnk",14.8379
"05003960200","tract",2023,"education_rnk",NA
"05003960300","tract",2023,"education_rnk",12.9203
"05003960400","tract",2023,"education_rnk",NA
"05003960500","tract",2023,"education_rnk",NA
"05003960600","tract",2023,"education_rnk",34.6609
"05003960700","tract",2023,"education_rnk",NA
"05005950100","tract",2023,"education_rnk",19.661
"05005950200","tract",2023,"education_rnk",NA
"05005950300","tract",2023,"education_rnk",36.701
"05005950400","tract",2023,"education_rnk",40.8524
"05005950500","tract",2023,"education_rnk",33.4585
"05005950600","tract",2023,"education_rnk",NA
"05005950700","tract",2023,"education_rnk",NA
"05005950801","tract",2023,"education_rnk",NA
"05005950802","tract",2023,"education_rnk",NA
"05005950900","tract",2023,"education_rnk",20.8661
"05007020102","tract",2023,"education_rnk",51.8314
"05007020103","tract",2023,"education_rnk",47.2599
"05007020104","tract",2023,"education_rnk",37.191
"05007020201","tract",2023,"education_rnk",13.5182
"05007020203","tract",2023,"education_rnk",47.9447
"05007020205","tract",2023,"education_rnk",8.3672
"05007020206","tract",2023,"education_rnk",3.9657
"05007020301","tract",2023,"education_rnk",15.0289
"05007020302","tract",2023,"education_rnk",29.581
"05007020304","tract",2023,"education_rnk",45.6478
"05007020305","tract",2023,"education_rnk",35.0771
"05007020401","tract",2023,"education_rnk",63.9786
"05007020402","tract",2023,"education_rnk",22.6468
"05007020404","tract",2023,"education_rnk",16.3302
"05007020405","tract",2023,"education_rnk",68.5105
"05007020501","tract",2023,"education_rnk",72.8832
"05007020503","tract",2023,"education_rnk",57.3669
"05007020504","tract",2023,"education_rnk",23.7109
"05007020604","tract",2023,"education_rnk",58.1532
"05007020605","tract",2023,"education_rnk",61.3984
"05007020606","tract",2023,"education_rnk",78.2778
"05007020607","tract",2023,"education_rnk",87.7264
"05007020608","tract",2023,"education_rnk",68.9149
"05007020701","tract",2023,"education_rnk",61.9345
"05007020703","tract",2023,"education_rnk",86.5292
"05007020704","tract",2023,"education_rnk",66.7193
"05007020801","tract",2023,"education_rnk",73.7511
"05007020803","tract",2023,"education_rnk",78.4833
"05007020805","tract",2023,"education_rnk",78.0026
"05007020806","tract",2023,"education_rnk",76.2417
"05007020903","tract",2023,"education_rnk",82.5398
"05007020904","tract",2023,"education_rnk",67.8296
"05007020905","tract",2023,"education_rnk",42.3907
"05007020906","tract",2023,"education_rnk",65.8567
"05007021001","tract",2023,"education_rnk",14.1359
"05007021003","tract",2023,"education_rnk",19.1236
"05007021004","tract",2023,"education_rnk",24.8396
"05007021101","tract",2023,"education_rnk",18.2899
"05007021102","tract",2023,"education_rnk",6.821
"05007021201","tract",2023,"education_rnk",43.5919
"05007021202","tract",2023,"education_rnk",12.5239
"05007021304","tract",2023,"education_rnk",82.0854
"05007021305","tract",2023,"education_rnk",71.142
"05007021306","tract",2023,"education_rnk",93.096
"05007021308","tract",2023,"education_rnk",91.8237
"05007021312","tract",2023,"education_rnk",53.5672
"05007021313","tract",2023,"education_rnk",56.4687
"05007021314","tract",2023,"education_rnk",46.0956
"05007021315","tract",2023,"education_rnk",66.6706
"05007021316","tract",2023,"education_rnk",74.7336
"05007021317","tract",2023,"education_rnk",76.2417
"05007021404","tract",2023,"education_rnk",17.447
"05007021405","tract",2023,"education_rnk",59.2108
"05007021406","tract",2023,"education_rnk",14.668
"05007021407","tract",2023,"education_rnk",56.2448
"05007021408","tract",2023,"education_rnk",14.4955
"05007021409","tract",2023,"education_rnk",68.7015
"05009790100","tract",2023,"education_rnk",54.8487
"05009790200","tract",2023,"education_rnk",20.1549
"05009790300","tract",2023,"education_rnk",32.3087
"05009790400","tract",2023,"education_rnk",31.7318
"05009790501","tract",2023,"education_rnk",34.9217
"05009790502","tract",2023,"education_rnk",28.4879
"05009790600","tract",2023,"education_rnk",29.9116
"05011950100","tract",2023,"education_rnk",23.7004
"05011950200","tract",2023,"education_rnk",NA
"05011950300","tract",2023,"education_rnk",NA
"05011950400","tract",2023,"education_rnk",NA
"05011950500","tract",2023,"education_rnk",23.678
"05013480100","tract",2023,"education_rnk",20.9912
"05013480200","tract",2023,"education_rnk",13.4801
"05015950100","tract",2023,"education_rnk",58.3113
"05015950201","tract",2023,"education_rnk",63.0369
"05015950202","tract",2023,"education_rnk",42.8728
"05015950301","tract",2023,"education_rnk",7.6495
"05015950302","tract",2023,"education_rnk",6.4944
"05015950400","tract",2023,"education_rnk",12.753
"05015950501","tract",2023,"education_rnk",21.3271
"05015950502","tract",2023,"education_rnk",2.6367
"05017080100","tract",2023,"education_rnk",20.2668
"05017080200","tract",2023,"education_rnk",13.8251
"05017080300","tract",2023,"education_rnk",11.7494
"05017080400","tract",2023,"education_rnk",12.8558
"05019953601","tract",2023,"education_rnk",NA
"05019953602","tract",2023,"education_rnk",NA
"05019953700","tract",2023,"education_rnk",NA
"05019953800","tract",2023,"education_rnk",24.2338
"05019953901","tract",2023,"education_rnk",NA
"05019953902","tract",2023,"education_rnk",8.9112
"05021950100","tract",2023,"education_rnk",NA
"05021950200","tract",2023,"education_rnk",NA
"05021950300","tract",2023,"education_rnk",NA
"05021950400","tract",2023,"education_rnk",21.8908
"05021950500","tract",2023,"education_rnk",16.2722
"05021950600","tract",2023,"education_rnk",33.7337
"05023480100","tract",2023,"education_rnk",12.9611
"05023480201","tract",2023,"education_rnk",NA
"05023480203","tract",2023,"education_rnk",17.1033
"05023480204","tract",2023,"education_rnk",NA
"05023480301","tract",2023,"education_rnk",NA
"05023480302","tract",2023,"education_rnk",41.2804
"05023480400","tract",2023,"education_rnk",NA
"05023480501","tract",2023,"education_rnk",NA
"05023480502","tract",2023,"education_rnk",28.9028
"05025970100","tract",2023,"education_rnk",25.9289
"05025970200","tract",2023,"education_rnk",NA
"05027950100","tract",2023,"education_rnk",24.3168
"05027950200","tract",2023,"education_rnk",NA
"05027950301","tract",2023,"education_rnk",NA
"05027950302","tract",2023,"education_rnk",58.5036
"05027950401","tract",2023,"education_rnk",NA
"05027950402","tract",2023,"education_rnk",10.6299
"05027950500","tract",2023,"education_rnk",64.1682
"05029950100","tract",2023,"education_rnk",37.2858
"05029950200","tract",2023,"education_rnk",32.9382
"05029950300","tract",2023,"education_rnk",27.4843
"05029950400","tract",2023,"education_rnk",53.6766
"05029950500","tract",2023,"education_rnk",NA
"05029950600","tract",2023,"education_rnk",36.0175
"05031000101","tract",2023,"education_rnk",12.973
"05031000102","tract",2023,"education_rnk",22.6599
"05031000200","tract",2023,"education_rnk",37.8877
"05031000300","tract",2023,"education_rnk",47.2085
"05031000401","tract",2023,"education_rnk",21.0834
"05031000403","tract",2023,"education_rnk",56.0644
"05031000404","tract",2023,"education_rnk",27.2578
"05031000501","tract",2023,"education_rnk",NA
"05031000502","tract",2023,"education_rnk",31.6212
"05031000601","tract",2023,"education_rnk",22.3557
"05031000602","tract",2023,"education_rnk",NA
"05031000701","tract",2023,"education_rnk",NA
"05031000702","tract",2023,"education_rnk",23.2565
"05031000803","tract",2023,"education_rnk",NA
"05031000804","tract",2023,"education_rnk",60.8571
"05031000805","tract",2023,"education_rnk",NA
"05031000806","tract",2023,"education_rnk",73.601
"05031000900","tract",2023,"education_rnk",23.4278
"05031001000","tract",2023,"education_rnk",19.067
"05031001101","tract",2023,"education_rnk",NA
"05031001102","tract",2023,"education_rnk",21.2006
"05031001200","tract",2023,"education_rnk",NA
"05033020101","tract",2023,"education_rnk",18.7549
"05033020102","tract",2023,"education_rnk",NA
"05033020204","tract",2023,"education_rnk",52.183
"05033020205","tract",2023,"education_rnk",NA
"05033020206","tract",2023,"education_rnk",9.33
"05033020207","tract",2023,"education_rnk",NA
"05033020208","tract",2023,"education_rnk",20.9188
"05033020301","tract",2023,"education_rnk",37.2107
"05033020302","tract",2023,"education_rnk",NA
"05033020401","tract",2023,"education_rnk",23.0946
"05033020402","tract",2023,"education_rnk",25.6786
"05033020501","tract",2023,"education_rnk",NA
"05033020502","tract",2023,"education_rnk",14.3967
"05033020601","tract",2023,"education_rnk",NA
"05033020602","tract",2023,"education_rnk",33.012
"05035030101","tract",2023,"education_rnk",3.7865
"05035030102","tract",2023,"education_rnk",15.6861
"05035030201","tract",2023,"education_rnk",51.107
"05035030202","tract",2023,"education_rnk",55.5152
"05035030301","tract",2023,"education_rnk",12.1867
"05035030302","tract",2023,"education_rnk",NA
"05035030503","tract",2023,"education_rnk",14.1557
"05035030601","tract",2023,"education_rnk",NA
"05035030602","tract",2023,"education_rnk",NA
"05035030701","tract",2023,"education_rnk",NA
"05035030702","tract",2023,"education_rnk",NA
"05035030703","tract",2023,"education_rnk",NA
"05035030803","tract",2023,"education_rnk",NA
"05035030804","tract",2023,"education_rnk",39.6829
"05035030805","tract",2023,"education_rnk",39.9963
"05035030806","tract",2023,"education_rnk",NA
"05035030807","tract",2023,"education_rnk",NA
"05035031000","tract",2023,"education_rnk",NA
"05035031100","tract",2023,"education_rnk",5.824
"05035031200","tract",2023,"education_rnk",6.4523
"05037950100","tract",2023,"education_rnk",NA
"05037950200","tract",2023,"education_rnk",18.8286
"05037950300","tract",2023,"education_rnk",NA
"05037950400","tract",2023,"education_rnk",NA
"05037950500","tract",2023,"education_rnk",12.6121
"05037950600","tract",2023,"education_rnk",26.2528
"05039970100","tract",2023,"education_rnk",NA
"05039970200","tract",2023,"education_rnk",NA
"05039970300","tract",2023,"education_rnk",24.0534
"05041950100","tract",2023,"education_rnk",18.7391
"05041950200","tract",2023,"education_rnk",9.1562
"05041950300","tract",2023,"education_rnk",3.772
"05041950400","tract",2023,"education_rnk",8.8559
"05041950500","tract",2023,"education_rnk",22.8614
"05043490100","tract",2023,"education_rnk",NA
"05043490200","tract",2023,"education_rnk",NA
"05043490300","tract",2023,"education_rnk",32.2955
"05043490400","tract",2023,"education_rnk",NA
"05043490500","tract",2023,"education_rnk",NA
"05045030101","tract",2023,"education_rnk",47.4811
"05045030102","tract",2023,"education_rnk",55.0344
"05045030103","tract",2023,"education_rnk",63.7915
"05045030104","tract",2023,"education_rnk",56.7901
"05045030201","tract",2023,"education_rnk",51.7352
"05045030202","tract",2023,"education_rnk",10.302
"05045030301","tract",2023,"education_rnk",54.6512
"05045030302","tract",2023,"education_rnk",55.149
"05045030303","tract",2023,"education_rnk",31.6725
"05045030401","tract",2023,"education_rnk",70.4242
"05045030402","tract",2023,"education_rnk",51.3375
"05045030403","tract",2023,"education_rnk",39.4616
"05045030404","tract",2023,"education_rnk",58.551
"05045030502","tract",2023,"education_rnk",57.8661
"05045030503","tract",2023,"education_rnk",77.5666
"05045030504","tract",2023,"education_rnk",90.4751
"05045030600","tract",2023,"education_rnk",63.5492
"05045030701","tract",2023,"education_rnk",NA
"05045030702","tract",2023,"education_rnk",46.4762
"05045030800","tract",2023,"education_rnk",NA
"05045030900","tract",2023,"education_rnk",24.3326
"05045031001","tract",2023,"education_rnk",55.3795
"05045031003","tract",2023,"education_rnk",24.4577
"05045031006","tract",2023,"education_rnk",79.155
"05045031007","tract",2023,"education_rnk",62.8854
"05045031008","tract",2023,"education_rnk",76.4287
"05045031101","tract",2023,"education_rnk",27.1748
"05045031102","tract",2023,"education_rnk",34.3198
"05047950100","tract",2023,"education_rnk",16.0075
"05047950201","tract",2023,"education_rnk",17.3206
"05047950202","tract",2023,"education_rnk",18.1174
"05047950301","tract",2023,"education_rnk",28.3838
"05047950302","tract",2023,"education_rnk",24.4011
"05049550101","tract",2023,"education_rnk",NA
"05049550102","tract",2023,"education_rnk",16.7687
"05049550201","tract",2023,"education_rnk",19.9837
"05049550202","tract",2023,"education_rnk",18.2149
"05051010301","tract",2023,"education_rnk",30.0894
"05051010302","tract",2023,"education_rnk",53.9123
"05051010401","tract",2023,"education_rnk",17.7934
"05051010402","tract",2023,"education_rnk",35.5644
"05051010501","tract",2023,"education_rnk",64.8504
"05051010502","tract",2023,"education_rnk",8.1315
"05051010601","tract",2023,"education_rnk",32.792
"05051010602","tract",2023,"education_rnk",13.1758
"05051010700","tract",2023,"education_rnk",28.8843
"05051010800","tract",2023,"education_rnk",35.2681
"05051010900","tract",2023,"education_rnk",40.0793
"05051011001","tract",2023,"education_rnk",46.3669
"05051011002","tract",2023,"education_rnk",38.0616
"05051011101","tract",2023,"education_rnk",25.1044
"05051011102","tract",2023,"education_rnk",54.8237
"05051011201","tract",2023,"education_rnk",76.0309
"05051011202","tract",2023,"education_rnk",41.316
"05051011300","tract",2023,"education_rnk",10.1874
"05051011400","tract",2023,"education_rnk",6.7802
"05051011500","tract",2023,"education_rnk",28.0467
"05051011601","tract",2023,"education_rnk",52.4214
"05051011602","tract",2023,"education_rnk",51.7602
"05051011701","tract",2023,"education_rnk",52.9074
"05051011702","tract",2023,"education_rnk",17.1783
"05051011801","tract",2023,"education_rnk",41.6453
"05051011802","tract",2023,"education_rnk",75.4593
"05051011901","tract",2023,"education_rnk",50.0876
"05051011902","tract",2023,"education_rnk",80.0519
"05051012001","tract",2023,"education_rnk",62.6971
"05051012002","tract",2023,"education_rnk",32.3851
"05053470100","tract",2023,"education_rnk",NA
"05053470200","tract",2023,"education_rnk",NA
"05053470300","tract",2023,"education_rnk",44.1147
"05053470401","tract",2023,"education_rnk",55.2017
"05053470402","tract",2023,"education_rnk",NA
"05055480100","tract",2023,"education_rnk",NA
"05055480200","tract",2023,"education_rnk",27.7385
"05055480300","tract",2023,"education_rnk",NA
"05055480401","tract",2023,"education_rnk",28.3654
"05055480402","tract",2023,"education_rnk",9.9424
"05055480501","tract",2023,"education_rnk",NA
"05055480502","tract",2023,"education_rnk",NA
"05055480601","tract",2023,"education_rnk",NA
"05055480602","tract",2023,"education_rnk",42.2788
"05055480700","tract",2023,"education_rnk",8.9889
"05055480801","tract",2023,"education_rnk",36.4508
"05055480802","tract",2023,"education_rnk",NA
"05057480101","tract",2023,"education_rnk",17.3206
"05057480102","tract",2023,"education_rnk",46.2233
"05057480200","tract",2023,"education_rnk",13.0428
"05057480301","tract",2023,"education_rnk",27.6489
"05057480302","tract",2023,"education_rnk",28.131
"05057480400","tract",2023,"education_rnk",12.217
"05057480500","tract",2023,"education_rnk",7.3413
"05059020101","tract",2023,"education_rnk",31.8819
"05059020102","tract",2023,"education_rnk",17.8039
"05059020200","tract",2023,"education_rnk",8.5358
"05059020300","tract",2023,"education_rnk",26.0171
"05059020400","tract",2023,"education_rnk",20.5645
"05059020500","tract",2023,"education_rnk",NA
"05059020600","tract",2023,"education_rnk",42.6475
"05059020701","tract",2023,"education_rnk",28.2218
"05059020702","tract",2023,"education_rnk",NA
"05061950100","tract",2023,"education_rnk",22.5783
"05061950200","tract",2023,"education_rnk",23.7109
"05061950300","tract",2023,"education_rnk",17.9159
"05063490101","tract",2023,"education_rnk",NA
"05063490102","tract",2023,"education_rnk",NA
"05063490200","tract",2023,"education_rnk",5.1918
"05063490300","tract",2023,"education_rnk",38.7477
"05063490400","tract",2023,"education_rnk",17.5906
"05063490500","tract",2023,"education_rnk",53.4118
"05063490600","tract",2023,"education_rnk",NA
"05063490701","tract",2023,"education_rnk",NA
"05063490702","tract",2023,"education_rnk",24.1429
"05063490800","tract",2023,"education_rnk",33.7337
"05065960100","tract",2023,"education_rnk",NA
"05065960200","tract",2023,"education_rnk",24.0758
"05065960300","tract",2023,"education_rnk",10.8578
"05065960400","tract",2023,"education_rnk",NA
"05067480100","tract",2023,"education_rnk",24.2983
"05067480200","tract",2023,"education_rnk",13.2035
"05067480300","tract",2023,"education_rnk",20.1233
"05067480401","tract",2023,"education_rnk",NA
"05067480402","tract",2023,"education_rnk",NA
"05067480500","tract",2023,"education_rnk",NA
"05069000102","tract",2023,"education_rnk",NA
"05069000301","tract",2023,"education_rnk",NA
"05069000302","tract",2023,"education_rnk",37.5611
"05069000303","tract",2023,"education_rnk",26.4636
"05069000502","tract",2023,"education_rnk",NA
"05069000900","tract",2023,"education_rnk",19.5872
"05069001000","tract",2023,"education_rnk",20.7989
"05069001200","tract",2023,"education_rnk",10.7169
"05069001300","tract",2023,"education_rnk",NA
"05069001401","tract",2023,"education_rnk",19.8414
"05069001402","tract",2023,"education_rnk",22.5783
"05069001501","tract",2023,"education_rnk",47.8525
"05069001502","tract",2023,"education_rnk",28.0664
"05069001600","tract",2023,"education_rnk",NA
"05069001700","tract",2023,"education_rnk",30.8928
"05069001800","tract",2023,"education_rnk",71.8295
"05069001901","tract",2023,"education_rnk",NA
"05069001903","tract",2023,"education_rnk",NA
"05069002000","tract",2023,"education_rnk",25.0003
"05069002103","tract",2023,"education_rnk",NA
"05069002104","tract",2023,"education_rnk",33.0712
"05069002300","tract",2023,"education_rnk",NA
"05069002400","tract",2023,"education_rnk",50.0876
"05069002500","tract",2023,"education_rnk",NA
"05071951700","tract",2023,"education_rnk",33.4124
"05071951800","tract",2023,"education_rnk",4.0065
"05071951900","tract",2023,"education_rnk",NA
"05071952000","tract",2023,"education_rnk",10.5773
"05071952100","tract",2023,"education_rnk",NA
"05071952200","tract",2023,"education_rnk",17.4365
"05073470101","tract",2023,"education_rnk",18.4612
"05073470102","tract",2023,"education_rnk",14.7365
"05073470200","tract",2023,"education_rnk",5.6567
"05075470100","tract",2023,"education_rnk",NA
"05075470200","tract",2023,"education_rnk",23.2302
"05075470300","tract",2023,"education_rnk",15.7981
"05075470400","tract",2023,"education_rnk",NA
"05075470501","tract",2023,"education_rnk",7.581
"05075470502","tract",2023,"education_rnk",17.4562
"05077470100","tract",2023,"education_rnk",NA
"05077470200","tract",2023,"education_rnk",NA
"05077470300","tract",2023,"education_rnk",18.3123
"05077470400","tract",2023,"education_rnk",23.6227
"05079960300","tract",2023,"education_rnk",NA
"05079960400","tract",2023,"education_rnk",NA
"05079960500","tract",2023,"education_rnk",20.6606
"05079960600","tract",2023,"education_rnk",NA
"05081030101","tract",2023,"education_rnk",60.4831
"05081030103","tract",2023,"education_rnk",NA
"05081030104","tract",2023,"education_rnk",41.104
"05081030200","tract",2023,"education_rnk",21.5128
"05081030301","tract",2023,"education_rnk",NA
"05081030302","tract",2023,"education_rnk",NA
"05083950100","tract",2023,"education_rnk",27.7596
"05083950200","tract",2023,"education_rnk",33.822
"05083950300","tract",2023,"education_rnk",36.1294
"05083950400","tract",2023,"education_rnk",16.5659
"05083950500","tract",2023,"education_rnk",24.9253
"05083950600","tract",2023,"education_rnk",32.1967
"05085020102","tract",2023,"education_rnk",24.6289
"05085020103","tract",2023,"education_rnk",59.2991
"05085020105","tract",2023,"education_rnk",59.1924
"05085020106","tract",2023,"education_rnk",NA
"05085020107","tract",2023,"education_rnk",NA
"05085020108","tract",2023,"education_rnk",NA
"05085020201","tract",2023,"education_rnk",56.9218
"05085020202","tract",2023,"education_rnk",29.3071
"05085020204","tract",2023,"education_rnk",28.5998
"05085020205","tract",2023,"education_rnk",34.3725
"05085020206","tract",2023,"education_rnk",36.3059
"05085020301","tract",2023,"education_rnk",NA
"05085020302","tract",2023,"education_rnk",NA
"05085020400","tract",2023,"education_rnk",34.0959
"05085020500","tract",2023,"education_rnk",16.0602
"05085020600","tract",2023,"education_rnk",NA
"05085020700","tract",2023,"education_rnk",25.8406
"05085020800","tract",2023,"education_rnk",NA
"05087960100","tract",2023,"education_rnk",NA
"05087960200","tract",2023,"education_rnk",16.2867
"05087960300","tract",2023,"education_rnk",NA
"05087960400","tract",2023,"education_rnk",11.3873
"05089960100","tract",2023,"education_rnk",19.1236
"05089960201","tract",2023,"education_rnk",17.069
"05089960202","tract",2023,"education_rnk",21.8697
"05089960301","tract",2023,"education_rnk",NA
"05089960302","tract",2023,"education_rnk",NA
"05091020100","tract",2023,"education_rnk",21.6458
"05091020200","tract",2023,"education_rnk",30.6123
"05091020400","tract",2023,"education_rnk",NA
"05091020500","tract",2023,"education_rnk",11.6335
"05091020600","tract",2023,"education_rnk",NA
"05091020701","tract",2023,"education_rnk",26.5281
"05091020702","tract",2023,"education_rnk",36.568
"05091020801","tract",2023,"education_rnk",54.3127
"05091020802","tract",2023,"education_rnk",NA
"05091020901","tract",2023,"education_rnk",NA
"05091020902","tract",2023,"education_rnk",47.1137
"05091021001","tract",2023,"education_rnk",NA
"05091021002","tract",2023,"education_rnk",22.7956
"05091980000","tract",2023,"education_rnk",NA
"05093010100","tract",2023,"education_rnk",19.1026
"05093010200","tract",2023,"education_rnk",32.6353
"05093010300","tract",2023,"education_rnk",6.2929
"05093010601","tract",2023,"education_rnk",26.7402
"05093010602","tract",2023,"education_rnk",15.2818
"05093010700","tract",2023,"education_rnk",29.581
"05093010801","tract",2023,"education_rnk",4.3871
"05093010802","tract",2023,"education_rnk",30.9337
"05093010900","tract",2023,"education_rnk",6.0163
"05093011000","tract",2023,"education_rnk",11.6138
"05093011100","tract",2023,"education_rnk",17.4931
"05093011200","tract",2023,"education_rnk",28.3838
"05093011300","tract",2023,"education_rnk",21.3745
"05093011400","tract",2023,"education_rnk",53.5014
"05095950100","tract",2023,"education_rnk",19.6715
"05095950200","tract",2023,"education_rnk",14.4573
"05095950300","tract",2023,"education_rnk",NA
"05097953000","tract",2023,"education_rnk",22.926
"05097953100","tract",2023,"education_rnk",22.2332
"05097953200","tract",2023,"education_rnk",15.964
"05099090100","tract",2023,"education_rnk",14.7918
"05099090200","tract",2023,"education_rnk",25.3493
"05099090300","tract",2023,"education_rnk",NA
"05101180100","tract",2023,"education_rnk",10.0662
"05101180200","tract",2023,"education_rnk",22.926
"05103950101","tract",2023,"education_rnk",NA
"05103950102","tract",2023,"education_rnk",28.0309
"05103950200","tract",2023,"education_rnk",42.6871
"05103950301","tract",2023,"education_rnk",NA
"05103950302","tract",2023,"education_rnk",NA
"05103950400","tract",2023,"education_rnk",41.4227
"05103950500","tract",2023,"education_rnk",17.1033
"05103950600","tract",2023,"education_rnk",17.7065
"05105952700","tract",2023,"education_rnk",27.0602
"05105952800","tract",2023,"education_rnk",19.7966
"05105952900","tract",2023,"education_rnk",NA
"05107480100","tract",2023,"education_rnk",20.8951
"05107480201","tract",2023,"education_rnk",13.3576
"05107480202","tract",2023,"education_rnk",22.1687
"05107480300","tract",2023,"education_rnk",13.2035
"05107480400","tract",2023,"education_rnk",9.7133
"05107480500","tract",2023,"education_rnk",NA
"05107480600","tract",2023,"education_rnk",NA
"05109953300","tract",2023,"education_rnk",13.2891
"05109953400","tract",2023,"education_rnk",27.0378
"05109953500","tract",2023,"education_rnk",44.4927
"05111490100","tract",2023,"education_rnk",17.1164
"05111490200","tract",2023,"education_rnk",NA
"05111490300","tract",2023,"education_rnk",NA
"05111490400","tract",2023,"education_rnk",13.1758
"05111490501","tract",2023,"education_rnk",16.7003
"05111490502","tract",2023,"education_rnk",NA
"05111490600","tract",2023,"education_rnk",27.0602
"05111490700","tract",2023,"education_rnk",10.2177
"05113950100","tract",2023,"education_rnk",NA
"05113950201","tract",2023,"education_rnk",NA
"05113950202","tract",2023,"education_rnk",31.6725
"05113950300","tract",2023,"education_rnk",NA
"05113950400","tract",2023,"education_rnk",34.5648
"05113950500","tract",2023,"education_rnk",16.4065
"05113950600","tract",2023,"education_rnk",6.2494
"05115950700","tract",2023,"education_rnk",5.5817
"05115950800","tract",2023,"education_rnk",29.9841
"05115950901","tract",2023,"education_rnk",55.4059
"05115950902","tract",2023,"education_rnk",28.3838
"05115951000","tract",2023,"education_rnk",12.6529
"05115951100","tract",2023,"education_rnk",30.9758
"05115951201","tract",2023,"education_rnk",54.3891
"05115951202","tract",2023,"education_rnk",31.8819
"05115951301","tract",2023,"education_rnk",6.7683
"05115951302","tract",2023,"education_rnk",4.5425
"05115951303","tract",2023,"education_rnk",61.4195
"05115951400","tract",2023,"education_rnk",NA
"05115951501","tract",2023,"education_rnk",54.6696
"05115951503","tract",2023,"education_rnk",48.2845
"05115951504","tract",2023,"education_rnk",42.5448
"05115951601","tract",2023,"education_rnk",30.3765
"05115951602","tract",2023,"education_rnk",37.7086
"05117460100","tract",2023,"education_rnk",12.4093
"05117460200","tract",2023,"education_rnk",27.4356
"05117460300","tract",2023,"education_rnk",NA
"05119000500","tract",2023,"education_rnk",29.2518
"05119001100","tract",2023,"education_rnk",30.1013
"05119001200","tract",2023,"education_rnk",NA
"05119001300","tract",2023,"education_rnk",28.5432
"05119001501","tract",2023,"education_rnk",95.8763
"05119001502","tract",2023,"education_rnk",90.4158
"05119001600","tract",2023,"education_rnk",92.2346
"05119001800","tract",2023,"education_rnk",33.012
"05119001900","tract",2023,"education_rnk",18.394
"05119002001","tract",2023,"education_rnk",7.0884
"05119002002","tract",2023,"education_rnk",20.0456
"05119002102","tract",2023,"education_rnk",29.7299
"05119002103","tract",2023,"education_rnk",75.4593
"05119002104","tract",2023,"education_rnk",85.0185
"05119002203","tract",2023,"education_rnk",72.8397
"05119002206","tract",2023,"education_rnk",80.7091
"05119002208","tract",2023,"education_rnk",47.6431
"05119002209","tract",2023,"education_rnk",56.7716
"05119002210","tract",2023,"education_rnk",93.1671
"05119002211","tract",2023,"education_rnk",72.7949
"05119002403","tract",2023,"education_rnk",49.0234
"05119002405","tract",2023,"education_rnk",37.3108
"05119002406","tract",2023,"education_rnk",38.4501
"05119002407","tract",2023,"education_rnk",52.2792
"05119002409","tract",2023,"education_rnk",55.9616
"05119002410","tract",2023,"education_rnk",50.9397
"05119002500","tract",2023,"education_rnk",80.4075
"05119002600","tract",2023,"education_rnk",56.2448
"05119002700","tract",2023,"education_rnk",11.6493
"05119002800","tract",2023,"education_rnk",6.0058
"05119002900","tract",2023,"education_rnk",4.9469
"05119003001","tract",2023,"education_rnk",16.6252
"05119003002","tract",2023,"education_rnk",34.8335
"05119003100","tract",2023,"education_rnk",17.1783
"05119003202","tract",2023,"education_rnk",18.6613
"05119003207","tract",2023,"education_rnk",30.4503
"05119003208","tract",2023,"education_rnk",27.9005
"05119003303","tract",2023,"education_rnk",80.1388
"05119003305","tract",2023,"education_rnk",33.0541
"05119003306","tract",2023,"education_rnk",63.6151
"05119003307","tract",2023,"education_rnk",49.2236
"05119003308","tract",2023,"education_rnk",75.6661
"05119003403","tract",2023,"education_rnk",45.5912
"05119003404","tract",2023,"education_rnk",32.3087
"05119003405","tract",2023,"education_rnk",29.4836
"05119003406","tract",2023,"education_rnk",31.1457
"05119003604","tract",2023,"education_rnk",36.9526
"05119003605","tract",2023,"education_rnk",24.7185
"05119003606","tract",2023,"education_rnk",9.2523
"05119003607","tract",2023,"education_rnk",37.6348
"05119003608","tract",2023,"education_rnk",41.3397
"05119003609","tract",2023,"education_rnk",26.4386
"05119003703","tract",2023,"education_rnk",70.7996
"05119003704","tract",2023,"education_rnk",50.459
"05119003707","tract",2023,"education_rnk",58.2217
"05119003711","tract",2023,"education_rnk",65.5775
"05119003712","tract",2023,"education_rnk",63.4912
"05119003713","tract",2023,"education_rnk",65.9897
"05119003714","tract",2023,"education_rnk",66.3229
"05119003800","tract",2023,"education_rnk",27.4843
"05119003900","tract",2023,"education_rnk",37.9127
"05119004001","tract",2023,"education_rnk",44.0647
"05119004004","tract",2023,"education_rnk",34.8927
"05119004005","tract",2023,"education_rnk",12.4988
"05119004006","tract",2023,"education_rnk",24.0534
"05119004007","tract",2023,"education_rnk",26.9772
"05119004103","tract",2023,"education_rnk",11.2819
"05119004104","tract",2023,"education_rnk",34.1433
"05119004105","tract",2023,"education_rnk",10.9408
"05119004106","tract",2023,"education_rnk",9.6
"05119004107","tract",2023,"education_rnk",4.312
"05119004108","tract",2023,"education_rnk",7.9972
"05119004201","tract",2023,"education_rnk",49.2526
"05119004202","tract",2023,"education_rnk",87.7171
"05119004205","tract",2023,"education_rnk",73.2625
"05119004213","tract",2023,"education_rnk",80.8131
"05119004214","tract",2023,"education_rnk",80.1599
"05119004215","tract",2023,"education_rnk",94.043
"05119004218","tract",2023,"education_rnk",83.0627
"05119004219","tract",2023,"education_rnk",89.8811
"05119004220","tract",2023,"education_rnk",51.6944
"05119004222","tract",2023,"education_rnk",72.8568
"05119004223","tract",2023,"education_rnk",82.5912
"05119004224","tract",2023,"education_rnk",96.5664
"05119004225","tract",2023,"education_rnk",88.5047
"05119004226","tract",2023,"education_rnk",48.5216
"05119004227","tract",2023,"education_rnk",54.53
"05119004228","tract",2023,"education_rnk",90.7477
"05119004229","tract",2023,"education_rnk",99.9039
"05119004302","tract",2023,"education_rnk",33.7192
"05119004306","tract",2023,"education_rnk",77.7378
"05119004307","tract",2023,"education_rnk",73.6589
"05119004308","tract",2023,"education_rnk",88.4099
"05119004309","tract",2023,"education_rnk",82.117
"05119004310","tract",2023,"education_rnk",32.1203
"05119004311","tract",2023,"education_rnk",78.8955
"05119004400","tract",2023,"education_rnk",98.2483
"05119004500","tract",2023,"education_rnk",45.9231
"05119004600","tract",2023,"education_rnk",72.3959
"05119004700","tract",2023,"education_rnk",81.2754
"05119004801","tract",2023,"education_rnk",81.6166
"05119004901","tract",2023,"education_rnk",89.428
"05119004902","tract",2023,"education_rnk",92.2215
"05119980100","tract",2023,"education_rnk",NA
"05119980200","tract",2023,"education_rnk",NA
"05119980300","tract",2023,"education_rnk",70.4769
"05119980400","tract",2023,"education_rnk",8.0617
"05121960100","tract",2023,"education_rnk",16.1102
"05121960201","tract",2023,"education_rnk",NA
"05121960202","tract",2023,"education_rnk",NA
"05121960301","tract",2023,"education_rnk",34.8084
"05121960302","tract",2023,"education_rnk",22.22
"05123960100","tract",2023,"education_rnk",NA
"05123960201","tract",2023,"education_rnk",NA
"05123960202","tract",2023,"education_rnk",38.6569
"05123960300","tract",2023,"education_rnk",16.0075
"05123960400","tract",2023,"education_rnk",6.929
"05123960500","tract",2023,"education_rnk",NA
"05123960600","tract",2023,"education_rnk",NA
"05125010101","tract",2023,"education_rnk",26.054
"05125010104","tract",2023,"education_rnk",NA
"05125010105","tract",2023,"education_rnk",36.7682
"05125010106","tract",2023,"education_rnk",69.6314
"05125010107","tract",2023,"education_rnk",43.5919
"05125010301","tract",2023,"education_rnk",47.8749
"05125010302","tract",2023,"education_rnk",39.4616
"05125010303","tract",2023,"education_rnk",69.1954
"05125010405","tract",2023,"education_rnk",49.8861
"05125010406","tract",2023,"education_rnk",31.9017
"05125010407","tract",2023,"education_rnk",NA
"05125010408","tract",2023,"education_rnk",31.7436
"05125010409","tract",2023,"education_rnk",NA
"05125010410","tract",2023,"education_rnk",21.7604
"05125010411","tract",2023,"education_rnk",NA
"05125010507","tract",2023,"education_rnk",NA
"05125010508","tract",2023,"education_rnk",48.0804
"05125010509","tract",2023,"education_rnk",67.4727
"05125010511","tract",2023,"education_rnk",57.8661
"05125010512","tract",2023,"education_rnk",NA
"05125010513","tract",2023,"education_rnk",NA
"05125010514","tract",2023,"education_rnk",26.1686
"05125010515","tract",2023,"education_rnk",NA
"05125010516","tract",2023,"education_rnk",NA
"05125010517","tract",2023,"education_rnk",NA
"05125010518","tract",2023,"education_rnk",NA
"05125010519","tract",2023,"education_rnk",60.4568
"05125010520","tract",2023,"education_rnk",16.2867
"05125010601","tract",2023,"education_rnk",13.8752
"05125010602","tract",2023,"education_rnk",31.5013
"05127950100","tract",2023,"education_rnk",18.6745
"05127950200","tract",2023,"education_rnk",13.75
"05127950300","tract",2023,"education_rnk",NA
"05129970100","tract",2023,"education_rnk",8.8743
"05129970200","tract",2023,"education_rnk",8.038
"05129970300","tract",2023,"education_rnk",15.7546
"05131000100","tract",2023,"education_rnk",3.88
"05131000200","tract",2023,"education_rnk",2.3167
"05131000300","tract",2023,"education_rnk",5.9281
"05131000400","tract",2023,"education_rnk",0.9101
"05131000501","tract",2023,"education_rnk",NA
"05131000502","tract",2023,"education_rnk",6.0716
"05131000600","tract",2023,"education_rnk",66.7905
"05131000700","tract",2023,"education_rnk",16.587
"05131000800","tract",2023,"education_rnk",21.3126
"05131001001","tract",2023,"education_rnk",25.593
"05131001002","tract",2023,"education_rnk",69.8355
"05131001101","tract",2023,"education_rnk",16.6515
"05131001102","tract",2023,"education_rnk",37.2397
"05131001201","tract",2023,"education_rnk",33.3702
"05131001202","tract",2023,"education_rnk",8.9112
"05131001301","tract",2023,"education_rnk",72.9253
"05131001305","tract",2023,"education_rnk",NA
"05131001306","tract",2023,"education_rnk",NA
"05131001307","tract",2023,"education_rnk",NA
"05131001308","tract",2023,"education_rnk",18.7101
"05131001309","tract",2023,"education_rnk",13.4116
"05131001310","tract",2023,"education_rnk",46.7607
"05131001311","tract",2023,"education_rnk",76.9634
"05131001312","tract",2023,"education_rnk",45.765
"05131010101","tract",2023,"education_rnk",17.559
"05131010102","tract",2023,"education_rnk",NA
"05131010201","tract",2023,"education_rnk",41.104
"05131010202","tract",2023,"education_rnk",52.1079
"05131010301","tract",2023,"education_rnk",25.0306
"05131010303","tract",2023,"education_rnk",15.9983
"05131010304","tract",2023,"education_rnk",NA
"05133080100","tract",2023,"education_rnk",NA
"05133080200","tract",2023,"education_rnk",8.1473
"05133080300","tract",2023,"education_rnk",0.8284
"05133080400","tract",2023,"education_rnk",NA
"05135470100","tract",2023,"education_rnk",NA
"05135470201","tract",2023,"education_rnk",NA
"05135470202","tract",2023,"education_rnk",19.3041
"05135470300","tract",2023,"education_rnk",NA
"05135470401","tract",2023,"education_rnk",17.1415
"05135470402","tract",2023,"education_rnk",9.9727
"05137950100","tract",2023,"education_rnk",12.9611
"05137950201","tract",2023,"education_rnk",NA
"05137950203","tract",2023,"education_rnk",NA
"05137950204","tract",2023,"education_rnk",10.9605
"05139950100","tract",2023,"education_rnk",17.829
"05139950200","tract",2023,"education_rnk",33.8562
"05139950300","tract",2023,"education_rnk",26.1923
"05139950401","tract",2023,"education_rnk",NA
"05139950402","tract",2023,"education_rnk",46.7818
"05139950501","tract",2023,"education_rnk",57.5737
"05139950502","tract",2023,"education_rnk",NA
"05139950600","tract",2023,"education_rnk",33.606
"05139950700","tract",2023,"education_rnk",46.55
"05139950800","tract",2023,"education_rnk",34.1921
"05139950900","tract",2023,"education_rnk",19.9191
"05139951000","tract",2023,"education_rnk",22.9523
"05141460100","tract",2023,"education_rnk",NA
"05141460200","tract",2023,"education_rnk",15.1685
"05141460301","tract",2023,"education_rnk",52.7691
"05141460303","tract",2023,"education_rnk",NA
"05141460304","tract",2023,"education_rnk",NA
"05141460400","tract",2023,"education_rnk",19.1236
"05143010101","tract",2023,"education_rnk",20.3801
"05143010107","tract",2023,"education_rnk",78.9943
"05143010108","tract",2023,"education_rnk",81.6877
"05143010109","tract",2023,"education_rnk",43.6077
"05143010110","tract",2023,"education_rnk",61.6131
"05143010111","tract",2023,"education_rnk",NA
"05143010112","tract",2023,"education_rnk",NA
"05143010113","tract",2023,"education_rnk",86.2118
"05143010114","tract",2023,"education_rnk",61.0942
"05143010115","tract",2023,"education_rnk",81.8023
"05143010201","tract",2023,"education_rnk",NA
"05143010202","tract",2023,"education_rnk",0.756
"05143010303","tract",2023,"education_rnk",2.7131
"05143010304","tract",2023,"education_rnk",NA
"05143010305","tract",2023,"education_rnk",5.396
"05143010306","tract",2023,"education_rnk",1.5831
"05143010307","tract",2023,"education_rnk",1.7741
"05143010401","tract",2023,"education_rnk",8.0248
"05143010402","tract",2023,"education_rnk",4.9943
"05143010404","tract",2023,"education_rnk",1.2749
"05143010405","tract",2023,"education_rnk",NA
"05143010501","tract",2023,"education_rnk",39.6302
"05143010508","tract",2023,"education_rnk",NA
"05143010510","tract",2023,"education_rnk",16.4658
"05143010511","tract",2023,"education_rnk",84.5944
"05143010512","tract",2023,"education_rnk",4.9429
"05143010513","tract",2023,"education_rnk",17.3206
"05143010514","tract",2023,"education_rnk",40.8603
"05143010515","tract",2023,"education_rnk",45.2777
"05143010516","tract",2023,"education_rnk",NA
"05143010517","tract",2023,"education_rnk",84.5786
"05143010518","tract",2023,"education_rnk",72.8397
"05143010519","tract",2023,"education_rnk",NA
"05143010520","tract",2023,"education_rnk",67.5228
"05143010521","tract",2023,"education_rnk",33.9603
"05143010601","tract",2023,"education_rnk",45.3291
"05143010602","tract",2023,"education_rnk",38.0616
"05143010703","tract",2023,"education_rnk",NA
"05143010704","tract",2023,"education_rnk",NA
"05143010705","tract",2023,"education_rnk",60.9032
"05143010706","tract",2023,"education_rnk",85.8522
"05143011002","tract",2023,"education_rnk",32.1967
"05143011003","tract",2023,"education_rnk",33.3491
"05143011004","tract",2023,"education_rnk",NA
"05143011005","tract",2023,"education_rnk",NA
"05143011006","tract",2023,"education_rnk",59.9484
"05143011103","tract",2023,"education_rnk",NA
"05143011104","tract",2023,"education_rnk",NA
"05143011105","tract",2023,"education_rnk",22.4966
"05143011106","tract",2023,"education_rnk",33.2293
"05143011107","tract",2023,"education_rnk",NA
"05143011200","tract",2023,"education_rnk",7.3887
"05143011301","tract",2023,"education_rnk",NA
"05143011302","tract",2023,"education_rnk",50.9568
"05145070100","tract",2023,"education_rnk",36.5851
"05145070200","tract",2023,"education_rnk",25.3665
"05145070300","tract",2023,"education_rnk",11.2187
"05145070401","tract",2023,"education_rnk",50.0876
"05145070402","tract",2023,"education_rnk",27.3236
"05145070501","tract",2023,"education_rnk",26.7033
"05145070502","tract",2023,"education_rnk",12.3961
"05145070600","tract",2023,"education_rnk",13.0507
"05145070700","tract",2023,"education_rnk",32.3087
"05145070801","tract",2023,"education_rnk",NA
"05145070802","tract",2023,"education_rnk",9.0231
"05145070901","tract",2023,"education_rnk",42.4605
"05145070902","tract",2023,"education_rnk",64.9598
"05145071001","tract",2023,"education_rnk",57.1154
"05145071002","tract",2023,"education_rnk",21.065
"05145071101","tract",2023,"education_rnk",6.9132
"05145071102","tract",2023,"education_rnk",15.3331
"05145071201","tract",2023,"education_rnk",21.4996
"05145071202","tract",2023,"education_rnk",30.8467
"05147490100","tract",2023,"education_rnk",12.8716
"05147490200","tract",2023,"education_rnk",24.8396
"05149952301","tract",2023,"education_rnk",5.7081
"05149952302","tract",2023,"education_rnk",21.5496
"05149952401","tract",2023,"education_rnk",11.9233
"05149952402","tract",2023,"education_rnk",NA
"05149952500","tract",2023,"education_rnk",8.3528
"05149952600","tract",2023,"education_rnk",9.3827
"05001480100","tract",2023,"education_state_rnk",59.7444
"05001480200","tract",2023,"education_state_rnk",37.3802
"05001480300","tract",2023,"education_state_rnk",77.0767
"05001480400","tract",2023,"education_state_rnk",61.6613
"05001480500","tract",2023,"education_state_rnk",53.754
"05001480600","tract",2023,"education_state_rnk",60.7029
"05001480700","tract",2023,"education_state_rnk",9.345
"05001480800","tract",2023,"education_state_rnk",65.0958
"05003960100","tract",2023,"education_state_rnk",19.6486
"05003960200","tract",2023,"education_state_rnk",NA
"05003960300","tract",2023,"education_state_rnk",15.4952
"05003960400","tract",2023,"education_state_rnk",NA
"05003960500","tract",2023,"education_state_rnk",NA
"05003960600","tract",2023,"education_state_rnk",58.6262
"05003960700","tract",2023,"education_state_rnk",NA
"05005950100","tract",2023,"education_state_rnk",30.1917
"05005950200","tract",2023,"education_state_rnk",NA
"05005950300","tract",2023,"education_state_rnk",61.1821
"05005950400","tract",2023,"education_state_rnk",65.3355
"05005950500","tract",2023,"education_state_rnk",56.3898
"05005950600","tract",2023,"education_state_rnk",NA
"05005950700","tract",2023,"education_state_rnk",NA
"05005950801","tract",2023,"education_state_rnk",NA
"05005950802","tract",2023,"education_state_rnk",NA
"05005950900","tract",2023,"education_state_rnk",32.4281
"05007020102","tract",2023,"education_state_rnk",75.0799
"05007020103","tract",2023,"education_state_rnk",71.246
"05007020104","tract",2023,"education_state_rnk",61.8211
"05007020201","tract",2023,"education_state_rnk",17.7316
"05007020203","tract",2023,"education_state_rnk",72.0447
"05007020205","tract",2023,"education_state_rnk",8.147
"05007020206","tract",2023,"education_state_rnk",1.9169
"05007020301","tract",2023,"education_state_rnk",19.8083
"05007020302","tract",2023,"education_state_rnk",49.4409
"05007020304","tract",2023,"education_state_rnk",69.3291
"05007020305","tract",2023,"education_state_rnk",59.4249
"05007020401","tract",2023,"education_state_rnk",85.3035
"05007020402","tract",2023,"education_state_rnk",36.262
"05007020404","tract",2023,"education_state_rnk",22.3642
"05007020405","tract",2023,"education_state_rnk",87.5399
"05007020501","tract",2023,"education_state_rnk",90.0958
"05007020503","tract",2023,"education_state_rnk",80.6709
"05007020504","tract",2023,"education_state_rnk",38.738
"05007020604","tract",2023,"education_state_rnk",81.3099
"05007020605","tract",2023,"education_state_rnk",83.5463
"05007020606","tract",2023,"education_state_rnk",92.9712
"05007020607","tract",2023,"education_state_rnk",97.2843
"05007020608","tract",2023,"education_state_rnk",87.8594
"05007020701","tract",2023,"education_state_rnk",84.0256
"05007020703","tract",2023,"education_state_rnk",96.9649
"05007020704","tract",2023,"education_state_rnk",86.7412
"05007020801","tract",2023,"education_state_rnk",90.8946
"05007020803","tract",2023,"education_state_rnk",93.131
"05007020805","tract",2023,"education_state_rnk",92.8115
"05007020806","tract",2023,"education_state_rnk",91.9329
"05007020903","tract",2023,"education_state_rnk",95.6869
"05007020904","tract",2023,"education_state_rnk",87.3802
"05007020905","tract",2023,"education_state_rnk",66.9329
"05007020906","tract",2023,"education_state_rnk",86.1022
"05007021001","tract",2023,"education_state_rnk",18.3706
"05007021003","tract",2023,"education_state_rnk",29.5527
"05007021004","tract",2023,"education_state_rnk",40.9744
"05007021101","tract",2023,"education_state_rnk",27.476
"05007021102","tract",2023,"education_state_rnk",5.7508
"05007021201","tract",2023,"education_state_rnk",67.9712
"05007021202","tract",2023,"education_state_rnk",14.5367
"05007021304","tract",2023,"education_state_rnk",95.3674
"05007021305","tract",2023,"education_state_rnk",88.9776
"05007021306","tract",2023,"education_state_rnk",99.0415
"05007021308","tract",2023,"education_state_rnk",98.5623
"05007021312","tract",2023,"education_state_rnk",76.5176
"05007021313","tract",2023,"education_state_rnk",79.8722
"05007021314","tract",2023,"education_state_rnk",69.8083
"05007021315","tract",2023,"education_state_rnk",86.5815
"05007021316","tract",2023,"education_state_rnk",91.0543
"05007021317","tract",2023,"education_state_rnk",91.9329
"05007021404","tract",2023,"education_state_rnk",25.5591
"05007021405","tract",2023,"education_state_rnk",82.2684
"05007021406","tract",2023,"education_state_rnk",19.1693
"05007021407","tract",2023,"education_state_rnk",79.6326
"05007021408","tract",2023,"education_state_rnk",19.0096
"05007021409","tract",2023,"education_state_rnk",87.6997
"05009790100","tract",2023,"education_state_rnk",78.115
"05009790200","tract",2023,"education_state_rnk",31.4696
"05009790300","tract",2023,"education_state_rnk",54.1534
"05009790400","tract",2023,"education_state_rnk",52.3962
"05009790501","tract",2023,"education_state_rnk",59.2652
"05009790502","tract",2023,"education_state_rnk",48.0831
"05009790600","tract",2023,"education_state_rnk",49.8403
"05011950100","tract",2023,"education_state_rnk",38.4984
"05011950200","tract",2023,"education_state_rnk",NA
"05011950300","tract",2023,"education_state_rnk",NA
"05011950400","tract",2023,"education_state_rnk",NA
"05011950500","tract",2023,"education_state_rnk",38.3387
"05013480100","tract",2023,"education_state_rnk",32.9073
"05013480200","tract",2023,"education_state_rnk",17.5719
"05015950100","tract",2023,"education_state_rnk",81.6294
"05015950201","tract",2023,"education_state_rnk",84.5048
"05015950202","tract",2023,"education_state_rnk",67.7316
"05015950301","tract",2023,"education_state_rnk",6.869
"05015950302","tract",2023,"education_state_rnk",5.2716
"05015950400","tract",2023,"education_state_rnk",15.016
"05015950501","tract",2023,"education_state_rnk",33.7061
"05015950502","tract",2023,"education_state_rnk",1.1182
"05017080100","tract",2023,"education_state_rnk",31.6294
"05017080200","tract",2023,"education_state_rnk",18.0511
"05017080300","tract",2023,"education_state_rnk",13.4185
"05017080400","tract",2023,"education_state_rnk",15.1757
"05019953601","tract",2023,"education_state_rnk",NA
"05019953602","tract",2023,"education_state_rnk",NA
"05019953700","tract",2023,"education_state_rnk",NA
"05019953800","tract",2023,"education_state_rnk",39.6166
"05019953901","tract",2023,"education_state_rnk",NA
"05019953902","tract",2023,"education_state_rnk",8.8658
"05021950100","tract",2023,"education_state_rnk",NA
"05021950200","tract",2023,"education_state_rnk",NA
"05021950300","tract",2023,"education_state_rnk",NA
"05021950400","tract",2023,"education_state_rnk",34.984
"05021950500","tract",2023,"education_state_rnk",21.885
"05021950600","tract",2023,"education_state_rnk",56.9489
"05023480100","tract",2023,"education_state_rnk",15.7348
"05023480201","tract",2023,"education_state_rnk",NA
"05023480203","tract",2023,"education_state_rnk",24.0415
"05023480204","tract",2023,"education_state_rnk",NA
"05023480301","tract",2023,"education_state_rnk",NA
"05023480302","tract",2023,"education_state_rnk",65.9744
"05023480400","tract",2023,"education_state_rnk",NA
"05023480501","tract",2023,"education_state_rnk",NA
"05023480502","tract",2023,"education_state_rnk",48.722
"05025970100","tract",2023,"education_state_rnk",42.6518
"05025970200","tract",2023,"education_state_rnk",NA
"05027950100","tract",2023,"education_state_rnk",39.9361
"05027950200","tract",2023,"education_state_rnk",NA
"05027950301","tract",2023,"education_state_rnk",NA
"05027950302","tract",2023,"education_state_rnk",81.7891
"05027950401","tract",2023,"education_state_rnk",NA
"05027950402","tract",2023,"education_state_rnk",11.6613
"05027950500","tract",2023,"education_state_rnk",85.4633
"05029950100","tract",2023,"education_state_rnk",62.3003
"05029950200","tract",2023,"education_state_rnk",54.9521
"05029950300","tract",2023,"education_state_rnk",45.7668
"05029950400","tract",2023,"education_state_rnk",76.6773
"05029950500","tract",2023,"education_state_rnk",NA
"05029950600","tract",2023,"education_state_rnk",60.0639
"05031000101","tract",2023,"education_state_rnk",15.9744
"05031000102","tract",2023,"education_state_rnk",36.4217
"05031000200","tract",2023,"education_state_rnk",63.099
"05031000300","tract",2023,"education_state_rnk",71.0863
"05031000401","tract",2023,"education_state_rnk",33.2268
"05031000403","tract",2023,"education_state_rnk",79.393
"05031000404","tract",2023,"education_state_rnk",45.2077
"05031000501","tract",2023,"education_state_rnk",NA
"05031000502","tract",2023,"education_state_rnk",51.9169
"05031000601","tract",2023,"education_state_rnk",35.623
"05031000602","tract",2023,"education_state_rnk",NA
"05031000701","tract",2023,"education_state_rnk",NA
"05031000702","tract",2023,"education_state_rnk",37.8594
"05031000803","tract",2023,"education_state_rnk",NA
"05031000804","tract",2023,"education_state_rnk",83.0671
"05031000805","tract",2023,"education_state_rnk",NA
"05031000806","tract",2023,"education_state_rnk",90.5751
"05031000900","tract",2023,"education_state_rnk",38.0192
"05031001000","tract",2023,"education_state_rnk",29.0735
"05031001101","tract",2023,"education_state_rnk",NA
"05031001102","tract",2023,"education_state_rnk",33.3866
"05031001200","tract",2023,"education_state_rnk",NA
"05033020101","tract",2023,"education_state_rnk",28.754
"05033020102","tract",2023,"education_state_rnk",NA
"05033020204","tract",2023,"education_state_rnk",75.3994
"05033020205","tract",2023,"education_state_rnk",NA
"05033020206","tract",2023,"education_state_rnk",9.9042
"05033020207","tract",2023,"education_state_rnk",NA
"05033020208","tract",2023,"education_state_rnk",32.7476
"05033020301","tract",2023,"education_state_rnk",61.9808
"05033020302","tract",2023,"education_state_rnk",NA
"05033020401","tract",2023,"education_state_rnk",37.5399
"05033020402","tract",2023,"education_state_rnk",42.3323
"05033020501","tract",2023,"education_state_rnk",NA
"05033020502","tract",2023,"education_state_rnk",18.6901
"05033020601","tract",2023,"education_state_rnk",NA
"05033020602","tract",2023,"education_state_rnk",55.1917
"05035030101","tract",2023,"education_state_rnk",1.5974
"05035030102","tract",2023,"education_state_rnk",20.4473
"05035030201","tract",2023,"education_state_rnk",74.2812
"05035030202","tract",2023,"education_state_rnk",79.0735
"05035030301","tract",2023,"education_state_rnk",13.738
"05035030302","tract",2023,"education_state_rnk",NA
"05035030503","tract",2023,"education_state_rnk",18.5304
"05035030601","tract",2023,"education_state_rnk",NA
"05035030602","tract",2023,"education_state_rnk",NA
"05035030701","tract",2023,"education_state_rnk",NA
"05035030702","tract",2023,"education_state_rnk",NA
"05035030703","tract",2023,"education_state_rnk",NA
"05035030803","tract",2023,"education_state_rnk",NA
"05035030804","tract",2023,"education_state_rnk",64.6965
"05035030805","tract",2023,"education_state_rnk",64.8562
"05035030806","tract",2023,"education_state_rnk",NA
"05035030807","tract",2023,"education_state_rnk",NA
"05035031000","tract",2023,"education_state_rnk",NA
"05035031100","tract",2023,"education_state_rnk",3.9936
"05035031200","tract",2023,"education_state_rnk",5.1118
"05037950100","tract",2023,"education_state_rnk",NA
"05037950200","tract",2023,"education_state_rnk",28.9137
"05037950300","tract",2023,"education_state_rnk",NA
"05037950400","tract",2023,"education_state_rnk",NA
"05037950500","tract",2023,"education_state_rnk",14.6965
"05037950600","tract",2023,"education_state_rnk",43.4505
"05039970100","tract",2023,"education_state_rnk",NA
"05039970200","tract",2023,"education_state_rnk",NA
"05039970300","tract",2023,"education_state_rnk",39.0575
"05041950100","tract",2023,"education_state_rnk",28.5942
"05041950200","tract",2023,"education_state_rnk",9.5847
"05041950300","tract",2023,"education_state_rnk",1.4377
"05041950400","tract",2023,"education_state_rnk",8.4665
"05041950500","tract",2023,"education_state_rnk",36.7412
"05043490100","tract",2023,"education_state_rnk",NA
"05043490200","tract",2023,"education_state_rnk",NA
"05043490300","tract",2023,"education_state_rnk",53.754
"05043490400","tract",2023,"education_state_rnk",NA
"05043490500","tract",2023,"education_state_rnk",NA
"05045030101","tract",2023,"education_state_rnk",71.4058
"05045030102","tract",2023,"education_state_rnk",78.2748
"05045030103","tract",2023,"education_state_rnk",85.1438
"05045030104","tract",2023,"education_state_rnk",80.1917
"05045030201","tract",2023,"education_state_rnk",74.7604
"05045030202","tract",2023,"education_state_rnk",11.3419
"05045030301","tract",2023,"education_state_rnk",77.6358
"05045030302","tract",2023,"education_state_rnk",78.4345
"05045030303","tract",2023,"education_state_rnk",52.1565
"05045030401","tract",2023,"education_state_rnk",88.4984
"05045030402","tract",2023,"education_state_rnk",74.4409
"05045030403","tract",2023,"education_state_rnk",64.2971
"05045030404","tract",2023,"education_state_rnk",81.9489
"05045030502","tract",2023,"education_state_rnk",81.0703
"05045030503","tract",2023,"education_state_rnk",92.492
"05045030504","tract",2023,"education_state_rnk",98.2428
"05045030600","tract",2023,"education_state_rnk",84.8243
"05045030701","tract",2023,"education_state_rnk",NA
"05045030702","tract",2023,"education_state_rnk",70.2875
"05045030800","tract",2023,"education_state_rnk",NA
"05045030900","tract",2023,"education_state_rnk",40.0958
"05045031001","tract",2023,"education_state_rnk",78.754
"05045031003","tract",2023,"education_state_rnk",40.4153
"05045031006","tract",2023,"education_state_rnk",93.6102
"05045031007","tract",2023,"education_state_rnk",84.345
"05045031008","tract",2023,"education_state_rnk",92.1725
"05045031101","tract",2023,"education_state_rnk",45.0479
"05045031102","tract",2023,"education_state_rnk",58.147
"05047950100","tract",2023,"education_state_rnk",21.3259
"05047950201","tract",2023,"education_state_rnk",25.0799
"05047950202","tract",2023,"education_state_rnk",27.1565
"05047950301","tract",2023,"education_state_rnk",47.7636
"05047950302","tract",2023,"education_state_rnk",40.2556
"05049550101","tract",2023,"education_state_rnk",NA
"05049550102","tract",2023,"education_state_rnk",23.6422
"05049550201","tract",2023,"education_state_rnk",30.9904
"05049550202","tract",2023,"education_state_rnk",27.3163
"05051010301","tract",2023,"education_state_rnk",50.1597
"05051010302","tract",2023,"education_state_rnk",76.8371
"05051010401","tract",2023,"education_state_rnk",26.5176
"05051010402","tract",2023,"education_state_rnk",59.9042
"05051010501","tract",2023,"education_state_rnk",85.623
"05051010502","tract",2023,"education_state_rnk",7.6677
"05051010601","tract",2023,"education_state_rnk",54.7923
"05051010602","tract",2023,"education_state_rnk",16.5335
"05051010700","tract",2023,"education_state_rnk",48.5623
"05051010800","tract",2023,"education_state_rnk",59.5847
"05051010900","tract",2023,"education_state_rnk",65.0958
"05051011001","tract",2023,"education_state_rnk",70.1278
"05051011002","tract",2023,"education_state_rnk",63.4984
"05051011101","tract",2023,"education_state_rnk",41.6933
"05051011102","tract",2023,"education_state_rnk",77.9553
"05051011201","tract",2023,"education_state_rnk",91.6933
"05051011202","tract",2023,"education_state_rnk",66.1342
"05051011300","tract",2023,"education_state_rnk",11.0224
"05051011400","tract",2023,"education_state_rnk",5.5911
"05051011500","tract",2023,"education_state_rnk",46.8051
"05051011601","tract",2023,"education_state_rnk",75.7188
"05051011602","tract",2023,"education_state_rnk",74.9201
"05051011701","tract",2023,"education_state_rnk",76.0383
"05051011702","tract",2023,"education_state_rnk",24.6805
"05051011801","tract",2023,"education_state_rnk",66.6134
"05051011802","tract",2023,"education_state_rnk",91.2939
"05051011901","tract",2023,"education_state_rnk",73.4824
"05051011902","tract",2023,"education_state_rnk",93.77
"05051012001","tract",2023,"education_state_rnk",84.1853
"05051012002","tract",2023,"education_state_rnk",54.4728
"05053470100","tract",2023,"education_state_rnk",NA
"05053470200","tract",2023,"education_state_rnk",NA
"05053470300","tract",2023,"education_state_rnk",68.5304
"05053470401","tract",2023,"education_state_rnk",78.5942
"05053470402","tract",2023,"education_state_rnk",NA
"05055480100","tract",2023,"education_state_rnk",NA
"05055480200","tract",2023,"education_state_rnk",46.1661
"05055480300","tract",2023,"education_state_rnk",NA
"05055480401","tract",2023,"education_state_rnk",47.4441
"05055480402","tract",2023,"education_state_rnk",10.5431
"05055480501","tract",2023,"education_state_rnk",NA
"05055480502","tract",2023,"education_state_rnk",NA
"05055480601","tract",2023,"education_state_rnk",NA
"05055480602","tract",2023,"education_state_rnk",66.7732
"05055480700","tract",2023,"education_state_rnk",9.1054
"05055480801","tract",2023,"education_state_rnk",60.5431
"05055480802","tract",2023,"education_state_rnk",NA
"05057480101","tract",2023,"education_state_rnk",25.0799
"05057480102","tract",2023,"education_state_rnk",69.9681
"05057480200","tract",2023,"education_state_rnk",16.1342
"05057480301","tract",2023,"education_state_rnk",46.0064
"05057480302","tract",2023,"education_state_rnk",47.1246
"05057480400","tract",2023,"education_state_rnk",13.8978
"05057480500","tract",2023,"education_state_rnk",6.3898
"05059020101","tract",2023,"education_state_rnk",52.7955
"05059020102","tract",2023,"education_state_rnk",26.6773
"05059020200","tract",2023,"education_state_rnk",8.3067
"05059020300","tract",2023,"education_state_rnk",42.8115
"05059020400","tract",2023,"education_state_rnk",31.9489
"05059020500","tract",2023,"education_state_rnk",NA
"05059020600","tract",2023,"education_state_rnk",67.4121
"05059020701","tract",2023,"education_state_rnk",47.2843
"05059020702","tract",2023,"education_state_rnk",NA
"05061950100","tract",2023,"education_state_rnk",36.0224
"05061950200","tract",2023,"education_state_rnk",38.738
"05061950300","tract",2023,"education_state_rnk",26.9968
"05063490101","tract",2023,"education_state_rnk",NA
"05063490102","tract",2023,"education_state_rnk",NA
"05063490200","tract",2023,"education_state_rnk",3.1949
"05063490300","tract",2023,"education_state_rnk",64.0575
"05063490400","tract",2023,"education_state_rnk",26.1981
"05063490500","tract",2023,"education_state_rnk",76.1981
"05063490600","tract",2023,"education_state_rnk",NA
"05063490701","tract",2023,"education_state_rnk",NA
"05063490702","tract",2023,"education_state_rnk",39.4569
"05063490800","tract",2023,"education_state_rnk",56.9489
"05065960100","tract",2023,"education_state_rnk",NA
"05065960200","tract",2023,"education_state_rnk",39.2971
"05065960300","tract",2023,"education_state_rnk",11.9808
"05065960400","tract",2023,"education_state_rnk",NA
"05067480100","tract",2023,"education_state_rnk",39.7764
"05067480200","tract",2023,"education_state_rnk",16.853
"05067480300","tract",2023,"education_state_rnk",31.3099
"05067480401","tract",2023,"education_state_rnk",NA
"05067480402","tract",2023,"education_state_rnk",NA
"05067480500","tract",2023,"education_state_rnk",NA
"05069000102","tract",2023,"education_state_rnk",NA
"05069000301","tract",2023,"education_state_rnk",NA
"05069000302","tract",2023,"education_state_rnk",62.6198
"05069000303","tract",2023,"education_state_rnk",43.77
"05069000502","tract",2023,"education_state_rnk",NA
"05069000900","tract",2023,"education_state_rnk",30.0319
"05069001000","tract",2023,"education_state_rnk",32.2684
"05069001200","tract",2023,"education_state_rnk",11.8211
"05069001300","tract",2023,"education_state_rnk",NA
"05069001401","tract",2023,"education_state_rnk",30.6709
"05069001402","tract",2023,"education_state_rnk",36.0224
"05069001501","tract",2023,"education_state_rnk",71.7252
"05069001502","tract",2023,"education_state_rnk",46.9649
"05069001600","tract",2023,"education_state_rnk",NA
"05069001700","tract",2023,"education_state_rnk",51.1182
"05069001800","tract",2023,"education_state_rnk",89.1374
"05069001901","tract",2023,"education_state_rnk",NA
"05069001903","tract",2023,"education_state_rnk",NA
"05069002000","tract",2023,"education_state_rnk",41.3738
"05069002103","tract",2023,"education_state_rnk",NA
"05069002104","tract",2023,"education_state_rnk",55.5911
"05069002300","tract",2023,"education_state_rnk",NA
"05069002400","tract",2023,"education_state_rnk",73.4824
"05069002500","tract",2023,"education_state_rnk",NA
"05071951700","tract",2023,"education_state_rnk",56.23
"05071951800","tract",2023,"education_state_rnk",2.0767
"05071951900","tract",2023,"education_state_rnk",NA
"05071952000","tract",2023,"education_state_rnk",11.5016
"05071952100","tract",2023,"education_state_rnk",NA
"05071952200","tract",2023,"education_state_rnk",25.3994
"05073470101","tract",2023,"education_state_rnk",27.9553
"05073470102","tract",2023,"education_state_rnk",19.3291
"05073470200","tract",2023,"education_state_rnk",3.6741
"05075470100","tract",2023,"education_state_rnk",NA
"05075470200","tract",2023,"education_state_rnk",37.6997
"05075470300","tract",2023,"education_state_rnk",20.7668
"05075470400","tract",2023,"education_state_rnk",NA
"05075470501","tract",2023,"education_state_rnk",6.7093
"05075470502","tract",2023,"education_state_rnk",25.7188
"05077470100","tract",2023,"education_state_rnk",NA
"05077470200","tract",2023,"education_state_rnk",NA
"05077470300","tract",2023,"education_state_rnk",27.6358
"05077470400","tract",2023,"education_state_rnk",38.1789
"05079960300","tract",2023,"education_state_rnk",NA
"05079960400","tract",2023,"education_state_rnk",NA
"05079960500","tract",2023,"education_state_rnk",32.1086
"05079960600","tract",2023,"education_state_rnk",NA
"05081030101","tract",2023,"education_state_rnk",82.9073
"05081030103","tract",2023,"education_state_rnk",NA
"05081030104","tract",2023,"education_state_rnk",65.7348
"05081030200","tract",2023,"education_state_rnk",34.1853
"05081030301","tract",2023,"education_state_rnk",NA
"05081030302","tract",2023,"education_state_rnk",NA
"05083950100","tract",2023,"education_state_rnk",46.3259
"05083950200","tract",2023,"education_state_rnk",57.1885
"05083950300","tract",2023,"education_state_rnk",60.2236
"05083950400","tract",2023,"education_state_rnk",22.8435
"05083950500","tract",2023,"education_state_rnk",41.2141
"05083950600","tract",2023,"education_state_rnk",53.4345
"05085020102","tract",2023,"education_state_rnk",40.5751
"05085020103","tract",2023,"education_state_rnk",82.4281
"05085020105","tract",2023,"education_state_rnk",82.1086
"05085020106","tract",2023,"education_state_rnk",NA
"05085020107","tract",2023,"education_state_rnk",NA
"05085020108","tract",2023,"education_state_rnk",NA
"05085020201","tract",2023,"education_state_rnk",80.3514
"05085020202","tract",2023,"education_state_rnk",49.0415
"05085020204","tract",2023,"education_state_rnk",48.4026
"05085020205","tract",2023,"education_state_rnk",58.3067
"05085020206","tract",2023,"education_state_rnk",60.3834
"05085020301","tract",2023,"education_state_rnk",NA
"05085020302","tract",2023,"education_state_rnk",NA
"05085020400","tract",2023,"education_state_rnk",57.6677
"05085020500","tract",2023,"education_state_rnk",21.5655
"05085020600","tract",2023,"education_state_rnk",NA
"05085020700","tract",2023,"education_state_rnk",42.492
"05085020800","tract",2023,"education_state_rnk",NA
"05087960100","tract",2023,"education_state_rnk",NA
"05087960200","tract",2023,"education_state_rnk",22.1246
"05087960300","tract",2023,"education_state_rnk",NA
"05087960400","tract",2023,"education_state_rnk",12.7796
"05089960100","tract",2023,"education_state_rnk",29.5527
"05089960201","tract",2023,"education_state_rnk",23.8019
"05089960202","tract",2023,"education_state_rnk",34.8243
"05089960301","tract",2023,"education_state_rnk",NA
"05089960302","tract",2023,"education_state_rnk",NA
"05091020100","tract",2023,"education_state_rnk",34.5048
"05091020200","tract",2023,"education_state_rnk",50.7987
"05091020400","tract",2023,"education_state_rnk",NA
"05091020500","tract",2023,"education_state_rnk",13.099
"05091020600","tract",2023,"education_state_rnk",NA
"05091020701","tract",2023,"education_state_rnk",43.9297
"05091020702","tract",2023,"education_state_rnk",60.8626
"05091020801","tract",2023,"education_state_rnk",77.0767
"05091020802","tract",2023,"education_state_rnk",NA
"05091020901","tract",2023,"education_state_rnk",NA
"05091020902","tract",2023,"education_state_rnk",70.9265
"05091021001","tract",2023,"education_state_rnk",NA
"05091021002","tract",2023,"education_state_rnk",36.5815
"05091980000","tract",2023,"education_state_rnk",NA
"05093010100","tract",2023,"education_state_rnk",29.2332
"05093010200","tract",2023,"education_state_rnk",54.6326
"05093010300","tract",2023,"education_state_rnk",4.9521
"05093010601","tract",2023,"education_state_rnk",44.2492
"05093010602","tract",2023,"education_state_rnk",20.1278
"05093010700","tract",2023,"education_state_rnk",49.4409
"05093010801","tract",2023,"education_state_rnk",2.3962
"05093010802","tract",2023,"education_state_rnk",51.278
"05093010900","tract",2023,"education_state_rnk",4.4728
"05093011000","tract",2023,"education_state_rnk",12.9393
"05093011100","tract",2023,"education_state_rnk",25.8786
"05093011200","tract",2023,"education_state_rnk",47.7636
"05093011300","tract",2023,"education_state_rnk",33.8658
"05093011400","tract",2023,"education_state_rnk",76.3578
"05095950100","tract",2023,"education_state_rnk",30.3514
"05095950200","tract",2023,"education_state_rnk",18.8498
"05095950300","tract",2023,"education_state_rnk",NA
"05097953000","tract",2023,"education_state_rnk",36.9808
"05097953100","tract",2023,"education_state_rnk",35.4633
"05097953200","tract",2023,"education_state_rnk",20.9265
"05099090100","tract",2023,"education_state_rnk",19.4888
"05099090200","tract",2023,"education_state_rnk",41.853
"05099090300","tract",2023,"education_state_rnk",NA
"05101180100","tract",2023,"education_state_rnk",10.8626
"05101180200","tract",2023,"education_state_rnk",36.9808
"05103950101","tract",2023,"education_state_rnk",NA
"05103950102","tract",2023,"education_state_rnk",46.6454
"05103950200","tract",2023,"education_state_rnk",67.5719
"05103950301","tract",2023,"education_state_rnk",NA
"05103950302","tract",2023,"education_state_rnk",NA
"05103950400","tract",2023,"education_state_rnk",66.4537
"05103950500","tract",2023,"education_state_rnk",24.0415
"05103950600","tract",2023,"education_state_rnk",26.3578
"05105952700","tract",2023,"education_state_rnk",44.8083
"05105952800","tract",2023,"education_state_rnk",30.5112
"05105952900","tract",2023,"education_state_rnk",NA
"05107480100","tract",2023,"education_state_rnk",32.5879
"05107480201","tract",2023,"education_state_rnk",17.2524
"05107480202","tract",2023,"education_state_rnk",35.1438
"05107480300","tract",2023,"education_state_rnk",16.853
"05107480400","tract",2023,"education_state_rnk",10.3834
"05107480500","tract",2023,"education_state_rnk",NA
"05107480600","tract",2023,"education_state_rnk",NA
"05109953300","tract",2023,"education_state_rnk",17.0927
"05109953400","tract",2023,"education_state_rnk",44.5687
"05109953500","tract",2023,"education_state_rnk",68.6901
"05111490100","tract",2023,"education_state_rnk",24.2812
"05111490200","tract",2023,"education_state_rnk",NA
"05111490300","tract",2023,"education_state_rnk",NA
"05111490400","tract",2023,"education_state_rnk",16.5335
"05111490501","tract",2023,"education_state_rnk",23.4824
"05111490502","tract",2023,"education_state_rnk",NA
"05111490600","tract",2023,"education_state_rnk",44.8083
"05111490700","tract",2023,"education_state_rnk",11.1821
"05113950100","tract",2023,"education_state_rnk",NA
"05113950201","tract",2023,"education_state_rnk",NA
"05113950202","tract",2023,"education_state_rnk",52.1565
"05113950300","tract",2023,"education_state_rnk",NA
"05113950400","tract",2023,"education_state_rnk",58.4665
"05113950500","tract",2023,"education_state_rnk",22.524
"05113950600","tract",2023,"education_state_rnk",4.7923
"05115950700","tract",2023,"education_state_rnk",3.5144
"05115950800","tract",2023,"education_state_rnk",50
"05115950901","tract",2023,"education_state_rnk",78.9137
"05115950902","tract",2023,"education_state_rnk",47.7636
"05115951000","tract",2023,"education_state_rnk",14.8562
"05115951100","tract",2023,"education_state_rnk",51.4377
"05115951201","tract",2023,"education_state_rnk",77.3163
"05115951202","tract",2023,"education_state_rnk",52.7955
"05115951301","tract",2023,"education_state_rnk",5.4313
"05115951302","tract",2023,"education_state_rnk",2.5559
"05115951303","tract",2023,"education_state_rnk",83.7061
"05115951400","tract",2023,"education_state_rnk",NA
"05115951501","tract",2023,"education_state_rnk",77.7955
"05115951503","tract",2023,"education_state_rnk",72.3642
"05115951504","tract",2023,"education_state_rnk",67.2524
"05115951601","tract",2023,"education_state_rnk",50.4792
"05115951602","tract",2023,"education_state_rnk",62.9393
"05117460100","tract",2023,"education_state_rnk",14.2173
"05117460200","tract",2023,"education_state_rnk",45.5272
"05117460300","tract",2023,"education_state_rnk",NA
"05119000500","tract",2023,"education_state_rnk",48.8818
"05119001100","tract",2023,"education_state_rnk",50.3195
"05119001200","tract",2023,"education_state_rnk",NA
"05119001300","tract",2023,"education_state_rnk",48.2428
"05119001501","tract",2023,"education_state_rnk",99.5208
"05119001502","tract",2023,"education_state_rnk",98.0831
"05119001600","tract",2023,"education_state_rnk",98.8818
"05119001800","tract",2023,"education_state_rnk",55.1917
"05119001900","tract",2023,"education_state_rnk",27.7955
"05119002001","tract",2023,"education_state_rnk",6.23
"05119002002","tract",2023,"education_state_rnk",31.1502
"05119002102","tract",2023,"education_state_rnk",49.6805
"05119002103","tract",2023,"education_state_rnk",91.2939
"05119002104","tract",2023,"education_state_rnk",96.4856
"05119002203","tract",2023,"education_state_rnk",89.6965
"05119002206","tract",2023,"education_state_rnk",94.4089
"05119002208","tract",2023,"education_state_rnk",71.5655
"05119002209","tract",2023,"education_state_rnk",80.0319
"05119002210","tract",2023,"education_state_rnk",99.2013
"05119002211","tract",2023,"education_state_rnk",89.4569
"05119002403","tract",2023,"education_state_rnk",72.6837
"05119002405","tract",2023,"education_state_rnk",62.4601
"05119002406","tract",2023,"education_state_rnk",63.738
"05119002407","tract",2023,"education_state_rnk",75.5591
"05119002409","tract",2023,"education_state_rnk",79.2332
"05119002410","tract",2023,"education_state_rnk",73.9617
"05119002500","tract",2023,"education_state_rnk",94.2492
"05119002600","tract",2023,"education_state_rnk",79.6326
"05119002700","tract",2023,"education_state_rnk",13.2588
"05119002800","tract",2023,"education_state_rnk",4.3131
"05119002900","tract",2023,"education_state_rnk",2.8754
"05119003001","tract",2023,"education_state_rnk",23.1629
"05119003002","tract",2023,"education_state_rnk",58.9457
"05119003100","tract",2023,"education_state_rnk",24.6805
"05119003202","tract",2023,"education_state_rnk",28.115
"05119003207","tract",2023,"education_state_rnk",50.639
"05119003208","tract",2023,"education_state_rnk",46.4856
"05119003303","tract",2023,"education_state_rnk",93.9297
"05119003305","tract",2023,"education_state_rnk",55.4313
"05119003306","tract",2023,"education_state_rnk",84.984
"05119003307","tract",2023,"education_state_rnk",72.8435
"05119003308","tract",2023,"education_state_rnk",91.5335
"05119003403","tract",2023,"education_state_rnk",69.1693
"05119003404","tract",2023,"education_state_rnk",54.1534
"05119003405","tract",2023,"education_state_rnk",49.2013
"05119003406","tract",2023,"education_state_rnk",51.5974
"05119003604","tract",2023,"education_state_rnk",61.5016
"05119003605","tract",2023,"education_state_rnk",40.7348
"05119003606","tract",2023,"education_state_rnk",9.7444
"05119003607","tract",2023,"education_state_rnk",62.7796
"05119003608","tract",2023,"education_state_rnk",66.2939
"05119003609","tract",2023,"education_state_rnk",43.6102
"05119003703","tract",2023,"education_state_rnk",88.8179
"05119003704","tract",2023,"education_state_rnk",73.8019
"05119003707","tract",2023,"education_state_rnk",81.4696
"05119003711","tract",2023,"education_state_rnk",85.9425
"05119003712","tract",2023,"education_state_rnk",84.6645
"05119003713","tract",2023,"education_state_rnk",86.262
"05119003714","tract",2023,"education_state_rnk",86.4217
"05119003800","tract",2023,"education_state_rnk",45.7668
"05119003900","tract",2023,"education_state_rnk",63.2588
"05119004001","tract",2023,"education_state_rnk",68.3706
"05119004004","tract",2023,"education_state_rnk",59.1054
"05119004005","tract",2023,"education_state_rnk",14.377
"05119004006","tract",2023,"education_state_rnk",39.0575
"05119004007","tract",2023,"education_state_rnk",44.4089
"05119004103","tract",2023,"education_state_rnk",12.6198
"05119004104","tract",2023,"education_state_rnk",57.8275
"05119004105","tract",2023,"education_state_rnk",12.1406
"05119004106","tract",2023,"education_state_rnk",10.2236
"05119004107","tract",2023,"education_state_rnk",2.2364
"05119004108","tract",2023,"education_state_rnk",7.0288
"05119004201","tract",2023,"education_state_rnk",73.0032
"05119004202","tract",2023,"education_state_rnk",97.1246
"05119004205","tract",2023,"education_state_rnk",90.4153
"05119004213","tract",2023,"education_state_rnk",94.5687
"05119004214","tract",2023,"education_state_rnk",94.0895
"05119004215","tract",2023,"education_state_rnk",99.361
"05119004218","tract",2023,"education_state_rnk",96.0064
"05119004219","tract",2023,"education_state_rnk",97.9233
"05119004220","tract",2023,"education_state_rnk",74.6006
"05119004222","tract",2023,"education_state_rnk",89.9361
"05119004223","tract",2023,"education_state_rnk",95.8466
"05119004224","tract",2023,"education_state_rnk",99.6805
"05119004225","tract",2023,"education_state_rnk",97.6038
"05119004226","tract",2023,"education_state_rnk",72.524
"05119004227","tract",2023,"education_state_rnk",77.476
"05119004228","tract",2023,"education_state_rnk",98.4026
"05119004229","tract",2023,"education_state_rnk",100
"05119004302","tract",2023,"education_state_rnk",56.7093
"05119004306","tract",2023,"education_state_rnk",92.6518
"05119004307","tract",2023,"education_state_rnk",90.7348
"05119004308","tract",2023,"education_state_rnk",97.4441
"05119004309","tract",2023,"education_state_rnk",95.5272
"05119004310","tract",2023,"education_state_rnk",53.1949
"05119004311","tract",2023,"education_state_rnk",93.2907
"05119004400","tract",2023,"education_state_rnk",99.8403
"05119004500","tract",2023,"education_state_rnk",69.6486
"05119004600","tract",2023,"education_state_rnk",89.2971
"05119004700","tract",2023,"education_state_rnk",94.7284
"05119004801","tract",2023,"education_state_rnk",94.8882
"05119004901","tract",2023,"education_state_rnk",97.7636
"05119004902","tract",2023,"education_state_rnk",98.722
"05119980100","tract",2023,"education_state_rnk",NA
"05119980200","tract",2023,"education_state_rnk",NA
"05119980300","tract",2023,"education_state_rnk",88.6581
"05119980400","tract",2023,"education_state_rnk",7.508
"05121960100","tract",2023,"education_state_rnk",21.7252
"05121960201","tract",2023,"education_state_rnk",NA
"05121960202","tract",2023,"education_state_rnk",NA
"05121960301","tract",2023,"education_state_rnk",58.7859
"05121960302","tract",2023,"education_state_rnk",35.3035
"05123960100","tract",2023,"education_state_rnk",NA
"05123960201","tract",2023,"education_state_rnk",NA
"05123960202","tract",2023,"education_state_rnk",63.8978
"05123960300","tract",2023,"education_state_rnk",21.3259
"05123960400","tract",2023,"education_state_rnk",6.0703
"05123960500","tract",2023,"education_state_rnk",NA
"05123960600","tract",2023,"education_state_rnk",NA
"05125010101","tract",2023,"education_state_rnk",42.9712
"05125010104","tract",2023,"education_state_rnk",NA
"05125010105","tract",2023,"education_state_rnk",61.3419
"05125010106","tract",2023,"education_state_rnk",88.1789
"05125010107","tract",2023,"education_state_rnk",67.9712
"05125010301","tract",2023,"education_state_rnk",71.885
"05125010302","tract",2023,"education_state_rnk",64.2971
"05125010303","tract",2023,"education_state_rnk",88.0192
"05125010405","tract",2023,"education_state_rnk",73.1629
"05125010406","tract",2023,"education_state_rnk",53.0351
"05125010407","tract",2023,"education_state_rnk",NA
"05125010408","tract",2023,"education_state_rnk",52.5559
"05125010409","tract",2023,"education_state_rnk",NA
"05125010410","tract",2023,"education_state_rnk",34.6645
"05125010411","tract",2023,"education_state_rnk",NA
"05125010507","tract",2023,"education_state_rnk",NA
"05125010508","tract",2023,"education_state_rnk",72.2045
"05125010509","tract",2023,"education_state_rnk",87.0607
"05125010511","tract",2023,"education_state_rnk",81.0703
"05125010512","tract",2023,"education_state_rnk",NA
"05125010513","tract",2023,"education_state_rnk",NA
"05125010514","tract",2023,"education_state_rnk",43.131
"05125010515","tract",2023,"education_state_rnk",NA
"05125010516","tract",2023,"education_state_rnk",NA
"05125010517","tract",2023,"education_state_rnk",NA
"05125010518","tract",2023,"education_state_rnk",NA
"05125010519","tract",2023,"education_state_rnk",82.7476
"05125010520","tract",2023,"education_state_rnk",22.1246
"05125010601","tract",2023,"education_state_rnk",18.2109
"05125010602","tract",2023,"education_state_rnk",51.7572
"05127950100","tract",2023,"education_state_rnk",28.2748
"05127950200","tract",2023,"education_state_rnk",17.8914
"05127950300","tract",2023,"education_state_rnk",NA
"05129970100","tract",2023,"education_state_rnk",8.6262
"05129970200","tract",2023,"education_state_rnk",7.3482
"05129970300","tract",2023,"education_state_rnk",20.607
"05131000100","tract",2023,"education_state_rnk",1.7572
"05131000200","tract",2023,"education_state_rnk",0.9585
"05131000300","tract",2023,"education_state_rnk",4.1534
"05131000400","tract",2023,"education_state_rnk",0.3195
"05131000501","tract",2023,"education_state_rnk",NA
"05131000502","tract",2023,"education_state_rnk",4.6326
"05131000600","tract",2023,"education_state_rnk",86.901
"05131000700","tract",2023,"education_state_rnk",23.0032
"05131000800","tract",2023,"education_state_rnk",33.5463
"05131001001","tract",2023,"education_state_rnk",42.1725
"05131001002","tract",2023,"education_state_rnk",88.3387
"05131001101","tract",2023,"education_state_rnk",23.3227
"05131001102","tract",2023,"education_state_rnk",62.1406
"05131001201","tract",2023,"education_state_rnk",56.0703
"05131001202","tract",2023,"education_state_rnk",8.8658
"05131001301","tract",2023,"education_state_rnk",90.2556
"05131001305","tract",2023,"education_state_rnk",NA
"05131001306","tract",2023,"education_state_rnk",NA
"05131001307","tract",2023,"education_state_rnk",NA
"05131001308","tract",2023,"education_state_rnk",28.4345
"05131001309","tract",2023,"education_state_rnk",17.4121
"05131001310","tract",2023,"education_state_rnk",70.607
"05131001311","tract",2023,"education_state_rnk",92.3323
"05131001312","tract",2023,"education_state_rnk",69.4888
"05131010101","tract",2023,"education_state_rnk",26.0383
"05131010102","tract",2023,"education_state_rnk",NA
"05131010201","tract",2023,"education_state_rnk",65.7348
"05131010202","tract",2023,"education_state_rnk",75.2396
"05131010301","tract",2023,"education_state_rnk",41.5335
"05131010303","tract",2023,"education_state_rnk",21.0863
"05131010304","tract",2023,"education_state_rnk",NA
"05133080100","tract",2023,"education_state_rnk",NA
"05133080200","tract",2023,"education_state_rnk",7.8275
"05133080300","tract",2023,"education_state_rnk",0.1597
"05133080400","tract",2023,"education_state_rnk",NA
"05135470100","tract",2023,"education_state_rnk",NA
"05135470201","tract",2023,"education_state_rnk",NA
"05135470202","tract",2023,"education_state_rnk",29.8722
"05135470300","tract",2023,"education_state_rnk",NA
"05135470401","tract",2023,"education_state_rnk",24.4409
"05135470402","tract",2023,"education_state_rnk",10.7029
"05137950100","tract",2023,"education_state_rnk",15.7348
"05137950201","tract",2023,"education_state_rnk",NA
"05137950203","tract",2023,"education_state_rnk",NA
"05137950204","tract",2023,"education_state_rnk",12.3003
"05139950100","tract",2023,"education_state_rnk",26.8371
"05139950200","tract",2023,"education_state_rnk",57.3482
"05139950300","tract",2023,"education_state_rnk",43.2907
"05139950401","tract",2023,"education_state_rnk",NA
"05139950402","tract",2023,"education_state_rnk",70.7668
"05139950501","tract",2023,"education_state_rnk",80.8307
"05139950502","tract",2023,"education_state_rnk",NA
"05139950600","tract",2023,"education_state_rnk",56.5495
"05139950700","tract",2023,"education_state_rnk",70.4473
"05139950800","tract",2023,"education_state_rnk",57.9872
"05139950900","tract",2023,"education_state_rnk",30.8307
"05139951000","tract",2023,"education_state_rnk",37.2204
"05141460100","tract",2023,"education_state_rnk",NA
"05141460200","tract",2023,"education_state_rnk",19.9681
"05141460301","tract",2023,"education_state_rnk",75.8786
"05141460303","tract",2023,"education_state_rnk",NA
"05141460304","tract",2023,"education_state_rnk",NA
"05141460400","tract",2023,"education_state_rnk",29.5527
"05143010101","tract",2023,"education_state_rnk",31.7891
"05143010107","tract",2023,"education_state_rnk",93.4505
"05143010108","tract",2023,"education_state_rnk",95.0479
"05143010109","tract",2023,"education_state_rnk",68.2109
"05143010110","tract",2023,"education_state_rnk",83.8658
"05143010111","tract",2023,"education_state_rnk",NA
"05143010112","tract",2023,"education_state_rnk",NA
"05143010113","tract",2023,"education_state_rnk",96.8051
"05143010114","tract",2023,"education_state_rnk",83.3866
"05143010115","tract",2023,"education_state_rnk",95.2077
"05143010201","tract",2023,"education_state_rnk",NA
"05143010202","tract",2023,"education_state_rnk",0
"05143010303","tract",2023,"education_state_rnk",1.278
"05143010304","tract",2023,"education_state_rnk",NA
"05143010305","tract",2023,"education_state_rnk",3.3546
"05143010306","tract",2023,"education_state_rnk",0.639
"05143010307","tract",2023,"education_state_rnk",0.7987
"05143010401","tract",2023,"education_state_rnk",7.1885
"05143010402","tract",2023,"education_state_rnk",3.0351
"05143010404","tract",2023,"education_state_rnk",0.4792
"05143010405","tract",2023,"education_state_rnk",NA
"05143010501","tract",2023,"education_state_rnk",64.5367
"05143010508","tract",2023,"education_state_rnk",NA
"05143010510","tract",2023,"education_state_rnk",22.6837
"05143010511","tract",2023,"education_state_rnk",96.3259
"05143010512","tract",2023,"education_state_rnk",2.7157
"05143010513","tract",2023,"education_state_rnk",25.0799
"05143010514","tract",2023,"education_state_rnk",65.4952
"05143010515","tract",2023,"education_state_rnk",68.8498
"05143010516","tract",2023,"education_state_rnk",NA
"05143010517","tract",2023,"education_state_rnk",96.1661
"05143010518","tract",2023,"education_state_rnk",89.6965
"05143010519","tract",2023,"education_state_rnk",NA
"05143010520","tract",2023,"education_state_rnk",87.2204
"05143010521","tract",2023,"education_state_rnk",57.508
"05143010601","tract",2023,"education_state_rnk",69.0096
"05143010602","tract",2023,"education_state_rnk",63.4984
"05143010703","tract",2023,"education_state_rnk",NA
"05143010704","tract",2023,"education_state_rnk",NA
"05143010705","tract",2023,"education_state_rnk",83.2268
"05143010706","tract",2023,"education_state_rnk",96.6454
"05143011002","tract",2023,"education_state_rnk",53.4345
"05143011003","tract",2023,"education_state_rnk",55.9105
"05143011004","tract",2023,"education_state_rnk",NA
"05143011005","tract",2023,"education_state_rnk",NA
"05143011006","tract",2023,"education_state_rnk",82.5879
"05143011103","tract",2023,"education_state_rnk",NA
"05143011104","tract",2023,"education_state_rnk",NA
"05143011105","tract",2023,"education_state_rnk",35.7827
"05143011106","tract",2023,"education_state_rnk",55.7508
"05143011107","tract",2023,"education_state_rnk",NA
"05143011200","tract",2023,"education_state_rnk",6.5495
"05143011301","tract",2023,"education_state_rnk",NA
"05143011302","tract",2023,"education_state_rnk",74.1214
"05145070100","tract",2023,"education_state_rnk",61.0224
"05145070200","tract",2023,"education_state_rnk",42.0128
"05145070300","tract",2023,"education_state_rnk",12.4601
"05145070401","tract",2023,"education_state_rnk",73.4824
"05145070402","tract",2023,"education_state_rnk",45.3674
"05145070501","tract",2023,"education_state_rnk",44.0895
"05145070502","tract",2023,"education_state_rnk",14.0575
"05145070600","tract",2023,"education_state_rnk",16.2939
"05145070700","tract",2023,"education_state_rnk",54.1534
"05145070801","tract",2023,"education_state_rnk",NA
"05145070802","tract",2023,"education_state_rnk",9.345
"05145070901","tract",2023,"education_state_rnk",67.0927
"05145070902","tract",2023,"education_state_rnk",85.7827
"05145071001","tract",2023,"education_state_rnk",80.5112
"05145071002","tract",2023,"education_state_rnk",33.0671
"05145071101","tract",2023,"education_state_rnk",5.9105
"05145071102","tract",2023,"education_state_rnk",20.2875
"05145071201","tract",2023,"education_state_rnk",34.0256
"05145071202","tract",2023,"education_state_rnk",50.9585
"05147490100","tract",2023,"education_state_rnk",15.3355
"05147490200","tract",2023,"education_state_rnk",40.9744
"05149952301","tract",2023,"education_state_rnk",3.8339
"05149952302","tract",2023,"education_state_rnk",34.345
"05149952401","tract",2023,"education_state_rnk",13.5783
"05149952402","tract",2023,"education_state_rnk",NA
"05149952500","tract",2023,"education_state_rnk",7.9872
"05149952600","tract",2023,"education_state_rnk",10.0639
