"geoid","geolevel","year","level","value"
"08001007801","tract",2023,"education_score",156.89
"08001007802","tract",2023,"education_score",152.8
"08001007900","tract",2023,"education_score",130.75
"08001008000","tract",2023,"education_score",121.46
"08001008100","tract",2023,"education_score",80.41
"08001008200","tract",2023,"education_score",126.09
"08001008308","tract",2023,"education_score",144.11
"08001008309","tract",2023,"education_score",166.25
"08001008354","tract",2023,"education_score",100.11
"08001008355","tract",2023,"education_score",119.18
"08001008401","tract",2023,"education_score",104.97
"08001008402","tract",2023,"education_score",98.41
"08001008505","tract",2023,"education_score",102.45
"08001008506","tract",2023,"education_score",98.78
"08001008507","tract",2023,"education_score",101.47
"08001008508","tract",2023,"education_score",104.19
"08001008524","tract",2023,"education_score",92.99
"08001008526","tract",2023,"education_score",93.96
"08001008533","tract",2023,"education_score",98.34
"08001008534","tract",2023,"education_score",106.41
"08001008535","tract",2023,"education_score",104.95
"08001008536","tract",2023,"education_score",96.8
"08001008538","tract",2023,"education_score",93.4
"08001008540","tract",2023,"education_score",96.97
"08001008544","tract",2023,"education_score",94.26
"08001008545","tract",2023,"education_score",99.12
"08001008546","tract",2023,"education_score",87.75
"08001008547","tract",2023,"education_score",97.02
"08001008548","tract",2023,"education_score",89.77
"08001008549","tract",2023,"education_score",113.43
"08001008550","tract",2023,"education_score",84.48
"08001008551","tract",2023,"education_score",82.96
"08001008552","tract",2023,"education_score",90.07
"08001008553","tract",2023,"education_score",91.54
"08001008554","tract",2023,"education_score",81.74
"08001008555","tract",2023,"education_score",101.26
"08001008556","tract",2023,"education_score",92.27
"08001008557","tract",2023,"education_score",101.05
"08001008558","tract",2023,"education_score",91.13
"08001008559","tract",2023,"education_score",114.55
"08001008560","tract",2023,"education_score",88.64
"08001008561","tract",2023,"education_score",75.56
"08001008562","tract",2023,"education_score",95.92
"08001008563","tract",2023,"education_score",105.69
"08001008564","tract",2023,"education_score",99.35
"08001008565","tract",2023,"education_score",112.21
"08001008603","tract",2023,"education_score",125.64
"08001008604","tract",2023,"education_score",97.01
"08001008605","tract",2023,"education_score",107.32
"08001008606","tract",2023,"education_score",130.55
"08001008705","tract",2023,"education_score",143.95
"08001008706","tract",2023,"education_score",133.4
"08001008709","tract",2023,"education_score",147.29
"08001008801","tract",2023,"education_score",151.23
"08001008802","tract",2023,"education_score",132.76
"08001008901","tract",2023,"education_score",151.85
"08001009001","tract",2023,"education_score",133.1
"08001009003","tract",2023,"education_score",122.81
"08001009004","tract",2023,"education_score",121.88
"08001009101","tract",2023,"education_score",108.05
"08001009103","tract",2023,"education_score",148.26
"08001009104","tract",2023,"education_score",110.42
"08001009202","tract",2023,"education_score",128.16
"08001009203","tract",2023,"education_score",126.42
"08001009204","tract",2023,"education_score",104.9
"08001009206","tract",2023,"education_score",88.54
"08001009207","tract",2023,"education_score",115.02
"08001009304","tract",2023,"education_score",104.11
"08001009306","tract",2023,"education_score",110.26
"08001009307","tract",2023,"education_score",111.04
"08001009308","tract",2023,"education_score",120.62
"08001009309","tract",2023,"education_score",113.43
"08001009310","tract",2023,"education_score",123.39
"08001009316","tract",2023,"education_score",168.94
"08001009318","tract",2023,"education_score",121.07
"08001009319","tract",2023,"education_score",135.2
"08001009320","tract",2023,"education_score",115.11
"08001009321","tract",2023,"education_score",121.5
"08001009322","tract",2023,"education_score",128.93
"08001009323","tract",2023,"education_score",98.45
"08001009325","tract",2023,"education_score",84.71
"08001009326","tract",2023,"education_score",81.15
"08001009327","tract",2023,"education_score",96.33
"08001009401","tract",2023,"education_score",106.35
"08001009406","tract",2023,"education_score",102.38
"08001009407","tract",2023,"education_score",110.06
"08001009408","tract",2023,"education_score",79.36
"08001009409","tract",2023,"education_score",73.14
"08001009410","tract",2023,"education_score",90.56
"08001009411","tract",2023,"education_score",83.77
"08001009501","tract",2023,"education_score",101.94
"08001009502","tract",2023,"education_score",105.48
"08001009553","tract",2023,"education_score",107.66
"08001009603","tract",2023,"education_score",108.23
"08001009604","tract",2023,"education_score",103.14
"08001009606","tract",2023,"education_score",126.01
"08001009607","tract",2023,"education_score",102.53
"08001009608","tract",2023,"education_score",91.63
"08001009751","tract",2023,"education_score",113.57
"08001009752","tract",2023,"education_score",111.72
"08001015000","tract",2023,"education_score",126.22
"08001060001","tract",2023,"education_score",78.23
"08001060002","tract",2023,"education_score",96.26
"08001060100","tract",2023,"education_score",90.54
"08001060200","tract",2023,"education_score",81.75
"08001061200","tract",2023,"education_score",79.75
"08001988700","tract",2023,"education_score",NA
"08003960000","tract",2023,"education_score",95.7
"08003960100","tract",2023,"education_score",105.73
"08003960201","tract",2023,"education_score",101.8
"08003960202","tract",2023,"education_score",99.34
"08003960300","tract",2023,"education_score",131.49
"08005004951","tract",2023,"education_score",82.96
"08005004952","tract",2023,"education_score",84.35
"08005005551","tract",2023,"education_score",114.15
"08005005552","tract",2023,"education_score",100.58
"08005005553","tract",2023,"education_score",111.74
"08005005611","tract",2023,"education_score",79.18
"08005005612","tract",2023,"education_score",83.48
"08005005614","tract",2023,"education_score",81.68
"08005005619","tract",2023,"education_score",86.1
"08005005620","tract",2023,"education_score",83.24
"08005005621","tract",2023,"education_score",75.75
"08005005622","tract",2023,"education_score",69.44
"08005005623","tract",2023,"education_score",69.6
"08005005624","tract",2023,"education_score",79.01
"08005005625","tract",2023,"education_score",81.49
"08005005626","tract",2023,"education_score",84.84
"08005005627","tract",2023,"education_score",85.21
"08005005628","tract",2023,"education_score",83.78
"08005005629","tract",2023,"education_score",74.78
"08005005630","tract",2023,"education_score",76
"08005005631","tract",2023,"education_score",75.16
"08005005632","tract",2023,"education_score",76.18
"08005005633","tract",2023,"education_score",76.4
"08005005634","tract",2023,"education_score",77.99
"08005005635","tract",2023,"education_score",72.44
"08005005636","tract",2023,"education_score",71.94
"08005005701","tract",2023,"education_score",86.49
"08005005702","tract",2023,"education_score",84.86
"08005005800","tract",2023,"education_score",63.97
"08005005951","tract",2023,"education_score",76.36
"08005005952","tract",2023,"education_score",85.32
"08005006000","tract",2023,"education_score",76.62
"08005006100","tract",2023,"education_score",84.38
"08005006200","tract",2023,"education_score",83.77
"08005006300","tract",2023,"education_score",79.65
"08005006400","tract",2023,"education_score",82.99
"08005006501","tract",2023,"education_score",81.05
"08005006502","tract",2023,"education_score",80.45
"08005006601","tract",2023,"education_score",86.77
"08005006603","tract",2023,"education_score",88.1
"08005006604","tract",2023,"education_score",83.73
"08005006704","tract",2023,"education_score",67.23
"08005006705","tract",2023,"education_score",60.78
"08005006706","tract",2023,"education_score",84.99
"08005006707","tract",2023,"education_score",78.43
"08005006708","tract",2023,"education_score",75.92
"08005006709","tract",2023,"education_score",73.92
"08005006711","tract",2023,"education_score",74.74
"08005006712","tract",2023,"education_score",68.96
"08005006713","tract",2023,"education_score",74.19
"08005006808","tract",2023,"education_score",70.02
"08005006815","tract",2023,"education_score",90.89
"08005006854","tract",2023,"education_score",82.88
"08005006857","tract",2023,"education_score",60.55
"08005006859","tract",2023,"education_score",81.89
"08005006860","tract",2023,"education_score",76.24
"08005006861","tract",2023,"education_score",76.69
"08005006862","tract",2023,"education_score",77.87
"08005006863","tract",2023,"education_score",92.83
"08005006864","tract",2023,"education_score",75.88
"08005007101","tract",2023,"education_score",101.17
"08005007103","tract",2023,"education_score",91.18
"08005007106","tract",2023,"education_score",93.83
"08005007108","tract",2023,"education_score",97.91
"08005007109","tract",2023,"education_score",94.79
"08005007110","tract",2023,"education_score",86.36
"08005007111","tract",2023,"education_score",115.05
"08005007112","tract",2023,"education_score",98.19
"08005007113","tract",2023,"education_score",77.57
"08005007201","tract",2023,"education_score",125.46
"08005007202","tract",2023,"education_score",132.18
"08005007301","tract",2023,"education_score",103.63
"08005007302","tract",2023,"education_score",140.02
"08005007400","tract",2023,"education_score",132.56
"08005007500","tract",2023,"education_score",129.44
"08005007600","tract",2023,"education_score",121.95
"08005007702","tract",2023,"education_score",95.19
"08005007703","tract",2023,"education_score",99.55
"08005007704","tract",2023,"education_score",111.15
"08005015100","tract",2023,"education_score",81.27
"08005080000","tract",2023,"education_score",99.68
"08005080100","tract",2023,"education_score",119.18
"08005080200","tract",2023,"education_score",102.51
"08005080300","tract",2023,"education_score",82.39
"08005080400","tract",2023,"education_score",79.37
"08005080500","tract",2023,"education_score",81.63
"08005080600","tract",2023,"education_score",103.46
"08005080700","tract",2023,"education_score",106.79
"08005080800","tract",2023,"education_score",129.01
"08005080900","tract",2023,"education_score",123.2
"08005081001","tract",2023,"education_score",92.06
"08005081002","tract",2023,"education_score",117.79
"08005081101","tract",2023,"education_score",109.77
"08005081102","tract",2023,"education_score",98.82
"08005081200","tract",2023,"education_score",110.55
"08005081300","tract",2023,"education_score",104.98
"08005081400","tract",2023,"education_score",85.01
"08005081500","tract",2023,"education_score",73.71
"08005081600","tract",2023,"education_score",98.68
"08005081700","tract",2023,"education_score",78.57
"08005081800","tract",2023,"education_score",130.57
"08005081900","tract",2023,"education_score",124.48
"08005082000","tract",2023,"education_score",116.63
"08005082100","tract",2023,"education_score",112.04
"08005082200","tract",2023,"education_score",110.4
"08005082300","tract",2023,"education_score",112.05
"08005082400","tract",2023,"education_score",127.09
"08005082500","tract",2023,"education_score",98.31
"08005082600","tract",2023,"education_score",115.15
"08005082700","tract",2023,"education_score",126.17
"08005082800","tract",2023,"education_score",102.94
"08005082900","tract",2023,"education_score",105.88
"08005083000","tract",2023,"education_score",78.51
"08005083100","tract",2023,"education_score",101.57
"08005083201","tract",2023,"education_score",92.26
"08005083202","tract",2023,"education_score",99.86
"08005083300","tract",2023,"education_score",92.08
"08005083400","tract",2023,"education_score",111.79
"08005083500","tract",2023,"education_score",108.18
"08005083600","tract",2023,"education_score",86.47
"08005083700","tract",2023,"education_score",88.9
"08005083800","tract",2023,"education_score",82.49
"08005083900","tract",2023,"education_score",79.56
"08005084000","tract",2023,"education_score",102.6
"08005084100","tract",2023,"education_score",108.58
"08005084200","tract",2023,"education_score",98.91
"08005084300","tract",2023,"education_score",93.4
"08005084400","tract",2023,"education_score",121.1
"08005084500","tract",2023,"education_score",78.25
"08005084600","tract",2023,"education_score",94.98
"08005084700","tract",2023,"education_score",88.07
"08005084800","tract",2023,"education_score",103.65
"08005084900","tract",2023,"education_score",79.14
"08005085000","tract",2023,"education_score",83.34
"08005085100","tract",2023,"education_score",83.05
"08005085200","tract",2023,"education_score",78.34
"08005085300","tract",2023,"education_score",80.49
"08005085400","tract",2023,"education_score",86.54
"08005085500","tract",2023,"education_score",86.18
"08005085600","tract",2023,"education_score",88.29
"08005085700","tract",2023,"education_score",98.49
"08005085800","tract",2023,"education_score",85.06
"08005085900","tract",2023,"education_score",92.39
"08005086001","tract",2023,"education_score",89.05
"08005086002","tract",2023,"education_score",107.09
"08005086100","tract",2023,"education_score",92.01
"08005086200","tract",2023,"education_score",81.95
"08005086300","tract",2023,"education_score",93.97
"08005086400","tract",2023,"education_score",79.9
"08005086500","tract",2023,"education_score",96.39
"08005086600","tract",2023,"education_score",75.67
"08005086700","tract",2023,"education_score",82.55
"08005086801","tract",2023,"education_score",87.49
"08005086802","tract",2023,"education_score",88.42
"08005086900","tract",2023,"education_score",93.98
"08005087000","tract",2023,"education_score",97.49
"08005087100","tract",2023,"education_score",91.69
"08005087200","tract",2023,"education_score",78.5
"08005087301","tract",2023,"education_score",104.19
"08005087302","tract",2023,"education_score",84.65
"08005980000","tract",2023,"education_score",69.67
"08007940400","tract",2023,"education_score",96.46
"08007974201","tract",2023,"education_score",75.91
"08007974202","tract",2023,"education_score",84.26
"08007974300","tract",2023,"education_score",93.77
"08007974400","tract",2023,"education_score",95.24
"08009964600","tract",2023,"education_score",99.92
"08009964700","tract",2023,"education_score",119.82
"08011966701","tract",2023,"education_score",NA
"08011966702","tract",2023,"education_score",113.01
"08013012101","tract",2023,"education_score",69.83
"08013012103","tract",2023,"education_score",76.78
"08013012104","tract",2023,"education_score",91.78
"08013012105","tract",2023,"education_score",95.58
"08013012106","tract",2023,"education_score",80.62
"08013012107","tract",2023,"education_score",90.34
"08013012201","tract",2023,"education_score",77.73
"08013012204","tract",2023,"education_score",81.42
"08013012205","tract",2023,"education_score",91.76
"08013012206","tract",2023,"education_score",87.97
"08013012207","tract",2023,"education_score",85.83
"08013012208","tract",2023,"education_score",70.11
"08013012300","tract",2023,"education_score",NA
"08013012401","tract",2023,"education_score",100.98
"08013012501","tract",2023,"education_score",75.09
"08013012505","tract",2023,"education_score",71.18
"08013012507","tract",2023,"education_score",84.44
"08013012508","tract",2023,"education_score",77.9
"08013012509","tract",2023,"education_score",79.09
"08013012510","tract",2023,"education_score",67.05
"08013012511","tract",2023,"education_score",NA
"08013012603","tract",2023,"education_score",75.8
"08013012605","tract",2023,"education_score",90.32
"08013012608","tract",2023,"education_score",75.48
"08013012609","tract",2023,"education_score",88.64
"08013012610","tract",2023,"education_score",108.4
"08013012701","tract",2023,"education_score",78.88
"08013012705","tract",2023,"education_score",72.19
"08013012707","tract",2023,"education_score",85.95
"08013012708","tract",2023,"education_score",63.74
"08013012709","tract",2023,"education_score",84.95
"08013012710","tract",2023,"education_score",75.48
"08013012801","tract",2023,"education_score",83.1
"08013012802","tract",2023,"education_score",80.64
"08013012903","tract",2023,"education_score",72.98
"08013012904","tract",2023,"education_score",70.55
"08013012905","tract",2023,"education_score",72.83
"08013012907","tract",2023,"education_score",80.12
"08013013003","tract",2023,"education_score",80.26
"08013013004","tract",2023,"education_score",85.96
"08013013005","tract",2023,"education_score",87.03
"08013013006","tract",2023,"education_score",84.46
"08013013201","tract",2023,"education_score",101.99
"08013013202","tract",2023,"education_score",73
"08013013205","tract",2023,"education_score",65.37
"08013013207","tract",2023,"education_score",82.27
"08013013208","tract",2023,"education_score",98.62
"08013013210","tract",2023,"education_score",100.22
"08013013211","tract",2023,"education_score",87.8
"08013013212","tract",2023,"education_score",78.39
"08013013214","tract",2023,"education_score",76.23
"08013013215","tract",2023,"education_score",94.8
"08013013302","tract",2023,"education_score",81.65
"08013013305","tract",2023,"education_score",101.48
"08013013306","tract",2023,"education_score",99.42
"08013013307","tract",2023,"education_score",92.03
"08013013308","tract",2023,"education_score",87.67
"08013013401","tract",2023,"education_score",100.09
"08013013402","tract",2023,"education_score",89.27
"08013013503","tract",2023,"education_score",108.75
"08013013505","tract",2023,"education_score",115.67
"08013013506","tract",2023,"education_score",86.34
"08013013507","tract",2023,"education_score",106.37
"08013013508","tract",2023,"education_score",81.31
"08013013601","tract",2023,"education_score",82.02
"08013013602","tract",2023,"education_score",76.94
"08013013703","tract",2023,"education_score",66.49
"08013013704","tract",2023,"education_score",76.39
"08013013705","tract",2023,"education_score",80.51
"08013013706","tract",2023,"education_score",70.05
"08013060601","tract",2023,"education_score",75.12
"08013060602","tract",2023,"education_score",90.98
"08013060700","tract",2023,"education_score",78.24
"08013060801","tract",2023,"education_score",83.19
"08013060802","tract",2023,"education_score",98.65
"08013060900","tract",2023,"education_score",93.96
"08013061300","tract",2023,"education_score",86.89
"08013061400","tract",2023,"education_score",79.11
"08014030000","tract",2023,"education_score",95.73
"08014030100","tract",2023,"education_score",85.67
"08014030200","tract",2023,"education_score",81.79
"08014030300","tract",2023,"education_score",88.69
"08014030400","tract",2023,"education_score",85.63
"08014030500","tract",2023,"education_score",83.71
"08014030600","tract",2023,"education_score",93.47
"08014030700","tract",2023,"education_score",84.03
"08014030800","tract",2023,"education_score",82.99
"08014030900","tract",2023,"education_score",82.18
"08014031000","tract",2023,"education_score",78.61
"08014031101","tract",2023,"education_score",69.22
"08014031102","tract",2023,"education_score",69.29
"08014031103","tract",2023,"education_score",79.93
"08014031104","tract",2023,"education_score",61.43
"08014031201","tract",2023,"education_score",71.72
"08014031202","tract",2023,"education_score",75.82
"08014031300","tract",2023,"education_score",78.69
"08014031401","tract",2023,"education_score",65.35
"08014031402","tract",2023,"education_score",86.33
"08014031403","tract",2023,"education_score",90.18
"08014980100","tract",2023,"education_score",NA
"08014980200","tract",2023,"education_score",NA
"08014980300","tract",2023,"education_score",NA
"08015000100","tract",2023,"education_score",85.36
"08015000200","tract",2023,"education_score",82
"08015000300","tract",2023,"education_score",78.7
"08015000402","tract",2023,"education_score",100.9
"08015000403","tract",2023,"education_score",69.07
"08015000404","tract",2023,"education_score",89.08
"08017960600","tract",2023,"education_score",105.36
"08019014701","tract",2023,"education_score",70.33
"08019014702","tract",2023,"education_score",80.21
"08019014800","tract",2023,"education_score",93.44
"08019014900","tract",2023,"education_score",91.33
"08021974800","tract",2023,"education_score",115.55
"08021974900","tract",2023,"education_score",110.23
"08023972600","tract",2023,"education_score",99.14
"08023972700","tract",2023,"education_score",101.31
"08025969601","tract",2023,"education_score",NA
"08025969602","tract",2023,"education_score",111.59
"08027970101","tract",2023,"education_score",86.35
"08027970102","tract",2023,"education_score",98.94
"08029964600","tract",2023,"education_score",98.19
"08029964700","tract",2023,"education_score",102.63
"08029964800","tract",2023,"education_score",106.62
"08029964900","tract",2023,"education_score",105.53
"08029965001","tract",2023,"education_score",91.64
"08029965002","tract",2023,"education_score",96.33
"08029965100","tract",2023,"education_score",109.95
"08029965201","tract",2023,"education_score",109.22
"08029965202","tract",2023,"education_score",96.52
"08031000102","tract",2023,"education_score",71.47
"08031000201","tract",2023,"education_score",81.79
"08031000202","tract",2023,"education_score",86.61
"08031000301","tract",2023,"education_score",65.39
"08031000302","tract",2023,"education_score",71.35
"08031000303","tract",2023,"education_score",68.64
"08031000401","tract",2023,"education_score",83.33
"08031000403","tract",2023,"education_score",72.64
"08031000404","tract",2023,"education_score",57.92
"08031000501","tract",2023,"education_score",68.39
"08031000503","tract",2023,"education_score",79.17
"08031000504","tract",2023,"education_score",68.44
"08031000600","tract",2023,"education_score",69.33
"08031000703","tract",2023,"education_score",76.66
"08031000704","tract",2023,"education_score",85.01
"08031000705","tract",2023,"education_score",67.37
"08031000706","tract",2023,"education_score",87.75
"08031000800","tract",2023,"education_score",153.2
"08031000902","tract",2023,"education_score",119.4
"08031000903","tract",2023,"education_score",130.11
"08031000904","tract",2023,"education_score",132.84
"08031000905","tract",2023,"education_score",107.53
"08031001000","tract",2023,"education_score",118.33
"08031001101","tract",2023,"education_score",78.9
"08031001102","tract",2023,"education_score",61.23
"08031001301","tract",2023,"education_score",127.45
"08031001302","tract",2023,"education_score",98.89
"08031001401","tract",2023,"education_score",123.36
"08031001402","tract",2023,"education_score",137.04
"08031001403","tract",2023,"education_score",69.85
"08031001500","tract",2023,"education_score",120.61
"08031001601","tract",2023,"education_score",68.9
"08031001602","tract",2023,"education_score",65.16
"08031001603","tract",2023,"education_score",66.87
"08031001703","tract",2023,"education_score",53.79
"08031001704","tract",2023,"education_score",57.57
"08031001705","tract",2023,"education_score",51.2
"08031001706","tract",2023,"education_score",68.6
"08031001707","tract",2023,"education_score",63.26
"08031001800","tract",2023,"education_score",76.69
"08031001901","tract",2023,"education_score",99.15
"08031002000","tract",2023,"education_score",59.16
"08031002101","tract",2023,"education_score",64.81
"08031002102","tract",2023,"education_score",64.83
"08031002300","tract",2023,"education_score",65.71
"08031002402","tract",2023,"education_score",74.81
"08031002404","tract",2023,"education_score",75.18
"08031002405","tract",2023,"education_score",66.63
"08031002602","tract",2023,"education_score",62.28
"08031002603","tract",2023,"education_score",57.62
"08031002604","tract",2023,"education_score",70.68
"08031002704","tract",2023,"education_score",70.95
"08031002705","tract",2023,"education_score",64.27
"08031002706","tract",2023,"education_score",62.28
"08031002707","tract",2023,"education_score",61.43
"08031002708","tract",2023,"education_score",66.39
"08031002709","tract",2023,"education_score",65.07
"08031002801","tract",2023,"education_score",61.54
"08031002802","tract",2023,"education_score",68.89
"08031002804","tract",2023,"education_score",58.87
"08031002805","tract",2023,"education_score",59.17
"08031002901","tract",2023,"education_score",64.53
"08031002902","tract",2023,"education_score",61.85
"08031003002","tract",2023,"education_score",62.54
"08031003003","tract",2023,"education_score",88.76
"08031003004","tract",2023,"education_score",82.69
"08031003005","tract",2023,"education_score",62.56
"08031003006","tract",2023,"education_score",68.15
"08031003101","tract",2023,"education_score",68.47
"08031003102","tract",2023,"education_score",69.24
"08031003202","tract",2023,"education_score",63.24
"08031003203","tract",2023,"education_score",61.35
"08031003204","tract",2023,"education_score",61.54
"08031003205","tract",2023,"education_score",61.01
"08031003300","tract",2023,"education_score",63.27
"08031003401","tract",2023,"education_score",61.45
"08031003402","tract",2023,"education_score",65.68
"08031003501","tract",2023,"education_score",141.67
"08031003502","tract",2023,"education_score",175.95
"08031003601","tract",2023,"education_score",92.36
"08031003602","tract",2023,"education_score",92.29
"08031003603","tract",2023,"education_score",75.76
"08031003701","tract",2023,"education_score",68.98
"08031003702","tract",2023,"education_score",63.72
"08031003703","tract",2023,"education_score",80.41
"08031003801","tract",2023,"education_score",64.57
"08031003802","tract",2023,"education_score",53.55
"08031003901","tract",2023,"education_score",54.74
"08031003902","tract",2023,"education_score",67.67
"08031004002","tract",2023,"education_score",69.39
"08031004003","tract",2023,"education_score",62.12
"08031004004","tract",2023,"education_score",77
"08031004005","tract",2023,"education_score",77.67
"08031004006","tract",2023,"education_score",76.24
"08031004101","tract",2023,"education_score",87.85
"08031004102","tract",2023,"education_score",106.31
"08031004103","tract",2023,"education_score",74.62
"08031004104","tract",2023,"education_score",72.63
"08031004108","tract",2023,"education_score",76.46
"08031004109","tract",2023,"education_score",74.36
"08031004110","tract",2023,"education_score",NA
"08031004111","tract",2023,"education_score",78.9
"08031004112","tract",2023,"education_score",73.01
"08031004113","tract",2023,"education_score",78.25
"08031004201","tract",2023,"education_score",75.51
"08031004202","tract",2023,"education_score",74.65
"08031004302","tract",2023,"education_score",79.33
"08031004303","tract",2023,"education_score",71.36
"08031004306","tract",2023,"education_score",73.32
"08031004307","tract",2023,"education_score",71.62
"08031004308","tract",2023,"education_score",73.35
"08031004309","tract",2023,"education_score",75.08
"08031004310","tract",2023,"education_score",59.72
"08031004403","tract",2023,"education_score",75.58
"08031004404","tract",2023,"education_score",130.54
"08031004406","tract",2023,"education_score",60.55
"08031004407","tract",2023,"education_score",70.85
"08031004503","tract",2023,"education_score",134.56
"08031004504","tract",2023,"education_score",154.6
"08031004505","tract",2023,"education_score",153.35
"08031004506","tract",2023,"education_score",149.09
"08031004601","tract",2023,"education_score",122.65
"08031004602","tract",2023,"education_score",127.5
"08031004603","tract",2023,"education_score",105.96
"08031004700","tract",2023,"education_score",103.86
"08031004801","tract",2023,"education_score",83.17
"08031005001","tract",2023,"education_score",89.18
"08031005003","tract",2023,"education_score",92
"08031005004","tract",2023,"education_score",93.46
"08031005102","tract",2023,"education_score",70.12
"08031005104","tract",2023,"education_score",90.76
"08031005200","tract",2023,"education_score",76.75
"08031005300","tract",2023,"education_score",77.63
"08031005502","tract",2023,"education_score",102.35
"08031005503","tract",2023,"education_score",95.59
"08031006701","tract",2023,"education_score",65.38
"08031006804","tract",2023,"education_score",66.01
"08031006810","tract",2023,"education_score",87.29
"08031006812","tract",2023,"education_score",75.88
"08031006813","tract",2023,"education_score",91.97
"08031006814","tract",2023,"education_score",103.3
"08031006815","tract",2023,"education_score",60.2
"08031006816","tract",2023,"education_score",80.38
"08031006817","tract",2023,"education_score",82.47
"08031006818","tract",2023,"education_score",68.41
"08031006902","tract",2023,"education_score",88.55
"08031006903","tract",2023,"education_score",76.62
"08031007006","tract",2023,"education_score",106
"08031007013","tract",2023,"education_score",75.92
"08031007037","tract",2023,"education_score",112.14
"08031007088","tract",2023,"education_score",88.32
"08031007090","tract",2023,"education_score",81.73
"08031007091","tract",2023,"education_score",67.97
"08031008304","tract",2023,"education_score",150.42
"08031008305","tract",2023,"education_score",150.29
"08031008306","tract",2023,"education_score",136.32
"08031008312","tract",2023,"education_score",122.77
"08031008386","tract",2023,"education_score",133.25
"08031008387","tract",2023,"education_score",131.33
"08031008388","tract",2023,"education_score",103.03
"08031008389","tract",2023,"education_score",104.2
"08031008390","tract",2023,"education_score",104.15
"08031008391","tract",2023,"education_score",110.85
"08031011902","tract",2023,"education_score",89.03
"08031011903","tract",2023,"education_score",90.03
"08031012001","tract",2023,"education_score",84.68
"08031012010","tract",2023,"education_score",83.66
"08031012015","tract",2023,"education_score",75.92
"08031012016","tract",2023,"education_score",94.6
"08031015300","tract",2023,"education_score",70.06
"08031015400","tract",2023,"education_score",89.94
"08031015500","tract",2023,"education_score",79.68
"08031015600","tract",2023,"education_score",117.27
"08031015700","tract",2023,"education_score",120.87
"08031015800","tract",2023,"education_score",106.11
"08031980001","tract",2023,"education_score",NA
"08031980100","tract",2023,"education_score",NA
"08031980200","tract",2023,"education_score",NA
"08033000100","tract",2023,"education_score",92.48
"08035013904","tract",2023,"education_score",86.72
"08035013905","tract",2023,"education_score",88.04
"08035013907","tract",2023,"education_score",91.9
"08035013909","tract",2023,"education_score",87.92
"08035013910","tract",2023,"education_score",89.13
"08035013911","tract",2023,"education_score",85.06
"08035013912","tract",2023,"education_score",93.16
"08035013913","tract",2023,"education_score",73.69
"08035013914","tract",2023,"education_score",83.11
"08035013915","tract",2023,"education_score",81.88
"08035014005","tract",2023,"education_score",83.7
"08035014006","tract",2023,"education_score",87.05
"08035014007","tract",2023,"education_score",80.13
"08035014008","tract",2023,"education_score",82.78
"08035014009","tract",2023,"education_score",76.54
"08035014010","tract",2023,"education_score",85.59
"08035014011","tract",2023,"education_score",79.11
"08035014013","tract",2023,"education_score",82.46
"08035014014","tract",2023,"education_score",77.51
"08035014015","tract",2023,"education_score",87.73
"08035014016","tract",2023,"education_score",79.72
"08035014017","tract",2023,"education_score",81.8
"08035014107","tract",2023,"education_score",75.15
"08035014108","tract",2023,"education_score",78
"08035014109","tract",2023,"education_score",72.49
"08035014110","tract",2023,"education_score",86.69
"08035014112","tract",2023,"education_score",82.63
"08035014113","tract",2023,"education_score",85.46
"08035014114","tract",2023,"education_score",87.46
"08035014115","tract",2023,"education_score",77.18
"08035014116","tract",2023,"education_score",64.55
"08035014123","tract",2023,"education_score",81.75
"08035014124","tract",2023,"education_score",80.69
"08035014125","tract",2023,"education_score",68.21
"08035014126","tract",2023,"education_score",81.94
"08035014127","tract",2023,"education_score",72.78
"08035014128","tract",2023,"education_score",78.92
"08035014129","tract",2023,"education_score",83.39
"08035014130","tract",2023,"education_score",78.23
"08035014131","tract",2023,"education_score",68.46
"08035014132","tract",2023,"education_score",83.48
"08035014133","tract",2023,"education_score",74.32
"08035014134","tract",2023,"education_score",83.5
"08035014135","tract",2023,"education_score",76.22
"08035014138","tract",2023,"education_score",70.84
"08035014139","tract",2023,"education_score",75.26
"08035014140","tract",2023,"education_score",76.84
"08035014141","tract",2023,"education_score",79.79
"08035014142","tract",2023,"education_score",69.28
"08035014143","tract",2023,"education_score",92.77
"08035014144","tract",2023,"education_score",84.52
"08035014145","tract",2023,"education_score",80.85
"08035014146","tract",2023,"education_score",86.84
"08035014203","tract",2023,"education_score",71.85
"08035014205","tract",2023,"education_score",71.44
"08035014206","tract",2023,"education_score",88.66
"08035014207","tract",2023,"education_score",92.29
"08035014208","tract",2023,"education_score",75.65
"08035014300","tract",2023,"education_score",73.4
"08035014404","tract",2023,"education_score",71.39
"08035014405","tract",2023,"education_score",86.15
"08035014407","tract",2023,"education_score",89.55
"08035014408","tract",2023,"education_score",74.98
"08035014409","tract",2023,"education_score",91.49
"08035014410","tract",2023,"education_score",81.96
"08035014503","tract",2023,"education_score",82.43
"08035014504","tract",2023,"education_score",91.3
"08035014505","tract",2023,"education_score",82.1
"08035014506","tract",2023,"education_score",82.57
"08035014602","tract",2023,"education_score",81.21
"08035014603","tract",2023,"education_score",87.55
"08035014604","tract",2023,"education_score",81.21
"08037000100","tract",2023,"education_score",105.28
"08037000200","tract",2023,"education_score",114.81
"08037000301","tract",2023,"education_score",93.61
"08037000302","tract",2023,"education_score",74.6
"08037000401","tract",2023,"education_score",93.82
"08037000402","tract",2023,"education_score",89.25
"08037000404","tract",2023,"education_score",109.66
"08037000405","tract",2023,"education_score",91.11
"08037000501","tract",2023,"education_score",84.66
"08037000502","tract",2023,"education_score",82.8
"08037000504","tract",2023,"education_score",76.99
"08037000505","tract",2023,"education_score",81.86
"08037000600","tract",2023,"education_score",88.81
"08037000701","tract",2023,"education_score",68.93
"08037000702","tract",2023,"education_score",61.39
"08037000703","tract",2023,"education_score",69.3
"08039961100","tract",2023,"education_score",100.4
"08039961204","tract",2023,"education_score",89.48
"08039961205","tract",2023,"education_score",99.53
"08039961206","tract",2023,"education_score",81.86
"08039961207","tract",2023,"education_score",87.26
"08039961208","tract",2023,"education_score",88.6
"08039961209","tract",2023,"education_score",97.7
"08041000102","tract",2023,"education_score",100.21
"08041000103","tract",2023,"education_score",92.22
"08041000104","tract",2023,"education_score",92.46
"08041000202","tract",2023,"education_score",102.15
"08041000203","tract",2023,"education_score",94.56
"08041000301","tract",2023,"education_score",93.89
"08041000302","tract",2023,"education_score",109.51
"08041000400","tract",2023,"education_score",85.01
"08041000500","tract",2023,"education_score",94.29
"08041000600","tract",2023,"education_score",93.33
"08041000700","tract",2023,"education_score",103.84
"08041000800","tract",2023,"education_score",88.4
"08041000900","tract",2023,"education_score",76.42
"08041001000","tract",2023,"education_score",70.92
"08041001101","tract",2023,"education_score",95.56
"08041001104","tract",2023,"education_score",80.43
"08041001301","tract",2023,"education_score",81.78
"08041001302","tract",2023,"education_score",87.74
"08041001400","tract",2023,"education_score",74.54
"08041001500","tract",2023,"education_score",77.93
"08041001600","tract",2023,"education_score",NA
"08041001700","tract",2023,"education_score",89.35
"08041001800","tract",2023,"education_score",74.05
"08041001901","tract",2023,"education_score",101.68
"08041001902","tract",2023,"education_score",81.69
"08041002000","tract",2023,"education_score",88.78
"08041002101","tract",2023,"education_score",108.11
"08041002102","tract",2023,"education_score",115.36
"08041002200","tract",2023,"education_score",87.89
"08041002300","tract",2023,"education_score",NA
"08041002401","tract",2023,"education_score",76.74
"08041002402","tract",2023,"education_score",77.53
"08041002501","tract",2023,"education_score",72.07
"08041002502","tract",2023,"education_score",86.76
"08041002700","tract",2023,"education_score",81.66
"08041002801","tract",2023,"education_score",103.62
"08041002802","tract",2023,"education_score",90.38
"08041002901","tract",2023,"education_score",116.96
"08041002902","tract",2023,"education_score",105.76
"08041003001","tract",2023,"education_score",82.07
"08041003002","tract",2023,"education_score",84.18
"08041003100","tract",2023,"education_score",77.1
"08041003303","tract",2023,"education_score",96.86
"08041003305","tract",2023,"education_score",89.21
"08041003306","tract",2023,"education_score",90.15
"08041003307","tract",2023,"education_score",93.79
"08041003308","tract",2023,"education_score",91.54
"08041003401","tract",2023,"education_score",87.42
"08041003402","tract",2023,"education_score",75.58
"08041003702","tract",2023,"education_score",77.62
"08041003705","tract",2023,"education_score",88.11
"08041003706","tract",2023,"education_score",87.77
"08041003707","tract",2023,"education_score",84.67
"08041003708","tract",2023,"education_score",83.2
"08041003710","tract",2023,"education_score",74.15
"08041003711","tract",2023,"education_score",82.45
"08041003712","tract",2023,"education_score",99.28
"08041003713","tract",2023,"education_score",83.66
"08041003801","tract",2023,"education_score",92.55
"08041003802","tract",2023,"education_score",NA
"08041003905","tract",2023,"education_score",88.77
"08041003906","tract",2023,"education_score",88.68
"08041003910","tract",2023,"education_score",92.15
"08041003911","tract",2023,"education_score",98.1
"08041003912","tract",2023,"education_score",103.84
"08041003913","tract",2023,"education_score",77.85
"08041003914","tract",2023,"education_score",85.57
"08041004008","tract",2023,"education_score",98.08
"08041004009","tract",2023,"education_score",102.39
"08041004100","tract",2023,"education_score",106.05
"08041004200","tract",2023,"education_score",105.8
"08041004300","tract",2023,"education_score",97.88
"08041004402","tract",2023,"education_score",NA
"08041004403","tract",2023,"education_score",NA
"08041004404","tract",2023,"education_score",103.18
"08041004405","tract",2023,"education_score",104.95
"08041004406","tract",2023,"education_score",102.3
"08041004501","tract",2023,"education_score",104.55
"08041004502","tract",2023,"education_score",92.41
"08041004506","tract",2023,"education_score",111.83
"08041004507","tract",2023,"education_score",98.95
"08041004512","tract",2023,"education_score",91.12
"08041004513","tract",2023,"education_score",110.33
"08041004514","tract",2023,"education_score",99.05
"08041004515","tract",2023,"education_score",95.3
"08041004516","tract",2023,"education_score",94.37
"08041004517","tract",2023,"education_score",90.62
"08041004518","tract",2023,"education_score",90.47
"08041004519","tract",2023,"education_score",97.06
"08041004520","tract",2023,"education_score",106.04
"08041004601","tract",2023,"education_score",103.23
"08041004602","tract",2023,"education_score",95.8
"08041004603","tract",2023,"education_score",92.26
"08041004701","tract",2023,"education_score",99.91
"08041004702","tract",2023,"education_score",88.05
"08041004703","tract",2023,"education_score",85.45
"08041004706","tract",2023,"education_score",83.82
"08041004707","tract",2023,"education_score",104.83
"08041004708","tract",2023,"education_score",76.17
"08041004800","tract",2023,"education_score",93.26
"08041004901","tract",2023,"education_score",103.23
"08041004902","tract",2023,"education_score",79.69
"08041005000","tract",2023,"education_score",109.75
"08041005110","tract",2023,"education_score",100.31
"08041005112","tract",2023,"education_score",92.77
"08041005113","tract",2023,"education_score",96.59
"08041005114","tract",2023,"education_score",120.56
"08041005115","tract",2023,"education_score",97.56
"08041005116","tract",2023,"education_score",95.45
"08041005117","tract",2023,"education_score",81.84
"08041005118","tract",2023,"education_score",85.32
"08041005119","tract",2023,"education_score",84.05
"08041005120","tract",2023,"education_score",100.02
"08041005121","tract",2023,"education_score",87.41
"08041005122","tract",2023,"education_score",91.7
"08041005123","tract",2023,"education_score",96.51
"08041005124","tract",2023,"education_score",90.17
"08041005125","tract",2023,"education_score",89.79
"08041005201","tract",2023,"education_score",113.83
"08041005202","tract",2023,"education_score",94.77
"08041005300","tract",2023,"education_score",100.91
"08041005400","tract",2023,"education_score",117.21
"08041005501","tract",2023,"education_score",87.75
"08041005502","tract",2023,"education_score",109.3
"08041005601","tract",2023,"education_score",93.04
"08041005602","tract",2023,"education_score",90.54
"08041005700","tract",2023,"education_score",93.7
"08041005800","tract",2023,"education_score",95.31
"08041005900","tract",2023,"education_score",98.07
"08041006000","tract",2023,"education_score",104.85
"08041006100","tract",2023,"education_score",123.98
"08041006200","tract",2023,"education_score",105.83
"08041006301","tract",2023,"education_score",107.73
"08041006302","tract",2023,"education_score",121.43
"08041006400","tract",2023,"education_score",114.16
"08041006501","tract",2023,"education_score",127.86
"08041006502","tract",2023,"education_score",107.95
"08041006600","tract",2023,"education_score",79.9
"08041006701","tract",2023,"education_score",90.17
"08041006702","tract",2023,"education_score",88.13
"08041006801","tract",2023,"education_score",92.56
"08041006802","tract",2023,"education_score",96.86
"08041006901","tract",2023,"education_score",91.36
"08041006902","tract",2023,"education_score",92.44
"08041007000","tract",2023,"education_score",82.3
"08041007103","tract",2023,"education_score",89.01
"08041007104","tract",2023,"education_score",78.51
"08041007105","tract",2023,"education_score",83.48
"08041007106","tract",2023,"education_score",82.2
"08041007203","tract",2023,"education_score",91.9
"08041007204","tract",2023,"education_score",79.95
"08041007205","tract",2023,"education_score",87.91
"08041007206","tract",2023,"education_score",78.64
"08041007301","tract",2023,"education_score",77.32
"08041007302","tract",2023,"education_score",84.58
"08041007401","tract",2023,"education_score",79.89
"08041007402","tract",2023,"education_score",85.65
"08041007501","tract",2023,"education_score",82.67
"08041007502","tract",2023,"education_score",84.65
"08041007602","tract",2023,"education_score",83.58
"08041007603","tract",2023,"education_score",88.7
"08041007604","tract",2023,"education_score",83.7
"08041007700","tract",2023,"education_score",85.5
"08041007801","tract",2023,"education_score",84.12
"08041007802","tract",2023,"education_score",NA
"08041007900","tract",2023,"education_score",75.19
"08041008000","tract",2023,"education_score",83.82
"08043978100","tract",2023,"education_score",87.1
"08043978200","tract",2023,"education_score",104.64
"08043978300","tract",2023,"education_score",96.32
"08043978400","tract",2023,"education_score",100.2
"08043978500","tract",2023,"education_score",102.1
"08043978600","tract",2023,"education_score",106.07
"08043978800","tract",2023,"education_score",95.54
"08043979001","tract",2023,"education_score",93.98
"08043979002","tract",2023,"education_score",99.89
"08043979100","tract",2023,"education_score",89.71
"08043979200","tract",2023,"education_score",89.24
"08043979400","tract",2023,"education_score",111.05
"08043980100","tract",2023,"education_score",NA
"08043980200","tract",2023,"education_score",NA
"08043980300","tract",2023,"education_score",NA
"08045951600","tract",2023,"education_score",107.39
"08045951701","tract",2023,"education_score",109.62
"08045951702","tract",2023,"education_score",104.59
"08045951802","tract",2023,"education_score",92.9
"08045951803","tract",2023,"education_score",99.28
"08045951804","tract",2023,"education_score",98.9
"08045951901","tract",2023,"education_score",110.49
"08045951902","tract",2023,"education_score",95.23
"08045952001","tract",2023,"education_score",132.58
"08045952003","tract",2023,"education_score",106.25
"08045952004","tract",2023,"education_score",106.39
"08045952100","tract",2023,"education_score",114.11
"08047013801","tract",2023,"education_score",73.54
"08047013802","tract",2023,"education_score",75.12
"08049000100","tract",2023,"education_score",113
"08049000203","tract",2023,"education_score",94.09
"08049000204","tract",2023,"education_score",93.99
"08049000205","tract",2023,"education_score",80.59
"08049000206","tract",2023,"education_score",82.08
"08049000207","tract",2023,"education_score",75.41
"08051963601","tract",2023,"education_score",76.25
"08051963602","tract",2023,"education_score",85.94
"08051963701","tract",2023,"education_score",86.95
"08051963702","tract",2023,"education_score",100.01
"08051963800","tract",2023,"education_score",77.43
"08051963900","tract",2023,"education_score",74.87
"08053973100","tract",2023,"education_score",82.59
"08055960600","tract",2023,"education_score",119.49
"08055960901","tract",2023,"education_score",91.48
"08055960902","tract",2023,"education_score",82.84
"08057955600","tract",2023,"education_score",117.12
"08059009806","tract",2023,"education_score",71.79
"08059009807","tract",2023,"education_score",76.69
"08059009815","tract",2023,"education_score",76.96
"08059009823","tract",2023,"education_score",76.34
"08059009824","tract",2023,"education_score",80.92
"08059009827","tract",2023,"education_score",81.39
"08059009828","tract",2023,"education_score",82.26
"08059009829","tract",2023,"education_score",74.86
"08059009830","tract",2023,"education_score",84.08
"08059009831","tract",2023,"education_score",86.51
"08059009832","tract",2023,"education_score",85.74
"08059009833","tract",2023,"education_score",94.65
"08059009834","tract",2023,"education_score",89.32
"08059009835","tract",2023,"education_score",74.74
"08059009836","tract",2023,"education_score",80.4
"08059009837","tract",2023,"education_score",82.46
"08059009838","tract",2023,"education_score",74.22
"08059009839","tract",2023,"education_score",83.85
"08059009840","tract",2023,"education_score",87.94
"08059009841","tract",2023,"education_score",76.39
"08059009842","tract",2023,"education_score",74.95
"08059009845","tract",2023,"education_score",70.5
"08059009846","tract",2023,"education_score",72.11
"08059009847","tract",2023,"education_score",75.8
"08059009848","tract",2023,"education_score",85.95
"08059009850","tract",2023,"education_score",64.17
"08059009851","tract",2023,"education_score",78.94
"08059009852","tract",2023,"education_score",86.88
"08059009853","tract",2023,"education_score",70.64
"08059009854","tract",2023,"education_score",70.71
"08059009855","tract",2023,"education_score",82.35
"08059009856","tract",2023,"education_score",88.52
"08059009857","tract",2023,"education_score",82.19
"08059009858","tract",2023,"education_score",77.09
"08059009901","tract",2023,"education_score",NA
"08059010001","tract",2023,"education_score",88.64
"08059010100","tract",2023,"education_score",90.68
"08059010205","tract",2023,"education_score",81.75
"08059010206","tract",2023,"education_score",80.17
"08059010208","tract",2023,"education_score",81.82
"08059010209","tract",2023,"education_score",90.8
"08059010210","tract",2023,"education_score",93.85
"08059010211","tract",2023,"education_score",97.55
"08059010212","tract",2023,"education_score",82.92
"08059010213","tract",2023,"education_score",87.34
"08059010303","tract",2023,"education_score",82.09
"08059010304","tract",2023,"education_score",81.34
"08059010305","tract",2023,"education_score",88.75
"08059010306","tract",2023,"education_score",94.65
"08059010307","tract",2023,"education_score",87.44
"08059010308","tract",2023,"education_score",74.64
"08059010402","tract",2023,"education_score",90.26
"08059010403","tract",2023,"education_score",93.1
"08059010405","tract",2023,"education_score",79.57
"08059010406","tract",2023,"education_score",100.98
"08059010502","tract",2023,"education_score",72.91
"08059010503","tract",2023,"education_score",78.17
"08059010504","tract",2023,"education_score",65.72
"08059010603","tract",2023,"education_score",82.65
"08059010604","tract",2023,"education_score",80.04
"08059010701","tract",2023,"education_score",74.52
"08059010702","tract",2023,"education_score",89.39
"08059010801","tract",2023,"education_score",72.97
"08059010901","tract",2023,"education_score",85.51
"08059010902","tract",2023,"education_score",88.1
"08059011000","tract",2023,"education_score",84.59
"08059011101","tract",2023,"education_score",86.12
"08059011102","tract",2023,"education_score",100.47
"08059011202","tract",2023,"education_score",93.51
"08059011300","tract",2023,"education_score",74.94
"08059011401","tract",2023,"education_score",95.3
"08059011402","tract",2023,"education_score",86.32
"08059011551","tract",2023,"education_score",87.86
"08059011552","tract",2023,"education_score",97.33
"08059011601","tract",2023,"education_score",108.26
"08059011602","tract",2023,"education_score",115.11
"08059011701","tract",2023,"education_score",81.95
"08059011702","tract",2023,"education_score",84.97
"08059011708","tract",2023,"education_score",88.09
"08059011709","tract",2023,"education_score",97.5
"08059011710","tract",2023,"education_score",81.68
"08059011711","tract",2023,"education_score",85.96
"08059011712","tract",2023,"education_score",74.52
"08059011720","tract",2023,"education_score",72.51
"08059011721","tract",2023,"education_score",80.72
"08059011723","tract",2023,"education_score",82.85
"08059011724","tract",2023,"education_score",73.49
"08059011725","tract",2023,"education_score",71.96
"08059011726","tract",2023,"education_score",82.03
"08059011727","tract",2023,"education_score",85.17
"08059011728","tract",2023,"education_score",76.16
"08059011729","tract",2023,"education_score",82.02
"08059011730","tract",2023,"education_score",84.56
"08059011731","tract",2023,"education_score",87
"08059011732","tract",2023,"education_score",82.44
"08059011733","tract",2023,"education_score",80.29
"08059011803","tract",2023,"education_score",95.08
"08059011804","tract",2023,"education_score",89.89
"08059011806","tract",2023,"education_score",100.51
"08059011807","tract",2023,"education_score",76.01
"08059011808","tract",2023,"education_score",86.64
"08059011904","tract",2023,"education_score",91.65
"08059011951","tract",2023,"education_score",85.37
"08059012022","tract",2023,"education_score",76.09
"08059012023","tract",2023,"education_score",81.66
"08059012024","tract",2023,"education_score",80.27
"08059012026","tract",2023,"education_score",75.83
"08059012027","tract",2023,"education_score",84.36
"08059012030","tract",2023,"education_score",82.24
"08059012031","tract",2023,"education_score",81.72
"08059012032","tract",2023,"education_score",76.38
"08059012033","tract",2023,"education_score",85.86
"08059012034","tract",2023,"education_score",78.19
"08059012035","tract",2023,"education_score",76.04
"08059012036","tract",2023,"education_score",83.2
"08059012037","tract",2023,"education_score",72.87
"08059012038","tract",2023,"education_score",89.23
"08059012039","tract",2023,"education_score",84.93
"08059012041","tract",2023,"education_score",87.92
"08059012042","tract",2023,"education_score",86.11
"08059012043","tract",2023,"education_score",82.92
"08059012044","tract",2023,"education_score",77.07
"08059012045","tract",2023,"education_score",87.57
"08059012046","tract",2023,"education_score",88.35
"08059012047","tract",2023,"education_score",92.99
"08059012048","tract",2023,"education_score",81.43
"08059012049","tract",2023,"education_score",76.16
"08059012050","tract",2023,"education_score",74.73
"08059012051","tract",2023,"education_score",84.96
"08059012052","tract",2023,"education_score",89.63
"08059012053","tract",2023,"education_score",83.41
"08059012054","tract",2023,"education_score",82.04
"08059012055","tract",2023,"education_score",80.67
"08059012057","tract",2023,"education_score",86.95
"08059012058","tract",2023,"education_score",74.53
"08059012059","tract",2023,"education_score",79.84
"08059012060","tract",2023,"education_score",80.89
"08059015800","tract",2023,"education_score",82.13
"08059015900","tract",2023,"education_score",88.17
"08059060300","tract",2023,"education_score",85.72
"08059060400","tract",2023,"education_score",83.49
"08059060501","tract",2023,"education_score",80.7
"08059980000","tract",2023,"education_score",NA
"08059980400","tract",2023,"education_score",NA
"08059980700","tract",2023,"education_score",NA
"08059980800","tract",2023,"education_score",NA
"08061960100","tract",2023,"education_score",102.12
"08063962100","tract",2023,"education_score",118.27
"08063962400","tract",2023,"education_score",112.48
"08065961701","tract",2023,"education_score",87.17
"08065961702","tract",2023,"education_score",82.3
"08065961900","tract",2023,"education_score",115.21
"08067940300","tract",2023,"education_score",97.55
"08067940400","tract",2023,"education_score",91.94
"08067970601","tract",2023,"education_score",98.16
"08067970602","tract",2023,"education_score",89.77
"08067970701","tract",2023,"education_score",83.95
"08067970703","tract",2023,"education_score",79.9
"08067970705","tract",2023,"education_score",95.15
"08067970706","tract",2023,"education_score",72.32
"08067970800","tract",2023,"education_score",84.76
"08067970900","tract",2023,"education_score",78.68
"08067971000","tract",2023,"education_score",88.98
"08067971100","tract",2023,"education_score",83.3
"08069000100","tract",2023,"education_score",77.78
"08069000201","tract",2023,"education_score",87.61
"08069000202","tract",2023,"education_score",76.46
"08069000300","tract",2023,"education_score",77.87
"08069000401","tract",2023,"education_score",84.12
"08069000402","tract",2023,"education_score",81.99
"08069000503","tract",2023,"education_score",98.5
"08069000504","tract",2023,"education_score",95.37
"08069000505","tract",2023,"education_score",83.74
"08069000506","tract",2023,"education_score",81.14
"08069000600","tract",2023,"education_score",NA
"08069000700","tract",2023,"education_score",77.95
"08069000801","tract",2023,"education_score",79.11
"08069000802","tract",2023,"education_score",88.28
"08069000901","tract",2023,"education_score",85.41
"08069000902","tract",2023,"education_score",79.6
"08069001003","tract",2023,"education_score",85.63
"08069001004","tract",2023,"education_score",82.05
"08069001007","tract",2023,"education_score",81.66
"08069001008","tract",2023,"education_score",78.01
"08069001009","tract",2023,"education_score",78.3
"08069001010","tract",2023,"education_score",74.45
"08069001104","tract",2023,"education_score",86.64
"08069001106","tract",2023,"education_score",87.66
"08069001107","tract",2023,"education_score",87
"08069001109","tract",2023,"education_score",81.61
"08069001110","tract",2023,"education_score",89.95
"08069001111","tract",2023,"education_score",88.47
"08069001112","tract",2023,"education_score",93.1
"08069001113","tract",2023,"education_score",85.44
"08069001114","tract",2023,"education_score",82.24
"08069001301","tract",2023,"education_score",87.74
"08069001304","tract",2023,"education_score",119.74
"08069001305","tract",2023,"education_score",100.26
"08069001306","tract",2023,"education_score",86.6
"08069001307","tract",2023,"education_score",80.15
"08069001308","tract",2023,"education_score",79.08
"08069001601","tract",2023,"education_score",114.42
"08069001602","tract",2023,"education_score",84.94
"08069001603","tract",2023,"education_score",86.57
"08069001605","tract",2023,"education_score",89
"08069001606","tract",2023,"education_score",81.86
"08069001607","tract",2023,"education_score",88.04
"08069001608","tract",2023,"education_score",99.06
"08069001706","tract",2023,"education_score",89.25
"08069001707","tract",2023,"education_score",99.76
"08069001708","tract",2023,"education_score",84.47
"08069001710","tract",2023,"education_score",102.51
"08069001711","tract",2023,"education_score",82.41
"08069001712","tract",2023,"education_score",80.94
"08069001713","tract",2023,"education_score",84.28
"08069001714","tract",2023,"education_score",63.23
"08069001715","tract",2023,"education_score",84.47
"08069001804","tract",2023,"education_score",84.09
"08069001807","tract",2023,"education_score",96.58
"08069001808","tract",2023,"education_score",88.48
"08069001810","tract",2023,"education_score",87.73
"08069001811","tract",2023,"education_score",73.06
"08069001812","tract",2023,"education_score",81.69
"08069001813","tract",2023,"education_score",87.09
"08069001901","tract",2023,"education_score",89.38
"08069001902","tract",2023,"education_score",83.07
"08069001904","tract",2023,"education_score",95.69
"08069001905","tract",2023,"education_score",83.67
"08069002005","tract",2023,"education_score",108.51
"08069002007","tract",2023,"education_score",84.97
"08069002008","tract",2023,"education_score",101.34
"08069002010","tract",2023,"education_score",83
"08069002011","tract",2023,"education_score",81.79
"08069002300","tract",2023,"education_score",85.97
"08069002401","tract",2023,"education_score",79.99
"08069002403","tract",2023,"education_score",73.46
"08069002404","tract",2023,"education_score",90.95
"08069002503","tract",2023,"education_score",80.75
"08069002504","tract",2023,"education_score",95.43
"08069002505","tract",2023,"education_score",85.3
"08069002506","tract",2023,"education_score",84.73
"08069002507","tract",2023,"education_score",97.94
"08069002508","tract",2023,"education_score",89.51
"08069002601","tract",2023,"education_score",81.55
"08069002602","tract",2023,"education_score",88.44
"08069002700","tract",2023,"education_score",85.75
"08069002801","tract",2023,"education_score",75.38
"08069002803","tract",2023,"education_score",NA
"08069002804","tract",2023,"education_score",82.54
"08069002805","tract",2023,"education_score",86.46
"08071000100","tract",2023,"education_score",94.42
"08071000200","tract",2023,"education_score",105.13
"08071000300","tract",2023,"education_score",118.36
"08071000400","tract",2023,"education_score",99.48
"08071000500","tract",2023,"education_score",107.52
"08071000800","tract",2023,"education_score",112.32
"08073961700","tract",2023,"education_score",106.41
"08073961800","tract",2023,"education_score",106.7
"08075965900","tract",2023,"education_score",87.27
"08075966000","tract",2023,"education_score",106.11
"08075966101","tract",2023,"education_score",99.33
"08075966102","tract",2023,"education_score",115.55
"08075966200","tract",2023,"education_score",91.44
"08075966300","tract",2023,"education_score",102.36
"08075966400","tract",2023,"education_score",NA
"08077000200","tract",2023,"education_score",82.43
"08077000300","tract",2023,"education_score",86.46
"08077000400","tract",2023,"education_score",102.47
"08077000500","tract",2023,"education_score",NA
"08077000601","tract",2023,"education_score",91.33
"08077000602","tract",2023,"education_score",102.71
"08077000700","tract",2023,"education_score",95.05
"08077000801","tract",2023,"education_score",101.35
"08077000802","tract",2023,"education_score",109.18
"08077000900","tract",2023,"education_score",87.22
"08077001001","tract",2023,"education_score",87.84
"08077001002","tract",2023,"education_score",88.22
"08077001102","tract",2023,"education_score",95.52
"08077001103","tract",2023,"education_score",108.51
"08077001104","tract",2023,"education_score",100.56
"08077001200","tract",2023,"education_score",91.03
"08077001302","tract",2023,"education_score",92.45
"08077001303","tract",2023,"education_score",94.39
"08077001304","tract",2023,"education_score",106.35
"08077001402","tract",2023,"education_score",93.3
"08077001403","tract",2023,"education_score",92.32
"08077001404","tract",2023,"education_score",77.56
"08077001502","tract",2023,"education_score",101.14
"08077001503","tract",2023,"education_score",102.26
"08077001504","tract",2023,"education_score",106.92
"08077001600","tract",2023,"education_score",92.01
"08077001702","tract",2023,"education_score",91.17
"08077001703","tract",2023,"education_score",100.29
"08077001705","tract",2023,"education_score",118.26
"08077001706","tract",2023,"education_score",117.29
"08077001707","tract",2023,"education_score",110.33
"08077001800","tract",2023,"education_score",100.8
"08077001900","tract",2023,"education_score",94.53
"08079973600","tract",2023,"education_score",78.51
"08081000300","tract",2023,"education_score",103.48
"08081000400","tract",2023,"education_score",105.62
"08081000500","tract",2023,"education_score",102.39
"08081000600","tract",2023,"education_score",115.26
"08083941100","tract",2023,"education_score",129.29
"08083969000","tract",2023,"education_score",98.07
"08083969100","tract",2023,"education_score",82.42
"08083969200","tract",2023,"education_score",93.84
"08083969301","tract",2023,"education_score",95.16
"08083969302","tract",2023,"education_score",103.45
"08083969400","tract",2023,"education_score",115.99
"08083969600","tract",2023,"education_score",91.3
"08085966100","tract",2023,"education_score",100.67
"08085966201","tract",2023,"education_score",110.01
"08085966202","tract",2023,"education_score",116.9
"08085966301","tract",2023,"education_score",101.66
"08085966302","tract",2023,"education_score",120.43
"08085966401","tract",2023,"education_score",93.83
"08085966402","tract",2023,"education_score",96.81
"08085966501","tract",2023,"education_score",78.47
"08085966502","tract",2023,"education_score",94.42
"08085966503","tract",2023,"education_score",104.35
"08085966601","tract",2023,"education_score",114.36
"08085966602","tract",2023,"education_score",98.8
"08087000100","tract",2023,"education_score",111.24
"08087000200","tract",2023,"education_score",111.18
"08087000300","tract",2023,"education_score",107.18
"08087000400","tract",2023,"education_score",123.36
"08087000500","tract",2023,"education_score",117.73
"08087000600","tract",2023,"education_score",134.58
"08087000700","tract",2023,"education_score",111.54
"08087000800","tract",2023,"education_score",97.96
"08089968000","tract",2023,"education_score",88.62
"08089968100","tract",2023,"education_score",116.07
"08089968200","tract",2023,"education_score",105.27
"08089968300","tract",2023,"education_score",107.7
"08089968400","tract",2023,"education_score",92.8
"08089968500","tract",2023,"education_score",107.47
"08089968600","tract",2023,"education_score",116.65
"08091967601","tract",2023,"education_score",77.73
"08091967602","tract",2023,"education_score",86.8
"08093000101","tract",2023,"education_score",74.55
"08093000102","tract",2023,"education_score",80.16
"08093000200","tract",2023,"education_score",87.87
"08093000300","tract",2023,"education_score",86.39
"08093000400","tract",2023,"education_score",91.4
"08093000500","tract",2023,"education_score",81.35
"08095967600","tract",2023,"education_score",104.02
"08095967700","tract",2023,"education_score",102.5
"08097000101","tract",2023,"education_score",85.95
"08097000102","tract",2023,"education_score",89.96
"08097000402","tract",2023,"education_score",68.34
"08097000403","tract",2023,"education_score",69.87
"08097000404","tract",2023,"education_score",68.78
"08097000500","tract",2023,"education_score",84.02
"08099000100","tract",2023,"education_score",108.74
"08099000200","tract",2023,"education_score",117.35
"08099000300","tract",2023,"education_score",113.82
"08099000600","tract",2023,"education_score",118.91
"08099000700","tract",2023,"education_score",113.71
"08101000100","tract",2023,"education_score",88.8
"08101000200","tract",2023,"education_score",106.99
"08101000300","tract",2023,"education_score",NA
"08101000400","tract",2023,"education_score",105.81
"08101000500","tract",2023,"education_score",100.29
"08101000600","tract",2023,"education_score",118.72
"08101000800","tract",2023,"education_score",129.3
"08101000902","tract",2023,"education_score",101.93
"08101000903","tract",2023,"education_score",NA
"08101000904","tract",2023,"education_score",106.96
"08101000905","tract",2023,"education_score",94.48
"08101001000","tract",2023,"education_score",115.65
"08101001100","tract",2023,"education_score",131.5
"08101001200","tract",2023,"education_score",124.55
"08101001400","tract",2023,"education_score",101.09
"08101001500","tract",2023,"education_score",101.33
"08101001600","tract",2023,"education_score",90.61
"08101001700","tract",2023,"education_score",103.78
"08101001800","tract",2023,"education_score",104.47
"08101001900","tract",2023,"education_score",93.65
"08101002000","tract",2023,"education_score",100.08
"08101002100","tract",2023,"education_score",118.92
"08101002200","tract",2023,"education_score",126.73
"08101002300","tract",2023,"education_score",106.77
"08101002400","tract",2023,"education_score",96.44
"08101002500","tract",2023,"education_score",115.73
"08101002600","tract",2023,"education_score",120.06
"08101002700","tract",2023,"education_score",108.13
"08101002801","tract",2023,"education_score",109.36
"08101002802","tract",2023,"education_score",94.46
"08101002804","tract",2023,"education_score",91.74
"08101002806","tract",2023,"education_score",92.32
"08101002807","tract",2023,"education_score",97.27
"08101002808","tract",2023,"education_score",78.1
"08101002901","tract",2023,"education_score",117.45
"08101002906","tract",2023,"education_score",93.87
"08101002911","tract",2023,"education_score",96.25
"08101002912","tract",2023,"education_score",103.23
"08101002913","tract",2023,"education_score",88.35
"08101002914","tract",2023,"education_score",104.36
"08101002915","tract",2023,"education_score",95.58
"08101002916","tract",2023,"education_score",112.82
"08101002917","tract",2023,"education_score",85.36
"08101002919","tract",2023,"education_score",98.89
"08101002920","tract",2023,"education_score",85.98
"08101002921","tract",2023,"education_score",120.56
"08101002922","tract",2023,"education_score",99.49
"08101002923","tract",2023,"education_score",99.21
"08101003001","tract",2023,"education_score",104.77
"08101003004","tract",2023,"education_score",86.49
"08101003103","tract",2023,"education_score",104.54
"08101003104","tract",2023,"education_score",105.06
"08101003105","tract",2023,"education_score",87.53
"08101003106","tract",2023,"education_score",90.15
"08101003200","tract",2023,"education_score",98.91
"08101003500","tract",2023,"education_score",117.84
"08101003600","tract",2023,"education_score",107.72
"08101980100","tract",2023,"education_score",NA
"08103951100","tract",2023,"education_score",97.64
"08103951200","tract",2023,"education_score",107.42
"08105976700","tract",2023,"education_score",112.12
"08105976800","tract",2023,"education_score",97.65
"08105977001","tract",2023,"education_score",85.95
"08105977002","tract",2023,"education_score",98.99
"08107000100","tract",2023,"education_score",92.85
"08107000200","tract",2023,"education_score",96.7
"08107000300","tract",2023,"education_score",86.3
"08107000400","tract",2023,"education_score",91.14
"08107000500","tract",2023,"education_score",90.98
"08107000600","tract",2023,"education_score",82.88
"08107000701","tract",2023,"education_score",71.23
"08107000702","tract",2023,"education_score",72.26
"08107000703","tract",2023,"education_score",52.2
"08107000800","tract",2023,"education_score",74.52
"08109977600","tract",2023,"education_score",90.01
"08109977700","tract",2023,"education_score",114.7
"08111972600","tract",2023,"education_score",78.54
"08113968101","tract",2023,"education_score",67.69
"08113968102","tract",2023,"education_score",83.07
"08113968103","tract",2023,"education_score",80.51
"08113968200","tract",2023,"education_score",89.65
"08115968300","tract",2023,"education_score",107.24
"08117000101","tract",2023,"education_score",74.79
"08117000102","tract",2023,"education_score",93.48
"08117000103","tract",2023,"education_score",79.46
"08117000201","tract",2023,"education_score",69.22
"08117000202","tract",2023,"education_score",121.29
"08117000203","tract",2023,"education_score",82.16
"08117000301","tract",2023,"education_score",80.06
"08117000302","tract",2023,"education_score",94.84
"08117000403","tract",2023,"education_score",63.24
"08117000404","tract",2023,"education_score",78.15
"08117000405","tract",2023,"education_score",83.9
"08117000406","tract",2023,"education_score",92.56
"08119010104","tract",2023,"education_score",99.34
"08119010107","tract",2023,"education_score",80
"08119010108","tract",2023,"education_score",87.29
"08119010109","tract",2023,"education_score",89.85
"08119010110","tract",2023,"education_score",88.19
"08119010111","tract",2023,"education_score",77.42
"08119010112","tract",2023,"education_score",92.33
"08119010203","tract",2023,"education_score",91.35
"08121924100","tract",2023,"education_score",115.09
"08121924200","tract",2023,"education_score",95.74
"08123000100","tract",2023,"education_score",124.84
"08123000200","tract",2023,"education_score",128.69
"08123000300","tract",2023,"education_score",NA
"08123000401","tract",2023,"education_score",87.49
"08123000402","tract",2023,"education_score",104.71
"08123000501","tract",2023,"education_score",163.61
"08123000502","tract",2023,"education_score",140.35
"08123000600","tract",2023,"education_score",NA
"08123000701","tract",2023,"education_score",143.91
"08123000703","tract",2023,"education_score",170.19
"08123000704","tract",2023,"education_score",131.62
"08123000705","tract",2023,"education_score",99.12
"08123000800","tract",2023,"education_score",107.79
"08123000900","tract",2023,"education_score",100.99
"08123001003","tract",2023,"education_score",139.57
"08123001004","tract",2023,"education_score",117.05
"08123001005","tract",2023,"education_score",131.06
"08123001006","tract",2023,"education_score",121.41
"08123001100","tract",2023,"education_score",112.67
"08123001201","tract",2023,"education_score",121.88
"08123001202","tract",2023,"education_score",97.67
"08123001300","tract",2023,"education_score",143.91
"08123001404","tract",2023,"education_score",134.5
"08123001405","tract",2023,"education_score",104.61
"08123001406","tract",2023,"education_score",95.27
"08123001407","tract",2023,"education_score",99.66
"08123001408","tract",2023,"education_score",92.01
"08123001409","tract",2023,"education_score",97.3
"08123001410","tract",2023,"education_score",82.84
"08123001411","tract",2023,"education_score",83.08
"08123001412","tract",2023,"education_score",93.47
"08123001413","tract",2023,"education_score",103.74
"08123001414","tract",2023,"education_score",96.4
"08123001415","tract",2023,"education_score",94.85
"08123001416","tract",2023,"education_score",91.21
"08123001417","tract",2023,"education_score",119.54
"08123001500","tract",2023,"education_score",99.48
"08123001600","tract",2023,"education_score",98
"08123001700","tract",2023,"education_score",113.26
"08123001800","tract",2023,"education_score",108.94
"08123001905","tract",2023,"education_score",130.57
"08123001906","tract",2023,"education_score",128.79
"08123001909","tract",2023,"education_score",117.56
"08123001910","tract",2023,"education_score",121.12
"08123001911","tract",2023,"education_score",93.29
"08123001912","tract",2023,"education_score",101.57
"08123001913","tract",2023,"education_score",120.72
"08123001914","tract",2023,"education_score",103.16
"08123002004","tract",2023,"education_score",117.83
"08123002005","tract",2023,"education_score",89.25
"08123002006","tract",2023,"education_score",93.52
"08123002007","tract",2023,"education_score",78.12
"08123002008","tract",2023,"education_score",86.78
"08123002009","tract",2023,"education_score",83.62
"08123002010","tract",2023,"education_score",105.19
"08123002011","tract",2023,"education_score",93.17
"08123002012","tract",2023,"education_score",87.81
"08123002013","tract",2023,"education_score",86.74
"08123002014","tract",2023,"education_score",96.78
"08123002015","tract",2023,"education_score",83.6
"08123002016","tract",2023,"education_score",97.52
"08123002017","tract",2023,"education_score",92.62
"08123002018","tract",2023,"education_score",89.03
"08123002019","tract",2023,"education_score",103.25
"08123002020","tract",2023,"education_score",95.78
"08123002021","tract",2023,"education_score",88.97
"08123002101","tract",2023,"education_score",98.43
"08123002104","tract",2023,"education_score",82.86
"08123002105","tract",2023,"education_score",90.82
"08123002106","tract",2023,"education_score",96.46
"08123002107","tract",2023,"education_score",87.05
"08123002108","tract",2023,"education_score",96.28
"08123002203","tract",2023,"education_score",95.94
"08123002204","tract",2023,"education_score",92.55
"08123002205","tract",2023,"education_score",94.1
"08123002206","tract",2023,"education_score",91.4
"08123002207","tract",2023,"education_score",95.4
"08123002208","tract",2023,"education_score",86.12
"08123002209","tract",2023,"education_score",82.55
"08123002210","tract",2023,"education_score",79.59
"08123002300","tract",2023,"education_score",105.29
"08123002501","tract",2023,"education_score",101.38
"08123002502","tract",2023,"education_score",114.29
"08125963100","tract",2023,"education_score",116.11
"08125963200","tract",2023,"education_score",130.66
"08001007801","tract",2023,"education_rnk",98.5887
"08001007802","tract",2023,"education_rnk",98.1211
"08001007900","tract",2023,"education_rnk",92.8056
"08001008000","tract",2023,"education_rnk",87.4547
"08001008100","tract",2023,"education_rnk",14.0006
"08001008200","tract",2023,"education_rnk",90.5202
"08001008308","tract",2023,"education_rnk",96.7904
"08001008309","tract",2023,"education_rnk",99.3078
"08001008354","tract",2023,"education_rnk",55.0659
"08001008355","tract",2023,"education_rnk",85.5477
"08001008401","tract",2023,"education_rnk",65.5419
"08001008402","tract",2023,"education_rnk",51.1397
"08001008505","tract",2023,"education_rnk",60.2935
"08001008506","tract",2023,"education_rnk",51.971
"08001008507","tract",2023,"education_rnk",58.1485
"08001008508","tract",2023,"education_rnk",63.9572
"08001008524","tract",2023,"education_rnk",38.316
"08001008526","tract",2023,"education_rnk",40.6185
"08001008533","tract",2023,"education_rnk",50.9907
"08001008534","tract",2023,"education_rnk",68.3376
"08001008535","tract",2023,"education_rnk",65.5016
"08001008536","tract",2023,"education_rnk",47.283
"08001008538","tract",2023,"education_rnk",39.3024
"08001008540","tract",2023,"education_rnk",47.6969
"08001008544","tract",2023,"education_rnk",41.2667
"08001008545","tract",2023,"education_rnk",52.7707
"08001008546","tract",2023,"education_rnk",26.8706
"08001008547","tract",2023,"education_rnk",47.83
"08001008548","tract",2023,"education_rnk",31.1143
"08001008549","tract",2023,"education_rnk",79.5229
"08001008550","tract",2023,"education_rnk",20.6346
"08001008551","tract",2023,"education_rnk",17.9988
"08001008552","tract",2023,"education_rnk",31.7686
"08001008553","tract",2023,"education_rnk",34.9538
"08001008554","tract",2023,"education_rnk",15.9808
"08001008555","tract",2023,"education_rnk",57.7004
"08001008556","tract",2023,"education_rnk",36.6166
"08001008557","tract",2023,"education_rnk",57.2243
"08001008558","tract",2023,"education_rnk",34.0736
"08001008559","tract",2023,"education_rnk",80.8487
"08001008560","tract",2023,"education_rnk",28.7812
"08001008561","tract",2023,"education_rnk",8.1515
"08001008562","tract",2023,"education_rnk",45.1942
"08001008563","tract",2023,"education_rnk",66.8872
"08001008564","tract",2023,"education_rnk",53.3408
"08001008565","tract",2023,"education_rnk",77.8711
"08001008603","tract",2023,"education_rnk",90.2675
"08001008604","tract",2023,"education_rnk",47.8055
"08001008605","tract",2023,"education_rnk",70.0993
"08001008606","tract",2023,"education_rnk",92.7201
"08001008705","tract",2023,"education_rnk",96.766
"08001008706","tract",2023,"education_rnk",93.8616
"08001008709","tract",2023,"education_rnk",97.352
"08001008801","tract",2023,"education_rnk",97.9343
"08001008802","tract",2023,"education_rnk",93.6004
"08001008901","tract",2023,"education_rnk",98.01
"08001009001","tract",2023,"education_rnk",93.7408
"08001009003","tract",2023,"education_rnk",88.4204
"08001009004","tract",2023,"education_rnk",87.7587
"08001009101","tract",2023,"education_rnk",71.4251
"08001009103","tract",2023,"education_rnk",97.5022
"08001009104","tract",2023,"education_rnk",75.2695
"08001009202","tract",2023,"education_rnk",91.6251
"08001009203","tract",2023,"education_rnk",90.7204
"08001009204","tract",2023,"education_rnk",65.3941
"08001009206","tract",2023,"education_rnk",28.5578
"08001009207","tract",2023,"education_rnk",81.3627
"08001009304","tract",2023,"education_rnk",63.7949
"08001009306","tract",2023,"education_rnk",75.0143
"08001009307","tract",2023,"education_rnk",76.1998
"08001009308","tract",2023,"education_rnk",86.804
"08001009309","tract",2023,"education_rnk",79.5229
"08001009310","tract",2023,"education_rnk",88.8379
"08001009316","tract",2023,"education_rnk",99.4457
"08001009318","tract",2023,"education_rnk",87.1617
"08001009319","tract",2023,"education_rnk",94.4611
"08001009320","tract",2023,"education_rnk",81.4701
"08001009321","tract",2023,"education_rnk",87.4791
"08001009322","tract",2023,"education_rnk",91.9852
"08001009323","tract",2023,"education_rnk",51.2373
"08001009325","tract",2023,"education_rnk",21.0717
"08001009326","tract",2023,"education_rnk",15.0761
"08001009327","tract",2023,"education_rnk",46.1354
"08001009401","tract",2023,"education_rnk",68.2094
"08001009406","tract",2023,"education_rnk",60.1214
"08001009407","tract",2023,"education_rnk",74.7018
"08001009408","tract",2023,"education_rnk",12.5649
"08001009409","tract",2023,"education_rnk",5.9943
"08001009410","tract",2023,"education_rnk",32.799
"08001009411","tract",2023,"education_rnk",19.3722
"08001009501","tract",2023,"education_rnk",59.163
"08001009502","tract",2023,"education_rnk",66.4966
"08001009553","tract",2023,"education_rnk",70.7036
"08001009603","tract",2023,"education_rnk",71.7608
"08001009604","tract",2023,"education_rnk",61.7365
"08001009606","tract",2023,"education_rnk",90.4726
"08001009607","tract",2023,"education_rnk",60.5059
"08001009608","tract",2023,"education_rnk",35.1589
"08001009751","tract",2023,"education_rnk",79.7036
"08001009752","tract",2023,"education_rnk",77.1386
"08001015000","tract",2023,"education_rnk",90.6105
"08001060001","tract",2023,"education_rnk",11.1353
"08001060002","tract",2023,"education_rnk",45.9743
"08001060100","tract",2023,"education_rnk",32.7538
"08001060200","tract",2023,"education_rnk",15.9942
"08001061200","tract",2023,"education_rnk",13.0788
"08001988700","tract",2023,"education_rnk",NA
"08003960000","tract",2023,"education_rnk",44.6594
"08003960100","tract",2023,"education_rnk",66.9641
"08003960201","tract",2023,"education_rnk",58.8773
"08003960202","tract",2023,"education_rnk",53.3127
"08003960300","tract",2023,"education_rnk",93.1096
"08005004951","tract",2023,"education_rnk",17.9988
"08005004952","tract",2023,"education_rnk",20.3977
"08005005551","tract",2023,"education_rnk",80.3714
"08005005552","tract",2023,"education_rnk",56.1536
"08005005553","tract",2023,"education_rnk",77.1764
"08005005611","tract",2023,"education_rnk",12.3646
"08005005612","tract",2023,"education_rnk",18.8864
"08005005614","tract",2023,"education_rnk",15.8904
"08005005619","tract",2023,"education_rnk",23.6635
"08005005620","tract",2023,"education_rnk",18.4835
"08005005621","tract",2023,"education_rnk",8.3786
"08005005622","tract",2023,"education_rnk",3.726
"08005005623","tract",2023,"education_rnk",3.798
"08005005624","tract",2023,"education_rnk",12.1437
"08005005625","tract",2023,"education_rnk",15.5852
"08005005626","tract",2023,"education_rnk",21.2914
"08005005627","tract",2023,"education_rnk",21.9922
"08005005628","tract",2023,"education_rnk",19.3954
"08005005629","tract",2023,"education_rnk",7.3995
"08005005630","tract",2023,"education_rnk",8.6594
"08005005631","tract",2023,"education_rnk",7.7621
"08005005632","tract",2023,"education_rnk",8.8389
"08005005633","tract",2023,"education_rnk",9.0708
"08005005634","tract",2023,"education_rnk",10.8532
"08005005635","tract",2023,"education_rnk",5.4974
"08005005636","tract",2023,"education_rnk",5.1544
"08005005701","tract",2023,"education_rnk",24.4265
"08005005702","tract",2023,"education_rnk",21.3305
"08005005800","tract",2023,"education_rnk",1.6994
"08005005951","tract",2023,"education_rnk",9.0183
"08005005952","tract",2023,"education_rnk",22.1753
"08005006000","tract",2023,"education_rnk",9.293
"08005006100","tract",2023,"education_rnk",20.4588
"08005006200","tract",2023,"education_rnk",19.3722
"08005006300","tract",2023,"education_rnk",12.9335
"08005006400","tract",2023,"education_rnk",18.0476
"08005006501","tract",2023,"education_rnk",14.9284
"08005006502","tract",2023,"education_rnk",14.0579
"08005006601","tract",2023,"education_rnk",24.9649
"08005006603","tract",2023,"education_rnk",27.6581
"08005006604","tract",2023,"education_rnk",19.2978
"08005006704","tract",2023,"education_rnk",2.731
"08005006705","tract",2023,"education_rnk",1.0548
"08005006706","tract",2023,"education_rnk",21.5551
"08005006707","tract",2023,"education_rnk",11.3819
"08005006708","tract",2023,"education_rnk",8.5788
"08005006709","tract",2023,"education_rnk",6.6462
"08005006711","tract",2023,"education_rnk",7.3714
"08005006712","tract",2023,"education_rnk",3.4708
"08005006713","tract",2023,"education_rnk",6.8745
"08005006808","tract",2023,"education_rnk",4.0019
"08005006815","tract",2023,"education_rnk",33.5291
"08005006854","tract",2023,"education_rnk",17.8779
"08005006857","tract",2023,"education_rnk",1.0267
"08005006859","tract",2023,"education_rnk",16.2579
"08005006860","tract",2023,"education_rnk",8.8901
"08005006861","tract",2023,"education_rnk",9.376
"08005006862","tract",2023,"education_rnk",10.7153
"08005006863","tract",2023,"education_rnk",37.94
"08005006864","tract",2023,"education_rnk",8.5361
"08005007101","tract",2023,"education_rnk",57.4929
"08005007103","tract",2023,"education_rnk",34.181
"08005007106","tract",2023,"education_rnk",40.3267
"08005007108","tract",2023,"education_rnk",50.0372
"08005007109","tract",2023,"education_rnk",42.4973
"08005007110","tract",2023,"education_rnk",24.1677
"08005007111","tract",2023,"education_rnk",81.3871
"08005007112","tract",2023,"education_rnk",50.666
"08005007113","tract",2023,"education_rnk",10.3442
"08005007201","tract",2023,"education_rnk",90.1576
"08005007202","tract",2023,"education_rnk",93.3672
"08005007301","tract",2023,"education_rnk",62.7962
"08005007302","tract",2023,"education_rnk",95.898
"08005007400","tract",2023,"education_rnk",93.5271
"08005007500","tract",2023,"education_rnk",92.2501
"08005007600","tract",2023,"education_rnk",87.7965
"08005007702","tract",2023,"education_rnk",43.485
"08005007703","tract",2023,"education_rnk",53.7901
"08005007704","tract",2023,"education_rnk",76.3292
"08005015100","tract",2023,"education_rnk",15.2544
"08005080000","tract",2023,"education_rnk",54.0758
"08005080100","tract",2023,"education_rnk",85.5477
"08005080200","tract",2023,"education_rnk",60.4498
"08005080300","tract",2023,"education_rnk",17.0685
"08005080400","tract",2023,"education_rnk",12.5783
"08005080500","tract",2023,"education_rnk",15.8159
"08005080600","tract",2023,"education_rnk",62.4092
"08005080700","tract",2023,"education_rnk",69.0957
"08005080800","tract",2023,"education_rnk",92.0243
"08005080900","tract",2023,"education_rnk",88.7121
"08005081001","tract",2023,"education_rnk",36.1331
"08005081002","tract",2023,"education_rnk",84.2549
"08005081101","tract",2023,"education_rnk",74.2586
"08005081102","tract",2023,"education_rnk",52.0614
"08005081200","tract",2023,"education_rnk",75.4551
"08005081300","tract",2023,"education_rnk",65.5675
"08005081400","tract",2023,"education_rnk",21.5807
"08005081500","tract",2023,"education_rnk",6.4619
"08005081600","tract",2023,"education_rnk",51.7806
"08005081700","tract",2023,"education_rnk",11.5723
"08005081800","tract",2023,"education_rnk",92.7324
"08005081900","tract",2023,"education_rnk",89.5655
"08005082000","tract",2023,"education_rnk",83.1109
"08005082100","tract",2023,"education_rnk",77.605
"08005082200","tract",2023,"education_rnk",75.2353
"08005082300","tract",2023,"education_rnk",77.6196
"08005082400","tract",2023,"education_rnk",91.0842
"08005082500","tract",2023,"education_rnk",50.9236
"08005082600","tract",2023,"education_rnk",81.5238
"08005082700","tract",2023,"education_rnk",90.5727
"08005082800","tract",2023,"education_rnk",61.3397
"08005082900","tract",2023,"education_rnk",67.251
"08005083000","tract",2023,"education_rnk",11.4893
"08005083100","tract",2023,"education_rnk",58.3658
"08005083201","tract",2023,"education_rnk",36.5897
"08005083202","tract",2023,"education_rnk",54.5287
"08005083300","tract",2023,"education_rnk",36.1758
"08005083400","tract",2023,"education_rnk",77.2509
"08005083500","tract",2023,"education_rnk",71.6668
"08005083600","tract",2023,"education_rnk",24.3838
"08005083700","tract",2023,"education_rnk",29.327
"08005083800","tract",2023,"education_rnk",17.2333
"08005083900","tract",2023,"education_rnk",12.8163
"08005084000","tract",2023,"education_rnk",60.6426
"08005084100","tract",2023,"education_rnk",72.3834
"08005084200","tract",2023,"education_rnk",52.2872
"08005084300","tract",2023,"education_rnk",39.3024
"08005084400","tract",2023,"education_rnk",87.1873
"08005084500","tract",2023,"education_rnk",11.156
"08005084600","tract",2023,"education_rnk",42.932
"08005084700","tract",2023,"education_rnk",27.5909
"08005084800","tract",2023,"education_rnk",62.8475
"08005084900","tract",2023,"education_rnk",12.3146
"08005085000","tract",2023,"education_rnk",18.6495
"08005085100","tract",2023,"education_rnk",18.1624
"08005085200","tract",2023,"education_rnk",11.2671
"08005085300","tract",2023,"education_rnk",14.1275
"08005085400","tract",2023,"education_rnk",24.5169
"08005085500","tract",2023,"education_rnk",23.843
"08005085600","tract",2023,"education_rnk",28.0463
"08005085700","tract",2023,"education_rnk",51.3252
"08005085800","tract",2023,"education_rnk",21.6882
"08005085900","tract",2023,"education_rnk",36.9096
"08005086001","tract",2023,"education_rnk",29.6651
"08005086002","tract",2023,"education_rnk",69.6659
"08005086100","tract",2023,"education_rnk",36.022
"08005086200","tract",2023,"education_rnk",16.3446
"08005086300","tract",2023,"education_rnk",40.6453
"08005086400","tract",2023,"education_rnk",13.2815
"08005086500","tract",2023,"education_rnk",46.2575
"08005086600","tract",2023,"education_rnk",8.287
"08005086700","tract",2023,"education_rnk",17.3212
"08005086801","tract",2023,"education_rnk",26.331
"08005086802","tract",2023,"education_rnk",28.3222
"08005086900","tract",2023,"education_rnk",40.6624
"08005087000","tract",2023,"education_rnk",49.0325
"08005087100","tract",2023,"education_rnk",35.292
"08005087200","tract",2023,"education_rnk",11.4759
"08005087301","tract",2023,"education_rnk",63.9572
"08005087302","tract",2023,"education_rnk",20.9581
"08005980000","tract",2023,"education_rnk",3.8444
"08007940400","tract",2023,"education_rnk",46.4199
"08007974201","tract",2023,"education_rnk",8.5678
"08007974202","tract",2023,"education_rnk",20.2305
"08007974300","tract",2023,"education_rnk",40.1887
"08007974400","tract",2023,"education_rnk",43.6071
"08009964600","tract",2023,"education_rnk",54.6557
"08009964700","tract",2023,"education_rnk",86.1374
"08011966701","tract",2023,"education_rnk",NA
"08011966702","tract",2023,"education_rnk",78.9552
"08013012101","tract",2023,"education_rnk",3.9189
"08013012103","tract",2023,"education_rnk",9.4713
"08013012104","tract",2023,"education_rnk",35.5007
"08013012105","tract",2023,"education_rnk",44.4019
"08013012106","tract",2023,"education_rnk",14.3216
"08013012107","tract",2023,"education_rnk",32.3375
"08013012201","tract",2023,"education_rnk",10.5541
"08013012204","tract",2023,"education_rnk",15.479
"08013012205","tract",2023,"education_rnk",35.4446
"08013012206","tract",2023,"education_rnk",27.3748
"08013012207","tract",2023,"education_rnk",23.13
"08013012208","tract",2023,"education_rnk",4.0471
"08013012300","tract",2023,"education_rnk",NA
"08013012401","tract",2023,"education_rnk",57.0656
"08013012501","tract",2023,"education_rnk",7.6864
"08013012505","tract",2023,"education_rnk",4.6831
"08013012507","tract",2023,"education_rnk",20.5516
"08013012508","tract",2023,"education_rnk",10.7434
"08013012509","tract",2023,"education_rnk",12.2438
"08013012510","tract",2023,"education_rnk",2.6614
"08013012511","tract",2023,"education_rnk",NA
"08013012603","tract",2023,"education_rnk",8.4396
"08013012605","tract",2023,"education_rnk",32.296
"08013012608","tract",2023,"education_rnk",8.0685
"08013012609","tract",2023,"education_rnk",28.7812
"08013012610","tract",2023,"education_rnk",72.0514
"08013012701","tract",2023,"education_rnk",11.9728
"08013012705","tract",2023,"education_rnk",5.3155
"08013012707","tract",2023,"education_rnk",23.3619
"08013012708","tract",2023,"education_rnk",1.6262
"08013012709","tract",2023,"education_rnk",21.4794
"08013012710","tract",2023,"education_rnk",8.0685
"08013012801","tract",2023,"education_rnk",18.2564
"08013012802","tract",2023,"education_rnk",14.3436
"08013012903","tract",2023,"education_rnk",5.8734
"08013012904","tract",2023,"education_rnk",4.3132
"08013012905","tract",2023,"education_rnk",5.7575
"08013012907","tract",2023,"education_rnk",13.5928
"08013013003","tract",2023,"education_rnk",13.7881
"08013013004","tract",2023,"education_rnk",23.3912
"08013013005","tract",2023,"education_rnk",25.43
"08013013006","tract",2023,"education_rnk",20.5906
"08013013201","tract",2023,"education_rnk",59.2778
"08013013202","tract",2023,"education_rnk",5.8881
"08013013205","tract",2023,"education_rnk",2.0876
"08013013207","tract",2023,"education_rnk",16.8549
"08013013208","tract",2023,"education_rnk",51.6378
"08013013210","tract",2023,"education_rnk",55.3149
"08013013211","tract",2023,"education_rnk",26.9854
"08013013212","tract",2023,"education_rnk",11.3269
"08013013214","tract",2023,"education_rnk",8.8804
"08013013215","tract",2023,"education_rnk",42.5279
"08013013302","tract",2023,"education_rnk",15.8465
"08013013305","tract",2023,"education_rnk",58.1643
"08013013306","tract",2023,"education_rnk",53.5227
"08013013307","tract",2023,"education_rnk",36.0709
"08013013308","tract",2023,"education_rnk",26.7241
"08013013401","tract",2023,"education_rnk",55.0256
"08013013402","tract",2023,"education_rnk",30.0949
"08013013503","tract",2023,"education_rnk",72.6593
"08013013505","tract",2023,"education_rnk",82.116
"08013013506","tract",2023,"education_rnk",24.1286
"08013013507","tract",2023,"education_rnk",68.257
"08013013508","tract",2023,"education_rnk",15.3093
"08013013601","tract",2023,"education_rnk",16.4862
"08013013602","tract",2023,"education_rnk",9.6348
"08013013703","tract",2023,"education_rnk",2.4453
"08013013704","tract",2023,"education_rnk",9.0586
"08013013705","tract",2023,"education_rnk",14.1629
"08013013706","tract",2023,"education_rnk",4.0092
"08013060601","tract",2023,"education_rnk",7.7145
"08013060602","tract",2023,"education_rnk",33.7354
"08013060700","tract",2023,"education_rnk",11.145
"08013060801","tract",2023,"education_rnk",18.4102
"08013060802","tract",2023,"education_rnk",51.7073
"08013060900","tract",2023,"education_rnk",40.6185
"08013061300","tract",2023,"education_rnk",25.1859
"08013061400","tract",2023,"education_rnk",12.2694
"08014030000","tract",2023,"education_rnk",44.7351
"08014030100","tract",2023,"education_rnk",22.8419
"08014030200","tract",2023,"education_rnk",16.0626
"08014030300","tract",2023,"education_rnk",28.885
"08014030400","tract",2023,"education_rnk",22.7552
"08014030500","tract",2023,"education_rnk",19.277
"08014030600","tract",2023,"education_rnk",39.4611
"08014030700","tract",2023,"education_rnk",19.8349
"08014030800","tract",2023,"education_rnk",18.0476
"08014030900","tract",2023,"education_rnk",16.7194
"08014031000","tract",2023,"education_rnk",11.6053
"08014031101","tract",2023,"education_rnk",3.6015
"08014031102","tract",2023,"education_rnk",3.6552
"08014031103","tract",2023,"education_rnk",13.3206
"08014031104","tract",2023,"education_rnk",1.1415
"08014031201","tract",2023,"education_rnk",4.9969
"08014031202","tract",2023,"education_rnk",8.4592
"08014031300","tract",2023,"education_rnk",11.7042
"08014031401","tract",2023,"education_rnk",2.0791
"08014031402","tract",2023,"education_rnk",24.1054
"08014031403","tract",2023,"education_rnk",31.9847
"08014980100","tract",2023,"education_rnk",NA
"08014980200","tract",2023,"education_rnk",NA
"08014980300","tract",2023,"education_rnk",NA
"08015000100","tract",2023,"education_rnk",22.2583
"08015000200","tract",2023,"education_rnk",16.4496
"08015000300","tract",2023,"education_rnk",11.7139
"08015000402","tract",2023,"education_rnk",56.8837
"08015000403","tract",2023,"education_rnk",3.5343
"08015000404","tract",2023,"education_rnk",29.7262
"08017960600","tract",2023,"education_rnk",66.2695
"08019014701","tract",2023,"education_rnk",4.1618
"08019014702","tract",2023,"education_rnk",13.7185
"08019014800","tract",2023,"education_rnk",39.394
"08019014900","tract",2023,"education_rnk",34.4838
"08021974800","tract",2023,"education_rnk",81.9719
"08021974900","tract",2023,"education_rnk",74.9667
"08023972600","tract",2023,"education_rnk",52.8159
"08023972700","tract",2023,"education_rnk",57.8005
"08025969601","tract",2023,"education_rnk",NA
"08025969602","tract",2023,"education_rnk",76.9494
"08027970101","tract",2023,"education_rnk",24.1433
"08027970102","tract",2023,"education_rnk",52.3593
"08029964600","tract",2023,"education_rnk",50.666
"08029964700","tract",2023,"education_rnk",60.6988
"08029964800","tract",2023,"education_rnk",68.7429
"08029964900","tract",2023,"education_rnk",66.582
"08029965001","tract",2023,"education_rnk",35.1735
"08029965002","tract",2023,"education_rnk",46.1354
"08029965100","tract",2023,"education_rnk",74.515
"08029965201","tract",2023,"education_rnk",73.4199
"08029965202","tract",2023,"education_rnk",46.5713
"08031000102","tract",2023,"education_rnk",4.8589
"08031000201","tract",2023,"education_rnk",16.0626
"08031000202","tract",2023,"education_rnk",24.6499
"08031000301","tract",2023,"education_rnk",2.0986
"08031000302","tract",2023,"education_rnk",4.7869
"08031000303","tract",2023,"education_rnk",3.3256
"08031000401","tract",2023,"education_rnk",18.6251
"08031000403","tract",2023,"education_rnk",5.6305
"08031000404","tract",2023,"education_rnk",0.6629
"08031000501","tract",2023,"education_rnk",3.2059
"08031000503","tract",2023,"education_rnk",12.35
"08031000504","tract",2023,"education_rnk",3.2328
"08031000600","tract",2023,"education_rnk",3.6772
"08031000703","tract",2023,"education_rnk",9.3418
"08031000704","tract",2023,"education_rnk",21.5807
"08031000705","tract",2023,"education_rnk",2.7835
"08031000706","tract",2023,"education_rnk",26.8706
"08031000800","tract",2023,"education_rnk",98.1712
"08031000902","tract",2023,"education_rnk",85.7504
"08031000903","tract",2023,"education_rnk",92.5321
"08031000904","tract",2023,"education_rnk",93.6321
"08031000905","tract",2023,"education_rnk",70.4972
"08031001000","tract",2023,"education_rnk",84.7554
"08031001101","tract",2023,"education_rnk",11.9984
"08031001102","tract",2023,"education_rnk",1.1171
"08031001301","tract",2023,"education_rnk",91.2796
"08031001302","tract",2023,"education_rnk",52.2384
"08031001401","tract",2023,"education_rnk",88.8196
"08031001402","tract",2023,"education_rnk",95.0458
"08031001403","tract",2023,"education_rnk",3.9299
"08031001500","tract",2023,"education_rnk",86.8003
"08031001601","tract",2023,"education_rnk",3.4415
"08031001602","tract",2023,"education_rnk",2.0168
"08031001603","tract",2023,"education_rnk",2.587
"08031001703","tract",2023,"education_rnk",0.3333
"08031001704","tract",2023,"education_rnk",0.6214
"08031001705","tract",2023,"education_rnk",0.1929
"08031001706","tract",2023,"education_rnk",3.3134
"08031001707","tract",2023,"education_rnk",1.5126
"08031001800","tract",2023,"education_rnk",9.376
"08031001901","tract",2023,"education_rnk",52.8305
"08031002000","tract",2023,"education_rnk",0.8289
"08031002101","tract",2023,"education_rnk",1.9228
"08031002102","tract",2023,"education_rnk",1.9326
"08031002300","tract",2023,"education_rnk",2.1902
"08031002402","tract",2023,"education_rnk",7.4325
"08031002404","tract",2023,"education_rnk",7.7792
"08031002405","tract",2023,"education_rnk",2.4954
"08031002602","tract",2023,"education_rnk",1.299
"08031002603","tract",2023,"education_rnk",0.6275
"08031002604","tract",2023,"education_rnk",4.3767
"08031002704","tract",2023,"education_rnk",4.5342
"08031002705","tract",2023,"education_rnk",1.7739
"08031002706","tract",2023,"education_rnk",1.299
"08031002707","tract",2023,"education_rnk",1.1415
"08031002708","tract",2023,"education_rnk",2.4197
"08031002709","tract",2023,"education_rnk",2.0022
"08031002801","tract",2023,"education_rnk",1.1598
"08031002802","tract",2023,"education_rnk",3.4293
"08031002804","tract",2023,"education_rnk",0.7972
"08031002805","tract",2023,"education_rnk",0.8302
"08031002901","tract",2023,"education_rnk",1.8361
"08031002902","tract",2023,"education_rnk",1.2184
"08031003002","tract",2023,"education_rnk",1.3515
"08031003003","tract",2023,"education_rnk",29.0303
"08031003004","tract",2023,"education_rnk",17.5508
"08031003005","tract",2023,"education_rnk",1.3564
"08031003006","tract",2023,"education_rnk",3.0863
"08031003101","tract",2023,"education_rnk",3.2499
"08031003102","tract",2023,"education_rnk",3.6149
"08031003202","tract",2023,"education_rnk",1.5041
"08031003203","tract",2023,"education_rnk",1.1281
"08031003204","tract",2023,"education_rnk",1.1598
"08031003205","tract",2023,"education_rnk",1.0878
"08031003300","tract",2023,"education_rnk",1.5163
"08031003401","tract",2023,"education_rnk",1.1439
"08031003402","tract",2023,"education_rnk",2.178
"08031003501","tract",2023,"education_rnk",96.285
"08031003502","tract",2023,"education_rnk",99.6899
"08031003601","tract",2023,"education_rnk",36.8302
"08031003602","tract",2023,"education_rnk",36.6569
"08031003603","tract",2023,"education_rnk",8.3896
"08031003701","tract",2023,"education_rnk",3.4818
"08031003702","tract",2023,"education_rnk",1.6188
"08031003703","tract",2023,"education_rnk",14.0006
"08031003801","tract",2023,"education_rnk",1.8471
"08031003802","tract",2023,"education_rnk",0.3174
"08031003901","tract",2023,"education_rnk",0.3931
"08031003902","tract",2023,"education_rnk",2.8836
"08031004002","tract",2023,"education_rnk",3.7016
"08031004003","tract",2023,"education_rnk",1.2733
"08031004004","tract",2023,"education_rnk",9.6947
"08031004005","tract",2023,"education_rnk",10.4772
"08031004006","tract",2023,"education_rnk",8.8901
"08031004101","tract",2023,"education_rnk",27.116
"08031004102","tract",2023,"education_rnk",68.1203
"08031004103","tract",2023,"education_rnk",7.2762
"08031004104","tract",2023,"education_rnk",5.622
"08031004108","tract",2023,"education_rnk",9.1184
"08031004109","tract",2023,"education_rnk",7.0467
"08031004110","tract",2023,"education_rnk",NA
"08031004111","tract",2023,"education_rnk",11.9984
"08031004112","tract",2023,"education_rnk",5.8979
"08031004113","tract",2023,"education_rnk",11.156
"08031004201","tract",2023,"education_rnk",8.1027
"08031004202","tract",2023,"education_rnk",7.2994
"08031004302","tract",2023,"education_rnk",12.5307
"08031004303","tract",2023,"education_rnk",4.7979
"08031004306","tract",2023,"education_rnk",6.1433
"08031004307","tract",2023,"education_rnk",4.9395
"08031004308","tract",2023,"education_rnk",6.1713
"08031004309","tract",2023,"education_rnk",7.6766
"08031004310","tract",2023,"education_rnk",0.9034
"08031004403","tract",2023,"education_rnk",8.1759
"08031004404","tract",2023,"education_rnk",92.7153
"08031004406","tract",2023,"education_rnk",1.0267
"08031004407","tract",2023,"education_rnk",4.4793
"08031004503","tract",2023,"education_rnk",94.2535
"08031004504","tract",2023,"education_rnk",98.3336
"08031004505","tract",2023,"education_rnk",98.1956
"08031004506","tract",2023,"education_rnk",97.6377
"08031004601","tract",2023,"education_rnk",88.2946
"08031004602","tract",2023,"education_rnk",91.2954
"08031004603","tract",2023,"education_rnk",67.4085
"08031004700","tract",2023,"education_rnk",63.2809
"08031004801","tract",2023,"education_rnk",18.3773
"08031005001","tract",2023,"education_rnk",29.9142
"08031005003","tract",2023,"education_rnk",35.9964
"08031005004","tract",2023,"education_rnk",39.4379
"08031005102","tract",2023,"education_rnk",4.0483
"08031005104","tract",2023,"education_rnk",33.2519
"08031005200","tract",2023,"education_rnk",9.4359
"08031005300","tract",2023,"education_rnk",10.4137
"08031005502","tract",2023,"education_rnk",60.0554
"08031005503","tract",2023,"education_rnk",44.4238
"08031006701","tract",2023,"education_rnk",2.0925
"08031006804","tract",2023,"education_rnk",2.2854
"08031006810","tract",2023,"education_rnk",25.9086
"08031006812","tract",2023,"education_rnk",8.5361
"08031006813","tract",2023,"education_rnk",35.9353
"08031006814","tract",2023,"education_rnk",62.0674
"08031006815","tract",2023,"education_rnk",0.9791
"08031006816","tract",2023,"education_rnk",13.9542
"08031006817","tract",2023,"education_rnk",17.2053
"08031006818","tract",2023,"education_rnk",3.2181
"08031006902","tract",2023,"education_rnk",28.581
"08031006903","tract",2023,"education_rnk",9.293
"08031007006","tract",2023,"education_rnk",67.4976
"08031007013","tract",2023,"education_rnk",8.5788
"08031007037","tract",2023,"education_rnk",77.7734
"08031007088","tract",2023,"education_rnk",28.1183
"08031007090","tract",2023,"education_rnk",15.971
"08031007091","tract",2023,"education_rnk",3.0033
"08031008304","tract",2023,"education_rnk",97.8098
"08031008305","tract",2023,"education_rnk",97.7976
"08031008306","tract",2023,"education_rnk",94.8175
"08031008312","tract",2023,"education_rnk",88.3898
"08031008386","tract",2023,"education_rnk",93.7969
"08031008387","tract",2023,"education_rnk",93.0327
"08031008388","tract",2023,"education_rnk",61.5009
"08031008389","tract",2023,"education_rnk",63.9804
"08031008390","tract",2023,"education_rnk",63.8779
"08031008391","tract",2023,"education_rnk",75.9007
"08031011902","tract",2023,"education_rnk",29.6187
"08031011903","tract",2023,"education_rnk",31.6746
"08031012001","tract",2023,"education_rnk",21.0216
"08031012010","tract",2023,"education_rnk",19.1818
"08031012015","tract",2023,"education_rnk",8.5788
"08031012016","tract",2023,"education_rnk",42.0395
"08031015300","tract",2023,"education_rnk",4.0153
"08031015400","tract",2023,"education_rnk",31.4854
"08031015500","tract",2023,"education_rnk",12.9677
"08031015600","tract",2023,"education_rnk",83.7482
"08031015700","tract",2023,"education_rnk",87.0017
"08031015800","tract",2023,"education_rnk",67.7247
"08031980001","tract",2023,"education_rnk",NA
"08031980100","tract",2023,"education_rnk",NA
"08031980200","tract",2023,"education_rnk",NA
"08033000100","tract",2023,"education_rnk",37.0964
"08035013904","tract",2023,"education_rnk",24.8782
"08035013905","tract",2023,"education_rnk",27.5274
"08035013907","tract",2023,"education_rnk",35.7864
"08035013909","tract",2023,"education_rnk",27.2723
"08035013910","tract",2023,"education_rnk",29.8397
"08035013911","tract",2023,"education_rnk",21.6882
"08035013912","tract",2023,"education_rnk",38.7359
"08035013913","tract",2023,"education_rnk",6.4436
"08035013914","tract",2023,"education_rnk",18.2723
"08035013915","tract",2023,"education_rnk",16.2408
"08035014005","tract",2023,"education_rnk",19.2526
"08035014006","tract",2023,"education_rnk",25.4679
"08035014007","tract",2023,"education_rnk",13.6038
"08035014008","tract",2023,"education_rnk",17.7034
"08035014009","tract",2023,"education_rnk",9.2124
"08035014010","tract",2023,"education_rnk",22.6709
"08035014011","tract",2023,"education_rnk",12.2694
"08035014013","tract",2023,"education_rnk",17.1845
"08035014014","tract",2023,"education_rnk",10.2794
"08035014015","tract",2023,"education_rnk",26.834
"08035014016","tract",2023,"education_rnk",13.0349
"08035014017","tract",2023,"education_rnk",16.0796
"08035014107","tract",2023,"education_rnk",7.7511
"08035014108","tract",2023,"education_rnk",10.8618
"08035014109","tract",2023,"education_rnk",5.5292
"08035014110","tract",2023,"education_rnk",24.8196
"08035014112","tract",2023,"education_rnk",17.4397
"08035014113","tract",2023,"education_rnk",22.4512
"08035014114","tract",2023,"education_rnk",26.2517
"08035014115","tract",2023,"education_rnk",9.9059
"08035014116","tract",2023,"education_rnk",1.8422
"08035014123","tract",2023,"education_rnk",15.9942
"08035014124","tract",2023,"education_rnk",14.4279
"08035014125","tract",2023,"education_rnk",3.1119
"08035014126","tract",2023,"education_rnk",16.3336
"08035014127","tract",2023,"education_rnk",5.7306
"08035014128","tract",2023,"education_rnk",12.0228
"08035014129","tract",2023,"education_rnk",18.7423
"08035014130","tract",2023,"education_rnk",11.1353
"08035014131","tract",2023,"education_rnk",3.245
"08035014132","tract",2023,"education_rnk",18.8864
"08035014133","tract",2023,"education_rnk",7.0088
"08035014134","tract",2023,"education_rnk",18.923
"08035014135","tract",2023,"education_rnk",8.8694
"08035014138","tract",2023,"education_rnk",4.4695
"08035014139","tract",2023,"education_rnk",7.8451
"08035014140","tract",2023,"education_rnk",9.5396
"08035014141","tract",2023,"education_rnk",13.1325
"08035014142","tract",2023,"education_rnk",3.6454
"08035014143","tract",2023,"education_rnk",37.8191
"08035014144","tract",2023,"education_rnk",20.7091
"08035014145","tract",2023,"education_rnk",14.6354
"08035014146","tract",2023,"education_rnk",25.0943
"08035014203","tract",2023,"education_rnk",5.0811
"08035014205","tract",2023,"education_rnk",4.8443
"08035014206","tract",2023,"education_rnk",28.8227
"08035014207","tract",2023,"education_rnk",36.6569
"08035014208","tract",2023,"education_rnk",8.259
"08035014300","tract",2023,"education_rnk",6.2043
"08035014404","tract",2023,"education_rnk",4.8125
"08035014405","tract",2023,"education_rnk",23.7734
"08035014407","tract",2023,"education_rnk",30.6516
"08035014408","tract",2023,"education_rnk",7.596
"08035014409","tract",2023,"education_rnk",34.8586
"08035014410","tract",2023,"education_rnk",16.3653
"08035014503","tract",2023,"education_rnk",17.1393
"08035014504","tract",2023,"education_rnk",34.4337
"08035014505","tract",2023,"education_rnk",16.6107
"08035014506","tract",2023,"education_rnk",17.353
"08035014602","tract",2023,"education_rnk",15.1604
"08035014603","tract",2023,"education_rnk",26.4494
"08035014604","tract",2023,"education_rnk",15.1604
"08037000100","tract",2023,"education_rnk",66.1242
"08037000200","tract",2023,"education_rnk",81.121
"08037000301","tract",2023,"education_rnk",39.7907
"08037000302","tract",2023,"education_rnk",7.2603
"08037000401","tract",2023,"education_rnk",40.3047
"08037000402","tract",2023,"education_rnk",30.0631
"08037000404","tract",2023,"education_rnk",74.0816
"08037000405","tract",2023,"education_rnk",34.0296
"08037000501","tract",2023,"education_rnk",20.9813
"08037000502","tract",2023,"education_rnk",17.7363
"08037000504","tract",2023,"education_rnk",9.6873
"08037000505","tract",2023,"education_rnk",16.2005
"08037000600","tract",2023,"education_rnk",29.1365
"08037000701","tract",2023,"education_rnk",3.4599
"08037000702","tract",2023,"education_rnk",1.1354
"08037000703","tract",2023,"education_rnk",3.6637
"08039961100","tract",2023,"education_rnk",55.7398
"08039961204","tract",2023,"education_rnk",30.5099
"08039961205","tract",2023,"education_rnk",53.751
"08039961206","tract",2023,"education_rnk",16.2005
"08039961207","tract",2023,"education_rnk",25.8598
"08039961208","tract",2023,"education_rnk",28.6836
"08039961209","tract",2023,"education_rnk",49.5184
"08041000102","tract",2023,"education_rnk",55.2917
"08041000103","tract",2023,"education_rnk",36.4945
"08041000104","tract",2023,"education_rnk",37.0646
"08041000202","tract",2023,"education_rnk",59.6171
"08041000203","tract",2023,"education_rnk",41.9577
"08041000301","tract",2023,"education_rnk",40.4647
"08041000302","tract",2023,"education_rnk",73.8399
"08041000400","tract",2023,"education_rnk",21.5807
"08041000500","tract",2023,"education_rnk",41.3424
"08041000600","tract",2023,"education_rnk",39.1584
"08041000700","tract",2023,"education_rnk",63.2455
"08041000800","tract",2023,"education_rnk",28.2844
"08041000900","tract",2023,"education_rnk",9.0879
"08041001000","tract",2023,"education_rnk",4.5159
"08041001101","tract",2023,"education_rnk",44.3542
"08041001104","tract",2023,"education_rnk",14.025
"08041001301","tract",2023,"education_rnk",16.0528
"08041001302","tract",2023,"education_rnk",26.8462
"08041001400","tract",2023,"education_rnk",7.2054
"08041001500","tract",2023,"education_rnk",10.7934
"08041001600","tract",2023,"education_rnk",NA
"08041001700","tract",2023,"education_rnk",30.2572
"08041001800","tract",2023,"education_rnk",6.7439
"08041001901","tract",2023,"education_rnk",58.6075
"08041001902","tract",2023,"education_rnk",15.91
"08041002000","tract",2023,"education_rnk",29.073
"08041002101","tract",2023,"education_rnk",71.5423
"08041002102","tract",2023,"education_rnk",81.7705
"08041002200","tract",2023,"education_rnk",27.2112
"08041002300","tract",2023,"education_rnk",NA
"08041002401","tract",2023,"education_rnk",9.4212
"08041002402","tract",2023,"education_rnk",10.2965
"08041002501","tract",2023,"education_rnk",5.2496
"08041002502","tract",2023,"education_rnk",24.9368
"08041002700","tract",2023,"education_rnk",15.8672
"08041002801","tract",2023,"education_rnk",62.7706
"08041002802","tract",2023,"education_rnk",32.4218
"08041002901","tract",2023,"education_rnk",83.4308
"08041002902","tract",2023,"education_rnk",67.0118
"08041003001","tract",2023,"education_rnk",16.5729
"08041003002","tract",2023,"education_rnk",20.0913
"08041003100","tract",2023,"education_rnk",9.8045
"08041003303","tract",2023,"education_rnk",47.4198
"08041003305","tract",2023,"education_rnk",29.9801
"08041003306","tract",2023,"education_rnk",31.9249
"08041003307","tract",2023,"education_rnk",40.2461
"08041003308","tract",2023,"education_rnk",34.9538
"08041003401","tract",2023,"education_rnk",26.1784
"08041003402","tract",2023,"education_rnk",8.1759
"08041003702","tract",2023,"education_rnk",10.3967
"08041003705","tract",2023,"education_rnk",27.6776
"08041003706","tract",2023,"education_rnk",26.9207
"08041003707","tract",2023,"education_rnk",21.0082
"08041003708","tract",2023,"education_rnk",18.4212
"08041003710","tract",2023,"education_rnk",6.8342
"08041003711","tract",2023,"education_rnk",17.1674
"08041003712","tract",2023,"education_rnk",53.1748
"08041003713","tract",2023,"education_rnk",19.1818
"08041003801","tract",2023,"education_rnk",37.2905
"08041003802","tract",2023,"education_rnk",NA
"08041003905","tract",2023,"education_rnk",29.0608
"08041003906","tract",2023,"education_rnk",28.8618
"08041003910","tract",2023,"education_rnk",36.3407
"08041003911","tract",2023,"education_rnk",50.4755
"08041003912","tract",2023,"education_rnk",63.2455
"08041003913","tract",2023,"education_rnk",10.6909
"08041003914","tract",2023,"education_rnk",22.6355
"08041004008","tract",2023,"education_rnk",50.4133
"08041004009","tract",2023,"education_rnk",60.147
"08041004100","tract",2023,"education_rnk",67.6075
"08041004200","tract",2023,"education_rnk",67.0948
"08041004300","tract",2023,"education_rnk",49.9567
"08041004402","tract",2023,"education_rnk",NA
"08041004403","tract",2023,"education_rnk",NA
"08041004404","tract",2023,"education_rnk",61.8171
"08041004405","tract",2023,"education_rnk",65.5016
"08041004406","tract",2023,"education_rnk",59.9553
"08041004501","tract",2023,"education_rnk",64.6616
"08041004502","tract",2023,"education_rnk",36.9572
"08041004506","tract",2023,"education_rnk",77.3071
"08041004507","tract",2023,"education_rnk",52.3788
"08041004512","tract",2023,"education_rnk",34.0492
"08041004513","tract",2023,"education_rnk",75.134
"08041004514","tract",2023,"education_rnk",52.5937
"08041004515","tract",2023,"education_rnk",43.7621
"08041004516","tract",2023,"education_rnk",41.5561
"08041004517","tract",2023,"education_rnk",32.9333
"08041004518","tract",2023,"education_rnk",32.6012
"08041004519","tract",2023,"education_rnk",47.9313
"08041004520","tract",2023,"education_rnk",67.5843
"08041004601","tract",2023,"education_rnk",61.9294
"08041004602","tract",2023,"education_rnk",44.9122
"08041004603","tract",2023,"education_rnk",36.5897
"08041004701","tract",2023,"education_rnk",54.6312
"08041004702","tract",2023,"education_rnk",27.5531
"08041004703","tract",2023,"education_rnk",22.428
"08041004706","tract",2023,"education_rnk",19.4601
"08041004707","tract",2023,"education_rnk",65.2379
"08041004708","tract",2023,"education_rnk",8.8291
"08041004800","tract",2023,"education_rnk",38.9862
"08041004901","tract",2023,"education_rnk",61.9294
"08041004902","tract",2023,"education_rnk",12.9909
"08041005000","tract",2023,"education_rnk",74.2269
"08041005110","tract",2023,"education_rnk",55.5334
"08041005112","tract",2023,"education_rnk",37.8191
"08041005113","tract",2023,"education_rnk",46.7398
"08041005114","tract",2023,"education_rnk",86.7441
"08041005115","tract",2023,"education_rnk",49.1729
"08041005116","tract",2023,"education_rnk",44.1064
"08041005117","tract",2023,"education_rnk",16.1651
"08041005118","tract",2023,"education_rnk",22.1753
"08041005119","tract",2023,"education_rnk",19.8752
"08041005120","tract",2023,"education_rnk",54.8669
"08041005121","tract",2023,"education_rnk",26.1564
"08041005122","tract",2023,"education_rnk",35.3188
"08041005123","tract",2023,"education_rnk",46.5469
"08041005124","tract",2023,"education_rnk",31.9627
"08041005125","tract",2023,"education_rnk",31.1594
"08041005201","tract",2023,"education_rnk",79.9966
"08041005202","tract",2023,"education_rnk",42.4497
"08041005300","tract",2023,"education_rnk",56.9105
"08041005400","tract",2023,"education_rnk",83.6945
"08041005501","tract",2023,"education_rnk",26.8706
"08041005502","tract",2023,"education_rnk",73.5493
"08041005601","tract",2023,"education_rnk",38.4527
"08041005602","tract",2023,"education_rnk",32.7538
"08041005700","tract",2023,"education_rnk",40.0239
"08041005800","tract",2023,"education_rnk",43.7829
"08041005900","tract",2023,"education_rnk",50.3925
"08041006000","tract",2023,"education_rnk",65.2855
"08041006100","tract",2023,"education_rnk",89.2517
"08041006200","tract",2023,"education_rnk",67.1448
"08041006301","tract",2023,"education_rnk",70.8366
"08041006302","tract",2023,"education_rnk",87.4364
"08041006400","tract",2023,"education_rnk",80.3824
"08041006501","tract",2023,"education_rnk",91.4773
"08041006502","tract",2023,"education_rnk",71.2432
"08041006600","tract",2023,"education_rnk",13.2815
"08041006701","tract",2023,"education_rnk",31.9627
"08041006702","tract",2023,"education_rnk",27.7216
"08041006801","tract",2023,"education_rnk",37.3234
"08041006802","tract",2023,"education_rnk",47.4198
"08041006901","tract",2023,"education_rnk",34.557
"08041006902","tract",2023,"education_rnk",37.0182
"08041007000","tract",2023,"education_rnk",16.9062
"08041007103","tract",2023,"education_rnk",29.5784
"08041007104","tract",2023,"education_rnk",11.4893
"08041007105","tract",2023,"education_rnk",18.8864
"08041007106","tract",2023,"education_rnk",16.7499
"08041007203","tract",2023,"education_rnk",35.7864
"08041007204","tract",2023,"education_rnk",13.3572
"08041007205","tract",2023,"education_rnk",27.2442
"08041007206","tract",2023,"education_rnk",11.6395
"08041007301","tract",2023,"education_rnk",10.078
"08041007302","tract",2023,"education_rnk",20.8385
"08041007401","tract",2023,"education_rnk",13.2766
"08041007402","tract",2023,"education_rnk",22.8065
"08041007501","tract",2023,"education_rnk",17.5105
"08041007502","tract",2023,"education_rnk",20.9581
"08041007602","tract",2023,"education_rnk",19.0536
"08041007603","tract",2023,"education_rnk",28.9021
"08041007604","tract",2023,"education_rnk",19.2526
"08041007700","tract",2023,"education_rnk",22.5171
"08041007801","tract",2023,"education_rnk",19.9863
"08041007802","tract",2023,"education_rnk",NA
"08041007900","tract",2023,"education_rnk",7.7865
"08041008000","tract",2023,"education_rnk",19.4601
"08043978100","tract",2023,"education_rnk",25.5656
"08043978200","tract",2023,"education_rnk",64.8545
"08043978300","tract",2023,"education_rnk",46.1159
"08043978400","tract",2023,"education_rnk",55.2685
"08043978500","tract",2023,"education_rnk",59.5207
"08043978600","tract",2023,"education_rnk",67.6454
"08043978800","tract",2023,"education_rnk",44.2969
"08043979001","tract",2023,"education_rnk",40.6624
"08043979002","tract",2023,"education_rnk",54.5861
"08043979100","tract",2023,"education_rnk",30.9861
"08043979200","tract",2023,"education_rnk",30.0448
"08043979400","tract",2023,"education_rnk",76.2169
"08043980100","tract",2023,"education_rnk",NA
"08043980200","tract",2023,"education_rnk",NA
"08043980300","tract",2023,"education_rnk",NA
"08045951600","tract",2023,"education_rnk",70.236
"08045951701","tract",2023,"education_rnk",74.0145
"08045951702","tract",2023,"education_rnk",64.752
"08045951802","tract",2023,"education_rnk",38.1194
"08045951803","tract",2023,"education_rnk",53.1748
"08045951804","tract",2023,"education_rnk",52.2689
"08045951901","tract",2023,"education_rnk",75.3733
"08045951902","tract",2023,"education_rnk",43.5802
"08045952001","tract",2023,"education_rnk",93.5344
"08045952003","tract",2023,"education_rnk",67.9994
"08045952004","tract",2023,"education_rnk",68.2912
"08045952100","tract",2023,"education_rnk",80.3164
"08047013801","tract",2023,"education_rnk",6.3007
"08047013802","tract",2023,"education_rnk",7.7145
"08049000100","tract",2023,"education_rnk",78.9393
"08049000203","tract",2023,"education_rnk",40.9225
"08049000204","tract",2023,"education_rnk",40.6844
"08049000205","tract",2023,"education_rnk",14.285
"08049000206","tract",2023,"education_rnk",16.5863
"08049000207","tract",2023,"education_rnk",7.9977
"08051963601","tract",2023,"education_rnk",8.906
"08051963602","tract",2023,"education_rnk",23.3387
"08051963701","tract",2023,"education_rnk",25.2823
"08051963702","tract",2023,"education_rnk",54.8486
"08051963800","tract",2023,"education_rnk",10.194
"08051963900","tract",2023,"education_rnk",7.485
"08053973100","tract",2023,"education_rnk",17.3835
"08055960600","tract",2023,"education_rnk",85.842
"08055960901","tract",2023,"education_rnk",34.8244
"08055960902","tract",2023,"education_rnk",17.8047
"08057955600","tract",2023,"education_rnk",83.6017
"08059009806","tract",2023,"education_rnk",5.0457
"08059009807","tract",2023,"education_rnk",9.376
"08059009815","tract",2023,"education_rnk",9.6544
"08059009823","tract",2023,"education_rnk",9.0037
"08059009824","tract",2023,"education_rnk",14.7306
"08059009827","tract",2023,"education_rnk",15.4167
"08059009828","tract",2023,"education_rnk",16.8402
"08059009829","tract",2023,"education_rnk",7.4727
"08059009830","tract",2023,"education_rnk",19.9192
"08059009831","tract",2023,"education_rnk",24.4668
"08059009832","tract",2023,"education_rnk",22.9737
"08059009833","tract",2023,"education_rnk",42.1592
"08059009834","tract",2023,"education_rnk",30.1913
"08059009835","tract",2023,"education_rnk",7.3714
"08059009836","tract",2023,"education_rnk",13.9749
"08059009837","tract",2023,"education_rnk",17.1845
"08059009838","tract",2023,"education_rnk",6.9051
"08059009839","tract",2023,"education_rnk",19.5126
"08059009840","tract",2023,"education_rnk",27.3175
"08059009841","tract",2023,"education_rnk",9.0586
"08059009842","tract",2023,"education_rnk",7.5753
"08059009845","tract",2023,"education_rnk",4.2803
"08059009846","tract",2023,"education_rnk",5.2716
"08059009847","tract",2023,"education_rnk",8.4396
"08059009848","tract",2023,"education_rnk",23.3619
"08059009850","tract",2023,"education_rnk",1.7543
"08059009851","tract",2023,"education_rnk",12.0545
"08059009852","tract",2023,"education_rnk",25.1676
"08059009853","tract",2023,"education_rnk",4.3645
"08059009854","tract",2023,"education_rnk",4.3975
"08059009855","tract",2023,"education_rnk",16.9977
"08059009856","tract",2023,"education_rnk",28.5188
"08059009857","tract",2023,"education_rnk",16.7352
"08059009858","tract",2023,"education_rnk",9.7948
"08059009901","tract",2023,"education_rnk",NA
"08059010001","tract",2023,"education_rnk",28.7812
"08059010100","tract",2023,"education_rnk",33.0945
"08059010205","tract",2023,"education_rnk",15.9942
"08059010206","tract",2023,"education_rnk",13.6697
"08059010208","tract",2023,"education_rnk",16.1212
"08059010209","tract",2023,"education_rnk",33.3362
"08059010210","tract",2023,"education_rnk",40.3829
"08059010211","tract",2023,"education_rnk",49.1509
"08059010212","tract",2023,"education_rnk",17.939
"08059010213","tract",2023,"education_rnk",26.0246
"08059010303","tract",2023,"education_rnk",16.5948
"08059010304","tract",2023,"education_rnk",15.352
"08059010305","tract",2023,"education_rnk",29.0108
"08059010306","tract",2023,"education_rnk",42.1592
"08059010307","tract",2023,"education_rnk",26.2089
"08059010308","tract",2023,"education_rnk",7.2933
"08059010402","tract",2023,"education_rnk",32.1617
"08059010403","tract",2023,"education_rnk",38.5968
"08059010405","tract",2023,"education_rnk",12.831
"08059010406","tract",2023,"education_rnk",57.0656
"08059010502","tract",2023,"education_rnk",5.821
"08059010503","tract",2023,"education_rnk",11.0706
"08059010504","tract",2023,"education_rnk",2.1926
"08059010603","tract",2023,"education_rnk",17.4763
"08059010604","tract",2023,"education_rnk",13.4793
"08059010701","tract",2023,"education_rnk",7.1858
"08059010702","tract",2023,"education_rnk",30.3415
"08059010801","tract",2023,"education_rnk",5.8686
"08059010901","tract",2023,"education_rnk",22.5415
"08059010902","tract",2023,"education_rnk",27.6581
"08059011000","tract",2023,"education_rnk",20.8507
"08059011101","tract",2023,"education_rnk",23.7087
"08059011102","tract",2023,"education_rnk",55.8924
"08059011202","tract",2023,"education_rnk",39.5649
"08059011300","tract",2023,"education_rnk",7.5619
"08059011401","tract",2023,"education_rnk",43.7621
"08059011402","tract",2023,"education_rnk",24.0859
"08059011551","tract",2023,"education_rnk",27.1368
"08059011552","tract",2023,"education_rnk",48.6137
"08059011601","tract",2023,"education_rnk",71.806
"08059011602","tract",2023,"education_rnk",81.4701
"08059011701","tract",2023,"education_rnk",16.3446
"08059011702","tract",2023,"education_rnk",21.527
"08059011708","tract",2023,"education_rnk",27.6385
"08059011709","tract",2023,"education_rnk",49.0471
"08059011710","tract",2023,"education_rnk",15.8904
"08059011711","tract",2023,"education_rnk",23.3912
"08059011712","tract",2023,"education_rnk",7.1858
"08059011720","tract",2023,"education_rnk",5.5438
"08059011721","tract",2023,"education_rnk",14.4681
"08059011723","tract",2023,"education_rnk",17.823
"08059011724","tract",2023,"education_rnk",6.2739
"08059011725","tract",2023,"education_rnk",5.1751
"08059011726","tract",2023,"education_rnk",16.5057
"08059011727","tract",2023,"education_rnk",21.9201
"08059011728","tract",2023,"education_rnk",8.8181
"08059011729","tract",2023,"education_rnk",16.4862
"08059011730","tract",2023,"education_rnk",20.786
"08059011731","tract",2023,"education_rnk",25.3824
"08059011732","tract",2023,"education_rnk",17.154
"08059011733","tract",2023,"education_rnk",13.8333
"08059011803","tract",2023,"education_rnk",43.1883
"08059011804","tract",2023,"education_rnk",31.3755
"08059011806","tract",2023,"education_rnk",55.9815
"08059011807","tract",2023,"education_rnk",8.6692
"08059011808","tract",2023,"education_rnk",24.7061
"08059011904","tract",2023,"education_rnk",35.2028
"08059011951","tract",2023,"education_rnk",22.2876
"08059012022","tract",2023,"education_rnk",8.7436
"08059012023","tract",2023,"education_rnk",15.8672
"08059012024","tract",2023,"education_rnk",13.8089
"08059012026","tract",2023,"education_rnk",8.4726
"08059012027","tract",2023,"education_rnk",20.4258
"08059012030","tract",2023,"education_rnk",16.8097
"08059012031","tract",2023,"education_rnk",15.9563
"08059012032","tract",2023,"education_rnk",9.044
"08059012033","tract",2023,"education_rnk",23.1898
"08059012034","tract",2023,"education_rnk",11.0852
"08059012035","tract",2023,"education_rnk",8.6972
"08059012036","tract",2023,"education_rnk",18.4212
"08059012037","tract",2023,"education_rnk",5.7892
"08059012038","tract",2023,"education_rnk",30.0155
"08059012039","tract",2023,"education_rnk",21.4464
"08059012041","tract",2023,"education_rnk",27.2723
"08059012042","tract",2023,"education_rnk",23.6867
"08059012043","tract",2023,"education_rnk",17.939
"08059012044","tract",2023,"education_rnk",9.7728
"08059012045","tract",2023,"education_rnk",26.4897
"08059012046","tract",2023,"education_rnk",28.183
"08059012047","tract",2023,"education_rnk",38.316
"08059012048","tract",2023,"education_rnk",15.4973
"08059012049","tract",2023,"education_rnk",8.8181
"08059012050","tract",2023,"education_rnk",7.3604
"08059012051","tract",2023,"education_rnk",21.5026
"08059012052","tract",2023,"education_rnk",30.8066
"08059012053","tract",2023,"education_rnk",18.7728
"08059012054","tract",2023,"education_rnk",16.5179
"08059012055","tract",2023,"education_rnk",14.3937
"08059012057","tract",2023,"education_rnk",25.2823
"08059012058","tract",2023,"education_rnk",7.1993
"08059012059","tract",2023,"education_rnk",13.2009
"08059012060","tract",2023,"education_rnk",14.6916
"08059015800","tract",2023,"education_rnk",16.6486
"08059015900","tract",2023,"education_rnk",27.796
"08059060300","tract",2023,"education_rnk",22.9273
"08059060400","tract",2023,"education_rnk",18.9071
"08059060501","tract",2023,"education_rnk",14.4401
"08059980000","tract",2023,"education_rnk",NA
"08059980400","tract",2023,"education_rnk",NA
"08059980700","tract",2023,"education_rnk",NA
"08059980800","tract",2023,"education_rnk",NA
"08061960100","tract",2023,"education_rnk",59.5634
"08063962100","tract",2023,"education_rnk",84.7029
"08063962400","tract",2023,"education_rnk",78.219
"08065961701","tract",2023,"education_rnk",25.6925
"08065961702","tract",2023,"education_rnk",16.9062
"08065961900","tract",2023,"education_rnk",81.5995
"08067940300","tract",2023,"education_rnk",49.1509
"08067940400","tract",2023,"education_rnk",35.8621
"08067970601","tract",2023,"education_rnk",50.6061
"08067970602","tract",2023,"education_rnk",31.1143
"08067970701","tract",2023,"education_rnk",19.6921
"08067970703","tract",2023,"education_rnk",13.2815
"08067970705","tract",2023,"education_rnk",43.3629
"08067970706","tract",2023,"education_rnk",5.4083
"08067970800","tract",2023,"education_rnk",21.151
"08067970900","tract",2023,"education_rnk",11.6895
"08067971000","tract",2023,"education_rnk",29.5028
"08067971100","tract",2023,"education_rnk",18.575
"08069000100","tract",2023,"education_rnk",10.6152
"08069000201","tract",2023,"education_rnk",26.5837
"08069000202","tract",2023,"education_rnk",9.1184
"08069000300","tract",2023,"education_rnk",10.7153
"08069000401","tract",2023,"education_rnk",19.9863
"08069000402","tract",2023,"education_rnk",16.4227
"08069000503","tract",2023,"education_rnk",51.357
"08069000504","tract",2023,"education_rnk",43.9306
"08069000505","tract",2023,"education_rnk",19.3161
"08069000506","tract",2023,"education_rnk",15.0615
"08069000600","tract",2023,"education_rnk",NA
"08069000700","tract",2023,"education_rnk",10.8117
"08069000801","tract",2023,"education_rnk",12.2694
"08069000802","tract",2023,"education_rnk",28.0207
"08069000901","tract",2023,"education_rnk",22.356
"08069000902","tract",2023,"education_rnk",12.8701
"08069001003","tract",2023,"education_rnk",22.7552
"08069001004","tract",2023,"education_rnk",16.5277
"08069001007","tract",2023,"education_rnk",15.8672
"08069001008","tract",2023,"education_rnk",10.8716
"08069001009","tract",2023,"education_rnk",11.2134
"08069001010","tract",2023,"education_rnk",7.1334
"08069001104","tract",2023,"education_rnk",24.7061
"08069001106","tract",2023,"education_rnk",26.6985
"08069001107","tract",2023,"education_rnk",25.3824
"08069001109","tract",2023,"education_rnk",15.7781
"08069001110","tract",2023,"education_rnk",31.5
"08069001111","tract",2023,"education_rnk",28.4186
"08069001112","tract",2023,"education_rnk",38.5968
"08069001113","tract",2023,"education_rnk",22.3999
"08069001114","tract",2023,"education_rnk",16.8097
"08069001301","tract",2023,"education_rnk",26.8462
"08069001304","tract",2023,"education_rnk",86.0641
"08069001305","tract",2023,"education_rnk",55.4126
"08069001306","tract",2023,"education_rnk",24.6304
"08069001307","tract",2023,"education_rnk",13.6429
"08069001308","tract",2023,"education_rnk",12.2303
"08069001601","tract",2023,"education_rnk",80.7059
"08069001602","tract",2023,"education_rnk",21.4611
"08069001603","tract",2023,"education_rnk",24.5706
"08069001605","tract",2023,"education_rnk",29.5491
"08069001606","tract",2023,"education_rnk",16.2005
"08069001607","tract",2023,"education_rnk",27.5274
"08069001608","tract",2023,"education_rnk",52.6303
"08069001706","tract",2023,"education_rnk",30.0631
"08069001707","tract",2023,"education_rnk",54.2845
"08069001708","tract",2023,"education_rnk",20.6138
"08069001710","tract",2023,"education_rnk",60.4498
"08069001711","tract",2023,"education_rnk",17.0966
"08069001712","tract",2023,"education_rnk",14.7599
"08069001713","tract",2023,"education_rnk",20.2647
"08069001714","tract",2023,"education_rnk",1.5004
"08069001715","tract",2023,"education_rnk",20.6138
"08069001804","tract",2023,"education_rnk",19.9302
"08069001807","tract",2023,"education_rnk",46.7105
"08069001808","tract",2023,"education_rnk",28.437
"08069001810","tract",2023,"education_rnk",26.834
"08069001811","tract",2023,"education_rnk",5.9345
"08069001812","tract",2023,"education_rnk",15.91
"08069001813","tract",2023,"education_rnk",25.5497
"08069001901","tract",2023,"education_rnk",30.328
"08069001902","tract",2023,"education_rnk",18.2002
"08069001904","tract",2023,"education_rnk",44.6314
"08069001905","tract",2023,"education_rnk",19.2025
"08069002005","tract",2023,"education_rnk",72.2406
"08069002007","tract",2023,"education_rnk",21.527
"08069002008","tract",2023,"education_rnk",57.8482
"08069002010","tract",2023,"education_rnk",18.0672
"08069002011","tract",2023,"education_rnk",16.0626
"08069002300","tract",2023,"education_rnk",23.4132
"08069002401","tract",2023,"education_rnk",13.4097
"08069002403","tract",2023,"education_rnk",6.2482
"08069002404","tract",2023,"education_rnk",33.6744
"08069002503","tract",2023,"education_rnk",14.5097
"08069002504","tract",2023,"education_rnk",44.0625
"08069002505","tract",2023,"education_rnk",22.135
"08069002506","tract",2023,"education_rnk",21.1071
"08069002507","tract",2023,"education_rnk",50.091
"08069002508","tract",2023,"education_rnk",30.5783
"08069002601","tract",2023,"education_rnk",15.6829
"08069002602","tract",2023,"education_rnk",28.3576
"08069002700","tract",2023,"education_rnk",22.9957
"08069002801","tract",2023,"education_rnk",7.9623
"08069002803","tract",2023,"education_rnk",NA
"08069002804","tract",2023,"education_rnk",17.3029
"08069002805","tract",2023,"education_rnk",24.363
"08071000100","tract",2023,"education_rnk",41.6782
"08071000200","tract",2023,"education_rnk",65.8532
"08071000300","tract",2023,"education_rnk",84.7847
"08071000400","tract",2023,"education_rnk",53.646
"08071000500","tract",2023,"education_rnk",70.4765
"08071000800","tract",2023,"education_rnk",78.003
"08073961700","tract",2023,"education_rnk",68.3376
"08073961800","tract",2023,"education_rnk",68.9028
"08075965900","tract",2023,"education_rnk",25.8793
"08075966000","tract",2023,"education_rnk",67.7247
"08075966101","tract",2023,"education_rnk",53.2908
"08075966102","tract",2023,"education_rnk",81.9719
"08075966200","tract",2023,"education_rnk",34.7475
"08075966300","tract",2023,"education_rnk",60.0786
"08075966400","tract",2023,"education_rnk",NA
"08077000200","tract",2023,"education_rnk",17.1393
"08077000300","tract",2023,"education_rnk",24.363
"08077000400","tract",2023,"education_rnk",60.3411
"08077000500","tract",2023,"education_rnk",NA
"08077000601","tract",2023,"education_rnk",34.4838
"08077000602","tract",2023,"education_rnk",60.8624
"08077000700","tract",2023,"education_rnk",43.1114
"08077000801","tract",2023,"education_rnk",57.8787
"08077000802","tract",2023,"education_rnk",73.3601
"08077000900","tract",2023,"education_rnk",25.7963
"08077001001","tract",2023,"education_rnk",27.0879
"08077001002","tract",2023,"education_rnk",27.8998
"08077001102","tract",2023,"education_rnk",44.2541
"08077001103","tract",2023,"education_rnk",72.2406
"08077001104","tract",2023,"education_rnk",56.0938
"08077001200","tract",2023,"education_rnk",33.8636
"08077001302","tract",2023,"education_rnk",37.0414
"08077001303","tract",2023,"education_rnk",41.6025
"08077001304","tract",2023,"education_rnk",68.2094
"08077001402","tract",2023,"education_rnk",39.0766
"08077001403","tract",2023,"education_rnk",36.7277
"08077001404","tract",2023,"education_rnk",10.3295
"08077001502","tract",2023,"education_rnk",57.4282
"08077001503","tract",2023,"education_rnk",59.8577
"08077001504","tract",2023,"education_rnk",69.346
"08077001600","tract",2023,"education_rnk",36.022
"08077001702","tract",2023,"education_rnk",34.1566
"08077001703","tract",2023,"education_rnk",55.4871
"08077001705","tract",2023,"education_rnk",84.6919
"08077001706","tract",2023,"education_rnk",83.7677
"08077001707","tract",2023,"education_rnk",75.134
"08077001800","tract",2023,"education_rnk",56.6603
"08077001900","tract",2023,"education_rnk",41.9016
"08079973600","tract",2023,"education_rnk",11.4893
"08081000300","tract",2023,"education_rnk",62.4629
"08081000400","tract",2023,"education_rnk",66.7664
"08081000500","tract",2023,"education_rnk",60.147
"08081000600","tract",2023,"education_rnk",81.663
"08083941100","tract",2023,"education_rnk",92.183
"08083969000","tract",2023,"education_rnk",50.3925
"08083969100","tract",2023,"education_rnk",17.1161
"08083969200","tract",2023,"education_rnk",40.3584
"08083969301","tract",2023,"education_rnk",43.3983
"08083969302","tract",2023,"education_rnk",62.386
"08083969400","tract",2023,"education_rnk",82.4456
"08083969600","tract",2023,"education_rnk",34.4337
"08085966100","tract",2023,"education_rnk",56.3551
"08085966201","tract",2023,"education_rnk",74.6249
"08085966202","tract",2023,"education_rnk",83.3771
"08085966301","tract",2023,"education_rnk",58.5599
"08085966302","tract",2023,"education_rnk",86.6379
"08085966401","tract",2023,"education_rnk",40.3267
"08085966402","tract",2023,"education_rnk",47.3074
"08085966501","tract",2023,"education_rnk",11.438
"08085966502","tract",2023,"education_rnk",41.6782
"08085966503","tract",2023,"education_rnk",64.2661
"08085966601","tract",2023,"education_rnk",80.6229
"08085966602","tract",2023,"education_rnk",52.0113
"08087000100","tract",2023,"education_rnk",76.4732
"08087000200","tract",2023,"education_rnk",76.3805
"08087000300","tract",2023,"education_rnk",69.827
"08087000400","tract",2023,"education_rnk",88.8196
"08087000500","tract",2023,"education_rnk",84.195
"08087000600","tract",2023,"education_rnk",94.2608
"08087000700","tract",2023,"education_rnk",76.8725
"08087000800","tract",2023,"education_rnk",50.13
"08089968000","tract",2023,"education_rnk",28.7361
"08089968100","tract",2023,"education_rnk",82.5371
"08089968200","tract",2023,"education_rnk",66.1071
"08089968300","tract",2023,"education_rnk",70.778
"08089968400","tract",2023,"education_rnk",37.8679
"08089968500","tract",2023,"education_rnk",70.3874
"08089968600","tract",2023,"education_rnk",83.1219
"08091967601","tract",2023,"education_rnk",10.5541
"08091967602","tract",2023,"education_rnk",25.0223
"08093000101","tract",2023,"education_rnk",7.2127
"08093000102","tract",2023,"education_rnk",13.6538
"08093000200","tract",2023,"education_rnk",27.1612
"08093000300","tract",2023,"education_rnk",24.2239
"08093000400","tract",2023,"education_rnk",34.6559
"08093000500","tract",2023,"education_rnk",15.3679
"08095967600","tract",2023,"education_rnk",63.6203
"08095967700","tract",2023,"education_rnk",60.4278
"08097000101","tract",2023,"education_rnk",23.3619
"08097000102","tract",2023,"education_rnk",31.5184
"08097000402","tract",2023,"education_rnk",3.1717
"08097000403","tract",2023,"education_rnk",3.9421
"08097000404","tract",2023,"education_rnk",3.3707
"08097000500","tract",2023,"education_rnk",19.8093
"08099000100","tract",2023,"education_rnk",72.6435
"08099000200","tract",2023,"education_rnk",83.8227
"08099000300","tract",2023,"education_rnk",79.9856
"08099000600","tract",2023,"education_rnk",85.284
"08099000700","tract",2023,"education_rnk",79.866
"08101000100","tract",2023,"education_rnk",29.1133
"08101000200","tract",2023,"education_rnk",69.4852
"08101000300","tract",2023,"education_rnk",NA
"08101000400","tract",2023,"education_rnk",67.1119
"08101000500","tract",2023,"education_rnk",55.4871
"08101000600","tract",2023,"education_rnk",85.1229
"08101000800","tract",2023,"education_rnk",92.1866
"08101000902","tract",2023,"education_rnk",59.1471
"08101000903","tract",2023,"education_rnk",NA
"08101000904","tract",2023,"education_rnk",69.4156
"08101000905","tract",2023,"education_rnk",41.7966
"08101001000","tract",2023,"education_rnk",82.0891
"08101001100","tract",2023,"education_rnk",93.1133
"08101001200","tract",2023,"education_rnk",89.6046
"08101001400","tract",2023,"education_rnk",57.311
"08101001500","tract",2023,"education_rnk",57.8262
"08101001600","tract",2023,"education_rnk",32.9187
"08101001700","tract",2023,"education_rnk",63.1405
"08101001800","tract",2023,"education_rnk",64.5054
"08101001900","tract",2023,"education_rnk",39.9092
"08101002000","tract",2023,"education_rnk",55.0024
"08101002100","tract",2023,"education_rnk",85.3036
"08101002200","tract",2023,"education_rnk",90.8974
"08101002300","tract",2023,"education_rnk",69.0591
"08101002400","tract",2023,"education_rnk",46.3784
"08101002500","tract",2023,"education_rnk",82.1721
"08101002600","tract",2023,"education_rnk",86.3193
"08101002700","tract",2023,"education_rnk",71.5655
"08101002801","tract",2023,"education_rnk",73.6177
"08101002802","tract",2023,"education_rnk",41.7709
"08101002804","tract",2023,"education_rnk",35.4079
"08101002806","tract",2023,"education_rnk",36.7277
"08101002807","tract",2023,"education_rnk",48.4648
"08101002808","tract",2023,"education_rnk",10.9961
"08101002901","tract",2023,"education_rnk",83.935
"08101002906","tract",2023,"education_rnk",40.4207
"08101002911","tract",2023,"education_rnk",45.9487
"08101002912","tract",2023,"education_rnk",61.9294
"08101002913","tract",2023,"education_rnk",28.183
"08101002914","tract",2023,"education_rnk",64.2844
"08101002915","tract",2023,"education_rnk",44.4019
"08101002916","tract",2023,"education_rnk",78.6927
"08101002917","tract",2023,"education_rnk",22.2583
"08101002919","tract",2023,"education_rnk",52.2384
"08101002920","tract",2023,"education_rnk",23.4328
"08101002921","tract",2023,"education_rnk",86.7441
"08101002922","tract",2023,"education_rnk",53.6729
"08101002923","tract",2023,"education_rnk",52.9856
"08101003001","tract",2023,"education_rnk",65.1219
"08101003004","tract",2023,"education_rnk",24.4265
"08101003103","tract",2023,"education_rnk",64.6433
"08101003104","tract",2023,"education_rnk",65.7421
"08101003105","tract",2023,"education_rnk",26.4104
"08101003106","tract",2023,"education_rnk",31.9249
"08101003200","tract",2023,"education_rnk",52.2872
"08101003500","tract",2023,"education_rnk",84.3147
"08101003600","tract",2023,"education_rnk",70.8171
"08101980100","tract",2023,"education_rnk",NA
"08103951100","tract",2023,"education_rnk",49.3389
"08103951200","tract",2023,"education_rnk",70.2958
"08105976700","tract",2023,"education_rnk",77.7454
"08105976800","tract",2023,"education_rnk",49.367
"08105977001","tract",2023,"education_rnk",23.3619
"08105977002","tract",2023,"education_rnk",52.4728
"08107000100","tract",2023,"education_rnk",37.9961
"08107000200","tract",2023,"education_rnk",47.0511
"08107000300","tract",2023,"education_rnk",24.0505
"08107000400","tract",2023,"education_rnk",34.1041
"08107000500","tract",2023,"education_rnk",33.7354
"08107000600","tract",2023,"education_rnk",17.8779
"08107000701","tract",2023,"education_rnk",4.7222
"08107000702","tract",2023,"education_rnk",5.3656
"08107000703","tract",2023,"education_rnk",0.2381
"08107000800","tract",2023,"education_rnk",7.1858
"08109977600","tract",2023,"education_rnk",31.6295
"08109977700","tract",2023,"education_rnk",81.0111
"08111972600","tract",2023,"education_rnk",11.5271
"08113968101","tract",2023,"education_rnk",2.8909
"08113968102","tract",2023,"education_rnk",18.2002
"08113968103","tract",2023,"education_rnk",14.1629
"08113968200","tract",2023,"education_rnk",30.8554
"08115968300","tract",2023,"education_rnk",69.9528
"08117000101","tract",2023,"education_rnk",7.4129
"08117000102","tract",2023,"education_rnk",39.4904
"08117000103","tract",2023,"education_rnk",12.6894
"08117000201","tract",2023,"education_rnk",3.6015
"08117000202","tract",2023,"education_rnk",87.3253
"08117000203","tract",2023,"education_rnk",16.6949
"08117000301","tract",2023,"education_rnk",13.5122
"08117000302","tract",2023,"education_rnk",42.6316
"08117000403","tract",2023,"education_rnk",1.5041
"08117000404","tract",2023,"education_rnk",11.0583
"08117000405","tract",2023,"education_rnk",19.6128
"08117000406","tract",2023,"education_rnk",37.3234
"08119010104","tract",2023,"education_rnk",53.3127
"08119010107","tract",2023,"education_rnk",13.4194
"08119010108","tract",2023,"education_rnk",25.9086
"08119010109","tract",2023,"education_rnk",31.2937
"08119010110","tract",2023,"education_rnk",27.84
"08119010111","tract",2023,"education_rnk",10.183
"08119010112","tract",2023,"education_rnk",36.7606
"08119010203","tract",2023,"education_rnk",34.5375
"08121924100","tract",2023,"education_rnk",81.4421
"08121924200","tract",2023,"education_rnk",44.7547
"08123000100","tract",2023,"education_rnk",89.7889
"08123000200","tract",2023,"education_rnk",91.8717
"08123000300","tract",2023,"education_rnk",NA
"08123000401","tract",2023,"education_rnk",26.331
"08123000402","tract",2023,"education_rnk",65.0035
"08123000501","tract",2023,"education_rnk",99.1332
"08123000502","tract",2023,"education_rnk",95.9822
"08123000600","tract",2023,"education_rnk",NA
"08123000701","tract",2023,"education_rnk",96.755
"08123000703","tract",2023,"education_rnk",99.5031
"08123000704","tract",2023,"education_rnk",93.1621
"08123000705","tract",2023,"education_rnk",52.7707
"08123000800","tract",2023,"education_rnk",70.9392
"08123000900","tract",2023,"education_rnk",57.0888
"08123001003","tract",2023,"education_rnk",95.7698
"08123001004","tract",2023,"education_rnk",83.537
"08123001005","tract",2023,"education_rnk",92.9265
"08123001006","tract",2023,"education_rnk",87.4168
"08123001100","tract",2023,"education_rnk",78.4766
"08123001201","tract",2023,"education_rnk",87.7587
"08123001202","tract",2023,"education_rnk",49.4195
"08123001300","tract",2023,"education_rnk",96.755
"08123001404","tract",2023,"education_rnk",94.2303
"08123001405","tract",2023,"education_rnk",64.7886
"08123001406","tract",2023,"education_rnk",43.6791
"08123001407","tract",2023,"education_rnk",54.0391
"08123001408","tract",2023,"education_rnk",36.022
"08123001409","tract",2023,"education_rnk",48.5356
"08123001410","tract",2023,"education_rnk",17.8047
"08123001411","tract",2023,"education_rnk",18.2186
"08123001412","tract",2023,"education_rnk",39.4611
"08123001413","tract",2023,"education_rnk",63.0501
"08123001414","tract",2023,"education_rnk",46.2795
"08123001415","tract",2023,"education_rnk",42.6451
"08123001416","tract",2023,"education_rnk",34.2555
"08123001417","tract",2023,"education_rnk",85.8969
"08123001500","tract",2023,"education_rnk",53.646
"08123001600","tract",2023,"education_rnk",50.2301
"08123001700","tract",2023,"education_rnk",79.2836
"08123001800","tract",2023,"education_rnk",72.9646
"08123001905","tract",2023,"education_rnk",92.7324
"08123001906","tract",2023,"education_rnk",91.9168
"08123001909","tract",2023,"education_rnk",84.0424
"08123001910","tract",2023,"education_rnk",87.202
"08123001911","tract",2023,"education_rnk",39.0534
"08123001912","tract",2023,"education_rnk",58.3658
"08123001913","tract",2023,"education_rnk",86.8882
"08123001914","tract",2023,"education_rnk",61.7731
"08123002004","tract",2023,"education_rnk",84.3013
"08123002005","tract",2023,"education_rnk",30.0631
"08123002006","tract",2023,"education_rnk",39.5918
"08123002007","tract",2023,"education_rnk",11.0242
"08123002008","tract",2023,"education_rnk",24.9796
"08123002009","tract",2023,"education_rnk",19.1208
"08123002010","tract",2023,"education_rnk",65.9582
"08123002011","tract",2023,"education_rnk",38.7604
"08123002012","tract",2023,"education_rnk",27.0086
"08123002013","tract",2023,"education_rnk",24.91
"08123002014","tract",2023,"education_rnk",47.2354
"08123002015","tract",2023,"education_rnk",19.0878
"08123002016","tract",2023,"education_rnk",49.0899
"08123002017","tract",2023,"education_rnk",37.4687
"08123002018","tract",2023,"education_rnk",29.6187
"08123002019","tract",2023,"education_rnk",61.9673
"08123002020","tract",2023,"education_rnk",44.8645
"08123002021","tract",2023,"education_rnk",29.4844
"08123002101","tract",2023,"education_rnk",51.1897
"08123002104","tract",2023,"education_rnk",17.8315
"08123002105","tract",2023,"education_rnk",33.3801
"08123002106","tract",2023,"education_rnk",46.4199
"08123002107","tract",2023,"education_rnk",25.4679
"08123002108","tract",2023,"education_rnk",46.0231
"08123002203","tract",2023,"education_rnk",45.2491
"08123002204","tract",2023,"education_rnk",37.2905
"08123002205","tract",2023,"education_rnk",40.9469
"08123002206","tract",2023,"education_rnk",34.6559
"08123002207","tract",2023,"education_rnk",43.9892
"08123002208","tract",2023,"education_rnk",23.7087
"08123002209","tract",2023,"education_rnk",17.3212
"08123002210","tract",2023,"education_rnk",12.8554
"08123002300","tract",2023,"education_rnk",66.1413
"08123002501","tract",2023,"education_rnk",57.9422
"08123002502","tract",2023,"education_rnk",80.546
"08125963100","tract",2023,"education_rnk",82.5811
"08125963200","tract",2023,"education_rnk",92.7714
"08001007801","tract",2023,"education_state_rnk",99.6456
"08001007802","tract",2023,"education_state_rnk",99.3622
"08001007900","tract",2023,"education_state_rnk",96.8816
"08001008000","tract",2023,"education_state_rnk",93.905
"08001008100","tract",2023,"education_state_rnk",24.9823
"08001008200","tract",2023,"education_state_rnk",95.2516
"08001008308","tract",2023,"education_state_rnk",98.7952
"08001008309","tract",2023,"education_state_rnk",99.7874
"08001008354","tract",2023,"education_state_rnk",73.3522
"08001008355","tract",2023,"education_state_rnk",92.4522
"08001008401","tract",2023,"education_state_rnk",80.5103
"08001008402","tract",2023,"education_state_rnk",69.8795
"08001008505","tract",2023,"education_state_rnk",76.8958
"08001008506","tract",2023,"education_state_rnk",70.4465
"08001008507","tract",2023,"education_state_rnk",75.4784
"08001008508","tract",2023,"education_state_rnk",79.27
"08001008524","tract",2023,"education_state_rnk",59.9929
"08001008526","tract",2023,"education_state_rnk",62.2608
"08001008533","tract",2023,"education_state_rnk",69.8086
"08001008534","tract",2023,"education_state_rnk",82.8136
"08001008535","tract",2023,"education_state_rnk",80.404
"08001008536","tract",2023,"education_state_rnk",67.399
"08001008538","tract",2023,"education_state_rnk",60.7725
"08001008540","tract",2023,"education_state_rnk",67.6825
"08001008544","tract",2023,"education_state_rnk",62.7923
"08001008545","tract",2023,"education_state_rnk",71.4033
"08001008546","tract",2023,"education_state_rnk",46.8462
"08001008547","tract",2023,"education_state_rnk",67.8242
"08001008548","tract",2023,"education_state_rnk",52.764
"08001008549","tract",2023,"education_state_rnk",88.5542
"08001008550","tract",2023,"education_state_rnk",37.7038
"08001008551","tract",2023,"education_state_rnk",33.3451
"08001008552","tract",2023,"education_state_rnk",53.4373
"08001008553","tract",2023,"education_state_rnk",56.5202
"08001008554","tract",2023,"education_state_rnk",28.1361
"08001008555","tract",2023,"education_state_rnk",75.0532
"08001008556","tract",2023,"education_state_rnk",58.2566
"08001008557","tract",2023,"education_state_rnk",74.7697
"08001008558","tract",2023,"education_state_rnk",55.3508
"08001008559","tract",2023,"education_state_rnk",89.3692
"08001008560","tract",2023,"education_state_rnk",49.8937
"08001008561","tract",2023,"education_state_rnk",13.8909
"08001008562","tract",2023,"education_state_rnk",66.0524
"08001008563","tract",2023,"education_state_rnk",81.3607
"08001008564","tract",2023,"education_state_rnk",72.0765
"08001008565","tract",2023,"education_state_rnk",87.9518
"08001008603","tract",2023,"education_state_rnk",95.1099
"08001008604","tract",2023,"education_state_rnk",67.7534
"08001008605","tract",2023,"education_state_rnk",83.6286
"08001008606","tract",2023,"education_state_rnk",96.5982
"08001008705","tract",2023,"education_state_rnk",98.7243
"08001008706","tract",2023,"education_state_rnk",97.803
"08001008709","tract",2023,"education_state_rnk",98.8661
"08001008801","tract",2023,"education_state_rnk",99.2204
"08001008802","tract",2023,"education_state_rnk",97.5195
"08001008901","tract",2023,"education_state_rnk",99.2913
"08001009001","tract",2023,"education_state_rnk",97.6612
"08001009003","tract",2023,"education_state_rnk",94.4011
"08001009004","tract",2023,"education_state_rnk",94.0822
"08001009101","tract",2023,"education_state_rnk",84.4791
"08001009103","tract",2023,"education_state_rnk",98.9369
"08001009104","tract",2023,"education_state_rnk",86.6052
"08001009202","tract",2023,"education_state_rnk",95.8894
"08001009203","tract",2023,"education_state_rnk",95.4642
"08001009204","tract",2023,"education_state_rnk",80.2977
"08001009206","tract",2023,"education_state_rnk",49.5393
"08001009207","tract",2023,"education_state_rnk",89.5819
"08001009304","tract",2023,"education_state_rnk",79.0928
"08001009306","tract",2023,"education_state_rnk",86.3218
"08001009307","tract",2023,"education_state_rnk",86.8887
"08001009308","tract",2023,"education_state_rnk",93.2672
"08001009309","tract",2023,"education_state_rnk",88.5542
"08001009310","tract",2023,"education_state_rnk",94.6846
"08001009316","tract",2023,"education_state_rnk",99.8583
"08001009318","tract",2023,"education_state_rnk",93.4798
"08001009319","tract",2023,"education_state_rnk",98.0865
"08001009320","tract",2023,"education_state_rnk",89.8299
"08001009321","tract",2023,"education_state_rnk",93.9759
"08001009322","tract",2023,"education_state_rnk",96.1021
"08001009323","tract",2023,"education_state_rnk",70.0213
"08001009325","tract",2023,"education_state_rnk",38.4125
"08001009326","tract",2023,"education_state_rnk",26.4352
"08001009327","tract",2023,"education_state_rnk",66.5131
"08001009401","tract",2023,"education_state_rnk",82.5301
"08001009406","tract",2023,"education_state_rnk",76.6832
"08001009407","tract",2023,"education_state_rnk",86.18
"08001009408","tract",2023,"education_state_rnk",22.4663
"08001009409","tract",2023,"education_state_rnk",10.2055
"08001009410","tract",2023,"education_state_rnk",54.3586
"08001009411","tract",2023,"education_state_rnk",35.9674
"08001009501","tract",2023,"education_state_rnk",76.0454
"08001009502","tract",2023,"education_state_rnk",81.1481
"08001009553","tract",2023,"education_state_rnk",84.0539
"08001009603","tract",2023,"education_state_rnk",84.7626
"08001009604","tract",2023,"education_state_rnk",77.6754
"08001009606","tract",2023,"education_state_rnk",95.1807
"08001009607","tract",2023,"education_state_rnk",77.2502
"08001009608","tract",2023,"education_state_rnk",56.6265
"08001009751","tract",2023,"education_state_rnk",88.6605
"08001009752","tract",2023,"education_state_rnk",87.3848
"08001015000","tract",2023,"education_state_rnk",95.3933
"08001060001","tract",2023,"education_state_rnk",19.9504
"08001060002","tract",2023,"education_state_rnk",66.2651
"08001060100","tract",2023,"education_state_rnk",54.2523
"08001060200","tract",2023,"education_state_rnk",28.2778
"08001061200","tract",2023,"education_state_rnk",23.2459
"08001988700","tract",2023,"education_state_rnk",NA
"08003960000","tract",2023,"education_state_rnk",65.6981
"08003960100","tract",2023,"education_state_rnk",81.4316
"08003960201","tract",2023,"education_state_rnk",75.9036
"08003960202","tract",2023,"education_state_rnk",71.9702
"08003960300","tract",2023,"education_state_rnk",97.0943
"08005004951","tract",2023,"education_state_rnk",33.3451
"08005004952","tract",2023,"education_state_rnk",37.2077
"08005005551","tract",2023,"education_state_rnk",89.0149
"08005005552","tract",2023,"education_state_rnk",74.2027
"08005005553","tract",2023,"education_state_rnk",87.4557
"08005005611","tract",2023,"education_state_rnk",22.3246
"08005005612","tract",2023,"education_state_rnk",34.8689
"08005005614","tract",2023,"education_state_rnk",27.7463
"08005005619","tract",2023,"education_state_rnk",42.0269
"08005005620","tract",2023,"education_state_rnk",34.3728
"08005005621","tract",2023,"education_state_rnk",14.2452
"08005005622","tract",2023,"education_state_rnk",6.4493
"08005005623","tract",2023,"education_state_rnk",6.5202
"08005005624","tract",2023,"education_state_rnk",21.7576
"08005005625","tract",2023,"education_state_rnk",27.1439
"08005005626","tract",2023,"education_state_rnk",38.6251
"08005005627","tract",2023,"education_state_rnk",39.6882
"08005005628","tract",2023,"education_state_rnk",36.0737
"08005005629","tract",2023,"education_state_rnk",12.3317
"08005005630","tract",2023,"education_state_rnk",15.0957
"08005005631","tract",2023,"education_state_rnk",13.253
"08005005632","tract",2023,"education_state_rnk",15.5918
"08005005633","tract",2023,"education_state_rnk",16.3714
"08005005634","tract",2023,"education_state_rnk",19.348
"08005005635","tract",2023,"education_state_rnk",9.2133
"08005005636","tract",2023,"education_state_rnk",8.7172
"08005005701","tract",2023,"education_state_rnk",43.1963
"08005005702","tract",2023,"education_state_rnk",38.696
"08005005800","tract",2023,"education_state_rnk",2.6931
"08005005951","tract",2023,"education_state_rnk",16.0879
"08005005952","tract",2023,"education_state_rnk",39.8653
"08005006000","tract",2023,"education_state_rnk",16.7612
"08005006100","tract",2023,"education_state_rnk",37.3494
"08005006200","tract",2023,"education_state_rnk",35.9674
"08005006300","tract",2023,"education_state_rnk",22.9624
"08005006400","tract",2023,"education_state_rnk",33.4869
"08005006501","tract",2023,"education_state_rnk",26.2934
"08005006502","tract",2023,"education_state_rnk",25.1595
"08005006601","tract",2023,"education_state_rnk",44.0822
"08005006603","tract",2023,"education_state_rnk",48.2991
"08005006604","tract",2023,"education_state_rnk",35.7902
"08005006704","tract",2023,"education_state_rnk",4.3232
"08005006705","tract",2023,"education_state_rnk",1.0631
"08005006706","tract",2023,"education_state_rnk",39.1921
"08005006707","tract",2023,"education_state_rnk",20.4819
"08005006708","tract",2023,"education_state_rnk",14.9539
"08005006709","tract",2023,"education_state_rnk",10.8434
"08005006711","tract",2023,"education_state_rnk",12.2254
"08005006712","tract",2023,"education_state_rnk",5.6697
"08005006713","tract",2023,"education_state_rnk",11.056
"08005006808","tract",2023,"education_state_rnk",6.8746
"08005006815","tract",2023,"education_state_rnk",54.8547
"08005006854","tract",2023,"education_state_rnk",33.0617
"08005006857","tract",2023,"education_state_rnk",0.9568
"08005006859","tract",2023,"education_state_rnk",29.1991
"08005006860","tract",2023,"education_state_rnk",15.8398
"08005006861","tract",2023,"education_state_rnk",17.0092
"08005006862","tract",2023,"education_state_rnk",19.0291
"08005006863","tract",2023,"education_state_rnk",59.7449
"08005006864","tract",2023,"education_state_rnk",14.7059
"08005007101","tract",2023,"education_state_rnk",74.9823
"08005007103","tract",2023,"education_state_rnk",55.5634
"08005007106","tract",2023,"education_state_rnk",61.8356
"08005007108","tract",2023,"education_state_rnk",68.9582
"08005007109","tract",2023,"education_state_rnk",63.7845
"08005007110","tract",2023,"education_state_rnk",42.8065
"08005007111","tract",2023,"education_state_rnk",89.6527
"08005007112","tract",2023,"education_state_rnk",69.6315
"08005007113","tract",2023,"education_state_rnk",18.4266
"08005007201","tract",2023,"education_state_rnk",95.039
"08005007202","tract",2023,"education_state_rnk",97.3069
"08005007301","tract",2023,"education_state_rnk",78.5259
"08005007302","tract",2023,"education_state_rnk",98.37
"08005007400","tract",2023,"education_state_rnk",97.3777
"08005007500","tract",2023,"education_state_rnk",96.3855
"08005007600","tract",2023,"education_state_rnk",94.1885
"08005007702","tract",2023,"education_state_rnk",64.4224
"08005007703","tract",2023,"education_state_rnk",72.5018
"08005007704","tract",2023,"education_state_rnk",87.0305
"08005015100","tract",2023,"education_state_rnk",26.6478
"08005080000","tract",2023,"education_state_rnk",72.6435
"08005080100","tract",2023,"education_state_rnk",92.4522
"08005080200","tract",2023,"education_state_rnk",77.1439
"08005080300","tract",2023,"education_state_rnk",31.1836
"08005080400","tract",2023,"education_state_rnk",22.5372
"08005080500","tract",2023,"education_state_rnk",27.3565
"08005080600","tract",2023,"education_state_rnk",78.3133
"08005080700","tract",2023,"education_state_rnk",83.1325
"08005080800","tract",2023,"education_state_rnk",96.1729
"08005080900","tract",2023,"education_state_rnk",94.472
"08005081001","tract",2023,"education_state_rnk",57.8313
"08005081002","tract",2023,"education_state_rnk",91.708
"08005081101","tract",2023,"education_state_rnk",85.9674
"08005081102","tract",2023,"education_state_rnk",70.5882
"08005081200","tract",2023,"education_state_rnk",86.747
"08005081300","tract",2023,"education_state_rnk",80.5811
"08005081400","tract",2023,"education_state_rnk",39.3338
"08005081500","tract",2023,"education_state_rnk",10.7725
"08005081600","tract",2023,"education_state_rnk",70.3756
"08005081700","tract",2023,"education_state_rnk",20.978
"08005081800","tract",2023,"education_state_rnk",96.7045
"08005081900","tract",2023,"education_state_rnk",94.8264
"08005082000","tract",2023,"education_state_rnk",90.7867
"08005082100","tract",2023,"education_state_rnk",87.6683
"08005082200","tract",2023,"education_state_rnk",86.5344
"08005082300","tract",2023,"education_state_rnk",87.7392
"08005082400","tract",2023,"education_state_rnk",95.606
"08005082500","tract",2023,"education_state_rnk",69.7378
"08005082600","tract",2023,"education_state_rnk",89.9362
"08005082700","tract",2023,"education_state_rnk",95.3225
"08005082800","tract",2023,"education_state_rnk",77.5337
"08005082900","tract",2023,"education_state_rnk",81.786
"08005083000","tract",2023,"education_state_rnk",20.7654
"08005083100","tract",2023,"education_state_rnk",75.6556
"08005083201","tract",2023,"education_state_rnk",58.1502
"08005083202","tract",2023,"education_state_rnk",72.7853
"08005083300","tract",2023,"education_state_rnk",57.9022
"08005083400","tract",2023,"education_state_rnk",87.5266
"08005083500","tract",2023,"education_state_rnk",84.6917
"08005083600","tract",2023,"education_state_rnk",43.09
"08005083700","tract",2023,"education_state_rnk",50.7442
"08005083800","tract",2023,"education_state_rnk",31.8923
"08005083900","tract",2023,"education_state_rnk",22.679
"08005084000","tract",2023,"education_state_rnk",77.321
"08005084100","tract",2023,"education_state_rnk",85.1169
"08005084200","tract",2023,"education_state_rnk",70.9072
"08005084300","tract",2023,"education_state_rnk",60.7725
"08005084400","tract",2023,"education_state_rnk",93.5507
"08005084500","tract",2023,"education_state_rnk",20.163
"08005084600","tract",2023,"education_state_rnk",64.068
"08005084700","tract",2023,"education_state_rnk",48.1219
"08005084800","tract",2023,"education_state_rnk",78.5967
"08005084900","tract",2023,"education_state_rnk",22.1828
"08005085000","tract",2023,"education_state_rnk",34.5854
"08005085100","tract",2023,"education_state_rnk",33.6641
"08005085200","tract",2023,"education_state_rnk",20.3402
"08005085300","tract",2023,"education_state_rnk",25.2303
"08005085400","tract",2023,"education_state_rnk",43.3735
"08005085500","tract",2023,"education_state_rnk",42.3813
"08005085600","tract",2023,"education_state_rnk",48.8306
"08005085700","tract",2023,"education_state_rnk",70.0921
"08005085800","tract",2023,"education_state_rnk",39.511
"08005085900","tract",2023,"education_state_rnk",58.7527
"08005086001","tract",2023,"education_state_rnk",51.2403
"08005086002","tract",2023,"education_state_rnk",83.416
"08005086100","tract",2023,"education_state_rnk",57.6187
"08005086200","tract",2023,"education_state_rnk",29.3763
"08005086300","tract",2023,"education_state_rnk",62.3671
"08005086400","tract",2023,"education_state_rnk",23.6003
"08005086500","tract",2023,"education_state_rnk",66.6194
"08005086600","tract",2023,"education_state_rnk",14.1743
"08005086700","tract",2023,"education_state_rnk",32.0695
"08005086801","tract",2023,"education_state_rnk",45.9603
"08005086802","tract",2023,"education_state_rnk",49.185
"08005086900","tract",2023,"education_state_rnk",62.4734
"08005087000","tract",2023,"education_state_rnk",68.1786
"08005087100","tract",2023,"education_state_rnk",56.8391
"08005087200","tract",2023,"education_state_rnk",20.6237
"08005087301","tract",2023,"education_state_rnk",79.27
"08005087302","tract",2023,"education_state_rnk",38.0936
"08005980000","tract",2023,"education_state_rnk",6.5911
"08007940400","tract",2023,"education_state_rnk",66.8675
"08007974201","tract",2023,"education_state_rnk",14.8122
"08007974202","tract",2023,"education_state_rnk",37.0659
"08007974300","tract",2023,"education_state_rnk",61.5875
"08007974400","tract",2023,"education_state_rnk",64.5641
"08009964600","tract",2023,"education_state_rnk",72.9979
"08009964700","tract",2023,"education_state_rnk",92.842
"08011966701","tract",2023,"education_state_rnk",NA
"08011966702","tract",2023,"education_state_rnk",88.377
"08013012101","tract",2023,"education_state_rnk",6.6619
"08013012103","tract",2023,"education_state_rnk",17.2927
"08013012104","tract",2023,"education_state_rnk",57.1226
"08013012105","tract",2023,"education_state_rnk",65.45
"08013012106","tract",2023,"education_state_rnk",25.5138
"08013012107","tract",2023,"education_state_rnk",54.0043
"08013012201","tract",2023,"education_state_rnk",18.7456
"08013012204","tract",2023,"education_state_rnk",27.0021
"08013012205","tract",2023,"education_state_rnk",57.0517
"08013012206","tract",2023,"education_state_rnk",47.8384
"08013012207","tract",2023,"education_state_rnk",41.2473
"08013012208","tract",2023,"education_state_rnk",7.0872
"08013012300","tract",2023,"education_state_rnk",NA
"08013012401","tract",2023,"education_state_rnk",74.5925
"08013012501","tract",2023,"education_state_rnk",12.9695
"08013012505","tract",2023,"education_state_rnk",7.9376
"08013012507","tract",2023,"education_state_rnk",37.4203
"08013012508","tract",2023,"education_state_rnk",19.1354
"08013012509","tract",2023,"education_state_rnk",21.8994
"08013012510","tract",2023,"education_state_rnk",4.2523
"08013012511","tract",2023,"education_state_rnk",NA
"08013012603","tract",2023,"education_state_rnk",14.4224
"08013012605","tract",2023,"education_state_rnk",53.9334
"08013012608","tract",2023,"education_state_rnk",13.7137
"08013012609","tract",2023,"education_state_rnk",49.8937
"08013012610","tract",2023,"education_state_rnk",84.9043
"08013012701","tract",2023,"education_state_rnk",21.4033
"08013012705","tract",2023,"education_state_rnk",9.0007
"08013012707","tract",2023,"education_state_rnk",41.5663
"08013012708","tract",2023,"education_state_rnk",2.6223
"08013012709","tract",2023,"education_state_rnk",38.9086
"08013012710","tract",2023,"education_state_rnk",13.7137
"08013012801","tract",2023,"education_state_rnk",33.9476
"08013012802","tract",2023,"education_state_rnk",25.5847
"08013012903","tract",2023,"education_state_rnk",9.922
"08013012904","tract",2023,"education_state_rnk",7.3707
"08013012905","tract",2023,"education_state_rnk",9.6386
"08013012907","tract",2023,"education_state_rnk",24.1673
"08013013003","tract",2023,"education_state_rnk",24.5925
"08013013004","tract",2023,"education_state_rnk",41.7789
"08013013005","tract",2023,"education_state_rnk",44.7909
"08013013006","tract",2023,"education_state_rnk",37.4911
"08013013201","tract",2023,"education_state_rnk",76.1162
"08013013202","tract",2023,"education_state_rnk",9.9929
"08013013205","tract",2023,"education_state_rnk",3.4727
"08013013207","tract",2023,"education_state_rnk",30.9001
"08013013208","tract",2023,"education_state_rnk",70.2339
"08013013210","tract",2023,"education_state_rnk",73.5648
"08013013211","tract",2023,"education_state_rnk",47.0588
"08013013212","tract",2023,"education_state_rnk",20.4111
"08013013214","tract",2023,"education_state_rnk",15.7335
"08013013215","tract",2023,"education_state_rnk",63.8554
"08013013302","tract",2023,"education_state_rnk",27.4274
"08013013305","tract",2023,"education_state_rnk",75.5493
"08013013306","tract",2023,"education_state_rnk",72.1474
"08013013307","tract",2023,"education_state_rnk",57.7605
"08013013308","tract",2023,"education_state_rnk",46.421
"08013013401","tract",2023,"education_state_rnk",73.2814
"08013013402","tract",2023,"education_state_rnk",51.949
"08013013503","tract",2023,"education_state_rnk",85.2587
"08013013505","tract",2023,"education_state_rnk",90.4323
"08013013506","tract",2023,"education_state_rnk",42.6648
"08013013507","tract",2023,"education_state_rnk",82.6364
"08013013508","tract",2023,"education_state_rnk",26.7186
"08013013601","tract",2023,"education_state_rnk",29.7307
"08013013602","tract",2023,"education_state_rnk",17.4344
"08013013703","tract",2023,"education_state_rnk",4.0397
"08013013704","tract",2023,"education_state_rnk",16.2651
"08013013705","tract",2023,"education_state_rnk",25.3366
"08013013706","tract",2023,"education_state_rnk",6.9454
"08013060601","tract",2023,"education_state_rnk",13.0758
"08013060602","tract",2023,"education_state_rnk",55.0319
"08013060700","tract",2023,"education_state_rnk",20.0567
"08013060801","tract",2023,"education_state_rnk",34.1602
"08013060802","tract",2023,"education_state_rnk",70.3047
"08013060900","tract",2023,"education_state_rnk",62.2608
"08013061300","tract",2023,"education_state_rnk",44.4366
"08013061400","tract",2023,"education_state_rnk",22.0411
"08014030000","tract",2023,"education_state_rnk",65.769
"08014030100","tract",2023,"education_state_rnk",40.9639
"08014030200","tract",2023,"education_state_rnk",28.5613
"08014030300","tract",2023,"education_state_rnk",50.1772
"08014030400","tract",2023,"education_state_rnk",40.7867
"08014030500","tract",2023,"education_state_rnk",35.7193
"08014030600","tract",2023,"education_state_rnk",61.056
"08014030700","tract",2023,"education_state_rnk",36.5698
"08014030800","tract",2023,"education_state_rnk",33.4869
"08014030900","tract",2023,"education_state_rnk",30.4748
"08014031000","tract",2023,"education_state_rnk",21.0489
"08014031101","tract",2023,"education_state_rnk",5.9178
"08014031102","tract",2023,"education_state_rnk",6.1658
"08014031103","tract",2023,"education_state_rnk",23.742
"08014031104","tract",2023,"education_state_rnk",1.4529
"08014031201","tract",2023,"education_state_rnk",8.5046
"08014031202","tract",2023,"education_state_rnk",14.5287
"08014031300","tract",2023,"education_state_rnk",21.2615
"08014031401","tract",2023,"education_state_rnk",3.4018
"08014031402","tract",2023,"education_state_rnk",42.5939
"08014031403","tract",2023,"education_state_rnk",53.7916
"08014980100","tract",2023,"education_state_rnk",NA
"08014980200","tract",2023,"education_state_rnk",NA
"08014980300","tract",2023,"education_state_rnk",NA
"08015000100","tract",2023,"education_state_rnk",40.0071
"08015000200","tract",2023,"education_state_rnk",29.6244
"08015000300","tract",2023,"education_state_rnk",21.3324
"08015000402","tract",2023,"education_state_rnk",74.4153
"08015000403","tract",2023,"education_state_rnk",5.8115
"08015000404","tract",2023,"education_state_rnk",51.3111
"08017960600","tract",2023,"education_state_rnk",81.0773
"08019014701","tract",2023,"education_state_rnk",7.2289
"08019014702","tract",2023,"education_state_rnk",24.5216
"08019014800","tract",2023,"education_state_rnk",60.8788
"08019014900","tract",2023,"education_state_rnk",55.8824
"08021974800","tract",2023,"education_state_rnk",90.2551
"08021974900","tract",2023,"education_state_rnk",86.2509
"08023972600","tract",2023,"education_state_rnk",71.5096
"08023972700","tract",2023,"education_state_rnk",75.124
"08025969601","tract",2023,"education_state_rnk",NA
"08025969602","tract",2023,"education_state_rnk",87.314
"08027970101","tract",2023,"education_state_rnk",42.7356
"08027970102","tract",2023,"education_state_rnk",71.0135
"08029964600","tract",2023,"education_state_rnk",69.6315
"08029964700","tract",2023,"education_state_rnk",77.3919
"08029964800","tract",2023,"education_state_rnk",82.9199
"08029964900","tract",2023,"education_state_rnk",81.219
"08029965001","tract",2023,"education_state_rnk",56.6974
"08029965002","tract",2023,"education_state_rnk",66.5131
"08029965100","tract",2023,"education_state_rnk",86.0383
"08029965201","tract",2023,"education_state_rnk",85.4713
"08029965202","tract",2023,"education_state_rnk",67.0446
"08031000102","tract",2023,"education_state_rnk",8.3629
"08031000201","tract",2023,"education_state_rnk",28.5613
"08031000202","tract",2023,"education_state_rnk",43.5861
"08031000301","tract",2023,"education_state_rnk",3.6145
"08031000302","tract",2023,"education_state_rnk",8.0794
"08031000303","tract",2023,"education_state_rnk",5.3154
"08031000401","tract",2023,"education_state_rnk",34.5145
"08031000403","tract",2023,"education_state_rnk",9.4968
"08031000404","tract",2023,"education_state_rnk",0.4961
"08031000501","tract",2023,"education_state_rnk",4.8901
"08031000503","tract",2023,"education_state_rnk",22.2537
"08031000504","tract",2023,"education_state_rnk",5.0319
"08031000600","tract",2023,"education_state_rnk",6.3076
"08031000703","tract",2023,"education_state_rnk",16.8675
"08031000704","tract",2023,"education_state_rnk",39.3338
"08031000705","tract",2023,"education_state_rnk",4.394
"08031000706","tract",2023,"education_state_rnk",46.8462
"08031000800","tract",2023,"education_state_rnk",99.433
"08031000902","tract",2023,"education_state_rnk",92.5585
"08031000903","tract",2023,"education_state_rnk",96.4564
"08031000904","tract",2023,"education_state_rnk",97.5904
"08031000905","tract",2023,"education_state_rnk",83.983
"08031001000","tract",2023,"education_state_rnk",92.0624
"08031001101","tract",2023,"education_state_rnk",21.5096
"08031001102","tract",2023,"education_state_rnk",1.2048
"08031001301","tract",2023,"education_state_rnk",95.6768
"08031001302","tract",2023,"education_state_rnk",70.6945
"08031001401","tract",2023,"education_state_rnk",94.5783
"08031001402","tract",2023,"education_state_rnk",98.2282
"08031001403","tract",2023,"education_state_rnk",6.7328
"08031001500","tract",2023,"education_state_rnk",93.1963
"08031001601","tract",2023,"education_state_rnk",5.528
"08031001602","tract",2023,"education_state_rnk",3.331
"08031001603","tract",2023,"education_state_rnk",4.1814
"08031001703","tract",2023,"education_state_rnk",0.2126
"08031001704","tract",2023,"education_state_rnk",0.3544
"08031001705","tract",2023,"education_state_rnk",0
"08031001706","tract",2023,"education_state_rnk",5.2445
"08031001707","tract",2023,"education_state_rnk",2.4096
"08031001800","tract",2023,"education_state_rnk",17.0092
"08031001901","tract",2023,"education_state_rnk",71.5804
"08031002000","tract",2023,"education_state_rnk",0.6378
"08031002101","tract",2023,"education_state_rnk",3.1184
"08031002102","tract",2023,"education_state_rnk",3.1892
"08031002300","tract",2023,"education_state_rnk",3.7562
"08031002402","tract",2023,"education_state_rnk",12.4734
"08031002404","tract",2023,"education_state_rnk",13.3239
"08031002405","tract",2023,"education_state_rnk",4.1106
"08031002602","tract",2023,"education_state_rnk",1.949
"08031002603","tract",2023,"education_state_rnk",0.4252
"08031002604","tract",2023,"education_state_rnk",7.5124
"08031002704","tract",2023,"education_state_rnk",7.8668
"08031002705","tract",2023,"education_state_rnk",2.8349
"08031002706","tract",2023,"education_state_rnk",1.949
"08031002707","tract",2023,"education_state_rnk",1.4529
"08031002708","tract",2023,"education_state_rnk",3.9688
"08031002709","tract",2023,"education_state_rnk",3.2601
"08031002801","tract",2023,"education_state_rnk",1.6655
"08031002802","tract",2023,"education_state_rnk",5.4571
"08031002804","tract",2023,"education_state_rnk",0.567
"08031002805","tract",2023,"education_state_rnk",0.7087
"08031002901","tract",2023,"education_state_rnk",2.9057
"08031002902","tract",2023,"education_state_rnk",1.7718
"08031003002","tract",2023,"education_state_rnk",2.0553
"08031003003","tract",2023,"education_state_rnk",50.3898
"08031003004","tract",2023,"education_state_rnk",32.5301
"08031003005","tract",2023,"education_state_rnk",2.1262
"08031003006","tract",2023,"education_state_rnk",4.6775
"08031003101","tract",2023,"education_state_rnk",5.1736
"08031003102","tract",2023,"education_state_rnk",6.0241
"08031003202","tract",2023,"education_state_rnk",2.3033
"08031003203","tract",2023,"education_state_rnk",1.2757
"08031003204","tract",2023,"education_state_rnk",1.6655
"08031003205","tract",2023,"education_state_rnk",1.1339
"08031003300","tract",2023,"education_state_rnk",2.4805
"08031003401","tract",2023,"education_state_rnk",1.5592
"08031003402","tract",2023,"education_state_rnk",3.6853
"08031003501","tract",2023,"education_state_rnk",98.5117
"08031003502","tract",2023,"education_state_rnk",100
"08031003601","tract",2023,"education_state_rnk",58.6818
"08031003602","tract",2023,"education_state_rnk",58.3629
"08031003603","tract",2023,"education_state_rnk",14.3161
"08031003701","tract",2023,"education_state_rnk",5.7406
"08031003702","tract",2023,"education_state_rnk",2.5514
"08031003703","tract",2023,"education_state_rnk",24.9823
"08031003801","tract",2023,"education_state_rnk",3.0475
"08031003802","tract",2023,"education_state_rnk",0.1417
"08031003901","tract",2023,"education_state_rnk",0.2835
"08031003902","tract",2023,"education_state_rnk",4.4649
"08031004002","tract",2023,"education_state_rnk",6.3785
"08031004003","tract",2023,"education_state_rnk",1.8427
"08031004004","tract",2023,"education_state_rnk",17.6471
"08031004005","tract",2023,"education_state_rnk",18.6393
"08031004006","tract",2023,"education_state_rnk",15.8398
"08031004101","tract",2023,"education_state_rnk",47.2714
"08031004102","tract",2023,"education_state_rnk",82.4238
"08031004103","tract",2023,"education_state_rnk",11.9064
"08031004104","tract",2023,"education_state_rnk",9.4259
"08031004108","tract",2023,"education_state_rnk",16.5485
"08031004109","tract",2023,"education_state_rnk",11.2686
"08031004110","tract",2023,"education_state_rnk",NA
"08031004111","tract",2023,"education_state_rnk",21.5096
"08031004112","tract",2023,"education_state_rnk",10.0638
"08031004113","tract",2023,"education_state_rnk",20.163
"08031004201","tract",2023,"education_state_rnk",13.82
"08031004202","tract",2023,"education_state_rnk",12.0482
"08031004302","tract",2023,"education_state_rnk",22.3955
"08031004303","tract",2023,"education_state_rnk",8.1502
"08031004306","tract",2023,"education_state_rnk",10.2764
"08031004307","tract",2023,"education_state_rnk",8.4337
"08031004308","tract",2023,"education_state_rnk",10.3473
"08031004309","tract",2023,"education_state_rnk",12.8987
"08031004310","tract",2023,"education_state_rnk",0.7796
"08031004403","tract",2023,"education_state_rnk",13.9972
"08031004404","tract",2023,"education_state_rnk",96.5273
"08031004406","tract",2023,"education_state_rnk",0.9568
"08031004407","tract",2023,"education_state_rnk",7.725
"08031004503","tract",2023,"education_state_rnk",97.9447
"08031004504","tract",2023,"education_state_rnk",99.5748
"08031004505","tract",2023,"education_state_rnk",99.5039
"08031004506","tract",2023,"education_state_rnk",99.0078
"08031004601","tract",2023,"education_state_rnk",94.2594
"08031004602","tract",2023,"education_state_rnk",95.7477
"08031004603","tract",2023,"education_state_rnk",81.8568
"08031004700","tract",2023,"education_state_rnk",78.9511
"08031004801","tract",2023,"education_state_rnk",34.0893
"08031005001","tract",2023,"education_state_rnk",51.4529
"08031005003","tract",2023,"education_state_rnk",57.477
"08031005004","tract",2023,"education_state_rnk",60.9497
"08031005102","tract",2023,"education_state_rnk",7.158
"08031005104","tract",2023,"education_state_rnk",54.6421
"08031005200","tract",2023,"education_state_rnk",17.2218
"08031005300","tract",2023,"education_state_rnk",18.5684
"08031005502","tract",2023,"education_state_rnk",76.5415
"08031005503","tract",2023,"education_state_rnk",65.5563
"08031006701","tract",2023,"education_state_rnk",3.5436
"08031006804","tract",2023,"education_state_rnk",3.8979
"08031006810","tract",2023,"education_state_rnk",45.4642
"08031006812","tract",2023,"education_state_rnk",14.7059
"08031006813","tract",2023,"education_state_rnk",57.4061
"08031006814","tract",2023,"education_state_rnk",78.1715
"08031006815","tract",2023,"education_state_rnk",0.8505
"08031006816","tract",2023,"education_state_rnk",24.8051
"08031006817","tract",2023,"education_state_rnk",31.8214
"08031006818","tract",2023,"education_state_rnk",4.961
"08031006902","tract",2023,"education_state_rnk",49.6102
"08031006903","tract",2023,"education_state_rnk",16.7612
"08031007006","tract",2023,"education_state_rnk",81.9277
"08031007013","tract",2023,"education_state_rnk",14.9539
"08031007037","tract",2023,"education_state_rnk",87.8809
"08031007088","tract",2023,"education_state_rnk",48.9015
"08031007090","tract",2023,"education_state_rnk",28.0652
"08031007091","tract",2023,"education_state_rnk",4.6067
"08031008304","tract",2023,"education_state_rnk",99.1495
"08031008305","tract",2023,"education_state_rnk",99.0787
"08031008306","tract",2023,"education_state_rnk",98.1573
"08031008312","tract",2023,"education_state_rnk",94.3303
"08031008386","tract",2023,"education_state_rnk",97.7321
"08031008387","tract",2023,"education_state_rnk",97.0234
"08031008388","tract",2023,"education_state_rnk",77.6045
"08031008389","tract",2023,"education_state_rnk",79.3763
"08031008390","tract",2023,"education_state_rnk",79.1637
"08031008391","tract",2023,"education_state_rnk",86.8179
"08031011902","tract",2023,"education_state_rnk",51.1339
"08031011903","tract",2023,"education_state_rnk",53.3664
"08031012001","tract",2023,"education_state_rnk",38.3416
"08031012010","tract",2023,"education_state_rnk",35.4004
"08031012015","tract",2023,"education_state_rnk",14.9539
"08031012016","tract",2023,"education_state_rnk",63.5011
"08031015300","tract",2023,"education_state_rnk",7.0163
"08031015400","tract",2023,"education_state_rnk",53.0829
"08031015500","tract",2023,"education_state_rnk",23.0333
"08031015600","tract",2023,"education_state_rnk",91.2828
"08031015700","tract",2023,"education_state_rnk",93.4089
"08031015800","tract",2023,"education_state_rnk",82.2466
"08031980001","tract",2023,"education_state_rnk",NA
"08031980100","tract",2023,"education_state_rnk",NA
"08031980200","tract",2023,"education_state_rnk",NA
"08033000100","tract",2023,"education_state_rnk",59.107
"08035013904","tract",2023,"education_state_rnk",43.8696
"08035013905","tract",2023,"education_state_rnk",47.9447
"08035013907","tract",2023,"education_state_rnk",57.2289
"08035013909","tract",2023,"education_state_rnk",47.6612
"08035013910","tract",2023,"education_state_rnk",51.382
"08035013911","tract",2023,"education_state_rnk",39.511
"08035013912","tract",2023,"education_state_rnk",60.3118
"08035013913","tract",2023,"education_state_rnk",10.7016
"08035013914","tract",2023,"education_state_rnk",34.0184
"08035013915","tract",2023,"education_state_rnk",29.1283
"08035014005","tract",2023,"education_state_rnk",35.613
"08035014006","tract",2023,"education_state_rnk",44.8972
"08035014007","tract",2023,"education_state_rnk",24.2381
"08035014008","tract",2023,"education_state_rnk",32.601
"08035014009","tract",2023,"education_state_rnk",16.6549
"08035014010","tract",2023,"education_state_rnk",40.6804
"08035014011","tract",2023,"education_state_rnk",22.0411
"08035014013","tract",2023,"education_state_rnk",31.7151
"08035014014","tract",2023,"education_state_rnk",18.214
"08035014015","tract",2023,"education_state_rnk",46.5273
"08035014016","tract",2023,"education_state_rnk",23.1751
"08035014017","tract",2023,"education_state_rnk",28.703
"08035014107","tract",2023,"education_state_rnk",13.1821
"08035014108","tract",2023,"education_state_rnk",19.4189
"08035014109","tract",2023,"education_state_rnk",9.2842
"08035014110","tract",2023,"education_state_rnk",43.7987
"08035014112","tract",2023,"education_state_rnk",32.3175
"08035014113","tract",2023,"education_state_rnk",40.3969
"08035014114","tract",2023,"education_state_rnk",45.854
"08035014115","tract",2023,"education_state_rnk",17.9305
"08035014116","tract",2023,"education_state_rnk",2.9766
"08035014123","tract",2023,"education_state_rnk",28.2778
"08035014124","tract",2023,"education_state_rnk",25.7264
"08035014125","tract",2023,"education_state_rnk",4.7484
"08035014126","tract",2023,"education_state_rnk",29.27
"08035014127","tract",2023,"education_state_rnk",9.5677
"08035014128","tract",2023,"education_state_rnk",21.6159
"08035014129","tract",2023,"education_state_rnk",34.6563
"08035014130","tract",2023,"education_state_rnk",19.9504
"08035014131","tract",2023,"education_state_rnk",5.1028
"08035014132","tract",2023,"education_state_rnk",34.8689
"08035014133","tract",2023,"education_state_rnk",11.1977
"08035014134","tract",2023,"education_state_rnk",35.0815
"08035014135","tract",2023,"education_state_rnk",15.6627
"08035014138","tract",2023,"education_state_rnk",7.6541
"08035014139","tract",2023,"education_state_rnk",13.4656
"08035014140","tract",2023,"education_state_rnk",17.3636
"08035014141","tract",2023,"education_state_rnk",23.3168
"08035014142","tract",2023,"education_state_rnk",6.095
"08035014143","tract",2023,"education_state_rnk",59.5677
"08035014144","tract",2023,"education_state_rnk",37.7746
"08035014145","tract",2023,"education_state_rnk",26.0099
"08035014146","tract",2023,"education_state_rnk",44.2948
"08035014203","tract",2023,"education_state_rnk",8.6464
"08035014205","tract",2023,"education_state_rnk",8.292
"08035014206","tract",2023,"education_state_rnk",50.0354
"08035014207","tract",2023,"education_state_rnk",58.3629
"08035014208","tract",2023,"education_state_rnk",14.1035
"08035014300","tract",2023,"education_state_rnk",10.4181
"08035014404","tract",2023,"education_state_rnk",8.2211
"08035014405","tract",2023,"education_state_rnk",42.3104
"08035014407","tract",2023,"education_state_rnk",52.4451
"08035014408","tract",2023,"education_state_rnk",12.8278
"08035014409","tract",2023,"education_state_rnk",56.4139
"08035014410","tract",2023,"education_state_rnk",29.4826
"08035014503","tract",2023,"education_state_rnk",31.4316
"08035014504","tract",2023,"education_state_rnk",55.7406
"08035014505","tract",2023,"education_state_rnk",30.2622
"08035014506","tract",2023,"education_state_rnk",32.1758
"08035014602","tract",2023,"education_state_rnk",26.5415
"08035014603","tract",2023,"education_state_rnk",46.1375
"08035014604","tract",2023,"education_state_rnk",26.5415
"08037000100","tract",2023,"education_state_rnk",80.9355
"08037000200","tract",2023,"education_state_rnk",89.511
"08037000301","tract",2023,"education_state_rnk",61.3749
"08037000302","tract",2023,"education_state_rnk",11.8356
"08037000401","tract",2023,"education_state_rnk",61.7293
"08037000402","tract",2023,"education_state_rnk",51.8072
"08037000404","tract",2023,"education_state_rnk",85.8257
"08037000405","tract",2023,"education_state_rnk",55.2091
"08037000501","tract",2023,"education_state_rnk",38.1999
"08037000502","tract",2023,"education_state_rnk",32.6719
"08037000504","tract",2023,"education_state_rnk",17.5762
"08037000505","tract",2023,"education_state_rnk",28.9865
"08037000600","tract",2023,"education_state_rnk",50.6733
"08037000701","tract",2023,"education_state_rnk",5.5989
"08037000702","tract",2023,"education_state_rnk",1.3466
"08037000703","tract",2023,"education_state_rnk",6.2367
"08039961100","tract",2023,"education_state_rnk",73.9192
"08039961204","tract",2023,"education_state_rnk",52.3033
"08039961205","tract",2023,"education_state_rnk",72.4309
"08039961206","tract",2023,"education_state_rnk",28.9865
"08039961207","tract",2023,"education_state_rnk",45.287
"08039961208","tract",2023,"education_state_rnk",49.6811
"08039961209","tract",2023,"education_state_rnk",68.8164
"08041000102","tract",2023,"education_state_rnk",73.494
"08041000103","tract",2023,"education_state_rnk",58.0439
"08041000104","tract",2023,"education_state_rnk",59.0361
"08041000202","tract",2023,"education_state_rnk",76.3288
"08041000203","tract",2023,"education_state_rnk",63.4302
"08041000301","tract",2023,"education_state_rnk",62.1545
"08041000302","tract",2023,"education_state_rnk",85.6839
"08041000400","tract",2023,"education_state_rnk",39.3338
"08041000500","tract",2023,"education_state_rnk",62.8632
"08041000600","tract",2023,"education_state_rnk",60.6662
"08041000700","tract",2023,"education_state_rnk",78.8448
"08041000800","tract",2023,"education_state_rnk",49.1141
"08041000900","tract",2023,"education_state_rnk",16.4422
"08041001000","tract",2023,"education_state_rnk",7.7959
"08041001101","tract",2023,"education_state_rnk",65.3437
"08041001104","tract",2023,"education_state_rnk",25.0886
"08041001301","tract",2023,"education_state_rnk",28.4196
"08041001302","tract",2023,"education_state_rnk",46.669
"08041001400","tract",2023,"education_state_rnk",11.6938
"08041001500","tract",2023,"education_state_rnk",19.2062
"08041001600","tract",2023,"education_state_rnk",NA
"08041001700","tract",2023,"education_state_rnk",52.0907
"08041001800","tract",2023,"education_state_rnk",10.9142
"08041001901","tract",2023,"education_state_rnk",75.8327
"08041001902","tract",2023,"education_state_rnk",27.888
"08041002000","tract",2023,"education_state_rnk",50.5315
"08041002101","tract",2023,"education_state_rnk",84.55
"08041002102","tract",2023,"education_state_rnk",90.1488
"08041002200","tract",2023,"education_state_rnk",47.4841
"08041002300","tract",2023,"education_state_rnk",NA
"08041002401","tract",2023,"education_state_rnk",17.151
"08041002402","tract",2023,"education_state_rnk",18.2849
"08041002501","tract",2023,"education_state_rnk",8.859
"08041002502","tract",2023,"education_state_rnk",44.0113
"08041002700","tract",2023,"education_state_rnk",27.5691
"08041002801","tract",2023,"education_state_rnk",78.455
"08041002802","tract",2023,"education_state_rnk",54.0751
"08041002901","tract",2023,"education_state_rnk",90.9993
"08041002902","tract",2023,"education_state_rnk",81.5025
"08041003001","tract",2023,"education_state_rnk",30.0496
"08041003002","tract",2023,"education_state_rnk",36.995
"08041003100","tract",2023,"education_state_rnk",17.8597
"08041003303","tract",2023,"education_state_rnk",67.5762
"08041003305","tract",2023,"education_state_rnk",51.5237
"08041003306","tract",2023,"education_state_rnk",53.5436
"08041003307","tract",2023,"education_state_rnk",61.6584
"08041003308","tract",2023,"education_state_rnk",56.5202
"08041003401","tract",2023,"education_state_rnk",45.7123
"08041003402","tract",2023,"education_state_rnk",13.9972
"08041003702","tract",2023,"education_state_rnk",18.4975
"08041003705","tract",2023,"education_state_rnk",48.4054
"08041003706","tract",2023,"education_state_rnk",46.988
"08041003707","tract",2023,"education_state_rnk",38.2707
"08041003708","tract",2023,"education_state_rnk",34.2665
"08041003710","tract",2023,"education_state_rnk",10.9851
"08041003711","tract",2023,"education_state_rnk",31.6088
"08041003712","tract",2023,"education_state_rnk",71.7576
"08041003713","tract",2023,"education_state_rnk",35.4004
"08041003801","tract",2023,"education_state_rnk",59.2133
"08041003802","tract",2023,"education_state_rnk",NA
"08041003905","tract",2023,"education_state_rnk",50.4607
"08041003906","tract",2023,"education_state_rnk",50.1063
"08041003910","tract",2023,"education_state_rnk",57.9731
"08041003911","tract",2023,"education_state_rnk",69.4543
"08041003912","tract",2023,"education_state_rnk",78.8448
"08041003913","tract",2023,"education_state_rnk",18.9227
"08041003914","tract",2023,"education_state_rnk",40.6095
"08041004008","tract",2023,"education_state_rnk",69.3834
"08041004009","tract",2023,"education_state_rnk",76.7895
"08041004100","tract",2023,"education_state_rnk",82.0695
"08041004200","tract",2023,"education_state_rnk",81.5734
"08041004300","tract",2023,"education_state_rnk",68.8873
"08041004402","tract",2023,"education_state_rnk",NA
"08041004403","tract",2023,"education_state_rnk",NA
"08041004404","tract",2023,"education_state_rnk",77.8172
"08041004405","tract",2023,"education_state_rnk",80.404
"08041004406","tract",2023,"education_state_rnk",76.4706
"08041004501","tract",2023,"education_state_rnk",79.7307
"08041004502","tract",2023,"education_state_rnk",58.8235
"08041004506","tract",2023,"education_state_rnk",87.5974
"08041004507","tract",2023,"education_state_rnk",71.0843
"08041004512","tract",2023,"education_state_rnk",55.2799
"08041004513","tract",2023,"education_state_rnk",86.4281
"08041004514","tract",2023,"education_state_rnk",71.2261
"08041004515","tract",2023,"education_state_rnk",64.7413
"08041004516","tract",2023,"education_state_rnk",62.9341
"08041004517","tract",2023,"education_state_rnk",54.5004
"08041004518","tract",2023,"education_state_rnk",54.146
"08041004519","tract",2023,"education_state_rnk",67.8951
"08041004520","tract",2023,"education_state_rnk",81.9986
"08041004601","tract",2023,"education_state_rnk",77.9589
"08041004602","tract",2023,"education_state_rnk",65.9816
"08041004603","tract",2023,"education_state_rnk",58.1502
"08041004701","tract",2023,"education_state_rnk",72.927
"08041004702","tract",2023,"education_state_rnk",48.051
"08041004703","tract",2023,"education_state_rnk",40.326
"08041004706","tract",2023,"education_state_rnk",36.18
"08041004707","tract",2023,"education_state_rnk",80.1559
"08041004708","tract",2023,"education_state_rnk",15.5209
"08041004800","tract",2023,"education_state_rnk",60.4536
"08041004901","tract",2023,"education_state_rnk",77.9589
"08041004902","tract",2023,"education_state_rnk",23.1042
"08041005000","tract",2023,"education_state_rnk",85.8965
"08041005110","tract",2023,"education_state_rnk",73.8483
"08041005112","tract",2023,"education_state_rnk",59.5677
"08041005113","tract",2023,"education_state_rnk",67.1864
"08041005114","tract",2023,"education_state_rnk",93.09
"08041005115","tract",2023,"education_state_rnk",68.533
"08041005116","tract",2023,"education_state_rnk",65.1311
"08041005117","tract",2023,"education_state_rnk",28.8448
"08041005118","tract",2023,"education_state_rnk",39.8653
"08041005119","tract",2023,"education_state_rnk",36.6407
"08041005120","tract",2023,"education_state_rnk",73.1396
"08041005121","tract",2023,"education_state_rnk",45.6414
"08041005122","tract",2023,"education_state_rnk",56.91
"08041005123","tract",2023,"education_state_rnk",66.9738
"08041005124","tract",2023,"education_state_rnk",53.6853
"08041005125","tract",2023,"education_state_rnk",52.8703
"08041005201","tract",2023,"education_state_rnk",88.8731
"08041005202","tract",2023,"education_state_rnk",63.7137
"08041005300","tract",2023,"education_state_rnk",74.4862
"08041005400","tract",2023,"education_state_rnk",91.2119
"08041005501","tract",2023,"education_state_rnk",46.8462
"08041005502","tract",2023,"education_state_rnk",85.5422
"08041005601","tract",2023,"education_state_rnk",60.0992
"08041005602","tract",2023,"education_state_rnk",54.2523
"08041005700","tract",2023,"education_state_rnk",61.5167
"08041005800","tract",2023,"education_state_rnk",64.8476
"08041005900","tract",2023,"education_state_rnk",69.2771
"08041006000","tract",2023,"education_state_rnk",80.2268
"08041006100","tract",2023,"education_state_rnk",94.7555
"08041006200","tract",2023,"education_state_rnk",81.7151
"08041006301","tract",2023,"education_state_rnk",84.2665
"08041006302","tract",2023,"education_state_rnk",93.8342
"08041006400","tract",2023,"education_state_rnk",89.0858
"08041006501","tract",2023,"education_state_rnk",95.8186
"08041006502","tract",2023,"education_state_rnk",84.4082
"08041006600","tract",2023,"education_state_rnk",23.6003
"08041006701","tract",2023,"education_state_rnk",53.6853
"08041006702","tract",2023,"education_state_rnk",48.4763
"08041006801","tract",2023,"education_state_rnk",59.3551
"08041006802","tract",2023,"education_state_rnk",67.5762
"08041006901","tract",2023,"education_state_rnk",56.0595
"08041006902","tract",2023,"education_state_rnk",58.8944
"08041007000","tract",2023,"education_state_rnk",31.0064
"08041007103","tract",2023,"education_state_rnk",51.0276
"08041007104","tract",2023,"education_state_rnk",20.7654
"08041007105","tract",2023,"education_state_rnk",34.8689
"08041007106","tract",2023,"education_state_rnk",30.6166
"08041007203","tract",2023,"education_state_rnk",57.2289
"08041007204","tract",2023,"education_state_rnk",23.8129
"08041007205","tract",2023,"education_state_rnk",47.5549
"08041007206","tract",2023,"education_state_rnk",21.1198
"08041007301","tract",2023,"education_state_rnk",18.0014
"08041007302","tract",2023,"education_state_rnk",37.9164
"08041007401","tract",2023,"education_state_rnk",23.4585
"08041007402","tract",2023,"education_state_rnk",40.893
"08041007501","tract",2023,"education_state_rnk",32.4592
"08041007502","tract",2023,"education_state_rnk",38.0936
"08041007602","tract",2023,"education_state_rnk",35.1524
"08041007603","tract",2023,"education_state_rnk",50.2481
"08041007604","tract",2023,"education_state_rnk",35.613
"08041007700","tract",2023,"education_state_rnk",40.4678
"08041007801","tract",2023,"education_state_rnk",36.8887
"08041007802","tract",2023,"education_state_rnk",NA
"08041007900","tract",2023,"education_state_rnk",13.3948
"08041008000","tract",2023,"education_state_rnk",36.18
"08043978100","tract",2023,"education_state_rnk",45.0744
"08043978200","tract",2023,"education_state_rnk",79.9433
"08043978300","tract",2023,"education_state_rnk",66.4068
"08043978400","tract",2023,"education_state_rnk",73.4231
"08043978500","tract",2023,"education_state_rnk",76.1871
"08043978600","tract",2023,"education_state_rnk",82.1403
"08043978800","tract",2023,"education_state_rnk",65.2729
"08043979001","tract",2023,"education_state_rnk",62.4734
"08043979002","tract",2023,"education_state_rnk",72.8561
"08043979100","tract",2023,"education_state_rnk",52.6577
"08043979200","tract",2023,"education_state_rnk",51.6655
"08043979400","tract",2023,"education_state_rnk",86.9596
"08043980100","tract",2023,"education_state_rnk",NA
"08043980200","tract",2023,"education_state_rnk",NA
"08043980300","tract",2023,"education_state_rnk",NA
"08045951600","tract",2023,"education_state_rnk",83.6995
"08045951701","tract",2023,"education_state_rnk",85.7548
"08045951702","tract",2023,"education_state_rnk",79.8016
"08045951802","tract",2023,"education_state_rnk",59.8866
"08045951803","tract",2023,"education_state_rnk",71.7576
"08045951804","tract",2023,"education_state_rnk",70.8009
"08045951901","tract",2023,"education_state_rnk",86.6761
"08045951902","tract",2023,"education_state_rnk",64.4933
"08045952001","tract",2023,"education_state_rnk",97.4486
"08045952003","tract",2023,"education_state_rnk",82.3529
"08045952004","tract",2023,"education_state_rnk",82.7073
"08045952100","tract",2023,"education_state_rnk",88.944
"08047013801","tract",2023,"education_state_rnk",10.6308
"08047013802","tract",2023,"education_state_rnk",13.0758
"08049000100","tract",2023,"education_state_rnk",88.3062
"08049000203","tract",2023,"education_state_rnk",62.6506
"08049000204","tract",2023,"education_state_rnk",62.5797
"08049000205","tract",2023,"education_state_rnk",25.4429
"08049000206","tract",2023,"education_state_rnk",30.1205
"08049000207","tract",2023,"education_state_rnk",13.6074
"08051963601","tract",2023,"education_state_rnk",15.9461
"08051963602","tract",2023,"education_state_rnk",41.3891
"08051963701","tract",2023,"education_state_rnk",44.5429
"08051963702","tract",2023,"education_state_rnk",73.0687
"08051963800","tract",2023,"education_state_rnk",18.1432
"08051963900","tract",2023,"education_state_rnk",12.6152
"08053973100","tract",2023,"education_state_rnk",32.2466
"08055960600","tract",2023,"education_state_rnk",92.6293
"08055960901","tract",2023,"education_state_rnk",56.343
"08055960902","tract",2023,"education_state_rnk",32.7782
"08057955600","tract",2023,"education_state_rnk",91.141
"08059009806","tract",2023,"education_state_rnk",8.5755
"08059009807","tract",2023,"education_state_rnk",17.0092
"08059009815","tract",2023,"education_state_rnk",17.5053
"08059009823","tract",2023,"education_state_rnk",16.017
"08059009824","tract",2023,"education_state_rnk",26.1517
"08059009827","tract",2023,"education_state_rnk",26.9313
"08059009828","tract",2023,"education_state_rnk",30.8292
"08059009829","tract",2023,"education_state_rnk",12.5443
"08059009830","tract",2023,"education_state_rnk",36.7116
"08059009831","tract",2023,"education_state_rnk",43.3026
"08059009832","tract",2023,"education_state_rnk",41.1056
"08059009833","tract",2023,"education_state_rnk",63.6074
"08059009834","tract",2023,"education_state_rnk",52.0198
"08059009835","tract",2023,"education_state_rnk",12.2254
"08059009836","tract",2023,"education_state_rnk",24.876
"08059009837","tract",2023,"education_state_rnk",31.7151
"08059009838","tract",2023,"education_state_rnk",11.1269
"08059009839","tract",2023,"education_state_rnk",36.2863
"08059009840","tract",2023,"education_state_rnk",47.7675
"08059009841","tract",2023,"education_state_rnk",16.2651
"08059009842","tract",2023,"education_state_rnk",12.7569
"08059009845","tract",2023,"education_state_rnk",7.2998
"08059009846","tract",2023,"education_state_rnk",8.9298
"08059009847","tract",2023,"education_state_rnk",14.4224
"08059009848","tract",2023,"education_state_rnk",41.5663
"08059009850","tract",2023,"education_state_rnk",2.764
"08059009851","tract",2023,"education_state_rnk",21.6867
"08059009852","tract",2023,"education_state_rnk",44.3657
"08059009853","tract",2023,"education_state_rnk",7.4415
"08059009854","tract",2023,"education_state_rnk",7.5833
"08059009855","tract",2023,"education_state_rnk",31.1127
"08059009856","tract",2023,"education_state_rnk",49.4685
"08059009857","tract",2023,"education_state_rnk",30.5457
"08059009858","tract",2023,"education_state_rnk",17.7888
"08059009901","tract",2023,"education_state_rnk",NA
"08059010001","tract",2023,"education_state_rnk",49.8937
"08059010100","tract",2023,"education_state_rnk",54.5712
"08059010205","tract",2023,"education_state_rnk",28.2778
"08059010206","tract",2023,"education_state_rnk",24.4507
"08059010208","tract",2023,"education_state_rnk",28.7739
"08059010209","tract",2023,"education_state_rnk",54.713
"08059010210","tract",2023,"education_state_rnk",62.0128
"08059010211","tract",2023,"education_state_rnk",68.4266
"08059010212","tract",2023,"education_state_rnk",33.2034
"08059010213","tract",2023,"education_state_rnk",45.5705
"08059010303","tract",2023,"education_state_rnk",30.1914
"08059010304","tract",2023,"education_state_rnk",26.7895
"08059010305","tract",2023,"education_state_rnk",50.3189
"08059010306","tract",2023,"education_state_rnk",63.6074
"08059010307","tract",2023,"education_state_rnk",45.7831
"08059010308","tract",2023,"education_state_rnk",11.9773
"08059010402","tract",2023,"education_state_rnk",53.8625
"08059010403","tract",2023,"education_state_rnk",60.2055
"08059010405","tract",2023,"education_state_rnk",22.7498
"08059010406","tract",2023,"education_state_rnk",74.5925
"08059010502","tract",2023,"education_state_rnk",9.7803
"08059010503","tract",2023,"education_state_rnk",19.7732
"08059010504","tract",2023,"education_state_rnk",3.8271
"08059010603","tract",2023,"education_state_rnk",32.3884
"08059010604","tract",2023,"education_state_rnk",24.0255
"08059010701","tract",2023,"education_state_rnk",11.4812
"08059010702","tract",2023,"education_state_rnk",52.2325
"08059010801","tract",2023,"education_state_rnk",9.8512
"08059010901","tract",2023,"education_state_rnk",40.5386
"08059010902","tract",2023,"education_state_rnk",48.2991
"08059011000","tract",2023,"education_state_rnk",37.9872
"08059011101","tract",2023,"education_state_rnk",42.2041
"08059011102","tract",2023,"education_state_rnk",73.9901
"08059011202","tract",2023,"education_state_rnk",61.2332
"08059011300","tract",2023,"education_state_rnk",12.686
"08059011401","tract",2023,"education_state_rnk",64.7413
"08059011402","tract",2023,"education_state_rnk",42.523
"08059011551","tract",2023,"education_state_rnk",47.3423
"08059011552","tract",2023,"education_state_rnk",68.1077
"08059011601","tract",2023,"education_state_rnk",84.8335
"08059011602","tract",2023,"education_state_rnk",89.8299
"08059011701","tract",2023,"education_state_rnk",29.3763
"08059011702","tract",2023,"education_state_rnk",39.0858
"08059011708","tract",2023,"education_state_rnk",48.1928
"08059011709","tract",2023,"education_state_rnk",68.2495
"08059011710","tract",2023,"education_state_rnk",27.7463
"08059011711","tract",2023,"education_state_rnk",41.7789
"08059011712","tract",2023,"education_state_rnk",11.4812
"08059011720","tract",2023,"education_state_rnk",9.3551
"08059011721","tract",2023,"education_state_rnk",25.8682
"08059011723","tract",2023,"education_state_rnk",32.8845
"08059011724","tract",2023,"education_state_rnk",10.5599
"08059011725","tract",2023,"education_state_rnk",8.7881
"08059011726","tract",2023,"education_state_rnk",29.837
"08059011727","tract",2023,"education_state_rnk",39.6173
"08059011728","tract",2023,"education_state_rnk",15.4146
"08059011729","tract",2023,"education_state_rnk",29.7307
"08059011730","tract",2023,"education_state_rnk",37.8455
"08059011731","tract",2023,"education_state_rnk",44.6846
"08059011732","tract",2023,"education_state_rnk",31.5379
"08059011733","tract",2023,"education_state_rnk",24.7342
"08059011803","tract",2023,"education_state_rnk",64.2098
"08059011804","tract",2023,"education_state_rnk",53.012
"08059011806","tract",2023,"education_state_rnk",74.0609
"08059011807","tract",2023,"education_state_rnk",15.1665
"08059011808","tract",2023,"education_state_rnk",43.6924
"08059011904","tract",2023,"education_state_rnk",56.7682
"08059011951","tract",2023,"education_state_rnk",40.1134
"08059012022","tract",2023,"education_state_rnk",15.3083
"08059012023","tract",2023,"education_state_rnk",27.5691
"08059012024","tract",2023,"education_state_rnk",24.6634
"08059012026","tract",2023,"education_state_rnk",14.5996
"08059012027","tract",2023,"education_state_rnk",37.2785
"08059012030","tract",2023,"education_state_rnk",30.7229
"08059012031","tract",2023,"education_state_rnk",27.9943
"08059012032","tract",2023,"education_state_rnk",16.1588
"08059012033","tract",2023,"education_state_rnk",41.3182
"08059012034","tract",2023,"education_state_rnk",19.8441
"08059012035","tract",2023,"education_state_rnk",15.2374
"08059012036","tract",2023,"education_state_rnk",34.2665
"08059012037","tract",2023,"education_state_rnk",9.7094
"08059012038","tract",2023,"education_state_rnk",51.5946
"08059012039","tract",2023,"education_state_rnk",38.7668
"08059012041","tract",2023,"education_state_rnk",47.6612
"08059012042","tract",2023,"education_state_rnk",42.0978
"08059012043","tract",2023,"education_state_rnk",33.2034
"08059012044","tract",2023,"education_state_rnk",17.7179
"08059012045","tract",2023,"education_state_rnk",46.2084
"08059012046","tract",2023,"education_state_rnk",49.0078
"08059012047","tract",2023,"education_state_rnk",59.9929
"08059012048","tract",2023,"education_state_rnk",27.073
"08059012049","tract",2023,"education_state_rnk",15.4146
"08059012050","tract",2023,"education_state_rnk",12.1191
"08059012051","tract",2023,"education_state_rnk",38.9794
"08059012052","tract",2023,"education_state_rnk",52.5159
"08059012053","tract",2023,"education_state_rnk",34.7271
"08059012054","tract",2023,"education_state_rnk",29.9079
"08059012055","tract",2023,"education_state_rnk",25.6556
"08059012057","tract",2023,"education_state_rnk",44.5429
"08059012058","tract",2023,"education_state_rnk",11.623
"08059012059","tract",2023,"education_state_rnk",23.3877
"08059012060","tract",2023,"education_state_rnk",26.0808
"08059015800","tract",2023,"education_state_rnk",30.3331
"08059015900","tract",2023,"education_state_rnk",48.5471
"08059060300","tract",2023,"education_state_rnk",41.0347
"08059060400","tract",2023,"education_state_rnk",35.0106
"08059060501","tract",2023,"education_state_rnk",25.7973
"08059980000","tract",2023,"education_state_rnk",NA
"08059980400","tract",2023,"education_state_rnk",NA
"08059980700","tract",2023,"education_state_rnk",NA
"08059980800","tract",2023,"education_state_rnk",NA
"08061960100","tract",2023,"education_state_rnk",76.258
"08063962100","tract",2023,"education_state_rnk",91.9915
"08063962400","tract",2023,"education_state_rnk",88.0936
"08065961701","tract",2023,"education_state_rnk",45.1453
"08065961702","tract",2023,"education_state_rnk",31.0064
"08065961900","tract",2023,"education_state_rnk",90.0071
"08067940300","tract",2023,"education_state_rnk",68.4266
"08067940400","tract",2023,"education_state_rnk",57.3352
"08067970601","tract",2023,"education_state_rnk",69.5252
"08067970602","tract",2023,"education_state_rnk",52.764
"08067970701","tract",2023,"education_state_rnk",36.4281
"08067970703","tract",2023,"education_state_rnk",23.6003
"08067970705","tract",2023,"education_state_rnk",64.2807
"08067970706","tract",2023,"education_state_rnk",9.1425
"08067970800","tract",2023,"education_state_rnk",38.5542
"08067970900","tract",2023,"education_state_rnk",21.1906
"08067971000","tract",2023,"education_state_rnk",50.8859
"08067971100","tract",2023,"education_state_rnk",34.4437
"08069000100","tract",2023,"education_state_rnk",18.8519
"08069000201","tract",2023,"education_state_rnk",46.2792
"08069000202","tract",2023,"education_state_rnk",16.5485
"08069000300","tract",2023,"education_state_rnk",19.0291
"08069000401","tract",2023,"education_state_rnk",36.8887
"08069000402","tract",2023,"education_state_rnk",29.5535
"08069000503","tract",2023,"education_state_rnk",70.163
"08069000504","tract",2023,"education_state_rnk",64.9185
"08069000505","tract",2023,"education_state_rnk",35.8611
"08069000506","tract",2023,"education_state_rnk",26.3643
"08069000600","tract",2023,"education_state_rnk",NA
"08069000700","tract",2023,"education_state_rnk",19.2771
"08069000801","tract",2023,"education_state_rnk",22.0411
"08069000802","tract",2023,"education_state_rnk",48.7597
"08069000901","tract",2023,"education_state_rnk",40.1843
"08069000902","tract",2023,"education_state_rnk",22.8916
"08069001003","tract",2023,"education_state_rnk",40.7867
"08069001004","tract",2023,"education_state_rnk",29.9787
"08069001007","tract",2023,"education_state_rnk",27.5691
"08069001008","tract",2023,"education_state_rnk",19.4897
"08069001009","tract",2023,"education_state_rnk",20.2693
"08069001010","tract",2023,"education_state_rnk",11.3395
"08069001104","tract",2023,"education_state_rnk",43.6924
"08069001106","tract",2023,"education_state_rnk",46.3501
"08069001107","tract",2023,"education_state_rnk",44.6846
"08069001109","tract",2023,"education_state_rnk",27.2856
"08069001110","tract",2023,"education_state_rnk",53.1538
"08069001111","tract",2023,"education_state_rnk",49.3267
"08069001112","tract",2023,"education_state_rnk",60.2055
"08069001113","tract",2023,"education_state_rnk",40.2551
"08069001114","tract",2023,"education_state_rnk",30.7229
"08069001301","tract",2023,"education_state_rnk",46.669
"08069001304","tract",2023,"education_state_rnk",92.7711
"08069001305","tract",2023,"education_state_rnk",73.6357
"08069001306","tract",2023,"education_state_rnk",43.5152
"08069001307","tract",2023,"education_state_rnk",24.309
"08069001308","tract",2023,"education_state_rnk",21.8285
"08069001601","tract",2023,"education_state_rnk",89.2984
"08069001602","tract",2023,"education_state_rnk",38.8377
"08069001603","tract",2023,"education_state_rnk",43.4444
"08069001605","tract",2023,"education_state_rnk",50.9568
"08069001606","tract",2023,"education_state_rnk",28.9865
"08069001607","tract",2023,"education_state_rnk",47.9447
"08069001608","tract",2023,"education_state_rnk",71.297
"08069001706","tract",2023,"education_state_rnk",51.8072
"08069001707","tract",2023,"education_state_rnk",72.7144
"08069001708","tract",2023,"education_state_rnk",37.5974
"08069001710","tract",2023,"education_state_rnk",77.1439
"08069001711","tract",2023,"education_state_rnk",31.2544
"08069001712","tract",2023,"education_state_rnk",26.2225
"08069001713","tract",2023,"education_state_rnk",37.1368
"08069001714","tract",2023,"education_state_rnk",2.197
"08069001715","tract",2023,"education_state_rnk",37.5974
"08069001804","tract",2023,"education_state_rnk",36.7824
"08069001807","tract",2023,"education_state_rnk",67.1155
"08069001808","tract",2023,"education_state_rnk",49.3976
"08069001810","tract",2023,"education_state_rnk",46.5273
"08069001811","tract",2023,"education_state_rnk",10.1347
"08069001812","tract",2023,"education_state_rnk",27.888
"08069001813","tract",2023,"education_state_rnk",45.0035
"08069001901","tract",2023,"education_state_rnk",52.1616
"08069001902","tract",2023,"education_state_rnk",33.7704
"08069001904","tract",2023,"education_state_rnk",65.6272
"08069001905","tract",2023,"education_state_rnk",35.5067
"08069002005","tract",2023,"education_state_rnk",85.0106
"08069002007","tract",2023,"education_state_rnk",39.0858
"08069002008","tract",2023,"education_state_rnk",75.2658
"08069002010","tract",2023,"education_state_rnk",33.5932
"08069002011","tract",2023,"education_state_rnk",28.5613
"08069002300","tract",2023,"education_state_rnk",41.8852
"08069002401","tract",2023,"education_state_rnk",23.8838
"08069002403","tract",2023,"education_state_rnk",10.489
"08069002404","tract",2023,"education_state_rnk",54.9256
"08069002503","tract",2023,"education_state_rnk",25.9391
"08069002504","tract",2023,"education_state_rnk",65.0602
"08069002505","tract",2023,"education_state_rnk",39.759
"08069002506","tract",2023,"education_state_rnk",38.4833
"08069002507","tract",2023,"education_state_rnk",69.0291
"08069002508","tract",2023,"education_state_rnk",52.3742
"08069002601","tract",2023,"education_state_rnk",27.2147
"08069002602","tract",2023,"education_state_rnk",49.2558
"08069002700","tract",2023,"education_state_rnk",41.1765
"08069002801","tract",2023,"education_state_rnk",13.5365
"08069002803","tract",2023,"education_state_rnk",NA
"08069002804","tract",2023,"education_state_rnk",31.9631
"08069002805","tract",2023,"education_state_rnk",42.9837
"08071000100","tract",2023,"education_state_rnk",63.1113
"08071000200","tract",2023,"education_state_rnk",80.7229
"08071000300","tract",2023,"education_state_rnk",92.1332
"08071000400","tract",2023,"education_state_rnk",72.2537
"08071000500","tract",2023,"education_state_rnk",83.9121
"08071000800","tract",2023,"education_state_rnk",88.0227
"08073961700","tract",2023,"education_state_rnk",82.8136
"08073961800","tract",2023,"education_state_rnk",82.9908
"08075965900","tract",2023,"education_state_rnk",45.3579
"08075966000","tract",2023,"education_state_rnk",82.2466
"08075966101","tract",2023,"education_state_rnk",71.8639
"08075966102","tract",2023,"education_state_rnk",90.2551
"08075966200","tract",2023,"education_state_rnk",56.2721
"08075966300","tract",2023,"education_state_rnk",76.6123
"08075966400","tract",2023,"education_state_rnk",NA
"08077000200","tract",2023,"education_state_rnk",31.4316
"08077000300","tract",2023,"education_state_rnk",42.9837
"08077000400","tract",2023,"education_state_rnk",76.9667
"08077000500","tract",2023,"education_state_rnk",NA
"08077000601","tract",2023,"education_state_rnk",55.8824
"08077000602","tract",2023,"education_state_rnk",77.4628
"08077000700","tract",2023,"education_state_rnk",64.1389
"08077000801","tract",2023,"education_state_rnk",75.3366
"08077000802","tract",2023,"education_state_rnk",85.4004
"08077000900","tract",2023,"education_state_rnk",45.2162
"08077001001","tract",2023,"education_state_rnk",47.2006
"08077001002","tract",2023,"education_state_rnk",48.6889
"08077001102","tract",2023,"education_state_rnk",65.202
"08077001103","tract",2023,"education_state_rnk",85.0106
"08077001104","tract",2023,"education_state_rnk",74.1318
"08077001200","tract",2023,"education_state_rnk",55.1382
"08077001302","tract",2023,"education_state_rnk",58.9653
"08077001303","tract",2023,"education_state_rnk",63.005
"08077001304","tract",2023,"education_state_rnk",82.5301
"08077001402","tract",2023,"education_state_rnk",60.5953
"08077001403","tract",2023,"education_state_rnk",58.5046
"08077001404","tract",2023,"education_state_rnk",18.3558
"08077001502","tract",2023,"education_state_rnk",74.9114
"08077001503","tract",2023,"education_state_rnk",76.3997
"08077001504","tract",2023,"education_state_rnk",83.2034
"08077001600","tract",2023,"education_state_rnk",57.6187
"08077001702","tract",2023,"education_state_rnk",55.4926
"08077001703","tract",2023,"education_state_rnk",73.742
"08077001705","tract",2023,"education_state_rnk",91.9206
"08077001706","tract",2023,"education_state_rnk",91.3536
"08077001707","tract",2023,"education_state_rnk",86.4281
"08077001800","tract",2023,"education_state_rnk",74.3444
"08077001900","tract",2023,"education_state_rnk",63.3593
"08079973600","tract",2023,"education_state_rnk",20.7654
"08081000300","tract",2023,"education_state_rnk",78.3841
"08081000400","tract",2023,"education_state_rnk",81.2899
"08081000500","tract",2023,"education_state_rnk",76.7895
"08081000600","tract",2023,"education_state_rnk",90.078
"08083941100","tract",2023,"education_state_rnk",96.2438
"08083969000","tract",2023,"education_state_rnk",69.2771
"08083969100","tract",2023,"education_state_rnk",31.3253
"08083969200","tract",2023,"education_state_rnk",61.9419
"08083969301","tract",2023,"education_state_rnk",64.3515
"08083969302","tract",2023,"education_state_rnk",78.2424
"08083969400","tract",2023,"education_state_rnk",90.5741
"08083969600","tract",2023,"education_state_rnk",55.7406
"08085966100","tract",2023,"education_state_rnk",74.2736
"08085966201","tract",2023,"education_state_rnk",86.1091
"08085966202","tract",2023,"education_state_rnk",90.9284
"08085966301","tract",2023,"education_state_rnk",75.7619
"08085966302","tract",2023,"education_state_rnk",92.9837
"08085966401","tract",2023,"education_state_rnk",61.8356
"08085966402","tract",2023,"education_state_rnk",67.4699
"08085966501","tract",2023,"education_state_rnk",20.5528
"08085966502","tract",2023,"education_state_rnk",63.1113
"08085966503","tract",2023,"education_state_rnk",79.4472
"08085966601","tract",2023,"education_state_rnk",89.2275
"08085966602","tract",2023,"education_state_rnk",70.5174
"08087000100","tract",2023,"education_state_rnk",87.1722
"08087000200","tract",2023,"education_state_rnk",87.1013
"08087000300","tract",2023,"education_state_rnk",83.4869
"08087000400","tract",2023,"education_state_rnk",94.5783
"08087000500","tract",2023,"education_state_rnk",91.6371
"08087000600","tract",2023,"education_state_rnk",98.0156
"08087000700","tract",2023,"education_state_rnk",87.2431
"08087000800","tract",2023,"education_state_rnk",69.0999
"08089968000","tract",2023,"education_state_rnk",49.7519
"08089968100","tract",2023,"education_state_rnk",90.6449
"08089968200","tract",2023,"education_state_rnk",80.8646
"08089968300","tract",2023,"education_state_rnk",84.1247
"08089968400","tract",2023,"education_state_rnk",59.674
"08089968500","tract",2023,"education_state_rnk",83.8412
"08089968600","tract",2023,"education_state_rnk",90.8575
"08091967601","tract",2023,"education_state_rnk",18.7456
"08091967602","tract",2023,"education_state_rnk",44.224
"08093000101","tract",2023,"education_state_rnk",11.7647
"08093000102","tract",2023,"education_state_rnk",24.3799
"08093000200","tract",2023,"education_state_rnk",47.4132
"08093000300","tract",2023,"education_state_rnk",42.8774
"08093000400","tract",2023,"education_state_rnk",56.1658
"08093000500","tract",2023,"education_state_rnk",26.8604
"08095967600","tract",2023,"education_state_rnk",79.022
"08095967700","tract",2023,"education_state_rnk",77.0376
"08097000101","tract",2023,"education_state_rnk",41.5663
"08097000102","tract",2023,"education_state_rnk",53.2247
"08097000402","tract",2023,"education_state_rnk",4.8193
"08097000403","tract",2023,"education_state_rnk",6.8037
"08097000404","tract",2023,"education_state_rnk",5.3863
"08097000500","tract",2023,"education_state_rnk",36.4989
"08099000100","tract",2023,"education_state_rnk",85.1878
"08099000200","tract",2023,"education_state_rnk",91.4245
"08099000300","tract",2023,"education_state_rnk",88.8023
"08099000600","tract",2023,"education_state_rnk",92.275
"08099000700","tract",2023,"education_state_rnk",88.7314
"08101000100","tract",2023,"education_state_rnk",50.6024
"08101000200","tract",2023,"education_state_rnk",83.3451
"08101000300","tract",2023,"education_state_rnk",NA
"08101000400","tract",2023,"education_state_rnk",81.6442
"08101000500","tract",2023,"education_state_rnk",73.742
"08101000600","tract",2023,"education_state_rnk",92.2041
"08101000800","tract",2023,"education_state_rnk",96.3147
"08101000902","tract",2023,"education_state_rnk",75.9745
"08101000903","tract",2023,"education_state_rnk",NA
"08101000904","tract",2023,"education_state_rnk",83.2743
"08101000905","tract",2023,"education_state_rnk",63.2884
"08101001000","tract",2023,"education_state_rnk",90.3614
"08101001100","tract",2023,"education_state_rnk",97.1651
"08101001200","tract",2023,"education_state_rnk",94.8972
"08101001400","tract",2023,"education_state_rnk",74.8405
"08101001500","tract",2023,"education_state_rnk",75.1949
"08101001600","tract",2023,"education_state_rnk",54.4295
"08101001700","tract",2023,"education_state_rnk",78.7385
"08101001800","tract",2023,"education_state_rnk",79.5889
"08101001900","tract",2023,"education_state_rnk",61.4458
"08101002000","tract",2023,"education_state_rnk",73.2105
"08101002100","tract",2023,"education_state_rnk",92.3459
"08101002200","tract",2023,"education_state_rnk",95.5351
"08101002300","tract",2023,"education_state_rnk",83.0617
"08101002400","tract",2023,"education_state_rnk",66.7612
"08101002500","tract",2023,"education_state_rnk",90.5032
"08101002600","tract",2023,"education_state_rnk",92.9128
"08101002700","tract",2023,"education_state_rnk",84.6208
"08101002801","tract",2023,"education_state_rnk",85.613
"08101002802","tract",2023,"education_state_rnk",63.2176
"08101002804","tract",2023,"education_state_rnk",56.9809
"08101002806","tract",2023,"education_state_rnk",58.5046
"08101002807","tract",2023,"education_state_rnk",67.966
"08101002808","tract",2023,"education_state_rnk",19.5606
"08101002901","tract",2023,"education_state_rnk",91.4954
"08101002906","tract",2023,"education_state_rnk",62.0836
"08101002911","tract",2023,"education_state_rnk",66.1942
"08101002912","tract",2023,"education_state_rnk",77.9589
"08101002913","tract",2023,"education_state_rnk",49.0078
"08101002914","tract",2023,"education_state_rnk",79.5181
"08101002915","tract",2023,"education_state_rnk",65.45
"08101002916","tract",2023,"education_state_rnk",88.2353
"08101002917","tract",2023,"education_state_rnk",40.0071
"08101002919","tract",2023,"education_state_rnk",70.6945
"08101002920","tract",2023,"education_state_rnk",41.9561
"08101002921","tract",2023,"education_state_rnk",93.09
"08101002922","tract",2023,"education_state_rnk",72.36
"08101002923","tract",2023,"education_state_rnk",71.6513
"08101003001","tract",2023,"education_state_rnk",80.085
"08101003004","tract",2023,"education_state_rnk",43.1963
"08101003103","tract",2023,"education_state_rnk",79.6598
"08101003104","tract",2023,"education_state_rnk",80.652
"08101003105","tract",2023,"education_state_rnk",46.0666
"08101003106","tract",2023,"education_state_rnk",53.5436
"08101003200","tract",2023,"education_state_rnk",70.9072
"08101003500","tract",2023,"education_state_rnk",91.8498
"08101003600","tract",2023,"education_state_rnk",84.1956
"08101980100","tract",2023,"education_state_rnk",NA
"08103951100","tract",2023,"education_state_rnk",68.6038
"08103951200","tract",2023,"education_state_rnk",83.7704
"08105976700","tract",2023,"education_state_rnk",87.8101
"08105976800","tract",2023,"education_state_rnk",68.6747
"08105977001","tract",2023,"education_state_rnk",41.5663
"08105977002","tract",2023,"education_state_rnk",71.1552
"08107000100","tract",2023,"education_state_rnk",59.8157
"08107000200","tract",2023,"education_state_rnk",67.2573
"08107000300","tract",2023,"education_state_rnk",42.4522
"08107000400","tract",2023,"education_state_rnk",55.4217
"08107000500","tract",2023,"education_state_rnk",55.0319
"08107000600","tract",2023,"education_state_rnk",33.0617
"08107000701","tract",2023,"education_state_rnk",8.0085
"08107000702","tract",2023,"education_state_rnk",9.0716
"08107000703","tract",2023,"education_state_rnk",0.0709
"08107000800","tract",2023,"education_state_rnk",11.4812
"08109977600","tract",2023,"education_state_rnk",53.2955
"08109977700","tract",2023,"education_state_rnk",89.4401
"08111972600","tract",2023,"education_state_rnk",20.9072
"08113968101","tract",2023,"education_state_rnk",4.5358
"08113968102","tract",2023,"education_state_rnk",33.7704
"08113968103","tract",2023,"education_state_rnk",25.3366
"08113968200","tract",2023,"education_state_rnk",52.5868
"08115968300","tract",2023,"education_state_rnk",83.5578
"08117000101","tract",2023,"education_state_rnk",12.4026
"08117000102","tract",2023,"education_state_rnk",61.1623
"08117000103","tract",2023,"education_state_rnk",22.6081
"08117000201","tract",2023,"education_state_rnk",5.9178
"08117000202","tract",2023,"education_state_rnk",93.6924
"08117000203","tract",2023,"education_state_rnk",30.404
"08117000301","tract",2023,"education_state_rnk",24.0964
"08117000302","tract",2023,"education_state_rnk",63.9263
"08117000403","tract",2023,"education_state_rnk",2.3033
"08117000404","tract",2023,"education_state_rnk",19.7023
"08117000405","tract",2023,"education_state_rnk",36.3572
"08117000406","tract",2023,"education_state_rnk",59.3551
"08119010104","tract",2023,"education_state_rnk",71.9702
"08119010107","tract",2023,"education_state_rnk",23.9546
"08119010108","tract",2023,"education_state_rnk",45.4642
"08119010109","tract",2023,"education_state_rnk",52.9412
"08119010110","tract",2023,"education_state_rnk",48.618
"08119010111","tract",2023,"education_state_rnk",18.0723
"08119010112","tract",2023,"education_state_rnk",58.6109
"08119010203","tract",2023,"education_state_rnk",55.9887
"08121924100","tract",2023,"education_state_rnk",89.7236
"08121924200","tract",2023,"education_state_rnk",65.8398
"08123000100","tract",2023,"education_state_rnk",94.9681
"08123000200","tract",2023,"education_state_rnk",95.9603
"08123000300","tract",2023,"education_state_rnk",NA
"08123000401","tract",2023,"education_state_rnk",45.9603
"08123000402","tract",2023,"education_state_rnk",80.0142
"08123000501","tract",2023,"education_state_rnk",99.7165
"08123000502","tract",2023,"education_state_rnk",98.4408
"08123000600","tract",2023,"education_state_rnk",NA
"08123000701","tract",2023,"education_state_rnk",98.618
"08123000703","tract",2023,"education_state_rnk",99.9291
"08123000704","tract",2023,"education_state_rnk",97.236
"08123000705","tract",2023,"education_state_rnk",71.4033
"08123000800","tract",2023,"education_state_rnk",84.3373
"08123000900","tract",2023,"education_state_rnk",74.6988
"08123001003","tract",2023,"education_state_rnk",98.2991
"08123001004","tract",2023,"education_state_rnk",91.0702
"08123001005","tract",2023,"education_state_rnk",96.9525
"08123001006","tract",2023,"education_state_rnk",93.7633
"08123001100","tract",2023,"education_state_rnk",88.1644
"08123001201","tract",2023,"education_state_rnk",94.0822
"08123001202","tract",2023,"education_state_rnk",68.7456
"08123001300","tract",2023,"education_state_rnk",98.618
"08123001404","tract",2023,"education_state_rnk",97.8738
"08123001405","tract",2023,"education_state_rnk",79.8724
"08123001406","tract",2023,"education_state_rnk",64.635
"08123001407","tract",2023,"education_state_rnk",72.5726
"08123001408","tract",2023,"education_state_rnk",57.6187
"08123001409","tract",2023,"education_state_rnk",68.0369
"08123001410","tract",2023,"education_state_rnk",32.7782
"08123001411","tract",2023,"education_state_rnk",33.8767
"08123001412","tract",2023,"education_state_rnk",61.056
"08123001413","tract",2023,"education_state_rnk",78.6676
"08123001414","tract",2023,"education_state_rnk",66.6903
"08123001415","tract",2023,"education_state_rnk",63.9972
"08123001416","tract",2023,"education_state_rnk",55.6343
"08123001417","tract",2023,"education_state_rnk",92.7002
"08123001500","tract",2023,"education_state_rnk",72.2537
"08123001600","tract",2023,"education_state_rnk",69.1708
"08123001700","tract",2023,"education_state_rnk",88.4479
"08123001800","tract",2023,"education_state_rnk",85.3296
"08123001905","tract",2023,"education_state_rnk",96.7045
"08123001906","tract",2023,"education_state_rnk",96.0312
"08123001909","tract",2023,"education_state_rnk",91.5663
"08123001910","tract",2023,"education_state_rnk",93.6215
"08123001911","tract",2023,"education_state_rnk",60.5245
"08123001912","tract",2023,"education_state_rnk",75.6556
"08123001913","tract",2023,"education_state_rnk",93.3381
"08123001914","tract",2023,"education_state_rnk",77.7463
"08123002004","tract",2023,"education_state_rnk",91.7789
"08123002005","tract",2023,"education_state_rnk",51.8072
"08123002006","tract",2023,"education_state_rnk",61.304
"08123002007","tract",2023,"education_state_rnk",19.6315
"08123002008","tract",2023,"education_state_rnk",44.1531
"08123002009","tract",2023,"education_state_rnk",35.2941
"08123002010","tract",2023,"education_state_rnk",80.7938
"08123002011","tract",2023,"education_state_rnk",60.3827
"08123002012","tract",2023,"education_state_rnk",47.1297
"08123002013","tract",2023,"education_state_rnk",43.9405
"08123002014","tract",2023,"education_state_rnk",67.3281
"08123002015","tract",2023,"education_state_rnk",35.2232
"08123002016","tract",2023,"education_state_rnk",68.3203
"08123002017","tract",2023,"education_state_rnk",59.4614
"08123002018","tract",2023,"education_state_rnk",51.1339
"08123002019","tract",2023,"education_state_rnk",78.1006
"08123002020","tract",2023,"education_state_rnk",65.9107
"08123002021","tract",2023,"education_state_rnk",50.815
"08123002101","tract",2023,"education_state_rnk",69.9504
"08123002104","tract",2023,"education_state_rnk",32.9554
"08123002105","tract",2023,"education_state_rnk",54.7838
"08123002106","tract",2023,"education_state_rnk",66.8675
"08123002107","tract",2023,"education_state_rnk",44.8972
"08123002108","tract",2023,"education_state_rnk",66.3359
"08123002203","tract",2023,"education_state_rnk",66.1233
"08123002204","tract",2023,"education_state_rnk",59.2133
"08123002205","tract",2023,"education_state_rnk",62.7215
"08123002206","tract",2023,"education_state_rnk",56.1658
"08123002207","tract",2023,"education_state_rnk",64.9894
"08123002208","tract",2023,"education_state_rnk",42.2041
"08123002209","tract",2023,"education_state_rnk",32.0695
"08123002210","tract",2023,"education_state_rnk",22.8207
"08123002300","tract",2023,"education_state_rnk",81.0064
"08123002501","tract",2023,"education_state_rnk",75.4075
"08123002502","tract",2023,"education_state_rnk",89.1566
"08125963100","tract",2023,"education_state_rnk",90.7158
"08125963200","tract",2023,"education_state_rnk",96.8108
