"geoid","geolevel","year","level","value"
"41095","zcta",2023,"education_score",78.8
"46001","zcta",2023,"education_score",93.4
"46011","zcta",2023,"education_score",99.41
"46012","zcta",2023,"education_score",97.25
"46013","zcta",2023,"education_score",99.71
"46016","zcta",2023,"education_score",73.58
"46017","zcta",2023,"education_score",100.3
"46030","zcta",2023,"education_score",106.17
"46031","zcta",2023,"education_score",91.66
"46032","zcta",2023,"education_score",131.12
"46033","zcta",2023,"education_score",130.04
"46034","zcta",2023,"education_score",112.58
"46035","zcta",2023,"education_score",105.82
"46036","zcta",2023,"education_score",92.81
"46037","zcta",2023,"education_score",122.03
"46038","zcta",2023,"education_score",120.93
"46039","zcta",2023,"education_score",68.46
"46040","zcta",2023,"education_score",118.59
"46041","zcta",2023,"education_score",80.03
"46044","zcta",2023,"education_score",97.62
"46045","zcta",2023,"education_score",108.17
"46047","zcta",2023,"education_score",NA
"46048","zcta",2023,"education_score",93.05
"46049","zcta",2023,"education_score",96.05
"46050","zcta",2023,"education_score",102.36
"46051","zcta",2023,"education_score",106.36
"46052","zcta",2023,"education_score",101.1
"46055","zcta",2023,"education_score",121.02
"46056","zcta",2023,"education_score",108.07
"46057","zcta",2023,"education_score",114.64
"46058","zcta",2023,"education_score",98.81
"46060","zcta",2023,"education_score",113.3
"46062","zcta",2023,"education_score",121.83
"46063","zcta",2023,"education_score",88.75
"46064","zcta",2023,"education_score",103.07
"46065","zcta",2023,"education_score",97.57
"46068","zcta",2023,"education_score",101.5
"46069","zcta",2023,"education_score",105.99
"46070","zcta",2023,"education_score",88.76
"46071","zcta",2023,"education_score",108.83
"46072","zcta",2023,"education_score",100.14
"46074","zcta",2023,"education_score",122.55
"46075","zcta",2023,"education_score",118.64
"46076","zcta",2023,"education_score",92.75
"46077","zcta",2023,"education_score",130.56
"46102","zcta",2023,"education_score",99.53
"46103","zcta",2023,"education_score",105.54
"46104","zcta",2023,"education_score",107.74
"46105","zcta",2023,"education_score",109.09
"46106","zcta",2023,"education_score",120.47
"46107","zcta",2023,"education_score",101.18
"46110","zcta",2023,"education_score",106.97
"46111","zcta",2023,"education_score",101.65
"46112","zcta",2023,"education_score",114.95
"46113","zcta",2023,"education_score",98.15
"46115","zcta",2023,"education_score",91.17
"46117","zcta",2023,"education_score",88.02
"46118","zcta",2023,"education_score",101.66
"46120","zcta",2023,"education_score",94
"46121","zcta",2023,"education_score",96.69
"46122","zcta",2023,"education_score",104.43
"46123","zcta",2023,"education_score",110.32
"46124","zcta",2023,"education_score",94.61
"46125","zcta",2023,"education_score",NA
"46126","zcta",2023,"education_score",104.91
"46127","zcta",2023,"education_score",107.72
"46128","zcta",2023,"education_score",98.89
"46130","zcta",2023,"education_score",103.39
"46131","zcta",2023,"education_score",98
"46133","zcta",2023,"education_score",93.48
"46135","zcta",2023,"education_score",100.8
"46140","zcta",2023,"education_score",103.74
"46142","zcta",2023,"education_score",109.31
"46143","zcta",2023,"education_score",104.53
"46144","zcta",2023,"education_score",116.9
"46146","zcta",2023,"education_score",48.73
"46147","zcta",2023,"education_score",99.89
"46148","zcta",2023,"education_score",94.79
"46149","zcta",2023,"education_score",120.34
"46150","zcta",2023,"education_score",98.12
"46151","zcta",2023,"education_score",95.11
"46154","zcta",2023,"education_score",NA
"46155","zcta",2023,"education_score",NA
"46156","zcta",2023,"education_score",88.6
"46157","zcta",2023,"education_score",104.63
"46158","zcta",2023,"education_score",102.56
"46160","zcta",2023,"education_score",94.22
"46161","zcta",2023,"education_score",90.24
"46162","zcta",2023,"education_score",111.51
"46163","zcta",2023,"education_score",115.07
"46164","zcta",2023,"education_score",114.28
"46165","zcta",2023,"education_score",105.8
"46166","zcta",2023,"education_score",88.73
"46167","zcta",2023,"education_score",114.03
"46168","zcta",2023,"education_score",106.42
"46170","zcta",2023,"education_score",NA
"46171","zcta",2023,"education_score",91.16
"46172","zcta",2023,"education_score",95.22
"46173","zcta",2023,"education_score",90.44
"46175","zcta",2023,"education_score",88.45
"46176","zcta",2023,"education_score",94.67
"46180","zcta",2023,"education_score",141.57
"46181","zcta",2023,"education_score",108.96
"46182","zcta",2023,"education_score",99.01
"46183","zcta",2023,"education_score",NA
"46184","zcta",2023,"education_score",101.44
"46186","zcta",2023,"education_score",98.97
"46201","zcta",2023,"education_score",82.86
"46202","zcta",2023,"education_score",113.67
"46203","zcta",2023,"education_score",86.94
"46204","zcta",2023,"education_score",130.74
"46205","zcta",2023,"education_score",113.57
"46206","zcta",2023,"education_score",NA
"46208","zcta",2023,"education_score",106.96
"46214","zcta",2023,"education_score",99.06
"46216","zcta",2023,"education_score",123.19
"46217","zcta",2023,"education_score",97.27
"46218","zcta",2023,"education_score",76.91
"46219","zcta",2023,"education_score",91.67
"46220","zcta",2023,"education_score",129.43
"46221","zcta",2023,"education_score",90.37
"46222","zcta",2023,"education_score",73.31
"46224","zcta",2023,"education_score",82.94
"46225","zcta",2023,"education_score",89.67
"46226","zcta",2023,"education_score",83.65
"46227","zcta",2023,"education_score",85.61
"46228","zcta",2023,"education_score",110.08
"46229","zcta",2023,"education_score",106.58
"46231","zcta",2023,"education_score",80.15
"46234","zcta",2023,"education_score",102.84
"46235","zcta",2023,"education_score",79.33
"46236","zcta",2023,"education_score",117.9
"46237","zcta",2023,"education_score",98.22
"46239","zcta",2023,"education_score",100.36
"46240","zcta",2023,"education_score",121.78
"46241","zcta",2023,"education_score",63.11
"46250","zcta",2023,"education_score",119.72
"46254","zcta",2023,"education_score",99.07
"46256","zcta",2023,"education_score",123.7
"46259","zcta",2023,"education_score",113.54
"46260","zcta",2023,"education_score",109.91
"46268","zcta",2023,"education_score",108.12
"46278","zcta",2023,"education_score",135.48
"46280","zcta",2023,"education_score",126.09
"46290","zcta",2023,"education_score",122.03
"46301","zcta",2023,"education_score",146.22
"46302","zcta",2023,"education_score",NA
"46303","zcta",2023,"education_score",104.15
"46304","zcta",2023,"education_score",111.72
"46307","zcta",2023,"education_score",107.37
"46310","zcta",2023,"education_score",98.1
"46311","zcta",2023,"education_score",118.83
"46312","zcta",2023,"education_score",62.95
"46319","zcta",2023,"education_score",110.92
"46320","zcta",2023,"education_score",70.26
"46321","zcta",2023,"education_score",119.3
"46322","zcta",2023,"education_score",108.11
"46323","zcta",2023,"education_score",83.38
"46324","zcta",2023,"education_score",92.58
"46327","zcta",2023,"education_score",64.4
"46340","zcta",2023,"education_score",78.11
"46341","zcta",2023,"education_score",103.63
"46342","zcta",2023,"education_score",100.82
"46345","zcta",2023,"education_score",NA
"46346","zcta",2023,"education_score",81.09
"46347","zcta",2023,"education_score",98.01
"46348","zcta",2023,"education_score",93.34
"46349","zcta",2023,"education_score",102.48
"46350","zcta",2023,"education_score",98.19
"46356","zcta",2023,"education_score",100.98
"46360","zcta",2023,"education_score",100.46
"46365","zcta",2023,"education_score",94.74
"46366","zcta",2023,"education_score",84.55
"46368","zcta",2023,"education_score",99.04
"46371","zcta",2023,"education_score",112.15
"46373","zcta",2023,"education_score",114.1
"46374","zcta",2023,"education_score",93.18
"46375","zcta",2023,"education_score",115.72
"46376","zcta",2023,"education_score",100.83
"46377","zcta",2023,"education_score",NA
"46379","zcta",2023,"education_score",113.91
"46381","zcta",2023,"education_score",86.72
"46382","zcta",2023,"education_score",99.25
"46383","zcta",2023,"education_score",108.3
"46385","zcta",2023,"education_score",109.36
"46390","zcta",2023,"education_score",108.48
"46391","zcta",2023,"education_score",NA
"46392","zcta",2023,"education_score",98.93
"46393","zcta",2023,"education_score",105.04
"46394","zcta",2023,"education_score",90.48
"46402","zcta",2023,"education_score",84.12
"46403","zcta",2023,"education_score",99.3
"46404","zcta",2023,"education_score",90.45
"46405","zcta",2023,"education_score",79.67
"46406","zcta",2023,"education_score",75.63
"46407","zcta",2023,"education_score",82.05
"46408","zcta",2023,"education_score",80.54
"46409","zcta",2023,"education_score",83.76
"46410","zcta",2023,"education_score",103.38
"46501","zcta",2023,"education_score",70.64
"46502","zcta",2023,"education_score",NA
"46504","zcta",2023,"education_score",81.18
"46506","zcta",2023,"education_score",69.72
"46507","zcta",2023,"education_score",92.01
"46508","zcta",2023,"education_score",59.19
"46510","zcta",2023,"education_score",95.5
"46511","zcta",2023,"education_score",103.31
"46513","zcta",2023,"education_score",NA
"46514","zcta",2023,"education_score",87.77
"46516","zcta",2023,"education_score",83.93
"46517","zcta",2023,"education_score",68.13
"46524","zcta",2023,"education_score",32.04
"46526","zcta",2023,"education_score",74.29
"46528","zcta",2023,"education_score",73.72
"46530","zcta",2023,"education_score",119.23
"46531","zcta",2023,"education_score",137.53
"46532","zcta",2023,"education_score",95.34
"46534","zcta",2023,"education_score",82.07
"46536","zcta",2023,"education_score",111.43
"46537","zcta",2023,"education_score",76.62
"46538","zcta",2023,"education_score",102.33
"46539","zcta",2023,"education_score",88.15
"46540","zcta",2023,"education_score",52.48
"46542","zcta",2023,"education_score",73.39
"46543","zcta",2023,"education_score",-5.47
"46544","zcta",2023,"education_score",97.92
"46545","zcta",2023,"education_score",106.39
"46550","zcta",2023,"education_score",55.12
"46552","zcta",2023,"education_score",105.54
"46553","zcta",2023,"education_score",65.31
"46554","zcta",2023,"education_score",110
"46555","zcta",2023,"education_score",104.3
"46556","zcta",2023,"education_score",NA
"46561","zcta",2023,"education_score",101.1
"46562","zcta",2023,"education_score",80.11
"46563","zcta",2023,"education_score",86.85
"46565","zcta",2023,"education_score",-10.64
"46567","zcta",2023,"education_score",98.68
"46570","zcta",2023,"education_score",81.07
"46571","zcta",2023,"education_score",-33.05
"46572","zcta",2023,"education_score",119.36
"46573","zcta",2023,"education_score",86.38
"46574","zcta",2023,"education_score",99.3
"46580","zcta",2023,"education_score",91.83
"46582","zcta",2023,"education_score",96.02
"46590","zcta",2023,"education_score",111.41
"46595","zcta",2023,"education_score",NA
"46601","zcta",2023,"education_score",91.33
"46613","zcta",2023,"education_score",68.37
"46614","zcta",2023,"education_score",105.88
"46615","zcta",2023,"education_score",102.88
"46616","zcta",2023,"education_score",108.04
"46617","zcta",2023,"education_score",117.75
"46619","zcta",2023,"education_score",76.33
"46624","zcta",2023,"education_score",NA
"46628","zcta",2023,"education_score",100.07
"46635","zcta",2023,"education_score",100.69
"46637","zcta",2023,"education_score",112.66
"46701","zcta",2023,"education_score",100.46
"46702","zcta",2023,"education_score",96.79
"46703","zcta",2023,"education_score",97.96
"46704","zcta",2023,"education_score",NA
"46705","zcta",2023,"education_score",92.8
"46706","zcta",2023,"education_score",103.03
"46710","zcta",2023,"education_score",98.53
"46711","zcta",2023,"education_score",63.09
"46714","zcta",2023,"education_score",93.28
"46721","zcta",2023,"education_score",88.9
"46723","zcta",2023,"education_score",98.41
"46725","zcta",2023,"education_score",105.09
"46730","zcta",2023,"education_score",105.05
"46731","zcta",2023,"education_score",79.98
"46732","zcta",2023,"education_score",64.49
"46733","zcta",2023,"education_score",97.69
"46737","zcta",2023,"education_score",98.77
"46738","zcta",2023,"education_score",93.81
"46740","zcta",2023,"education_score",26.28
"46741","zcta",2023,"education_score",77.54
"46742","zcta",2023,"education_score",109.84
"46743","zcta",2023,"education_score",76.79
"46745","zcta",2023,"education_score",105.05
"46746","zcta",2023,"education_score",67.99
"46747","zcta",2023,"education_score",95.05
"46748","zcta",2023,"education_score",101.98
"46750","zcta",2023,"education_score",97.8
"46755","zcta",2023,"education_score",84.15
"46759","zcta",2023,"education_score",113.18
"46760","zcta",2023,"education_score",74.7
"46761","zcta",2023,"education_score",38.47
"46763","zcta",2023,"education_score",103.73
"46764","zcta",2023,"education_score",98.92
"46765","zcta",2023,"education_score",117.78
"46766","zcta",2023,"education_score",46.07
"46767","zcta",2023,"education_score",34.74
"46770","zcta",2023,"education_score",103.38
"46771","zcta",2023,"education_score",93.06
"46772","zcta",2023,"education_score",54.33
"46773","zcta",2023,"education_score",106.77
"46774","zcta",2023,"education_score",99.53
"46776","zcta",2023,"education_score",70.36
"46777","zcta",2023,"education_score",101.43
"46778","zcta",2023,"education_score",NA
"46779","zcta",2023,"education_score",105.42
"46781","zcta",2023,"education_score",89.48
"46783","zcta",2023,"education_score",114.73
"46784","zcta",2023,"education_score",102.38
"46785","zcta",2023,"education_score",79.35
"46786","zcta",2023,"education_score",NA
"46787","zcta",2023,"education_score",87.21
"46788","zcta",2023,"education_score",84.34
"46789","zcta",2023,"education_score",107.53
"46791","zcta",2023,"education_score",100.24
"46792","zcta",2023,"education_score",113.95
"46793","zcta",2023,"education_score",85.49
"46794","zcta",2023,"education_score",83.21
"46795","zcta",2023,"education_score",74.94
"46796","zcta",2023,"education_score",119.35
"46797","zcta",2023,"education_score",93.03
"46798","zcta",2023,"education_score",94.5
"46799","zcta",2023,"education_score",95.87
"46802","zcta",2023,"education_score",93.57
"46803","zcta",2023,"education_score",53.52
"46804","zcta",2023,"education_score",113.2
"46805","zcta",2023,"education_score",102.61
"46806","zcta",2023,"education_score",54.53
"46807","zcta",2023,"education_score",92.82
"46808","zcta",2023,"education_score",90.18
"46809","zcta",2023,"education_score",94.93
"46814","zcta",2023,"education_score",117.99
"46815","zcta",2023,"education_score",103.86
"46816","zcta",2023,"education_score",60.98
"46818","zcta",2023,"education_score",103.45
"46819","zcta",2023,"education_score",107.17
"46825","zcta",2023,"education_score",104.44
"46835","zcta",2023,"education_score",109.44
"46845","zcta",2023,"education_score",119.11
"46901","zcta",2023,"education_score",94.1
"46902","zcta",2023,"education_score",94.94
"46910","zcta",2023,"education_score",72.95
"46911","zcta",2023,"education_score",80.78
"46913","zcta",2023,"education_score",87.35
"46914","zcta",2023,"education_score",89.75
"46915","zcta",2023,"education_score",105.89
"46917","zcta",2023,"education_score",92.23
"46919","zcta",2023,"education_score",92.31
"46920","zcta",2023,"education_score",95.91
"46922","zcta",2023,"education_score",NA
"46923","zcta",2023,"education_score",92.41
"46926","zcta",2023,"education_score",103.28
"46928","zcta",2023,"education_score",96.98
"46929","zcta",2023,"education_score",95.82
"46930","zcta",2023,"education_score",82.89
"46931","zcta",2023,"education_score",67.18
"46932","zcta",2023,"education_score",98.97
"46933","zcta",2023,"education_score",92.53
"46936","zcta",2023,"education_score",104.28
"46937","zcta",2023,"education_score",NA
"46938","zcta",2023,"education_score",96.54
"46939","zcta",2023,"education_score",92.01
"46940","zcta",2023,"education_score",88.01
"46941","zcta",2023,"education_score",80.83
"46943","zcta",2023,"education_score",89.44
"46945","zcta",2023,"education_score",NA
"46946","zcta",2023,"education_score",NA
"46947","zcta",2023,"education_score",83.26
"46950","zcta",2023,"education_score",71.85
"46951","zcta",2023,"education_score",82.62
"46952","zcta",2023,"education_score",97.01
"46953","zcta",2023,"education_score",77.3
"46957","zcta",2023,"education_score",80.51
"46958","zcta",2023,"education_score",113.03
"46959","zcta",2023,"education_score",112.11
"46960","zcta",2023,"education_score",99.06
"46961","zcta",2023,"education_score",NA
"46962","zcta",2023,"education_score",102.28
"46965","zcta",2023,"education_score",NA
"46967","zcta",2023,"education_score",85.98
"46968","zcta",2023,"education_score",114.14
"46970","zcta",2023,"education_score",87.5
"46971","zcta",2023,"education_score",NA
"46974","zcta",2023,"education_score",81.11
"46975","zcta",2023,"education_score",94.42
"46978","zcta",2023,"education_score",92.78
"46979","zcta",2023,"education_score",108.05
"46980","zcta",2023,"education_score",NA
"46982","zcta",2023,"education_score",105.47
"46984","zcta",2023,"education_score",NA
"46985","zcta",2023,"education_score",91.11
"46986","zcta",2023,"education_score",93.51
"46987","zcta",2023,"education_score",107.46
"46988","zcta",2023,"education_score",103.08
"46989","zcta",2023,"education_score",94.31
"46990","zcta",2023,"education_score",108.36
"46991","zcta",2023,"education_score",93.85
"46992","zcta",2023,"education_score",98.17
"46994","zcta",2023,"education_score",89.36
"46996","zcta",2023,"education_score",99.85
"46998","zcta",2023,"education_score",59.03
"47001","zcta",2023,"education_score",97.04
"47003","zcta",2023,"education_score",114.19
"47006","zcta",2023,"education_score",98.93
"47010","zcta",2023,"education_score",124.19
"47011","zcta",2023,"education_score",100.33
"47012","zcta",2023,"education_score",103.88
"47016","zcta",2023,"education_score",105.75
"47017","zcta",2023,"education_score",90.71
"47018","zcta",2023,"education_score",92.75
"47020","zcta",2023,"education_score",99.54
"47021","zcta",2023,"education_score",NA
"47022","zcta",2023,"education_score",117.77
"47023","zcta",2023,"education_score",99.82
"47024","zcta",2023,"education_score",84.19
"47025","zcta",2023,"education_score",103.41
"47030","zcta",2023,"education_score",51.11
"47031","zcta",2023,"education_score",95.27
"47032","zcta",2023,"education_score",86.3
"47033","zcta",2023,"education_score",NA
"47034","zcta",2023,"education_score",106.95
"47035","zcta",2023,"education_score",95.43
"47036","zcta",2023,"education_score",98.66
"47037","zcta",2023,"education_score",100.96
"47038","zcta",2023,"education_score",60.58
"47040","zcta",2023,"education_score",99.25
"47041","zcta",2023,"education_score",102.87
"47042","zcta",2023,"education_score",91.88
"47043","zcta",2023,"education_score",78.97
"47060","zcta",2023,"education_score",101.72
"47102","zcta",2023,"education_score",80.49
"47104","zcta",2023,"education_score",NA
"47106","zcta",2023,"education_score",97.12
"47108","zcta",2023,"education_score",82.85
"47110","zcta",2023,"education_score",88.29
"47111","zcta",2023,"education_score",103.91
"47112","zcta",2023,"education_score",98.41
"47114","zcta",2023,"education_score",95.29
"47115","zcta",2023,"education_score",107.75
"47116","zcta",2023,"education_score",110.21
"47117","zcta",2023,"education_score",102.26
"47118","zcta",2023,"education_score",85.27
"47119","zcta",2023,"education_score",118.07
"47120","zcta",2023,"education_score",100.65
"47122","zcta",2023,"education_score",109.8
"47123","zcta",2023,"education_score",65.49
"47124","zcta",2023,"education_score",112.31
"47125","zcta",2023,"education_score",67.57
"47126","zcta",2023,"education_score",106.69
"47129","zcta",2023,"education_score",87.06
"47130","zcta",2023,"education_score",102.86
"47135","zcta",2023,"education_score",100.88
"47136","zcta",2023,"education_score",99.4
"47138","zcta",2023,"education_score",93.41
"47140","zcta",2023,"education_score",87.99
"47141","zcta",2023,"education_score",120.36
"47142","zcta",2023,"education_score",101.88
"47143","zcta",2023,"education_score",113.13
"47145","zcta",2023,"education_score",77.01
"47147","zcta",2023,"education_score",98.33
"47150","zcta",2023,"education_score",98.91
"47160","zcta",2023,"education_score",NA
"47161","zcta",2023,"education_score",100.96
"47162","zcta",2023,"education_score",120.33
"47163","zcta",2023,"education_score",101.16
"47164","zcta",2023,"education_score",81.26
"47165","zcta",2023,"education_score",93.33
"47166","zcta",2023,"education_score",100.05
"47167","zcta",2023,"education_score",91.1
"47170","zcta",2023,"education_score",80.54
"47172","zcta",2023,"education_score",106.34
"47174","zcta",2023,"education_score",NA
"47175","zcta",2023,"education_score",86.98
"47177","zcta",2023,"education_score",101.64
"47201","zcta",2023,"education_score",106.49
"47203","zcta",2023,"education_score",108.25
"47220","zcta",2023,"education_score",102.96
"47223","zcta",2023,"education_score",77.39
"47224","zcta",2023,"education_score",67.21
"47225","zcta",2023,"education_score",NA
"47226","zcta",2023,"education_score",105.43
"47227","zcta",2023,"education_score",88.45
"47229","zcta",2023,"education_score",95.86
"47230","zcta",2023,"education_score",97.9
"47231","zcta",2023,"education_score",90.26
"47232","zcta",2023,"education_score",106.36
"47234","zcta",2023,"education_score",106.33
"47235","zcta",2023,"education_score",112.32
"47236","zcta",2023,"education_score",120.8
"47240","zcta",2023,"education_score",94.64
"47243","zcta",2023,"education_score",86.66
"47244","zcta",2023,"education_score",125.44
"47246","zcta",2023,"education_score",88.26
"47247","zcta",2023,"education_score",95
"47250","zcta",2023,"education_score",96.54
"47260","zcta",2023,"education_score",85.52
"47263","zcta",2023,"education_score",67.83
"47264","zcta",2023,"education_score",122.97
"47265","zcta",2023,"education_score",90.76
"47270","zcta",2023,"education_score",100.78
"47272","zcta",2023,"education_score",92.02
"47273","zcta",2023,"education_score",96.42
"47274","zcta",2023,"education_score",88.79
"47280","zcta",2023,"education_score",94.04
"47281","zcta",2023,"education_score",106.22
"47282","zcta",2023,"education_score",91.12
"47283","zcta",2023,"education_score",99.24
"47302","zcta",2023,"education_score",87.7
"47303","zcta",2023,"education_score",94.36
"47304","zcta",2023,"education_score",107.57
"47305","zcta",2023,"education_score",88.68
"47306","zcta",2023,"education_score",NA
"47320","zcta",2023,"education_score",98.51
"47324","zcta",2023,"education_score",74.85
"47325","zcta",2023,"education_score",90.59
"47326","zcta",2023,"education_score",59.74
"47327","zcta",2023,"education_score",93.47
"47330","zcta",2023,"education_score",90.05
"47331","zcta",2023,"education_score",89.33
"47334","zcta",2023,"education_score",104.65
"47335","zcta",2023,"education_score",97.62
"47336","zcta",2023,"education_score",87.82
"47337","zcta",2023,"education_score",83.04
"47338","zcta",2023,"education_score",97.99
"47339","zcta",2023,"education_score",63.51
"47340","zcta",2023,"education_score",101.54
"47341","zcta",2023,"education_score",81.64
"47342","zcta",2023,"education_score",93.4
"47344","zcta",2023,"education_score",106.55
"47345","zcta",2023,"education_score",90.18
"47346","zcta",2023,"education_score",98.23
"47348","zcta",2023,"education_score",95.33
"47351","zcta",2023,"education_score",79.56
"47352","zcta",2023,"education_score",103.79
"47353","zcta",2023,"education_score",100.47
"47354","zcta",2023,"education_score",84.82
"47355","zcta",2023,"education_score",88.68
"47356","zcta",2023,"education_score",104.83
"47357","zcta",2023,"education_score",104.99
"47358","zcta",2023,"education_score",94.52
"47359","zcta",2023,"education_score",85.83
"47360","zcta",2023,"education_score",95.71
"47361","zcta",2023,"education_score",106.95
"47362","zcta",2023,"education_score",91.46
"47366","zcta",2023,"education_score",NA
"47367","zcta",2023,"education_score",67.2
"47368","zcta",2023,"education_score",100.69
"47369","zcta",2023,"education_score",86.47
"47370","zcta",2023,"education_score",90.74
"47371","zcta",2023,"education_score",85.69
"47373","zcta",2023,"education_score",84.26
"47374","zcta",2023,"education_score",92.5
"47380","zcta",2023,"education_score",83.88
"47381","zcta",2023,"education_score",88.35
"47382","zcta",2023,"education_score",87.69
"47383","zcta",2023,"education_score",102.26
"47384","zcta",2023,"education_score",92.42
"47385","zcta",2023,"education_score",113.91
"47386","zcta",2023,"education_score",115.36
"47387","zcta",2023,"education_score",81.91
"47388","zcta",2023,"education_score",105.67
"47390","zcta",2023,"education_score",91.98
"47392","zcta",2023,"education_score",102.27
"47393","zcta",2023,"education_score",74.94
"47394","zcta",2023,"education_score",98.52
"47396","zcta",2023,"education_score",107.23
"47401","zcta",2023,"education_score",116.44
"47403","zcta",2023,"education_score",108.49
"47404","zcta",2023,"education_score",106.18
"47405","zcta",2023,"education_score",NA
"47406","zcta",2023,"education_score",NA
"47408","zcta",2023,"education_score",107.42
"47420","zcta",2023,"education_score",NA
"47421","zcta",2023,"education_score",102.54
"47424","zcta",2023,"education_score",94.05
"47427","zcta",2023,"education_score",98.17
"47429","zcta",2023,"education_score",109.48
"47431","zcta",2023,"education_score",84.28
"47432","zcta",2023,"education_score",89.61
"47433","zcta",2023,"education_score",96.99
"47434","zcta",2023,"education_score",NA
"47435","zcta",2023,"education_score",119.91
"47436","zcta",2023,"education_score",108.26
"47437","zcta",2023,"education_score",NA
"47438","zcta",2023,"education_score",104.82
"47441","zcta",2023,"education_score",89.74
"47443","zcta",2023,"education_score",83.17
"47445","zcta",2023,"education_score",NA
"47446","zcta",2023,"education_score",85.49
"47448","zcta",2023,"education_score",103.96
"47449","zcta",2023,"education_score",87.85
"47451","zcta",2023,"education_score",106.93
"47452","zcta",2023,"education_score",94.79
"47453","zcta",2023,"education_score",100.47
"47454","zcta",2023,"education_score",83.16
"47455","zcta",2023,"education_score",NA
"47456","zcta",2023,"education_score",81.61
"47457","zcta",2023,"education_score",NA
"47458","zcta",2023,"education_score",NA
"47459","zcta",2023,"education_score",101.46
"47460","zcta",2023,"education_score",99.89
"47462","zcta",2023,"education_score",101.95
"47464","zcta",2023,"education_score",102.81
"47465","zcta",2023,"education_score",98.19
"47467","zcta",2023,"education_score",NA
"47468","zcta",2023,"education_score",119.98
"47469","zcta",2023,"education_score",78.46
"47470","zcta",2023,"education_score",76.43
"47471","zcta",2023,"education_score",80.59
"47501","zcta",2023,"education_score",79.32
"47512","zcta",2023,"education_score",97.43
"47513","zcta",2023,"education_score",83.41
"47514","zcta",2023,"education_score",NA
"47515","zcta",2023,"education_score",92.36
"47516","zcta",2023,"education_score",99.13
"47519","zcta",2023,"education_score",103.86
"47520","zcta",2023,"education_score",89.4
"47521","zcta",2023,"education_score",106.19
"47522","zcta",2023,"education_score",96.97
"47523","zcta",2023,"education_score",93.96
"47524","zcta",2023,"education_score",101.86
"47525","zcta",2023,"education_score",113.07
"47527","zcta",2023,"education_score",108.66
"47528","zcta",2023,"education_score",96.26
"47529","zcta",2023,"education_score",82.17
"47531","zcta",2023,"education_score",114.42
"47532","zcta",2023,"education_score",102.62
"47535","zcta",2023,"education_score",94.03
"47537","zcta",2023,"education_score",136.88
"47541","zcta",2023,"education_score",102.35
"47542","zcta",2023,"education_score",69.9
"47546","zcta",2023,"education_score",101.35
"47550","zcta",2023,"education_score",106.7
"47551","zcta",2023,"education_score",108.36
"47552","zcta",2023,"education_score",130.25
"47553","zcta",2023,"education_score",72.75
"47557","zcta",2023,"education_score",97.51
"47558","zcta",2023,"education_score",23.3
"47561","zcta",2023,"education_score",97.4
"47562","zcta",2023,"education_score",52.57
"47564","zcta",2023,"education_score",80.81
"47567","zcta",2023,"education_score",93.98
"47568","zcta",2023,"education_score",60.36
"47573","zcta",2023,"education_score",NA
"47574","zcta",2023,"education_score",99.47
"47575","zcta",2023,"education_score",112.35
"47576","zcta",2023,"education_score",91.92
"47577","zcta",2023,"education_score",95.55
"47578","zcta",2023,"education_score",94.85
"47579","zcta",2023,"education_score",113.35
"47580","zcta",2023,"education_score",111.6
"47581","zcta",2023,"education_score",94.64
"47584","zcta",2023,"education_score",87.36
"47585","zcta",2023,"education_score",110.81
"47586","zcta",2023,"education_score",100.67
"47588","zcta",2023,"education_score",85.53
"47590","zcta",2023,"education_score",94.57
"47591","zcta",2023,"education_score",91.02
"47596","zcta",2023,"education_score",NA
"47597","zcta",2023,"education_score",92.62
"47598","zcta",2023,"education_score",96.66
"47601","zcta",2023,"education_score",103.77
"47610","zcta",2023,"education_score",97.41
"47611","zcta",2023,"education_score",102.69
"47612","zcta",2023,"education_score",85.37
"47613","zcta",2023,"education_score",93.17
"47615","zcta",2023,"education_score",105.68
"47616","zcta",2023,"education_score",110.06
"47619","zcta",2023,"education_score",94.53
"47620","zcta",2023,"education_score",108.66
"47630","zcta",2023,"education_score",116.16
"47631","zcta",2023,"education_score",108.55
"47633","zcta",2023,"education_score",90.4
"47634","zcta",2023,"education_score",87.2
"47635","zcta",2023,"education_score",100.48
"47637","zcta",2023,"education_score",106.36
"47638","zcta",2023,"education_score",106.52
"47639","zcta",2023,"education_score",112.92
"47640","zcta",2023,"education_score",105.66
"47648","zcta",2023,"education_score",108.59
"47649","zcta",2023,"education_score",94.76
"47654","zcta",2023,"education_score",NA
"47660","zcta",2023,"education_score",84.13
"47665","zcta",2023,"education_score",96.86
"47666","zcta",2023,"education_score",82.36
"47670","zcta",2023,"education_score",89
"47683","zcta",2023,"education_score",NA
"47708","zcta",2023,"education_score",117.68
"47710","zcta",2023,"education_score",90.76
"47711","zcta",2023,"education_score",100.09
"47712","zcta",2023,"education_score",101.56
"47713","zcta",2023,"education_score",89.56
"47714","zcta",2023,"education_score",92.54
"47715","zcta",2023,"education_score",108.95
"47720","zcta",2023,"education_score",105.38
"47725","zcta",2023,"education_score",113.8
"47802","zcta",2023,"education_score",99.99
"47803","zcta",2023,"education_score",102.95
"47804","zcta",2023,"education_score",84
"47805","zcta",2023,"education_score",106.1
"47807","zcta",2023,"education_score",78.88
"47809","zcta",2023,"education_score",NA
"47831","zcta",2023,"education_score",NA
"47832","zcta",2023,"education_score",109.89
"47833","zcta",2023,"education_score",86.64
"47834","zcta",2023,"education_score",98.34
"47836","zcta",2023,"education_score",NA
"47837","zcta",2023,"education_score",86.34
"47838","zcta",2023,"education_score",NA
"47840","zcta",2023,"education_score",110.98
"47841","zcta",2023,"education_score",87.76
"47842","zcta",2023,"education_score",98.26
"47845","zcta",2023,"education_score",NA
"47846","zcta",2023,"education_score",101.8
"47847","zcta",2023,"education_score",98.32
"47848","zcta",2023,"education_score",97.55
"47849","zcta",2023,"education_score",110.37
"47850","zcta",2023,"education_score",86.26
"47851","zcta",2023,"education_score",NA
"47853","zcta",2023,"education_score",86.86
"47854","zcta",2023,"education_score",117.52
"47855","zcta",2023,"education_score",86.71
"47857","zcta",2023,"education_score",101.01
"47858","zcta",2023,"education_score",99.75
"47859","zcta",2023,"education_score",63.97
"47860","zcta",2023,"education_score",69.99
"47861","zcta",2023,"education_score",82.94
"47862","zcta",2023,"education_score",84.15
"47863","zcta",2023,"education_score",105.03
"47865","zcta",2023,"education_score",NA
"47866","zcta",2023,"education_score",112.84
"47868","zcta",2023,"education_score",94.07
"47869","zcta",2023,"education_score",NA
"47870","zcta",2023,"education_score",NA
"47871","zcta",2023,"education_score",108.38
"47872","zcta",2023,"education_score",74.38
"47874","zcta",2023,"education_score",91.33
"47875","zcta",2023,"education_score",NA
"47876","zcta",2023,"education_score",NA
"47879","zcta",2023,"education_score",74.94
"47880","zcta",2023,"education_score",NA
"47881","zcta",2023,"education_score",105.25
"47882","zcta",2023,"education_score",100.15
"47884","zcta",2023,"education_score",93.29
"47885","zcta",2023,"education_score",94.42
"47901","zcta",2023,"education_score",115.15
"47904","zcta",2023,"education_score",84.29
"47905","zcta",2023,"education_score",101.1
"47906","zcta",2023,"education_score",104.73
"47907","zcta",2023,"education_score",NA
"47909","zcta",2023,"education_score",99.78
"47916","zcta",2023,"education_score",NA
"47917","zcta",2023,"education_score",95.53
"47918","zcta",2023,"education_score",88.68
"47920","zcta",2023,"education_score",104.05
"47921","zcta",2023,"education_score",84.24
"47922","zcta",2023,"education_score",82.48
"47923","zcta",2023,"education_score",113.47
"47924","zcta",2023,"education_score",NA
"47925","zcta",2023,"education_score",NA
"47926","zcta",2023,"education_score",90.94
"47928","zcta",2023,"education_score",90.78
"47929","zcta",2023,"education_score",101.39
"47930","zcta",2023,"education_score",126.19
"47932","zcta",2023,"education_score",100.12
"47933","zcta",2023,"education_score",94.32
"47940","zcta",2023,"education_score",110.14
"47941","zcta",2023,"education_score",104.64
"47942","zcta",2023,"education_score",103.49
"47943","zcta",2023,"education_score",84.63
"47944","zcta",2023,"education_score",90.32
"47946","zcta",2023,"education_score",81.74
"47948","zcta",2023,"education_score",92.28
"47949","zcta",2023,"education_score",105.91
"47950","zcta",2023,"education_score",113.35
"47951","zcta",2023,"education_score",84.18
"47952","zcta",2023,"education_score",90.06
"47954","zcta",2023,"education_score",108.31
"47955","zcta",2023,"education_score",93.94
"47957","zcta",2023,"education_score",60.23
"47958","zcta",2023,"education_score",94.48
"47959","zcta",2023,"education_score",50.36
"47960","zcta",2023,"education_score",99.76
"47963","zcta",2023,"education_score",89.37
"47964","zcta",2023,"education_score",NA
"47965","zcta",2023,"education_score",90.28
"47966","zcta",2023,"education_score",107.13
"47967","zcta",2023,"education_score",84.52
"47968","zcta",2023,"education_score",102.46
"47969","zcta",2023,"education_score",83.18
"47970","zcta",2023,"education_score",97.52
"47971","zcta",2023,"education_score",89.67
"47974","zcta",2023,"education_score",94.2
"47975","zcta",2023,"education_score",109.39
"47977","zcta",2023,"education_score",102.76
"47978","zcta",2023,"education_score",97.89
"47980","zcta",2023,"education_score",97.35
"47981","zcta",2023,"education_score",112.39
"47982","zcta",2023,"education_score",NA
"47983","zcta",2023,"education_score",112.83
"47986","zcta",2023,"education_score",NA
"47987","zcta",2023,"education_score",92.6
"47989","zcta",2023,"education_score",94.97
"47990","zcta",2023,"education_score",87.93
"47991","zcta",2023,"education_score",102.67
"47992","zcta",2023,"education_score",105.61
"47993","zcta",2023,"education_score",87.84
"47994","zcta",2023,"education_score",95.22
"47995","zcta",2023,"education_score",94.8
"47997","zcta",2023,"education_score",91.85
"41095","zcta",2023,"education_rnk",11.8506
"46001","zcta",2023,"education_rnk",32.1076
"46011","zcta",2023,"education_rnk",46.1399
"46012","zcta",2023,"education_rnk",40.6662
"46013","zcta",2023,"education_rnk",46.8747
"46016","zcta",2023,"education_rnk",8.277
"46017","zcta",2023,"education_rnk",48.3637
"46030","zcta",2023,"education_rnk",62.5255
"46031","zcta",2023,"education_rnk",28.7379
"46032","zcta",2023,"education_rnk",95.4229
"46033","zcta",2023,"education_rnk",94.85
"46034","zcta",2023,"education_rnk",75.6644
"46035","zcta",2023,"education_rnk",61.6968
"46036","zcta",2023,"education_rnk",30.9941
"46037","zcta",2023,"education_rnk",88.5184
"46038","zcta",2023,"education_rnk",87.3402
"46039","zcta",2023,"education_rnk",5.8848
"46040","zcta",2023,"education_rnk",84.401
"46041","zcta",2023,"education_rnk",12.8476
"46044","zcta",2023,"education_rnk",41.5434
"46045","zcta",2023,"education_rnk",67.0637
"46047","zcta",2023,"education_rnk",NA
"46048","zcta",2023,"education_rnk",31.4926
"46049","zcta",2023,"education_rnk",37.8856
"46050","zcta",2023,"education_rnk",53.449
"46051","zcta",2023,"education_rnk",62.9495
"46052","zcta",2023,"education_rnk",50.3706
"46055","zcta",2023,"education_rnk",87.4761
"46056","zcta",2023,"education_rnk",66.8469
"46057","zcta",2023,"education_rnk",79.0244
"46058","zcta",2023,"education_rnk",44.5441
"46060","zcta",2023,"education_rnk",76.8135
"46062","zcta",2023,"education_rnk",88.3048
"46063","zcta",2023,"education_rnk",23.5814
"46064","zcta",2023,"education_rnk",55.1678
"46065","zcta",2023,"education_rnk",41.4204
"46068","zcta",2023,"education_rnk",51.3288
"46069","zcta",2023,"education_rnk",62.0399
"46070","zcta",2023,"education_rnk",23.6073
"46071","zcta",2023,"education_rnk",68.4492
"46072","zcta",2023,"education_rnk",47.9688
"46074","zcta",2023,"education_rnk",89.0169
"46075","zcta",2023,"education_rnk",84.4657
"46076","zcta",2023,"education_rnk",30.8873
"46077","zcta",2023,"education_rnk",95.1186
"46102","zcta",2023,"education_rnk",46.4604
"46103","zcta",2023,"education_rnk",60.9976
"46104","zcta",2023,"education_rnk",66.1898
"46105","zcta",2023,"education_rnk",68.9088
"46106","zcta",2023,"education_rnk",86.8352
"46107","zcta",2023,"education_rnk",50.5649
"46110","zcta",2023,"education_rnk",64.4127
"46111","zcta",2023,"education_rnk",51.6978
"46112","zcta",2023,"education_rnk",79.4419
"46113","zcta",2023,"education_rnk",42.8544
"46115","zcta",2023,"education_rnk",27.8315
"46117","zcta",2023,"education_rnk",22.4517
"46118","zcta",2023,"education_rnk",51.7172
"46120","zcta",2023,"education_rnk",33.3376
"46121","zcta",2023,"education_rnk",39.394
"46122","zcta",2023,"education_rnk",58.3207
"46123","zcta",2023,"education_rnk",71.3333
"46124","zcta",2023,"education_rnk",34.6648
"46125","zcta",2023,"education_rnk",NA
"46126","zcta",2023,"education_rnk",59.5507
"46127","zcta",2023,"education_rnk",66.1412
"46128","zcta",2023,"education_rnk",44.748
"46130","zcta",2023,"education_rnk",55.9674
"46131","zcta",2023,"education_rnk",42.4821
"46133","zcta",2023,"education_rnk",32.2856
"46135","zcta",2023,"education_rnk",49.6456
"46140","zcta",2023,"education_rnk",56.6989
"46142","zcta",2023,"education_rnk",69.3944
"46143","zcta",2023,"education_rnk",58.6152
"46144","zcta",2023,"education_rnk",82.3552
"46146","zcta",2023,"education_rnk",1.7383
"46147","zcta",2023,"education_rnk",47.3279
"46148","zcta",2023,"education_rnk",35.0565
"46149","zcta",2023,"education_rnk",86.6572
"46150","zcta",2023,"education_rnk",42.7734
"46151","zcta",2023,"education_rnk",35.7427
"46154","zcta",2023,"education_rnk",NA
"46155","zcta",2023,"education_rnk",NA
"46156","zcta",2023,"education_rnk",23.3192
"46157","zcta",2023,"education_rnk",58.8645
"46158","zcta",2023,"education_rnk",53.8925
"46160","zcta",2023,"education_rnk",33.875
"46161","zcta",2023,"education_rnk",26.1775
"46162","zcta",2023,"education_rnk",73.6866
"46163","zcta",2023,"education_rnk",79.6362
"46164","zcta",2023,"education_rnk",78.5032
"46165","zcta",2023,"education_rnk",61.6256
"46166","zcta",2023,"education_rnk",23.5523
"46167","zcta",2023,"education_rnk",78.0241
"46168","zcta",2023,"education_rnk",63.1081
"46170","zcta",2023,"education_rnk",NA
"46171","zcta",2023,"education_rnk",27.8154
"46172","zcta",2023,"education_rnk",35.9887
"46173","zcta",2023,"education_rnk",26.5238
"46175","zcta",2023,"education_rnk",23.0958
"46176","zcta",2023,"education_rnk",34.7943
"46180","zcta",2023,"education_rnk",98.7538
"46181","zcta",2023,"education_rnk",68.6822
"46182","zcta",2023,"education_rnk",45.062
"46183","zcta",2023,"education_rnk",NA
"46184","zcta",2023,"education_rnk",51.2155
"46186","zcta",2023,"education_rnk",44.9714
"46201","zcta",2023,"education_rnk",15.7738
"46202","zcta",2023,"education_rnk",77.4221
"46203","zcta",2023,"education_rnk",20.8073
"46204","zcta",2023,"education_rnk",95.2093
"46205","zcta",2023,"education_rnk",77.2732
"46206","zcta",2023,"education_rnk",NA
"46208","zcta",2023,"education_rnk",64.3835
"46214","zcta",2023,"education_rnk",45.2012
"46216","zcta",2023,"education_rnk",89.6481
"46217","zcta",2023,"education_rnk",40.718
"46218","zcta",2023,"education_rnk",10.4425
"46219","zcta",2023,"education_rnk",28.7573
"46220","zcta",2023,"education_rnk",94.4874
"46221","zcta",2023,"education_rnk",26.3846
"46222","zcta",2023,"education_rnk",8.1119
"46224","zcta",2023,"education_rnk",15.8483
"46225","zcta",2023,"education_rnk",25.0639
"46226","zcta",2023,"education_rnk",16.6834
"46227","zcta",2023,"education_rnk",19.0302
"46228","zcta",2023,"education_rnk",70.8219
"46229","zcta",2023,"education_rnk",63.5419
"46231","zcta",2023,"education_rnk",12.9576
"46234","zcta",2023,"education_rnk",54.5787
"46235","zcta",2023,"education_rnk",12.3005
"46236","zcta",2023,"education_rnk",83.5788
"46237","zcta",2023,"education_rnk",43.0324
"46239","zcta",2023,"education_rnk",48.4997
"46240","zcta",2023,"education_rnk",88.253
"46241","zcta",2023,"education_rnk",4.0754
"46250","zcta",2023,"education_rnk",85.8868
"46254","zcta",2023,"education_rnk",45.2303
"46256","zcta",2023,"education_rnk",90.179
"46259","zcta",2023,"education_rnk",77.2052
"46260","zcta",2023,"education_rnk",70.5079
"46268","zcta",2023,"education_rnk",66.9504
"46278","zcta",2023,"education_rnk",97.3198
"46280","zcta",2023,"education_rnk",92.2766
"46290","zcta",2023,"education_rnk",88.5184
"46301","zcta",2023,"education_rnk",99.3753
"46302","zcta",2023,"education_rnk",NA
"46303","zcta",2023,"education_rnk",57.6474
"46304","zcta",2023,"education_rnk",74.0815
"46307","zcta",2023,"education_rnk",65.2931
"46310","zcta",2023,"education_rnk",42.7346
"46311","zcta",2023,"education_rnk",84.6826
"46312","zcta",2023,"education_rnk",4.0268
"46319","zcta",2023,"education_rnk",72.6152
"46320","zcta",2023,"education_rnk",6.6682
"46321","zcta",2023,"education_rnk",85.343
"46322","zcta",2023,"education_rnk",66.9278
"46323","zcta",2023,"education_rnk",16.3532
"46324","zcta",2023,"education_rnk",30.5538
"46327","zcta",2023,"education_rnk",4.4541
"46340","zcta",2023,"education_rnk",11.2388
"46341","zcta",2023,"education_rnk",56.5209
"46342","zcta",2023,"education_rnk",49.6941
"46345","zcta",2023,"education_rnk",NA
"46346","zcta",2023,"education_rnk",14.0096
"46347","zcta",2023,"education_rnk",42.5145
"46348","zcta",2023,"education_rnk",31.9587
"46349","zcta",2023,"education_rnk",53.6982
"46350","zcta",2023,"education_rnk",42.958
"46356","zcta",2023,"education_rnk",50.0696
"46360","zcta",2023,"education_rnk",48.7392
"46365","zcta",2023,"education_rnk",34.9432
"46366","zcta",2023,"education_rnk",17.7451
"46368","zcta",2023,"education_rnk",45.1364
"46371","zcta",2023,"education_rnk",74.8519
"46373","zcta",2023,"education_rnk",78.1407
"46374","zcta",2023,"education_rnk",31.7094
"46375","zcta",2023,"education_rnk",80.6202
"46376","zcta",2023,"education_rnk",49.7265
"46377","zcta",2023,"education_rnk",NA
"46379","zcta",2023,"education_rnk",77.8105
"46381","zcta",2023,"education_rnk",20.4836
"46382","zcta",2023,"education_rnk",45.7353
"46383","zcta",2023,"education_rnk",67.3195
"46385","zcta",2023,"education_rnk",69.5077
"46390","zcta",2023,"education_rnk",67.6917
"46391","zcta",2023,"education_rnk",NA
"46392","zcta",2023,"education_rnk",44.8613
"46393","zcta",2023,"education_rnk",59.8712
"46394","zcta",2023,"education_rnk",26.6403
"46402","zcta",2023,"education_rnk",17.2013
"46403","zcta",2023,"education_rnk",45.8518
"46404","zcta",2023,"education_rnk",26.5529
"46405","zcta",2023,"education_rnk",12.5465
"46406","zcta",2023,"education_rnk",9.5102
"46407","zcta",2023,"education_rnk",14.9289
"46408","zcta",2023,"education_rnk",13.4043
"46409","zcta",2023,"education_rnk",16.7805
"46410","zcta",2023,"education_rnk",55.935
"46501","zcta",2023,"education_rnk",6.8333
"46502","zcta",2023,"education_rnk",NA
"46504","zcta",2023,"education_rnk",14.1035
"46506","zcta",2023,"education_rnk",6.3866
"46507","zcta",2023,"education_rnk",29.3756
"46508","zcta",2023,"education_rnk",3.2143
"46510","zcta",2023,"education_rnk",36.6297
"46511","zcta",2023,"education_rnk",55.7926
"46513","zcta",2023,"education_rnk",NA
"46514","zcta",2023,"education_rnk",22.0956
"46516","zcta",2023,"education_rnk",16.9618
"46517","zcta",2023,"education_rnk",5.723
"46524","zcta",2023,"education_rnk",0.6701
"46526","zcta",2023,"education_rnk",8.6978
"46528","zcta",2023,"education_rnk",8.3579
"46530","zcta",2023,"education_rnk",85.2426
"46531","zcta",2023,"education_rnk",97.8895
"46532","zcta",2023,"education_rnk",36.2477
"46534","zcta",2023,"education_rnk",14.9484
"46536","zcta",2023,"education_rnk",73.5247
"46537","zcta",2023,"education_rnk",10.19
"46538","zcta",2023,"education_rnk",53.3584
"46539","zcta",2023,"education_rnk",22.6427
"46540","zcta",2023,"education_rnk",2.0943
"46542","zcta",2023,"education_rnk",8.1572
"46543","zcta",2023,"education_rnk",0.068
"46544","zcta",2023,"education_rnk",42.3073
"46545","zcta",2023,"education_rnk",63.0207
"46550","zcta",2023,"education_rnk",2.4892
"46552","zcta",2023,"education_rnk",60.9976
"46553","zcta",2023,"education_rnk",4.7228
"46554","zcta",2023,"education_rnk",70.6989
"46555","zcta",2023,"education_rnk",58.0002
"46556","zcta",2023,"education_rnk",NA
"46561","zcta",2023,"education_rnk",50.3706
"46562","zcta",2023,"education_rnk",12.9091
"46563","zcta",2023,"education_rnk",20.6681
"46565","zcta",2023,"education_rnk",0.0583
"46567","zcta",2023,"education_rnk",44.1912
"46570","zcta",2023,"education_rnk",13.987
"46571","zcta",2023,"education_rnk",0.0065
"46572","zcta",2023,"education_rnk",85.4142
"46573","zcta",2023,"education_rnk",20.0434
"46574","zcta",2023,"education_rnk",45.8518
"46580","zcta",2023,"education_rnk",29.0389
"46582","zcta",2023,"education_rnk",37.795
"46590","zcta",2023,"education_rnk",73.4924
"46595","zcta",2023,"education_rnk",NA
"46601","zcta",2023,"education_rnk",28.1455
"46613","zcta",2023,"education_rnk",5.8525
"46614","zcta",2023,"education_rnk",61.8069
"46615","zcta",2023,"education_rnk",54.6629
"46616","zcta",2023,"education_rnk",66.7854
"46617","zcta",2023,"education_rnk",83.4072
"46619","zcta",2023,"education_rnk",9.9926
"46624","zcta",2023,"education_rnk",NA
"46628","zcta",2023,"education_rnk",47.8231
"46635","zcta",2023,"education_rnk",49.3704
"46637","zcta",2023,"education_rnk",75.7874
"46701","zcta",2023,"education_rnk",48.7392
"46702","zcta",2023,"education_rnk",39.6012
"46703","zcta",2023,"education_rnk",42.4206
"46704","zcta",2023,"education_rnk",NA
"46705","zcta",2023,"education_rnk",30.9811
"46706","zcta",2023,"education_rnk",55.0222
"46710","zcta",2023,"education_rnk",43.7931
"46711","zcta",2023,"education_rnk",4.0689
"46714","zcta",2023,"education_rnk",31.8616
"46721","zcta",2023,"education_rnk",23.8242
"46723","zcta",2023,"education_rnk",43.4791
"46725","zcta",2023,"education_rnk",59.978
"46730","zcta",2023,"education_rnk",59.8938
"46731","zcta",2023,"education_rnk",12.8087
"46732","zcta",2023,"education_rnk",4.4767
"46733","zcta",2023,"education_rnk",41.7247
"46737","zcta",2023,"education_rnk",44.4373
"46738","zcta",2023,"education_rnk",32.8812
"46740","zcta",2023,"education_rnk",0.4823
"46741","zcta",2023,"education_rnk",10.8763
"46742","zcta",2023,"education_rnk",70.3655
"46743","zcta",2023,"education_rnk",10.3357
"46745","zcta",2023,"education_rnk",59.8938
"46746","zcta",2023,"education_rnk",5.6712
"46747","zcta",2023,"education_rnk",35.6489
"46748","zcta",2023,"education_rnk",52.52
"46750","zcta",2023,"education_rnk",42.0419
"46755","zcta",2023,"education_rnk",17.2499
"46759","zcta",2023,"education_rnk",76.6096
"46760","zcta",2023,"education_rnk",8.96
"46761","zcta",2023,"education_rnk",0.9484
"46763","zcta",2023,"education_rnk",56.6827
"46764","zcta",2023,"education_rnk",44.8289
"46765","zcta",2023,"education_rnk",83.4461
"46766","zcta",2023,"education_rnk",1.4696
"46767","zcta",2023,"education_rnk",0.7801
"46770","zcta",2023,"education_rnk",55.935
"46771","zcta",2023,"education_rnk",31.512
"46772","zcta",2023,"education_rnk",2.3436
"46773","zcta",2023,"education_rnk",63.9174
"46774","zcta",2023,"education_rnk",46.4604
"46776","zcta",2023,"education_rnk",6.7103
"46777","zcta",2023,"education_rnk",51.1734
"46778","zcta",2023,"education_rnk",NA
"46779","zcta",2023,"education_rnk",60.7646
"46781","zcta",2023,"education_rnk",24.7338
"46783","zcta",2023,"education_rnk",79.1539
"46784","zcta",2023,"education_rnk",53.504
"46785","zcta",2023,"education_rnk",12.3297
"46786","zcta",2023,"education_rnk",NA
"46787","zcta",2023,"education_rnk",21.1698
"46788","zcta",2023,"education_rnk",17.4829
"46789","zcta",2023,"education_rnk",65.6815
"46791","zcta",2023,"education_rnk",48.2083
"46792","zcta",2023,"education_rnk",77.8947
"46793","zcta",2023,"education_rnk",18.8554
"46794","zcta",2023,"education_rnk",16.1946
"46795","zcta",2023,"education_rnk",9.0797
"46796","zcta",2023,"education_rnk",85.385
"46797","zcta",2023,"education_rnk",31.444
"46798","zcta",2023,"education_rnk",34.4026
"46799","zcta",2023,"education_rnk",37.4292
"46802","zcta",2023,"education_rnk",32.4216
"46803","zcta",2023,"education_rnk",2.2238
"46804","zcta",2023,"education_rnk",76.6484
"46805","zcta",2023,"education_rnk",54.0187
"46806","zcta",2023,"education_rnk",2.3759
"46807","zcta",2023,"education_rnk",31.0135
"46808","zcta",2023,"education_rnk",26.048
"46809","zcta",2023,"education_rnk",35.3931
"46814","zcta",2023,"education_rnk",83.705
"46815","zcta",2023,"education_rnk",56.9611
"46816","zcta",2023,"education_rnk",3.5963
"46818","zcta",2023,"education_rnk",56.1163
"46819","zcta",2023,"education_rnk",64.882
"46825","zcta",2023,"education_rnk",58.3498
"46835","zcta",2023,"education_rnk",69.6663
"46845","zcta",2023,"education_rnk",85.0646
"46901","zcta",2023,"education_rnk",33.5901
"46902","zcta",2023,"education_rnk",35.3996
"46910","zcta",2023,"education_rnk",7.9047
"46911","zcta",2023,"education_rnk",13.6471
"46913","zcta",2023,"education_rnk",21.3932
"46914","zcta",2023,"education_rnk",25.2064
"46915","zcta",2023,"education_rnk",61.8425
"46917","zcta",2023,"education_rnk",29.8611
"46919","zcta",2023,"education_rnk",30.0165
"46920","zcta",2023,"education_rnk",37.5198
"46922","zcta",2023,"education_rnk",NA
"46923","zcta",2023,"education_rnk",30.1881
"46926","zcta",2023,"education_rnk",55.7116
"46928","zcta",2023,"education_rnk",40.0511
"46929","zcta",2023,"education_rnk",37.3353
"46930","zcta",2023,"education_rnk",15.7965
"46931","zcta",2023,"education_rnk",5.354
"46932","zcta",2023,"education_rnk",44.9714
"46933","zcta",2023,"education_rnk",30.4535
"46936","zcta",2023,"education_rnk",57.9516
"46937","zcta",2023,"education_rnk",NA
"46938","zcta",2023,"education_rnk",39.0315
"46939","zcta",2023,"education_rnk",29.3756
"46940","zcta",2023,"education_rnk",22.442
"46941","zcta",2023,"education_rnk",13.7313
"46943","zcta",2023,"education_rnk",24.669
"46945","zcta",2023,"education_rnk",NA
"46946","zcta",2023,"education_rnk",NA
"46947","zcta",2023,"education_rnk",16.2496
"46950","zcta",2023,"education_rnk",7.3544
"46951","zcta",2023,"education_rnk",15.4404
"46952","zcta",2023,"education_rnk",40.1224
"46953","zcta",2023,"education_rnk",10.695
"46957","zcta",2023,"education_rnk",13.3687
"46958","zcta",2023,"education_rnk",76.4024
"46959","zcta",2023,"education_rnk",74.758
"46960","zcta",2023,"education_rnk",45.2012
"46961","zcta",2023,"education_rnk",NA
"46962","zcta",2023,"education_rnk",53.2354
"46965","zcta",2023,"education_rnk",NA
"46967","zcta",2023,"education_rnk",19.5093
"46968","zcta",2023,"education_rnk",78.2151
"46970","zcta",2023,"education_rnk",21.6327
"46971","zcta",2023,"education_rnk",NA
"46974","zcta",2023,"education_rnk",14.0323
"46975","zcta",2023,"education_rnk",34.2667
"46978","zcta",2023,"education_rnk",30.952
"46979","zcta",2023,"education_rnk",66.8113
"46980","zcta",2023,"education_rnk",NA
"46982","zcta",2023,"education_rnk",60.8423
"46984","zcta",2023,"education_rnk",NA
"46985","zcta",2023,"education_rnk",27.7118
"46986","zcta",2023,"education_rnk",32.3277
"46987","zcta",2023,"education_rnk",65.5262
"46988","zcta",2023,"education_rnk",55.1937
"46989","zcta",2023,"education_rnk",34.0854
"46990","zcta",2023,"education_rnk",67.436
"46991","zcta",2023,"education_rnk",32.9719
"46992","zcta",2023,"education_rnk",42.9062
"46994","zcta",2023,"education_rnk",24.5654
"46996","zcta",2023,"education_rnk",47.2599
"46998","zcta",2023,"education_rnk",3.1722
"47001","zcta",2023,"education_rnk",40.1903
"47003","zcta",2023,"education_rnk",78.3252
"47006","zcta",2023,"education_rnk",44.8613
"47010","zcta",2023,"education_rnk",90.6289
"47011","zcta",2023,"education_rnk",48.4414
"47012","zcta",2023,"education_rnk",57.0162
"47016","zcta",2023,"education_rnk",61.5253
"47017","zcta",2023,"education_rnk",27.0223
"47018","zcta",2023,"education_rnk",30.8873
"47020","zcta",2023,"education_rnk",46.4992
"47021","zcta",2023,"education_rnk",NA
"47022","zcta",2023,"education_rnk",83.4267
"47023","zcta",2023,"education_rnk",47.1854
"47024","zcta",2023,"education_rnk",17.2984
"47025","zcta",2023,"education_rnk",56.0224
"47030","zcta",2023,"education_rnk",1.9487
"47031","zcta",2023,"education_rnk",36.0697
"47032","zcta",2023,"education_rnk",19.9366
"47033","zcta",2023,"education_rnk",NA
"47034","zcta",2023,"education_rnk",64.3641
"47035","zcta",2023,"education_rnk",36.4872
"47036","zcta",2023,"education_rnk",44.1362
"47037","zcta",2023,"education_rnk",50.0405
"47038","zcta",2023,"education_rnk",3.4959
"47040","zcta",2023,"education_rnk",45.7353
"47041","zcta",2023,"education_rnk",54.6337
"47042","zcta",2023,"education_rnk",29.1199
"47043","zcta",2023,"education_rnk",12.0221
"47060","zcta",2023,"education_rnk",51.8532
"47102","zcta",2023,"education_rnk",13.3299
"47104","zcta",2023,"education_rnk",NA
"47106","zcta",2023,"education_rnk",40.4072
"47108","zcta",2023,"education_rnk",15.7576
"47110","zcta",2023,"education_rnk",22.8434
"47111","zcta",2023,"education_rnk",57.0809
"47112","zcta",2023,"education_rnk",43.4791
"47114","zcta",2023,"education_rnk",36.115
"47115","zcta",2023,"education_rnk",66.2156
"47116","zcta",2023,"education_rnk",71.1456
"47117","zcta",2023,"education_rnk",53.1868
"47118","zcta",2023,"education_rnk",18.6126
"47119","zcta",2023,"education_rnk",83.7924
"47120","zcta",2023,"education_rnk",49.2506
"47122","zcta",2023,"education_rnk",70.3104
"47123","zcta",2023,"education_rnk",4.7713
"47124","zcta",2023,"education_rnk",75.2015
"47125","zcta",2023,"education_rnk",5.5061
"47126","zcta",2023,"education_rnk",63.7296
"47129","zcta",2023,"education_rnk",20.9853
"47130","zcta",2023,"education_rnk",54.624
"47135","zcta",2023,"education_rnk",49.8042
"47136","zcta",2023,"education_rnk",46.1172
"47138","zcta",2023,"education_rnk",32.1238
"47140","zcta",2023,"education_rnk",22.4161
"47141","zcta",2023,"education_rnk",86.6766
"47142","zcta",2023,"education_rnk",52.2546
"47143","zcta",2023,"education_rnk",76.561
"47145","zcta",2023,"education_rnk",10.5137
"47147","zcta",2023,"education_rnk",43.2752
"47150","zcta",2023,"education_rnk",44.8063
"47160","zcta",2023,"education_rnk",NA
"47161","zcta",2023,"education_rnk",50.0405
"47162","zcta",2023,"education_rnk",86.6475
"47163","zcta",2023,"education_rnk",50.5098
"47164","zcta",2023,"education_rnk",14.178
"47165","zcta",2023,"education_rnk",31.9328
"47166","zcta",2023,"education_rnk",47.7649
"47167","zcta",2023,"education_rnk",27.7053
"47170","zcta",2023,"education_rnk",13.4043
"47172","zcta",2023,"education_rnk",62.9139
"47174","zcta",2023,"education_rnk",NA
"47175","zcta",2023,"education_rnk",20.8882
"47177","zcta",2023,"education_rnk",51.6751
"47201","zcta",2023,"education_rnk",63.3088
"47203","zcta",2023,"education_rnk",67.2288
"47220","zcta",2023,"education_rnk",54.8765
"47223","zcta",2023,"education_rnk",10.7565
"47224","zcta",2023,"education_rnk",5.3669
"47225","zcta",2023,"education_rnk",NA
"47226","zcta",2023,"education_rnk",60.784
"47227","zcta",2023,"education_rnk",23.0958
"47229","zcta",2023,"education_rnk",37.4162
"47230","zcta",2023,"education_rnk",42.2685
"47231","zcta",2023,"education_rnk",26.2066
"47232","zcta",2023,"education_rnk",62.9495
"47234","zcta",2023,"education_rnk",62.888
"47235","zcta",2023,"education_rnk",75.2274
"47236","zcta",2023,"education_rnk",87.1848
"47240","zcta",2023,"education_rnk",34.7231
"47243","zcta",2023,"education_rnk",20.4092
"47244","zcta",2023,"education_rnk",91.7587
"47246","zcta",2023,"education_rnk",22.7948
"47247","zcta",2023,"education_rnk",35.5388
"47250","zcta",2023,"education_rnk",39.0315
"47260","zcta",2023,"education_rnk",18.9072
"47263","zcta",2023,"education_rnk",5.6064
"47264","zcta",2023,"education_rnk",89.4507
"47265","zcta",2023,"education_rnk",27.1226
"47270","zcta",2023,"education_rnk",49.5808
"47272","zcta",2023,"education_rnk",29.4047
"47273","zcta",2023,"education_rnk",38.8114
"47274","zcta",2023,"education_rnk",23.6461
"47280","zcta",2023,"education_rnk",33.4024
"47281","zcta",2023,"education_rnk",62.6258
"47282","zcta",2023,"education_rnk",27.7247
"47283","zcta",2023,"education_rnk",45.6964
"47302","zcta",2023,"education_rnk",21.9629
"47303","zcta",2023,"education_rnk",34.1922
"47304","zcta",2023,"education_rnk",65.7722
"47305","zcta",2023,"education_rnk",23.4325
"47306","zcta",2023,"education_rnk",NA
"47320","zcta",2023,"education_rnk",43.7381
"47324","zcta",2023,"education_rnk",9.0279
"47325","zcta",2023,"education_rnk",26.8054
"47326","zcta",2023,"education_rnk",3.3276
"47327","zcta",2023,"education_rnk",32.2597
"47330","zcta",2023,"education_rnk",25.789
"47331","zcta",2023,"education_rnk",24.4975
"47334","zcta",2023,"education_rnk",58.9163
"47335","zcta",2023,"education_rnk",41.5434
"47336","zcta",2023,"education_rnk",22.1733
"47337","zcta",2023,"education_rnk",15.9583
"47338","zcta",2023,"education_rnk",42.4497
"47339","zcta",2023,"education_rnk",4.1919
"47340","zcta",2023,"education_rnk",51.4227
"47341","zcta",2023,"education_rnk",14.5696
"47342","zcta",2023,"education_rnk",32.1076
"47344","zcta",2023,"education_rnk",63.4642
"47345","zcta",2023,"education_rnk",26.048
"47346","zcta",2023,"education_rnk",43.0454
"47348","zcta",2023,"education_rnk",36.2186
"47351","zcta",2023,"education_rnk",12.4591
"47352","zcta",2023,"education_rnk",56.8187
"47353","zcta",2023,"education_rnk",48.7716
"47354","zcta",2023,"education_rnk",18.0526
"47355","zcta",2023,"education_rnk",23.4325
"47356","zcta",2023,"education_rnk",59.3533
"47357","zcta",2023,"education_rnk",59.7449
"47358","zcta",2023,"education_rnk",34.4609
"47359","zcta",2023,"education_rnk",19.3086
"47360","zcta",2023,"education_rnk",37.1184
"47361","zcta",2023,"education_rnk",64.3641
"47362","zcta",2023,"education_rnk",28.3915
"47366","zcta",2023,"education_rnk",NA
"47367","zcta",2023,"education_rnk",5.3637
"47368","zcta",2023,"education_rnk",49.3704
"47369","zcta",2023,"education_rnk",20.1599
"47370","zcta",2023,"education_rnk",27.0741
"47371","zcta",2023,"education_rnk",19.1241
"47373","zcta",2023,"education_rnk",17.3826
"47374","zcta",2023,"education_rnk",30.3532
"47380","zcta",2023,"education_rnk",16.9132
"47381","zcta",2023,"education_rnk",22.9243
"47382","zcta",2023,"education_rnk",21.9338
"47383","zcta",2023,"education_rnk",53.1868
"47384","zcta",2023,"education_rnk",30.2075
"47385","zcta",2023,"education_rnk",77.8105
"47386","zcta",2023,"education_rnk",80.044
"47387","zcta",2023,"education_rnk",14.8157
"47388","zcta",2023,"education_rnk",61.344
"47390","zcta",2023,"education_rnk",29.3141
"47392","zcta",2023,"education_rnk",53.2095
"47393","zcta",2023,"education_rnk",9.0797
"47394","zcta",2023,"education_rnk",43.764
"47396","zcta",2023,"education_rnk",65.0147
"47401","zcta",2023,"education_rnk",81.6399
"47403","zcta",2023,"education_rnk",67.7176
"47404","zcta",2023,"education_rnk",62.5352
"47405","zcta",2023,"education_rnk",NA
"47406","zcta",2023,"education_rnk",NA
"47408","zcta",2023,"education_rnk",65.4291
"47420","zcta",2023,"education_rnk",NA
"47421","zcta",2023,"education_rnk",53.8342
"47424","zcta",2023,"education_rnk",33.4348
"47427","zcta",2023,"education_rnk",42.9062
"47429","zcta",2023,"education_rnk",69.7342
"47431","zcta",2023,"education_rnk",17.4052
"47432","zcta",2023,"education_rnk",24.9765
"47433","zcta",2023,"education_rnk",40.0738
"47434","zcta",2023,"education_rnk",NA
"47435","zcta",2023,"education_rnk",86.1457
"47436","zcta",2023,"education_rnk",67.2482
"47437","zcta",2023,"education_rnk",NA
"47438","zcta",2023,"education_rnk",59.3241
"47441","zcta",2023,"education_rnk",25.1902
"47443","zcta",2023,"education_rnk",16.1331
"47445","zcta",2023,"education_rnk",NA
"47446","zcta",2023,"education_rnk",18.8554
"47448","zcta",2023,"education_rnk",57.1909
"47449","zcta",2023,"education_rnk",22.2219
"47451","zcta",2023,"education_rnk",64.2994
"47452","zcta",2023,"education_rnk",35.0565
"47453","zcta",2023,"education_rnk",48.7716
"47454","zcta",2023,"education_rnk",16.1137
"47455","zcta",2023,"education_rnk",NA
"47456","zcta",2023,"education_rnk",14.547
"47457","zcta",2023,"education_rnk",NA
"47458","zcta",2023,"education_rnk",NA
"47459","zcta",2023,"education_rnk",51.2511
"47460","zcta",2023,"education_rnk",47.3279
"47462","zcta",2023,"education_rnk",52.4261
"47464","zcta",2023,"education_rnk",54.4719
"47465","zcta",2023,"education_rnk",42.958
"47467","zcta",2023,"education_rnk",NA
"47468","zcta",2023,"education_rnk",86.2396
"47469","zcta",2023,"education_rnk",11.5463
"47470","zcta",2023,"education_rnk",10.0379
"47471","zcta",2023,"education_rnk",13.4594
"47501","zcta",2023,"education_rnk",12.294
"47512","zcta",2023,"education_rnk",41.0902
"47513","zcta",2023,"education_rnk",16.3888
"47514","zcta",2023,"education_rnk",NA
"47515","zcta",2023,"education_rnk",30.1071
"47516","zcta",2023,"education_rnk",45.3792
"47519","zcta",2023,"education_rnk",56.9611
"47520","zcta",2023,"education_rnk",24.614
"47521","zcta",2023,"education_rnk",62.5546
"47522","zcta",2023,"education_rnk",40.0285
"47523","zcta",2023,"education_rnk",33.247
"47524","zcta",2023,"education_rnk",52.2125
"47525","zcta",2023,"education_rnk",76.4704
"47527","zcta",2023,"education_rnk",68.1578
"47528","zcta",2023,"education_rnk",38.3809
"47529","zcta",2023,"education_rnk",15.0714
"47531","zcta",2023,"education_rnk",78.6877
"47532","zcta",2023,"education_rnk",54.0349
"47535","zcta",2023,"education_rnk",33.383
"47537","zcta",2023,"education_rnk",97.7632
"47541","zcta",2023,"education_rnk",53.4231
"47542","zcta",2023,"education_rnk",6.4707
"47546","zcta",2023,"education_rnk",50.9371
"47550","zcta",2023,"education_rnk",63.7458
"47551","zcta",2023,"education_rnk",67.436
"47552","zcta",2023,"education_rnk",94.9827
"47553","zcta",2023,"education_rnk",7.7785
"47557","zcta",2023,"education_rnk",41.278
"47558","zcta",2023,"education_rnk",0.3884
"47561","zcta",2023,"education_rnk",41.0384
"47562","zcta",2023,"education_rnk",2.1137
"47564","zcta",2023,"education_rnk",13.7021
"47567","zcta",2023,"education_rnk",33.2794
"47568","zcta",2023,"education_rnk",3.4506
"47573","zcta",2023,"education_rnk",NA
"47574","zcta",2023,"education_rnk",46.3018
"47575","zcta",2023,"education_rnk",75.2857
"47576","zcta",2023,"education_rnk",29.1911
"47577","zcta",2023,"education_rnk",36.7624
"47578","zcta",2023,"education_rnk",35.1989
"47579","zcta",2023,"education_rnk",76.8847
"47580","zcta",2023,"education_rnk",73.8517
"47581","zcta",2023,"education_rnk",34.7231
"47584","zcta",2023,"education_rnk",21.3997
"47585","zcta",2023,"education_rnk",72.3659
"47586","zcta",2023,"education_rnk",49.3121
"47588","zcta",2023,"education_rnk",18.9331
"47590","zcta",2023,"education_rnk",34.5774
"47591","zcta",2023,"education_rnk",27.5111
"47596","zcta",2023,"education_rnk",NA
"47597","zcta",2023,"education_rnk",30.6186
"47598","zcta",2023,"education_rnk",39.3228
"47601","zcta",2023,"education_rnk",56.7669
"47610","zcta",2023,"education_rnk",41.0481
"47611","zcta",2023,"education_rnk",54.2
"47612","zcta",2023,"education_rnk",18.7389
"47613","zcta",2023,"education_rnk",31.69
"47615","zcta",2023,"education_rnk",61.3764
"47616","zcta",2023,"education_rnk",70.7766
"47619","zcta",2023,"education_rnk",34.49
"47620","zcta",2023,"education_rnk",68.1578
"47630","zcta",2023,"education_rnk",81.2611
"47631","zcta",2023,"education_rnk",67.8859
"47633","zcta",2023,"education_rnk",26.4429
"47634","zcta",2023,"education_rnk",21.1601
"47635","zcta",2023,"education_rnk",48.8104
"47637","zcta",2023,"education_rnk",62.9495
"47638","zcta",2023,"education_rnk",63.3833
"47639","zcta",2023,"education_rnk",76.1953
"47640","zcta",2023,"education_rnk",61.3149
"47648","zcta",2023,"education_rnk",68.0154
"47649","zcta",2023,"education_rnk",34.9917
"47654","zcta",2023,"education_rnk",NA
"47660","zcta",2023,"education_rnk",17.211
"47665","zcta",2023,"education_rnk",39.7436
"47666","zcta",2023,"education_rnk",15.2268
"47670","zcta",2023,"education_rnk",24.0054
"47683","zcta",2023,"education_rnk",NA
"47708","zcta",2023,"education_rnk",83.3231
"47710","zcta",2023,"education_rnk",27.1226
"47711","zcta",2023,"education_rnk",47.8523
"47712","zcta",2023,"education_rnk",51.4712
"47713","zcta",2023,"education_rnk",24.8988
"47714","zcta",2023,"education_rnk",30.4859
"47715","zcta",2023,"education_rnk",68.666
"47720","zcta",2023,"education_rnk",60.661
"47725","zcta",2023,"education_rnk",77.6228
"47802","zcta",2023,"education_rnk",47.603
"47803","zcta",2023,"education_rnk",54.8474
"47804","zcta",2023,"education_rnk",17.0524
"47805","zcta",2023,"education_rnk",62.3248
"47807","zcta",2023,"education_rnk",11.9509
"47809","zcta",2023,"education_rnk",NA
"47831","zcta",2023,"education_rnk",NA
"47832","zcta",2023,"education_rnk",70.4755
"47833","zcta",2023,"education_rnk",20.38
"47834","zcta",2023,"education_rnk",43.3011
"47836","zcta",2023,"education_rnk",NA
"47837","zcta",2023,"education_rnk",20.0013
"47838","zcta",2023,"education_rnk",NA
"47840","zcta",2023,"education_rnk",72.6961
"47841","zcta",2023,"education_rnk",22.0891
"47842","zcta",2023,"education_rnk",43.1263
"47845","zcta",2023,"education_rnk",NA
"47846","zcta",2023,"education_rnk",52.0506
"47847","zcta",2023,"education_rnk",43.246
"47848","zcta",2023,"education_rnk",41.3848
"47849","zcta",2023,"education_rnk",71.4337
"47850","zcta",2023,"education_rnk",19.8815
"47851","zcta",2023,"education_rnk",NA
"47853","zcta",2023,"education_rnk",20.6908
"47854","zcta",2023,"education_rnk",83.1094
"47855","zcta",2023,"education_rnk",20.4642
"47857","zcta",2023,"education_rnk",50.1732
"47858","zcta",2023,"education_rnk",46.9977
"47859","zcta",2023,"education_rnk",4.3117
"47860","zcta",2023,"education_rnk",6.5096
"47861","zcta",2023,"education_rnk",15.8483
"47862","zcta",2023,"education_rnk",17.2499
"47863","zcta",2023,"education_rnk",59.8582
"47865","zcta",2023,"education_rnk",NA
"47866","zcta",2023,"education_rnk",76.082
"47868","zcta",2023,"education_rnk",33.4963
"47869","zcta",2023,"education_rnk",NA
"47870","zcta",2023,"education_rnk",NA
"47871","zcta",2023,"education_rnk",67.4684
"47872","zcta",2023,"education_rnk",8.7496
"47874","zcta",2023,"education_rnk",28.1455
"47875","zcta",2023,"education_rnk",NA
"47876","zcta",2023,"education_rnk",NA
"47879","zcta",2023,"education_rnk",9.0797
"47880","zcta",2023,"education_rnk",NA
"47881","zcta",2023,"education_rnk",60.3632
"47882","zcta",2023,"education_rnk",47.985
"47884","zcta",2023,"education_rnk",31.881
"47885","zcta",2023,"education_rnk",34.2667
"47901","zcta",2023,"education_rnk",79.743
"47904","zcta",2023,"education_rnk",17.4149
"47905","zcta",2023,"education_rnk",50.3706
"47906","zcta",2023,"education_rnk",59.1137
"47907","zcta",2023,"education_rnk",NA
"47909","zcta",2023,"education_rnk",47.0819
"47916","zcta",2023,"education_rnk",NA
"47917","zcta",2023,"education_rnk",36.7235
"47918","zcta",2023,"education_rnk",23.4325
"47920","zcta",2023,"education_rnk",57.4046
"47921","zcta",2023,"education_rnk",17.3534
"47922","zcta",2023,"education_rnk",15.3368
"47923","zcta",2023,"education_rnk",77.0854
"47924","zcta",2023,"education_rnk",NA
"47925","zcta",2023,"education_rnk",NA
"47926","zcta",2023,"education_rnk",27.4366
"47928","zcta",2023,"education_rnk",27.1583
"47929","zcta",2023,"education_rnk",51.0375
"47930","zcta",2023,"education_rnk",92.3737
"47932","zcta",2023,"education_rnk",47.9202
"47933","zcta",2023,"education_rnk",34.1048
"47940","zcta",2023,"education_rnk",70.9643
"47941","zcta",2023,"education_rnk",58.8904
"47942","zcta",2023,"education_rnk",56.2328
"47943","zcta",2023,"education_rnk",17.8293
"47944","zcta",2023,"education_rnk",26.3037
"47946","zcta",2023,"education_rnk",14.657
"47948","zcta",2023,"education_rnk",29.955
"47949","zcta",2023,"education_rnk",61.8943
"47950","zcta",2023,"education_rnk",76.8847
"47951","zcta",2023,"education_rnk",17.2952
"47952","zcta",2023,"education_rnk",25.8181
"47954","zcta",2023,"education_rnk",67.3518
"47955","zcta",2023,"education_rnk",33.2179
"47957","zcta",2023,"education_rnk",3.4377
"47958","zcta",2023,"education_rnk",34.3605
"47959","zcta",2023,"education_rnk",1.8742
"47960","zcta",2023,"education_rnk",47.0268
"47963","zcta",2023,"education_rnk",24.5816
"47964","zcta",2023,"education_rnk",NA
"47965","zcta",2023,"education_rnk",26.2292
"47966","zcta",2023,"education_rnk",64.7881
"47967","zcta",2023,"education_rnk",17.7095
"47968","zcta",2023,"education_rnk",53.64
"47969","zcta",2023,"education_rnk",16.1558
"47970","zcta",2023,"education_rnk",41.2974
"47971","zcta",2023,"education_rnk",25.0639
"47974","zcta",2023,"education_rnk",33.8394
"47975","zcta",2023,"education_rnk",69.5756
"47977","zcta",2023,"education_rnk",54.3359
"47978","zcta",2023,"education_rnk",42.2458
"47980","zcta",2023,"education_rnk",40.8928
"47981","zcta",2023,"education_rnk",75.3407
"47982","zcta",2023,"education_rnk",NA
"47983","zcta",2023,"education_rnk",76.0658
"47986","zcta",2023,"education_rnk",NA
"47987","zcta",2023,"education_rnk",30.5895
"47989","zcta",2023,"education_rnk",35.4546
"47990","zcta",2023,"education_rnk",22.3319
"47991","zcta",2023,"education_rnk",54.1547
"47992","zcta",2023,"education_rnk",61.1821
"47993","zcta",2023,"education_rnk",22.2089
"47994","zcta",2023,"education_rnk",35.9887
"47995","zcta",2023,"education_rnk",35.0986
"47997","zcta",2023,"education_rnk",29.0778
"41095","zcta",2023,"education_state_rnk",10.1902
"46001","zcta",2023,"education_state_rnk",37.7038
"46011","zcta",2023,"education_state_rnk",56.5217
"46012","zcta",2023,"education_state_rnk",48.0978
"46013","zcta",2023,"education_state_rnk",57.2011
"46016","zcta",2023,"education_state_rnk",7.337
"46017","zcta",2023,"education_state_rnk",59.375
"46030","zcta",2023,"education_state_rnk",76.6304
"46031","zcta",2023,"education_state_rnk",32.6087
"46032","zcta",2023,"education_state_rnk",99.3207
"46033","zcta",2023,"education_state_rnk",98.7772
"46034","zcta",2023,"education_state_rnk",88.4511
"46035","zcta",2023,"education_state_rnk",75.8152
"46036","zcta",2023,"education_state_rnk",36.1413
"46037","zcta",2023,"education_state_rnk",97.3505
"46038","zcta",2023,"education_state_rnk",96.7391
"46039","zcta",2023,"education_state_rnk",5.7065
"46040","zcta",2023,"education_state_rnk",94.5652
"46041","zcta",2023,"education_state_rnk",11.413
"46044","zcta",2023,"education_state_rnk",49.5245
"46045","zcta",2023,"education_state_rnk",81.9293
"46047","zcta",2023,"education_state_rnk",NA
"46048","zcta",2023,"education_state_rnk",36.5489
"46049","zcta",2023,"education_state_rnk",46.0598
"46050","zcta",2023,"education_state_rnk",66.0326
"46051","zcta",2023,"education_state_rnk",77.5815
"46052","zcta",2023,"education_state_rnk",62.3641
"46055","zcta",2023,"education_state_rnk",96.875
"46056","zcta",2023,"education_state_rnk",81.5217
"46057","zcta",2023,"education_state_rnk",92.1196
"46058","zcta",2023,"education_state_rnk",53.8043
"46060","zcta",2023,"education_state_rnk",89.8098
"46062","zcta",2023,"education_state_rnk",97.1467
"46063","zcta",2023,"education_state_rnk",26.3587
"46064","zcta",2023,"education_state_rnk",68.6141
"46065","zcta",2023,"education_state_rnk",49.3207
"46068","zcta",2023,"education_state_rnk",63.587
"46069","zcta",2023,"education_state_rnk",76.3587
"46070","zcta",2023,"education_state_rnk",26.4946
"46071","zcta",2023,"education_state_rnk",83.8315
"46072","zcta",2023,"education_state_rnk",58.9674
"46074","zcta",2023,"education_state_rnk",97.5543
"46075","zcta",2023,"education_state_rnk",94.7011
"46076","zcta",2023,"education_state_rnk",35.6658
"46077","zcta",2023,"education_state_rnk",99.0489
"46102","zcta",2023,"education_state_rnk",56.8614
"46103","zcta",2023,"education_state_rnk",74.7962
"46104","zcta",2023,"education_state_rnk",80.9783
"46105","zcta",2023,"education_state_rnk",84.2391
"46106","zcta",2023,"education_state_rnk",96.4674
"46107","zcta",2023,"education_state_rnk",62.7717
"46110","zcta",2023,"education_state_rnk",79.6196
"46111","zcta",2023,"education_state_rnk",64.1304
"46112","zcta",2023,"education_state_rnk",92.3913
"46113","zcta",2023,"education_state_rnk",51.2228
"46115","zcta",2023,"education_state_rnk",32.0652
"46117","zcta",2023,"education_state_rnk",24.7283
"46118","zcta",2023,"education_state_rnk",64.2663
"46120","zcta",2023,"education_state_rnk",39.2663
"46121","zcta",2023,"education_state_rnk",46.875
"46122","zcta",2023,"education_state_rnk",71.875
"46123","zcta",2023,"education_state_rnk",86.2772
"46124","zcta",2023,"education_state_rnk",41.712
"46125","zcta",2023,"education_state_rnk",NA
"46126","zcta",2023,"education_state_rnk",73.0978
"46127","zcta",2023,"education_state_rnk",80.8424
"46128","zcta",2023,"education_state_rnk",53.9402
"46130","zcta",2023,"education_state_rnk",69.4293
"46131","zcta",2023,"education_state_rnk",50.6793
"46133","zcta",2023,"education_state_rnk",38.1793
"46135","zcta",2023,"education_state_rnk",61.1413
"46140","zcta",2023,"education_state_rnk",70.2446
"46142","zcta",2023,"education_state_rnk",84.375
"46143","zcta",2023,"education_state_rnk",72.1467
"46144","zcta",2023,"education_state_rnk",93.3424
"46146","zcta",2023,"education_state_rnk",1.2228
"46147","zcta",2023,"education_state_rnk",58.0842
"46148","zcta",2023,"education_state_rnk",42.5951
"46149","zcta",2023,"education_state_rnk",96.1957
"46150","zcta",2023,"education_state_rnk",51.087
"46151","zcta",2023,"education_state_rnk",43.75
"46154","zcta",2023,"education_state_rnk",NA
"46155","zcta",2023,"education_state_rnk",NA
"46156","zcta",2023,"education_state_rnk",25.6793
"46157","zcta",2023,"education_state_rnk",72.2826
"46158","zcta",2023,"education_state_rnk",66.712
"46160","zcta",2023,"education_state_rnk",40.2174
"46161","zcta",2023,"education_state_rnk",29.212
"46162","zcta",2023,"education_state_rnk",87.2283
"46163","zcta",2023,"education_state_rnk",92.5272
"46164","zcta",2023,"education_state_rnk",91.8478
"46165","zcta",2023,"education_state_rnk",75.6793
"46166","zcta",2023,"education_state_rnk",26.2228
"46167","zcta",2023,"education_state_rnk",91.3043
"46168","zcta",2023,"education_state_rnk",77.9891
"46170","zcta",2023,"education_state_rnk",NA
"46171","zcta",2023,"education_state_rnk",31.9293
"46172","zcta",2023,"education_state_rnk",43.9538
"46173","zcta",2023,"education_state_rnk",30.0272
"46175","zcta",2023,"education_state_rnk",25.4755
"46176","zcta",2023,"education_state_rnk",42.1196
"46180","zcta",2023,"education_state_rnk",99.8641
"46181","zcta",2023,"education_state_rnk",84.1033
"46182","zcta",2023,"education_state_rnk",54.8913
"46183","zcta",2023,"education_state_rnk",NA
"46184","zcta",2023,"education_state_rnk",63.3152
"46186","zcta",2023,"education_state_rnk",54.6875
"46201","zcta",2023,"education_state_rnk",15.0815
"46202","zcta",2023,"education_state_rnk",90.625
"46203","zcta",2023,"education_state_rnk",22.2826
"46204","zcta",2023,"education_state_rnk",99.1848
"46205","zcta",2023,"education_state_rnk",90.4891
"46206","zcta",2023,"education_state_rnk",NA
"46208","zcta",2023,"education_state_rnk",79.4837
"46214","zcta",2023,"education_state_rnk",55.231
"46216","zcta",2023,"education_state_rnk",97.8261
"46217","zcta",2023,"education_state_rnk",48.2337
"46218","zcta",2023,"education_state_rnk",9.2391
"46219","zcta",2023,"education_state_rnk",32.7446
"46220","zcta",2023,"education_state_rnk",98.6413
"46221","zcta",2023,"education_state_rnk",29.7554
"46222","zcta",2023,"education_state_rnk",7.0652
"46224","zcta",2023,"education_state_rnk",15.4212
"46225","zcta",2023,"education_state_rnk",28.1929
"46226","zcta",2023,"education_state_rnk",16.712
"46227","zcta",2023,"education_state_rnk",20.2446
"46228","zcta",2023,"education_state_rnk",85.8696
"46229","zcta",2023,"education_state_rnk",78.5326
"46231","zcta",2023,"education_state_rnk",11.6848
"46234","zcta",2023,"education_state_rnk",67.663
"46235","zcta",2023,"education_state_rnk",10.7337
"46236","zcta",2023,"education_state_rnk",94.1576
"46237","zcta",2023,"education_state_rnk",51.9022
"46239","zcta",2023,"education_state_rnk",59.6467
"46240","zcta",2023,"education_state_rnk",97.0109
"46241","zcta",2023,"education_state_rnk",3.6685
"46250","zcta",2023,"education_state_rnk",95.6522
"46254","zcta",2023,"education_state_rnk",55.4348
"46256","zcta",2023,"education_state_rnk",97.962
"46259","zcta",2023,"education_state_rnk",90.3533
"46260","zcta",2023,"education_state_rnk",85.462
"46268","zcta",2023,"education_state_rnk",81.7935
"46278","zcta",2023,"education_state_rnk",99.4565
"46280","zcta",2023,"education_state_rnk",98.3696
"46290","zcta",2023,"education_state_rnk",97.3505
"46301","zcta",2023,"education_state_rnk",100
"46302","zcta",2023,"education_state_rnk",NA
"46303","zcta",2023,"education_state_rnk",71.4674
"46304","zcta",2023,"education_state_rnk",87.5
"46307","zcta",2023,"education_state_rnk",80.163
"46310","zcta",2023,"education_state_rnk",50.9511
"46311","zcta",2023,"education_state_rnk",94.837
"46312","zcta",2023,"education_state_rnk",3.3967
"46319","zcta",2023,"education_state_rnk",86.6848
"46320","zcta",2023,"education_state_rnk",6.25
"46321","zcta",2023,"education_state_rnk",95.2446
"46322","zcta",2023,"education_state_rnk",81.6576
"46323","zcta",2023,"education_state_rnk",16.4402
"46324","zcta",2023,"education_state_rnk",35.1902
"46327","zcta",2023,"education_state_rnk",4.0761
"46340","zcta",2023,"education_state_rnk",9.9185
"46341","zcta",2023,"education_state_rnk",69.9728
"46342","zcta",2023,"education_state_rnk",61.2772
"46345","zcta",2023,"education_state_rnk",NA
"46346","zcta",2023,"education_state_rnk",13.0435
"46347","zcta",2023,"education_state_rnk",50.8152
"46348","zcta",2023,"education_state_rnk",37.5
"46349","zcta",2023,"education_state_rnk",66.4402
"46350","zcta",2023,"education_state_rnk",51.6984
"46356","zcta",2023,"education_state_rnk",61.9565
"46360","zcta",2023,"education_state_rnk",59.8505
"46365","zcta",2023,"education_state_rnk",42.2554
"46366","zcta",2023,"education_state_rnk",19.0217
"46368","zcta",2023,"education_state_rnk",55.0272
"46371","zcta",2023,"education_state_rnk",87.7717
"46373","zcta",2023,"education_state_rnk",91.4402
"46374","zcta",2023,"education_state_rnk",36.9565
"46375","zcta",2023,"education_state_rnk",92.9348
"46376","zcta",2023,"education_state_rnk",61.413
"46377","zcta",2023,"education_state_rnk",NA
"46379","zcta",2023,"education_state_rnk",90.9647
"46381","zcta",2023,"education_state_rnk",21.875
"46382","zcta",2023,"education_state_rnk",55.9103
"46383","zcta",2023,"education_state_rnk",82.337
"46385","zcta",2023,"education_state_rnk",84.5109
"46390","zcta",2023,"education_state_rnk",83.0163
"46391","zcta",2023,"education_state_rnk",NA
"46392","zcta",2023,"education_state_rnk",54.4158
"46393","zcta",2023,"education_state_rnk",73.5054
"46394","zcta",2023,"education_state_rnk",30.2989
"46402","zcta",2023,"education_state_rnk",17.3913
"46403","zcta",2023,"education_state_rnk",56.1821
"46404","zcta",2023,"education_state_rnk",30.163
"46405","zcta",2023,"education_state_rnk",11.1413
"46406","zcta",2023,"education_state_rnk",8.5598
"46407","zcta",2023,"education_state_rnk",14.1304
"46408","zcta",2023,"education_state_rnk",12.1603
"46409","zcta",2023,"education_state_rnk",16.8478
"46410","zcta",2023,"education_state_rnk",69.2255
"46501","zcta",2023,"education_state_rnk",6.5217
"46502","zcta",2023,"education_state_rnk",NA
"46504","zcta",2023,"education_state_rnk",13.3152
"46506","zcta",2023,"education_state_rnk",5.8424
"46507","zcta",2023,"education_state_rnk",33.6277
"46508","zcta",2023,"education_state_rnk",2.5815
"46510","zcta",2023,"education_state_rnk",44.837
"46511","zcta",2023,"education_state_rnk",69.0217
"46513","zcta",2023,"education_state_rnk",NA
"46514","zcta",2023,"education_state_rnk",23.7772
"46516","zcta",2023,"education_state_rnk",17.1196
"46517","zcta",2023,"education_state_rnk",5.4348
"46524","zcta",2023,"education_state_rnk",0.6793
"46526","zcta",2023,"education_state_rnk",7.6087
"46528","zcta",2023,"education_state_rnk",7.4728
"46530","zcta",2023,"education_state_rnk",95.1087
"46531","zcta",2023,"education_state_rnk",99.7283
"46532","zcta",2023,"education_state_rnk",44.5652
"46534","zcta",2023,"education_state_rnk",14.2663
"46536","zcta",2023,"education_state_rnk",87.0924
"46537","zcta",2023,"education_state_rnk",8.9674
"46538","zcta",2023,"education_state_rnk",65.7609
"46539","zcta",2023,"education_state_rnk",24.8641
"46540","zcta",2023,"education_state_rnk",1.6304
"46542","zcta",2023,"education_state_rnk",7.2011
"46543","zcta",2023,"education_state_rnk",0.2717
"46544","zcta",2023,"education_state_rnk",50.2717
"46545","zcta",2023,"education_state_rnk",77.8533
"46550","zcta",2023,"education_state_rnk",2.3098
"46552","zcta",2023,"education_state_rnk",74.7962
"46553","zcta",2023,"education_state_rnk",4.3478
"46554","zcta",2023,"education_state_rnk",85.5978
"46555","zcta",2023,"education_state_rnk",71.7391
"46556","zcta",2023,"education_state_rnk",NA
"46561","zcta",2023,"education_state_rnk",62.3641
"46562","zcta",2023,"education_state_rnk",11.5489
"46563","zcta",2023,"education_state_rnk",22.0109
"46565","zcta",2023,"education_state_rnk",0.1359
"46567","zcta",2023,"education_state_rnk",53.5326
"46570","zcta",2023,"education_state_rnk",12.9076
"46571","zcta",2023,"education_state_rnk",0
"46572","zcta",2023,"education_state_rnk",95.5163
"46573","zcta",2023,"education_state_rnk",21.1957
"46574","zcta",2023,"education_state_rnk",56.1821
"46580","zcta",2023,"education_state_rnk",32.8804
"46582","zcta",2023,"education_state_rnk",45.9239
"46590","zcta",2023,"education_state_rnk",86.9565
"46595","zcta",2023,"education_state_rnk",NA
"46601","zcta",2023,"education_state_rnk",32.269
"46613","zcta",2023,"education_state_rnk",5.5707
"46614","zcta",2023,"education_state_rnk",75.9511
"46615","zcta",2023,"education_state_rnk",68.0707
"46616","zcta",2023,"education_state_rnk",81.25
"46617","zcta",2023,"education_state_rnk",93.75
"46619","zcta",2023,"education_state_rnk",8.6957
"46624","zcta",2023,"education_state_rnk",NA
"46628","zcta",2023,"education_state_rnk",58.5598
"46635","zcta",2023,"education_state_rnk",60.8016
"46637","zcta",2023,"education_state_rnk",88.587
"46701","zcta",2023,"education_state_rnk",59.8505
"46702","zcta",2023,"education_state_rnk",47.0109
"46703","zcta",2023,"education_state_rnk",50.4076
"46704","zcta",2023,"education_state_rnk",NA
"46705","zcta",2023,"education_state_rnk",36.0054
"46706","zcta",2023,"education_state_rnk",68.4783
"46710","zcta",2023,"education_state_rnk",53.2609
"46711","zcta",2023,"education_state_rnk",3.5326
"46714","zcta",2023,"education_state_rnk",37.0924
"46721","zcta",2023,"education_state_rnk",26.7663
"46723","zcta",2023,"education_state_rnk",52.7853
"46725","zcta",2023,"education_state_rnk",73.913
"46730","zcta",2023,"education_state_rnk",73.7092
"46731","zcta",2023,"education_state_rnk",11.2772
"46732","zcta",2023,"education_state_rnk",4.212
"46733","zcta",2023,"education_state_rnk",49.7283
"46737","zcta",2023,"education_state_rnk",53.6685
"46738","zcta",2023,"education_state_rnk",38.587
"46740","zcta",2023,"education_state_rnk",0.5435
"46741","zcta",2023,"education_state_rnk",9.7826
"46742","zcta",2023,"education_state_rnk",85.1902
"46743","zcta",2023,"education_state_rnk",9.1033
"46745","zcta",2023,"education_state_rnk",73.7092
"46746","zcta",2023,"education_state_rnk",5.2989
"46747","zcta",2023,"education_state_rnk",43.6141
"46748","zcta",2023,"education_state_rnk",65.0815
"46750","zcta",2023,"education_state_rnk",49.8641
"46755","zcta",2023,"education_state_rnk",17.731
"46759","zcta",2023,"education_state_rnk",89.538
"46760","zcta",2023,"education_state_rnk",7.8804
"46761","zcta",2023,"education_state_rnk",0.9511
"46763","zcta",2023,"education_state_rnk",70.1087
"46764","zcta",2023,"education_state_rnk",54.212
"46765","zcta",2023,"education_state_rnk",94.0217
"46766","zcta",2023,"education_state_rnk",1.087
"46767","zcta",2023,"education_state_rnk",0.8152
"46770","zcta",2023,"education_state_rnk",69.2255
"46771","zcta",2023,"education_state_rnk",36.6848
"46772","zcta",2023,"education_state_rnk",2.038
"46773","zcta",2023,"education_state_rnk",78.9402
"46774","zcta",2023,"education_state_rnk",56.8614
"46776","zcta",2023,"education_state_rnk",6.3859
"46777","zcta",2023,"education_state_rnk",63.1793
"46778","zcta",2023,"education_state_rnk",NA
"46779","zcta",2023,"education_state_rnk",74.3207
"46781","zcta",2023,"education_state_rnk",27.7174
"46783","zcta",2023,"education_state_rnk",92.2554
"46784","zcta",2023,"education_state_rnk",66.1685
"46785","zcta",2023,"education_state_rnk",10.8696
"46786","zcta",2023,"education_state_rnk",NA
"46787","zcta",2023,"education_state_rnk",22.8261
"46788","zcta",2023,"education_state_rnk",18.75
"46789","zcta",2023,"education_state_rnk",80.5707
"46791","zcta",2023,"education_state_rnk",59.2391
"46792","zcta",2023,"education_state_rnk",91.1685
"46793","zcta",2023,"education_state_rnk",19.769
"46794","zcta",2023,"education_state_rnk",16.1685
"46795","zcta",2023,"education_state_rnk",8.288
"46796","zcta",2023,"education_state_rnk",95.3804
"46797","zcta",2023,"education_state_rnk",36.413
"46798","zcta",2023,"education_state_rnk",41.1685
"46799","zcta",2023,"education_state_rnk",45.6522
"46802","zcta",2023,"education_state_rnk",38.4511
"46803","zcta",2023,"education_state_rnk",1.9022
"46804","zcta",2023,"education_state_rnk",89.6739
"46805","zcta",2023,"education_state_rnk",66.8478
"46806","zcta",2023,"education_state_rnk",2.1739
"46807","zcta",2023,"education_state_rnk",36.2772
"46808","zcta",2023,"education_state_rnk",29.0082
"46809","zcta",2023,"education_state_rnk",43.0707
"46814","zcta",2023,"education_state_rnk",94.2935
"46815","zcta",2023,"education_state_rnk",70.7201
"46816","zcta",2023,"education_state_rnk",3.2609
"46818","zcta",2023,"education_state_rnk",69.7011
"46819","zcta",2023,"education_state_rnk",79.8913
"46825","zcta",2023,"education_state_rnk",72.0109
"46835","zcta",2023,"education_state_rnk",84.7826
"46845","zcta",2023,"education_state_rnk",94.9728
"46901","zcta",2023,"education_state_rnk",39.9457
"46902","zcta",2023,"education_state_rnk",43.2065
"46910","zcta",2023,"education_state_rnk",6.9293
"46911","zcta",2023,"education_state_rnk",12.5
"46913","zcta",2023,"education_state_rnk",22.962
"46914","zcta",2023,"education_state_rnk",28.5326
"46915","zcta",2023,"education_state_rnk",76.087
"46917","zcta",2023,"education_state_rnk",33.9674
"46919","zcta",2023,"education_state_rnk",34.2391
"46920","zcta",2023,"education_state_rnk",45.788
"46922","zcta",2023,"education_state_rnk",NA
"46923","zcta",2023,"education_state_rnk",34.5109
"46926","zcta",2023,"education_state_rnk",68.8859
"46928","zcta",2023,"education_state_rnk",47.4185
"46929","zcta",2023,"education_state_rnk",45.3804
"46930","zcta",2023,"education_state_rnk",15.2174
"46931","zcta",2023,"education_state_rnk",4.6196
"46932","zcta",2023,"education_state_rnk",54.6875
"46933","zcta",2023,"education_state_rnk",34.9185
"46936","zcta",2023,"education_state_rnk",71.6033
"46937","zcta",2023,"education_state_rnk",NA
"46938","zcta",2023,"education_state_rnk",46.5353
"46939","zcta",2023,"education_state_rnk",33.6277
"46940","zcta",2023,"education_state_rnk",24.5924
"46941","zcta",2023,"education_state_rnk",12.7717
"46943","zcta",2023,"education_state_rnk",27.5815
"46945","zcta",2023,"education_state_rnk",NA
"46946","zcta",2023,"education_state_rnk",NA
"46947","zcta",2023,"education_state_rnk",16.3043
"46950","zcta",2023,"education_state_rnk",6.6576
"46951","zcta",2023,"education_state_rnk",14.8098
"46952","zcta",2023,"education_state_rnk",47.6902
"46953","zcta",2023,"education_state_rnk",9.5109
"46957","zcta",2023,"education_state_rnk",11.9565
"46958","zcta",2023,"education_state_rnk",89.1304
"46959","zcta",2023,"education_state_rnk",87.6359
"46960","zcta",2023,"education_state_rnk",55.231
"46961","zcta",2023,"education_state_rnk",NA
"46962","zcta",2023,"education_state_rnk",65.625
"46965","zcta",2023,"education_state_rnk",NA
"46967","zcta",2023,"education_state_rnk",20.6522
"46968","zcta",2023,"education_state_rnk",91.5761
"46970","zcta",2023,"education_state_rnk",23.2337
"46971","zcta",2023,"education_state_rnk",NA
"46974","zcta",2023,"education_state_rnk",13.1793
"46975","zcta",2023,"education_state_rnk",40.8288
"46978","zcta",2023,"education_state_rnk",35.8696
"46979","zcta",2023,"education_state_rnk",81.3859
"46980","zcta",2023,"education_state_rnk",NA
"46982","zcta",2023,"education_state_rnk",74.5924
"46984","zcta",2023,"education_state_rnk",NA
"46985","zcta",2023,"education_state_rnk",31.6576
"46986","zcta",2023,"education_state_rnk",38.3152
"46987","zcta",2023,"education_state_rnk",80.4348
"46988","zcta",2023,"education_state_rnk",68.75
"46989","zcta",2023,"education_state_rnk",40.3533
"46990","zcta",2023,"education_state_rnk",82.6766
"46991","zcta",2023,"education_state_rnk",38.7228
"46992","zcta",2023,"education_state_rnk",51.4266
"46994","zcta",2023,"education_state_rnk",27.1739
"46996","zcta",2023,"education_state_rnk",57.8804
"46998","zcta",2023,"education_state_rnk",2.4457
"47001","zcta",2023,"education_state_rnk",47.8261
"47003","zcta",2023,"education_state_rnk",91.712
"47006","zcta",2023,"education_state_rnk",54.4158
"47010","zcta",2023,"education_state_rnk",98.0978
"47011","zcta",2023,"education_state_rnk",59.5109
"47012","zcta",2023,"education_state_rnk",70.9239
"47016","zcta",2023,"education_state_rnk",75.5435
"47017","zcta",2023,"education_state_rnk",30.5707
"47018","zcta",2023,"education_state_rnk",35.6658
"47020","zcta",2023,"education_state_rnk",57.0652
"47021","zcta",2023,"education_state_rnk",NA
"47022","zcta",2023,"education_state_rnk",93.8859
"47023","zcta",2023,"education_state_rnk",57.7446
"47024","zcta",2023,"education_state_rnk",18.0707
"47025","zcta",2023,"education_state_rnk",69.5652
"47030","zcta",2023,"education_state_rnk",1.4946
"47031","zcta",2023,"education_state_rnk",44.1576
"47032","zcta",2023,"education_state_rnk",20.9239
"47033","zcta",2023,"education_state_rnk",NA
"47034","zcta",2023,"education_state_rnk",79.2799
"47035","zcta",2023,"education_state_rnk",44.7011
"47036","zcta",2023,"education_state_rnk",53.3967
"47037","zcta",2023,"education_state_rnk",61.7527
"47038","zcta",2023,"education_state_rnk",3.125
"47040","zcta",2023,"education_state_rnk",55.9103
"47041","zcta",2023,"education_state_rnk",67.9348
"47042","zcta",2023,"education_state_rnk",33.1522
"47043","zcta",2023,"education_state_rnk",10.462
"47060","zcta",2023,"education_state_rnk",64.4022
"47102","zcta",2023,"education_state_rnk",11.8207
"47104","zcta",2023,"education_state_rnk",NA
"47106","zcta",2023,"education_state_rnk",47.962
"47108","zcta",2023,"education_state_rnk",14.9457
"47110","zcta",2023,"education_state_rnk",25.1359
"47111","zcta",2023,"education_state_rnk",71.0598
"47112","zcta",2023,"education_state_rnk",52.7853
"47114","zcta",2023,"education_state_rnk",44.2935
"47115","zcta",2023,"education_state_rnk",81.1141
"47116","zcta",2023,"education_state_rnk",86.1413
"47117","zcta",2023,"education_state_rnk",65.2853
"47118","zcta",2023,"education_state_rnk",19.4293
"47119","zcta",2023,"education_state_rnk",94.4293
"47120","zcta",2023,"education_state_rnk",60.462
"47122","zcta",2023,"education_state_rnk",85.0543
"47123","zcta",2023,"education_state_rnk",4.4837
"47124","zcta",2023,"education_state_rnk",87.9076
"47125","zcta",2023,"education_state_rnk",5.0272
"47126","zcta",2023,"education_state_rnk",78.6685
"47129","zcta",2023,"education_state_rnk",22.5543
"47130","zcta",2023,"education_state_rnk",67.7989
"47135","zcta",2023,"education_state_rnk",61.5489
"47136","zcta",2023,"education_state_rnk",56.3859
"47138","zcta",2023,"education_state_rnk",37.9076
"47140","zcta",2023,"education_state_rnk",24.4565
"47141","zcta",2023,"education_state_rnk",96.3315
"47142","zcta",2023,"education_state_rnk",64.8098
"47143","zcta",2023,"education_state_rnk",89.4022
"47145","zcta",2023,"education_state_rnk",9.375
"47147","zcta",2023,"education_state_rnk",52.4457
"47150","zcta",2023,"education_state_rnk",54.0761
"47160","zcta",2023,"education_state_rnk",NA
"47161","zcta",2023,"education_state_rnk",61.7527
"47162","zcta",2023,"education_state_rnk",96.0598
"47163","zcta",2023,"education_state_rnk",62.6359
"47164","zcta",2023,"education_state_rnk",13.4511
"47165","zcta",2023,"education_state_rnk",37.3641
"47166","zcta",2023,"education_state_rnk",58.4239
"47167","zcta",2023,"education_state_rnk",31.5217
"47170","zcta",2023,"education_state_rnk",12.1603
"47172","zcta",2023,"education_state_rnk",77.3098
"47174","zcta",2023,"education_state_rnk",NA
"47175","zcta",2023,"education_state_rnk",22.4185
"47177","zcta",2023,"education_state_rnk",63.9946
"47201","zcta",2023,"education_state_rnk",78.125
"47203","zcta",2023,"education_state_rnk",82.0652
"47220","zcta",2023,"education_state_rnk",68.3424
"47223","zcta",2023,"education_state_rnk",9.6467
"47224","zcta",2023,"education_state_rnk",4.8913
"47225","zcta",2023,"education_state_rnk",NA
"47226","zcta",2023,"education_state_rnk",74.4565
"47227","zcta",2023,"education_state_rnk",25.4755
"47229","zcta",2023,"education_state_rnk",45.5163
"47230","zcta",2023,"education_state_rnk",50.1359
"47231","zcta",2023,"education_state_rnk",29.3478
"47232","zcta",2023,"education_state_rnk",77.5815
"47234","zcta",2023,"education_state_rnk",77.1739
"47235","zcta",2023,"education_state_rnk",88.0435
"47236","zcta",2023,"education_state_rnk",96.6033
"47240","zcta",2023,"education_state_rnk",41.9158
"47243","zcta",2023,"education_state_rnk",21.6033
"47244","zcta",2023,"education_state_rnk",98.2337
"47246","zcta",2023,"education_state_rnk",25
"47247","zcta",2023,"education_state_rnk",43.4783
"47250","zcta",2023,"education_state_rnk",46.5353
"47260","zcta",2023,"education_state_rnk",19.9728
"47263","zcta",2023,"education_state_rnk",5.163
"47264","zcta",2023,"education_state_rnk",97.6902
"47265","zcta",2023,"education_state_rnk",30.9103
"47270","zcta",2023,"education_state_rnk",61.0054
"47272","zcta",2023,"education_state_rnk",33.8315
"47273","zcta",2023,"education_state_rnk",46.3315
"47274","zcta",2023,"education_state_rnk",26.6304
"47280","zcta",2023,"education_state_rnk",39.538
"47281","zcta",2023,"education_state_rnk",77.038
"47282","zcta",2023,"education_state_rnk",31.7935
"47283","zcta",2023,"education_state_rnk",55.7065
"47302","zcta",2023,"education_state_rnk",23.5054
"47303","zcta",2023,"education_state_rnk",40.625
"47304","zcta",2023,"education_state_rnk",80.7065
"47305","zcta",2023,"education_state_rnk",25.9511
"47306","zcta",2023,"education_state_rnk",NA
"47320","zcta",2023,"education_state_rnk",52.9891
"47324","zcta",2023,"education_state_rnk",8.0163
"47325","zcta",2023,"education_state_rnk",30.4348
"47326","zcta",2023,"education_state_rnk",2.7174
"47327","zcta",2023,"education_state_rnk",38.0435
"47330","zcta",2023,"education_state_rnk",28.6685
"47331","zcta",2023,"education_state_rnk",27.038
"47334","zcta",2023,"education_state_rnk",72.5543
"47335","zcta",2023,"education_state_rnk",49.5245
"47336","zcta",2023,"education_state_rnk",23.913
"47337","zcta",2023,"education_state_rnk",15.625
"47338","zcta",2023,"education_state_rnk",50.5435
"47339","zcta",2023,"education_state_rnk",3.8043
"47340","zcta",2023,"education_state_rnk",63.7228
"47341","zcta",2023,"education_state_rnk",13.7228
"47342","zcta",2023,"education_state_rnk",37.7038
"47344","zcta",2023,"education_state_rnk",78.3967
"47345","zcta",2023,"education_state_rnk",29.0082
"47346","zcta",2023,"education_state_rnk",52.038
"47348","zcta",2023,"education_state_rnk",44.4293
"47351","zcta",2023,"education_state_rnk",11.0054
"47352","zcta",2023,"education_state_rnk",70.5163
"47353","zcta",2023,"education_state_rnk",60.1223
"47354","zcta",2023,"education_state_rnk",19.2935
"47355","zcta",2023,"education_state_rnk",25.9511
"47356","zcta",2023,"education_state_rnk",72.962
"47357","zcta",2023,"education_state_rnk",73.2337
"47358","zcta",2023,"education_state_rnk",41.3043
"47359","zcta",2023,"education_state_rnk",20.5163
"47360","zcta",2023,"education_state_rnk",45.2446
"47361","zcta",2023,"education_state_rnk",79.2799
"47362","zcta",2023,"education_state_rnk",32.4728
"47366","zcta",2023,"education_state_rnk",NA
"47367","zcta",2023,"education_state_rnk",4.7554
"47368","zcta",2023,"education_state_rnk",60.8016
"47369","zcta",2023,"education_state_rnk",21.3315
"47370","zcta",2023,"education_state_rnk",30.7065
"47371","zcta",2023,"education_state_rnk",20.3804
"47373","zcta",2023,"education_state_rnk",18.3424
"47374","zcta",2023,"education_state_rnk",34.7826
"47380","zcta",2023,"education_state_rnk",16.9837
"47381","zcta",2023,"education_state_rnk",25.2717
"47382","zcta",2023,"education_state_rnk",23.3696
"47383","zcta",2023,"education_state_rnk",65.2853
"47384","zcta",2023,"education_state_rnk",34.6467
"47385","zcta",2023,"education_state_rnk",90.9647
"47386","zcta",2023,"education_state_rnk",92.7989
"47387","zcta",2023,"education_state_rnk",13.9946
"47388","zcta",2023,"education_state_rnk",75.2717
"47390","zcta",2023,"education_state_rnk",33.4239
"47392","zcta",2023,"education_state_rnk",65.4891
"47393","zcta",2023,"education_state_rnk",8.288
"47394","zcta",2023,"education_state_rnk",53.125
"47396","zcta",2023,"education_state_rnk",80.0272
"47401","zcta",2023,"education_state_rnk",93.2065
"47403","zcta",2023,"education_state_rnk",83.1522
"47404","zcta",2023,"education_state_rnk",76.7663
"47405","zcta",2023,"education_state_rnk",NA
"47406","zcta",2023,"education_state_rnk",NA
"47408","zcta",2023,"education_state_rnk",80.2989
"47420","zcta",2023,"education_state_rnk",NA
"47421","zcta",2023,"education_state_rnk",66.5761
"47424","zcta",2023,"education_state_rnk",39.6739
"47427","zcta",2023,"education_state_rnk",51.4266
"47429","zcta",2023,"education_state_rnk",84.9185
"47431","zcta",2023,"education_state_rnk",18.4783
"47432","zcta",2023,"education_state_rnk",27.9891
"47433","zcta",2023,"education_state_rnk",47.5543
"47434","zcta",2023,"education_state_rnk",NA
"47435","zcta",2023,"education_state_rnk",95.788
"47436","zcta",2023,"education_state_rnk",82.2011
"47437","zcta",2023,"education_state_rnk",NA
"47438","zcta",2023,"education_state_rnk",72.8261
"47441","zcta",2023,"education_state_rnk",28.3967
"47443","zcta",2023,"education_state_rnk",15.8967
"47445","zcta",2023,"education_state_rnk",NA
"47446","zcta",2023,"education_state_rnk",19.769
"47448","zcta",2023,"education_state_rnk",71.1957
"47449","zcta",2023,"education_state_rnk",24.1848
"47451","zcta",2023,"education_state_rnk",79.0761
"47452","zcta",2023,"education_state_rnk",42.5951
"47453","zcta",2023,"education_state_rnk",60.1223
"47454","zcta",2023,"education_state_rnk",15.7609
"47455","zcta",2023,"education_state_rnk",NA
"47456","zcta",2023,"education_state_rnk",13.587
"47457","zcta",2023,"education_state_rnk",NA
"47458","zcta",2023,"education_state_rnk",NA
"47459","zcta",2023,"education_state_rnk",63.4511
"47460","zcta",2023,"education_state_rnk",58.0842
"47462","zcta",2023,"education_state_rnk",64.9457
"47464","zcta",2023,"education_state_rnk",67.5272
"47465","zcta",2023,"education_state_rnk",51.6984
"47467","zcta",2023,"education_state_rnk",NA
"47468","zcta",2023,"education_state_rnk",95.9239
"47469","zcta",2023,"education_state_rnk",10.0543
"47470","zcta",2023,"education_state_rnk",8.8315
"47471","zcta",2023,"education_state_rnk",12.3641
"47501","zcta",2023,"education_state_rnk",10.5978
"47512","zcta",2023,"education_state_rnk",48.7772
"47513","zcta",2023,"education_state_rnk",16.5761
"47514","zcta",2023,"education_state_rnk",NA
"47515","zcta",2023,"education_state_rnk",34.375
"47516","zcta",2023,"education_state_rnk",55.5707
"47519","zcta",2023,"education_state_rnk",70.7201
"47520","zcta",2023,"education_state_rnk",27.4457
"47521","zcta",2023,"education_state_rnk",76.9022
"47522","zcta",2023,"education_state_rnk",47.2826
"47523","zcta",2023,"education_state_rnk",38.9946
"47524","zcta",2023,"education_state_rnk",64.6739
"47525","zcta",2023,"education_state_rnk",89.2663
"47527","zcta",2023,"education_state_rnk",83.6277
"47528","zcta",2023,"education_state_rnk",46.1957
"47529","zcta",2023,"education_state_rnk",14.4022
"47531","zcta",2023,"education_state_rnk",91.9837
"47532","zcta",2023,"education_state_rnk",66.9837
"47535","zcta",2023,"education_state_rnk",39.4022
"47537","zcta",2023,"education_state_rnk",99.5924
"47541","zcta",2023,"education_state_rnk",65.8967
"47542","zcta",2023,"education_state_rnk",5.9783
"47546","zcta",2023,"education_state_rnk",62.9076
"47550","zcta",2023,"education_state_rnk",78.8043
"47551","zcta",2023,"education_state_rnk",82.6766
"47552","zcta",2023,"education_state_rnk",98.913
"47553","zcta",2023,"education_state_rnk",6.7935
"47557","zcta",2023,"education_state_rnk",48.913
"47558","zcta",2023,"education_state_rnk",0.4076
"47561","zcta",2023,"education_state_rnk",48.5054
"47562","zcta",2023,"education_state_rnk",1.7663
"47564","zcta",2023,"education_state_rnk",12.6359
"47567","zcta",2023,"education_state_rnk",39.1304
"47568","zcta",2023,"education_state_rnk",2.9891
"47573","zcta",2023,"education_state_rnk",NA
"47574","zcta",2023,"education_state_rnk",56.6576
"47575","zcta",2023,"education_state_rnk",88.1793
"47576","zcta",2023,"education_state_rnk",33.288
"47577","zcta",2023,"education_state_rnk",45.1087
"47578","zcta",2023,"education_state_rnk",42.9348
"47579","zcta",2023,"education_state_rnk",90.0136
"47580","zcta",2023,"education_state_rnk",87.3641
"47581","zcta",2023,"education_state_rnk",41.9158
"47584","zcta",2023,"education_state_rnk",23.0978
"47585","zcta",2023,"education_state_rnk",86.5489
"47586","zcta",2023,"education_state_rnk",60.5978
"47588","zcta",2023,"education_state_rnk",20.1087
"47590","zcta",2023,"education_state_rnk",41.5761
"47591","zcta",2023,"education_state_rnk",31.3859
"47596","zcta",2023,"education_state_rnk",NA
"47597","zcta",2023,"education_state_rnk",35.462
"47598","zcta",2023,"education_state_rnk",46.7391
"47601","zcta",2023,"education_state_rnk",70.3804
"47610","zcta",2023,"education_state_rnk",48.6413
"47611","zcta",2023,"education_state_rnk",67.2554
"47612","zcta",2023,"education_state_rnk",19.5652
"47613","zcta",2023,"education_state_rnk",36.8207
"47615","zcta",2023,"education_state_rnk",75.4076
"47616","zcta",2023,"education_state_rnk",85.7337
"47619","zcta",2023,"education_state_rnk",41.4402
"47620","zcta",2023,"education_state_rnk",83.6277
"47630","zcta",2023,"education_state_rnk",93.0707
"47631","zcta",2023,"education_state_rnk",83.288
"47633","zcta",2023,"education_state_rnk",29.8913
"47634","zcta",2023,"education_state_rnk",22.6902
"47635","zcta",2023,"education_state_rnk",60.3261
"47637","zcta",2023,"education_state_rnk",77.5815
"47638","zcta",2023,"education_state_rnk",78.2609
"47639","zcta",2023,"education_state_rnk",88.9946
"47640","zcta",2023,"education_state_rnk",75.1359
"47648","zcta",2023,"education_state_rnk",83.4239
"47649","zcta",2023,"education_state_rnk",42.3913
"47654","zcta",2023,"education_state_rnk",NA
"47660","zcta",2023,"education_state_rnk",17.5272
"47665","zcta",2023,"education_state_rnk",47.1467
"47666","zcta",2023,"education_state_rnk",14.538
"47670","zcta",2023,"education_state_rnk",26.9022
"47683","zcta",2023,"education_state_rnk",NA
"47708","zcta",2023,"education_state_rnk",93.6141
"47710","zcta",2023,"education_state_rnk",30.9103
"47711","zcta",2023,"education_state_rnk",58.6957
"47712","zcta",2023,"education_state_rnk",63.8587
"47713","zcta",2023,"education_state_rnk",27.8533
"47714","zcta",2023,"education_state_rnk",35.0543
"47715","zcta",2023,"education_state_rnk",83.9674
"47720","zcta",2023,"education_state_rnk",74.1848
"47725","zcta",2023,"education_state_rnk",90.7609
"47802","zcta",2023,"education_state_rnk",58.288
"47803","zcta",2023,"education_state_rnk",68.2065
"47804","zcta",2023,"education_state_rnk",17.2554
"47805","zcta",2023,"education_state_rnk",76.4946
"47807","zcta",2023,"education_state_rnk",10.3261
"47809","zcta",2023,"education_state_rnk",NA
"47831","zcta",2023,"education_state_rnk",NA
"47832","zcta",2023,"education_state_rnk",85.3261
"47833","zcta",2023,"education_state_rnk",21.4674
"47834","zcta",2023,"education_state_rnk",52.5815
"47836","zcta",2023,"education_state_rnk",NA
"47837","zcta",2023,"education_state_rnk",21.0598
"47838","zcta",2023,"education_state_rnk",NA
"47840","zcta",2023,"education_state_rnk",86.8207
"47841","zcta",2023,"education_state_rnk",23.6413
"47842","zcta",2023,"education_state_rnk",52.1739
"47845","zcta",2023,"education_state_rnk",NA
"47846","zcta",2023,"education_state_rnk",64.538
"47847","zcta",2023,"education_state_rnk",52.3098
"47848","zcta",2023,"education_state_rnk",49.1848
"47849","zcta",2023,"education_state_rnk",86.413
"47850","zcta",2023,"education_state_rnk",20.788
"47851","zcta",2023,"education_state_rnk",NA
"47853","zcta",2023,"education_state_rnk",22.1467
"47854","zcta",2023,"education_state_rnk",93.4783
"47855","zcta",2023,"education_state_rnk",21.7391
"47857","zcta",2023,"education_state_rnk",62.0924
"47858","zcta",2023,"education_state_rnk",57.337
"47859","zcta",2023,"education_state_rnk",3.9402
"47860","zcta",2023,"education_state_rnk",6.1141
"47861","zcta",2023,"education_state_rnk",15.4212
"47862","zcta",2023,"education_state_rnk",17.731
"47863","zcta",2023,"education_state_rnk",73.3696
"47865","zcta",2023,"education_state_rnk",NA
"47866","zcta",2023,"education_state_rnk",88.8587
"47868","zcta",2023,"education_state_rnk",39.8098
"47869","zcta",2023,"education_state_rnk",NA
"47870","zcta",2023,"education_state_rnk",NA
"47871","zcta",2023,"education_state_rnk",82.8804
"47872","zcta",2023,"education_state_rnk",7.7446
"47874","zcta",2023,"education_state_rnk",32.269
"47875","zcta",2023,"education_state_rnk",NA
"47876","zcta",2023,"education_state_rnk",NA
"47879","zcta",2023,"education_state_rnk",8.288
"47880","zcta",2023,"education_state_rnk",NA
"47881","zcta",2023,"education_state_rnk",74.0489
"47882","zcta",2023,"education_state_rnk",59.1033
"47884","zcta",2023,"education_state_rnk",37.2283
"47885","zcta",2023,"education_state_rnk",40.8288
"47901","zcta",2023,"education_state_rnk",92.663
"47904","zcta",2023,"education_state_rnk",18.6141
"47905","zcta",2023,"education_state_rnk",62.3641
"47906","zcta",2023,"education_state_rnk",72.6902
"47907","zcta",2023,"education_state_rnk",NA
"47909","zcta",2023,"education_state_rnk",57.6087
"47916","zcta",2023,"education_state_rnk",NA
"47917","zcta",2023,"education_state_rnk",44.9728
"47918","zcta",2023,"education_state_rnk",25.9511
"47920","zcta",2023,"education_state_rnk",71.3315
"47921","zcta",2023,"education_state_rnk",18.2065
"47922","zcta",2023,"education_state_rnk",14.6739
"47923","zcta",2023,"education_state_rnk",90.2174
"47924","zcta",2023,"education_state_rnk",NA
"47925","zcta",2023,"education_state_rnk",NA
"47926","zcta",2023,"education_state_rnk",31.25
"47928","zcta",2023,"education_state_rnk",31.1141
"47929","zcta",2023,"education_state_rnk",63.0435
"47930","zcta",2023,"education_state_rnk",98.5054
"47932","zcta",2023,"education_state_rnk",58.8315
"47933","zcta",2023,"education_state_rnk",40.4891
"47940","zcta",2023,"education_state_rnk",86.0054
"47941","zcta",2023,"education_state_rnk",72.4185
"47942","zcta",2023,"education_state_rnk",69.837
"47943","zcta",2023,"education_state_rnk",19.1576
"47944","zcta",2023,"education_state_rnk",29.6196
"47946","zcta",2023,"education_state_rnk",13.8587
"47948","zcta",2023,"education_state_rnk",34.1033
"47949","zcta",2023,"education_state_rnk",76.2228
"47950","zcta",2023,"education_state_rnk",90.0136
"47951","zcta",2023,"education_state_rnk",17.9348
"47952","zcta",2023,"education_state_rnk",28.8043
"47954","zcta",2023,"education_state_rnk",82.4728
"47955","zcta",2023,"education_state_rnk",38.8587
"47957","zcta",2023,"education_state_rnk",2.8533
"47958","zcta",2023,"education_state_rnk",41.0326
"47959","zcta",2023,"education_state_rnk",1.3587
"47960","zcta",2023,"education_state_rnk",57.4728
"47963","zcta",2023,"education_state_rnk",27.3098
"47964","zcta",2023,"education_state_rnk",NA
"47965","zcta",2023,"education_state_rnk",29.4837
"47966","zcta",2023,"education_state_rnk",79.7554
"47967","zcta",2023,"education_state_rnk",18.8859
"47968","zcta",2023,"education_state_rnk",66.3043
"47969","zcta",2023,"education_state_rnk",16.0326
"47970","zcta",2023,"education_state_rnk",49.0489
"47971","zcta",2023,"education_state_rnk",28.1929
"47974","zcta",2023,"education_state_rnk",40.0815
"47975","zcta",2023,"education_state_rnk",84.6467
"47977","zcta",2023,"education_state_rnk",67.3913
"47978","zcta",2023,"education_state_rnk",50
"47980","zcta",2023,"education_state_rnk",48.3696
"47981","zcta",2023,"education_state_rnk",88.3152
"47982","zcta",2023,"education_state_rnk",NA
"47983","zcta",2023,"education_state_rnk",88.7228
"47986","zcta",2023,"education_state_rnk",NA
"47987","zcta",2023,"education_state_rnk",35.3261
"47989","zcta",2023,"education_state_rnk",43.3424
"47990","zcta",2023,"education_state_rnk",24.3207
"47991","zcta",2023,"education_state_rnk",67.1196
"47992","zcta",2023,"education_state_rnk",75
"47993","zcta",2023,"education_state_rnk",24.0489
"47994","zcta",2023,"education_state_rnk",43.9538
"47995","zcta",2023,"education_state_rnk",42.7989
"47997","zcta",2023,"education_state_rnk",33.0163
