"geoid","geolevel","year","level","value"
"27006","zcta",2023,"education_score",111.16
"27007","zcta",2023,"education_score",68.77
"27009","zcta",2023,"education_score",95.93
"27011","zcta",2023,"education_score",99.53
"27012","zcta",2023,"education_score",114.42
"27013","zcta",2023,"education_score",97.98
"27014","zcta",2023,"education_score",96.8
"27016","zcta",2023,"education_score",100.09
"27017","zcta",2023,"education_score",71.7
"27018","zcta",2023,"education_score",102.22
"27019","zcta",2023,"education_score",98.89
"27020","zcta",2023,"education_score",63.31
"27021","zcta",2023,"education_score",102.42
"27022","zcta",2023,"education_score",87.44
"27023","zcta",2023,"education_score",116.99
"27024","zcta",2023,"education_score",87.04
"27025","zcta",2023,"education_score",85.42
"27027","zcta",2023,"education_score",81.21
"27028","zcta",2023,"education_score",93.35
"27030","zcta",2023,"education_score",84.95
"27040","zcta",2023,"education_score",118.22
"27041","zcta",2023,"education_score",100.78
"27042","zcta",2023,"education_score",NA
"27043","zcta",2023,"education_score",100.94
"27045","zcta",2023,"education_score",106.97
"27046","zcta",2023,"education_score",102.81
"27047","zcta",2023,"education_score",88.39
"27048","zcta",2023,"education_score",88.63
"27050","zcta",2023,"education_score",95.7
"27051","zcta",2023,"education_score",101.89
"27052","zcta",2023,"education_score",90.31
"27053","zcta",2023,"education_score",97.26
"27054","zcta",2023,"education_score",102.09
"27055","zcta",2023,"education_score",93.55
"27101","zcta",2023,"education_score",110.65
"27103","zcta",2023,"education_score",111.93
"27104","zcta",2023,"education_score",118.28
"27105","zcta",2023,"education_score",79.12
"27106","zcta",2023,"education_score",113.55
"27107","zcta",2023,"education_score",89.92
"27109","zcta",2023,"education_score",NA
"27110","zcta",2023,"education_score",NA
"27127","zcta",2023,"education_score",101.16
"27201","zcta",2023,"education_score",117.8
"27202","zcta",2023,"education_score",NA
"27203","zcta",2023,"education_score",72.63
"27205","zcta",2023,"education_score",80.96
"27207","zcta",2023,"education_score",98.2
"27208","zcta",2023,"education_score",103.68
"27209","zcta",2023,"education_score",81.36
"27212","zcta",2023,"education_score",NA
"27213","zcta",2023,"education_score",NA
"27214","zcta",2023,"education_score",98.16
"27215","zcta",2023,"education_score",108.14
"27217","zcta",2023,"education_score",79.04
"27229","zcta",2023,"education_score",72.18
"27231","zcta",2023,"education_score",105.41
"27233","zcta",2023,"education_score",113.3
"27235","zcta",2023,"education_score",109.15
"27239","zcta",2023,"education_score",87.39
"27242","zcta",2023,"education_score",91.97
"27243","zcta",2023,"education_score",118.51
"27244","zcta",2023,"education_score",114.93
"27247","zcta",2023,"education_score",NA
"27248","zcta",2023,"education_score",76.82
"27249","zcta",2023,"education_score",104.13
"27252","zcta",2023,"education_score",77.32
"27253","zcta",2023,"education_score",98.38
"27256","zcta",2023,"education_score",NA
"27258","zcta",2023,"education_score",95.88
"27259","zcta",2023,"education_score",NA
"27260","zcta",2023,"education_score",66.59
"27262","zcta",2023,"education_score",98.27
"27263","zcta",2023,"education_score",81.77
"27265","zcta",2023,"education_score",111.4
"27268","zcta",2023,"education_score",NA
"27278","zcta",2023,"education_score",116.44
"27281","zcta",2023,"education_score",96.13
"27282","zcta",2023,"education_score",121.65
"27283","zcta",2023,"education_score",103.46
"27284","zcta",2023,"education_score",109.93
"27288","zcta",2023,"education_score",84.83
"27291","zcta",2023,"education_score",135.6
"27292","zcta",2023,"education_score",81.22
"27295","zcta",2023,"education_score",93.91
"27298","zcta",2023,"education_score",83.9
"27299","zcta",2023,"education_score",100.64
"27301","zcta",2023,"education_score",112.92
"27302","zcta",2023,"education_score",108.27
"27305","zcta",2023,"education_score",64.28
"27306","zcta",2023,"education_score",85.55
"27310","zcta",2023,"education_score",132.69
"27311","zcta",2023,"education_score",77.66
"27312","zcta",2023,"education_score",120.4
"27313","zcta",2023,"education_score",109.85
"27314","zcta",2023,"education_score",108.12
"27315","zcta",2023,"education_score",69.36
"27316","zcta",2023,"education_score",83.56
"27317","zcta",2023,"education_score",82.86
"27320","zcta",2023,"education_score",83.14
"27325","zcta",2023,"education_score",61.17
"27326","zcta",2023,"education_score",89.13
"27330","zcta",2023,"education_score",90.28
"27332","zcta",2023,"education_score",91.13
"27340","zcta",2023,"education_score",NA
"27341","zcta",2023,"education_score",91.86
"27342","zcta",2023,"education_score",NA
"27343","zcta",2023,"education_score",108.11
"27344","zcta",2023,"education_score",71.25
"27349","zcta",2023,"education_score",94.68
"27350","zcta",2023,"education_score",87.15
"27351","zcta",2023,"education_score",NA
"27355","zcta",2023,"education_score",75.2
"27356","zcta",2023,"education_score",88.09
"27357","zcta",2023,"education_score",107.31
"27358","zcta",2023,"education_score",115.89
"27360","zcta",2023,"education_score",82.2
"27370","zcta",2023,"education_score",81.38
"27371","zcta",2023,"education_score",94.11
"27374","zcta",2023,"education_score",69.05
"27376","zcta",2023,"education_score",107.31
"27377","zcta",2023,"education_score",105.76
"27379","zcta",2023,"education_score",86.34
"27401","zcta",2023,"education_score",105.84
"27403","zcta",2023,"education_score",111.73
"27405","zcta",2023,"education_score",86.48
"27406","zcta",2023,"education_score",97.49
"27407","zcta",2023,"education_score",105.77
"27408","zcta",2023,"education_score",126.92
"27409","zcta",2023,"education_score",113.79
"27410","zcta",2023,"education_score",119.71
"27411","zcta",2023,"education_score",NA
"27412","zcta",2023,"education_score",NA
"27455","zcta",2023,"education_score",122.36
"27501","zcta",2023,"education_score",88.21
"27502","zcta",2023,"education_score",132.13
"27503","zcta",2023,"education_score",NA
"27504","zcta",2023,"education_score",94.63
"27505","zcta",2023,"education_score",93.86
"27506","zcta",2023,"education_score",NA
"27507","zcta",2023,"education_score",83.65
"27508","zcta",2023,"education_score",94.63
"27509","zcta",2023,"education_score",NA
"27510","zcta",2023,"education_score",121.3
"27511","zcta",2023,"education_score",117.37
"27513","zcta",2023,"education_score",130.96
"27514","zcta",2023,"education_score",131.37
"27516","zcta",2023,"education_score",132.52
"27517","zcta",2023,"education_score",128.9
"27518","zcta",2023,"education_score",132.08
"27519","zcta",2023,"education_score",137.95
"27520","zcta",2023,"education_score",109.31
"27521","zcta",2023,"education_score",77.86
"27522","zcta",2023,"education_score",102.42
"27523","zcta",2023,"education_score",136.24
"27524","zcta",2023,"education_score",87.37
"27525","zcta",2023,"education_score",96.17
"27526","zcta",2023,"education_score",113.69
"27527","zcta",2023,"education_score",117.06
"27529","zcta",2023,"education_score",112.78
"27530","zcta",2023,"education_score",93.26
"27531","zcta",2023,"education_score",NA
"27533","zcta",2023,"education_score",NA
"27534","zcta",2023,"education_score",102.9
"27536","zcta",2023,"education_score",80.02
"27537","zcta",2023,"education_score",90.12
"27539","zcta",2023,"education_score",126.25
"27540","zcta",2023,"education_score",130.56
"27541","zcta",2023,"education_score",103.15
"27542","zcta",2023,"education_score",91.29
"27544","zcta",2023,"education_score",94.47
"27545","zcta",2023,"education_score",106.51
"27546","zcta",2023,"education_score",100.03
"27549","zcta",2023,"education_score",90.37
"27551","zcta",2023,"education_score",102.51
"27553","zcta",2023,"education_score",100.77
"27555","zcta",2023,"education_score",102.86
"27556","zcta",2023,"education_score",92.67
"27557","zcta",2023,"education_score",77.94
"27559","zcta",2023,"education_score",103.35
"27560","zcta",2023,"education_score",135.21
"27562","zcta",2023,"education_score",124.05
"27563","zcta",2023,"education_score",88.13
"27565","zcta",2023,"education_score",93.78
"27568","zcta",2023,"education_score",95.57
"27569","zcta",2023,"education_score",89.32
"27570","zcta",2023,"education_score",NA
"27571","zcta",2023,"education_score",138.75
"27572","zcta",2023,"education_score",121.14
"27573","zcta",2023,"education_score",94.02
"27574","zcta",2023,"education_score",100.19
"27576","zcta",2023,"education_score",80.22
"27577","zcta",2023,"education_score",78.88
"27581","zcta",2023,"education_score",103.61
"27582","zcta",2023,"education_score",93.16
"27583","zcta",2023,"education_score",107.13
"27584","zcta",2023,"education_score",NA
"27587","zcta",2023,"education_score",127.33
"27589","zcta",2023,"education_score",86.9
"27591","zcta",2023,"education_score",97.4
"27592","zcta",2023,"education_score",106.48
"27593","zcta",2023,"education_score",NA
"27594","zcta",2023,"education_score",NA
"27596","zcta",2023,"education_score",113.87
"27597","zcta",2023,"education_score",91.2
"27599","zcta",2023,"education_score",NA
"27601","zcta",2023,"education_score",119.06
"27603","zcta",2023,"education_score",122.99
"27604","zcta",2023,"education_score",106.78
"27605","zcta",2023,"education_score",136.8
"27606","zcta",2023,"education_score",122.59
"27607","zcta",2023,"education_score",137.42
"27608","zcta",2023,"education_score",143.29
"27609","zcta",2023,"education_score",118.68
"27610","zcta",2023,"education_score",93.77
"27612","zcta",2023,"education_score",126.97
"27613","zcta",2023,"education_score",133.38
"27614","zcta",2023,"education_score",131.86
"27615","zcta",2023,"education_score",126.11
"27616","zcta",2023,"education_score",109.11
"27617","zcta",2023,"education_score",128.88
"27695","zcta",2023,"education_score",NA
"27697","zcta",2023,"education_score",NA
"27701","zcta",2023,"education_score",108.6
"27703","zcta",2023,"education_score",108
"27704","zcta",2023,"education_score",97.64
"27705","zcta",2023,"education_score",119.19
"27707","zcta",2023,"education_score",116.29
"27708","zcta",2023,"education_score",NA
"27709","zcta",2023,"education_score",NA
"27712","zcta",2023,"education_score",120.76
"27713","zcta",2023,"education_score",127.34
"27801","zcta",2023,"education_score",84.17
"27803","zcta",2023,"education_score",96.24
"27804","zcta",2023,"education_score",94.67
"27805","zcta",2023,"education_score",77.06
"27806","zcta",2023,"education_score",86.86
"27807","zcta",2023,"education_score",79.75
"27808","zcta",2023,"education_score",110.28
"27809","zcta",2023,"education_score",99.67
"27810","zcta",2023,"education_score",80.06
"27812","zcta",2023,"education_score",95.94
"27813","zcta",2023,"education_score",90.9
"27814","zcta",2023,"education_score",91.89
"27815","zcta",2023,"education_score",NA
"27816","zcta",2023,"education_score",60.18
"27817","zcta",2023,"education_score",92.02
"27818","zcta",2023,"education_score",102.44
"27819","zcta",2023,"education_score",NA
"27820","zcta",2023,"education_score",119.7
"27821","zcta",2023,"education_score",NA
"27822","zcta",2023,"education_score",96.97
"27823","zcta",2023,"education_score",65.83
"27824","zcta",2023,"education_score",76.02
"27825","zcta",2023,"education_score",107.46
"27826","zcta",2023,"education_score",NA
"27827","zcta",2023,"education_score",NA
"27828","zcta",2023,"education_score",89.13
"27829","zcta",2023,"education_score",100.37
"27830","zcta",2023,"education_score",82.84
"27831","zcta",2023,"education_score",82.77
"27832","zcta",2023,"education_score",90.69
"27834","zcta",2023,"education_score",101.49
"27837","zcta",2023,"education_score",105.64
"27839","zcta",2023,"education_score",75.25
"27840","zcta",2023,"education_score",NA
"27841","zcta",2023,"education_score",NA
"27842","zcta",2023,"education_score",118.66
"27843","zcta",2023,"education_score",72.59
"27844","zcta",2023,"education_score",56.75
"27845","zcta",2023,"education_score",89.78
"27846","zcta",2023,"education_score",80.64
"27847","zcta",2023,"education_score",79.72
"27849","zcta",2023,"education_score",86.59
"27850","zcta",2023,"education_score",100.2
"27851","zcta",2023,"education_score",78.42
"27852","zcta",2023,"education_score",101.1
"27853","zcta",2023,"education_score",96.62
"27855","zcta",2023,"education_score",87.03
"27856","zcta",2023,"education_score",92.03
"27857","zcta",2023,"education_score",NA
"27858","zcta",2023,"education_score",119.11
"27860","zcta",2023,"education_score",73.04
"27861","zcta",2023,"education_score",97.84
"27862","zcta",2023,"education_score",81.33
"27863","zcta",2023,"education_score",101.55
"27864","zcta",2023,"education_score",72.59
"27865","zcta",2023,"education_score",107.59
"27866","zcta",2023,"education_score",91.01
"27869","zcta",2023,"education_score",71.6
"27870","zcta",2023,"education_score",85
"27871","zcta",2023,"education_score",79.74
"27872","zcta",2023,"education_score",82.92
"27873","zcta",2023,"education_score",111.79
"27874","zcta",2023,"education_score",86.83
"27875","zcta",2023,"education_score",NA
"27876","zcta",2023,"education_score",90.39
"27877","zcta",2023,"education_score",NA
"27878","zcta",2023,"education_score",81.3
"27879","zcta",2023,"education_score",91.83
"27880","zcta",2023,"education_score",98.59
"27881","zcta",2023,"education_score",NA
"27882","zcta",2023,"education_score",86.27
"27883","zcta",2023,"education_score",70.41
"27884","zcta",2023,"education_score",98.25
"27885","zcta",2023,"education_score",94.27
"27886","zcta",2023,"education_score",88.51
"27888","zcta",2023,"education_score",71.2
"27889","zcta",2023,"education_score",90.34
"27890","zcta",2023,"education_score",71.38
"27891","zcta",2023,"education_score",76.76
"27892","zcta",2023,"education_score",79.86
"27893","zcta",2023,"education_score",76.96
"27896","zcta",2023,"education_score",104.86
"27897","zcta",2023,"education_score",87.85
"27909","zcta",2023,"education_score",100.17
"27910","zcta",2023,"education_score",90.26
"27915","zcta",2023,"education_score",NA
"27916","zcta",2023,"education_score",96.72
"27917","zcta",2023,"education_score",91.84
"27919","zcta",2023,"education_score",94.3
"27920","zcta",2023,"education_score",104.86
"27921","zcta",2023,"education_score",109.73
"27922","zcta",2023,"education_score",76.94
"27923","zcta",2023,"education_score",108.33
"27924","zcta",2023,"education_score",103.95
"27925","zcta",2023,"education_score",74.08
"27926","zcta",2023,"education_score",99.18
"27927","zcta",2023,"education_score",123.1
"27928","zcta",2023,"education_score",86.94
"27929","zcta",2023,"education_score",115.71
"27932","zcta",2023,"education_score",92.01
"27935","zcta",2023,"education_score",NA
"27936","zcta",2023,"education_score",118.06
"27937","zcta",2023,"education_score",85.45
"27938","zcta",2023,"education_score",92.64
"27939","zcta",2023,"education_score",88.8
"27941","zcta",2023,"education_score",85.12
"27942","zcta",2023,"education_score",NA
"27943","zcta",2023,"education_score",115.43
"27944","zcta",2023,"education_score",91.15
"27946","zcta",2023,"education_score",109.74
"27947","zcta",2023,"education_score",93.28
"27948","zcta",2023,"education_score",114.61
"27949","zcta",2023,"education_score",124.59
"27950","zcta",2023,"education_score",119.51
"27953","zcta",2023,"education_score",94.97
"27954","zcta",2023,"education_score",108.98
"27956","zcta",2023,"education_score",58.98
"27957","zcta",2023,"education_score",103.95
"27958","zcta",2023,"education_score",114.7
"27959","zcta",2023,"education_score",129.8
"27960","zcta",2023,"education_score",112.37
"27962","zcta",2023,"education_score",93.07
"27964","zcta",2023,"education_score",115
"27965","zcta",2023,"education_score",77.19
"27966","zcta",2023,"education_score",107.68
"27967","zcta",2023,"education_score",44.62
"27968","zcta",2023,"education_score",96.2
"27969","zcta",2023,"education_score",NA
"27970","zcta",2023,"education_score",89.74
"27972","zcta",2023,"education_score",121.84
"27973","zcta",2023,"education_score",86.95
"27974","zcta",2023,"education_score",105.4
"27976","zcta",2023,"education_score",96.83
"27978","zcta",2023,"education_score",67.72
"27979","zcta",2023,"education_score",91.75
"27980","zcta",2023,"education_score",118.83
"27981","zcta",2023,"education_score",106.74
"27982","zcta",2023,"education_score",NA
"27983","zcta",2023,"education_score",83.96
"27985","zcta",2023,"education_score",97.03
"27986","zcta",2023,"education_score",NA
"28001","zcta",2023,"education_score",94.21
"28006","zcta",2023,"education_score",99.49
"28007","zcta",2023,"education_score",69.65
"28009","zcta",2023,"education_score",94.78
"28012","zcta",2023,"education_score",108.97
"28016","zcta",2023,"education_score",81.64
"28017","zcta",2023,"education_score",NA
"28018","zcta",2023,"education_score",90.87
"28019","zcta",2023,"education_score",NA
"28020","zcta",2023,"education_score",99.94
"28021","zcta",2023,"education_score",95.58
"28023","zcta",2023,"education_score",92.68
"28024","zcta",2023,"education_score",NA
"28025","zcta",2023,"education_score",103.12
"28027","zcta",2023,"education_score",110.01
"28031","zcta",2023,"education_score",127.01
"28032","zcta",2023,"education_score",115.28
"28033","zcta",2023,"education_score",81.17
"28034","zcta",2023,"education_score",90.43
"28036","zcta",2023,"education_score",130.6
"28037","zcta",2023,"education_score",119.11
"28039","zcta",2023,"education_score",NA
"28040","zcta",2023,"education_score",87.26
"28041","zcta",2023,"education_score",NA
"28042","zcta",2023,"education_score",63.12
"28043","zcta",2023,"education_score",84.18
"28052","zcta",2023,"education_score",83.37
"28054","zcta",2023,"education_score",96.67
"28056","zcta",2023,"education_score",104.02
"28071","zcta",2023,"education_score",92.02
"28072","zcta",2023,"education_score",96.52
"28073","zcta",2023,"education_score",79.85
"28074","zcta",2023,"education_score",NA
"28075","zcta",2023,"education_score",116.03
"28076","zcta",2023,"education_score",NA
"28077","zcta",2023,"education_score",75.78
"28078","zcta",2023,"education_score",127.71
"28079","zcta",2023,"education_score",106.81
"28080","zcta",2023,"education_score",98.87
"28081","zcta",2023,"education_score",95.46
"28083","zcta",2023,"education_score",86.28
"28086","zcta",2023,"education_score",82.81
"28088","zcta",2023,"education_score",117.21
"28089","zcta",2023,"education_score",NA
"28090","zcta",2023,"education_score",81.85
"28091","zcta",2023,"education_score",88.09
"28092","zcta",2023,"education_score",90.26
"28097","zcta",2023,"education_score",97.95
"28098","zcta",2023,"education_score",89.84
"28101","zcta",2023,"education_score",125.6
"28102","zcta",2023,"education_score",21.09
"28103","zcta",2023,"education_score",89.53
"28104","zcta",2023,"education_score",119.9
"28105","zcta",2023,"education_score",116.57
"28107","zcta",2023,"education_score",112.69
"28108","zcta",2023,"education_score",NA
"28109","zcta",2023,"education_score",NA
"28110","zcta",2023,"education_score",86.43
"28112","zcta",2023,"education_score",87.56
"28114","zcta",2023,"education_score",96.87
"28115","zcta",2023,"education_score",110.77
"28117","zcta",2023,"education_score",121.42
"28119","zcta",2023,"education_score",82.62
"28120","zcta",2023,"education_score",107.92
"28124","zcta",2023,"education_score",99.42
"28125","zcta",2023,"education_score",116.26
"28127","zcta",2023,"education_score",93.9
"28128","zcta",2023,"education_score",89.46
"28129","zcta",2023,"education_score",102.4
"28133","zcta",2023,"education_score",86.78
"28134","zcta",2023,"education_score",109.86
"28135","zcta",2023,"education_score",75.85
"28136","zcta",2023,"education_score",NA
"28137","zcta",2023,"education_score",102.67
"28138","zcta",2023,"education_score",102.08
"28139","zcta",2023,"education_score",94.55
"28144","zcta",2023,"education_score",103.56
"28146","zcta",2023,"education_score",103.52
"28147","zcta",2023,"education_score",89.06
"28150","zcta",2023,"education_score",98.11
"28152","zcta",2023,"education_score",95.22
"28159","zcta",2023,"education_score",83.94
"28160","zcta",2023,"education_score",85.76
"28163","zcta",2023,"education_score",82.47
"28164","zcta",2023,"education_score",105.07
"28166","zcta",2023,"education_score",108.55
"28167","zcta",2023,"education_score",94.84
"28168","zcta",2023,"education_score",86.16
"28169","zcta",2023,"education_score",82.34
"28170","zcta",2023,"education_score",82.51
"28173","zcta",2023,"education_score",116.34
"28174","zcta",2023,"education_score",75.3
"28202","zcta",2023,"education_score",130.14
"28203","zcta",2023,"education_score",140.84
"28204","zcta",2023,"education_score",135.5
"28205","zcta",2023,"education_score",106.12
"28206","zcta",2023,"education_score",94.77
"28207","zcta",2023,"education_score",148.38
"28208","zcta",2023,"education_score",90.5
"28209","zcta",2023,"education_score",130.99
"28210","zcta",2023,"education_score",113.35
"28211","zcta",2023,"education_score",127.04
"28212","zcta",2023,"education_score",73.6
"28213","zcta",2023,"education_score",96.57
"28214","zcta",2023,"education_score",103.37
"28215","zcta",2023,"education_score",90.12
"28216","zcta",2023,"education_score",103.75
"28217","zcta",2023,"education_score",87.93
"28223","zcta",2023,"education_score",NA
"28226","zcta",2023,"education_score",123.26
"28227","zcta",2023,"education_score",98.88
"28244","zcta",2023,"education_score",NA
"28262","zcta",2023,"education_score",117.66
"28269","zcta",2023,"education_score",109.42
"28270","zcta",2023,"education_score",131.04
"28273","zcta",2023,"education_score",106.56
"28274","zcta",2023,"education_score",NA
"28277","zcta",2023,"education_score",129.17
"28278","zcta",2023,"education_score",125
"28280","zcta",2023,"education_score",NA
"28282","zcta",2023,"education_score",NA
"28301","zcta",2023,"education_score",95.29
"28303","zcta",2023,"education_score",109.88
"28304","zcta",2023,"education_score",98.93
"28305","zcta",2023,"education_score",115.26
"28306","zcta",2023,"education_score",99.57
"28307","zcta",2023,"education_score",110.46
"28308","zcta",2023,"education_score",NA
"28310","zcta",2023,"education_score",NA
"28311","zcta",2023,"education_score",109.65
"28312","zcta",2023,"education_score",97.35
"28314","zcta",2023,"education_score",108.51
"28315","zcta",2023,"education_score",110.95
"28318","zcta",2023,"education_score",89.37
"28320","zcta",2023,"education_score",95.47
"28323","zcta",2023,"education_score",102.87
"28325","zcta",2023,"education_score",93.52
"28326","zcta",2023,"education_score",109.38
"28327","zcta",2023,"education_score",107.64
"28328","zcta",2023,"education_score",80.45
"28330","zcta",2023,"education_score",99.24
"28331","zcta",2023,"education_score",NA
"28332","zcta",2023,"education_score",93
"28333","zcta",2023,"education_score",55.75
"28334","zcta",2023,"education_score",88.66
"28337","zcta",2023,"education_score",93.59
"28338","zcta",2023,"education_score",88.1
"28339","zcta",2023,"education_score",90.18
"28340","zcta",2023,"education_score",69.28
"28341","zcta",2023,"education_score",82.67
"28342","zcta",2023,"education_score",NA
"28343","zcta",2023,"education_score",NA
"28344","zcta",2023,"education_score",76.65
"28345","zcta",2023,"education_score",76.5
"28347","zcta",2023,"education_score",NA
"28348","zcta",2023,"education_score",100.55
"28349","zcta",2023,"education_score",91.65
"28350","zcta",2023,"education_score",NA
"28351","zcta",2023,"education_score",93.66
"28352","zcta",2023,"education_score",82.04
"28355","zcta",2023,"education_score",NA
"28356","zcta",2023,"education_score",106.13
"28357","zcta",2023,"education_score",84.88
"28358","zcta",2023,"education_score",81.79
"28359","zcta",2023,"education_score",NA
"28360","zcta",2023,"education_score",76.97
"28362","zcta",2023,"education_score",NA
"28363","zcta",2023,"education_score",79.34
"28364","zcta",2023,"education_score",82.45
"28365","zcta",2023,"education_score",77.16
"28366","zcta",2023,"education_score",85.72
"28367","zcta",2023,"education_score",78.19
"28368","zcta",2023,"education_score",NA
"28369","zcta",2023,"education_score",75.8
"28371","zcta",2023,"education_score",98.11
"28372","zcta",2023,"education_score",96.31
"28373","zcta",2023,"education_score",107.31
"28374","zcta",2023,"education_score",124.95
"28375","zcta",2023,"education_score",94.79
"28376","zcta",2023,"education_score",97.88
"28377","zcta",2023,"education_score",72.58
"28378","zcta",2023,"education_score",NA
"28379","zcta",2023,"education_score",87.5
"28382","zcta",2023,"education_score",94.9
"28383","zcta",2023,"education_score",81.59
"28384","zcta",2023,"education_score",65.91
"28385","zcta",2023,"education_score",90.58
"28386","zcta",2023,"education_score",62.54
"28387","zcta",2023,"education_score",113.72
"28390","zcta",2023,"education_score",104.82
"28391","zcta",2023,"education_score",104.33
"28392","zcta",2023,"education_score",104.35
"28393","zcta",2023,"education_score",82.8
"28394","zcta",2023,"education_score",94.84
"28395","zcta",2023,"education_score",101.81
"28396","zcta",2023,"education_score",93.96
"28398","zcta",2023,"education_score",91.06
"28399","zcta",2023,"education_score",73.86
"28401","zcta",2023,"education_score",98.08
"28403","zcta",2023,"education_score",117.3
"28405","zcta",2023,"education_score",106.37
"28409","zcta",2023,"education_score",121.3
"28411","zcta",2023,"education_score",123.13
"28412","zcta",2023,"education_score",111.99
"28420","zcta",2023,"education_score",95.74
"28421","zcta",2023,"education_score",86.7
"28422","zcta",2023,"education_score",94.59
"28423","zcta",2023,"education_score",86.17
"28424","zcta",2023,"education_score",NA
"28425","zcta",2023,"education_score",84.4
"28428","zcta",2023,"education_score",118.17
"28429","zcta",2023,"education_score",100.53
"28430","zcta",2023,"education_score",81.7
"28431","zcta",2023,"education_score",78.42
"28432","zcta",2023,"education_score",88.75
"28433","zcta",2023,"education_score",85.56
"28434","zcta",2023,"education_score",92.49
"28435","zcta",2023,"education_score",82.03
"28436","zcta",2023,"education_score",81.96
"28438","zcta",2023,"education_score",88.73
"28439","zcta",2023,"education_score",77.03
"28441","zcta",2023,"education_score",100.15
"28442","zcta",2023,"education_score",91.24
"28443","zcta",2023,"education_score",108.81
"28444","zcta",2023,"education_score",82.27
"28445","zcta",2023,"education_score",117.6
"28447","zcta",2023,"education_score",102.31
"28448","zcta",2023,"education_score",105.84
"28449","zcta",2023,"education_score",119.78
"28450","zcta",2023,"education_score",97.69
"28451","zcta",2023,"education_score",106.76
"28452","zcta",2023,"education_score",80.5
"28453","zcta",2023,"education_score",64.1
"28454","zcta",2023,"education_score",107.74
"28455","zcta",2023,"education_score",57.45
"28456","zcta",2023,"education_score",102.17
"28457","zcta",2023,"education_score",93.21
"28458","zcta",2023,"education_score",85.21
"28460","zcta",2023,"education_score",120.89
"28461","zcta",2023,"education_score",112.36
"28462","zcta",2023,"education_score",87.91
"28463","zcta",2023,"education_score",81.6
"28464","zcta",2023,"education_score",83.55
"28465","zcta",2023,"education_score",114.42
"28466","zcta",2023,"education_score",90.05
"28467","zcta",2023,"education_score",111.25
"28468","zcta",2023,"education_score",121.71
"28469","zcta",2023,"education_score",108.82
"28470","zcta",2023,"education_score",94.81
"28472","zcta",2023,"education_score",97.43
"28478","zcta",2023,"education_score",77.35
"28479","zcta",2023,"education_score",106.74
"28480","zcta",2023,"education_score",134.05
"28501","zcta",2023,"education_score",75.89
"28504","zcta",2023,"education_score",92.72
"28508","zcta",2023,"education_score",48.13
"28509","zcta",2023,"education_score",NA
"28510","zcta",2023,"education_score",101.03
"28511","zcta",2023,"education_score",102.4
"28512","zcta",2023,"education_score",NA
"28513","zcta",2023,"education_score",87.11
"28515","zcta",2023,"education_score",91.38
"28516","zcta",2023,"education_score",100.09
"28518","zcta",2023,"education_score",92.11
"28519","zcta",2023,"education_score",102.39
"28520","zcta",2023,"education_score",NA
"28521","zcta",2023,"education_score",91.07
"28523","zcta",2023,"education_score",102.07
"28524","zcta",2023,"education_score",NA
"28525","zcta",2023,"education_score",60.65
"28526","zcta",2023,"education_score",98.06
"28527","zcta",2023,"education_score",105.63
"28528","zcta",2023,"education_score",115.42
"28529","zcta",2023,"education_score",96.76
"28530","zcta",2023,"education_score",99.33
"28531","zcta",2023,"education_score",105.07
"28532","zcta",2023,"education_score",99.14
"28533","zcta",2023,"education_score",NA
"28537","zcta",2023,"education_score",NA
"28538","zcta",2023,"education_score",86.23
"28539","zcta",2023,"education_score",101.09
"28540","zcta",2023,"education_score",96.59
"28542","zcta",2023,"education_score",NA
"28543","zcta",2023,"education_score",108.66
"28544","zcta",2023,"education_score",86.51
"28546","zcta",2023,"education_score",103.95
"28547","zcta",2023,"education_score",NA
"28551","zcta",2023,"education_score",91.09
"28552","zcta",2023,"education_score",66.16
"28553","zcta",2023,"education_score",79.92
"28554","zcta",2023,"education_score",NA
"28555","zcta",2023,"education_score",99.74
"28556","zcta",2023,"education_score",127.35
"28557","zcta",2023,"education_score",109.73
"28560","zcta",2023,"education_score",102.62
"28562","zcta",2023,"education_score",105.42
"28570","zcta",2023,"education_score",98.09
"28571","zcta",2023,"education_score",121.21
"28572","zcta",2023,"education_score",88.33
"28573","zcta",2023,"education_score",84.72
"28574","zcta",2023,"education_score",103.92
"28575","zcta",2023,"education_score",NA
"28577","zcta",2023,"education_score",107.81
"28578","zcta",2023,"education_score",29.1
"28579","zcta",2023,"education_score",112.23
"28580","zcta",2023,"education_score",75.57
"28581","zcta",2023,"education_score",NA
"28582","zcta",2023,"education_score",122.22
"28584","zcta",2023,"education_score",109.3
"28585","zcta",2023,"education_score",88.9
"28586","zcta",2023,"education_score",82.13
"28587","zcta",2023,"education_score",72.88
"28589","zcta",2023,"education_score",NA
"28590","zcta",2023,"education_score",110.04
"28594","zcta",2023,"education_score",NA
"28601","zcta",2023,"education_score",103.04
"28602","zcta",2023,"education_score",94.29
"28604","zcta",2023,"education_score",110.01
"28605","zcta",2023,"education_score",116.19
"28606","zcta",2023,"education_score",76.58
"28607","zcta",2023,"education_score",117.09
"28609","zcta",2023,"education_score",94.76
"28610","zcta",2023,"education_score",83.39
"28611","zcta",2023,"education_score",86.83
"28612","zcta",2023,"education_score",81.89
"28613","zcta",2023,"education_score",91.43
"28615","zcta",2023,"education_score",85.86
"28616","zcta",2023,"education_score",NA
"28617","zcta",2023,"education_score",95.99
"28618","zcta",2023,"education_score",116.5
"28619","zcta",2023,"education_score",76.76
"28621","zcta",2023,"education_score",77.03
"28622","zcta",2023,"education_score",69.51
"28623","zcta",2023,"education_score",80.33
"28624","zcta",2023,"education_score",66.52
"28625","zcta",2023,"education_score",95.83
"28626","zcta",2023,"education_score",107.9
"28627","zcta",2023,"education_score",83.58
"28628","zcta",2023,"education_score",NA
"28629","zcta",2023,"education_score",NA
"28630","zcta",2023,"education_score",79.62
"28631","zcta",2023,"education_score",96.6
"28634","zcta",2023,"education_score",88.04
"28635","zcta",2023,"education_score",79.79
"28636","zcta",2023,"education_score",76.76
"28637","zcta",2023,"education_score",89.42
"28638","zcta",2023,"education_score",87.81
"28640","zcta",2023,"education_score",98.92
"28641","zcta",2023,"education_score",NA
"28642","zcta",2023,"education_score",91.6
"28643","zcta",2023,"education_score",82.73
"28644","zcta",2023,"education_score",114.51
"28645","zcta",2023,"education_score",82.59
"28646","zcta",2023,"education_score",118.72
"28649","zcta",2023,"education_score",71.83
"28650","zcta",2023,"education_score",95.99
"28651","zcta",2023,"education_score",97.52
"28652","zcta",2023,"education_score",NA
"28653","zcta",2023,"education_score",NA
"28654","zcta",2023,"education_score",94.03
"28655","zcta",2023,"education_score",84.48
"28657","zcta",2023,"education_score",92.33
"28658","zcta",2023,"education_score",91.99
"28659","zcta",2023,"education_score",77.95
"28660","zcta",2023,"education_score",76.93
"28662","zcta",2023,"education_score",NA
"28663","zcta",2023,"education_score",84.18
"28664","zcta",2023,"education_score",NA
"28665","zcta",2023,"education_score",71.48
"28666","zcta",2023,"education_score",66.41
"28667","zcta",2023,"education_score",75.05
"28668","zcta",2023,"education_score",NA
"28669","zcta",2023,"education_score",86.38
"28670","zcta",2023,"education_score",82.91
"28671","zcta",2023,"education_score",83.35
"28672","zcta",2023,"education_score",NA
"28673","zcta",2023,"education_score",122.52
"28675","zcta",2023,"education_score",91.25
"28676","zcta",2023,"education_score",100.79
"28677","zcta",2023,"education_score",90.03
"28678","zcta",2023,"education_score",80.5
"28679","zcta",2023,"education_score",104.36
"28681","zcta",2023,"education_score",82.36
"28682","zcta",2023,"education_score",107
"28683","zcta",2023,"education_score",89.74
"28684","zcta",2023,"education_score",118.03
"28685","zcta",2023,"education_score",58.61
"28689","zcta",2023,"education_score",59.33
"28690","zcta",2023,"education_score",108.18
"28692","zcta",2023,"education_score",117.97
"28693","zcta",2023,"education_score",103.79
"28694","zcta",2023,"education_score",87.99
"28697","zcta",2023,"education_score",92.13
"28701","zcta",2023,"education_score",106.24
"28702","zcta",2023,"education_score",107.57
"28704","zcta",2023,"education_score",104.33
"28705","zcta",2023,"education_score",96.68
"28707","zcta",2023,"education_score",NA
"28708","zcta",2023,"education_score",116.68
"28709","zcta",2023,"education_score",108.44
"28710","zcta",2023,"education_score",NA
"28711","zcta",2023,"education_score",105.59
"28712","zcta",2023,"education_score",107.52
"28713","zcta",2023,"education_score",94.89
"28714","zcta",2023,"education_score",93.92
"28715","zcta",2023,"education_score",105.36
"28716","zcta",2023,"education_score",104.58
"28717","zcta",2023,"education_score",98.14
"28718","zcta",2023,"education_score",NA
"28719","zcta",2023,"education_score",83.98
"28720","zcta",2023,"education_score",120.46
"28721","zcta",2023,"education_score",100.97
"28722","zcta",2023,"education_score",95.6
"28723","zcta",2023,"education_score",106.43
"28725","zcta",2023,"education_score",NA
"28726","zcta",2023,"education_score",84.28
"28729","zcta",2023,"education_score",101.5
"28730","zcta",2023,"education_score",114.13
"28731","zcta",2023,"education_score",95.03
"28732","zcta",2023,"education_score",106.86
"28733","zcta",2023,"education_score",NA
"28734","zcta",2023,"education_score",92.91
"28735","zcta",2023,"education_score",NA
"28736","zcta",2023,"education_score",106.04
"28739","zcta",2023,"education_score",107.42
"28740","zcta",2023,"education_score",84.97
"28741","zcta",2023,"education_score",108.8
"28742","zcta",2023,"education_score",124.7
"28743","zcta",2023,"education_score",108.45
"28745","zcta",2023,"education_score",120.89
"28746","zcta",2023,"education_score",113.45
"28747","zcta",2023,"education_score",91.02
"28748","zcta",2023,"education_score",93.06
"28749","zcta",2023,"education_score",NA
"28751","zcta",2023,"education_score",105.08
"28752","zcta",2023,"education_score",89.96
"28753","zcta",2023,"education_score",91.3
"28754","zcta",2023,"education_score",110.26
"28755","zcta",2023,"education_score",NA
"28756","zcta",2023,"education_score",88.67
"28757","zcta",2023,"education_score",NA
"28758","zcta",2023,"education_score",NA
"28759","zcta",2023,"education_score",110.95
"28761","zcta",2023,"education_score",90.41
"28762","zcta",2023,"education_score",98.27
"28763","zcta",2023,"education_score",112.91
"28766","zcta",2023,"education_score",102.67
"28768","zcta",2023,"education_score",108.18
"28770","zcta",2023,"education_score",NA
"28771","zcta",2023,"education_score",84.26
"28772","zcta",2023,"education_score",95.69
"28773","zcta",2023,"education_score",102.2
"28774","zcta",2023,"education_score",128.59
"28775","zcta",2023,"education_score",69.41
"28777","zcta",2023,"education_score",91.44
"28778","zcta",2023,"education_score",93.18
"28779","zcta",2023,"education_score",100.92
"28781","zcta",2023,"education_score",95.7
"28782","zcta",2023,"education_score",104.8
"28783","zcta",2023,"education_score",89.84
"28785","zcta",2023,"education_score",110.61
"28786","zcta",2023,"education_score",97.49
"28787","zcta",2023,"education_score",105.35
"28788","zcta",2023,"education_score",129.5
"28789","zcta",2023,"education_score",83.73
"28790","zcta",2023,"education_score",104.63
"28791","zcta",2023,"education_score",111.02
"28792","zcta",2023,"education_score",88.19
"28801","zcta",2023,"education_score",119.17
"28803","zcta",2023,"education_score",111.8
"28804","zcta",2023,"education_score",115.83
"28805","zcta",2023,"education_score",115
"28806","zcta",2023,"education_score",106.61
"28901","zcta",2023,"education_score",98.39
"28902","zcta",2023,"education_score",122.78
"28904","zcta",2023,"education_score",98.22
"28905","zcta",2023,"education_score",94.68
"28906","zcta",2023,"education_score",102.18
"28909","zcta",2023,"education_score",96.14
"27006","zcta",2023,"education_rnk",73.2772
"27007","zcta",2023,"education_rnk",5.6662
"27009","zcta",2023,"education_rnk",39.2529
"27011","zcta",2023,"education_rnk",47.6843
"27012","zcta",2023,"education_rnk",78.5974
"27013","zcta",2023,"education_rnk",44.0267
"27014","zcta",2023,"education_rnk",41.2174
"27016","zcta",2023,"education_rnk",48.9397
"27017","zcta",2023,"education_rnk",7.0912
"27018","zcta",2023,"education_rnk",54.1241
"27019","zcta",2023,"education_rnk",46.1677
"27020","zcta",2023,"education_rnk",3.834
"27021","zcta",2023,"education_rnk",54.5584
"27022","zcta",2023,"education_rnk",22.5698
"27023","zcta",2023,"education_rnk",82.1158
"27024","zcta",2023,"education_rnk",21.915
"27025","zcta",2023,"education_rnk",19.5128
"27027","zcta",2023,"education_rnk",14.1927
"27028","zcta",2023,"education_rnk",33.6308
"27030","zcta",2023,"education_rnk",18.8342
"27040","zcta",2023,"education_rnk",83.7003
"27041","zcta",2023,"education_rnk",50.7346
"27042","zcta",2023,"education_rnk",NA
"27043","zcta",2023,"education_rnk",51.1112
"27045","zcta",2023,"education_rnk",64.9408
"27046","zcta",2023,"education_rnk",55.5593
"27047","zcta",2023,"education_rnk",24.0898
"27048","zcta",2023,"education_rnk",24.4766
"27050","zcta",2023,"education_rnk",38.7202
"27051","zcta",2023,"education_rnk",53.3166
"27052","zcta",2023,"education_rnk",27.5371
"27053","zcta",2023,"education_rnk",42.3642
"27054","zcta",2023,"education_rnk",53.7679
"27055","zcta",2023,"education_rnk",34.0108
"27101","zcta",2023,"education_rnk",72.3001
"27103","zcta",2023,"education_rnk",74.631
"27104","zcta",2023,"education_rnk",83.7716
"27105","zcta",2023,"education_rnk",12.1671
"27106","zcta",2023,"education_rnk",77.1927
"27107","zcta",2023,"education_rnk",26.6854
"27109","zcta",2023,"education_rnk",NA
"27110","zcta",2023,"education_rnk",NA
"27127","zcta",2023,"education_rnk",51.6201
"27201","zcta",2023,"education_rnk",83.1439
"27202","zcta",2023,"education_rnk",NA
"27203","zcta",2023,"education_rnk",7.59
"27205","zcta",2023,"education_rnk",13.9551
"27207","zcta",2023,"education_rnk",44.5221
"27208","zcta",2023,"education_rnk",57.5883
"27209","zcta",2023,"education_rnk",14.3385
"27212","zcta",2023,"education_rnk",NA
"27213","zcta",2023,"education_rnk",NA
"27214","zcta",2023,"education_rnk",44.4203
"27215","zcta",2023,"education_rnk",67.4617
"27217","zcta",2023,"education_rnk",12.1094
"27229","zcta",2023,"education_rnk",7.3525
"27231","zcta",2023,"education_rnk",61.6429
"27233","zcta",2023,"education_rnk",76.772
"27235","zcta",2023,"education_rnk",69.5111
"27239","zcta",2023,"education_rnk",22.4952
"27242","zcta",2023,"education_rnk",30.7332
"27243","zcta",2023,"education_rnk",84.0295
"27244","zcta",2023,"education_rnk",79.3099
"27247","zcta",2023,"education_rnk",NA
"27248","zcta",2023,"education_rnk",10.1822
"27249","zcta",2023,"education_rnk",58.5824
"27252","zcta",2023,"education_rnk",10.5792
"27253","zcta",2023,"education_rnk",45.0141
"27256","zcta",2023,"education_rnk",NA
"27258","zcta",2023,"education_rnk",39.1273
"27259","zcta",2023,"education_rnk",NA
"27260","zcta",2023,"education_rnk",4.8349
"27262","zcta",2023,"education_rnk",44.7155
"27263","zcta",2023,"education_rnk",14.8441
"27265","zcta",2023,"education_rnk",73.7251
"27268","zcta",2023,"education_rnk",NA
"27278","zcta",2023,"education_rnk",81.4339
"27281","zcta",2023,"education_rnk",39.6498
"27282","zcta",2023,"education_rnk",87.4767
"27283","zcta",2023,"education_rnk",57.0726
"27284","zcta",2023,"education_rnk",71.0481
"27288","zcta",2023,"education_rnk",18.6951
"27291","zcta",2023,"education_rnk",96.7428
"27292","zcta",2023,"education_rnk",14.2028
"27295","zcta",2023,"education_rnk",34.8285
"27298","zcta",2023,"education_rnk",17.4363
"27299","zcta",2023,"education_rnk",50.4462
"27301","zcta",2023,"education_rnk",76.1748
"27302","zcta",2023,"education_rnk",67.7094
"27305","zcta",2023,"education_rnk",4.0783
"27306","zcta",2023,"education_rnk",19.6858
"27310","zcta",2023,"education_rnk",95.4094
"27311","zcta",2023,"education_rnk",10.8879
"27312","zcta",2023,"education_rnk",86.1365
"27313","zcta",2023,"education_rnk",70.9056
"27314","zcta",2023,"education_rnk",67.4312
"27315","zcta",2023,"education_rnk",5.9478
"27316","zcta",2023,"education_rnk",16.9986
"27317","zcta",2023,"education_rnk",16.2047
"27320","zcta",2023,"education_rnk",16.5202
"27325","zcta",2023,"education_rnk",3.3013
"27326","zcta",2023,"education_rnk",25.3622
"27330","zcta",2023,"education_rnk",27.4726
"27332","zcta",2023,"education_rnk",29.0673
"27340","zcta",2023,"education_rnk",NA
"27341","zcta",2023,"education_rnk",30.4584
"27342","zcta",2023,"education_rnk",NA
"27343","zcta",2023,"education_rnk",67.4109
"27344","zcta",2023,"education_rnk",6.83
"27349","zcta",2023,"education_rnk",36.4775
"27350","zcta",2023,"education_rnk",22.105
"27351","zcta",2023,"education_rnk",NA
"27355","zcta",2023,"education_rnk",9.0015
"27356","zcta",2023,"education_rnk",23.5945
"27357","zcta",2023,"education_rnk",65.6533
"27358","zcta",2023,"education_rnk",80.6806
"27360","zcta",2023,"education_rnk",15.3598
"27370","zcta",2023,"education_rnk",14.3759
"27371","zcta",2023,"education_rnk",35.2831
"27374","zcta",2023,"education_rnk",5.7917
"27376","zcta",2023,"education_rnk",65.6533
"27377","zcta",2023,"education_rnk",62.4063
"27379","zcta",2023,"education_rnk",20.8224
"27401","zcta",2023,"education_rnk",62.542
"27403","zcta",2023,"education_rnk",74.2815
"27405","zcta",2023,"education_rnk",21.0158
"27406","zcta",2023,"education_rnk",42.9274
"27407","zcta",2023,"education_rnk",62.43
"27408","zcta",2023,"education_rnk",92.0537
"27409","zcta",2023,"education_rnk",77.6032
"27410","zcta",2023,"education_rnk",85.4036
"27411","zcta",2023,"education_rnk",NA
"27412","zcta",2023,"education_rnk",NA
"27455","zcta",2023,"education_rnk",88.2401
"27501","zcta",2023,"education_rnk",23.8116
"27502","zcta",2023,"education_rnk",95.1515
"27503","zcta",2023,"education_rnk",NA
"27504","zcta",2023,"education_rnk",36.3621
"27505","zcta",2023,"education_rnk",34.7233
"27506","zcta",2023,"education_rnk",NA
"27507","zcta",2023,"education_rnk",17.097
"27508","zcta",2023,"education_rnk",36.3621
"27509","zcta",2023,"education_rnk",NA
"27510","zcta",2023,"education_rnk",87.117
"27511","zcta",2023,"education_rnk",82.5535
"27513","zcta",2023,"education_rnk",94.4831
"27514","zcta",2023,"education_rnk",94.7002
"27516","zcta",2023,"education_rnk",95.3517
"27517","zcta",2023,"education_rnk",93.36
"27518","zcta",2023,"education_rnk",95.121
"27519","zcta",2023,"education_rnk",97.4892
"27520","zcta",2023,"education_rnk",69.7689
"27521","zcta",2023,"education_rnk",11.0474
"27522","zcta",2023,"education_rnk",54.5584
"27523","zcta",2023,"education_rnk",96.9871
"27524","zcta",2023,"education_rnk",22.468
"27525","zcta",2023,"education_rnk",39.7143
"27526","zcta",2023,"education_rnk",77.4268
"27527","zcta",2023,"education_rnk",82.1837
"27529","zcta",2023,"education_rnk",75.9746
"27530","zcta",2023,"education_rnk",33.4068
"27531","zcta",2023,"education_rnk",NA
"27533","zcta",2023,"education_rnk",NA
"27534","zcta",2023,"education_rnk",55.7527
"27536","zcta",2023,"education_rnk",13.0153
"27537","zcta",2023,"education_rnk",27.1571
"27539","zcta",2023,"education_rnk",91.5753
"27540","zcta",2023,"education_rnk",94.2999
"27541","zcta",2023,"education_rnk",56.411
"27542","zcta",2023,"education_rnk",29.4507
"27544","zcta",2023,"education_rnk",36.0364
"27545","zcta",2023,"education_rnk",64.0247
"27546","zcta",2023,"education_rnk",48.8006
"27549","zcta",2023,"education_rnk",27.6321
"27551","zcta",2023,"education_rnk",54.7722
"27553","zcta",2023,"education_rnk",50.7074
"27555","zcta",2023,"education_rnk",55.6645
"27556","zcta",2023,"education_rnk",32.2057
"27557","zcta",2023,"education_rnk",11.1322
"27559","zcta",2023,"education_rnk",56.8249
"27560","zcta",2023,"education_rnk",96.5392
"27562","zcta",2023,"education_rnk",89.7567
"27563","zcta",2023,"education_rnk",23.6691
"27565","zcta",2023,"education_rnk",34.5469
"27568","zcta",2023,"education_rnk",38.4318
"27569","zcta",2023,"education_rnk",25.6777
"27570","zcta",2023,"education_rnk",NA
"27571","zcta",2023,"education_rnk",97.7471
"27572","zcta",2023,"education_rnk",86.9576
"27573","zcta",2023,"education_rnk",35.083
"27574","zcta",2023,"education_rnk",49.2586
"27576","zcta",2023,"education_rnk",13.1917
"27577","zcta",2023,"education_rnk",11.9567
"27581","zcta",2023,"education_rnk",57.4288
"27582","zcta",2023,"education_rnk",33.1999
"27583","zcta",2023,"education_rnk",65.2767
"27584","zcta",2023,"education_rnk",NA
"27587","zcta",2023,"education_rnk",92.3354
"27589","zcta",2023,"education_rnk",21.708
"27591","zcta",2023,"education_rnk",42.6797
"27592","zcta",2023,"education_rnk",63.967
"27593","zcta",2023,"education_rnk",NA
"27594","zcta",2023,"education_rnk",NA
"27596","zcta",2023,"education_rnk",77.7016
"27597","zcta",2023,"education_rnk",29.2098
"27599","zcta",2023,"education_rnk",NA
"27601","zcta",2023,"education_rnk",84.6266
"27603","zcta",2023,"education_rnk",88.8271
"27604","zcta",2023,"education_rnk",64.5438
"27605","zcta",2023,"education_rnk",97.1601
"27606","zcta",2023,"education_rnk",88.4946
"27607","zcta",2023,"education_rnk",97.3196
"27608","zcta",2023,"education_rnk",98.7243
"27609","zcta",2023,"education_rnk",84.2398
"27610","zcta",2023,"education_rnk",34.5163
"27612","zcta",2023,"education_rnk",92.0809
"27613","zcta",2023,"education_rnk",95.752
"27614","zcta",2023,"education_rnk",94.992
"27615","zcta",2023,"education_rnk",91.4871
"27616","zcta",2023,"education_rnk",69.3991
"27617","zcta",2023,"education_rnk",93.3498
"27695","zcta",2023,"education_rnk",NA
"27697","zcta",2023,"education_rnk",NA
"27701","zcta",2023,"education_rnk",68.3575
"27703","zcta",2023,"education_rnk",67.1462
"27704","zcta",2023,"education_rnk",43.2769
"27705","zcta",2023,"education_rnk",84.7691
"27707","zcta",2023,"education_rnk",81.2371
"27708","zcta",2023,"education_rnk",NA
"27709","zcta",2023,"education_rnk",NA
"27712","zcta",2023,"education_rnk",86.5233
"27713","zcta",2023,"education_rnk",92.3455
"27801","zcta",2023,"education_rnk",17.8095
"27803","zcta",2023,"education_rnk",39.8907
"27804","zcta",2023,"education_rnk",36.4435
"27805","zcta",2023,"education_rnk",10.3688
"27806","zcta",2023,"education_rnk",21.6605
"27807","zcta",2023,"education_rnk",12.7574
"27808","zcta",2023,"education_rnk",71.652
"27809","zcta",2023,"education_rnk",48.0067
"27810","zcta",2023,"education_rnk",13.0492
"27812","zcta",2023,"education_rnk",39.2698
"27813","zcta",2023,"education_rnk",28.6058
"27814","zcta",2023,"education_rnk",30.533
"27815","zcta",2023,"education_rnk",NA
"27816","zcta",2023,"education_rnk",3.0876
"27817","zcta",2023,"education_rnk",30.8418
"27818","zcta",2023,"education_rnk",54.6195
"27819","zcta",2023,"education_rnk",NA
"27820","zcta",2023,"education_rnk",85.3934
"27821","zcta",2023,"education_rnk",NA
"27822","zcta",2023,"education_rnk",41.6585
"27823","zcta",2023,"education_rnk",4.5601
"27824","zcta",2023,"education_rnk",9.5918
"27825","zcta",2023,"education_rnk",65.9858
"27826","zcta",2023,"education_rnk",NA
"27827","zcta",2023,"education_rnk",NA
"27828","zcta",2023,"education_rnk",25.3622
"27829","zcta",2023,"education_rnk",49.6895
"27830","zcta",2023,"education_rnk",16.1809
"27831","zcta",2023,"education_rnk",16.0859
"27832","zcta",2023,"education_rnk",28.1614
"27834","zcta",2023,"education_rnk",52.3768
"27837","zcta",2023,"education_rnk",62.162
"27839","zcta",2023,"education_rnk",9.0422
"27840","zcta",2023,"education_rnk",NA
"27841","zcta",2023,"education_rnk",NA
"27842","zcta",2023,"education_rnk",84.2093
"27843","zcta",2023,"education_rnk",7.5696
"27844","zcta",2023,"education_rnk",2.4463
"27845","zcta",2023,"education_rnk",26.4004
"27846","zcta",2023,"education_rnk",13.643
"27847","zcta",2023,"education_rnk",12.7201
"27849","zcta",2023,"education_rnk",21.1991
"27850","zcta",2023,"education_rnk",49.2892
"27851","zcta",2023,"education_rnk",11.5563
"27852","zcta",2023,"education_rnk",51.4641
"27853","zcta",2023,"education_rnk",40.834
"27855","zcta",2023,"education_rnk",21.9014
"27856","zcta",2023,"education_rnk",30.852
"27857","zcta",2023,"education_rnk",NA
"27858","zcta",2023,"education_rnk",84.6877
"27860","zcta",2023,"education_rnk",7.8411
"27861","zcta",2023,"education_rnk",43.7316
"27862","zcta",2023,"education_rnk",14.3148
"27863","zcta",2023,"education_rnk",52.5396
"27864","zcta",2023,"education_rnk",7.5696
"27865","zcta",2023,"education_rnk",66.2539
"27866","zcta",2023,"education_rnk",28.7925
"27869","zcta",2023,"education_rnk",7.0132
"27870","zcta",2023,"education_rnk",18.8919
"27871","zcta",2023,"education_rnk",12.7439
"27872","zcta",2023,"education_rnk",16.2657
"27873","zcta",2023,"education_rnk",74.4139
"27874","zcta",2023,"education_rnk",21.6198
"27875","zcta",2023,"education_rnk",NA
"27876","zcta",2023,"education_rnk",27.6864
"27877","zcta",2023,"education_rnk",NA
"27878","zcta",2023,"education_rnk",14.2877
"27879","zcta",2023,"education_rnk",30.3939
"27880","zcta",2023,"education_rnk",45.5366
"27881","zcta",2023,"education_rnk",NA
"27882","zcta",2023,"education_rnk",20.7003
"27883","zcta",2023,"education_rnk",6.433
"27884","zcta",2023,"education_rnk",44.6646
"27885","zcta",2023,"education_rnk",35.6224
"27886","zcta",2023,"education_rnk",24.3036
"27888","zcta",2023,"education_rnk",6.7893
"27889","zcta",2023,"education_rnk",27.5846
"27890","zcta",2023,"education_rnk",6.8843
"27891","zcta",2023,"education_rnk",10.1313
"27892","zcta",2023,"education_rnk",12.8796
"27893","zcta",2023,"education_rnk",10.2874
"27896","zcta",2023,"education_rnk",60.323
"27897","zcta",2023,"education_rnk",23.2382
"27909","zcta",2023,"education_rnk",49.2044
"27910","zcta",2023,"education_rnk",27.4421
"27915","zcta",2023,"education_rnk",NA
"27916","zcta",2023,"education_rnk",41.0817
"27917","zcta",2023,"education_rnk",30.4109
"27919","zcta",2023,"education_rnk",35.6903
"27920","zcta",2023,"education_rnk",60.323
"27921","zcta",2023,"education_rnk",70.6206
"27922","zcta",2023,"education_rnk",10.2704
"27923","zcta",2023,"education_rnk",67.8146
"27924","zcta",2023,"education_rnk",58.138
"27925","zcta",2023,"education_rnk",8.3161
"27926","zcta",2023,"education_rnk",46.8429
"27927","zcta",2023,"education_rnk",88.9187
"27928","zcta",2023,"education_rnk",21.7623
"27929","zcta",2023,"education_rnk",80.399
"27932","zcta",2023,"education_rnk",30.8113
"27935","zcta",2023,"education_rnk",NA
"27936","zcta",2023,"education_rnk",83.4832
"27937","zcta",2023,"education_rnk",19.5467
"27938","zcta",2023,"education_rnk",32.1175
"27939","zcta",2023,"education_rnk",24.7718
"27941","zcta",2023,"education_rnk",19.0412
"27942","zcta",2023,"education_rnk",NA
"27943","zcta",2023,"education_rnk",80.0054
"27944","zcta",2023,"education_rnk",29.1148
"27946","zcta",2023,"education_rnk",70.6579
"27947","zcta",2023,"education_rnk",33.4543
"27948","zcta",2023,"education_rnk",78.8383
"27949","zcta",2023,"education_rnk",90.2725
"27950","zcta",2023,"education_rnk",85.1457
"27953","zcta",2023,"education_rnk",37.095
"27954","zcta",2023,"education_rnk",69.1786
"27956","zcta",2023,"education_rnk",2.8569
"27957","zcta",2023,"education_rnk",58.138
"27958","zcta",2023,"education_rnk",78.9604
"27959","zcta",2023,"education_rnk",93.8588
"27960","zcta",2023,"education_rnk",75.3673
"27962","zcta",2023,"education_rnk",32.9963
"27964","zcta",2023,"education_rnk",79.4083
"27965","zcta",2023,"education_rnk",10.4672
"27966","zcta",2023,"education_rnk",66.471
"27967","zcta",2023,"education_rnk",1.1943
"27968","zcta",2023,"education_rnk",39.789
"27969","zcta",2023,"education_rnk",NA
"27970","zcta",2023,"education_rnk",26.3292
"27972","zcta",2023,"education_rnk",87.687
"27973","zcta",2023,"education_rnk",21.786
"27974","zcta",2023,"education_rnk",61.6123
"27976","zcta",2023,"education_rnk",41.2852
"27978","zcta",2023,"education_rnk",5.2285
"27979","zcta",2023,"education_rnk",30.2921
"27980","zcta",2023,"education_rnk",84.3823
"27981","zcta",2023,"education_rnk",64.459
"27982","zcta",2023,"education_rnk",NA
"27983","zcta",2023,"education_rnk",17.5109
"27985","zcta",2023,"education_rnk",41.8213
"27986","zcta",2023,"education_rnk",NA
"28001","zcta",2023,"education_rnk",35.4833
"28006","zcta",2023,"education_rnk",47.5961
"28007","zcta",2023,"education_rnk",6.0767
"28009","zcta",2023,"education_rnk",36.7082
"28012","zcta",2023,"education_rnk",69.1514
"28016","zcta",2023,"education_rnk",14.6846
"28017","zcta",2023,"education_rnk",NA
"28018","zcta",2023,"education_rnk",28.5278
"28019","zcta",2023,"education_rnk",NA
"28020","zcta",2023,"education_rnk",48.6038
"28021","zcta",2023,"education_rnk",38.4589
"28023","zcta",2023,"education_rnk",32.2261
"28024","zcta",2023,"education_rnk",NA
"28025","zcta",2023,"education_rnk",56.3295
"28027","zcta",2023,"education_rnk",71.1702
"28031","zcta",2023,"education_rnk",92.125
"28032","zcta",2023,"education_rnk",79.8154
"28033","zcta",2023,"education_rnk",14.1384
"28034","zcta",2023,"education_rnk",27.7576
"28036","zcta",2023,"education_rnk",94.3168
"28037","zcta",2023,"education_rnk",84.6877
"28039","zcta",2023,"education_rnk",NA
"28040","zcta",2023,"education_rnk",22.2611
"28041","zcta",2023,"education_rnk",NA
"28042","zcta",2023,"education_rnk",3.7865
"28043","zcta",2023,"education_rnk",17.8231
"28052","zcta",2023,"education_rnk",16.7815
"28054","zcta",2023,"education_rnk",40.9629
"28056","zcta",2023,"education_rnk",58.294
"28071","zcta",2023,"education_rnk",30.8418
"28072","zcta",2023,"education_rnk",40.5659
"28073","zcta",2023,"education_rnk",12.8694
"28074","zcta",2023,"education_rnk",NA
"28075","zcta",2023,"education_rnk",80.8435
"28076","zcta",2023,"education_rnk",NA
"28077","zcta",2023,"education_rnk",9.4154
"28078","zcta",2023,"education_rnk",92.583
"28079","zcta",2023,"education_rnk",64.6049
"28080","zcta",2023,"education_rnk",46.1371
"28081","zcta",2023,"education_rnk",38.157
"28083","zcta",2023,"education_rnk",20.7241
"28086","zcta",2023,"education_rnk",16.1504
"28088","zcta",2023,"education_rnk",82.3669
"28089","zcta",2023,"education_rnk",NA
"28090","zcta",2023,"education_rnk",14.9323
"28091","zcta",2023,"education_rnk",23.5945
"28092","zcta",2023,"education_rnk",27.4421
"28097","zcta",2023,"education_rnk",43.9283
"28098","zcta",2023,"education_rnk",26.509
"28101","zcta",2023,"education_rnk",91.0291
"28102","zcta",2023,"education_rnk",0.268
"28103","zcta",2023,"education_rnk",26.0306
"28104","zcta",2023,"education_rnk",85.5868
"28105","zcta",2023,"education_rnk",81.5662
"28107","zcta",2023,"education_rnk",75.8423
"28108","zcta",2023,"education_rnk",NA
"28109","zcta",2023,"education_rnk",NA
"28110","zcta",2023,"education_rnk",20.9582
"28112","zcta",2023,"education_rnk",22.7734
"28114","zcta",2023,"education_rnk",41.4074
"28115","zcta",2023,"education_rnk",72.5274
"28117","zcta",2023,"education_rnk",87.2188
"28119","zcta",2023,"education_rnk",15.8891
"28120","zcta",2023,"education_rnk",67.0105
"28124","zcta",2023,"education_rnk",47.3722
"28125","zcta",2023,"education_rnk",81.1963
"28127","zcta",2023,"education_rnk",34.8047
"28128","zcta",2023,"education_rnk",25.9085
"28129","zcta",2023,"education_rnk",54.5211
"28133","zcta",2023,"education_rnk",21.5282
"28134","zcta",2023,"education_rnk",70.9293
"28135","zcta",2023,"education_rnk",9.4866
"28136","zcta",2023,"education_rnk",NA
"28137","zcta",2023,"education_rnk",55.1861
"28138","zcta",2023,"education_rnk",53.7543
"28139","zcta",2023,"education_rnk",36.2026
"28144","zcta",2023,"education_rnk",57.3033
"28146","zcta",2023,"education_rnk",57.2151
"28147","zcta",2023,"education_rnk",25.1959
"28150","zcta",2023,"education_rnk",44.3287
"28152","zcta",2023,"education_rnk",37.6311
"28159","zcta",2023,"education_rnk",17.4668
"28160","zcta",2023,"education_rnk",20.0217
"28163","zcta",2023,"education_rnk",15.7195
"28164","zcta",2023,"education_rnk",60.7777
"28166","zcta",2023,"education_rnk",68.2489
"28167","zcta",2023,"education_rnk",36.8337
"28168","zcta",2023,"education_rnk",20.5069
"28169","zcta",2023,"education_rnk",15.5566
"28170","zcta",2023,"education_rnk",15.7636
"28173","zcta",2023,"education_rnk",81.2947
"28174","zcta",2023,"education_rnk",9.0829
"28202","zcta",2023,"education_rnk",94.0658
"28203","zcta",2023,"education_rnk",98.3273
"28204","zcta",2023,"education_rnk",96.7021
"28205","zcta",2023,"education_rnk",63.1968
"28206","zcta",2023,"education_rnk",36.6878
"28207","zcta",2023,"education_rnk",99.4605
"28208","zcta",2023,"education_rnk",27.8662
"28209","zcta",2023,"education_rnk",94.5068
"28210","zcta",2023,"education_rnk",76.85
"28211","zcta",2023,"education_rnk",92.1454
"28212","zcta",2023,"education_rnk",8.1227
"28213","zcta",2023,"education_rnk",40.6983
"28214","zcta",2023,"education_rnk",56.8724
"28215","zcta",2023,"education_rnk",27.1571
"28216","zcta",2023,"education_rnk",57.7613
"28217","zcta",2023,"education_rnk",23.34
"28223","zcta",2023,"education_rnk",NA
"28226","zcta",2023,"education_rnk",89.1019
"28227","zcta",2023,"education_rnk",46.1507
"28244","zcta",2023,"education_rnk",NA
"28262","zcta",2023,"education_rnk",82.9946
"28269","zcta",2023,"education_rnk",70.0132
"28270","zcta",2023,"education_rnk",94.5374
"28273","zcta",2023,"education_rnk",64.096
"28274","zcta",2023,"education_rnk",NA
"28277","zcta",2023,"education_rnk",93.5263
"28278","zcta",2023,"education_rnk",90.6016
"28280","zcta",2023,"education_rnk",NA
"28282","zcta",2023,"education_rnk",NA
"28301","zcta",2023,"education_rnk",37.7871
"28303","zcta",2023,"education_rnk",70.9768
"28304","zcta",2023,"education_rnk",46.2627
"28305","zcta",2023,"education_rnk",79.7849
"28306","zcta",2023,"education_rnk",47.8234
"28307","zcta",2023,"education_rnk",72.0286
"28308","zcta",2023,"education_rnk",NA
"28310","zcta",2023,"education_rnk",NA
"28311","zcta",2023,"education_rnk",70.4306
"28312","zcta",2023,"education_rnk",42.578
"28314","zcta",2023,"education_rnk",68.1607
"28315","zcta",2023,"education_rnk",72.8938
"28318","zcta",2023,"education_rnk",25.7558
"28320","zcta",2023,"education_rnk",38.1909
"28323","zcta",2023,"education_rnk",55.6849
"28325","zcta",2023,"education_rnk",33.9701
"28326","zcta",2023,"education_rnk",69.925
"28327","zcta",2023,"education_rnk",66.3658
"28328","zcta",2023,"education_rnk",13.4394
"28330","zcta",2023,"education_rnk",46.9888
"28331","zcta",2023,"education_rnk",NA
"28332","zcta",2023,"education_rnk",32.8606
"28333","zcta",2023,"education_rnk",2.2868
"28334","zcta",2023,"education_rnk",24.5241
"28337","zcta",2023,"education_rnk",34.1058
"28338","zcta",2023,"education_rnk",23.6148
"28339","zcta",2023,"education_rnk",27.3097
"28340","zcta",2023,"education_rnk",5.9003
"28341","zcta",2023,"education_rnk",15.9434
"28342","zcta",2023,"education_rnk",NA
"28343","zcta",2023,"education_rnk",NA
"28344","zcta",2023,"education_rnk",10.0567
"28345","zcta",2023,"education_rnk",9.9447
"28347","zcta",2023,"education_rnk",NA
"28348","zcta",2023,"education_rnk",50.2188
"28349","zcta",2023,"education_rnk",30.1157
"28350","zcta",2023,"education_rnk",NA
"28351","zcta",2023,"education_rnk",34.2754
"28352","zcta",2023,"education_rnk",15.1664
"28355","zcta",2023,"education_rnk",NA
"28356","zcta",2023,"education_rnk",63.2274
"28357","zcta",2023,"education_rnk",18.7731
"28358","zcta",2023,"education_rnk",14.8611
"28359","zcta",2023,"education_rnk",NA
"28360","zcta",2023,"education_rnk",10.2908
"28362","zcta",2023,"education_rnk",NA
"28363","zcta",2023,"education_rnk",12.3673
"28364","zcta",2023,"education_rnk",15.6923
"28365","zcta",2023,"education_rnk",10.4502
"28366","zcta",2023,"education_rnk",19.9606
"28367","zcta",2023,"education_rnk",11.3731
"28368","zcta",2023,"education_rnk",NA
"28369","zcta",2023,"education_rnk",9.4493
"28371","zcta",2023,"education_rnk",44.3287
"28372","zcta",2023,"education_rnk",40.0808
"28373","zcta",2023,"education_rnk",65.6533
"28374","zcta",2023,"education_rnk",90.571
"28375","zcta",2023,"education_rnk",36.7217
"28376","zcta",2023,"education_rnk",43.7926
"28377","zcta",2023,"education_rnk",7.5629
"28378","zcta",2023,"education_rnk",NA
"28379","zcta",2023,"education_rnk",22.658
"28382","zcta",2023,"education_rnk",36.9491
"28383","zcta",2023,"education_rnk",14.6371
"28384","zcta",2023,"education_rnk",4.6042
"28385","zcta",2023,"education_rnk",27.9748
"28386","zcta",2023,"education_rnk",3.6338
"28387","zcta",2023,"education_rnk",77.4947
"28390","zcta",2023,"education_rnk",60.2144
"28391","zcta",2023,"education_rnk",59.0133
"28392","zcta",2023,"education_rnk",59.0778
"28393","zcta",2023,"education_rnk",16.1334
"28394","zcta",2023,"education_rnk",36.8337
"28395","zcta",2023,"education_rnk",53.1164
"28396","zcta",2023,"education_rnk",34.9371
"28398","zcta",2023,"education_rnk",28.8942
"28399","zcta",2023,"education_rnk",8.2177
"28401","zcta",2023,"education_rnk",44.2744
"28403","zcta",2023,"education_rnk",82.4789
"28405","zcta",2023,"education_rnk",63.7329
"28409","zcta",2023,"education_rnk",87.117
"28411","zcta",2023,"education_rnk",88.9526
"28412","zcta",2023,"education_rnk",74.7226
"28420","zcta",2023,"education_rnk",38.7779
"28421","zcta",2023,"education_rnk",21.3925
"28422","zcta",2023,"education_rnk",36.2874
"28423","zcta",2023,"education_rnk",20.5273
"28424","zcta",2023,"education_rnk",NA
"28425","zcta",2023,"education_rnk",18.0945
"28428","zcta",2023,"education_rnk",83.6427
"28429","zcta",2023,"education_rnk",50.151
"28430","zcta",2023,"education_rnk",14.7559
"28431","zcta",2023,"education_rnk",11.5563
"28432","zcta",2023,"education_rnk",24.6836
"28433","zcta",2023,"education_rnk",19.7028
"28434","zcta",2023,"education_rnk",31.7952
"28435","zcta",2023,"education_rnk",15.1393
"28436","zcta",2023,"education_rnk",15.0612
"28438","zcta",2023,"education_rnk",24.6463
"28439","zcta",2023,"education_rnk",10.3417
"28441","zcta",2023,"education_rnk",49.1094
"28442","zcta",2023,"education_rnk",29.3116
"28443","zcta",2023,"education_rnk",68.8155
"28444","zcta",2023,"education_rnk",15.4582
"28445","zcta",2023,"education_rnk",82.8826
"28447","zcta",2023,"education_rnk",54.3447
"28448","zcta",2023,"education_rnk",62.542
"28449","zcta",2023,"education_rnk",85.4748
"28450","zcta",2023,"education_rnk",43.4092
"28451","zcta",2023,"education_rnk",64.4861
"28452","zcta",2023,"education_rnk",13.4937
"28453","zcta",2023,"education_rnk",4.0308
"28454","zcta",2023,"education_rnk",66.6237
"28455","zcta",2023,"education_rnk",2.5583
"28456","zcta",2023,"education_rnk",53.9714
"28457","zcta",2023,"education_rnk",33.2847
"28458","zcta",2023,"education_rnk",19.1837
"28460","zcta",2023,"education_rnk",86.6997
"28461","zcta",2023,"education_rnk",75.3469
"28462","zcta",2023,"education_rnk",23.2959
"28463","zcta",2023,"education_rnk",14.6507
"28464","zcta",2023,"education_rnk",16.9918
"28465","zcta",2023,"education_rnk",78.5974
"28466","zcta",2023,"education_rnk",26.9908
"28467","zcta",2023,"education_rnk",73.4231
"28468","zcta",2023,"education_rnk",87.5581
"28469","zcta",2023,"education_rnk",68.8359
"28470","zcta",2023,"education_rnk",36.776
"28472","zcta",2023,"education_rnk",42.7781
"28478","zcta",2023,"education_rnk",10.6097
"28479","zcta",2023,"education_rnk",64.459
"28480","zcta",2023,"education_rnk",96.0099
"28501","zcta",2023,"education_rnk",9.5274
"28504","zcta",2023,"education_rnk",32.2906
"28508","zcta",2023,"education_rnk",1.459
"28509","zcta",2023,"education_rnk",NA
"28510","zcta",2023,"education_rnk",51.3114
"28511","zcta",2023,"education_rnk",54.5211
"28512","zcta",2023,"education_rnk",NA
"28513","zcta",2023,"education_rnk",22.0303
"28515","zcta",2023,"education_rnk",29.5966
"28516","zcta",2023,"education_rnk",48.9397
"28518","zcta",2023,"education_rnk",31.0216
"28519","zcta",2023,"education_rnk",54.5041
"28520","zcta",2023,"education_rnk",NA
"28521","zcta",2023,"education_rnk",28.9044
"28523","zcta",2023,"education_rnk",53.7407
"28524","zcta",2023,"education_rnk",NA
"28525","zcta",2023,"education_rnk",3.169
"28526","zcta",2023,"education_rnk",44.2405
"28527","zcta",2023,"education_rnk",62.1416
"28528","zcta",2023,"education_rnk",79.9885
"28529","zcta",2023,"education_rnk",41.1393
"28530","zcta",2023,"education_rnk",47.1652
"28531","zcta",2023,"education_rnk",60.7777
"28532","zcta",2023,"education_rnk",46.7275
"28533","zcta",2023,"education_rnk",NA
"28537","zcta",2023,"education_rnk",NA
"28538","zcta",2023,"education_rnk",20.6324
"28539","zcta",2023,"education_rnk",51.4403
"28540","zcta",2023,"education_rnk",40.7458
"28542","zcta",2023,"education_rnk",NA
"28543","zcta",2023,"education_rnk",68.5034
"28544","zcta",2023,"education_rnk",21.0633
"28546","zcta",2023,"education_rnk",58.138
"28547","zcta",2023,"education_rnk",NA
"28551","zcta",2023,"education_rnk",28.9791
"28552","zcta",2023,"education_rnk",4.6687
"28553","zcta",2023,"education_rnk",12.9305
"28554","zcta",2023,"education_rnk",NA
"28555","zcta",2023,"education_rnk",48.1967
"28556","zcta",2023,"education_rnk",92.3489
"28557","zcta",2023,"education_rnk",70.6206
"28560","zcta",2023,"education_rnk",55.047
"28562","zcta",2023,"education_rnk",61.6666
"28570","zcta",2023,"education_rnk",44.2914
"28571","zcta",2023,"education_rnk",87.0356
"28572","zcta",2023,"education_rnk",24.0152
"28573","zcta",2023,"education_rnk",18.5661
"28574","zcta",2023,"education_rnk",58.0905
"28575","zcta",2023,"education_rnk",NA
"28577","zcta",2023,"education_rnk",66.7933
"28578","zcta",2023,"education_rnk",0.4309
"28579","zcta",2023,"education_rnk",75.1501
"28580","zcta",2023,"education_rnk",9.2627
"28581","zcta",2023,"education_rnk",NA
"28582","zcta",2023,"education_rnk",88.0637
"28584","zcta",2023,"education_rnk",69.7554
"28585","zcta",2023,"education_rnk",24.9211
"28586","zcta",2023,"education_rnk",15.2682
"28587","zcta",2023,"education_rnk",7.7529
"28589","zcta",2023,"education_rnk",NA
"28590","zcta",2023,"education_rnk",71.2075
"28594","zcta",2023,"education_rnk",NA
"28601","zcta",2023,"education_rnk",56.1395
"28602","zcta",2023,"education_rnk",35.6733
"28604","zcta",2023,"education_rnk",71.1702
"28605","zcta",2023,"education_rnk",81.0708
"28606","zcta",2023,"education_rnk",9.999
"28607","zcta",2023,"education_rnk",82.221
"28609","zcta",2023,"education_rnk",36.6607
"28610","zcta",2023,"education_rnk",16.8086
"28611","zcta",2023,"education_rnk",21.6198
"28612","zcta",2023,"education_rnk",14.9832
"28613","zcta",2023,"education_rnk",29.6746
"28615","zcta",2023,"education_rnk",20.1099
"28616","zcta",2023,"education_rnk",NA
"28617","zcta",2023,"education_rnk",39.3682
"28618","zcta",2023,"education_rnk",81.4949
"28619","zcta",2023,"education_rnk",10.1313
"28621","zcta",2023,"education_rnk",10.3417
"28622","zcta",2023,"education_rnk",6.0089
"28623","zcta",2023,"education_rnk",13.3071
"28624","zcta",2023,"education_rnk",4.8146
"28625","zcta",2023,"education_rnk",38.9848
"28626","zcta",2023,"education_rnk",66.9732
"28627","zcta",2023,"education_rnk",17.0156
"28628","zcta",2023,"education_rnk",NA
"28629","zcta",2023,"education_rnk",NA
"28630","zcta",2023,"education_rnk",12.6319
"28631","zcta",2023,"education_rnk",40.7763
"28634","zcta",2023,"education_rnk",23.5266
"28635","zcta",2023,"education_rnk",12.8083
"28636","zcta",2023,"education_rnk",10.1313
"28637","zcta",2023,"education_rnk",25.8508
"28638","zcta",2023,"education_rnk",23.1873
"28640","zcta",2023,"education_rnk",46.2389
"28641","zcta",2023,"education_rnk",NA
"28642","zcta",2023,"education_rnk",30.0071
"28643","zcta",2023,"education_rnk",16.0316
"28644","zcta",2023,"education_rnk",78.7161
"28645","zcta",2023,"education_rnk",15.8348
"28646","zcta",2023,"education_rnk",84.2771
"28649","zcta",2023,"education_rnk",7.1557
"28650","zcta",2023,"education_rnk",39.3682
"28651","zcta",2023,"education_rnk",42.9783
"28652","zcta",2023,"education_rnk",NA
"28653","zcta",2023,"education_rnk",NA
"28654","zcta",2023,"education_rnk",35.1135
"28655","zcta",2023,"education_rnk",18.2133
"28657","zcta",2023,"education_rnk",31.4627
"28658","zcta",2023,"education_rnk",30.7841
"28659","zcta",2023,"education_rnk",11.1424
"28660","zcta",2023,"education_rnk",10.2568
"28662","zcta",2023,"education_rnk",NA
"28663","zcta",2023,"education_rnk",17.8231
"28664","zcta",2023,"education_rnk",NA
"28665","zcta",2023,"education_rnk",6.9352
"28666","zcta",2023,"education_rnk",4.7739
"28667","zcta",2023,"education_rnk",8.9268
"28668","zcta",2023,"education_rnk",NA
"28669","zcta",2023,"education_rnk",20.8632
"28670","zcta",2023,"education_rnk",16.2488
"28671","zcta",2023,"education_rnk",16.7611
"28672","zcta",2023,"education_rnk",NA
"28673","zcta",2023,"education_rnk",88.3996
"28675","zcta",2023,"education_rnk",29.3421
"28676","zcta",2023,"education_rnk",50.7685
"28677","zcta",2023,"education_rnk",26.9433
"28678","zcta",2023,"education_rnk",13.4937
"28679","zcta",2023,"education_rnk",59.1117
"28681","zcta",2023,"education_rnk",15.5939
"28682","zcta",2023,"education_rnk",64.9985
"28683","zcta",2023,"education_rnk",26.3292
"28684","zcta",2023,"education_rnk",83.4527
"28685","zcta",2023,"education_rnk",2.7551
"28689","zcta",2023,"education_rnk",2.9247
"28690","zcta",2023,"education_rnk",67.5025
"28692","zcta",2023,"education_rnk",83.378
"28693","zcta",2023,"education_rnk",57.853
"28694","zcta",2023,"education_rnk",23.4384
"28697","zcta",2023,"education_rnk",31.0521
"28701","zcta",2023,"education_rnk",63.4784
"28702","zcta",2023,"education_rnk",66.203
"28704","zcta",2023,"education_rnk",59.0133
"28705","zcta",2023,"education_rnk",40.9765
"28707","zcta",2023,"education_rnk",NA
"28708","zcta",2023,"education_rnk",81.746
"28709","zcta",2023,"education_rnk",68.0352
"28710","zcta",2023,"education_rnk",NA
"28711","zcta",2023,"education_rnk",62.0568
"28712","zcta",2023,"education_rnk",66.1181
"28713","zcta",2023,"education_rnk",36.9287
"28714","zcta",2023,"education_rnk",34.8658
"28715","zcta",2023,"education_rnk",61.497
"28716","zcta",2023,"education_rnk",59.6546
"28717","zcta",2023,"education_rnk",44.383
"28718","zcta",2023,"education_rnk",NA
"28719","zcta",2023,"education_rnk",17.5211
"28720","zcta",2023,"education_rnk",86.2213
"28721","zcta",2023,"education_rnk",51.196
"28722","zcta",2023,"education_rnk",38.52
"28723","zcta",2023,"education_rnk",63.8483
"28725","zcta",2023,"education_rnk",NA
"28726","zcta",2023,"education_rnk",17.9418
"28729","zcta",2023,"education_rnk",52.4073
"28730","zcta",2023,"education_rnk",78.0884
"28731","zcta",2023,"education_rnk",37.2307
"28732","zcta",2023,"education_rnk",64.6863
"28733","zcta",2023,"education_rnk",NA
"28734","zcta",2023,"education_rnk",32.6875
"28735","zcta",2023,"education_rnk",NA
"28736","zcta",2023,"education_rnk",63.0577
"28739","zcta",2023,"education_rnk",65.8976
"28740","zcta",2023,"education_rnk",18.8613
"28741","zcta",2023,"education_rnk",68.7986
"28742","zcta",2023,"education_rnk",90.3607
"28743","zcta",2023,"education_rnk",68.0487
"28745","zcta",2023,"education_rnk",86.6997
"28746","zcta",2023,"education_rnk",77.0264
"28747","zcta",2023,"education_rnk",28.823
"28748","zcta",2023,"education_rnk",32.9861
"28749","zcta",2023,"education_rnk",NA
"28751","zcta",2023,"education_rnk",60.8116
"28752","zcta",2023,"education_rnk",26.7635
"28753","zcta",2023,"education_rnk",29.4744
"28754","zcta",2023,"education_rnk",71.6181
"28755","zcta",2023,"education_rnk",NA
"28756","zcta",2023,"education_rnk",24.5445
"28757","zcta",2023,"education_rnk",NA
"28758","zcta",2023,"education_rnk",NA
"28759","zcta",2023,"education_rnk",72.8938
"28761","zcta",2023,"education_rnk",27.7169
"28762","zcta",2023,"education_rnk",44.7155
"28763","zcta",2023,"education_rnk",76.1646
"28766","zcta",2023,"education_rnk",55.1861
"28768","zcta",2023,"education_rnk",67.5025
"28770","zcta",2023,"education_rnk",NA
"28771","zcta",2023,"education_rnk",17.9181
"28772","zcta",2023,"education_rnk",38.6964
"28773","zcta",2023,"education_rnk",54.063
"28774","zcta",2023,"education_rnk",93.1734
"28775","zcta",2023,"education_rnk",5.9648
"28777","zcta",2023,"education_rnk",29.6882
"28778","zcta",2023,"education_rnk",33.2304
"28779","zcta",2023,"education_rnk",51.0535
"28781","zcta",2023,"education_rnk",38.7202
"28782","zcta",2023,"education_rnk",60.1805
"28783","zcta",2023,"education_rnk",26.509
"28785","zcta",2023,"education_rnk",72.2424
"28786","zcta",2023,"education_rnk",42.9274
"28787","zcta",2023,"education_rnk",61.4698
"28788","zcta",2023,"education_rnk",93.7265
"28789","zcta",2023,"education_rnk",17.1954
"28790","zcta",2023,"education_rnk",59.7903
"28791","zcta",2023,"education_rnk",73.0329
"28792","zcta",2023,"education_rnk",23.7811
"28801","zcta",2023,"education_rnk",84.7555
"28803","zcta",2023,"education_rnk",74.4274
"28804","zcta",2023,"education_rnk",80.5517
"28805","zcta",2023,"education_rnk",79.4083
"28806","zcta",2023,"education_rnk",64.2249
"28901","zcta",2023,"education_rnk",45.0412
"28902","zcta",2023,"education_rnk",88.6405
"28904","zcta",2023,"education_rnk",44.5798
"28905","zcta",2023,"education_rnk",36.4775
"28906","zcta",2023,"education_rnk",53.9952
"28909","zcta",2023,"education_rnk",39.6668
"27006","zcta",2023,"education_state_rnk",80.3235
"27007","zcta",2023,"education_state_rnk",3.3693
"27009","zcta",2023,"education_state_rnk",48.3827
"27011","zcta",2023,"education_state_rnk",56.8733
"27012","zcta",2023,"education_state_rnk",83.6253
"27013","zcta",2023,"education_state_rnk",53.2345
"27014","zcta",2023,"education_state_rnk",50.9434
"27016","zcta",2023,"education_state_rnk",57.7493
"27017","zcta",2023,"education_state_rnk",5.1213
"27018","zcta",2023,"education_state_rnk",61.8598
"27019","zcta",2023,"education_state_rnk",55.6604
"27020","zcta",2023,"education_state_rnk",2.0216
"27021","zcta",2023,"education_state_rnk",62.6011
"27022","zcta",2023,"education_state_rnk",27.4933
"27023","zcta",2023,"education_state_rnk",86.7925
"27024","zcta",2023,"education_state_rnk",26.6846
"27025","zcta",2023,"education_state_rnk",23.0458
"27027","zcta",2023,"education_state_rnk",14.4205
"27028","zcta",2023,"education_state_rnk",41.5094
"27030","zcta",2023,"education_state_rnk",22.372
"27040","zcta",2023,"education_state_rnk",88.5445
"27041","zcta",2023,"education_state_rnk",59.1644
"27042","zcta",2023,"education_state_rnk",NA
"27043","zcta",2023,"education_state_rnk",59.5687
"27045","zcta",2023,"education_state_rnk",71.9677
"27046","zcta",2023,"education_state_rnk",63.4771
"27047","zcta",2023,"education_state_rnk",29.6496
"27048","zcta",2023,"education_state_rnk",29.9191
"27050","zcta",2023,"education_state_rnk",47.7763
"27051","zcta",2023,"education_state_rnk",60.9164
"27052","zcta",2023,"education_state_rnk",33.9623
"27053","zcta",2023,"education_state_rnk",51.6173
"27054","zcta",2023,"education_state_rnk",61.3208
"27055","zcta",2023,"education_state_rnk",41.779
"27101","zcta",2023,"education_state_rnk",79.6496
"27103","zcta",2023,"education_state_rnk",81.1321
"27104","zcta",2023,"education_state_rnk",88.6792
"27105","zcta",2023,"education_state_rnk",11.7251
"27106","zcta",2023,"education_state_rnk",82.7493
"27107","zcta",2023,"education_state_rnk",32.6146
"27109","zcta",2023,"education_state_rnk",NA
"27110","zcta",2023,"education_state_rnk",NA
"27127","zcta",2023,"education_state_rnk",60.2426
"27201","zcta",2023,"education_state_rnk",87.8706
"27202","zcta",2023,"education_state_rnk",NA
"27203","zcta",2023,"education_state_rnk",5.9299
"27205","zcta",2023,"education_state_rnk",14.1509
"27207","zcta",2023,"education_state_rnk",54.3127
"27208","zcta",2023,"education_state_rnk",65.2291
"27209","zcta",2023,"education_state_rnk",14.9596
"27212","zcta",2023,"education_state_rnk",NA
"27213","zcta",2023,"education_state_rnk",NA
"27214","zcta",2023,"education_state_rnk",54.1779
"27215","zcta",2023,"education_state_rnk",74.6631
"27217","zcta",2023,"education_state_rnk",11.5903
"27229","zcta",2023,"education_state_rnk",5.3908
"27231","zcta",2023,"education_state_rnk",68.5984
"27233","zcta",2023,"education_state_rnk",82.345
"27235","zcta",2023,"education_state_rnk",76.9542
"27239","zcta",2023,"education_state_rnk",27.3585
"27242","zcta",2023,"education_state_rnk",38.4097
"27243","zcta",2023,"education_state_rnk",88.814
"27244","zcta",2023,"education_state_rnk",84.2318
"27247","zcta",2023,"education_state_rnk",NA
"27248","zcta",2023,"education_state_rnk",8.8949
"27249","zcta",2023,"education_state_rnk",66.3073
"27252","zcta",2023,"education_state_rnk",10.2426
"27253","zcta",2023,"education_state_rnk",54.9865
"27256","zcta",2023,"education_state_rnk",NA
"27258","zcta",2023,"education_state_rnk",48.248
"27259","zcta",2023,"education_state_rnk",NA
"27260","zcta",2023,"education_state_rnk",3.0997
"27262","zcta",2023,"education_state_rnk",54.7844
"27263","zcta",2023,"education_state_rnk",15.7682
"27265","zcta",2023,"education_state_rnk",80.593
"27268","zcta",2023,"education_state_rnk",NA
"27278","zcta",2023,"education_state_rnk",86.2534
"27281","zcta",2023,"education_state_rnk",48.9218
"27282","zcta",2023,"education_state_rnk",92.1833
"27283","zcta",2023,"education_state_rnk",64.69
"27284","zcta",2023,"education_state_rnk",78.5714
"27288","zcta",2023,"education_state_rnk",22.1024
"27291","zcta",2023,"education_state_rnk",98.9218
"27292","zcta",2023,"education_state_rnk",14.5553
"27295","zcta",2023,"education_state_rnk",42.7224
"27298","zcta",2023,"education_state_rnk",20.4852
"27299","zcta",2023,"education_state_rnk",58.8949
"27301","zcta",2023,"education_state_rnk",82.2102
"27302","zcta",2023,"education_state_rnk",75.0674
"27305","zcta",2023,"education_state_rnk",2.2911
"27306","zcta",2023,"education_state_rnk",23.3154
"27310","zcta",2023,"education_state_rnk",98.248
"27311","zcta",2023,"education_state_rnk",10.5121
"27312","zcta",2023,"education_state_rnk",90.8356
"27313","zcta",2023,"education_state_rnk",78.1671
"27314","zcta",2023,"education_state_rnk",74.5283
"27315","zcta",2023,"education_state_rnk",3.7736
"27316","zcta",2023,"education_state_rnk",19.9461
"27317","zcta",2023,"education_state_rnk",18.8679
"27320","zcta",2023,"education_state_rnk",19.2722
"27325","zcta",2023,"education_state_rnk",1.6173
"27326","zcta",2023,"education_state_rnk",31.0647
"27330","zcta",2023,"education_state_rnk",33.8275
"27332","zcta",2023,"education_state_rnk",36.1186
"27340","zcta",2023,"education_state_rnk",NA
"27341","zcta",2023,"education_state_rnk",38.1402
"27342","zcta",2023,"education_state_rnk",NA
"27343","zcta",2023,"education_state_rnk",74.3935
"27344","zcta",2023,"education_state_rnk",4.5822
"27349","zcta",2023,"education_state_rnk",44.9461
"27350","zcta",2023,"education_state_rnk",26.9542
"27351","zcta",2023,"education_state_rnk",NA
"27355","zcta",2023,"education_state_rnk",6.8733
"27356","zcta",2023,"education_state_rnk",28.7736
"27357","zcta",2023,"education_state_rnk",72.5067
"27358","zcta",2023,"education_state_rnk",85.4447
"27360","zcta",2023,"education_state_rnk",16.8464
"27370","zcta",2023,"education_state_rnk",15.0943
"27371","zcta",2023,"education_state_rnk",43.3962
"27374","zcta",2023,"education_state_rnk",3.504
"27376","zcta",2023,"education_state_rnk",72.5067
"27377","zcta",2023,"education_state_rnk",69.2722
"27379","zcta",2023,"education_state_rnk",24.6631
"27401","zcta",2023,"education_state_rnk",69.6092
"27403","zcta",2023,"education_state_rnk",80.7278
"27405","zcta",2023,"education_state_rnk",25.0674
"27406","zcta",2023,"education_state_rnk",52.2237
"27407","zcta",2023,"education_state_rnk",69.407
"27408","zcta",2023,"education_state_rnk",94.8787
"27409","zcta",2023,"education_state_rnk",83.1536
"27410","zcta",2023,"education_state_rnk",90.4313
"27411","zcta",2023,"education_state_rnk",NA
"27412","zcta",2023,"education_state_rnk",NA
"27455","zcta",2023,"education_state_rnk",92.7224
"27501","zcta",2023,"education_state_rnk",29.3801
"27502","zcta",2023,"education_state_rnk",97.9784
"27503","zcta",2023,"education_state_rnk",NA
"27504","zcta",2023,"education_state_rnk",44.5418
"27505","zcta",2023,"education_state_rnk",42.4528
"27506","zcta",2023,"education_state_rnk",NA
"27507","zcta",2023,"education_state_rnk",20.2156
"27508","zcta",2023,"education_state_rnk",44.5418
"27509","zcta",2023,"education_state_rnk",NA
"27510","zcta",2023,"education_state_rnk",91.8464
"27511","zcta",2023,"education_state_rnk",87.4663
"27513","zcta",2023,"education_state_rnk",97.1698
"27514","zcta",2023,"education_state_rnk",97.5741
"27516","zcta",2023,"education_state_rnk",98.1132
"27517","zcta",2023,"education_state_rnk",96.2264
"27518","zcta",2023,"education_state_rnk",97.8437
"27519","zcta",2023,"education_state_rnk",99.4609
"27520","zcta",2023,"education_state_rnk",77.2237
"27521","zcta",2023,"education_state_rnk",10.6469
"27522","zcta",2023,"education_state_rnk",62.6011
"27523","zcta",2023,"education_state_rnk",99.0566
"27524","zcta",2023,"education_state_rnk",27.2237
"27525","zcta",2023,"education_state_rnk",49.1914
"27526","zcta",2023,"education_state_rnk",82.8841
"27527","zcta",2023,"education_state_rnk",86.9272
"27529","zcta",2023,"education_state_rnk",81.9407
"27530","zcta",2023,"education_state_rnk",41.2399
"27531","zcta",2023,"education_state_rnk",NA
"27533","zcta",2023,"education_state_rnk",NA
"27534","zcta",2023,"education_state_rnk",63.8814
"27536","zcta",2023,"education_state_rnk",13.0728
"27537","zcta",2023,"education_state_rnk",33.221
"27539","zcta",2023,"education_state_rnk",94.7439
"27540","zcta",2023,"education_state_rnk",96.9003
"27541","zcta",2023,"education_state_rnk",64.2857
"27542","zcta",2023,"education_state_rnk",36.7925
"27544","zcta",2023,"education_state_rnk",44.0701
"27545","zcta",2023,"education_state_rnk",70.7547
"27546","zcta",2023,"education_state_rnk",57.5472
"27549","zcta",2023,"education_state_rnk",34.2318
"27551","zcta",2023,"education_state_rnk",62.938
"27553","zcta",2023,"education_state_rnk",59.0296
"27555","zcta",2023,"education_state_rnk",63.6119
"27556","zcta",2023,"education_state_rnk",39.8922
"27557","zcta",2023,"education_state_rnk",10.7817
"27559","zcta",2023,"education_state_rnk",64.4205
"27560","zcta",2023,"education_state_rnk",98.6523
"27562","zcta",2023,"education_state_rnk",93.8005
"27563","zcta",2023,"education_state_rnk",29.1105
"27565","zcta",2023,"education_state_rnk",42.3181
"27568","zcta",2023,"education_state_rnk",47.1698
"27569","zcta",2023,"education_state_rnk",31.2668
"27570","zcta",2023,"education_state_rnk",NA
"27571","zcta",2023,"education_state_rnk",99.5957
"27572","zcta",2023,"education_state_rnk",91.5094
"27573","zcta",2023,"education_state_rnk",43.1267
"27574","zcta",2023,"education_state_rnk",58.221
"27576","zcta",2023,"education_state_rnk",13.3423
"27577","zcta",2023,"education_state_rnk",11.4555
"27581","zcta",2023,"education_state_rnk",65.0943
"27582","zcta",2023,"education_state_rnk",40.8356
"27583","zcta",2023,"education_state_rnk",72.2372
"27584","zcta",2023,"education_state_rnk",NA
"27587","zcta",2023,"education_state_rnk",95.4178
"27589","zcta",2023,"education_state_rnk",26.1456
"27591","zcta",2023,"education_state_rnk",51.8868
"27592","zcta",2023,"education_state_rnk",70.6199
"27593","zcta",2023,"education_state_rnk",NA
"27594","zcta",2023,"education_state_rnk",NA
"27596","zcta",2023,"education_state_rnk",83.2884
"27597","zcta",2023,"education_state_rnk",36.3881
"27599","zcta",2023,"education_state_rnk",NA
"27601","zcta",2023,"education_state_rnk",89.4879
"27603","zcta",2023,"education_state_rnk",93.2615
"27604","zcta",2023,"education_state_rnk",71.5633
"27605","zcta",2023,"education_state_rnk",99.1914
"27606","zcta",2023,"education_state_rnk",92.9919
"27607","zcta",2023,"education_state_rnk",99.3261
"27608","zcta",2023,"education_state_rnk",99.8652
"27609","zcta",2023,"education_state_rnk",89.0836
"27610","zcta",2023,"education_state_rnk",42.1833
"27612","zcta",2023,"education_state_rnk",95.0135
"27613","zcta",2023,"education_state_rnk",98.3827
"27614","zcta",2023,"education_state_rnk",97.7089
"27615","zcta",2023,"education_state_rnk",94.6092
"27616","zcta",2023,"education_state_rnk",76.8194
"27617","zcta",2023,"education_state_rnk",96.0916
"27695","zcta",2023,"education_state_rnk",NA
"27697","zcta",2023,"education_state_rnk",NA
"27701","zcta",2023,"education_state_rnk",75.876
"27703","zcta",2023,"education_state_rnk",74.2588
"27704","zcta",2023,"education_state_rnk",52.5606
"27705","zcta",2023,"education_state_rnk",90.027
"27707","zcta",2023,"education_state_rnk",85.9838
"27708","zcta",2023,"education_state_rnk",NA
"27709","zcta",2023,"education_state_rnk",NA
"27712","zcta",2023,"education_state_rnk",91.1051
"27713","zcta",2023,"education_state_rnk",95.5526
"27801","zcta",2023,"education_state_rnk",21.0243
"27803","zcta",2023,"education_state_rnk",49.4609
"27804","zcta",2023,"education_state_rnk",44.7439
"27805","zcta",2023,"education_state_rnk",9.8383
"27806","zcta",2023,"education_state_rnk",26.0108
"27807","zcta",2023,"education_state_rnk",12.3989
"27808","zcta",2023,"education_state_rnk",79.2453
"27809","zcta",2023,"education_state_rnk",57.1429
"27810","zcta",2023,"education_state_rnk",13.2075
"27812","zcta",2023,"education_state_rnk",48.5175
"27813","zcta",2023,"education_state_rnk",35.31
"27814","zcta",2023,"education_state_rnk",38.2749
"27815","zcta",2023,"education_state_rnk",NA
"27816","zcta",2023,"education_state_rnk",1.3477
"27817","zcta",2023,"education_state_rnk",38.8814
"27818","zcta",2023,"education_state_rnk",62.8032
"27819","zcta",2023,"education_state_rnk",NA
"27820","zcta",2023,"education_state_rnk",90.2965
"27821","zcta",2023,"education_state_rnk",NA
"27822","zcta",2023,"education_state_rnk",51.3477
"27823","zcta",2023,"education_state_rnk",2.4259
"27824","zcta",2023,"education_state_rnk",7.9515
"27825","zcta",2023,"education_state_rnk",72.9111
"27826","zcta",2023,"education_state_rnk",NA
"27827","zcta",2023,"education_state_rnk",NA
"27828","zcta",2023,"education_state_rnk",31.0647
"27829","zcta",2023,"education_state_rnk",58.4906
"27830","zcta",2023,"education_state_rnk",18.7332
"27831","zcta",2023,"education_state_rnk",18.3288
"27832","zcta",2023,"education_state_rnk",35.0404
"27834","zcta",2023,"education_state_rnk",60.3774
"27837","zcta",2023,"education_state_rnk",69.1375
"27839","zcta",2023,"education_state_rnk",7.0081
"27840","zcta",2023,"education_state_rnk",NA
"27841","zcta",2023,"education_state_rnk",NA
"27842","zcta",2023,"education_state_rnk",88.9488
"27843","zcta",2023,"education_state_rnk",5.7278
"27844","zcta",2023,"education_state_rnk",0.6739
"27845","zcta",2023,"education_state_rnk",32.2102
"27846","zcta",2023,"education_state_rnk",14.0162
"27847","zcta",2023,"education_state_rnk",12.1294
"27849","zcta",2023,"education_state_rnk",25.3369
"27850","zcta",2023,"education_state_rnk",58.3558
"27851","zcta",2023,"education_state_rnk",11.2534
"27852","zcta",2023,"education_state_rnk",60.1078
"27853","zcta",2023,"education_state_rnk",50.2695
"27855","zcta",2023,"education_state_rnk",26.5499
"27856","zcta",2023,"education_state_rnk",39.0836
"27857","zcta",2023,"education_state_rnk",NA
"27858","zcta",2023,"education_state_rnk",89.69
"27860","zcta",2023,"education_state_rnk",6.1995
"27861","zcta",2023,"education_state_rnk",52.8302
"27862","zcta",2023,"education_state_rnk",14.8248
"27863","zcta",2023,"education_state_rnk",60.6469
"27864","zcta",2023,"education_state_rnk",5.7278
"27865","zcta",2023,"education_state_rnk",73.3154
"27866","zcta",2023,"education_state_rnk",35.4447
"27869","zcta",2023,"education_state_rnk",4.9865
"27870","zcta",2023,"education_state_rnk",22.6415
"27871","zcta",2023,"education_state_rnk",12.2642
"27872","zcta",2023,"education_state_rnk",19.1375
"27873","zcta",2023,"education_state_rnk",80.8625
"27874","zcta",2023,"education_state_rnk",25.8086
"27875","zcta",2023,"education_state_rnk",NA
"27876","zcta",2023,"education_state_rnk",34.3666
"27877","zcta",2023,"education_state_rnk",NA
"27878","zcta",2023,"education_state_rnk",14.69
"27879","zcta",2023,"education_state_rnk",37.8706
"27880","zcta",2023,"education_state_rnk",55.2561
"27881","zcta",2023,"education_state_rnk",NA
"27882","zcta",2023,"education_state_rnk",24.3935
"27883","zcta",2023,"education_state_rnk",4.3127
"27884","zcta",2023,"education_state_rnk",54.5822
"27885","zcta",2023,"education_state_rnk",43.6658
"27886","zcta",2023,"education_state_rnk",29.7844
"27888","zcta",2023,"education_state_rnk",4.4474
"27889","zcta",2023,"education_state_rnk",34.097
"27890","zcta",2023,"education_state_rnk",4.717
"27891","zcta",2023,"education_state_rnk",8.6253
"27892","zcta",2023,"education_state_rnk",12.8032
"27893","zcta",2023,"education_state_rnk",9.2992
"27896","zcta",2023,"education_state_rnk",67.5876
"27897","zcta",2023,"education_state_rnk",28.0323
"27909","zcta",2023,"education_state_rnk",58.0863
"27910","zcta",2023,"education_state_rnk",33.6253
"27915","zcta",2023,"education_state_rnk",NA
"27916","zcta",2023,"education_state_rnk",50.6739
"27917","zcta",2023,"education_state_rnk",38.0054
"27919","zcta",2023,"education_state_rnk",43.9353
"27920","zcta",2023,"education_state_rnk",67.5876
"27921","zcta",2023,"education_state_rnk",77.8302
"27922","zcta",2023,"education_state_rnk",9.1644
"27923","zcta",2023,"education_state_rnk",75.2022
"27924","zcta",2023,"education_state_rnk",65.903
"27925","zcta",2023,"education_state_rnk",6.6038
"27926","zcta",2023,"education_state_rnk",56.1995
"27927","zcta",2023,"education_state_rnk",93.3962
"27928","zcta",2023,"education_state_rnk",26.2803
"27929","zcta",2023,"education_state_rnk",85.1752
"27932","zcta",2023,"education_state_rnk",38.6792
"27935","zcta",2023,"education_state_rnk",NA
"27936","zcta",2023,"education_state_rnk",88.2749
"27937","zcta",2023,"education_state_rnk",23.1806
"27938","zcta",2023,"education_state_rnk",39.7574
"27939","zcta",2023,"education_state_rnk",30.593
"27941","zcta",2023,"education_state_rnk",22.7763
"27942","zcta",2023,"education_state_rnk",NA
"27943","zcta",2023,"education_state_rnk",85.0404
"27944","zcta",2023,"education_state_rnk",36.2534
"27946","zcta",2023,"education_state_rnk",78.0323
"27947","zcta",2023,"education_state_rnk",41.3747
"27948","zcta",2023,"education_state_rnk",83.9623
"27949","zcta",2023,"education_state_rnk",93.9353
"27950","zcta",2023,"education_state_rnk",90.1617
"27953","zcta",2023,"education_state_rnk",46.3612
"27954","zcta",2023,"education_state_rnk",76.6846
"27956","zcta",2023,"education_state_rnk",1.0782
"27957","zcta",2023,"education_state_rnk",65.903
"27958","zcta",2023,"education_state_rnk",84.097
"27959","zcta",2023,"education_state_rnk",96.6307
"27960","zcta",2023,"education_state_rnk",81.6712
"27962","zcta",2023,"education_state_rnk",40.7008
"27964","zcta",2023,"education_state_rnk",84.434
"27965","zcta",2023,"education_state_rnk",10.1078
"27966","zcta",2023,"education_state_rnk",73.5849
"27967","zcta",2023,"education_state_rnk",0.2695
"27968","zcta",2023,"education_state_rnk",49.3261
"27969","zcta",2023,"education_state_rnk",NA
"27970","zcta",2023,"education_state_rnk",32.0081
"27972","zcta",2023,"education_state_rnk",92.4528
"27973","zcta",2023,"education_state_rnk",26.4151
"27974","zcta",2023,"education_state_rnk",68.4636
"27976","zcta",2023,"education_state_rnk",51.0782
"27978","zcta",2023,"education_state_rnk",3.2345
"27979","zcta",2023,"education_state_rnk",37.7358
"27980","zcta",2023,"education_state_rnk",89.3531
"27981","zcta",2023,"education_state_rnk",71.2264
"27982","zcta",2023,"education_state_rnk",NA
"27983","zcta",2023,"education_state_rnk",20.7547
"27985","zcta",2023,"education_state_rnk",51.4825
"27986","zcta",2023,"education_state_rnk",NA
"28001","zcta",2023,"education_state_rnk",43.531
"28006","zcta",2023,"education_state_rnk",56.7385
"28007","zcta",2023,"education_state_rnk",4.1779
"28009","zcta",2023,"education_state_rnk",45.4178
"28012","zcta",2023,"education_state_rnk",76.5499
"28016","zcta",2023,"education_state_rnk",15.4987
"28017","zcta",2023,"education_state_rnk",NA
"28018","zcta",2023,"education_state_rnk",35.1752
"28019","zcta",2023,"education_state_rnk",NA
"28020","zcta",2023,"education_state_rnk",57.4124
"28021","zcta",2023,"education_state_rnk",47.3046
"28023","zcta",2023,"education_state_rnk",40.027
"28024","zcta",2023,"education_state_rnk",NA
"28025","zcta",2023,"education_state_rnk",64.1509
"28027","zcta",2023,"education_state_rnk",78.7736
"28031","zcta",2023,"education_state_rnk",95.1482
"28032","zcta",2023,"education_state_rnk",84.7709
"28033","zcta",2023,"education_state_rnk",14.2857
"28034","zcta",2023,"education_state_rnk",34.6361
"28036","zcta",2023,"education_state_rnk",97.035
"28037","zcta",2023,"education_state_rnk",89.69
"28039","zcta",2023,"education_state_rnk",NA
"28040","zcta",2023,"education_state_rnk",27.0889
"28041","zcta",2023,"education_state_rnk",NA
"28042","zcta",2023,"education_state_rnk",1.8868
"28043","zcta",2023,"education_state_rnk",21.2264
"28052","zcta",2023,"education_state_rnk",19.5418
"28054","zcta",2023,"education_state_rnk",50.4043
"28056","zcta",2023,"education_state_rnk",66.1725
"28071","zcta",2023,"education_state_rnk",38.8814
"28072","zcta",2023,"education_state_rnk",49.7305
"28073","zcta",2023,"education_state_rnk",12.6685
"28074","zcta",2023,"education_state_rnk",NA
"28075","zcta",2023,"education_state_rnk",85.5795
"28076","zcta",2023,"education_state_rnk",NA
"28077","zcta",2023,"education_state_rnk",7.4124
"28078","zcta",2023,"education_state_rnk",95.8221
"28079","zcta",2023,"education_state_rnk",71.6981
"28080","zcta",2023,"education_state_rnk",55.3908
"28081","zcta",2023,"education_state_rnk",46.9003
"28083","zcta",2023,"education_state_rnk",24.5283
"28086","zcta",2023,"education_state_rnk",18.5984
"28088","zcta",2023,"education_state_rnk",87.1968
"28089","zcta",2023,"education_state_rnk",NA
"28090","zcta",2023,"education_state_rnk",16.0377
"28091","zcta",2023,"education_state_rnk",28.7736
"28092","zcta",2023,"education_state_rnk",33.6253
"28097","zcta",2023,"education_state_rnk",53.0997
"28098","zcta",2023,"education_state_rnk",32.4124
"28101","zcta",2023,"education_state_rnk",94.4744
"28102","zcta",2023,"education_state_rnk",0
"28103","zcta",2023,"education_state_rnk",31.8059
"28104","zcta",2023,"education_state_rnk",90.7008
"28105","zcta",2023,"education_state_rnk",86.5229
"28107","zcta",2023,"education_state_rnk",81.8059
"28108","zcta",2023,"education_state_rnk",NA
"28109","zcta",2023,"education_state_rnk",NA
"28110","zcta",2023,"education_state_rnk",24.9326
"28112","zcta",2023,"education_state_rnk",27.7628
"28114","zcta",2023,"education_state_rnk",51.2129
"28115","zcta",2023,"education_state_rnk",79.7844
"28117","zcta",2023,"education_state_rnk",92.0485
"28119","zcta",2023,"education_state_rnk",17.9245
"28120","zcta",2023,"education_state_rnk",74.124
"28124","zcta",2023,"education_state_rnk",56.6038
"28125","zcta",2023,"education_state_rnk",85.8491
"28127","zcta",2023,"education_state_rnk",42.5876
"28128","zcta",2023,"education_state_rnk",31.6712
"28129","zcta",2023,"education_state_rnk",62.3315
"28133","zcta",2023,"education_state_rnk",25.6065
"28134","zcta",2023,"education_state_rnk",78.3019
"28135","zcta",2023,"education_state_rnk",7.6819
"28136","zcta",2023,"education_state_rnk",NA
"28137","zcta",2023,"education_state_rnk",63.2749
"28138","zcta",2023,"education_state_rnk",61.186
"28139","zcta",2023,"education_state_rnk",44.2049
"28144","zcta",2023,"education_state_rnk",64.9596
"28146","zcta",2023,"education_state_rnk",64.8248
"28147","zcta",2023,"education_state_rnk",30.8625
"28150","zcta",2023,"education_state_rnk",53.841
"28152","zcta",2023,"education_state_rnk",46.6307
"28159","zcta",2023,"education_state_rnk",20.6199
"28160","zcta",2023,"education_state_rnk",23.7197
"28163","zcta",2023,"education_state_rnk",17.5202
"28164","zcta",2023,"education_state_rnk",67.8571
"28166","zcta",2023,"education_state_rnk",75.7412
"28167","zcta",2023,"education_state_rnk",45.8895
"28168","zcta",2023,"education_state_rnk",23.9892
"28169","zcta",2023,"education_state_rnk",17.1159
"28170","zcta",2023,"education_state_rnk",17.655
"28173","zcta",2023,"education_state_rnk",86.1186
"28174","zcta",2023,"education_state_rnk",7.1429
"28202","zcta",2023,"education_state_rnk",96.7655
"28203","zcta",2023,"education_state_rnk",99.7305
"28204","zcta",2023,"education_state_rnk",98.7871
"28205","zcta",2023,"education_state_rnk",69.9461
"28206","zcta",2023,"education_state_rnk",45.283
"28207","zcta",2023,"education_state_rnk",100
"28208","zcta",2023,"education_state_rnk",34.7709
"28209","zcta",2023,"education_state_rnk",97.3046
"28210","zcta",2023,"education_state_rnk",82.4798
"28211","zcta",2023,"education_state_rnk",95.283
"28212","zcta",2023,"education_state_rnk",6.3342
"28213","zcta",2023,"education_state_rnk",49.8652
"28214","zcta",2023,"education_state_rnk",64.5553
"28215","zcta",2023,"education_state_rnk",33.221
"28216","zcta",2023,"education_state_rnk",65.3639
"28217","zcta",2023,"education_state_rnk",28.3019
"28223","zcta",2023,"education_state_rnk",NA
"28226","zcta",2023,"education_state_rnk",93.6658
"28227","zcta",2023,"education_state_rnk",55.5256
"28244","zcta",2023,"education_state_rnk",NA
"28262","zcta",2023,"education_state_rnk",87.7358
"28269","zcta",2023,"education_state_rnk",77.4933
"28270","zcta",2023,"education_state_rnk",97.4394
"28273","zcta",2023,"education_state_rnk",70.8895
"28274","zcta",2023,"education_state_rnk",NA
"28277","zcta",2023,"education_state_rnk",96.3612
"28278","zcta",2023,"education_state_rnk",94.3396
"28280","zcta",2023,"education_state_rnk",NA
"28282","zcta",2023,"education_state_rnk",NA
"28301","zcta",2023,"education_state_rnk",46.7655
"28303","zcta",2023,"education_state_rnk",78.4367
"28304","zcta",2023,"education_state_rnk",55.9299
"28305","zcta",2023,"education_state_rnk",84.6361
"28306","zcta",2023,"education_state_rnk",57.0081
"28307","zcta",2023,"education_state_rnk",79.3801
"28308","zcta",2023,"education_state_rnk",NA
"28310","zcta",2023,"education_state_rnk",NA
"28311","zcta",2023,"education_state_rnk",77.628
"28312","zcta",2023,"education_state_rnk",51.752
"28314","zcta",2023,"education_state_rnk",75.6065
"28315","zcta",2023,"education_state_rnk",79.9865
"28318","zcta",2023,"education_state_rnk",31.4016
"28320","zcta",2023,"education_state_rnk",47.035
"28323","zcta",2023,"education_state_rnk",63.7466
"28325","zcta",2023,"education_state_rnk",41.6442
"28326","zcta",2023,"education_state_rnk",77.3585
"28327","zcta",2023,"education_state_rnk",73.4501
"28328","zcta",2023,"education_state_rnk",13.6119
"28330","zcta",2023,"education_state_rnk",56.3342
"28331","zcta",2023,"education_state_rnk",NA
"28332","zcta",2023,"education_state_rnk",40.4313
"28333","zcta",2023,"education_state_rnk",0.5391
"28334","zcta",2023,"education_state_rnk",30.0539
"28337","zcta",2023,"education_state_rnk",41.9137
"28338","zcta",2023,"education_state_rnk",28.9757
"28339","zcta",2023,"education_state_rnk",33.4232
"28340","zcta",2023,"education_state_rnk",3.6388
"28341","zcta",2023,"education_state_rnk",18.0593
"28342","zcta",2023,"education_state_rnk",NA
"28343","zcta",2023,"education_state_rnk",NA
"28344","zcta",2023,"education_state_rnk",8.3558
"28345","zcta",2023,"education_state_rnk",8.0863
"28347","zcta",2023,"education_state_rnk",NA
"28348","zcta",2023,"education_state_rnk",58.7601
"28349","zcta",2023,"education_state_rnk",37.6011
"28350","zcta",2023,"education_state_rnk",NA
"28351","zcta",2023,"education_state_rnk",42.0485
"28352","zcta",2023,"education_state_rnk",16.5768
"28355","zcta",2023,"education_state_rnk",NA
"28356","zcta",2023,"education_state_rnk",70.0809
"28357","zcta",2023,"education_state_rnk",22.2372
"28358","zcta",2023,"education_state_rnk",15.903
"28359","zcta",2023,"education_state_rnk",NA
"28360","zcta",2023,"education_state_rnk",9.434
"28362","zcta",2023,"education_state_rnk",NA
"28363","zcta",2023,"education_state_rnk",11.8598
"28364","zcta",2023,"education_state_rnk",17.3854
"28365","zcta",2023,"education_state_rnk",9.973
"28366","zcta",2023,"education_state_rnk",23.5849
"28367","zcta",2023,"education_state_rnk",11.0512
"28368","zcta",2023,"education_state_rnk",NA
"28369","zcta",2023,"education_state_rnk",7.5472
"28371","zcta",2023,"education_state_rnk",53.841
"28372","zcta",2023,"education_state_rnk",49.5957
"28373","zcta",2023,"education_state_rnk",72.5067
"28374","zcta",2023,"education_state_rnk",94.2049
"28375","zcta",2023,"education_state_rnk",45.5526
"28376","zcta",2023,"education_state_rnk",52.965
"28377","zcta",2023,"education_state_rnk",5.5256
"28378","zcta",2023,"education_state_rnk",NA
"28379","zcta",2023,"education_state_rnk",27.628
"28382","zcta",2023,"education_state_rnk",46.2264
"28383","zcta",2023,"education_state_rnk",15.2291
"28384","zcta",2023,"education_state_rnk",2.5606
"28385","zcta",2023,"education_state_rnk",34.9057
"28386","zcta",2023,"education_state_rnk",1.752
"28387","zcta",2023,"education_state_rnk",83.0189
"28390","zcta",2023,"education_state_rnk",67.3854
"28391","zcta",2023,"education_state_rnk",66.5094
"28392","zcta",2023,"education_state_rnk",66.7116
"28393","zcta",2023,"education_state_rnk",18.4636
"28394","zcta",2023,"education_state_rnk",45.8895
"28395","zcta",2023,"education_state_rnk",60.7817
"28396","zcta",2023,"education_state_rnk",42.9919
"28398","zcta",2023,"education_state_rnk",35.7143
"28399","zcta",2023,"education_state_rnk",6.469
"28401","zcta",2023,"education_state_rnk",53.504
"28403","zcta",2023,"education_state_rnk",87.3315
"28405","zcta",2023,"education_state_rnk",70.3504
"28409","zcta",2023,"education_state_rnk",91.8464
"28411","zcta",2023,"education_state_rnk",93.531
"28412","zcta",2023,"education_state_rnk",81.2668
"28420","zcta",2023,"education_state_rnk",47.9784
"28421","zcta",2023,"education_state_rnk",25.4717
"28422","zcta",2023,"education_state_rnk",44.3396
"28423","zcta",2023,"education_state_rnk",24.124
"28424","zcta",2023,"education_state_rnk",NA
"28425","zcta",2023,"education_state_rnk",21.6981
"28428","zcta",2023,"education_state_rnk",88.4097
"28429","zcta",2023,"education_state_rnk",58.6253
"28430","zcta",2023,"education_state_rnk",15.6334
"28431","zcta",2023,"education_state_rnk",11.2534
"28432","zcta",2023,"education_state_rnk",30.4582
"28433","zcta",2023,"education_state_rnk",23.4501
"28434","zcta",2023,"education_state_rnk",39.6226
"28435","zcta",2023,"education_state_rnk",16.442
"28436","zcta",2023,"education_state_rnk",16.3073
"28438","zcta",2023,"education_state_rnk",30.3235
"28439","zcta",2023,"education_state_rnk",9.6361
"28441","zcta",2023,"education_state_rnk",57.9515
"28442","zcta",2023,"education_state_rnk",36.5229
"28443","zcta",2023,"education_state_rnk",76.2803
"28444","zcta",2023,"education_state_rnk",16.9811
"28445","zcta",2023,"education_state_rnk",87.6011
"28447","zcta",2023,"education_state_rnk",61.9946
"28448","zcta",2023,"education_state_rnk",69.6092
"28449","zcta",2023,"education_state_rnk",90.566
"28450","zcta",2023,"education_state_rnk",52.6954
"28451","zcta",2023,"education_state_rnk",71.4286
"28452","zcta",2023,"education_state_rnk",13.814
"28453","zcta",2023,"education_state_rnk",2.1563
"28454","zcta",2023,"education_state_rnk",73.7197
"28455","zcta",2023,"education_state_rnk",0.8086
"28456","zcta",2023,"education_state_rnk",61.4555
"28457","zcta",2023,"education_state_rnk",41.1051
"28458","zcta",2023,"education_state_rnk",22.9111
"28460","zcta",2023,"education_state_rnk",91.3073
"28461","zcta",2023,"education_state_rnk",81.5364
"28462","zcta",2023,"education_state_rnk",28.1671
"28463","zcta",2023,"education_state_rnk",15.3639
"28464","zcta",2023,"education_state_rnk",19.8113
"28465","zcta",2023,"education_state_rnk",83.6253
"28466","zcta",2023,"education_state_rnk",33.0189
"28467","zcta",2023,"education_state_rnk",80.4582
"28468","zcta",2023,"education_state_rnk",92.3181
"28469","zcta",2023,"education_state_rnk",76.4151
"28470","zcta",2023,"education_state_rnk",45.6873
"28472","zcta",2023,"education_state_rnk",52.0216
"28478","zcta",2023,"education_state_rnk",10.3774
"28479","zcta",2023,"education_state_rnk",71.2264
"28480","zcta",2023,"education_state_rnk",98.5175
"28501","zcta",2023,"education_state_rnk",7.8167
"28504","zcta",2023,"education_state_rnk",40.1617
"28508","zcta",2023,"education_state_rnk",0.4043
"28509","zcta",2023,"education_state_rnk",NA
"28510","zcta",2023,"education_state_rnk",59.8383
"28511","zcta",2023,"education_state_rnk",62.3315
"28512","zcta",2023,"education_state_rnk",NA
"28513","zcta",2023,"education_state_rnk",26.8194
"28515","zcta",2023,"education_state_rnk",37.062
"28516","zcta",2023,"education_state_rnk",57.7493
"28518","zcta",2023,"education_state_rnk",39.2183
"28519","zcta",2023,"education_state_rnk",62.1294
"28520","zcta",2023,"education_state_rnk",NA
"28521","zcta",2023,"education_state_rnk",35.8491
"28523","zcta",2023,"education_state_rnk",61.0512
"28524","zcta",2023,"education_state_rnk",NA
"28525","zcta",2023,"education_state_rnk",1.4825
"28526","zcta",2023,"education_state_rnk",53.3693
"28527","zcta",2023,"education_state_rnk",69.0027
"28528","zcta",2023,"education_state_rnk",84.9057
"28529","zcta",2023,"education_state_rnk",50.8086
"28530","zcta",2023,"education_state_rnk",56.469
"28531","zcta",2023,"education_state_rnk",67.8571
"28532","zcta",2023,"education_state_rnk",56.0647
"28533","zcta",2023,"education_state_rnk",NA
"28537","zcta",2023,"education_state_rnk",NA
"28538","zcta",2023,"education_state_rnk",24.2588
"28539","zcta",2023,"education_state_rnk",59.973
"28540","zcta",2023,"education_state_rnk",50
"28542","zcta",2023,"education_state_rnk",NA
"28543","zcta",2023,"education_state_rnk",76.0108
"28544","zcta",2023,"education_state_rnk",25.2022
"28546","zcta",2023,"education_state_rnk",65.903
"28547","zcta",2023,"education_state_rnk",NA
"28551","zcta",2023,"education_state_rnk",35.9838
"28552","zcta",2023,"education_state_rnk",2.6954
"28553","zcta",2023,"education_state_rnk",12.938
"28554","zcta",2023,"education_state_rnk",NA
"28555","zcta",2023,"education_state_rnk",57.2776
"28556","zcta",2023,"education_state_rnk",95.6873
"28557","zcta",2023,"education_state_rnk",77.8302
"28560","zcta",2023,"education_state_rnk",63.0728
"28562","zcta",2023,"education_state_rnk",68.7332
"28570","zcta",2023,"education_state_rnk",53.6388
"28571","zcta",2023,"education_state_rnk",91.6442
"28572","zcta",2023,"education_state_rnk",29.5148
"28573","zcta",2023,"education_state_rnk",21.9677
"28574","zcta",2023,"education_state_rnk",65.6334
"28575","zcta",2023,"education_state_rnk",NA
"28577","zcta",2023,"education_state_rnk",73.8544
"28578","zcta",2023,"education_state_rnk",0.1348
"28579","zcta",2023,"education_state_rnk",81.4016
"28580","zcta",2023,"education_state_rnk",7.2776
"28581","zcta",2023,"education_state_rnk",NA
"28582","zcta",2023,"education_state_rnk",92.5876
"28584","zcta",2023,"education_state_rnk",77.0889
"28585","zcta",2023,"education_state_rnk",30.7278
"28586","zcta",2023,"education_state_rnk",16.7116
"28587","zcta",2023,"education_state_rnk",6.0647
"28589","zcta",2023,"education_state_rnk",NA
"28590","zcta",2023,"education_state_rnk",78.9757
"28594","zcta",2023,"education_state_rnk",NA
"28601","zcta",2023,"education_state_rnk",64.0162
"28602","zcta",2023,"education_state_rnk",43.8005
"28604","zcta",2023,"education_state_rnk",78.7736
"28605","zcta",2023,"education_state_rnk",85.7143
"28606","zcta",2023,"education_state_rnk",8.221
"28607","zcta",2023,"education_state_rnk",87.062
"28609","zcta",2023,"education_state_rnk",45.1482
"28610","zcta",2023,"education_state_rnk",19.6765
"28611","zcta",2023,"education_state_rnk",25.8086
"28612","zcta",2023,"education_state_rnk",16.1725
"28613","zcta",2023,"education_state_rnk",37.1968
"28615","zcta",2023,"education_state_rnk",23.8544
"28616","zcta",2023,"education_state_rnk",NA
"28617","zcta",2023,"education_state_rnk",48.7197
"28618","zcta",2023,"education_state_rnk",86.3881
"28619","zcta",2023,"education_state_rnk",8.6253
"28621","zcta",2023,"education_state_rnk",9.6361
"28622","zcta",2023,"education_state_rnk",4.0431
"28623","zcta",2023,"education_state_rnk",13.4771
"28624","zcta",2023,"education_state_rnk",2.965
"28625","zcta",2023,"education_state_rnk",48.1132
"28626","zcta",2023,"education_state_rnk",73.9892
"28627","zcta",2023,"education_state_rnk",20.0809
"28628","zcta",2023,"education_state_rnk",NA
"28629","zcta",2023,"education_state_rnk",NA
"28630","zcta",2023,"education_state_rnk",11.9946
"28631","zcta",2023,"education_state_rnk",50.1348
"28634","zcta",2023,"education_state_rnk",28.5714
"28635","zcta",2023,"education_state_rnk",12.5337
"28636","zcta",2023,"education_state_rnk",8.6253
"28637","zcta",2023,"education_state_rnk",31.5364
"28638","zcta",2023,"education_state_rnk",27.8976
"28640","zcta",2023,"education_state_rnk",55.7951
"28641","zcta",2023,"education_state_rnk",NA
"28642","zcta",2023,"education_state_rnk",37.4663
"28643","zcta",2023,"education_state_rnk",18.1941
"28644","zcta",2023,"education_state_rnk",83.8275
"28645","zcta",2023,"education_state_rnk",17.7898
"28646","zcta",2023,"education_state_rnk",89.2183
"28649","zcta",2023,"education_state_rnk",5.2561
"28650","zcta",2023,"education_state_rnk",48.7197
"28651","zcta",2023,"education_state_rnk",52.4259
"28652","zcta",2023,"education_state_rnk",NA
"28653","zcta",2023,"education_state_rnk",NA
"28654","zcta",2023,"education_state_rnk",43.2615
"28655","zcta",2023,"education_state_rnk",21.8329
"28657","zcta",2023,"education_state_rnk",39.4879
"28658","zcta",2023,"education_state_rnk",38.5445
"28659","zcta",2023,"education_state_rnk",10.9164
"28660","zcta",2023,"education_state_rnk",9.0296
"28662","zcta",2023,"education_state_rnk",NA
"28663","zcta",2023,"education_state_rnk",21.2264
"28664","zcta",2023,"education_state_rnk",NA
"28665","zcta",2023,"education_state_rnk",4.8518
"28666","zcta",2023,"education_state_rnk",2.8302
"28667","zcta",2023,"education_state_rnk",6.7385
"28668","zcta",2023,"education_state_rnk",NA
"28669","zcta",2023,"education_state_rnk",24.7978
"28670","zcta",2023,"education_state_rnk",19.0027
"28671","zcta",2023,"education_state_rnk",19.407
"28672","zcta",2023,"education_state_rnk",NA
"28673","zcta",2023,"education_state_rnk",92.8571
"28675","zcta",2023,"education_state_rnk",36.6577
"28676","zcta",2023,"education_state_rnk",59.2992
"28677","zcta",2023,"education_state_rnk",32.8841
"28678","zcta",2023,"education_state_rnk",13.814
"28679","zcta",2023,"education_state_rnk",66.8464
"28681","zcta",2023,"education_state_rnk",17.2507
"28682","zcta",2023,"education_state_rnk",72.1024
"28683","zcta",2023,"education_state_rnk",32.0081
"28684","zcta",2023,"education_state_rnk",88.1402
"28685","zcta",2023,"education_state_rnk",0.9434
"28689","zcta",2023,"education_state_rnk",1.2129
"28690","zcta",2023,"education_state_rnk",74.8652
"28692","zcta",2023,"education_state_rnk",88.0054
"28693","zcta",2023,"education_state_rnk",65.4987
"28694","zcta",2023,"education_state_rnk",28.4367
"28697","zcta",2023,"education_state_rnk",39.3531
"28701","zcta",2023,"education_state_rnk",70.2156
"28702","zcta",2023,"education_state_rnk",73.1806
"28704","zcta",2023,"education_state_rnk",66.5094
"28705","zcta",2023,"education_state_rnk",50.5391
"28707","zcta",2023,"education_state_rnk",NA
"28708","zcta",2023,"education_state_rnk",86.6577
"28709","zcta",2023,"education_state_rnk",75.3369
"28710","zcta",2023,"education_state_rnk",NA
"28711","zcta",2023,"education_state_rnk",68.8679
"28712","zcta",2023,"education_state_rnk",73.0458
"28713","zcta",2023,"education_state_rnk",46.0916
"28714","zcta",2023,"education_state_rnk",42.8571
"28715","zcta",2023,"education_state_rnk",68.3288
"28716","zcta",2023,"education_state_rnk",66.9811
"28717","zcta",2023,"education_state_rnk",54.0431
"28718","zcta",2023,"education_state_rnk",NA
"28719","zcta",2023,"education_state_rnk",20.8895
"28720","zcta",2023,"education_state_rnk",90.9704
"28721","zcta",2023,"education_state_rnk",59.7035
"28722","zcta",2023,"education_state_rnk",47.4394
"28723","zcta",2023,"education_state_rnk",70.4852
"28725","zcta",2023,"education_state_rnk",NA
"28726","zcta",2023,"education_state_rnk",21.5633
"28729","zcta",2023,"education_state_rnk",60.5121
"28730","zcta",2023,"education_state_rnk",83.4232
"28731","zcta",2023,"education_state_rnk",46.496
"28732","zcta",2023,"education_state_rnk",71.8329
"28733","zcta",2023,"education_state_rnk",NA
"28734","zcta",2023,"education_state_rnk",40.2965
"28735","zcta",2023,"education_state_rnk",NA
"28736","zcta",2023,"education_state_rnk",69.8113
"28739","zcta",2023,"education_state_rnk",72.7763
"28740","zcta",2023,"education_state_rnk",22.5067
"28741","zcta",2023,"education_state_rnk",76.1456
"28742","zcta",2023,"education_state_rnk",94.0701
"28743","zcta",2023,"education_state_rnk",75.4717
"28745","zcta",2023,"education_state_rnk",91.3073
"28746","zcta",2023,"education_state_rnk",82.6146
"28747","zcta",2023,"education_state_rnk",35.5795
"28748","zcta",2023,"education_state_rnk",40.566
"28749","zcta",2023,"education_state_rnk",NA
"28751","zcta",2023,"education_state_rnk",68.0593
"28752","zcta",2023,"education_state_rnk",32.7493
"28753","zcta",2023,"education_state_rnk",36.9272
"28754","zcta",2023,"education_state_rnk",79.1105
"28755","zcta",2023,"education_state_rnk",NA
"28756","zcta",2023,"education_state_rnk",30.1887
"28757","zcta",2023,"education_state_rnk",NA
"28758","zcta",2023,"education_state_rnk",NA
"28759","zcta",2023,"education_state_rnk",79.9865
"28761","zcta",2023,"education_state_rnk",34.5013
"28762","zcta",2023,"education_state_rnk",54.7844
"28763","zcta",2023,"education_state_rnk",82.0755
"28766","zcta",2023,"education_state_rnk",63.2749
"28768","zcta",2023,"education_state_rnk",74.8652
"28770","zcta",2023,"education_state_rnk",NA
"28771","zcta",2023,"education_state_rnk",21.4286
"28772","zcta",2023,"education_state_rnk",47.5741
"28773","zcta",2023,"education_state_rnk",61.7251
"28774","zcta",2023,"education_state_rnk",95.9569
"28775","zcta",2023,"education_state_rnk",3.9084
"28777","zcta",2023,"education_state_rnk",37.3315
"28778","zcta",2023,"education_state_rnk",40.9704
"28779","zcta",2023,"education_state_rnk",59.434
"28781","zcta",2023,"education_state_rnk",47.7763
"28782","zcta",2023,"education_state_rnk",67.2507
"28783","zcta",2023,"education_state_rnk",32.4124
"28785","zcta",2023,"education_state_rnk",79.5148
"28786","zcta",2023,"education_state_rnk",52.2237
"28787","zcta",2023,"education_state_rnk",68.1941
"28788","zcta",2023,"education_state_rnk",96.496
"28789","zcta",2023,"education_state_rnk",20.3504
"28790","zcta",2023,"education_state_rnk",67.1159
"28791","zcta",2023,"education_state_rnk",80.1887
"28792","zcta",2023,"education_state_rnk",29.2453
"28801","zcta",2023,"education_state_rnk",89.8922
"28803","zcta",2023,"education_state_rnk",80.9973
"28804","zcta",2023,"education_state_rnk",85.31
"28805","zcta",2023,"education_state_rnk",84.434
"28806","zcta",2023,"education_state_rnk",71.0243
"28901","zcta",2023,"education_state_rnk",55.1213
"28902","zcta",2023,"education_state_rnk",93.1267
"28904","zcta",2023,"education_state_rnk",54.4474
"28905","zcta",2023,"education_state_rnk",44.9461
"28906","zcta",2023,"education_state_rnk",61.5903
"28909","zcta",2023,"education_state_rnk",49.0566
