"geoid","geolevel","year","attainment_score","education_quality_score","enrollment_score","education_access_score","level","value"
"35004","zcta",2019,112.59,98.1,110.17,88.22,"education_score",106.96
"35005","zcta",2019,91.53,91.87,102.2,94.57,"education_score",90.44
"35006","zcta",2019,89.63,89.65,104.25,93.92,"education_score",87.44
"35007","zcta",2019,101.44,102.87,111.34,93.21,"education_score",100.61
"35010","zcta",2019,84.67,94.89,99.64,91.22,"education_score",86.3
"35013","zcta",2019,NA,NA,NA,NA,"education_score",NA
"35014","zcta",2019,76.5,88.61,97.17,96.31,"education_score",77.84
"35016","zcta",2019,96.15,96.14,106.3,94.26,"education_score",94.54
"35019","zcta",2019,92,86.98,97.63,90.14,"education_score",89.56
"35020","zcta",2019,83.62,86.54,98.81,107.29,"education_score",82.65
"35022","zcta",2019,109.16,104.92,93.18,105.35,"education_score",110.13
"35023","zcta",2019,100.59,103.51,99.08,102.28,"education_score",101.43
"35031","zcta",2019,79.94,96.02,93.24,95.73,"education_score",84.2
"35032","zcta",2019,NA,NA,NA,NA,"education_score",NA
"35033","zcta",2019,78.88,80.78,121.96,85.16,"education_score",73.15
"35034","zcta",2019,80.27,90.58,87.53,92.44,"education_score",82.95
"35035","zcta",2019,106.98,144.52,59.79,89.14,"education_score",124.87
"35036","zcta",2019,60.06,106.51,137.45,100.72,"education_score",63.19
"35040","zcta",2019,104.96,101.02,121.63,107.21,"education_score",100.59
"35042","zcta",2019,90.78,98.93,90.81,96.85,"education_score",93.69
"35043","zcta",2019,121.15,115,132.36,101.46,"education_score",115.79
"35044","zcta",2019,81.93,93.53,97.81,101.46,"education_score",83.28
"35045","zcta",2019,88.78,109.58,105.11,97.38,"education_score",92.45
"35046","zcta",2019,96.88,89.62,101.39,93.4,"education_score",93.76
"35049","zcta",2019,82.59,107.33,100.34,101.49,"education_score",87.48
"35051","zcta",2019,96.51,107.71,100.45,108.51,"education_score",99.37
"35052","zcta",2019,NA,NA,NA,NA,"education_score",NA
"35053","zcta",2019,92.15,119.49,84.16,88.96,"education_score",102.79
"35054","zcta",2019,85.08,127.03,76.71,92.83,"education_score",100.37
"35055","zcta",2019,90.38,91.54,102.39,122.41,"education_score",88.64
"35057","zcta",2019,89.17,95.5,98.64,96.26,"education_score",89.95
"35058","zcta",2019,88.93,99.01,83.26,112.8,"education_score",93.22
"35060","zcta",2019,76.06,60.69,98.06,83.17,"education_score",72.97
"35061","zcta",2019,96.86,105.42,77.1,88.01,"education_score",102.61
"35062","zcta",2019,87.6,76.76,107.32,92.64,"education_score",81.92
"35063","zcta",2019,77.52,70.6,86.66,91.92,"education_score",75.31
"35064","zcta",2019,102.87,86.11,101.55,95.27,"education_score",97.78
"35068","zcta",2019,100.49,119.23,85.05,93.66,"education_score",109.24
"35070","zcta",2019,53.69,106.51,110.21,86.16,"education_score",62.5
"35071","zcta",2019,110.67,112.56,103.65,108.66,"education_score",111.32
"35072","zcta",2019,75.52,87.66,99.78,90.39,"education_score",76.79
"35073","zcta",2019,98.82,102.82,90.5,99.7,"education_score",100.63
"35074","zcta",2019,NA,NA,NA,NA,"education_score",NA
"35077","zcta",2019,80.76,75.99,96.71,102.44,"education_score",77.96
"35078","zcta",2019,86.76,91.25,96.2,94.89,"education_score",87.49
"35079","zcta",2019,103.51,103,100.44,92.34,"education_score",102.84
"35080","zcta",2019,117.99,108.61,121.17,103.21,"education_score",113.88
"35082","zcta",2019,NA,NA,NA,NA,"education_score",NA
"35083","zcta",2019,71.72,100.32,96.88,87.4,"education_score",78.15
"35085","zcta",2019,79.67,92.27,101.12,91.33,"education_score",80.99
"35087","zcta",2019,75.89,90.5,103.56,92.88,"education_score",76.98
"35089","zcta",2019,81.75,118.27,68.38,84.17,"education_score",96.58
"35091","zcta",2019,112.66,106.59,122.92,92.9,"education_score",108.15
"35094","zcta",2019,103.61,106.16,105.66,101.36,"education_score",103.74
"35096","zcta",2019,90.03,107.63,87.32,97.64,"education_score",96.02
"35097","zcta",2019,83.43,93.86,117.37,90.54,"education_score",81.16
"35098","zcta",2019,84.36,101.84,94.41,88.73,"education_score",88.65
"35111","zcta",2019,109.87,100.05,108.34,101.54,"education_score",106.43
"35112","zcta",2019,91.62,106.51,86.59,124.07,"education_score",95.05
"35114","zcta",2019,113.08,134.9,112.3,91.27,"education_score",119.93
"35115","zcta",2019,98.3,66.95,109.06,108.37,"education_score",87.41
"35116","zcta",2019,108.7,107.54,102.04,98.44,"education_score",108.79
"35117","zcta",2019,107.54,128.88,101.85,96.73,"education_score",114.15
"35118","zcta",2019,93.99,112.71,99.69,86.52,"education_score",99.09
"35119","zcta",2019,61.23,106.51,159.84,88.15,"education_score",60.77
"35120","zcta",2019,96.5,119.75,110.73,105.4,"education_score",100.72
"35121","zcta",2019,74.8,103.58,100.39,102.39,"education_score",81.14
"35124","zcta",2019,112.37,109.27,102.91,104.45,"education_score",112.82
"35125","zcta",2019,79.7,117.43,81.28,110.71,"education_score",91.79
"35126","zcta",2019,105.21,88.87,97.88,100.43,"education_score",100.74
"35127","zcta",2019,111.09,99.39,102.33,90.54,"education_score",108.29
"35128","zcta",2019,94.5,110.13,91.27,96.42,"education_score",100.06
"35130","zcta",2019,68.77,134.35,101.65,86.16,"education_score",85.23
"35131","zcta",2019,81.01,87.78,101.92,96.71,"education_score",80.53
"35133","zcta",2019,97.13,100.01,99.49,98.25,"education_score",96.74
"35135","zcta",2019,102.01,111.93,112.08,85.16,"education_score",102.76
"35136","zcta",2019,94.03,111.24,88.42,86.16,"education_score",100.42
"35139","zcta",2019,-7.4,106.51,43.56,91.13,"education_score",26.57
"35143","zcta",2019,104.01,92.36,89.05,87.81,"education_score",102.31
"35146","zcta",2019,93.61,101.68,106.37,113.92,"education_score",93.86
"35147","zcta",2019,109.77,122.44,96.19,95.39,"education_score",115.8
"35148","zcta",2019,92.13,70.84,103.97,92.61,"education_score",83.99
"35149","zcta",2019,101.23,106.51,43.56,89.14,"education_score",110.77
"35150","zcta",2019,82.29,105.81,108.24,113.37,"education_score",85.42
"35151","zcta",2019,87.21,77.53,95.08,102.82,"education_score",83.54
"35160","zcta",2019,84.61,90.1,101.52,111.32,"education_score",84.43
"35171","zcta",2019,80.87,96.39,104.58,92.99,"education_score",82.99
"35172","zcta",2019,84.52,78.65,82.39,99.55,"education_score",83.44
"35173","zcta",2019,115.63,115.94,115.1,107.25,"education_score",114.88
"35175","zcta",2019,86.62,104,109.38,100.04,"education_score",89.4
"35176","zcta",2019,54.1,95.22,104.93,97.32,"education_score",61.22
"35178","zcta",2019,90.32,94.26,116.08,96.18,"education_score",86.71
"35179","zcta",2019,82.67,94.88,100.75,128.29,"education_score",83.15
"35180","zcta",2019,94.61,98.41,110.88,102.57,"education_score",92.38
"35183","zcta",2019,105.85,106.51,83.16,86.16,"education_score",108.2
"35184","zcta",2019,72.2,90.53,100.31,106.05,"education_score",74.01
"35186","zcta",2019,99.27,103.04,93.48,100.89,"education_score",101.17
"35187","zcta",2019,NA,NA,NA,NA,"education_score",NA
"35188","zcta",2019,94.8,95.3,101.41,104.36,"education_score",92.78
"35203","zcta",2019,96.08,129.78,54.27,97.33,"education_score",113.94
"35204","zcta",2019,78.24,73.46,90.42,110.92,"education_score",75.92
"35205","zcta",2019,119.24,96.15,97.48,106.62,"education_score",116.53
"35206","zcta",2019,92.75,87.33,107.76,95.28,"education_score",88.59
"35207","zcta",2019,91.85,92.44,103.47,88.31,"education_score",90.24
"35208","zcta",2019,99.11,87.72,102.78,94.32,"education_score",94.51
"35209","zcta",2019,122.44,112.83,112.79,100.22,"education_score",121.22
"35210","zcta",2019,106.35,102.86,91.16,102.51,"education_score",107.87
"35211","zcta",2019,101.19,82.09,95.27,114.33,"education_score",96.12
"35212","zcta",2019,92.59,100.17,100.62,94.27,"education_score",94.47
"35213","zcta",2019,138.44,123.6,109.75,108.42,"education_score",138.66
"35214","zcta",2019,106.15,100.32,100.51,103.64,"education_score",105.08
"35215","zcta",2019,97.09,102.47,122.41,109.19,"education_score",93.9
"35216","zcta",2019,122.8,111.89,111.23,97.19,"education_score",121.12
"35217","zcta",2019,86.66,76.04,102.17,99.65,"education_score",81.28
"35218","zcta",2019,97.2,73.91,111.62,89.34,"education_score",87.22
"35221","zcta",2019,86.33,79.04,103.1,93.46,"education_score",81.88
"35222","zcta",2019,118.06,124.49,89.68,90.41,"education_score",125.68
"35223","zcta",2019,132.89,139.16,112.14,100.73,"education_score",138.34
"35224","zcta",2019,90.55,76.46,108.62,88.44,"education_score",83.47
"35226","zcta",2019,129.59,116.71,111.36,97.16,"education_score",128.6
"35228","zcta",2019,86.85,96.94,104.38,99.61,"education_score",87.46
"35229","zcta",2019,NA,NA,NA,NA,"education_score",NA
"35233","zcta",2019,126.26,114.95,112.02,106.06,"education_score",127.45
"35234","zcta",2019,78.37,74.71,79.3,100.89,"education_score",78.28
"35235","zcta",2019,107.33,99.2,108.05,96.23,"education_score",104.55
"35242","zcta",2019,127.03,120.93,104.76,107.21,"education_score",128.44
"35243","zcta",2019,134.54,116.59,91.92,100.38,"education_score",135.92
"35244","zcta",2019,120.93,120.17,106.21,118.29,"education_score",122.6
"35254","zcta",2019,NA,NA,NA,NA,"education_score",NA
"35401","zcta",2019,96.04,76.22,128.55,109.42,"education_score",86.49
"35404","zcta",2019,98.06,90.07,109.54,105.41,"education_score",94.31
"35405","zcta",2019,110.41,106.31,101.78,109.2,"education_score",110.19
"35406","zcta",2019,128.14,120.67,114,94.35,"education_score",128.62
"35441","zcta",2019,85.62,68.96,101.51,84.23,"education_score",79.53
"35442","zcta",2019,82.45,68.85,94.98,89.47,"education_score",77.47
"35443","zcta",2019,74.13,69.65,123.68,89.81,"education_score",66.72
"35444","zcta",2019,89.61,80.3,104.41,96,"education_score",84.39
"35446","zcta",2019,83.74,90.85,100.18,109.82,"education_score",83.65
"35447","zcta",2019,83.36,78.93,87.64,89.78,"education_score",82.52
"35452","zcta",2019,86.98,92.45,92.02,106.38,"education_score",88.43
"35453","zcta",2019,88.47,107.12,102.28,100.52,"education_score",92.34
"35456","zcta",2019,80.23,71.28,118.49,106.22,"education_score",71.36
"35457","zcta",2019,NA,NA,NA,NA,"education_score",NA
"35458","zcta",2019,92.41,72.14,59.45,89.14,"education_score",92.47
"35459","zcta",2019,78.88,76.14,85.05,90.62,"education_score",78.61
"35460","zcta",2019,115.01,88.05,77.29,97.36,"education_score",111.46
"35461","zcta",2019,95.15,94.44,82.52,86.52,"education_score",98.02
"35462","zcta",2019,76.49,72.07,81.24,89.28,"education_score",75.94
"35463","zcta",2019,103.56,69.42,93.77,93.99,"education_score",94.51
"35464","zcta",2019,103.08,139.27,170.75,84.33,"education_score",102.19
"35466","zcta",2019,93.38,109.66,103.27,99.32,"education_score",97.03
"35469","zcta",2019,114.69,68.02,74.87,93.12,"education_score",106.29
"35470","zcta",2019,102.07,84.52,131.18,91.6,"education_score",93.84
"35473","zcta",2019,112.65,105.05,102.05,99.31,"education_score",112.04
"35474","zcta",2019,98.96,126.42,105.47,95.72,"education_score",105.94
"35475","zcta",2019,108.76,110.91,100.37,97.33,"education_score",110.4
"35476","zcta",2019,95.45,99.99,114.93,105.91,"education_score",93.94
"35477","zcta",2019,111.6,83.6,64.12,83.17,"education_score",110.83
"35480","zcta",2019,102.4,99.72,82.44,112.12,"education_score",104.13
"35481","zcta",2019,80,79.64,84.7,89.78,"education_score",80.2
"35490","zcta",2019,85.21,80.04,111.23,91.76,"education_score",80.24
"35501","zcta",2019,81.4,98.77,112.06,102.43,"education_score",82.31
"35503","zcta",2019,90.56,81.25,78.79,102.41,"education_score",89.95
"35504","zcta",2019,99.15,93.22,104.16,89.27,"education_score",96.8
"35540","zcta",2019,89.67,97.13,97,96.52,"education_score",90.83
"35541","zcta",2019,89.56,81.64,84.72,90.06,"education_score",88.91
"35542","zcta",2019,73.3,116.1,85.95,97.81,"education_score",85.36
"35543","zcta",2019,61.14,56.07,86.35,90.5,"education_score",58.82
"35544","zcta",2019,93.5,51.05,98.22,99.55,"education_score",80.65
"35545","zcta",2019,NA,NA,NA,NA,"education_score",NA
"35546","zcta",2019,88.22,104.68,105.18,95.92,"education_score",91.16
"35548","zcta",2019,73.05,86.14,90.04,97.27,"education_score",76.35
"35549","zcta",2019,75.91,95.57,103.97,92.42,"education_score",78.43
"35550","zcta",2019,85.4,78.31,92.77,96.95,"education_score",82.84
"35552","zcta",2019,95.96,61.91,111.55,91.8,"education_score",83.09
"35553","zcta",2019,62.3,78.16,75.48,102.32,"education_score",67.41
"35554","zcta",2019,94.47,74.83,99.95,98.03,"education_score",87.16
"35555","zcta",2019,94.43,108.16,98.2,105.93,"education_score",98.01
"35559","zcta",2019,NA,NA,NA,NA,"education_score",NA
"35563","zcta",2019,91.18,93.31,95.09,102.54,"education_score",91.71
"35564","zcta",2019,83.63,86.41,85.04,92.04,"education_score",84.88
"35565","zcta",2019,79.44,78.32,102.57,114.9,"education_score",76.1
"35570","zcta",2019,80.1,97.33,88.49,101.72,"education_score",85.28
"35571","zcta",2019,80.77,67.04,91.51,92.94,"education_score",76.2
"35572","zcta",2019,83.8,110.35,84.99,93.66,"education_score",92.46
"35574","zcta",2019,92.94,126.81,102.1,104.57,"education_score",101.86
"35575","zcta",2019,88.66,85.95,102.59,89.77,"education_score",86.69
"35576","zcta",2019,90.67,92.66,80.46,94.37,"education_score",93.19
"35577","zcta",2019,NA,NA,NA,NA,"education_score",NA
"35578","zcta",2019,76.15,97.55,85.79,106.84,"education_score",82.11
"35579","zcta",2019,76.78,92.78,91.87,88.51,"education_score",79.91
"35580","zcta",2019,78.57,143.9,118.85,93.08,"education_score",91.96
"35581","zcta",2019,81.32,99.85,113.53,91.45,"education_score",82.99
"35582","zcta",2019,80.58,92.67,112.86,87.28,"education_score",80.31
"35584","zcta",2019,70.38,106.51,126.03,87.64,"education_score",73.16
"35585","zcta",2019,92.64,70.33,119.54,94.66,"education_score",83.03
"35586","zcta",2019,80.6,86.14,103.29,89.56,"education_score",80.01
"35587","zcta",2019,85.56,69.28,70.76,94.38,"education_score",84.49
"35592","zcta",2019,87.54,93.47,108.47,89.54,"education_score",86.73
"35593","zcta",2019,86.6,81.55,101.03,87.68,"education_score",83.91
"35594","zcta",2019,81.59,114.2,113.8,95.38,"education_score",87.22
"35601","zcta",2019,73.94,94,106.69,123.29,"education_score",75.94
"35603","zcta",2019,104.98,100.57,98.11,115.33,"education_score",104.2
"35610","zcta",2019,101.67,105.51,79.18,87.2,"education_score",106.69
"35611","zcta",2019,82.54,85.65,98.34,103.26,"education_score",82.07
"35613","zcta",2019,96.4,114.9,95.49,108.39,"education_score",102.5
"35614","zcta",2019,74.47,88.53,100.22,95.62,"education_score",76.42
"35615","zcta",2019,NA,NA,NA,NA,"education_score",NA
"35616","zcta",2019,80.55,88.3,82.86,88.61,"education_score",84.15
"35618","zcta",2019,69.07,68.86,94.39,97.27,"education_score",67.09
"35619","zcta",2019,79.84,83.05,98.3,101.66,"education_score",78.72
"35620","zcta",2019,96.32,67.83,99.81,98.74,"education_score",86.96
"35621","zcta",2019,90.96,106.66,89.23,89.14,"education_score",96.8
"35622","zcta",2019,90.56,93.05,105.34,108.72,"education_score",88.63
"35630","zcta",2019,95.83,85.77,102.18,113.37,"education_score",92.25
"35633","zcta",2019,99.53,102.54,101.63,99.49,"education_score",100.43
"35634","zcta",2019,104.47,101.9,92.39,102.12,"education_score",105.68
"35640","zcta",2019,102.47,105.07,104.31,114.36,"education_score",102.34
"35643","zcta",2019,63.51,86.09,93.52,93.9,"education_score",67.68
"35645","zcta",2019,104.38,102.83,97.99,91.4,"education_score",104.87
"35646","zcta",2019,87.29,81.18,87.82,89.29,"education_score",86.33
"35647","zcta",2019,103.4,78.9,105.72,86.66,"education_score",96.46
"35648","zcta",2019,90.27,85.59,108.54,87.63,"education_score",86.74
"35649","zcta",2019,NA,NA,NA,NA,"education_score",NA
"35650","zcta",2019,86.73,100.64,102.25,106.58,"education_score",88.66
"35651","zcta",2019,92.25,98.31,94.8,88.95,"education_score",94.06
"35652","zcta",2019,99.53,93.34,94.47,90.45,"education_score",98.61
"35653","zcta",2019,61.29,75.57,108.28,103.99,"education_score",60.22
"35654","zcta",2019,80.17,68.09,93.6,101.54,"education_score",75.61
"35660","zcta",2019,90.23,83.51,94.51,94.38,"education_score",88.19
"35661","zcta",2019,106.38,102.49,97.24,96.26,"education_score",106.26
"35670","zcta",2019,99.94,104.91,86.89,100.68,"education_score",103.05
"35671","zcta",2019,84.31,129.83,80.46,87.86,"education_score",99.27
"35672","zcta",2019,92.01,90.39,122.76,93.66,"education_score",86.98
"35673","zcta",2019,84.32,112.04,94.61,101.5,"education_score",92.15
"35674","zcta",2019,90.16,86.16,99,101.35,"education_score",87.77
"35677","zcta",2019,90.17,106.72,112.13,88.26,"education_score",91.86
"35739","zcta",2019,93.88,93.6,101.45,90.6,"education_score",92.66
"35740","zcta",2019,88.75,82.58,95.81,86.66,"education_score",85.66
"35741","zcta",2019,121.53,118.34,90.99,108.05,"education_score",126.15
"35744","zcta",2019,73.99,83.49,94.88,89,"education_score",75.62
"35745","zcta",2019,98.81,95.87,90.73,85.16,"education_score",99.3
"35746","zcta",2019,88.82,106.51,43.56,95.95,"education_score",100.95
"35747","zcta",2019,104.31,92.64,85.99,90.52,"education_score",103.33
"35748","zcta",2019,97.16,96.18,101.98,121.14,"education_score",95.4
"35749","zcta",2019,116.31,118.57,112.46,99.27,"education_score",117.14
"35750","zcta",2019,102.44,108.11,99.8,100.5,"education_score",104.44
"35751","zcta",2019,123.45,98.41,65.92,99.55,"education_score",123.45
"35752","zcta",2019,88.26,112.99,93.39,95.57,"education_score",95.15
"35754","zcta",2019,73.17,78.17,91.33,89.58,"education_score",73.91
"35755","zcta",2019,117.74,106.18,57.22,106.83,"education_score",123.41
"35756","zcta",2019,118.02,115.79,129.72,92.23,"education_score",115.19
"35757","zcta",2019,119.37,131.59,109.64,101.39,"education_score",124.8
"35758","zcta",2019,123.85,129.13,111.06,115.31,"education_score",126.77
"35759","zcta",2019,120.54,136.67,113.84,89.55,"education_score",126.21
"35760","zcta",2019,85.3,98.57,104.53,102.2,"education_score",86.81
"35761","zcta",2019,94.68,108.18,101.94,99.43,"education_score",97.92
"35763","zcta",2019,126.24,143.29,115.99,110.42,"education_score",132.22
"35764","zcta",2019,54.69,85.43,85.3,93.92,"education_score",61.79
"35765","zcta",2019,81.21,96.43,89.39,102.55,"education_score",86.12
"35766","zcta",2019,79.14,106.51,64.67,99.55,"education_score",89.76
"35768","zcta",2019,93.97,99.27,94.34,103.52,"education_score",95.35
"35769","zcta",2019,103.94,100.48,97.66,96.98,"education_score",103.52
"35771","zcta",2019,86.24,75.72,106.31,93.49,"education_score",80.02
"35772","zcta",2019,88.07,95.84,111.54,100.29,"education_score",86.59
"35773","zcta",2019,96.96,96.99,104.23,101.74,"education_score",96.09
"35774","zcta",2019,109.5,96.33,49.55,85.16,"education_score",114.38
"35775","zcta",2019,69.9,106.51,109.41,87.15,"education_score",76.19
"35776","zcta",2019,85.73,91.65,101.22,108.92,"education_score",85.4
"35801","zcta",2019,113.92,112.12,86.02,116.46,"education_score",117.87
"35802","zcta",2019,123.81,103.3,86.78,108.57,"education_score",123.25
"35803","zcta",2019,120.45,118.54,101.57,116.59,"education_score",122.22
"35805","zcta",2019,73.53,70.54,114.29,112.36,"education_score",67.7
"35806","zcta",2019,122.92,102.76,96.07,104.57,"education_score",121.21
"35808","zcta",2019,122.09,150.1,121.32,95.99,"education_score",131.21
"35810","zcta",2019,93.67,80.12,116.2,104.33,"education_score",86.52
"35811","zcta",2019,107.12,115.31,100.06,105.27,"education_score",110.42
"35816","zcta",2019,97.78,67.76,109.3,100.52,"education_score",87.97
"35824","zcta",2019,128.21,97.74,107.27,86.35,"education_score",121.91
"35896","zcta",2019,NA,NA,NA,NA,"education_score",NA
"35901","zcta",2019,90.73,91.62,97.44,114.44,"education_score",90.21
"35903","zcta",2019,87.95,83.38,98.4,101.38,"education_score",85.56
"35904","zcta",2019,86.5,80.9,94.49,101.48,"education_score",83.89
"35905","zcta",2019,98.86,77.31,99.55,93.44,"education_score",92.16
"35906","zcta",2019,110.01,93.87,102.3,94.54,"education_score",106.17
"35907","zcta",2019,114.38,94.26,91.24,91.46,"education_score",111.47
"35950","zcta",2019,75.85,92.78,126.54,106.21,"education_score",73.94
"35951","zcta",2019,59.77,88.42,110.27,105.46,"education_score",62.2
"35952","zcta",2019,67.7,101.63,104.41,96.74,"education_score",74.34
"35953","zcta",2019,78.79,113.63,96.4,110.3,"education_score",87.03
"35954","zcta",2019,86.11,68.17,105.82,116.91,"education_score",77.58
"35956","zcta",2019,86.83,80.82,101.98,94.69,"education_score",83.12
"35957","zcta",2019,73.59,85.69,114.46,108.33,"education_score",72.11
"35958","zcta",2019,83.85,121.43,83.52,92.45,"education_score",96.6
"35959","zcta",2019,84.48,100.55,93.03,90.31,"education_score",89.04
"35960","zcta",2019,85.71,95.05,94.18,90.43,"education_score",88.29
"35961","zcta",2019,62.57,87.13,111.13,98.21,"education_score",64.38
"35962","zcta",2019,59.87,91.71,112.15,98.58,"education_score",64.22
"35963","zcta",2019,97.84,69.27,98.58,116.79,"education_score",89.32
"35966","zcta",2019,78.14,89.73,85.95,98.85,"education_score",82.82
"35967","zcta",2019,71.47,90.76,106.8,98.36,"education_score",73.57
"35968","zcta",2019,69.31,74.6,115.13,91.87,"education_score",66.56
"35971","zcta",2019,78.83,87.31,96.87,89.57,"education_score",80.2
"35972","zcta",2019,83.3,103.44,91.01,91.85,"education_score",89.24
"35973","zcta",2019,66.97,78.72,93.01,87.8,"education_score",68.42
"35974","zcta",2019,79.51,99.69,111.83,85.71,"education_score",82.24
"35975","zcta",2019,87.62,106.51,82.71,91.74,"education_score",94.94
"35976","zcta",2019,95.56,96.31,95.79,114.51,"education_score",95.99
"35978","zcta",2019,84.95,82.11,95.25,106.36,"education_score",83.17
"35979","zcta",2019,85.68,69.6,112.55,108.27,"education_score",77.69
"35980","zcta",2019,80.72,113.2,112.33,92.5,"education_score",86.73
"35981","zcta",2019,99.58,112.97,118.2,93.38,"education_score",100.09
"35983","zcta",2019,104.44,101.89,95.9,85.56,"education_score",104.7
"35984","zcta",2019,108.92,119.37,69.85,95.34,"education_score",119.11
"35986","zcta",2019,77.57,103.54,106.11,93.53,"education_score",81.86
"35987","zcta",2019,78.47,101.77,104.34,93.21,"education_score",82.35
"35988","zcta",2019,84.61,98.63,111.89,91.84,"education_score",85.3
"35989","zcta",2019,74.22,112.08,108.36,88.51,"education_score",81.89
"35990","zcta",2019,NA,NA,NA,NA,"education_score",NA
"36003","zcta",2019,76.6,70.08,69.57,84.17,"education_score",77.52
"36005","zcta",2019,88.57,90.92,91.59,92.16,"education_score",89.64
"36006","zcta",2019,92.1,84.97,75.14,94.81,"education_score",93.87
"36009","zcta",2019,93.8,94.6,100.33,90.22,"education_score",93.22
"36010","zcta",2019,77.58,82.5,92.57,97.31,"education_score",78.2
"36013","zcta",2019,109.4,93.6,96.68,86.85,"education_score",106.69
"36016","zcta",2019,64.13,102.37,76,89.79,"education_score",75.79
"36017","zcta",2019,NA,NA,NA,NA,"education_score",NA
"36020","zcta",2019,89.16,97.89,111.13,91.13,"education_score",89.61
"36022","zcta",2019,103.32,97.79,104.57,97.25,"education_score",101.31
"36024","zcta",2019,98.47,111.7,93.87,94.87,"education_score",102.89
"36025","zcta",2019,NA,NA,NA,NA,"education_score",NA
"36026","zcta",2019,94.19,107.78,76.64,85.14,"education_score",101.44
"36027","zcta",2019,79.77,88.08,106.92,99.28,"education_score",79.2
"36028","zcta",2019,70.55,98.52,88.26,90.83,"education_score",78.68
"36029","zcta",2019,96.27,95.42,74.51,85.58,"education_score",100.21
"36030","zcta",2019,104.52,89.63,108.73,100.15,"education_score",97.8
"36031","zcta",2019,24.17,106.51,90.72,83.17,"education_score",44.61
"36032","zcta",2019,91.77,97.36,111.61,88.61,"education_score",90.96
"36033","zcta",2019,83.64,103.86,99.52,94.42,"education_score",88.23
"36034","zcta",2019,103.25,81.14,111.29,91.92,"education_score",94.58
"36035","zcta",2019,95.52,82.1,103.48,86.99,"education_score",90.67
"36036","zcta",2019,92.33,94.7,86.47,88.98,"education_score",95.88
"36037","zcta",2019,93.71,79.25,94.95,93.31,"education_score",89.37
"36038","zcta",2019,NA,NA,NA,NA,"education_score",NA
"36039","zcta",2019,63.86,98.65,55.61,85.16,"education_score",77.94
"36040","zcta",2019,82.06,104.44,99.66,95.96,"education_score",87.29
"36041","zcta",2019,79.66,103.05,100.39,88.52,"education_score",84.15
"36042","zcta",2019,87.53,79.63,99,87.18,"education_score",83.77
"36043","zcta",2019,83.03,107.79,78.64,86.38,"education_score",93.72
"36046","zcta",2019,86.65,90.87,93.53,91.57,"education_score",87.35
"36047","zcta",2019,91.05,120.83,117.67,94.01,"education_score",95.43
"36048","zcta",2019,50.52,99.05,85.08,84.17,"education_score",63.19
"36049","zcta",2019,90.83,88.73,100.01,89.51,"education_score",89.82
"36051","zcta",2019,98.41,114.07,93.72,106.42,"education_score",103.01
"36052","zcta",2019,123.07,106.34,66.35,91.66,"education_score",127.71
"36053","zcta",2019,88.25,104.13,96.14,97.82,"education_score",92.77
"36054","zcta",2019,103.25,103.64,107.5,93.26,"education_score",102.63
"36064","zcta",2019,123.79,116.25,107.33,89.28,"education_score",124.83
"36066","zcta",2019,111.39,106.9,101.86,89.19,"education_score",111.74
"36067","zcta",2019,96.89,93.89,110.98,104.27,"education_score",93.5
"36069","zcta",2019,101.53,97.27,78.8,88.5,"education_score",104.25
"36071","zcta",2019,92.31,102.31,69.85,89.03,"education_score",98.66
"36075","zcta",2019,86.69,105.46,84.78,85.63,"education_score",93.67
"36078","zcta",2019,88.39,93.49,97.71,97.31,"education_score",88.9
"36079","zcta",2019,103.69,87.61,101.68,93.36,"education_score",99.11
"36080","zcta",2019,109.89,112.89,93.59,84.98,"education_score",113.26
"36081","zcta",2019,97.75,99.37,122.73,94.34,"education_score",96.16
"36082","zcta",2019,NA,NA,NA,NA,"education_score",NA
"36083","zcta",2019,96.21,82.24,91.63,92.51,"education_score",93.53
"36088","zcta",2019,NA,NA,NA,NA,"education_score",NA
"36089","zcta",2019,79.36,95.31,96.53,88.34,"education_score",82.67
"36091","zcta",2019,88.97,84.9,99.79,96.3,"education_score",85.77
"36092","zcta",2019,93.92,107.29,97.22,108.36,"education_score",97.76
"36093","zcta",2019,119.04,120.65,104.55,91.19,"education_score",121.88
"36104","zcta",2019,82.11,77.37,104.52,100.61,"education_score",79.06
"36105","zcta",2019,83.53,90.64,97.54,96.57,"education_score",84.54
"36106","zcta",2019,117.53,92.68,101.22,90.26,"education_score",113.3
"36107","zcta",2019,81.55,96.21,103.37,95.35,"education_score",84.22
"36108","zcta",2019,67.9,70.57,93.94,104.39,"education_score",66.58
"36109","zcta",2019,106.7,97.55,97.98,101.32,"education_score",105.5
"36110","zcta",2019,71.98,92.26,103.38,91.34,"education_score",74.91
"36111","zcta",2019,93.08,99.56,109.42,91.21,"education_score",93.48
"36112","zcta",2019,NA,NA,NA,NA,"education_score",NA
"36113","zcta",2019,NA,NA,NA,NA,"education_score",NA
"36115","zcta",2019,121.2,129.44,134.16,83.74,"education_score",120.68
"36116","zcta",2019,102.04,100.2,111.55,123.2,"education_score",99.33
"36117","zcta",2019,119.02,105.62,108.71,112.21,"education_score",116.4
"36201","zcta",2019,67.73,87.87,94.87,113.52,"education_score",70.66
"36203","zcta",2019,92.7,103.16,109.62,99.37,"education_score",93.82
"36205","zcta",2019,113.38,109.3,88.45,84.17,"education_score",116.05
"36206","zcta",2019,93.91,83.25,110.58,93.44,"education_score",88.18
"36207","zcta",2019,107.83,103.86,96.79,102.36,"education_score",107.84
"36250","zcta",2019,105.86,110.92,90.23,87.28,"education_score",109.75
"36251","zcta",2019,69.87,84.29,79.3,91.87,"education_score",75.09
"36255","zcta",2019,85.19,89.1,106.01,96.01,"education_score",83.32
"36256","zcta",2019,91.32,92.3,104.57,89.1,"education_score",89.72
"36258","zcta",2019,95.64,94.46,72.33,93.58,"education_score",99.14
"36260","zcta",2019,81.17,108.01,97.71,93.83,"education_score",87.35
"36262","zcta",2019,74.35,104.51,98.53,89.99,"education_score",81.3
"36263","zcta",2019,89.02,99.97,66.34,86.16,"education_score",97.07
"36264","zcta",2019,77.53,82.63,105.13,96.69,"education_score",76.43
"36265","zcta",2019,108.45,87,109.62,118.54,"education_score",101.47
"36266","zcta",2019,74.28,111.67,111.44,99.89,"education_score",81
"36267","zcta",2019,NA,NA,NA,NA,"education_score",NA
"36268","zcta",2019,87.57,87.93,99.9,93.5,"education_score",86.33
"36269","zcta",2019,81.79,73.57,117.61,88.8,"education_score",74.76
"36271","zcta",2019,79.42,91.35,93.08,91.54,"education_score",82.29
"36272","zcta",2019,79.82,96.09,99.46,108.74,"education_score",82.27
"36273","zcta",2019,92.22,89.95,95.07,86.59,"education_score",91.48
"36274","zcta",2019,83.41,97.11,93.02,104.64,"education_score",86.72
"36276","zcta",2019,72.77,77.77,103.11,100.55,"education_score",71.87
"36277","zcta",2019,98.11,86.44,111.67,88.45,"education_score",92.89
"36278","zcta",2019,88.45,88.5,101.67,91.49,"education_score",87.61
"36279","zcta",2019,84.77,73.3,89.76,88.69,"education_score",82.31
"36280","zcta",2019,86.84,79.68,96.55,94.72,"education_score",84.38
"36301","zcta",2019,93.5,97.62,105.46,108.16,"education_score",92.66
"36303","zcta",2019,98.83,99.76,105.22,113.23,"education_score",97.93
"36305","zcta",2019,113.9,106.09,104.64,103.48,"education_score",112.52
"36310","zcta",2019,82.15,91.2,87.19,89.59,"education_score",85.73
"36311","zcta",2019,77.59,63.39,85.71,94.26,"education_score",73.54
"36312","zcta",2019,93.93,97.96,101.29,91.57,"education_score",94.4
"36313","zcta",2019,89.85,129.38,123.94,86.2,"education_score",96
"36314","zcta",2019,77.7,71.63,57.73,89.45,"education_score",81.11
"36316","zcta",2019,101.23,111.27,90.65,83.87,"education_score",106.19
"36317","zcta",2019,40.4,74.47,54.22,87.64,"education_score",53.46
"36318","zcta",2019,71.8,89.39,128.4,88.35,"education_score",68.96
"36319","zcta",2019,89.49,70.73,94.36,91.4,"education_score",83.53
"36320","zcta",2019,88.77,101.22,93.63,89.75,"education_score",92.05
"36321","zcta",2019,84.09,78.15,110.14,89.14,"education_score",78.98
"36322","zcta",2019,92.88,69.43,101.71,89.36,"education_score",84.43
"36323","zcta",2019,78.21,80.08,84.83,92.52,"education_score",79.11
"36330","zcta",2019,102.46,103.23,111.92,100.16,"education_score",101.17
"36340","zcta",2019,77.93,95.4,109.88,91.38,"education_score",79.35
"36343","zcta",2019,65.22,100.07,81.93,86.96,"education_score",75.21
"36344","zcta",2019,87.67,111.76,92.67,91.44,"education_score",94.59
"36345","zcta",2019,91.84,94.09,106.27,98.42,"education_score",91.16
"36346","zcta",2019,81.85,85.34,111.63,85.75,"education_score",79.53
"36350","zcta",2019,92.63,96.84,106.37,94.61,"education_score",91.87
"36351","zcta",2019,89.19,101.59,93.46,87.5,"education_score",92.86
"36352","zcta",2019,96.01,95.26,102.64,92.89,"education_score",95.39
"36353","zcta",2019,95,102.57,94.67,84.37,"education_score",97.38
"36360","zcta",2019,94.42,88.95,99.81,102.38,"education_score",91.61
"36362","zcta",2019,122.74,98,124.44,83.39,"education_score",114.24
"36370","zcta",2019,71.93,69.37,87.45,88.02,"education_score",70.04
"36371","zcta",2019,101.53,115.33,85.31,86.97,"education_score",107.57
"36373","zcta",2019,63.95,106.51,69.49,111.47,"education_score",78.58
"36374","zcta",2019,72.7,111.11,74.85,90.76,"education_score",85.2
"36375","zcta",2019,82.24,99.13,96.36,97.71,"education_score",86.23
"36376","zcta",2019,81.19,73.92,93.97,89.23,"education_score",77.73
"36401","zcta",2019,93.25,113.18,98.59,95.75,"education_score",98.39
"36420","zcta",2019,91.52,86.56,93.83,100.55,"education_score",90.07
"36421","zcta",2019,95.38,97.95,109.32,100.41,"education_score",93.6
"36425","zcta",2019,101.72,68.4,103.23,99.94,"education_score",90.95
"36426","zcta",2019,90.88,92.37,101.03,105.44,"education_score",89.7
"36432","zcta",2019,79.36,106.51,96.34,106.18,"education_score",85.99
"36435","zcta",2019,84.85,88.18,112.17,86.57,"education_score",82.57
"36436","zcta",2019,84.02,106.51,90.58,87.15,"education_score",90.01
"36439","zcta",2019,98.39,78.5,150.72,87.22,"education_score",83.08
"36441","zcta",2019,101.59,77.77,109.15,90.31,"education_score",92.63
"36442","zcta",2019,86.51,72.67,99.25,93.3,"education_score",80.38
"36444","zcta",2019,78.09,71.43,83.12,90.39,"education_score",76.96
"36445","zcta",2019,94.92,103.35,98.5,93.86,"education_score",97.17
"36446","zcta",2019,100.13,60.69,74.6,84.69,"education_score",92.77
"36451","zcta",2019,89.14,99.16,89.46,87.36,"education_score",92.51
"36453","zcta",2019,81.29,90.71,87.7,95.1,"education_score",84.17
"36454","zcta",2019,NA,NA,NA,NA,"education_score",NA
"36455","zcta",2019,85.79,96.33,80.65,93.35,"education_score",89.74
"36456","zcta",2019,91.28,65.04,116.26,100.74,"education_score",78.98
"36460","zcta",2019,96.72,96.49,95.26,97.54,"education_score",96.72
"36467","zcta",2019,83.36,92.59,102.19,96.54,"education_score",83.85
"36470","zcta",2019,NA,NA,NA,NA,"education_score",NA
"36471","zcta",2019,90.14,71.92,95.15,96.36,"education_score",83.69
"36473","zcta",2019,51.15,106.51,43.56,85.16,"education_score",72.51
"36474","zcta",2019,83.8,96.29,87.64,99.83,"education_score",87.52
"36475","zcta",2019,109.04,78.89,95.61,97.47,"education_score",101.31
"36476","zcta",2019,NA,NA,NA,NA,"education_score",NA
"36477","zcta",2019,81.06,85.79,102.53,91.42,"education_score",80.18
"36480","zcta",2019,89.44,81.67,91.48,88.21,"education_score",86.97
"36481","zcta",2019,78.97,60.69,93.62,87.02,"education_score",73.03
"36482","zcta",2019,77.29,68.42,105.38,87.69,"education_score",74.47
"36483","zcta",2019,94.31,91.49,78.62,106.4,"education_score",95.73
"36502","zcta",2019,82.43,72.22,94.23,101.37,"education_score",78.24
"36505","zcta",2019,80.32,97.83,150.79,88.55,"education_score",76.07
"36507","zcta",2019,95.33,90.12,98.48,97.31,"education_score",93.48
"36509","zcta",2019,48.99,77.19,91.83,87.51,"education_score",55.16
"36511","zcta",2019,70.58,106.51,43.56,87.15,"education_score",88.31
"36512","zcta",2019,NA,NA,NA,NA,"education_score",NA
"36513","zcta",2019,-34.58,106.51,176.6,91.78,"education_score",-18.02
"36518","zcta",2019,91.12,100.08,91.18,92.08,"education_score",93.81
"36521","zcta",2019,89.11,83.39,94.6,92.57,"education_score",86.27
"36522","zcta",2019,89.86,78.27,111.43,103.62,"education_score",82.33
"36523","zcta",2019,66.89,82.47,86.53,88.61,"education_score",70.32
"36524","zcta",2019,76.07,96.14,101.84,84.27,"education_score",79.57
"36525","zcta",2019,92.29,107.86,114.1,88.72,"education_score",93.62
"36526","zcta",2019,120.31,110.21,108.27,103.21,"education_score",117.92
"36527","zcta",2019,119.44,120.7,116.64,101.42,"education_score",119.66
"36528","zcta",2019,121.47,103.02,70.95,84.17,"education_score",124.03
"36529","zcta",2019,111.72,75.27,109.52,93.38,"education_score",100.06
"36530","zcta",2019,94.89,85,84.45,93.84,"education_score",93.96
"36532","zcta",2019,115.98,106.11,102.8,101.22,"education_score",115.07
"36535","zcta",2019,103.74,97.82,88.58,100.31,"education_score",104.21
"36538","zcta",2019,57.89,60.69,83.66,91.13,"education_score",58.49
"36539","zcta",2019,88.29,78.86,111.61,86.41,"education_score",82.9
"36540","zcta",2019,91.16,67.94,69.41,90.03,"education_score",88.32
"36541","zcta",2019,87.97,89.8,112.24,101.34,"education_score",84.76
"36542","zcta",2019,112.96,101.22,86.7,90.47,"education_score",113.57
"36543","zcta",2019,130.05,111.14,168.49,84.17,"education_score",114.53
"36544","zcta",2019,70.74,58.72,103.68,94.39,"education_score",63.97
"36545","zcta",2019,80.48,87.6,110.58,92.43,"education_score",79.33
"36548","zcta",2019,118.14,101.14,65.48,85.63,"education_score",121
"36549","zcta",2019,111.57,86.33,68.44,89.58,"education_score",109.93
"36550","zcta",2019,74.72,106.51,43.56,84.17,"education_score",92.89
"36551","zcta",2019,101.18,94.15,93.25,111.1,"education_score",100.22
"36553","zcta",2019,75.32,101.72,102.7,88.15,"education_score",80
"36555","zcta",2019,116.42,113.1,67.47,96.74,"education_score",123.09
"36556","zcta",2019,95.98,102.31,139.27,87.26,"education_score",89.35
"36558","zcta",2019,87.21,98.39,99.41,92.2,"education_score",89.69
"36559","zcta",2019,134.58,70.17,56.79,89.14,"education_score",128.31
"36560","zcta",2019,64.29,81.82,93.29,89.45,"education_score",66.7
"36561","zcta",2019,120.2,114.1,74.27,92.9,"education_score",125.87
"36562","zcta",2019,80.85,96.37,84.36,90.62,"education_score",85.37
"36564","zcta",2019,146.63,106.51,103.63,83.17,"education_score",144.2
"36567","zcta",2019,89.28,90.46,105.22,102.6,"education_score",87.42
"36568","zcta",2019,NA,NA,NA,NA,"education_score",NA
"36569","zcta",2019,100.31,106.51,81.14,146.7,"education_score",102.75
"36571","zcta",2019,98.27,97.95,108.66,95.27,"education_score",96.36
"36572","zcta",2019,104.41,98.71,98.94,93.51,"education_score",103.16
"36574","zcta",2019,95.34,87.44,76.78,95.37,"education_score",96.07
"36575","zcta",2019,98.05,91.01,104.69,95.26,"education_score",94.69
"36576","zcta",2019,110.16,98.67,84.37,91.2,"education_score",110.04
"36578","zcta",2019,114.31,132.49,102.38,100.74,"education_score",119.45
"36579","zcta",2019,102.16,107.11,74.25,84.17,"education_score",108.69
"36580","zcta",2019,85.02,89.97,91.71,95.97,"education_score",86.43
"36581","zcta",2019,116.46,106.51,86.8,85.16,"education_score",115.1
"36582","zcta",2019,96.28,92.54,104.3,105.27,"education_score",93.47
"36583","zcta",2019,106.95,106.51,114.82,97.45,"education_score",104.23
"36584","zcta",2019,90.21,106.21,116.7,88.55,"education_score",90.44
"36585","zcta",2019,101.25,97.75,137.31,89.89,"education_score",93.14
"36587","zcta",2019,76.34,74.47,98.04,102.1,"education_score",73.25
"36590","zcta",2019,NA,NA,NA,NA,"education_score",NA
"36602","zcta",2019,106.08,135.86,50.72,89.14,"education_score",125.07
"36603","zcta",2019,75.64,92.3,87.42,96.77,"education_score",80.09
"36604","zcta",2019,110.6,107.5,91.01,95.64,"education_score",113.37
"36605","zcta",2019,95.17,91.47,109.1,105.37,"education_score",91.24
"36606","zcta",2019,104.07,100.21,98.61,109.41,"education_score",103.3
"36607","zcta",2019,102.32,112.05,88.91,90.46,"education_score",107.77
"36608","zcta",2019,111.54,91.93,100.94,113.49,"education_score",107.44
"36609","zcta",2019,110.5,99.16,95.87,99.3,"education_score",109.34
"36610","zcta",2019,82.34,68.12,115.9,97.61,"education_score",73.19
"36611","zcta",2019,93.22,76.3,126.48,95.4,"education_score",81.92
"36612","zcta",2019,81.16,101.53,146.95,87.33,"education_score",77.36
"36613","zcta",2019,89.71,81.24,102.68,91.26,"education_score",85.35
"36615","zcta",2019,NA,NA,NA,NA,"education_score",NA
"36616","zcta",2019,NA,NA,NA,NA,"education_score",NA
"36617","zcta",2019,95.6,96.3,96.66,100.38,"education_score",95.79
"36618","zcta",2019,99.8,99.85,108.99,94.37,"education_score",98.53
"36619","zcta",2019,95.17,106.96,95.78,90.31,"education_score",98.85
"36688","zcta",2019,NA,NA,NA,NA,"education_score",NA
"36693","zcta",2019,112.72,106.01,95.19,97.4,"education_score",113.64
"36695","zcta",2019,112.04,107.06,108.37,103.21,"education_score",110.76
"36701","zcta",2019,95.82,88.62,105.09,115.41,"education_score",91.85
"36703","zcta",2019,86.6,78.24,111.86,108.72,"education_score",80.16
"36720","zcta",2019,55.68,104.36,142.9,86.44,"education_score",59.68
"36722","zcta",2019,67.84,106.51,69.8,91.58,"education_score",80.09
"36723","zcta",2019,51.97,106.51,181.9,85.91,"education_score",49.05
"36726","zcta",2019,85.53,83.78,109.16,88.34,"education_score",81.79
"36727","zcta",2019,NA,NA,NA,NA,"education_score",NA
"36728","zcta",2019,57.4,95.06,79.86,89.14,"education_score",68.78
"36732","zcta",2019,93.74,95.52,112.1,88.25,"education_score",92.25
"36736","zcta",2019,96.25,110.49,174.68,85.59,"education_score",87.38
"36738","zcta",2019,102.87,99.16,73.37,204.26,"education_score",103.99
"36740","zcta",2019,91.16,90.45,88.84,84.83,"education_score",91.99
"36742","zcta",2019,87.35,99.7,59.91,92.21,"education_score",95.75
"36744","zcta",2019,93.76,59.65,90.96,90.4,"education_score",84.32
"36748","zcta",2019,95.75,83.26,81.4,95.95,"education_score",93.73
"36749","zcta",2019,56.8,86.63,61.89,96.95,"education_score",67.28
"36750","zcta",2019,88.21,119.47,105.8,94.18,"education_score",94.65
"36751","zcta",2019,18.94,86.83,127.77,95.24,"education_score",27.98
"36752","zcta",2019,112.9,132.02,65.55,86.83,"education_score",125.73
"36753","zcta",2019,NA,NA,NA,NA,"education_score",NA
"36754","zcta",2019,57.36,127.21,55.78,91.13,"education_score",82.45
"36756","zcta",2019,88.39,78.87,112,87.49,"education_score",84.28
"36758","zcta",2019,92.78,95.95,99.41,98.03,"education_score",92.29
"36759","zcta",2019,86.92,58.55,111.93,90.6,"education_score",75.03
"36761","zcta",2019,73.41,95.72,107.31,93.12,"education_score",75.99
"36763","zcta",2019,57.62,100.78,202.7,87.15,"education_score",46.75
"36765","zcta",2019,74.33,81.51,106.36,93.87,"education_score",72.51
"36766","zcta",2019,NA,NA,NA,NA,"education_score",NA
"36767","zcta",2019,64.64,62.51,102.15,87.9,"education_score",60.71
"36768","zcta",2019,110.05,67.42,87.37,90.14,"education_score",100.16
"36769","zcta",2019,89.95,88.42,95.01,90.11,"education_score",89.26
"36773","zcta",2019,52.73,85.36,121.44,88.21,"education_score",54.54
"36775","zcta",2019,97.56,84.34,114.47,84.17,"education_score",89.83
"36776","zcta",2019,96.58,88.7,124.21,83.9,"education_score",91.3
"36782","zcta",2019,92.92,118.17,116.78,93.09,"education_score",95.98
"36783","zcta",2019,106.34,151.61,62.23,100.65,"education_score",126.59
"36784","zcta",2019,96.04,100.26,90.22,94.71,"education_score",98.53
"36785","zcta",2019,84.86,72.94,87.12,100.05,"education_score",81.2
"36786","zcta",2019,100.42,58.7,115.25,88.17,"education_score",86
"36790","zcta",2019,NA,NA,NA,NA,"education_score",NA
"36792","zcta",2019,108.91,111.14,91.12,97.33,"education_score",110.48
"36793","zcta",2019,112.67,91.85,89.08,91.13,"education_score",109.28
"36801","zcta",2019,107.58,98.17,104.76,115.23,"education_score",104.62
"36804","zcta",2019,99.68,92.09,101.41,97.34,"education_score",96.99
"36830","zcta",2019,119.24,98.46,129.41,113.26,"education_score",111.79
"36832","zcta",2019,112.68,79.53,138.26,106.44,"education_score",100.07
"36849","zcta",2019,NA,NA,NA,NA,"education_score",NA
"36850","zcta",2019,90.73,81.13,89.91,105.9,"education_score",88.37
"36852","zcta",2019,89.35,79,106.09,95.3,"education_score",84.45
"36853","zcta",2019,94.62,92.9,88.22,90.45,"education_score",95.93
"36854","zcta",2019,95.14,98.37,108.05,99.32,"education_score",93.99
"36855","zcta",2019,89.16,97.09,103.86,88.95,"education_score",90.06
"36856","zcta",2019,106.78,118.1,133.69,93.28,"education_score",105.69
"36858","zcta",2019,101.66,145.28,76.29,93.01,"education_score",118.08
"36859","zcta",2019,NA,NA,NA,NA,"education_score",NA
"36860","zcta",2019,66.7,89.66,87.7,84.66,"education_score",72.19
"36861","zcta",2019,93.33,93.55,86.88,87.71,"education_score",95.43
"36862","zcta",2019,80.78,86.46,86.52,92.44,"education_score",83.13
"36863","zcta",2019,87.12,85.15,91.66,104.43,"education_score",86.25
"36865","zcta",2019,NA,NA,NA,NA,"education_score",NA
"36866","zcta",2019,93.52,84.53,85.69,94.75,"education_score",92.21
"36867","zcta",2019,101.38,99.77,106.47,103.24,"education_score",100.2
"36869","zcta",2019,84.74,91.84,106.34,99.28,"education_score",84.19
"36870","zcta",2019,98.84,106.51,102.19,96.21,"education_score",100.77
"36871","zcta",2019,99.54,127.2,98.68,90.14,"education_score",107.01
"36874","zcta",2019,111.11,124.78,109.59,93.46,"education_score",114.72
"36875","zcta",2019,100.65,79.97,89,96.03,"education_score",95.74
"36877","zcta",2019,100.89,100.91,97.81,94.34,"education_score",101.67
"36879","zcta",2019,120.17,135.57,104.2,94.62,"education_score",127.26
"36901","zcta",2019,96.04,106.51,58.43,85.16,"education_score",104.99
"36904","zcta",2019,97.27,93.63,93.25,92.03,"education_score",97.41
"36907","zcta",2019,111.08,86.89,98.71,88.46,"education_score",106.36
"36908","zcta",2019,91.59,85.82,97.57,93.5,"education_score",88.92
"36910","zcta",2019,NA,NA,NA,NA,"education_score",NA
"36912","zcta",2019,94.59,92.36,73.42,88.92,"education_score",96.92
"36913","zcta",2019,NA,NA,NA,NA,"education_score",NA
"36915","zcta",2019,101.16,102.31,75.91,86.75,"education_score",105
"36916","zcta",2019,82.41,111.42,63.84,84.46,"education_score",95.25
"36919","zcta",2019,78.32,87.62,103.97,90.6,"education_score",78.9
"36921","zcta",2019,69.3,88.86,63.45,106.83,"education_score",77.97
"36922","zcta",2019,23.42,60.69,126.76,94.35,"education_score",24.42
"36925","zcta",2019,95.09,97.48,103.36,94.99,"education_score",95.17
"35004","zcta",2019,112.59,98.1,110.17,88.22,"education_score",106.96
"35005","zcta",2019,91.53,91.87,102.2,94.57,"education_score",90.44
"35006","zcta",2019,89.63,89.65,104.25,93.92,"education_score",87.44
"35007","zcta",2019,101.44,102.87,111.34,93.21,"education_score",100.61
"35010","zcta",2019,84.67,94.89,99.64,91.22,"education_score",86.3
"35013","zcta",2019,NA,NA,NA,NA,"education_score",NA
"35014","zcta",2019,76.5,88.61,97.17,96.31,"education_score",77.84
"35016","zcta",2019,96.15,96.14,106.3,94.26,"education_score",94.54
"35019","zcta",2019,92,86.98,97.63,90.14,"education_score",89.56
"35020","zcta",2019,83.62,86.54,98.81,107.29,"education_score",82.65
"35022","zcta",2019,109.16,104.92,93.18,105.35,"education_score",110.13
"35023","zcta",2019,100.59,103.51,99.08,102.28,"education_score",101.43
"35031","zcta",2019,79.94,96.02,93.24,95.73,"education_score",84.2
"35032","zcta",2019,NA,NA,NA,NA,"education_score",NA
"35033","zcta",2019,78.88,80.78,121.96,85.16,"education_score",73.15
"35034","zcta",2019,80.27,90.58,87.53,92.44,"education_score",82.95
"35035","zcta",2019,106.98,144.52,59.79,89.14,"education_score",124.87
"35036","zcta",2019,60.06,106.51,137.45,100.72,"education_score",63.19
"35040","zcta",2019,104.96,101.02,121.63,107.21,"education_score",100.59
"35042","zcta",2019,90.78,98.93,90.81,96.85,"education_score",93.69
"35043","zcta",2019,121.15,115,132.36,101.46,"education_score",115.79
"35044","zcta",2019,81.93,93.53,97.81,101.46,"education_score",83.28
"35045","zcta",2019,88.78,109.58,105.11,97.38,"education_score",92.45
"35046","zcta",2019,96.88,89.62,101.39,93.4,"education_score",93.76
"35049","zcta",2019,82.59,107.33,100.34,101.49,"education_score",87.48
"35051","zcta",2019,96.51,107.71,100.45,108.51,"education_score",99.37
"35052","zcta",2019,NA,NA,NA,NA,"education_score",NA
"35053","zcta",2019,92.15,119.49,84.16,88.96,"education_score",102.79
"35054","zcta",2019,85.08,127.03,76.71,92.83,"education_score",100.37
"35055","zcta",2019,90.38,91.54,102.39,122.41,"education_score",88.64
"35057","zcta",2019,89.17,95.5,98.64,96.26,"education_score",89.95
"35058","zcta",2019,88.93,99.01,83.26,112.8,"education_score",93.22
"35060","zcta",2019,76.06,60.69,98.06,83.17,"education_score",72.97
"35061","zcta",2019,96.86,105.42,77.1,88.01,"education_score",102.61
"35062","zcta",2019,87.6,76.76,107.32,92.64,"education_score",81.92
"35063","zcta",2019,77.52,70.6,86.66,91.92,"education_score",75.31
"35064","zcta",2019,102.87,86.11,101.55,95.27,"education_score",97.78
"35068","zcta",2019,100.49,119.23,85.05,93.66,"education_score",109.24
"35070","zcta",2019,53.69,106.51,110.21,86.16,"education_score",62.5
"35071","zcta",2019,110.67,112.56,103.65,108.66,"education_score",111.32
"35072","zcta",2019,75.52,87.66,99.78,90.39,"education_score",76.79
"35073","zcta",2019,98.82,102.82,90.5,99.7,"education_score",100.63
"35074","zcta",2019,NA,NA,NA,NA,"education_score",NA
"35077","zcta",2019,80.76,75.99,96.71,102.44,"education_score",77.96
"35078","zcta",2019,86.76,91.25,96.2,94.89,"education_score",87.49
"35079","zcta",2019,103.51,103,100.44,92.34,"education_score",102.84
"35080","zcta",2019,117.99,108.61,121.17,103.21,"education_score",113.88
"35082","zcta",2019,NA,NA,NA,NA,"education_score",NA
"35083","zcta",2019,71.72,100.32,96.88,87.4,"education_score",78.15
"35085","zcta",2019,79.67,92.27,101.12,91.33,"education_score",80.99
"35087","zcta",2019,75.89,90.5,103.56,92.88,"education_score",76.98
"35089","zcta",2019,81.75,118.27,68.38,84.17,"education_score",96.58
"35091","zcta",2019,112.66,106.59,122.92,92.9,"education_score",108.15
"35094","zcta",2019,103.61,106.16,105.66,101.36,"education_score",103.74
"35096","zcta",2019,90.03,107.63,87.32,97.64,"education_score",96.02
"35097","zcta",2019,83.43,93.86,117.37,90.54,"education_score",81.16
"35098","zcta",2019,84.36,101.84,94.41,88.73,"education_score",88.65
"35111","zcta",2019,109.87,100.05,108.34,101.54,"education_score",106.43
"35112","zcta",2019,91.62,106.51,86.59,124.07,"education_score",95.05
"35114","zcta",2019,113.08,134.9,112.3,91.27,"education_score",119.93
"35115","zcta",2019,98.3,66.95,109.06,108.37,"education_score",87.41
"35116","zcta",2019,108.7,107.54,102.04,98.44,"education_score",108.79
"35117","zcta",2019,107.54,128.88,101.85,96.73,"education_score",114.15
"35118","zcta",2019,93.99,112.71,99.69,86.52,"education_score",99.09
"35119","zcta",2019,61.23,106.51,159.84,88.15,"education_score",60.77
"35120","zcta",2019,96.5,119.75,110.73,105.4,"education_score",100.72
"35121","zcta",2019,74.8,103.58,100.39,102.39,"education_score",81.14
"35124","zcta",2019,112.37,109.27,102.91,104.45,"education_score",112.82
"35125","zcta",2019,79.7,117.43,81.28,110.71,"education_score",91.79
"35126","zcta",2019,105.21,88.87,97.88,100.43,"education_score",100.74
"35127","zcta",2019,111.09,99.39,102.33,90.54,"education_score",108.29
"35128","zcta",2019,94.5,110.13,91.27,96.42,"education_score",100.06
"35130","zcta",2019,68.77,134.35,101.65,86.16,"education_score",85.23
"35131","zcta",2019,81.01,87.78,101.92,96.71,"education_score",80.53
"35133","zcta",2019,97.13,100.01,99.49,98.25,"education_score",96.74
"35135","zcta",2019,102.01,111.93,112.08,85.16,"education_score",102.76
"35136","zcta",2019,94.03,111.24,88.42,86.16,"education_score",100.42
"35139","zcta",2019,-7.4,106.51,43.56,91.13,"education_score",26.57
"35143","zcta",2019,104.01,92.36,89.05,87.81,"education_score",102.31
"35146","zcta",2019,93.61,101.68,106.37,113.92,"education_score",93.86
"35147","zcta",2019,109.77,122.44,96.19,95.39,"education_score",115.8
"35148","zcta",2019,92.13,70.84,103.97,92.61,"education_score",83.99
"35149","zcta",2019,101.23,106.51,43.56,89.14,"education_score",110.77
"35150","zcta",2019,82.29,105.81,108.24,113.37,"education_score",85.42
"35151","zcta",2019,87.21,77.53,95.08,102.82,"education_score",83.54
"35160","zcta",2019,84.61,90.1,101.52,111.32,"education_score",84.43
"35171","zcta",2019,80.87,96.39,104.58,92.99,"education_score",82.99
"35172","zcta",2019,84.52,78.65,82.39,99.55,"education_score",83.44
"35173","zcta",2019,115.63,115.94,115.1,107.25,"education_score",114.88
"35175","zcta",2019,86.62,104,109.38,100.04,"education_score",89.4
"35176","zcta",2019,54.1,95.22,104.93,97.32,"education_score",61.22
"35178","zcta",2019,90.32,94.26,116.08,96.18,"education_score",86.71
"35179","zcta",2019,82.67,94.88,100.75,128.29,"education_score",83.15
"35180","zcta",2019,94.61,98.41,110.88,102.57,"education_score",92.38
"35183","zcta",2019,105.85,106.51,83.16,86.16,"education_score",108.2
"35184","zcta",2019,72.2,90.53,100.31,106.05,"education_score",74.01
"35186","zcta",2019,99.27,103.04,93.48,100.89,"education_score",101.17
"35187","zcta",2019,NA,NA,NA,NA,"education_score",NA
"35188","zcta",2019,94.8,95.3,101.41,104.36,"education_score",92.78
"35203","zcta",2019,96.08,129.78,54.27,97.33,"education_score",113.94
"35204","zcta",2019,78.24,73.46,90.42,110.92,"education_score",75.92
"35205","zcta",2019,119.24,96.15,97.48,106.62,"education_score",116.53
"35206","zcta",2019,92.75,87.33,107.76,95.28,"education_score",88.59
"35207","zcta",2019,91.85,92.44,103.47,88.31,"education_score",90.24
"35208","zcta",2019,99.11,87.72,102.78,94.32,"education_score",94.51
"35209","zcta",2019,122.44,112.83,112.79,100.22,"education_score",121.22
"35210","zcta",2019,106.35,102.86,91.16,102.51,"education_score",107.87
"35211","zcta",2019,101.19,82.09,95.27,114.33,"education_score",96.12
"35212","zcta",2019,92.59,100.17,100.62,94.27,"education_score",94.47
"35213","zcta",2019,138.44,123.6,109.75,108.42,"education_score",138.66
"35214","zcta",2019,106.15,100.32,100.51,103.64,"education_score",105.08
"35215","zcta",2019,97.09,102.47,122.41,109.19,"education_score",93.9
"35216","zcta",2019,122.8,111.89,111.23,97.19,"education_score",121.12
"35217","zcta",2019,86.66,76.04,102.17,99.65,"education_score",81.28
"35218","zcta",2019,97.2,73.91,111.62,89.34,"education_score",87.22
"35221","zcta",2019,86.33,79.04,103.1,93.46,"education_score",81.88
"35222","zcta",2019,118.06,124.49,89.68,90.41,"education_score",125.68
"35223","zcta",2019,132.89,139.16,112.14,100.73,"education_score",138.34
"35224","zcta",2019,90.55,76.46,108.62,88.44,"education_score",83.47
"35226","zcta",2019,129.59,116.71,111.36,97.16,"education_score",128.6
"35228","zcta",2019,86.85,96.94,104.38,99.61,"education_score",87.46
"35229","zcta",2019,NA,NA,NA,NA,"education_score",NA
"35233","zcta",2019,126.26,114.95,112.02,106.06,"education_score",127.45
"35234","zcta",2019,78.37,74.71,79.3,100.89,"education_score",78.28
"35235","zcta",2019,107.33,99.2,108.05,96.23,"education_score",104.55
"35242","zcta",2019,127.03,120.93,104.76,107.21,"education_score",128.44
"35243","zcta",2019,134.54,116.59,91.92,100.38,"education_score",135.92
"35244","zcta",2019,120.93,120.17,106.21,118.29,"education_score",122.6
"35254","zcta",2019,NA,NA,NA,NA,"education_score",NA
"35401","zcta",2019,96.04,76.22,128.55,109.42,"education_score",86.49
"35404","zcta",2019,98.06,90.07,109.54,105.41,"education_score",94.31
"35405","zcta",2019,110.41,106.31,101.78,109.2,"education_score",110.19
"35406","zcta",2019,128.14,120.67,114,94.35,"education_score",128.62
"35441","zcta",2019,85.62,68.96,101.51,84.23,"education_score",79.53
"35442","zcta",2019,82.45,68.85,94.98,89.47,"education_score",77.47
"35443","zcta",2019,74.13,69.65,123.68,89.81,"education_score",66.72
"35444","zcta",2019,89.61,80.3,104.41,96,"education_score",84.39
"35446","zcta",2019,83.74,90.85,100.18,109.82,"education_score",83.65
"35447","zcta",2019,83.36,78.93,87.64,89.78,"education_score",82.52
"35452","zcta",2019,86.98,92.45,92.02,106.38,"education_score",88.43
"35453","zcta",2019,88.47,107.12,102.28,100.52,"education_score",92.34
"35456","zcta",2019,80.23,71.28,118.49,106.22,"education_score",71.36
"35457","zcta",2019,NA,NA,NA,NA,"education_score",NA
"35458","zcta",2019,92.41,72.14,59.45,89.14,"education_score",92.47
"35459","zcta",2019,78.88,76.14,85.05,90.62,"education_score",78.61
"35460","zcta",2019,115.01,88.05,77.29,97.36,"education_score",111.46
"35461","zcta",2019,95.15,94.44,82.52,86.52,"education_score",98.02
"35462","zcta",2019,76.49,72.07,81.24,89.28,"education_score",75.94
"35463","zcta",2019,103.56,69.42,93.77,93.99,"education_score",94.51
"35464","zcta",2019,103.08,139.27,170.75,84.33,"education_score",102.19
"35466","zcta",2019,93.38,109.66,103.27,99.32,"education_score",97.03
"35469","zcta",2019,114.69,68.02,74.87,93.12,"education_score",106.29
"35470","zcta",2019,102.07,84.52,131.18,91.6,"education_score",93.84
"35473","zcta",2019,112.65,105.05,102.05,99.31,"education_score",112.04
"35474","zcta",2019,98.96,126.42,105.47,95.72,"education_score",105.94
"35475","zcta",2019,108.76,110.91,100.37,97.33,"education_score",110.4
"35476","zcta",2019,95.45,99.99,114.93,105.91,"education_score",93.94
"35477","zcta",2019,111.6,83.6,64.12,83.17,"education_score",110.83
"35480","zcta",2019,102.4,99.72,82.44,112.12,"education_score",104.13
"35481","zcta",2019,80,79.64,84.7,89.78,"education_score",80.2
"35490","zcta",2019,85.21,80.04,111.23,91.76,"education_score",80.24
"35501","zcta",2019,81.4,98.77,112.06,102.43,"education_score",82.31
"35503","zcta",2019,90.56,81.25,78.79,102.41,"education_score",89.95
"35504","zcta",2019,99.15,93.22,104.16,89.27,"education_score",96.8
"35540","zcta",2019,89.67,97.13,97,96.52,"education_score",90.83
"35541","zcta",2019,89.56,81.64,84.72,90.06,"education_score",88.91
"35542","zcta",2019,73.3,116.1,85.95,97.81,"education_score",85.36
"35543","zcta",2019,61.14,56.07,86.35,90.5,"education_score",58.82
"35544","zcta",2019,93.5,51.05,98.22,99.55,"education_score",80.65
"35545","zcta",2019,NA,NA,NA,NA,"education_score",NA
"35546","zcta",2019,88.22,104.68,105.18,95.92,"education_score",91.16
"35548","zcta",2019,73.05,86.14,90.04,97.27,"education_score",76.35
"35549","zcta",2019,75.91,95.57,103.97,92.42,"education_score",78.43
"35550","zcta",2019,85.4,78.31,92.77,96.95,"education_score",82.84
"35552","zcta",2019,95.96,61.91,111.55,91.8,"education_score",83.09
"35553","zcta",2019,62.3,78.16,75.48,102.32,"education_score",67.41
"35554","zcta",2019,94.47,74.83,99.95,98.03,"education_score",87.16
"35555","zcta",2019,94.43,108.16,98.2,105.93,"education_score",98.01
"35559","zcta",2019,NA,NA,NA,NA,"education_score",NA
"35563","zcta",2019,91.18,93.31,95.09,102.54,"education_score",91.71
"35564","zcta",2019,83.63,86.41,85.04,92.04,"education_score",84.88
"35565","zcta",2019,79.44,78.32,102.57,114.9,"education_score",76.1
"35570","zcta",2019,80.1,97.33,88.49,101.72,"education_score",85.28
"35571","zcta",2019,80.77,67.04,91.51,92.94,"education_score",76.2
"35572","zcta",2019,83.8,110.35,84.99,93.66,"education_score",92.46
"35574","zcta",2019,92.94,126.81,102.1,104.57,"education_score",101.86
"35575","zcta",2019,88.66,85.95,102.59,89.77,"education_score",86.69
"35576","zcta",2019,90.67,92.66,80.46,94.37,"education_score",93.19
"35577","zcta",2019,NA,NA,NA,NA,"education_score",NA
"35578","zcta",2019,76.15,97.55,85.79,106.84,"education_score",82.11
"35579","zcta",2019,76.78,92.78,91.87,88.51,"education_score",79.91
"35580","zcta",2019,78.57,143.9,118.85,93.08,"education_score",91.96
"35581","zcta",2019,81.32,99.85,113.53,91.45,"education_score",82.99
"35582","zcta",2019,80.58,92.67,112.86,87.28,"education_score",80.31
"35584","zcta",2019,70.38,106.51,126.03,87.64,"education_score",73.16
"35585","zcta",2019,92.64,70.33,119.54,94.66,"education_score",83.03
"35586","zcta",2019,80.6,86.14,103.29,89.56,"education_score",80.01
"35587","zcta",2019,85.56,69.28,70.76,94.38,"education_score",84.49
"35592","zcta",2019,87.54,93.47,108.47,89.54,"education_score",86.73
"35593","zcta",2019,86.6,81.55,101.03,87.68,"education_score",83.91
"35594","zcta",2019,81.59,114.2,113.8,95.38,"education_score",87.22
"35601","zcta",2019,73.94,94,106.69,123.29,"education_score",75.94
"35603","zcta",2019,104.98,100.57,98.11,115.33,"education_score",104.2
"35610","zcta",2019,101.67,105.51,79.18,87.2,"education_score",106.69
"35611","zcta",2019,82.54,85.65,98.34,103.26,"education_score",82.07
"35613","zcta",2019,96.4,114.9,95.49,108.39,"education_score",102.5
"35614","zcta",2019,74.47,88.53,100.22,95.62,"education_score",76.42
"35615","zcta",2019,NA,NA,NA,NA,"education_score",NA
"35616","zcta",2019,80.55,88.3,82.86,88.61,"education_score",84.15
"35618","zcta",2019,69.07,68.86,94.39,97.27,"education_score",67.09
"35619","zcta",2019,79.84,83.05,98.3,101.66,"education_score",78.72
"35620","zcta",2019,96.32,67.83,99.81,98.74,"education_score",86.96
"35621","zcta",2019,90.96,106.66,89.23,89.14,"education_score",96.8
"35622","zcta",2019,90.56,93.05,105.34,108.72,"education_score",88.63
"35630","zcta",2019,95.83,85.77,102.18,113.37,"education_score",92.25
"35633","zcta",2019,99.53,102.54,101.63,99.49,"education_score",100.43
"35634","zcta",2019,104.47,101.9,92.39,102.12,"education_score",105.68
"35640","zcta",2019,102.47,105.07,104.31,114.36,"education_score",102.34
"35643","zcta",2019,63.51,86.09,93.52,93.9,"education_score",67.68
"35645","zcta",2019,104.38,102.83,97.99,91.4,"education_score",104.87
"35646","zcta",2019,87.29,81.18,87.82,89.29,"education_score",86.33
"35647","zcta",2019,103.4,78.9,105.72,86.66,"education_score",96.46
"35648","zcta",2019,90.27,85.59,108.54,87.63,"education_score",86.74
"35649","zcta",2019,NA,NA,NA,NA,"education_score",NA
"35650","zcta",2019,86.73,100.64,102.25,106.58,"education_score",88.66
"35651","zcta",2019,92.25,98.31,94.8,88.95,"education_score",94.06
"35652","zcta",2019,99.53,93.34,94.47,90.45,"education_score",98.61
"35653","zcta",2019,61.29,75.57,108.28,103.99,"education_score",60.22
"35654","zcta",2019,80.17,68.09,93.6,101.54,"education_score",75.61
"35660","zcta",2019,90.23,83.51,94.51,94.38,"education_score",88.19
"35661","zcta",2019,106.38,102.49,97.24,96.26,"education_score",106.26
"35670","zcta",2019,99.94,104.91,86.89,100.68,"education_score",103.05
"35671","zcta",2019,84.31,129.83,80.46,87.86,"education_score",99.27
"35672","zcta",2019,92.01,90.39,122.76,93.66,"education_score",86.98
"35673","zcta",2019,84.32,112.04,94.61,101.5,"education_score",92.15
"35674","zcta",2019,90.16,86.16,99,101.35,"education_score",87.77
"35677","zcta",2019,90.17,106.72,112.13,88.26,"education_score",91.86
"35739","zcta",2019,93.88,93.6,101.45,90.6,"education_score",92.66
"35740","zcta",2019,88.75,82.58,95.81,86.66,"education_score",85.66
"35741","zcta",2019,121.53,118.34,90.99,108.05,"education_score",126.15
"35744","zcta",2019,73.99,83.49,94.88,89,"education_score",75.62
"35745","zcta",2019,98.81,95.87,90.73,85.16,"education_score",99.3
"35746","zcta",2019,88.82,106.51,43.56,95.95,"education_score",100.95
"35747","zcta",2019,104.31,92.64,85.99,90.52,"education_score",103.33
"35748","zcta",2019,97.16,96.18,101.98,121.14,"education_score",95.4
"35749","zcta",2019,116.31,118.57,112.46,99.27,"education_score",117.14
"35750","zcta",2019,102.44,108.11,99.8,100.5,"education_score",104.44
"35751","zcta",2019,123.45,98.41,65.92,99.55,"education_score",123.45
"35752","zcta",2019,88.26,112.99,93.39,95.57,"education_score",95.15
"35754","zcta",2019,73.17,78.17,91.33,89.58,"education_score",73.91
"35755","zcta",2019,117.74,106.18,57.22,106.83,"education_score",123.41
"35756","zcta",2019,118.02,115.79,129.72,92.23,"education_score",115.19
"35757","zcta",2019,119.37,131.59,109.64,101.39,"education_score",124.8
"35758","zcta",2019,123.85,129.13,111.06,115.31,"education_score",126.77
"35759","zcta",2019,120.54,136.67,113.84,89.55,"education_score",126.21
"35760","zcta",2019,85.3,98.57,104.53,102.2,"education_score",86.81
"35761","zcta",2019,94.68,108.18,101.94,99.43,"education_score",97.92
"35763","zcta",2019,126.24,143.29,115.99,110.42,"education_score",132.22
"35764","zcta",2019,54.69,85.43,85.3,93.92,"education_score",61.79
"35765","zcta",2019,81.21,96.43,89.39,102.55,"education_score",86.12
"35766","zcta",2019,79.14,106.51,64.67,99.55,"education_score",89.76
"35768","zcta",2019,93.97,99.27,94.34,103.52,"education_score",95.35
"35769","zcta",2019,103.94,100.48,97.66,96.98,"education_score",103.52
"35771","zcta",2019,86.24,75.72,106.31,93.49,"education_score",80.02
"35772","zcta",2019,88.07,95.84,111.54,100.29,"education_score",86.59
"35773","zcta",2019,96.96,96.99,104.23,101.74,"education_score",96.09
"35774","zcta",2019,109.5,96.33,49.55,85.16,"education_score",114.38
"35775","zcta",2019,69.9,106.51,109.41,87.15,"education_score",76.19
"35776","zcta",2019,85.73,91.65,101.22,108.92,"education_score",85.4
"35801","zcta",2019,113.92,112.12,86.02,116.46,"education_score",117.87
"35802","zcta",2019,123.81,103.3,86.78,108.57,"education_score",123.25
"35803","zcta",2019,120.45,118.54,101.57,116.59,"education_score",122.22
"35805","zcta",2019,73.53,70.54,114.29,112.36,"education_score",67.7
"35806","zcta",2019,122.92,102.76,96.07,104.57,"education_score",121.21
"35808","zcta",2019,122.09,150.1,121.32,95.99,"education_score",131.21
"35810","zcta",2019,93.67,80.12,116.2,104.33,"education_score",86.52
"35811","zcta",2019,107.12,115.31,100.06,105.27,"education_score",110.42
"35816","zcta",2019,97.78,67.76,109.3,100.52,"education_score",87.97
"35824","zcta",2019,128.21,97.74,107.27,86.35,"education_score",121.91
"35896","zcta",2019,NA,NA,NA,NA,"education_score",NA
"35901","zcta",2019,90.73,91.62,97.44,114.44,"education_score",90.21
"35903","zcta",2019,87.95,83.38,98.4,101.38,"education_score",85.56
"35904","zcta",2019,86.5,80.9,94.49,101.48,"education_score",83.89
"35905","zcta",2019,98.86,77.31,99.55,93.44,"education_score",92.16
"35906","zcta",2019,110.01,93.87,102.3,94.54,"education_score",106.17
"35907","zcta",2019,114.38,94.26,91.24,91.46,"education_score",111.47
"35950","zcta",2019,75.85,92.78,126.54,106.21,"education_score",73.94
"35951","zcta",2019,59.77,88.42,110.27,105.46,"education_score",62.2
"35952","zcta",2019,67.7,101.63,104.41,96.74,"education_score",74.34
"35953","zcta",2019,78.79,113.63,96.4,110.3,"education_score",87.03
"35954","zcta",2019,86.11,68.17,105.82,116.91,"education_score",77.58
"35956","zcta",2019,86.83,80.82,101.98,94.69,"education_score",83.12
"35957","zcta",2019,73.59,85.69,114.46,108.33,"education_score",72.11
"35958","zcta",2019,83.85,121.43,83.52,92.45,"education_score",96.6
"35959","zcta",2019,84.48,100.55,93.03,90.31,"education_score",89.04
"35960","zcta",2019,85.71,95.05,94.18,90.43,"education_score",88.29
"35961","zcta",2019,62.57,87.13,111.13,98.21,"education_score",64.38
"35962","zcta",2019,59.87,91.71,112.15,98.58,"education_score",64.22
"35963","zcta",2019,97.84,69.27,98.58,116.79,"education_score",89.32
"35966","zcta",2019,78.14,89.73,85.95,98.85,"education_score",82.82
"35967","zcta",2019,71.47,90.76,106.8,98.36,"education_score",73.57
"35968","zcta",2019,69.31,74.6,115.13,91.87,"education_score",66.56
"35971","zcta",2019,78.83,87.31,96.87,89.57,"education_score",80.2
"35972","zcta",2019,83.3,103.44,91.01,91.85,"education_score",89.24
"35973","zcta",2019,66.97,78.72,93.01,87.8,"education_score",68.42
"35974","zcta",2019,79.51,99.69,111.83,85.71,"education_score",82.24
"35975","zcta",2019,87.62,106.51,82.71,91.74,"education_score",94.94
"35976","zcta",2019,95.56,96.31,95.79,114.51,"education_score",95.99
"35978","zcta",2019,84.95,82.11,95.25,106.36,"education_score",83.17
"35979","zcta",2019,85.68,69.6,112.55,108.27,"education_score",77.69
"35980","zcta",2019,80.72,113.2,112.33,92.5,"education_score",86.73
"35981","zcta",2019,99.58,112.97,118.2,93.38,"education_score",100.09
"35983","zcta",2019,104.44,101.89,95.9,85.56,"education_score",104.7
"35984","zcta",2019,108.92,119.37,69.85,95.34,"education_score",119.11
"35986","zcta",2019,77.57,103.54,106.11,93.53,"education_score",81.86
"35987","zcta",2019,78.47,101.77,104.34,93.21,"education_score",82.35
"35988","zcta",2019,84.61,98.63,111.89,91.84,"education_score",85.3
"35989","zcta",2019,74.22,112.08,108.36,88.51,"education_score",81.89
"35990","zcta",2019,NA,NA,NA,NA,"education_score",NA
"36003","zcta",2019,76.6,70.08,69.57,84.17,"education_score",77.52
"36005","zcta",2019,88.57,90.92,91.59,92.16,"education_score",89.64
"36006","zcta",2019,92.1,84.97,75.14,94.81,"education_score",93.87
"36009","zcta",2019,93.8,94.6,100.33,90.22,"education_score",93.22
"36010","zcta",2019,77.58,82.5,92.57,97.31,"education_score",78.2
"36013","zcta",2019,109.4,93.6,96.68,86.85,"education_score",106.69
"36016","zcta",2019,64.13,102.37,76,89.79,"education_score",75.79
"36017","zcta",2019,NA,NA,NA,NA,"education_score",NA
"36020","zcta",2019,89.16,97.89,111.13,91.13,"education_score",89.61
"36022","zcta",2019,103.32,97.79,104.57,97.25,"education_score",101.31
"36024","zcta",2019,98.47,111.7,93.87,94.87,"education_score",102.89
"36025","zcta",2019,NA,NA,NA,NA,"education_score",NA
"36026","zcta",2019,94.19,107.78,76.64,85.14,"education_score",101.44
"36027","zcta",2019,79.77,88.08,106.92,99.28,"education_score",79.2
"36028","zcta",2019,70.55,98.52,88.26,90.83,"education_score",78.68
"36029","zcta",2019,96.27,95.42,74.51,85.58,"education_score",100.21
"36030","zcta",2019,104.52,89.63,108.73,100.15,"education_score",97.8
"36031","zcta",2019,24.17,106.51,90.72,83.17,"education_score",44.61
"36032","zcta",2019,91.77,97.36,111.61,88.61,"education_score",90.96
"36033","zcta",2019,83.64,103.86,99.52,94.42,"education_score",88.23
"36034","zcta",2019,103.25,81.14,111.29,91.92,"education_score",94.58
"36035","zcta",2019,95.52,82.1,103.48,86.99,"education_score",90.67
"36036","zcta",2019,92.33,94.7,86.47,88.98,"education_score",95.88
"36037","zcta",2019,93.71,79.25,94.95,93.31,"education_score",89.37
"36038","zcta",2019,NA,NA,NA,NA,"education_score",NA
"36039","zcta",2019,63.86,98.65,55.61,85.16,"education_score",77.94
"36040","zcta",2019,82.06,104.44,99.66,95.96,"education_score",87.29
"36041","zcta",2019,79.66,103.05,100.39,88.52,"education_score",84.15
"36042","zcta",2019,87.53,79.63,99,87.18,"education_score",83.77
"36043","zcta",2019,83.03,107.79,78.64,86.38,"education_score",93.72
"36046","zcta",2019,86.65,90.87,93.53,91.57,"education_score",87.35
"36047","zcta",2019,91.05,120.83,117.67,94.01,"education_score",95.43
"36048","zcta",2019,50.52,99.05,85.08,84.17,"education_score",63.19
"36049","zcta",2019,90.83,88.73,100.01,89.51,"education_score",89.82
"36051","zcta",2019,98.41,114.07,93.72,106.42,"education_score",103.01
"36052","zcta",2019,123.07,106.34,66.35,91.66,"education_score",127.71
"36053","zcta",2019,88.25,104.13,96.14,97.82,"education_score",92.77
"36054","zcta",2019,103.25,103.64,107.5,93.26,"education_score",102.63
"36064","zcta",2019,123.79,116.25,107.33,89.28,"education_score",124.83
"36066","zcta",2019,111.39,106.9,101.86,89.19,"education_score",111.74
"36067","zcta",2019,96.89,93.89,110.98,104.27,"education_score",93.5
"36069","zcta",2019,101.53,97.27,78.8,88.5,"education_score",104.25
"36071","zcta",2019,92.31,102.31,69.85,89.03,"education_score",98.66
"36075","zcta",2019,86.69,105.46,84.78,85.63,"education_score",93.67
"36078","zcta",2019,88.39,93.49,97.71,97.31,"education_score",88.9
"36079","zcta",2019,103.69,87.61,101.68,93.36,"education_score",99.11
"36080","zcta",2019,109.89,112.89,93.59,84.98,"education_score",113.26
"36081","zcta",2019,97.75,99.37,122.73,94.34,"education_score",96.16
"36082","zcta",2019,NA,NA,NA,NA,"education_score",NA
"36083","zcta",2019,96.21,82.24,91.63,92.51,"education_score",93.53
"36088","zcta",2019,NA,NA,NA,NA,"education_score",NA
"36089","zcta",2019,79.36,95.31,96.53,88.34,"education_score",82.67
"36091","zcta",2019,88.97,84.9,99.79,96.3,"education_score",85.77
"36092","zcta",2019,93.92,107.29,97.22,108.36,"education_score",97.76
"36093","zcta",2019,119.04,120.65,104.55,91.19,"education_score",121.88
"36104","zcta",2019,82.11,77.37,104.52,100.61,"education_score",79.06
"36105","zcta",2019,83.53,90.64,97.54,96.57,"education_score",84.54
"36106","zcta",2019,117.53,92.68,101.22,90.26,"education_score",113.3
"36107","zcta",2019,81.55,96.21,103.37,95.35,"education_score",84.22
"36108","zcta",2019,67.9,70.57,93.94,104.39,"education_score",66.58
"36109","zcta",2019,106.7,97.55,97.98,101.32,"education_score",105.5
"36110","zcta",2019,71.98,92.26,103.38,91.34,"education_score",74.91
"36111","zcta",2019,93.08,99.56,109.42,91.21,"education_score",93.48
"36112","zcta",2019,NA,NA,NA,NA,"education_score",NA
"36113","zcta",2019,NA,NA,NA,NA,"education_score",NA
"36115","zcta",2019,121.2,129.44,134.16,83.74,"education_score",120.68
"36116","zcta",2019,102.04,100.2,111.55,123.2,"education_score",99.33
"36117","zcta",2019,119.02,105.62,108.71,112.21,"education_score",116.4
"36201","zcta",2019,67.73,87.87,94.87,113.52,"education_score",70.66
"36203","zcta",2019,92.7,103.16,109.62,99.37,"education_score",93.82
"36205","zcta",2019,113.38,109.3,88.45,84.17,"education_score",116.05
"36206","zcta",2019,93.91,83.25,110.58,93.44,"education_score",88.18
"36207","zcta",2019,107.83,103.86,96.79,102.36,"education_score",107.84
"36250","zcta",2019,105.86,110.92,90.23,87.28,"education_score",109.75
"36251","zcta",2019,69.87,84.29,79.3,91.87,"education_score",75.09
"36255","zcta",2019,85.19,89.1,106.01,96.01,"education_score",83.32
"36256","zcta",2019,91.32,92.3,104.57,89.1,"education_score",89.72
"36258","zcta",2019,95.64,94.46,72.33,93.58,"education_score",99.14
"36260","zcta",2019,81.17,108.01,97.71,93.83,"education_score",87.35
"36262","zcta",2019,74.35,104.51,98.53,89.99,"education_score",81.3
"36263","zcta",2019,89.02,99.97,66.34,86.16,"education_score",97.07
"36264","zcta",2019,77.53,82.63,105.13,96.69,"education_score",76.43
"36265","zcta",2019,108.45,87,109.62,118.54,"education_score",101.47
"36266","zcta",2019,74.28,111.67,111.44,99.89,"education_score",81
"36267","zcta",2019,NA,NA,NA,NA,"education_score",NA
"36268","zcta",2019,87.57,87.93,99.9,93.5,"education_score",86.33
"36269","zcta",2019,81.79,73.57,117.61,88.8,"education_score",74.76
"36271","zcta",2019,79.42,91.35,93.08,91.54,"education_score",82.29
"36272","zcta",2019,79.82,96.09,99.46,108.74,"education_score",82.27
"36273","zcta",2019,92.22,89.95,95.07,86.59,"education_score",91.48
"36274","zcta",2019,83.41,97.11,93.02,104.64,"education_score",86.72
"36276","zcta",2019,72.77,77.77,103.11,100.55,"education_score",71.87
"36277","zcta",2019,98.11,86.44,111.67,88.45,"education_score",92.89
"36278","zcta",2019,88.45,88.5,101.67,91.49,"education_score",87.61
"36279","zcta",2019,84.77,73.3,89.76,88.69,"education_score",82.31
"36280","zcta",2019,86.84,79.68,96.55,94.72,"education_score",84.38
"36301","zcta",2019,93.5,97.62,105.46,108.16,"education_score",92.66
"36303","zcta",2019,98.83,99.76,105.22,113.23,"education_score",97.93
"36305","zcta",2019,113.9,106.09,104.64,103.48,"education_score",112.52
"36310","zcta",2019,82.15,91.2,87.19,89.59,"education_score",85.73
"36311","zcta",2019,77.59,63.39,85.71,94.26,"education_score",73.54
"36312","zcta",2019,93.93,97.96,101.29,91.57,"education_score",94.4
"36313","zcta",2019,89.85,129.38,123.94,86.2,"education_score",96
"36314","zcta",2019,77.7,71.63,57.73,89.45,"education_score",81.11
"36316","zcta",2019,101.23,111.27,90.65,83.87,"education_score",106.19
"36317","zcta",2019,40.4,74.47,54.22,87.64,"education_score",53.46
"36318","zcta",2019,71.8,89.39,128.4,88.35,"education_score",68.96
"36319","zcta",2019,89.49,70.73,94.36,91.4,"education_score",83.53
"36320","zcta",2019,88.77,101.22,93.63,89.75,"education_score",92.05
"36321","zcta",2019,84.09,78.15,110.14,89.14,"education_score",78.98
"36322","zcta",2019,92.88,69.43,101.71,89.36,"education_score",84.43
"36323","zcta",2019,78.21,80.08,84.83,92.52,"education_score",79.11
"36330","zcta",2019,102.46,103.23,111.92,100.16,"education_score",101.17
"36340","zcta",2019,77.93,95.4,109.88,91.38,"education_score",79.35
"36343","zcta",2019,65.22,100.07,81.93,86.96,"education_score",75.21
"36344","zcta",2019,87.67,111.76,92.67,91.44,"education_score",94.59
"36345","zcta",2019,91.84,94.09,106.27,98.42,"education_score",91.16
"36346","zcta",2019,81.85,85.34,111.63,85.75,"education_score",79.53
"36350","zcta",2019,92.63,96.84,106.37,94.61,"education_score",91.87
"36351","zcta",2019,89.19,101.59,93.46,87.5,"education_score",92.86
"36352","zcta",2019,96.01,95.26,102.64,92.89,"education_score",95.39
"36353","zcta",2019,95,102.57,94.67,84.37,"education_score",97.38
"36360","zcta",2019,94.42,88.95,99.81,102.38,"education_score",91.61
"36362","zcta",2019,122.74,98,124.44,83.39,"education_score",114.24
"36370","zcta",2019,71.93,69.37,87.45,88.02,"education_score",70.04
"36371","zcta",2019,101.53,115.33,85.31,86.97,"education_score",107.57
"36373","zcta",2019,63.95,106.51,69.49,111.47,"education_score",78.58
"36374","zcta",2019,72.7,111.11,74.85,90.76,"education_score",85.2
"36375","zcta",2019,82.24,99.13,96.36,97.71,"education_score",86.23
"36376","zcta",2019,81.19,73.92,93.97,89.23,"education_score",77.73
"36401","zcta",2019,93.25,113.18,98.59,95.75,"education_score",98.39
"36420","zcta",2019,91.52,86.56,93.83,100.55,"education_score",90.07
"36421","zcta",2019,95.38,97.95,109.32,100.41,"education_score",93.6
"36425","zcta",2019,101.72,68.4,103.23,99.94,"education_score",90.95
"36426","zcta",2019,90.88,92.37,101.03,105.44,"education_score",89.7
"36432","zcta",2019,79.36,106.51,96.34,106.18,"education_score",85.99
"36435","zcta",2019,84.85,88.18,112.17,86.57,"education_score",82.57
"36436","zcta",2019,84.02,106.51,90.58,87.15,"education_score",90.01
"36439","zcta",2019,98.39,78.5,150.72,87.22,"education_score",83.08
"36441","zcta",2019,101.59,77.77,109.15,90.31,"education_score",92.63
"36442","zcta",2019,86.51,72.67,99.25,93.3,"education_score",80.38
"36444","zcta",2019,78.09,71.43,83.12,90.39,"education_score",76.96
"36445","zcta",2019,94.92,103.35,98.5,93.86,"education_score",97.17
"36446","zcta",2019,100.13,60.69,74.6,84.69,"education_score",92.77
"36451","zcta",2019,89.14,99.16,89.46,87.36,"education_score",92.51
"36453","zcta",2019,81.29,90.71,87.7,95.1,"education_score",84.17
"36454","zcta",2019,NA,NA,NA,NA,"education_score",NA
"36455","zcta",2019,85.79,96.33,80.65,93.35,"education_score",89.74
"36456","zcta",2019,91.28,65.04,116.26,100.74,"education_score",78.98
"36460","zcta",2019,96.72,96.49,95.26,97.54,"education_score",96.72
"36467","zcta",2019,83.36,92.59,102.19,96.54,"education_score",83.85
"36470","zcta",2019,NA,NA,NA,NA,"education_score",NA
"36471","zcta",2019,90.14,71.92,95.15,96.36,"education_score",83.69
"36473","zcta",2019,51.15,106.51,43.56,85.16,"education_score",72.51
"36474","zcta",2019,83.8,96.29,87.64,99.83,"education_score",87.52
"36475","zcta",2019,109.04,78.89,95.61,97.47,"education_score",101.31
"36476","zcta",2019,NA,NA,NA,NA,"education_score",NA
"36477","zcta",2019,81.06,85.79,102.53,91.42,"education_score",80.18
"36480","zcta",2019,89.44,81.67,91.48,88.21,"education_score",86.97
"36481","zcta",2019,78.97,60.69,93.62,87.02,"education_score",73.03
"36482","zcta",2019,77.29,68.42,105.38,87.69,"education_score",74.47
"36483","zcta",2019,94.31,91.49,78.62,106.4,"education_score",95.73
"36502","zcta",2019,82.43,72.22,94.23,101.37,"education_score",78.24
"36505","zcta",2019,80.32,97.83,150.79,88.55,"education_score",76.07
"36507","zcta",2019,95.33,90.12,98.48,97.31,"education_score",93.48
"36509","zcta",2019,48.99,77.19,91.83,87.51,"education_score",55.16
"36511","zcta",2019,70.58,106.51,43.56,87.15,"education_score",88.31
"36512","zcta",2019,NA,NA,NA,NA,"education_score",NA
"36513","zcta",2019,-34.58,106.51,176.6,91.78,"education_score",-18.02
"36518","zcta",2019,91.12,100.08,91.18,92.08,"education_score",93.81
"36521","zcta",2019,89.11,83.39,94.6,92.57,"education_score",86.27
"36522","zcta",2019,89.86,78.27,111.43,103.62,"education_score",82.33
"36523","zcta",2019,66.89,82.47,86.53,88.61,"education_score",70.32
"36524","zcta",2019,76.07,96.14,101.84,84.27,"education_score",79.57
"36525","zcta",2019,92.29,107.86,114.1,88.72,"education_score",93.62
"36526","zcta",2019,120.31,110.21,108.27,103.21,"education_score",117.92
"36527","zcta",2019,119.44,120.7,116.64,101.42,"education_score",119.66
"36528","zcta",2019,121.47,103.02,70.95,84.17,"education_score",124.03
"36529","zcta",2019,111.72,75.27,109.52,93.38,"education_score",100.06
"36530","zcta",2019,94.89,85,84.45,93.84,"education_score",93.96
"36532","zcta",2019,115.98,106.11,102.8,101.22,"education_score",115.07
"36535","zcta",2019,103.74,97.82,88.58,100.31,"education_score",104.21
"36538","zcta",2019,57.89,60.69,83.66,91.13,"education_score",58.49
"36539","zcta",2019,88.29,78.86,111.61,86.41,"education_score",82.9
"36540","zcta",2019,91.16,67.94,69.41,90.03,"education_score",88.32
"36541","zcta",2019,87.97,89.8,112.24,101.34,"education_score",84.76
"36542","zcta",2019,112.96,101.22,86.7,90.47,"education_score",113.57
"36543","zcta",2019,130.05,111.14,168.49,84.17,"education_score",114.53
"36544","zcta",2019,70.74,58.72,103.68,94.39,"education_score",63.97
"36545","zcta",2019,80.48,87.6,110.58,92.43,"education_score",79.33
"36548","zcta",2019,118.14,101.14,65.48,85.63,"education_score",121
"36549","zcta",2019,111.57,86.33,68.44,89.58,"education_score",109.93
"36550","zcta",2019,74.72,106.51,43.56,84.17,"education_score",92.89
"36551","zcta",2019,101.18,94.15,93.25,111.1,"education_score",100.22
"36553","zcta",2019,75.32,101.72,102.7,88.15,"education_score",80
"36555","zcta",2019,116.42,113.1,67.47,96.74,"education_score",123.09
"36556","zcta",2019,95.98,102.31,139.27,87.26,"education_score",89.35
"36558","zcta",2019,87.21,98.39,99.41,92.2,"education_score",89.69
"36559","zcta",2019,134.58,70.17,56.79,89.14,"education_score",128.31
"36560","zcta",2019,64.29,81.82,93.29,89.45,"education_score",66.7
"36561","zcta",2019,120.2,114.1,74.27,92.9,"education_score",125.87
"36562","zcta",2019,80.85,96.37,84.36,90.62,"education_score",85.37
"36564","zcta",2019,146.63,106.51,103.63,83.17,"education_score",144.2
"36567","zcta",2019,89.28,90.46,105.22,102.6,"education_score",87.42
"36568","zcta",2019,NA,NA,NA,NA,"education_score",NA
"36569","zcta",2019,100.31,106.51,81.14,146.7,"education_score",102.75
"36571","zcta",2019,98.27,97.95,108.66,95.27,"education_score",96.36
"36572","zcta",2019,104.41,98.71,98.94,93.51,"education_score",103.16
"36574","zcta",2019,95.34,87.44,76.78,95.37,"education_score",96.07
"36575","zcta",2019,98.05,91.01,104.69,95.26,"education_score",94.69
"36576","zcta",2019,110.16,98.67,84.37,91.2,"education_score",110.04
"36578","zcta",2019,114.31,132.49,102.38,100.74,"education_score",119.45
"36579","zcta",2019,102.16,107.11,74.25,84.17,"education_score",108.69
"36580","zcta",2019,85.02,89.97,91.71,95.97,"education_score",86.43
"36581","zcta",2019,116.46,106.51,86.8,85.16,"education_score",115.1
"36582","zcta",2019,96.28,92.54,104.3,105.27,"education_score",93.47
"36583","zcta",2019,106.95,106.51,114.82,97.45,"education_score",104.23
"36584","zcta",2019,90.21,106.21,116.7,88.55,"education_score",90.44
"36585","zcta",2019,101.25,97.75,137.31,89.89,"education_score",93.14
"36587","zcta",2019,76.34,74.47,98.04,102.1,"education_score",73.25
"36590","zcta",2019,NA,NA,NA,NA,"education_score",NA
"36602","zcta",2019,106.08,135.86,50.72,89.14,"education_score",125.07
"36603","zcta",2019,75.64,92.3,87.42,96.77,"education_score",80.09
"36604","zcta",2019,110.6,107.5,91.01,95.64,"education_score",113.37
"36605","zcta",2019,95.17,91.47,109.1,105.37,"education_score",91.24
"36606","zcta",2019,104.07,100.21,98.61,109.41,"education_score",103.3
"36607","zcta",2019,102.32,112.05,88.91,90.46,"education_score",107.77
"36608","zcta",2019,111.54,91.93,100.94,113.49,"education_score",107.44
"36609","zcta",2019,110.5,99.16,95.87,99.3,"education_score",109.34
"36610","zcta",2019,82.34,68.12,115.9,97.61,"education_score",73.19
"36611","zcta",2019,93.22,76.3,126.48,95.4,"education_score",81.92
"36612","zcta",2019,81.16,101.53,146.95,87.33,"education_score",77.36
"36613","zcta",2019,89.71,81.24,102.68,91.26,"education_score",85.35
"36615","zcta",2019,NA,NA,NA,NA,"education_score",NA
"36616","zcta",2019,NA,NA,NA,NA,"education_score",NA
"36617","zcta",2019,95.6,96.3,96.66,100.38,"education_score",95.79
"36618","zcta",2019,99.8,99.85,108.99,94.37,"education_score",98.53
"36619","zcta",2019,95.17,106.96,95.78,90.31,"education_score",98.85
"36688","zcta",2019,NA,NA,NA,NA,"education_score",NA
"36693","zcta",2019,112.72,106.01,95.19,97.4,"education_score",113.64
"36695","zcta",2019,112.04,107.06,108.37,103.21,"education_score",110.76
"36701","zcta",2019,95.82,88.62,105.09,115.41,"education_score",91.85
"36703","zcta",2019,86.6,78.24,111.86,108.72,"education_score",80.16
"36720","zcta",2019,55.68,104.36,142.9,86.44,"education_score",59.68
"36722","zcta",2019,67.84,106.51,69.8,91.58,"education_score",80.09
"36723","zcta",2019,51.97,106.51,181.9,85.91,"education_score",49.05
"36726","zcta",2019,85.53,83.78,109.16,88.34,"education_score",81.79
"36727","zcta",2019,NA,NA,NA,NA,"education_score",NA
"36728","zcta",2019,57.4,95.06,79.86,89.14,"education_score",68.78
"36732","zcta",2019,93.74,95.52,112.1,88.25,"education_score",92.25
"36736","zcta",2019,96.25,110.49,174.68,85.59,"education_score",87.38
"36738","zcta",2019,102.87,99.16,73.37,204.26,"education_score",103.99
"36740","zcta",2019,91.16,90.45,88.84,84.83,"education_score",91.99
"36742","zcta",2019,87.35,99.7,59.91,92.21,"education_score",95.75
"36744","zcta",2019,93.76,59.65,90.96,90.4,"education_score",84.32
"36748","zcta",2019,95.75,83.26,81.4,95.95,"education_score",93.73
"36749","zcta",2019,56.8,86.63,61.89,96.95,"education_score",67.28
"36750","zcta",2019,88.21,119.47,105.8,94.18,"education_score",94.65
"36751","zcta",2019,18.94,86.83,127.77,95.24,"education_score",27.98
"36752","zcta",2019,112.9,132.02,65.55,86.83,"education_score",125.73
"36753","zcta",2019,NA,NA,NA,NA,"education_score",NA
"36754","zcta",2019,57.36,127.21,55.78,91.13,"education_score",82.45
"36756","zcta",2019,88.39,78.87,112,87.49,"education_score",84.28
"36758","zcta",2019,92.78,95.95,99.41,98.03,"education_score",92.29
"36759","zcta",2019,86.92,58.55,111.93,90.6,"education_score",75.03
"36761","zcta",2019,73.41,95.72,107.31,93.12,"education_score",75.99
"36763","zcta",2019,57.62,100.78,202.7,87.15,"education_score",46.75
"36765","zcta",2019,74.33,81.51,106.36,93.87,"education_score",72.51
"36766","zcta",2019,NA,NA,NA,NA,"education_score",NA
"36767","zcta",2019,64.64,62.51,102.15,87.9,"education_score",60.71
"36768","zcta",2019,110.05,67.42,87.37,90.14,"education_score",100.16
"36769","zcta",2019,89.95,88.42,95.01,90.11,"education_score",89.26
"36773","zcta",2019,52.73,85.36,121.44,88.21,"education_score",54.54
"36775","zcta",2019,97.56,84.34,114.47,84.17,"education_score",89.83
"36776","zcta",2019,96.58,88.7,124.21,83.9,"education_score",91.3
"36782","zcta",2019,92.92,118.17,116.78,93.09,"education_score",95.98
"36783","zcta",2019,106.34,151.61,62.23,100.65,"education_score",126.59
"36784","zcta",2019,96.04,100.26,90.22,94.71,"education_score",98.53
"36785","zcta",2019,84.86,72.94,87.12,100.05,"education_score",81.2
"36786","zcta",2019,100.42,58.7,115.25,88.17,"education_score",86
"36790","zcta",2019,NA,NA,NA,NA,"education_score",NA
"36792","zcta",2019,108.91,111.14,91.12,97.33,"education_score",110.48
"36793","zcta",2019,112.67,91.85,89.08,91.13,"education_score",109.28
"36801","zcta",2019,107.58,98.17,104.76,115.23,"education_score",104.62
"36804","zcta",2019,99.68,92.09,101.41,97.34,"education_score",96.99
"36830","zcta",2019,119.24,98.46,129.41,113.26,"education_score",111.79
"36832","zcta",2019,112.68,79.53,138.26,106.44,"education_score",100.07
"36849","zcta",2019,NA,NA,NA,NA,"education_score",NA
"36850","zcta",2019,90.73,81.13,89.91,105.9,"education_score",88.37
"36852","zcta",2019,89.35,79,106.09,95.3,"education_score",84.45
"36853","zcta",2019,94.62,92.9,88.22,90.45,"education_score",95.93
"36854","zcta",2019,95.14,98.37,108.05,99.32,"education_score",93.99
"36855","zcta",2019,89.16,97.09,103.86,88.95,"education_score",90.06
"36856","zcta",2019,106.78,118.1,133.69,93.28,"education_score",105.69
"36858","zcta",2019,101.66,145.28,76.29,93.01,"education_score",118.08
"36859","zcta",2019,NA,NA,NA,NA,"education_score",NA
"36860","zcta",2019,66.7,89.66,87.7,84.66,"education_score",72.19
"36861","zcta",2019,93.33,93.55,86.88,87.71,"education_score",95.43
"36862","zcta",2019,80.78,86.46,86.52,92.44,"education_score",83.13
"36863","zcta",2019,87.12,85.15,91.66,104.43,"education_score",86.25
"36865","zcta",2019,NA,NA,NA,NA,"education_score",NA
"36866","zcta",2019,93.52,84.53,85.69,94.75,"education_score",92.21
"36867","zcta",2019,101.38,99.77,106.47,103.24,"education_score",100.2
"36869","zcta",2019,84.74,91.84,106.34,99.28,"education_score",84.19
"36870","zcta",2019,98.84,106.51,102.19,96.21,"education_score",100.77
"36871","zcta",2019,99.54,127.2,98.68,90.14,"education_score",107.01
"36874","zcta",2019,111.11,124.78,109.59,93.46,"education_score",114.72
"36875","zcta",2019,100.65,79.97,89,96.03,"education_score",95.74
"36877","zcta",2019,100.89,100.91,97.81,94.34,"education_score",101.67
"36879","zcta",2019,120.17,135.57,104.2,94.62,"education_score",127.26
"36901","zcta",2019,96.04,106.51,58.43,85.16,"education_score",104.99
"36904","zcta",2019,97.27,93.63,93.25,92.03,"education_score",97.41
"36907","zcta",2019,111.08,86.89,98.71,88.46,"education_score",106.36
"36908","zcta",2019,91.59,85.82,97.57,93.5,"education_score",88.92
"36910","zcta",2019,NA,NA,NA,NA,"education_score",NA
"36912","zcta",2019,94.59,92.36,73.42,88.92,"education_score",96.92
"36913","zcta",2019,NA,NA,NA,NA,"education_score",NA
"36915","zcta",2019,101.16,102.31,75.91,86.75,"education_score",105
"36916","zcta",2019,82.41,111.42,63.84,84.46,"education_score",95.25
"36919","zcta",2019,78.32,87.62,103.97,90.6,"education_score",78.9
"36921","zcta",2019,69.3,88.86,63.45,106.83,"education_score",77.97
"36922","zcta",2019,23.42,60.69,126.76,94.35,"education_score",24.42
"36925","zcta",2019,95.09,97.48,103.36,94.99,"education_score",95.17
"35004","zcta",2019,112.59,98.1,110.17,88.22,"education_score",106.96
"35005","zcta",2019,91.53,91.87,102.2,94.57,"education_score",90.44
"35006","zcta",2019,89.63,89.65,104.25,93.92,"education_score",87.44
"35007","zcta",2019,101.44,102.87,111.34,93.21,"education_score",100.61
"35010","zcta",2019,84.67,94.89,99.64,91.22,"education_score",86.3
"35013","zcta",2019,NA,NA,NA,NA,"education_score",NA
"35014","zcta",2019,76.5,88.61,97.17,96.31,"education_score",77.84
"35016","zcta",2019,96.15,96.14,106.3,94.26,"education_score",94.54
"35019","zcta",2019,92,86.98,97.63,90.14,"education_score",89.56
"35020","zcta",2019,83.62,86.54,98.81,107.29,"education_score",82.65
"35022","zcta",2019,109.16,104.92,93.18,105.35,"education_score",110.13
"35023","zcta",2019,100.59,103.51,99.08,102.28,"education_score",101.43
"35031","zcta",2019,79.94,96.02,93.24,95.73,"education_score",84.2
"35032","zcta",2019,NA,NA,NA,NA,"education_score",NA
"35033","zcta",2019,78.88,80.78,121.96,85.16,"education_score",73.15
"35034","zcta",2019,80.27,90.58,87.53,92.44,"education_score",82.95
"35035","zcta",2019,106.98,144.52,59.79,89.14,"education_score",124.87
"35036","zcta",2019,60.06,106.51,137.45,100.72,"education_score",63.19
"35040","zcta",2019,104.96,101.02,121.63,107.21,"education_score",100.59
"35042","zcta",2019,90.78,98.93,90.81,96.85,"education_score",93.69
"35043","zcta",2019,121.15,115,132.36,101.46,"education_score",115.79
"35044","zcta",2019,81.93,93.53,97.81,101.46,"education_score",83.28
"35045","zcta",2019,88.78,109.58,105.11,97.38,"education_score",92.45
"35046","zcta",2019,96.88,89.62,101.39,93.4,"education_score",93.76
"35049","zcta",2019,82.59,107.33,100.34,101.49,"education_score",87.48
"35051","zcta",2019,96.51,107.71,100.45,108.51,"education_score",99.37
"35052","zcta",2019,NA,NA,NA,NA,"education_score",NA
"35053","zcta",2019,92.15,119.49,84.16,88.96,"education_score",102.79
"35054","zcta",2019,85.08,127.03,76.71,92.83,"education_score",100.37
"35055","zcta",2019,90.38,91.54,102.39,122.41,"education_score",88.64
"35057","zcta",2019,89.17,95.5,98.64,96.26,"education_score",89.95
"35058","zcta",2019,88.93,99.01,83.26,112.8,"education_score",93.22
"35060","zcta",2019,76.06,60.69,98.06,83.17,"education_score",72.97
"35061","zcta",2019,96.86,105.42,77.1,88.01,"education_score",102.61
"35062","zcta",2019,87.6,76.76,107.32,92.64,"education_score",81.92
"35063","zcta",2019,77.52,70.6,86.66,91.92,"education_score",75.31
"35064","zcta",2019,102.87,86.11,101.55,95.27,"education_score",97.78
"35068","zcta",2019,100.49,119.23,85.05,93.66,"education_score",109.24
"35070","zcta",2019,53.69,106.51,110.21,86.16,"education_score",62.5
"35071","zcta",2019,110.67,112.56,103.65,108.66,"education_score",111.32
"35072","zcta",2019,75.52,87.66,99.78,90.39,"education_score",76.79
"35073","zcta",2019,98.82,102.82,90.5,99.7,"education_score",100.63
"35074","zcta",2019,NA,NA,NA,NA,"education_score",NA
"35077","zcta",2019,80.76,75.99,96.71,102.44,"education_score",77.96
"35078","zcta",2019,86.76,91.25,96.2,94.89,"education_score",87.49
"35079","zcta",2019,103.51,103,100.44,92.34,"education_score",102.84
"35080","zcta",2019,117.99,108.61,121.17,103.21,"education_score",113.88
"35082","zcta",2019,NA,NA,NA,NA,"education_score",NA
"35083","zcta",2019,71.72,100.32,96.88,87.4,"education_score",78.15
"35085","zcta",2019,79.67,92.27,101.12,91.33,"education_score",80.99
"35087","zcta",2019,75.89,90.5,103.56,92.88,"education_score",76.98
"35089","zcta",2019,81.75,118.27,68.38,84.17,"education_score",96.58
"35091","zcta",2019,112.66,106.59,122.92,92.9,"education_score",108.15
"35094","zcta",2019,103.61,106.16,105.66,101.36,"education_score",103.74
"35096","zcta",2019,90.03,107.63,87.32,97.64,"education_score",96.02
"35097","zcta",2019,83.43,93.86,117.37,90.54,"education_score",81.16
"35098","zcta",2019,84.36,101.84,94.41,88.73,"education_score",88.65
"35111","zcta",2019,109.87,100.05,108.34,101.54,"education_score",106.43
"35112","zcta",2019,91.62,106.51,86.59,124.07,"education_score",95.05
"35114","zcta",2019,113.08,134.9,112.3,91.27,"education_score",119.93
"35115","zcta",2019,98.3,66.95,109.06,108.37,"education_score",87.41
"35116","zcta",2019,108.7,107.54,102.04,98.44,"education_score",108.79
"35117","zcta",2019,107.54,128.88,101.85,96.73,"education_score",114.15
"35118","zcta",2019,93.99,112.71,99.69,86.52,"education_score",99.09
"35119","zcta",2019,61.23,106.51,159.84,88.15,"education_score",60.77
"35120","zcta",2019,96.5,119.75,110.73,105.4,"education_score",100.72
"35121","zcta",2019,74.8,103.58,100.39,102.39,"education_score",81.14
"35124","zcta",2019,112.37,109.27,102.91,104.45,"education_score",112.82
"35125","zcta",2019,79.7,117.43,81.28,110.71,"education_score",91.79
"35126","zcta",2019,105.21,88.87,97.88,100.43,"education_score",100.74
"35127","zcta",2019,111.09,99.39,102.33,90.54,"education_score",108.29
"35128","zcta",2019,94.5,110.13,91.27,96.42,"education_score",100.06
"35130","zcta",2019,68.77,134.35,101.65,86.16,"education_score",85.23
"35131","zcta",2019,81.01,87.78,101.92,96.71,"education_score",80.53
"35133","zcta",2019,97.13,100.01,99.49,98.25,"education_score",96.74
"35135","zcta",2019,102.01,111.93,112.08,85.16,"education_score",102.76
"35136","zcta",2019,94.03,111.24,88.42,86.16,"education_score",100.42
"35139","zcta",2019,-7.4,106.51,43.56,91.13,"education_score",26.57
"35143","zcta",2019,104.01,92.36,89.05,87.81,"education_score",102.31
"35146","zcta",2019,93.61,101.68,106.37,113.92,"education_score",93.86
"35147","zcta",2019,109.77,122.44,96.19,95.39,"education_score",115.8
"35148","zcta",2019,92.13,70.84,103.97,92.61,"education_score",83.99
"35149","zcta",2019,101.23,106.51,43.56,89.14,"education_score",110.77
"35150","zcta",2019,82.29,105.81,108.24,113.37,"education_score",85.42
"35151","zcta",2019,87.21,77.53,95.08,102.82,"education_score",83.54
"35160","zcta",2019,84.61,90.1,101.52,111.32,"education_score",84.43
"35171","zcta",2019,80.87,96.39,104.58,92.99,"education_score",82.99
"35172","zcta",2019,84.52,78.65,82.39,99.55,"education_score",83.44
"35173","zcta",2019,115.63,115.94,115.1,107.25,"education_score",114.88
"35175","zcta",2019,86.62,104,109.38,100.04,"education_score",89.4
"35176","zcta",2019,54.1,95.22,104.93,97.32,"education_score",61.22
"35178","zcta",2019,90.32,94.26,116.08,96.18,"education_score",86.71
"35179","zcta",2019,82.67,94.88,100.75,128.29,"education_score",83.15
"35180","zcta",2019,94.61,98.41,110.88,102.57,"education_score",92.38
"35183","zcta",2019,105.85,106.51,83.16,86.16,"education_score",108.2
"35184","zcta",2019,72.2,90.53,100.31,106.05,"education_score",74.01
"35186","zcta",2019,99.27,103.04,93.48,100.89,"education_score",101.17
"35187","zcta",2019,NA,NA,NA,NA,"education_score",NA
"35188","zcta",2019,94.8,95.3,101.41,104.36,"education_score",92.78
"35203","zcta",2019,96.08,129.78,54.27,97.33,"education_score",113.94
"35204","zcta",2019,78.24,73.46,90.42,110.92,"education_score",75.92
"35205","zcta",2019,119.24,96.15,97.48,106.62,"education_score",116.53
"35206","zcta",2019,92.75,87.33,107.76,95.28,"education_score",88.59
"35207","zcta",2019,91.85,92.44,103.47,88.31,"education_score",90.24
"35208","zcta",2019,99.11,87.72,102.78,94.32,"education_score",94.51
"35209","zcta",2019,122.44,112.83,112.79,100.22,"education_score",121.22
"35210","zcta",2019,106.35,102.86,91.16,102.51,"education_score",107.87
"35211","zcta",2019,101.19,82.09,95.27,114.33,"education_score",96.12
"35212","zcta",2019,92.59,100.17,100.62,94.27,"education_score",94.47
"35213","zcta",2019,138.44,123.6,109.75,108.42,"education_score",138.66
"35214","zcta",2019,106.15,100.32,100.51,103.64,"education_score",105.08
"35215","zcta",2019,97.09,102.47,122.41,109.19,"education_score",93.9
"35216","zcta",2019,122.8,111.89,111.23,97.19,"education_score",121.12
"35217","zcta",2019,86.66,76.04,102.17,99.65,"education_score",81.28
"35218","zcta",2019,97.2,73.91,111.62,89.34,"education_score",87.22
"35221","zcta",2019,86.33,79.04,103.1,93.46,"education_score",81.88
"35222","zcta",2019,118.06,124.49,89.68,90.41,"education_score",125.68
"35223","zcta",2019,132.89,139.16,112.14,100.73,"education_score",138.34
"35224","zcta",2019,90.55,76.46,108.62,88.44,"education_score",83.47
"35226","zcta",2019,129.59,116.71,111.36,97.16,"education_score",128.6
"35228","zcta",2019,86.85,96.94,104.38,99.61,"education_score",87.46
"35229","zcta",2019,NA,NA,NA,NA,"education_score",NA
"35233","zcta",2019,126.26,114.95,112.02,106.06,"education_score",127.45
"35234","zcta",2019,78.37,74.71,79.3,100.89,"education_score",78.28
"35235","zcta",2019,107.33,99.2,108.05,96.23,"education_score",104.55
"35242","zcta",2019,127.03,120.93,104.76,107.21,"education_score",128.44
"35243","zcta",2019,134.54,116.59,91.92,100.38,"education_score",135.92
"35244","zcta",2019,120.93,120.17,106.21,118.29,"education_score",122.6
"35254","zcta",2019,NA,NA,NA,NA,"education_score",NA
"35401","zcta",2019,96.04,76.22,128.55,109.42,"education_score",86.49
"35404","zcta",2019,98.06,90.07,109.54,105.41,"education_score",94.31
"35405","zcta",2019,110.41,106.31,101.78,109.2,"education_score",110.19
"35406","zcta",2019,128.14,120.67,114,94.35,"education_score",128.62
"35441","zcta",2019,85.62,68.96,101.51,84.23,"education_score",79.53
"35442","zcta",2019,82.45,68.85,94.98,89.47,"education_score",77.47
"35443","zcta",2019,74.13,69.65,123.68,89.81,"education_score",66.72
"35444","zcta",2019,89.61,80.3,104.41,96,"education_score",84.39
"35446","zcta",2019,83.74,90.85,100.18,109.82,"education_score",83.65
"35447","zcta",2019,83.36,78.93,87.64,89.78,"education_score",82.52
"35452","zcta",2019,86.98,92.45,92.02,106.38,"education_score",88.43
"35453","zcta",2019,88.47,107.12,102.28,100.52,"education_score",92.34
"35456","zcta",2019,80.23,71.28,118.49,106.22,"education_score",71.36
"35457","zcta",2019,NA,NA,NA,NA,"education_score",NA
"35458","zcta",2019,92.41,72.14,59.45,89.14,"education_score",92.47
"35459","zcta",2019,78.88,76.14,85.05,90.62,"education_score",78.61
"35460","zcta",2019,115.01,88.05,77.29,97.36,"education_score",111.46
"35461","zcta",2019,95.15,94.44,82.52,86.52,"education_score",98.02
"35462","zcta",2019,76.49,72.07,81.24,89.28,"education_score",75.94
"35463","zcta",2019,103.56,69.42,93.77,93.99,"education_score",94.51
"35464","zcta",2019,103.08,139.27,170.75,84.33,"education_score",102.19
"35466","zcta",2019,93.38,109.66,103.27,99.32,"education_score",97.03
"35469","zcta",2019,114.69,68.02,74.87,93.12,"education_score",106.29
"35470","zcta",2019,102.07,84.52,131.18,91.6,"education_score",93.84
"35473","zcta",2019,112.65,105.05,102.05,99.31,"education_score",112.04
"35474","zcta",2019,98.96,126.42,105.47,95.72,"education_score",105.94
"35475","zcta",2019,108.76,110.91,100.37,97.33,"education_score",110.4
"35476","zcta",2019,95.45,99.99,114.93,105.91,"education_score",93.94
"35477","zcta",2019,111.6,83.6,64.12,83.17,"education_score",110.83
"35480","zcta",2019,102.4,99.72,82.44,112.12,"education_score",104.13
"35481","zcta",2019,80,79.64,84.7,89.78,"education_score",80.2
"35490","zcta",2019,85.21,80.04,111.23,91.76,"education_score",80.24
"35501","zcta",2019,81.4,98.77,112.06,102.43,"education_score",82.31
"35503","zcta",2019,90.56,81.25,78.79,102.41,"education_score",89.95
"35504","zcta",2019,99.15,93.22,104.16,89.27,"education_score",96.8
"35540","zcta",2019,89.67,97.13,97,96.52,"education_score",90.83
"35541","zcta",2019,89.56,81.64,84.72,90.06,"education_score",88.91
"35542","zcta",2019,73.3,116.1,85.95,97.81,"education_score",85.36
"35543","zcta",2019,61.14,56.07,86.35,90.5,"education_score",58.82
"35544","zcta",2019,93.5,51.05,98.22,99.55,"education_score",80.65
"35545","zcta",2019,NA,NA,NA,NA,"education_score",NA
"35546","zcta",2019,88.22,104.68,105.18,95.92,"education_score",91.16
"35548","zcta",2019,73.05,86.14,90.04,97.27,"education_score",76.35
"35549","zcta",2019,75.91,95.57,103.97,92.42,"education_score",78.43
"35550","zcta",2019,85.4,78.31,92.77,96.95,"education_score",82.84
"35552","zcta",2019,95.96,61.91,111.55,91.8,"education_score",83.09
"35553","zcta",2019,62.3,78.16,75.48,102.32,"education_score",67.41
"35554","zcta",2019,94.47,74.83,99.95,98.03,"education_score",87.16
"35555","zcta",2019,94.43,108.16,98.2,105.93,"education_score",98.01
"35559","zcta",2019,NA,NA,NA,NA,"education_score",NA
"35563","zcta",2019,91.18,93.31,95.09,102.54,"education_score",91.71
"35564","zcta",2019,83.63,86.41,85.04,92.04,"education_score",84.88
"35565","zcta",2019,79.44,78.32,102.57,114.9,"education_score",76.1
"35570","zcta",2019,80.1,97.33,88.49,101.72,"education_score",85.28
"35571","zcta",2019,80.77,67.04,91.51,92.94,"education_score",76.2
"35572","zcta",2019,83.8,110.35,84.99,93.66,"education_score",92.46
"35574","zcta",2019,92.94,126.81,102.1,104.57,"education_score",101.86
"35575","zcta",2019,88.66,85.95,102.59,89.77,"education_score",86.69
"35576","zcta",2019,90.67,92.66,80.46,94.37,"education_score",93.19
"35577","zcta",2019,NA,NA,NA,NA,"education_score",NA
"35578","zcta",2019,76.15,97.55,85.79,106.84,"education_score",82.11
"35579","zcta",2019,76.78,92.78,91.87,88.51,"education_score",79.91
"35580","zcta",2019,78.57,143.9,118.85,93.08,"education_score",91.96
"35581","zcta",2019,81.32,99.85,113.53,91.45,"education_score",82.99
"35582","zcta",2019,80.58,92.67,112.86,87.28,"education_score",80.31
"35584","zcta",2019,70.38,106.51,126.03,87.64,"education_score",73.16
"35585","zcta",2019,92.64,70.33,119.54,94.66,"education_score",83.03
"35586","zcta",2019,80.6,86.14,103.29,89.56,"education_score",80.01
"35587","zcta",2019,85.56,69.28,70.76,94.38,"education_score",84.49
"35592","zcta",2019,87.54,93.47,108.47,89.54,"education_score",86.73
"35593","zcta",2019,86.6,81.55,101.03,87.68,"education_score",83.91
"35594","zcta",2019,81.59,114.2,113.8,95.38,"education_score",87.22
"35601","zcta",2019,73.94,94,106.69,123.29,"education_score",75.94
"35603","zcta",2019,104.98,100.57,98.11,115.33,"education_score",104.2
"35610","zcta",2019,101.67,105.51,79.18,87.2,"education_score",106.69
"35611","zcta",2019,82.54,85.65,98.34,103.26,"education_score",82.07
"35613","zcta",2019,96.4,114.9,95.49,108.39,"education_score",102.5
"35614","zcta",2019,74.47,88.53,100.22,95.62,"education_score",76.42
"35615","zcta",2019,NA,NA,NA,NA,"education_score",NA
"35616","zcta",2019,80.55,88.3,82.86,88.61,"education_score",84.15
"35618","zcta",2019,69.07,68.86,94.39,97.27,"education_score",67.09
"35619","zcta",2019,79.84,83.05,98.3,101.66,"education_score",78.72
"35620","zcta",2019,96.32,67.83,99.81,98.74,"education_score",86.96
"35621","zcta",2019,90.96,106.66,89.23,89.14,"education_score",96.8
"35622","zcta",2019,90.56,93.05,105.34,108.72,"education_score",88.63
"35630","zcta",2019,95.83,85.77,102.18,113.37,"education_score",92.25
"35633","zcta",2019,99.53,102.54,101.63,99.49,"education_score",100.43
"35634","zcta",2019,104.47,101.9,92.39,102.12,"education_score",105.68
"35640","zcta",2019,102.47,105.07,104.31,114.36,"education_score",102.34
"35643","zcta",2019,63.51,86.09,93.52,93.9,"education_score",67.68
"35645","zcta",2019,104.38,102.83,97.99,91.4,"education_score",104.87
"35646","zcta",2019,87.29,81.18,87.82,89.29,"education_score",86.33
"35647","zcta",2019,103.4,78.9,105.72,86.66,"education_score",96.46
"35648","zcta",2019,90.27,85.59,108.54,87.63,"education_score",86.74
"35649","zcta",2019,NA,NA,NA,NA,"education_score",NA
"35650","zcta",2019,86.73,100.64,102.25,106.58,"education_score",88.66
"35651","zcta",2019,92.25,98.31,94.8,88.95,"education_score",94.06
"35652","zcta",2019,99.53,93.34,94.47,90.45,"education_score",98.61
"35653","zcta",2019,61.29,75.57,108.28,103.99,"education_score",60.22
"35654","zcta",2019,80.17,68.09,93.6,101.54,"education_score",75.61
"35660","zcta",2019,90.23,83.51,94.51,94.38,"education_score",88.19
"35661","zcta",2019,106.38,102.49,97.24,96.26,"education_score",106.26
"35670","zcta",2019,99.94,104.91,86.89,100.68,"education_score",103.05
"35671","zcta",2019,84.31,129.83,80.46,87.86,"education_score",99.27
"35672","zcta",2019,92.01,90.39,122.76,93.66,"education_score",86.98
"35673","zcta",2019,84.32,112.04,94.61,101.5,"education_score",92.15
"35674","zcta",2019,90.16,86.16,99,101.35,"education_score",87.77
"35677","zcta",2019,90.17,106.72,112.13,88.26,"education_score",91.86
"35739","zcta",2019,93.88,93.6,101.45,90.6,"education_score",92.66
"35740","zcta",2019,88.75,82.58,95.81,86.66,"education_score",85.66
"35741","zcta",2019,121.53,118.34,90.99,108.05,"education_score",126.15
"35744","zcta",2019,73.99,83.49,94.88,89,"education_score",75.62
"35745","zcta",2019,98.81,95.87,90.73,85.16,"education_score",99.3
"35746","zcta",2019,88.82,106.51,43.56,95.95,"education_score",100.95
"35747","zcta",2019,104.31,92.64,85.99,90.52,"education_score",103.33
"35748","zcta",2019,97.16,96.18,101.98,121.14,"education_score",95.4
"35749","zcta",2019,116.31,118.57,112.46,99.27,"education_score",117.14
"35750","zcta",2019,102.44,108.11,99.8,100.5,"education_score",104.44
"35751","zcta",2019,123.45,98.41,65.92,99.55,"education_score",123.45
"35752","zcta",2019,88.26,112.99,93.39,95.57,"education_score",95.15
"35754","zcta",2019,73.17,78.17,91.33,89.58,"education_score",73.91
"35755","zcta",2019,117.74,106.18,57.22,106.83,"education_score",123.41
"35756","zcta",2019,118.02,115.79,129.72,92.23,"education_score",115.19
"35757","zcta",2019,119.37,131.59,109.64,101.39,"education_score",124.8
"35758","zcta",2019,123.85,129.13,111.06,115.31,"education_score",126.77
"35759","zcta",2019,120.54,136.67,113.84,89.55,"education_score",126.21
"35760","zcta",2019,85.3,98.57,104.53,102.2,"education_score",86.81
"35761","zcta",2019,94.68,108.18,101.94,99.43,"education_score",97.92
"35763","zcta",2019,126.24,143.29,115.99,110.42,"education_score",132.22
"35764","zcta",2019,54.69,85.43,85.3,93.92,"education_score",61.79
"35765","zcta",2019,81.21,96.43,89.39,102.55,"education_score",86.12
"35766","zcta",2019,79.14,106.51,64.67,99.55,"education_score",89.76
"35768","zcta",2019,93.97,99.27,94.34,103.52,"education_score",95.35
"35769","zcta",2019,103.94,100.48,97.66,96.98,"education_score",103.52
"35771","zcta",2019,86.24,75.72,106.31,93.49,"education_score",80.02
"35772","zcta",2019,88.07,95.84,111.54,100.29,"education_score",86.59
"35773","zcta",2019,96.96,96.99,104.23,101.74,"education_score",96.09
"35774","zcta",2019,109.5,96.33,49.55,85.16,"education_score",114.38
"35775","zcta",2019,69.9,106.51,109.41,87.15,"education_score",76.19
"35776","zcta",2019,85.73,91.65,101.22,108.92,"education_score",85.4
"35801","zcta",2019,113.92,112.12,86.02,116.46,"education_score",117.87
"35802","zcta",2019,123.81,103.3,86.78,108.57,"education_score",123.25
"35803","zcta",2019,120.45,118.54,101.57,116.59,"education_score",122.22
"35805","zcta",2019,73.53,70.54,114.29,112.36,"education_score",67.7
"35806","zcta",2019,122.92,102.76,96.07,104.57,"education_score",121.21
"35808","zcta",2019,122.09,150.1,121.32,95.99,"education_score",131.21
"35810","zcta",2019,93.67,80.12,116.2,104.33,"education_score",86.52
"35811","zcta",2019,107.12,115.31,100.06,105.27,"education_score",110.42
"35816","zcta",2019,97.78,67.76,109.3,100.52,"education_score",87.97
"35824","zcta",2019,128.21,97.74,107.27,86.35,"education_score",121.91
"35896","zcta",2019,NA,NA,NA,NA,"education_score",NA
"35901","zcta",2019,90.73,91.62,97.44,114.44,"education_score",90.21
"35903","zcta",2019,87.95,83.38,98.4,101.38,"education_score",85.56
"35904","zcta",2019,86.5,80.9,94.49,101.48,"education_score",83.89
"35905","zcta",2019,98.86,77.31,99.55,93.44,"education_score",92.16
"35906","zcta",2019,110.01,93.87,102.3,94.54,"education_score",106.17
"35907","zcta",2019,114.38,94.26,91.24,91.46,"education_score",111.47
"35950","zcta",2019,75.85,92.78,126.54,106.21,"education_score",73.94
"35951","zcta",2019,59.77,88.42,110.27,105.46,"education_score",62.2
"35952","zcta",2019,67.7,101.63,104.41,96.74,"education_score",74.34
"35953","zcta",2019,78.79,113.63,96.4,110.3,"education_score",87.03
"35954","zcta",2019,86.11,68.17,105.82,116.91,"education_score",77.58
"35956","zcta",2019,86.83,80.82,101.98,94.69,"education_score",83.12
"35957","zcta",2019,73.59,85.69,114.46,108.33,"education_score",72.11
"35958","zcta",2019,83.85,121.43,83.52,92.45,"education_score",96.6
"35959","zcta",2019,84.48,100.55,93.03,90.31,"education_score",89.04
"35960","zcta",2019,85.71,95.05,94.18,90.43,"education_score",88.29
"35961","zcta",2019,62.57,87.13,111.13,98.21,"education_score",64.38
"35962","zcta",2019,59.87,91.71,112.15,98.58,"education_score",64.22
"35963","zcta",2019,97.84,69.27,98.58,116.79,"education_score",89.32
"35966","zcta",2019,78.14,89.73,85.95,98.85,"education_score",82.82
"35967","zcta",2019,71.47,90.76,106.8,98.36,"education_score",73.57
"35968","zcta",2019,69.31,74.6,115.13,91.87,"education_score",66.56
"35971","zcta",2019,78.83,87.31,96.87,89.57,"education_score",80.2
"35972","zcta",2019,83.3,103.44,91.01,91.85,"education_score",89.24
"35973","zcta",2019,66.97,78.72,93.01,87.8,"education_score",68.42
"35974","zcta",2019,79.51,99.69,111.83,85.71,"education_score",82.24
"35975","zcta",2019,87.62,106.51,82.71,91.74,"education_score",94.94
"35976","zcta",2019,95.56,96.31,95.79,114.51,"education_score",95.99
"35978","zcta",2019,84.95,82.11,95.25,106.36,"education_score",83.17
"35979","zcta",2019,85.68,69.6,112.55,108.27,"education_score",77.69
"35980","zcta",2019,80.72,113.2,112.33,92.5,"education_score",86.73
"35981","zcta",2019,99.58,112.97,118.2,93.38,"education_score",100.09
"35983","zcta",2019,104.44,101.89,95.9,85.56,"education_score",104.7
"35984","zcta",2019,108.92,119.37,69.85,95.34,"education_score",119.11
"35986","zcta",2019,77.57,103.54,106.11,93.53,"education_score",81.86
"35987","zcta",2019,78.47,101.77,104.34,93.21,"education_score",82.35
"35988","zcta",2019,84.61,98.63,111.89,91.84,"education_score",85.3
"35989","zcta",2019,74.22,112.08,108.36,88.51,"education_score",81.89
"35990","zcta",2019,NA,NA,NA,NA,"education_score",NA
"36003","zcta",2019,76.6,70.08,69.57,84.17,"education_score",77.52
"36005","zcta",2019,88.57,90.92,91.59,92.16,"education_score",89.64
"36006","zcta",2019,92.1,84.97,75.14,94.81,"education_score",93.87
"36009","zcta",2019,93.8,94.6,100.33,90.22,"education_score",93.22
"36010","zcta",2019,77.58,82.5,92.57,97.31,"education_score",78.2
"36013","zcta",2019,109.4,93.6,96.68,86.85,"education_score",106.69
"36016","zcta",2019,64.13,102.37,76,89.79,"education_score",75.79
"36017","zcta",2019,NA,NA,NA,NA,"education_score",NA
"36020","zcta",2019,89.16,97.89,111.13,91.13,"education_score",89.61
"36022","zcta",2019,103.32,97.79,104.57,97.25,"education_score",101.31
"36024","zcta",2019,98.47,111.7,93.87,94.87,"education_score",102.89
"36025","zcta",2019,NA,NA,NA,NA,"education_score",NA
"36026","zcta",2019,94.19,107.78,76.64,85.14,"education_score",101.44
"36027","zcta",2019,79.77,88.08,106.92,99.28,"education_score",79.2
"36028","zcta",2019,70.55,98.52,88.26,90.83,"education_score",78.68
"36029","zcta",2019,96.27,95.42,74.51,85.58,"education_score",100.21
"36030","zcta",2019,104.52,89.63,108.73,100.15,"education_score",97.8
"36031","zcta",2019,24.17,106.51,90.72,83.17,"education_score",44.61
"36032","zcta",2019,91.77,97.36,111.61,88.61,"education_score",90.96
"36033","zcta",2019,83.64,103.86,99.52,94.42,"education_score",88.23
"36034","zcta",2019,103.25,81.14,111.29,91.92,"education_score",94.58
"36035","zcta",2019,95.52,82.1,103.48,86.99,"education_score",90.67
"36036","zcta",2019,92.33,94.7,86.47,88.98,"education_score",95.88
"36037","zcta",2019,93.71,79.25,94.95,93.31,"education_score",89.37
"36038","zcta",2019,NA,NA,NA,NA,"education_score",NA
"36039","zcta",2019,63.86,98.65,55.61,85.16,"education_score",77.94
"36040","zcta",2019,82.06,104.44,99.66,95.96,"education_score",87.29
"36041","zcta",2019,79.66,103.05,100.39,88.52,"education_score",84.15
"36042","zcta",2019,87.53,79.63,99,87.18,"education_score",83.77
"36043","zcta",2019,83.03,107.79,78.64,86.38,"education_score",93.72
"36046","zcta",2019,86.65,90.87,93.53,91.57,"education_score",87.35
"36047","zcta",2019,91.05,120.83,117.67,94.01,"education_score",95.43
"36048","zcta",2019,50.52,99.05,85.08,84.17,"education_score",63.19
"36049","zcta",2019,90.83,88.73,100.01,89.51,"education_score",89.82
"36051","zcta",2019,98.41,114.07,93.72,106.42,"education_score",103.01
"36052","zcta",2019,123.07,106.34,66.35,91.66,"education_score",127.71
"36053","zcta",2019,88.25,104.13,96.14,97.82,"education_score",92.77
"36054","zcta",2019,103.25,103.64,107.5,93.26,"education_score",102.63
"36064","zcta",2019,123.79,116.25,107.33,89.28,"education_score",124.83
"36066","zcta",2019,111.39,106.9,101.86,89.19,"education_score",111.74
"36067","zcta",2019,96.89,93.89,110.98,104.27,"education_score",93.5
"36069","zcta",2019,101.53,97.27,78.8,88.5,"education_score",104.25
"36071","zcta",2019,92.31,102.31,69.85,89.03,"education_score",98.66
"36075","zcta",2019,86.69,105.46,84.78,85.63,"education_score",93.67
"36078","zcta",2019,88.39,93.49,97.71,97.31,"education_score",88.9
"36079","zcta",2019,103.69,87.61,101.68,93.36,"education_score",99.11
"36080","zcta",2019,109.89,112.89,93.59,84.98,"education_score",113.26
"36081","zcta",2019,97.75,99.37,122.73,94.34,"education_score",96.16
"36082","zcta",2019,NA,NA,NA,NA,"education_score",NA
"36083","zcta",2019,96.21,82.24,91.63,92.51,"education_score",93.53
"36088","zcta",2019,NA,NA,NA,NA,"education_score",NA
"36089","zcta",2019,79.36,95.31,96.53,88.34,"education_score",82.67
"36091","zcta",2019,88.97,84.9,99.79,96.3,"education_score",85.77
"36092","zcta",2019,93.92,107.29,97.22,108.36,"education_score",97.76
"36093","zcta",2019,119.04,120.65,104.55,91.19,"education_score",121.88
"36104","zcta",2019,82.11,77.37,104.52,100.61,"education_score",79.06
"36105","zcta",2019,83.53,90.64,97.54,96.57,"education_score",84.54
"36106","zcta",2019,117.53,92.68,101.22,90.26,"education_score",113.3
"36107","zcta",2019,81.55,96.21,103.37,95.35,"education_score",84.22
"36108","zcta",2019,67.9,70.57,93.94,104.39,"education_score",66.58
"36109","zcta",2019,106.7,97.55,97.98,101.32,"education_score",105.5
"36110","zcta",2019,71.98,92.26,103.38,91.34,"education_score",74.91
"36111","zcta",2019,93.08,99.56,109.42,91.21,"education_score",93.48
"36112","zcta",2019,NA,NA,NA,NA,"education_score",NA
"36113","zcta",2019,NA,NA,NA,NA,"education_score",NA
"36115","zcta",2019,121.2,129.44,134.16,83.74,"education_score",120.68
"36116","zcta",2019,102.04,100.2,111.55,123.2,"education_score",99.33
"36117","zcta",2019,119.02,105.62,108.71,112.21,"education_score",116.4
"36201","zcta",2019,67.73,87.87,94.87,113.52,"education_score",70.66
"36203","zcta",2019,92.7,103.16,109.62,99.37,"education_score",93.82
"36205","zcta",2019,113.38,109.3,88.45,84.17,"education_score",116.05
"36206","zcta",2019,93.91,83.25,110.58,93.44,"education_score",88.18
"36207","zcta",2019,107.83,103.86,96.79,102.36,"education_score",107.84
"36250","zcta",2019,105.86,110.92,90.23,87.28,"education_score",109.75
"36251","zcta",2019,69.87,84.29,79.3,91.87,"education_score",75.09
"36255","zcta",2019,85.19,89.1,106.01,96.01,"education_score",83.32
"36256","zcta",2019,91.32,92.3,104.57,89.1,"education_score",89.72
"36258","zcta",2019,95.64,94.46,72.33,93.58,"education_score",99.14
"36260","zcta",2019,81.17,108.01,97.71,93.83,"education_score",87.35
"36262","zcta",2019,74.35,104.51,98.53,89.99,"education_score",81.3
"36263","zcta",2019,89.02,99.97,66.34,86.16,"education_score",97.07
"36264","zcta",2019,77.53,82.63,105.13,96.69,"education_score",76.43
"36265","zcta",2019,108.45,87,109.62,118.54,"education_score",101.47
"36266","zcta",2019,74.28,111.67,111.44,99.89,"education_score",81
"36267","zcta",2019,NA,NA,NA,NA,"education_score",NA
"36268","zcta",2019,87.57,87.93,99.9,93.5,"education_score",86.33
"36269","zcta",2019,81.79,73.57,117.61,88.8,"education_score",74.76
"36271","zcta",2019,79.42,91.35,93.08,91.54,"education_score",82.29
"36272","zcta",2019,79.82,96.09,99.46,108.74,"education_score",82.27
"36273","zcta",2019,92.22,89.95,95.07,86.59,"education_score",91.48
"36274","zcta",2019,83.41,97.11,93.02,104.64,"education_score",86.72
"36276","zcta",2019,72.77,77.77,103.11,100.55,"education_score",71.87
"36277","zcta",2019,98.11,86.44,111.67,88.45,"education_score",92.89
"36278","zcta",2019,88.45,88.5,101.67,91.49,"education_score",87.61
"36279","zcta",2019,84.77,73.3,89.76,88.69,"education_score",82.31
"36280","zcta",2019,86.84,79.68,96.55,94.72,"education_score",84.38
"36301","zcta",2019,93.5,97.62,105.46,108.16,"education_score",92.66
"36303","zcta",2019,98.83,99.76,105.22,113.23,"education_score",97.93
"36305","zcta",2019,113.9,106.09,104.64,103.48,"education_score",112.52
"36310","zcta",2019,82.15,91.2,87.19,89.59,"education_score",85.73
"36311","zcta",2019,77.59,63.39,85.71,94.26,"education_score",73.54
"36312","zcta",2019,93.93,97.96,101.29,91.57,"education_score",94.4
"36313","zcta",2019,89.85,129.38,123.94,86.2,"education_score",96
"36314","zcta",2019,77.7,71.63,57.73,89.45,"education_score",81.11
"36316","zcta",2019,101.23,111.27,90.65,83.87,"education_score",106.19
"36317","zcta",2019,40.4,74.47,54.22,87.64,"education_score",53.46
"36318","zcta",2019,71.8,89.39,128.4,88.35,"education_score",68.96
"36319","zcta",2019,89.49,70.73,94.36,91.4,"education_score",83.53
"36320","zcta",2019,88.77,101.22,93.63,89.75,"education_score",92.05
"36321","zcta",2019,84.09,78.15,110.14,89.14,"education_score",78.98
"36322","zcta",2019,92.88,69.43,101.71,89.36,"education_score",84.43
"36323","zcta",2019,78.21,80.08,84.83,92.52,"education_score",79.11
"36330","zcta",2019,102.46,103.23,111.92,100.16,"education_score",101.17
"36340","zcta",2019,77.93,95.4,109.88,91.38,"education_score",79.35
"36343","zcta",2019,65.22,100.07,81.93,86.96,"education_score",75.21
"36344","zcta",2019,87.67,111.76,92.67,91.44,"education_score",94.59
"36345","zcta",2019,91.84,94.09,106.27,98.42,"education_score",91.16
"36346","zcta",2019,81.85,85.34,111.63,85.75,"education_score",79.53
"36350","zcta",2019,92.63,96.84,106.37,94.61,"education_score",91.87
"36351","zcta",2019,89.19,101.59,93.46,87.5,"education_score",92.86
"36352","zcta",2019,96.01,95.26,102.64,92.89,"education_score",95.39
"36353","zcta",2019,95,102.57,94.67,84.37,"education_score",97.38
"36360","zcta",2019,94.42,88.95,99.81,102.38,"education_score",91.61
"36362","zcta",2019,122.74,98,124.44,83.39,"education_score",114.24
"36370","zcta",2019,71.93,69.37,87.45,88.02,"education_score",70.04
"36371","zcta",2019,101.53,115.33,85.31,86.97,"education_score",107.57
"36373","zcta",2019,63.95,106.51,69.49,111.47,"education_score",78.58
"36374","zcta",2019,72.7,111.11,74.85,90.76,"education_score",85.2
"36375","zcta",2019,82.24,99.13,96.36,97.71,"education_score",86.23
"36376","zcta",2019,81.19,73.92,93.97,89.23,"education_score",77.73
"36401","zcta",2019,93.25,113.18,98.59,95.75,"education_score",98.39
"36420","zcta",2019,91.52,86.56,93.83,100.55,"education_score",90.07
"36421","zcta",2019,95.38,97.95,109.32,100.41,"education_score",93.6
"36425","zcta",2019,101.72,68.4,103.23,99.94,"education_score",90.95
"36426","zcta",2019,90.88,92.37,101.03,105.44,"education_score",89.7
"36432","zcta",2019,79.36,106.51,96.34,106.18,"education_score",85.99
"36435","zcta",2019,84.85,88.18,112.17,86.57,"education_score",82.57
"36436","zcta",2019,84.02,106.51,90.58,87.15,"education_score",90.01
"36439","zcta",2019,98.39,78.5,150.72,87.22,"education_score",83.08
"36441","zcta",2019,101.59,77.77,109.15,90.31,"education_score",92.63
"36442","zcta",2019,86.51,72.67,99.25,93.3,"education_score",80.38
"36444","zcta",2019,78.09,71.43,83.12,90.39,"education_score",76.96
"36445","zcta",2019,94.92,103.35,98.5,93.86,"education_score",97.17
"36446","zcta",2019,100.13,60.69,74.6,84.69,"education_score",92.77
"36451","zcta",2019,89.14,99.16,89.46,87.36,"education_score",92.51
"36453","zcta",2019,81.29,90.71,87.7,95.1,"education_score",84.17
"36454","zcta",2019,NA,NA,NA,NA,"education_score",NA
"36455","zcta",2019,85.79,96.33,80.65,93.35,"education_score",89.74
"36456","zcta",2019,91.28,65.04,116.26,100.74,"education_score",78.98
"36460","zcta",2019,96.72,96.49,95.26,97.54,"education_score",96.72
"36467","zcta",2019,83.36,92.59,102.19,96.54,"education_score",83.85
"36470","zcta",2019,NA,NA,NA,NA,"education_score",NA
"36471","zcta",2019,90.14,71.92,95.15,96.36,"education_score",83.69
"36473","zcta",2019,51.15,106.51,43.56,85.16,"education_score",72.51
"36474","zcta",2019,83.8,96.29,87.64,99.83,"education_score",87.52
"36475","zcta",2019,109.04,78.89,95.61,97.47,"education_score",101.31
"36476","zcta",2019,NA,NA,NA,NA,"education_score",NA
"36477","zcta",2019,81.06,85.79,102.53,91.42,"education_score",80.18
"36480","zcta",2019,89.44,81.67,91.48,88.21,"education_score",86.97
"36481","zcta",2019,78.97,60.69,93.62,87.02,"education_score",73.03
"36482","zcta",2019,77.29,68.42,105.38,87.69,"education_score",74.47
"36483","zcta",2019,94.31,91.49,78.62,106.4,"education_score",95.73
"36502","zcta",2019,82.43,72.22,94.23,101.37,"education_score",78.24
"36505","zcta",2019,80.32,97.83,150.79,88.55,"education_score",76.07
"36507","zcta",2019,95.33,90.12,98.48,97.31,"education_score",93.48
"36509","zcta",2019,48.99,77.19,91.83,87.51,"education_score",55.16
"36511","zcta",2019,70.58,106.51,43.56,87.15,"education_score",88.31
"36512","zcta",2019,NA,NA,NA,NA,"education_score",NA
"36513","zcta",2019,-34.58,106.51,176.6,91.78,"education_score",-18.02
"36518","zcta",2019,91.12,100.08,91.18,92.08,"education_score",93.81
"36521","zcta",2019,89.11,83.39,94.6,92.57,"education_score",86.27
"36522","zcta",2019,89.86,78.27,111.43,103.62,"education_score",82.33
"36523","zcta",2019,66.89,82.47,86.53,88.61,"education_score",70.32
"36524","zcta",2019,76.07,96.14,101.84,84.27,"education_score",79.57
"36525","zcta",2019,92.29,107.86,114.1,88.72,"education_score",93.62
"36526","zcta",2019,120.31,110.21,108.27,103.21,"education_score",117.92
"36527","zcta",2019,119.44,120.7,116.64,101.42,"education_score",119.66
"36528","zcta",2019,121.47,103.02,70.95,84.17,"education_score",124.03
"36529","zcta",2019,111.72,75.27,109.52,93.38,"education_score",100.06
"36530","zcta",2019,94.89,85,84.45,93.84,"education_score",93.96
"36532","zcta",2019,115.98,106.11,102.8,101.22,"education_score",115.07
"36535","zcta",2019,103.74,97.82,88.58,100.31,"education_score",104.21
"36538","zcta",2019,57.89,60.69,83.66,91.13,"education_score",58.49
"36539","zcta",2019,88.29,78.86,111.61,86.41,"education_score",82.9
"36540","zcta",2019,91.16,67.94,69.41,90.03,"education_score",88.32
"36541","zcta",2019,87.97,89.8,112.24,101.34,"education_score",84.76
"36542","zcta",2019,112.96,101.22,86.7,90.47,"education_score",113.57
"36543","zcta",2019,130.05,111.14,168.49,84.17,"education_score",114.53
"36544","zcta",2019,70.74,58.72,103.68,94.39,"education_score",63.97
"36545","zcta",2019,80.48,87.6,110.58,92.43,"education_score",79.33
"36548","zcta",2019,118.14,101.14,65.48,85.63,"education_score",121
"36549","zcta",2019,111.57,86.33,68.44,89.58,"education_score",109.93
"36550","zcta",2019,74.72,106.51,43.56,84.17,"education_score",92.89
"36551","zcta",2019,101.18,94.15,93.25,111.1,"education_score",100.22
"36553","zcta",2019,75.32,101.72,102.7,88.15,"education_score",80
"36555","zcta",2019,116.42,113.1,67.47,96.74,"education_score",123.09
"36556","zcta",2019,95.98,102.31,139.27,87.26,"education_score",89.35
"36558","zcta",2019,87.21,98.39,99.41,92.2,"education_score",89.69
"36559","zcta",2019,134.58,70.17,56.79,89.14,"education_score",128.31
"36560","zcta",2019,64.29,81.82,93.29,89.45,"education_score",66.7
"36561","zcta",2019,120.2,114.1,74.27,92.9,"education_score",125.87
"36562","zcta",2019,80.85,96.37,84.36,90.62,"education_score",85.37
"36564","zcta",2019,146.63,106.51,103.63,83.17,"education_score",144.2
"36567","zcta",2019,89.28,90.46,105.22,102.6,"education_score",87.42
"36568","zcta",2019,NA,NA,NA,NA,"education_score",NA
"36569","zcta",2019,100.31,106.51,81.14,146.7,"education_score",102.75
"36571","zcta",2019,98.27,97.95,108.66,95.27,"education_score",96.36
"36572","zcta",2019,104.41,98.71,98.94,93.51,"education_score",103.16
"36574","zcta",2019,95.34,87.44,76.78,95.37,"education_score",96.07
"36575","zcta",2019,98.05,91.01,104.69,95.26,"education_score",94.69
"36576","zcta",2019,110.16,98.67,84.37,91.2,"education_score",110.04
"36578","zcta",2019,114.31,132.49,102.38,100.74,"education_score",119.45
"36579","zcta",2019,102.16,107.11,74.25,84.17,"education_score",108.69
"36580","zcta",2019,85.02,89.97,91.71,95.97,"education_score",86.43
"36581","zcta",2019,116.46,106.51,86.8,85.16,"education_score",115.1
"36582","zcta",2019,96.28,92.54,104.3,105.27,"education_score",93.47
"36583","zcta",2019,106.95,106.51,114.82,97.45,"education_score",104.23
"36584","zcta",2019,90.21,106.21,116.7,88.55,"education_score",90.44
"36585","zcta",2019,101.25,97.75,137.31,89.89,"education_score",93.14
"36587","zcta",2019,76.34,74.47,98.04,102.1,"education_score",73.25
"36590","zcta",2019,NA,NA,NA,NA,"education_score",NA
"36602","zcta",2019,106.08,135.86,50.72,89.14,"education_score",125.07
"36603","zcta",2019,75.64,92.3,87.42,96.77,"education_score",80.09
"36604","zcta",2019,110.6,107.5,91.01,95.64,"education_score",113.37
"36605","zcta",2019,95.17,91.47,109.1,105.37,"education_score",91.24
"36606","zcta",2019,104.07,100.21,98.61,109.41,"education_score",103.3
"36607","zcta",2019,102.32,112.05,88.91,90.46,"education_score",107.77
"36608","zcta",2019,111.54,91.93,100.94,113.49,"education_score",107.44
"36609","zcta",2019,110.5,99.16,95.87,99.3,"education_score",109.34
"36610","zcta",2019,82.34,68.12,115.9,97.61,"education_score",73.19
"36611","zcta",2019,93.22,76.3,126.48,95.4,"education_score",81.92
"36612","zcta",2019,81.16,101.53,146.95,87.33,"education_score",77.36
"36613","zcta",2019,89.71,81.24,102.68,91.26,"education_score",85.35
"36615","zcta",2019,NA,NA,NA,NA,"education_score",NA
"36616","zcta",2019,NA,NA,NA,NA,"education_score",NA
"36617","zcta",2019,95.6,96.3,96.66,100.38,"education_score",95.79
"36618","zcta",2019,99.8,99.85,108.99,94.37,"education_score",98.53
"36619","zcta",2019,95.17,106.96,95.78,90.31,"education_score",98.85
"36688","zcta",2019,NA,NA,NA,NA,"education_score",NA
"36693","zcta",2019,112.72,106.01,95.19,97.4,"education_score",113.64
"36695","zcta",2019,112.04,107.06,108.37,103.21,"education_score",110.76
"36701","zcta",2019,95.82,88.62,105.09,115.41,"education_score",91.85
"36703","zcta",2019,86.6,78.24,111.86,108.72,"education_score",80.16
"36720","zcta",2019,55.68,104.36,142.9,86.44,"education_score",59.68
"36722","zcta",2019,67.84,106.51,69.8,91.58,"education_score",80.09
"36723","zcta",2019,51.97,106.51,181.9,85.91,"education_score",49.05
"36726","zcta",2019,85.53,83.78,109.16,88.34,"education_score",81.79
"36727","zcta",2019,NA,NA,NA,NA,"education_score",NA
"36728","zcta",2019,57.4,95.06,79.86,89.14,"education_score",68.78
"36732","zcta",2019,93.74,95.52,112.1,88.25,"education_score",92.25
"36736","zcta",2019,96.25,110.49,174.68,85.59,"education_score",87.38
"36738","zcta",2019,102.87,99.16,73.37,204.26,"education_score",103.99
"36740","zcta",2019,91.16,90.45,88.84,84.83,"education_score",91.99
"36742","zcta",2019,87.35,99.7,59.91,92.21,"education_score",95.75
"36744","zcta",2019,93.76,59.65,90.96,90.4,"education_score",84.32
"36748","zcta",2019,95.75,83.26,81.4,95.95,"education_score",93.73
"36749","zcta",2019,56.8,86.63,61.89,96.95,"education_score",67.28
"36750","zcta",2019,88.21,119.47,105.8,94.18,"education_score",94.65
"36751","zcta",2019,18.94,86.83,127.77,95.24,"education_score",27.98
"36752","zcta",2019,112.9,132.02,65.55,86.83,"education_score",125.73
"36753","zcta",2019,NA,NA,NA,NA,"education_score",NA
"36754","zcta",2019,57.36,127.21,55.78,91.13,"education_score",82.45
"36756","zcta",2019,88.39,78.87,112,87.49,"education_score",84.28
"36758","zcta",2019,92.78,95.95,99.41,98.03,"education_score",92.29
"36759","zcta",2019,86.92,58.55,111.93,90.6,"education_score",75.03
"36761","zcta",2019,73.41,95.72,107.31,93.12,"education_score",75.99
"36763","zcta",2019,57.62,100.78,202.7,87.15,"education_score",46.75
"36765","zcta",2019,74.33,81.51,106.36,93.87,"education_score",72.51
"36766","zcta",2019,NA,NA,NA,NA,"education_score",NA
"36767","zcta",2019,64.64,62.51,102.15,87.9,"education_score",60.71
"36768","zcta",2019,110.05,67.42,87.37,90.14,"education_score",100.16
"36769","zcta",2019,89.95,88.42,95.01,90.11,"education_score",89.26
"36773","zcta",2019,52.73,85.36,121.44,88.21,"education_score",54.54
"36775","zcta",2019,97.56,84.34,114.47,84.17,"education_score",89.83
"36776","zcta",2019,96.58,88.7,124.21,83.9,"education_score",91.3
"36782","zcta",2019,92.92,118.17,116.78,93.09,"education_score",95.98
"36783","zcta",2019,106.34,151.61,62.23,100.65,"education_score",126.59
"36784","zcta",2019,96.04,100.26,90.22,94.71,"education_score",98.53
"36785","zcta",2019,84.86,72.94,87.12,100.05,"education_score",81.2
"36786","zcta",2019,100.42,58.7,115.25,88.17,"education_score",86
"36790","zcta",2019,NA,NA,NA,NA,"education_score",NA
"36792","zcta",2019,108.91,111.14,91.12,97.33,"education_score",110.48
"36793","zcta",2019,112.67,91.85,89.08,91.13,"education_score",109.28
"36801","zcta",2019,107.58,98.17,104.76,115.23,"education_score",104.62
"36804","zcta",2019,99.68,92.09,101.41,97.34,"education_score",96.99
"36830","zcta",2019,119.24,98.46,129.41,113.26,"education_score",111.79
"36832","zcta",2019,112.68,79.53,138.26,106.44,"education_score",100.07
"36849","zcta",2019,NA,NA,NA,NA,"education_score",NA
"36850","zcta",2019,90.73,81.13,89.91,105.9,"education_score",88.37
"36852","zcta",2019,89.35,79,106.09,95.3,"education_score",84.45
"36853","zcta",2019,94.62,92.9,88.22,90.45,"education_score",95.93
"36854","zcta",2019,95.14,98.37,108.05,99.32,"education_score",93.99
"36855","zcta",2019,89.16,97.09,103.86,88.95,"education_score",90.06
"36856","zcta",2019,106.78,118.1,133.69,93.28,"education_score",105.69
"36858","zcta",2019,101.66,145.28,76.29,93.01,"education_score",118.08
"36859","zcta",2019,NA,NA,NA,NA,"education_score",NA
"36860","zcta",2019,66.7,89.66,87.7,84.66,"education_score",72.19
"36861","zcta",2019,93.33,93.55,86.88,87.71,"education_score",95.43
"36862","zcta",2019,80.78,86.46,86.52,92.44,"education_score",83.13
"36863","zcta",2019,87.12,85.15,91.66,104.43,"education_score",86.25
"36865","zcta",2019,NA,NA,NA,NA,"education_score",NA
"36866","zcta",2019,93.52,84.53,85.69,94.75,"education_score",92.21
"36867","zcta",2019,101.38,99.77,106.47,103.24,"education_score",100.2
"36869","zcta",2019,84.74,91.84,106.34,99.28,"education_score",84.19
"36870","zcta",2019,98.84,106.51,102.19,96.21,"education_score",100.77
"36871","zcta",2019,99.54,127.2,98.68,90.14,"education_score",107.01
"36874","zcta",2019,111.11,124.78,109.59,93.46,"education_score",114.72
"36875","zcta",2019,100.65,79.97,89,96.03,"education_score",95.74
"36877","zcta",2019,100.89,100.91,97.81,94.34,"education_score",101.67
"36879","zcta",2019,120.17,135.57,104.2,94.62,"education_score",127.26
"36901","zcta",2019,96.04,106.51,58.43,85.16,"education_score",104.99
"36904","zcta",2019,97.27,93.63,93.25,92.03,"education_score",97.41
"36907","zcta",2019,111.08,86.89,98.71,88.46,"education_score",106.36
"36908","zcta",2019,91.59,85.82,97.57,93.5,"education_score",88.92
"36910","zcta",2019,NA,NA,NA,NA,"education_score",NA
"36912","zcta",2019,94.59,92.36,73.42,88.92,"education_score",96.92
"36913","zcta",2019,NA,NA,NA,NA,"education_score",NA
"36915","zcta",2019,101.16,102.31,75.91,86.75,"education_score",105
"36916","zcta",2019,82.41,111.42,63.84,84.46,"education_score",95.25
"36919","zcta",2019,78.32,87.62,103.97,90.6,"education_score",78.9
"36921","zcta",2019,69.3,88.86,63.45,106.83,"education_score",77.97
"36922","zcta",2019,23.42,60.69,126.76,94.35,"education_score",24.42
"36925","zcta",2019,95.09,97.48,103.36,94.99,"education_score",95.17
"35004","zcta",2019,112.59,98.1,110.17,88.22,"education_rnk",64.4583
"35005","zcta",2019,91.53,91.87,102.2,94.57,"education_rnk",26.5689
"35006","zcta",2019,89.63,89.65,104.25,93.92,"education_rnk",21.8315
"35007","zcta",2019,101.44,102.87,111.34,93.21,"education_rnk",48.9023
"35010","zcta",2019,84.67,94.89,99.64,91.22,"education_rnk",20.1736
"35013","zcta",2019,NA,NA,NA,NA,"education_rnk",NA
"35014","zcta",2019,76.5,88.61,97.17,96.31,"education_rnk",11.0161
"35016","zcta",2019,96.15,96.14,106.3,94.26,"education_rnk",34.7225
"35019","zcta",2019,92,86.98,97.63,90.14,"education_rnk",25.0923
"35020","zcta",2019,83.62,86.54,98.81,107.29,"education_rnk",15.5268
"35022","zcta",2019,109.16,104.92,93.18,105.35,"education_rnk",71.4041
"35023","zcta",2019,100.59,103.51,99.08,102.28,"education_rnk",50.8905
"35031","zcta",2019,79.94,96.02,93.24,95.73,"education_rnk",17.3985
"35032","zcta",2019,NA,NA,NA,NA,"education_rnk",NA
"35033","zcta",2019,78.88,80.78,121.96,85.16,"education_rnk",7.8687
"35034","zcta",2019,80.27,90.58,87.53,92.44,"education_rnk",15.8668
"35035","zcta",2019,106.98,144.52,59.79,89.14,"education_rnk",91.066
"35036","zcta",2019,60.06,106.51,137.45,100.72,"education_rnk",4.038
"35040","zcta",2019,104.96,101.02,121.63,107.21,"education_rnk",48.8569
"35042","zcta",2019,90.78,98.93,90.81,96.85,"education_rnk",32.7667
"35043","zcta",2019,121.15,115,132.36,101.46,"education_rnk",80.8983
"35044","zcta",2019,81.93,93.53,97.81,101.46,"education_rnk",16.2554
"35045","zcta",2019,88.78,109.58,105.11,97.38,"education_rnk",30.2506
"35046","zcta",2019,96.88,89.62,101.39,93.4,"education_rnk",32.9383
"35049","zcta",2019,82.59,107.33,100.34,101.49,"education_rnk",21.8703
"35051","zcta",2019,96.51,107.71,100.45,108.51,"education_rnk",45.8422
"35052","zcta",2019,NA,NA,NA,NA,"education_rnk",NA
"35053","zcta",2019,92.15,119.49,84.16,88.96,"education_rnk",54.242
"35054","zcta",2019,85.08,127.03,76.71,92.83,"education_rnk",48.3097
"35055","zcta",2019,90.38,91.54,102.39,122.41,"education_rnk",23.5218
"35057","zcta",2019,89.17,95.5,98.64,96.26,"education_rnk",25.6881
"35058","zcta",2019,88.93,99.01,83.26,112.8,"education_rnk",31.7564
"35060","zcta",2019,76.06,60.69,98.06,83.17,"education_rnk",7.778
"35061","zcta",2019,96.86,105.42,77.1,88.01,"education_rnk",53.7692
"35062","zcta",2019,87.6,76.76,107.32,92.64,"education_rnk",14.7724
"35063","zcta",2019,77.52,70.6,86.66,91.92,"education_rnk",9.219
"35064","zcta",2019,102.87,86.11,101.55,95.27,"education_rnk",41.8302
"35068","zcta",2019,100.49,119.23,85.05,93.66,"education_rnk",69.4644
"35070","zcta",2019,53.69,106.51,110.21,86.16,"education_rnk",3.8825
"35071","zcta",2019,110.67,112.56,103.65,108.66,"education_rnk",73.5315
"35072","zcta",2019,75.52,87.66,99.78,90.39,"education_rnk",10.2195
"35073","zcta",2019,98.82,102.82,90.5,99.7,"education_rnk",48.9573
"35074","zcta",2019,NA,NA,NA,NA,"education_rnk",NA
"35077","zcta",2019,80.76,75.99,96.71,102.44,"education_rnk",11.1327
"35078","zcta",2019,86.76,91.25,96.2,94.89,"education_rnk",21.8898
"35079","zcta",2019,103.51,103,100.44,92.34,"education_rnk",54.3585
"35080","zcta",2019,117.99,108.61,121.17,103.21,"education_rnk",78.1264
"35082","zcta",2019,NA,NA,NA,NA,"education_rnk",NA
"35083","zcta",2019,71.72,100.32,96.88,87.4,"education_rnk",11.2817
"35085","zcta",2019,79.67,92.27,101.12,91.33,"education_rnk",13.8819
"35087","zcta",2019,75.89,90.5,103.56,92.88,"education_rnk",10.3912
"35089","zcta",2019,81.75,118.27,68.38,84.17,"education_rnk",39.1037
"35091","zcta",2019,112.66,106.59,122.92,92.9,"education_rnk",67.1524
"35094","zcta",2019,103.61,106.16,105.66,101.36,"education_rnk",56.6706
"35096","zcta",2019,90.03,107.63,87.32,97.64,"education_rnk",37.9121
"35097","zcta",2019,83.43,93.86,117.37,90.54,"education_rnk",14.06
"35098","zcta",2019,84.36,101.84,94.41,88.73,"education_rnk",23.5347
"35111","zcta",2019,109.87,100.05,108.34,101.54,"education_rnk",63.1047
"35112","zcta",2019,91.62,106.51,86.59,124.07,"education_rnk",35.8073
"35114","zcta",2019,113.08,134.9,112.3,91.27,"education_rnk",86.2185
"35115","zcta",2019,98.3,66.95,109.06,108.37,"education_rnk",21.77
"35116","zcta",2019,108.7,107.54,102.04,98.44,"education_rnk",68.4833
"35117","zcta",2019,107.54,128.88,101.85,96.73,"education_rnk",78.4826
"35118","zcta",2019,93.99,112.71,99.69,86.52,"education_rnk",45.146
"35119","zcta",2019,61.23,106.51,159.84,88.15,"education_rnk",3.5231
"35120","zcta",2019,96.5,119.75,110.73,105.4,"education_rnk",49.1872
"35121","zcta",2019,74.8,103.58,100.39,102.39,"education_rnk",14.0405
"35124","zcta",2019,112.37,109.27,102.91,104.45,"education_rnk",76.2062
"35125","zcta",2019,79.7,117.43,81.28,110.71,"education_rnk",28.9327
"35126","zcta",2019,105.21,88.87,97.88,100.43,"education_rnk",49.252
"35127","zcta",2019,111.09,99.39,102.33,90.54,"education_rnk",67.4179
"35128","zcta",2019,94.5,110.13,91.27,96.42,"education_rnk",47.5228
"35130","zcta",2019,68.77,134.35,101.65,86.16,"education_rnk",18.7876
"35131","zcta",2019,81.01,87.78,101.92,96.71,"education_rnk",13.4998
"35133","zcta",2019,97.13,100.01,99.49,98.25,"education_rnk",39.5344
"35135","zcta",2019,102.01,111.93,112.08,85.16,"education_rnk",54.1448
"35136","zcta",2019,94.03,111.24,88.42,86.16,"education_rnk",48.4198
"35139","zcta",2019,-7.4,106.51,43.56,91.13,"education_rnk",0.4857
"35143","zcta",2019,104.01,92.36,89.05,87.81,"education_rnk",53.0277
"35146","zcta",2019,93.61,101.68,106.37,113.92,"education_rnk",33.1617
"35147","zcta",2019,109.77,122.44,96.19,95.39,"education_rnk",80.9371
"35148","zcta",2019,92.13,70.84,103.97,92.61,"education_rnk",17.1071
"35149","zcta",2019,101.23,106.51,43.56,89.14,"education_rnk",72.5439
"35150","zcta",2019,82.29,105.81,108.24,113.37,"education_rnk",19.0014
"35151","zcta",2019,87.21,77.53,95.08,102.82,"education_rnk",16.5566
"35160","zcta",2019,84.61,90.1,101.52,111.32,"education_rnk",17.7126
"35171","zcta",2019,80.87,96.39,104.58,92.99,"education_rnk",15.9057
"35172","zcta",2019,84.52,78.65,82.39,99.55,"education_rnk",16.4335
"35173","zcta",2019,115.63,115.94,115.1,107.25,"education_rnk",79.5771
"35175","zcta",2019,86.62,104,109.38,100.04,"education_rnk",24.8073
"35176","zcta",2019,54.1,95.22,104.93,97.32,"education_rnk",3.6138
"35178","zcta",2019,90.32,94.26,116.08,96.18,"education_rnk",20.724
"35179","zcta",2019,82.67,94.88,100.75,128.29,"education_rnk",16.1097
"35180","zcta",2019,94.61,98.41,110.88,102.57,"education_rnk",30.0952
"35183","zcta",2019,105.85,106.51,83.16,86.16,"education_rnk",67.2301
"35184","zcta",2019,72.2,90.53,100.31,106.05,"education_rnk",8.4094
"35186","zcta",2019,99.27,103.04,93.48,100.89,"education_rnk",50.2785
"35187","zcta",2019,NA,NA,NA,NA,"education_rnk",NA
"35188","zcta",2019,94.8,95.3,101.41,104.36,"education_rnk",30.9889
"35203","zcta",2019,96.08,129.78,54.27,97.33,"education_rnk",78.2236
"35204","zcta",2019,78.24,73.46,90.42,110.92,"education_rnk",9.627
"35205","zcta",2019,119.24,96.15,97.48,106.62,"education_rnk",81.9442
"35206","zcta",2019,92.75,87.33,107.76,95.28,"education_rnk",23.47
"35207","zcta",2019,91.85,92.44,103.47,88.31,"education_rnk",26.203
"35208","zcta",2019,99.11,87.72,102.78,94.32,"education_rnk",34.6253
"35209","zcta",2019,122.44,112.83,112.79,100.22,"education_rnk",87.721
"35210","zcta",2019,106.35,102.86,91.16,102.51,"education_rnk",66.4594
"35211","zcta",2019,101.19,82.09,95.27,114.33,"education_rnk",38.1225
"35212","zcta",2019,92.59,100.17,100.62,94.27,"education_rnk",34.5541
"35213","zcta",2019,138.44,123.6,109.75,108.42,"education_rnk",98.232
"35214","zcta",2019,106.15,100.32,100.51,103.64,"education_rnk",59.9961
"35215","zcta",2019,97.09,102.47,122.41,109.19,"education_rnk",33.2297
"35216","zcta",2019,122.8,111.89,111.23,97.19,"education_rnk",87.598
"35217","zcta",2019,86.66,76.04,102.17,99.65,"education_rnk",14.1863
"35218","zcta",2019,97.2,73.91,111.62,89.34,"education_rnk",21.43
"35221","zcta",2019,86.33,79.04,103.1,93.46,"education_rnk",14.727
"35222","zcta",2019,118.06,124.49,89.68,90.41,"education_rnk",91.7039
"35223","zcta",2019,132.89,139.16,112.14,100.73,"education_rnk",98.1575
"35224","zcta",2019,90.55,76.46,108.62,88.44,"education_rnk",16.4594
"35226","zcta",2019,129.59,116.71,111.36,97.16,"education_rnk",93.8994
"35228","zcta",2019,86.85,96.94,104.38,99.61,"education_rnk",21.8509
"35229","zcta",2019,NA,NA,NA,NA,"education_rnk",NA
"35233","zcta",2019,126.26,114.95,112.02,106.06,"education_rnk",93.038
"35234","zcta",2019,78.37,74.71,79.3,100.89,"education_rnk",11.3853
"35235","zcta",2019,107.33,99.2,108.05,96.23,"education_rnk",58.6911
"35242","zcta",2019,127.03,120.93,104.76,107.21,"education_rnk",93.7666
"35243","zcta",2019,134.54,116.59,91.92,100.38,"education_rnk",97.471
"35244","zcta",2019,120.93,120.17,106.21,118.29,"education_rnk",89.0422
"35254","zcta",2019,NA,NA,NA,NA,"education_rnk",NA
"35401","zcta",2019,96.04,76.22,128.55,109.42,"education_rnk",20.4488
"35404","zcta",2019,98.06,90.07,109.54,105.41,"education_rnk",34.1396
"35405","zcta",2019,110.41,106.31,101.78,109.2,"education_rnk",71.5239
"35406","zcta",2019,128.14,120.67,114,94.35,"education_rnk",93.9123
"35441","zcta",2019,85.62,68.96,101.51,84.23,"education_rnk",12.4862
"35442","zcta",2019,82.45,68.85,94.98,89.47,"education_rnk",10.7247
"35443","zcta",2019,74.13,69.65,123.68,89.81,"education_rnk",5.1162
"35444","zcta",2019,89.61,80.3,104.41,96,"education_rnk",17.6511
"35446","zcta",2019,83.74,90.85,100.18,109.82,"education_rnk",16.6667
"35447","zcta",2019,83.36,78.93,87.64,89.78,"education_rnk",15.3844
"35452","zcta",2019,86.98,92.45,92.02,106.38,"education_rnk",23.185
"35453","zcta",2019,88.47,107.12,102.28,100.52,"education_rnk",29.9948
"35456","zcta",2019,80.23,71.28,118.49,106.22,"education_rnk",6.9037
"35457","zcta",2019,NA,NA,NA,NA,"education_rnk",NA
"35458","zcta",2019,92.41,72.14,59.45,89.14,"education_rnk",30.3024
"35459","zcta",2019,78.88,76.14,85.05,90.62,"education_rnk",11.654
"35460","zcta",2019,115.01,88.05,77.29,97.36,"education_rnk",73.7679
"35461","zcta",2019,95.15,94.44,82.52,86.52,"education_rnk",42.4972
"35462","zcta",2019,76.49,72.07,81.24,89.28,"education_rnk",9.6399
"35463","zcta",2019,103.56,69.42,93.77,93.99,"education_rnk",34.6253
"35464","zcta",2019,103.08,139.27,170.75,84.33,"education_rnk",52.7362
"35466","zcta",2019,93.38,109.66,103.27,99.32,"education_rnk",40.0913
"35469","zcta",2019,114.69,68.02,74.87,93.12,"education_rnk",62.8036
"35470","zcta",2019,102.07,84.52,131.18,91.6,"education_rnk",33.1164
"35473","zcta",2019,112.65,105.05,102.05,99.31,"education_rnk",74.9239
"35474","zcta",2019,98.96,126.42,105.47,95.72,"education_rnk",61.9358
"35475","zcta",2019,108.76,110.91,100.37,97.33,"education_rnk",71.893
"35476","zcta",2019,95.45,99.99,114.93,105.91,"education_rnk",33.3301
"35477","zcta",2019,111.6,83.6,64.12,83.17,"education_rnk",72.6799
"35480","zcta",2019,102.4,99.72,82.44,112.12,"education_rnk",57.5869
"35481","zcta",2019,80,79.64,84.7,89.78,"education_rnk",13.1501
"35490","zcta",2019,85.21,80.04,111.23,91.76,"education_rnk",13.2051
"35501","zcta",2019,81.4,98.77,112.06,102.43,"education_rnk",15.1512
"35503","zcta",2019,90.56,81.25,78.79,102.41,"education_rnk",25.6881
"35504","zcta",2019,99.15,93.22,104.16,89.27,"education_rnk",39.6574
"35540","zcta",2019,89.67,97.13,97,96.52,"education_rnk",27.1679
"35541","zcta",2019,89.56,81.64,84.72,90.06,"education_rnk",23.9946
"35542","zcta",2019,73.3,116.1,85.95,97.81,"education_rnk",18.9301
"35543","zcta",2019,61.14,56.07,86.35,90.5,"education_rnk",3.0924
"35544","zcta",2019,93.5,51.05,98.22,99.55,"education_rnk",13.6034
"35545","zcta",2019,NA,NA,NA,NA,"education_rnk",NA
"35546","zcta",2019,88.22,104.68,105.18,95.92,"education_rnk",27.7573
"35548","zcta",2019,73.05,86.14,90.04,97.27,"education_rnk",9.9249
"35549","zcta",2019,75.91,95.57,103.97,92.42,"education_rnk",11.5083
"35550","zcta",2019,85.4,78.31,92.77,96.95,"education_rnk",15.7568
"35552","zcta",2019,95.96,61.91,111.55,91.8,"education_rnk",16.0126
"35553","zcta",2019,62.3,78.16,75.48,102.32,"education_rnk",5.3721
"35554","zcta",2019,94.47,74.83,99.95,98.03,"education_rnk",21.3555
"35555","zcta",2019,94.43,108.16,98.2,105.93,"education_rnk",42.4649
"35559","zcta",2019,NA,NA,NA,NA,"education_rnk",NA
"35563","zcta",2019,91.18,93.31,95.09,102.54,"education_rnk",28.7902
"35564","zcta",2019,83.63,86.41,85.04,92.04,"education_rnk",18.3246
"35565","zcta",2019,79.44,78.32,102.57,114.9,"education_rnk",9.7403
"35570","zcta",2019,80.1,97.33,88.49,101.72,"education_rnk",18.8492
"35571","zcta",2019,80.77,67.04,91.51,92.94,"education_rnk",9.8245
"35572","zcta",2019,83.8,110.35,84.99,93.66,"education_rnk",30.2895
"35574","zcta",2019,92.94,126.81,102.1,104.57,"education_rnk",51.9655
"35575","zcta",2019,88.66,85.95,102.59,89.77,"education_rnk",20.6884
"35576","zcta",2019,90.67,92.66,80.46,94.37,"education_rnk",31.7013
"35577","zcta",2019,NA,NA,NA,NA,"education_rnk",NA
"35578","zcta",2019,76.15,97.55,85.79,106.84,"education_rnk",14.9375
"35579","zcta",2019,76.78,92.78,91.87,88.51,"education_rnk",12.8327
"35580","zcta",2019,78.57,143.9,118.85,93.08,"education_rnk",29.276
"35581","zcta",2019,81.32,99.85,113.53,91.45,"education_rnk",15.9057
"35582","zcta",2019,80.58,92.67,112.86,87.28,"education_rnk",13.2796
"35584","zcta",2019,70.38,106.51,126.03,87.64,"education_rnk",7.8751
"35585","zcta",2019,92.64,70.33,119.54,94.66,"education_rnk",15.9348
"35586","zcta",2019,80.6,86.14,103.29,89.56,"education_rnk",12.9558
"35587","zcta",2019,85.56,69.28,70.76,94.38,"education_rnk",17.7871
"35592","zcta",2019,87.54,93.47,108.47,89.54,"education_rnk",20.7597
"35593","zcta",2019,86.6,81.55,101.03,87.68,"education_rnk",16.984
"35594","zcta",2019,81.59,114.2,113.8,95.38,"education_rnk",21.43
"35601","zcta",2019,73.94,94,106.69,123.29,"education_rnk",9.6399
"35603","zcta",2019,104.98,100.57,98.11,115.33,"education_rnk",57.765
"35610","zcta",2019,101.67,105.51,79.18,87.2,"education_rnk",63.7653
"35611","zcta",2019,82.54,85.65,98.34,103.26,"education_rnk",14.9116
"35613","zcta",2019,96.4,114.9,95.49,108.39,"education_rnk",53.5134
"35614","zcta",2019,74.47,88.53,100.22,95.62,"education_rnk",9.9734
"35615","zcta",2019,NA,NA,NA,NA,"education_rnk",NA
"35616","zcta",2019,80.55,88.3,82.86,88.61,"education_rnk",17.3337
"35618","zcta",2019,69.07,68.86,94.39,97.27,"education_rnk",5.2361
"35619","zcta",2019,79.84,83.05,98.3,101.66,"education_rnk",11.7674
"35620","zcta",2019,96.32,67.83,99.81,98.74,"education_rnk",21.0867
"35621","zcta",2019,90.96,106.66,89.23,89.14,"education_rnk",39.6574
"35622","zcta",2019,90.56,93.05,105.34,108.72,"education_rnk",23.5121
"35630","zcta",2019,95.83,85.77,102.18,113.37,"education_rnk",29.8232
"35633","zcta",2019,99.53,102.54,101.63,99.49,"education_rnk",48.4392
"35634","zcta",2019,104.47,101.9,92.39,102.12,"education_rnk",61.3561
"35640","zcta",2019,102.47,105.07,104.31,114.36,"education_rnk",53.1248
"35643","zcta",2019,63.51,86.09,93.52,93.9,"education_rnk",5.453
"35645","zcta",2019,104.38,102.83,97.99,91.4,"education_rnk",59.4813
"35646","zcta",2019,87.29,81.18,87.82,89.29,"education_rnk",20.2124
"35647","zcta",2019,103.4,78.9,105.72,86.66,"education_rnk",38.8317
"35648","zcta",2019,90.27,85.59,108.54,87.63,"education_rnk",20.7759
"35649","zcta",2019,NA,NA,NA,NA,"education_rnk",NA
"35650","zcta",2019,86.73,100.64,102.25,106.58,"education_rnk",23.5542
"35651","zcta",2019,92.25,98.31,94.8,88.95,"education_rnk",33.6021
"35652","zcta",2019,99.53,93.34,94.47,90.45,"education_rnk",43.9512
"35653","zcta",2019,61.29,75.57,108.28,103.99,"education_rnk",3.4324
"35654","zcta",2019,80.17,68.09,93.6,101.54,"education_rnk",9.41
"35660","zcta",2019,90.23,83.51,94.51,94.38,"education_rnk",22.845
"35661","zcta",2019,106.38,102.49,97.24,96.26,"education_rnk",62.7291
"35670","zcta",2019,99.94,104.91,86.89,100.68,"education_rnk",54.8896
"35671","zcta",2019,84.31,129.83,80.46,87.86,"education_rnk",45.5767
"35672","zcta",2019,92.01,90.39,122.76,93.66,"education_rnk",21.1256
"35673","zcta",2019,84.32,112.04,94.61,101.5,"education_rnk",29.6127
"35674","zcta",2019,90.16,86.16,99,101.35,"education_rnk",22.2103
"35677","zcta",2019,90.17,106.72,112.13,88.26,"education_rnk",29.0849
"35739","zcta",2019,93.88,93.6,101.45,90.6,"education_rnk",30.6716
"35740","zcta",2019,88.75,82.58,95.81,86.66,"education_rnk",19.2896
"35741","zcta",2019,121.53,118.34,90.99,108.05,"education_rnk",92.0731
"35744","zcta",2019,73.99,83.49,94.88,89,"education_rnk",9.4262
"35745","zcta",2019,98.81,95.87,90.73,85.16,"education_rnk",45.6577
"35746","zcta",2019,88.82,106.51,43.56,95.95,"education_rnk",49.783
"35747","zcta",2019,104.31,92.64,85.99,90.52,"education_rnk",55.6344
"35748","zcta",2019,97.16,96.18,101.98,121.14,"education_rnk",36.5747
"35749","zcta",2019,116.31,118.57,112.46,99.27,"education_rnk",82.7181
"35750","zcta",2019,102.44,108.11,99.8,100.5,"education_rnk",58.3803
"35751","zcta",2019,123.45,98.41,65.92,99.55,"education_rnk",89.8549
"35752","zcta",2019,88.26,112.99,93.39,95.57,"education_rnk",36.0145
"35754","zcta",2019,73.17,78.17,91.33,89.58,"education_rnk",8.3382
"35755","zcta",2019,117.74,106.18,57.22,106.83,"education_rnk",89.8096
"35756","zcta",2019,118.02,115.79,129.72,92.23,"education_rnk",80.0531
"35757","zcta",2019,119.37,131.59,109.64,101.39,"education_rnk",90.9915
"35758","zcta",2019,123.85,129.13,111.06,115.31,"education_rnk",92.6041
"35759","zcta",2019,120.54,136.67,113.84,89.55,"education_rnk",92.1054
"35760","zcta",2019,85.3,98.57,104.53,102.2,"education_rnk",20.8633
"35761","zcta",2019,94.68,108.18,101.94,99.43,"education_rnk",42.2285
"35763","zcta",2019,126.24,143.29,115.99,110.42,"education_rnk",96.056
"35764","zcta",2019,54.69,85.43,85.3,93.92,"education_rnk",3.7433
"35765","zcta",2019,81.21,96.43,89.39,102.55,"education_rnk",19.921
"35766","zcta",2019,79.14,106.51,64.67,99.55,"education_rnk",25.4323
"35768","zcta",2019,93.97,99.27,94.34,103.52,"education_rnk",36.4452
"35769","zcta",2019,103.94,100.48,97.66,96.98,"education_rnk",56.1298
"35771","zcta",2019,86.24,75.72,106.31,93.49,"education_rnk",12.9687
"35772","zcta",2019,88.07,95.84,111.54,100.29,"education_rnk",20.5686
"35773","zcta",2019,96.96,96.99,104.23,101.74,"education_rnk",38.0578
"35774","zcta",2019,109.5,96.33,49.55,85.16,"education_rnk",78.8485
"35775","zcta",2019,69.9,106.51,109.41,87.15,"education_rnk",9.8115
"35776","zcta",2019,85.73,91.65,101.22,108.92,"education_rnk",18.9787
"35801","zcta",2019,113.92,112.12,86.02,116.46,"education_rnk",83.6474
"35802","zcta",2019,123.81,103.3,86.78,108.57,"education_rnk",89.6477
"35803","zcta",2019,120.45,118.54,101.57,116.59,"education_rnk",88.6568
"35805","zcta",2019,73.53,70.54,114.29,112.36,"education_rnk",5.4595
"35806","zcta",2019,122.92,102.76,96.07,104.57,"education_rnk",87.7113
"35808","zcta",2019,122.09,150.1,121.32,95.99,"education_rnk",95.5119
"35810","zcta",2019,93.67,80.12,116.2,104.33,"education_rnk",20.4974
"35811","zcta",2019,107.12,115.31,100.06,105.27,"education_rnk",71.9448
"35816","zcta",2019,97.78,67.76,109.3,100.52,"education_rnk",22.4953
"35824","zcta",2019,128.21,97.74,107.27,86.35,"education_rnk",88.3978
"35896","zcta",2019,NA,NA,NA,NA,"education_rnk",NA
"35901","zcta",2019,90.73,91.62,97.44,114.44,"education_rnk",26.1447
"35903","zcta",2019,87.95,83.38,98.4,101.38,"education_rnk",19.1859
"35904","zcta",2019,86.5,80.9,94.49,101.48,"education_rnk",16.9516
"35905","zcta",2019,98.86,77.31,99.55,93.44,"education_rnk",29.6451
"35906","zcta",2019,110.01,93.87,102.3,94.54,"education_rnk",62.5154
"35907","zcta",2019,114.38,94.26,91.24,91.46,"education_rnk",73.7841
"35950","zcta",2019,75.85,92.78,126.54,106.21,"education_rnk",8.3673
"35951","zcta",2019,59.77,88.42,110.27,105.46,"education_rnk",3.8242
"35952","zcta",2019,67.7,101.63,104.41,96.74,"education_rnk",8.6102
"35953","zcta",2019,78.79,113.63,96.4,110.3,"education_rnk",21.2065
"35954","zcta",2019,86.11,68.17,105.82,116.91,"education_rnk",10.8121
"35956","zcta",2019,86.83,80.82,101.98,94.69,"education_rnk",16.0644
"35957","zcta",2019,73.59,85.69,114.46,108.33,"education_rnk",7.289
"35958","zcta",2019,83.85,121.43,83.52,92.45,"education_rnk",39.1555
"35959","zcta",2019,84.48,100.55,93.03,90.31,"education_rnk",24.1791
"35960","zcta",2019,85.71,95.05,94.18,90.43,"education_rnk",22.9907
"35961","zcta",2019,62.57,87.13,111.13,98.21,"education_rnk",4.3747
"35962","zcta",2019,59.87,91.71,112.15,98.58,"education_rnk",4.3229
"35963","zcta",2019,97.84,69.27,98.58,116.79,"education_rnk",24.681
"35966","zcta",2019,78.14,89.73,85.95,98.85,"education_rnk",15.7373
"35967","zcta",2019,71.47,90.76,106.8,98.36,"education_rnk",8.1245
"35968","zcta",2019,69.31,74.6,115.13,91.87,"education_rnk",5.0547
"35971","zcta",2019,78.83,87.31,96.87,89.57,"education_rnk",13.1501
"35972","zcta",2019,83.3,103.44,91.01,91.85,"education_rnk",24.5321
"35973","zcta",2019,66.97,78.72,93.01,87.8,"education_rnk",5.7283
"35974","zcta",2019,79.51,99.69,111.83,85.71,"education_rnk",15.0767
"35975","zcta",2019,87.62,106.51,82.71,91.74,"education_rnk",35.5838
"35976","zcta",2019,95.56,96.31,95.79,114.51,"education_rnk",37.87
"35978","zcta",2019,84.95,82.11,95.25,106.36,"education_rnk",16.1291
"35979","zcta",2019,85.68,69.6,112.55,108.27,"education_rnk",10.8996
"35980","zcta",2019,80.72,113.2,112.33,92.5,"education_rnk",20.7597
"35981","zcta",2019,99.58,112.97,118.2,93.38,"education_rnk",47.6135
"35983","zcta",2019,104.44,101.89,95.9,85.56,"education_rnk",59.0312
"35984","zcta",2019,108.92,119.37,69.85,95.34,"education_rnk",85.1564
"35986","zcta",2019,77.57,103.54,106.11,93.53,"education_rnk",14.7076
"35987","zcta",2019,78.47,101.77,104.34,93.21,"education_rnk",15.1966
"35988","zcta",2019,84.61,98.63,111.89,91.84,"education_rnk",18.8718
"35989","zcta",2019,74.22,112.08,108.36,88.51,"education_rnk",14.74
"35990","zcta",2019,NA,NA,NA,NA,"education_rnk",NA
"36003","zcta",2019,76.6,70.08,69.57,84.17,"education_rnk",10.7538
"36005","zcta",2019,88.57,90.92,91.59,92.16,"education_rnk",25.1991
"36006","zcta",2019,92.1,84.97,75.14,94.81,"education_rnk",33.1779
"36009","zcta",2019,93.8,94.6,100.33,90.22,"education_rnk",31.7564
"36010","zcta",2019,77.58,82.5,92.57,97.31,"education_rnk",11.3237
"36013","zcta",2019,109.4,93.6,96.68,86.85,"education_rnk",63.7653
"36016","zcta",2019,64.13,102.37,76,89.79,"education_rnk",9.5557
"36017","zcta",2019,NA,NA,NA,NA,"education_rnk",NA
"36020","zcta",2019,89.16,97.89,111.13,91.13,"education_rnk",25.1603
"36022","zcta",2019,103.32,97.79,104.57,97.25,"education_rnk",50.5893
"36024","zcta",2019,98.47,111.7,93.87,94.87,"education_rnk",54.4686
"36025","zcta",2019,NA,NA,NA,NA,"education_rnk",NA
"36026","zcta",2019,94.19,107.78,76.64,85.14,"education_rnk",50.9164
"36027","zcta",2019,79.77,88.08,106.92,99.28,"education_rnk",12.1948
"36028","zcta",2019,70.55,98.52,88.26,90.83,"education_rnk",11.7188
"36029","zcta",2019,96.27,95.42,74.51,85.58,"education_rnk",47.8952
"36030","zcta",2019,104.52,89.63,108.73,100.15,"education_rnk",41.8788
"36031","zcta",2019,24.17,106.51,90.72,83.17,"education_rnk",1.3859
"36032","zcta",2019,91.77,97.36,111.61,88.61,"education_rnk",27.4205
"36033","zcta",2019,83.64,103.86,99.52,94.42,"education_rnk",22.9033
"36034","zcta",2019,103.25,81.14,111.29,91.92,"education_rnk",34.7905
"36035","zcta",2019,95.52,82.1,103.48,86.99,"education_rnk",26.9477
"36036","zcta",2019,92.33,94.7,86.47,88.98,"education_rnk",37.6012
"36037","zcta",2019,93.71,79.25,94.95,93.31,"education_rnk",24.7717
"36038","zcta",2019,NA,NA,NA,NA,"education_rnk",NA
"36039","zcta",2019,63.86,98.65,55.61,85.16,"education_rnk",11.1036
"36040","zcta",2019,82.06,104.44,99.66,95.96,"education_rnk",21.5498
"36041","zcta",2019,79.66,103.05,100.39,88.52,"education_rnk",17.3337
"36042","zcta",2019,87.53,79.63,99,87.18,"education_rnk",16.8189
"36043","zcta",2019,83.03,107.79,78.64,86.38,"education_rnk",32.8282
"36046","zcta",2019,86.65,90.87,93.53,91.57,"education_rnk",21.6825
"36047","zcta",2019,91.05,120.83,117.67,94.01,"education_rnk",36.6557
"36048","zcta",2019,50.52,99.05,85.08,84.17,"education_rnk",4.038
"36049","zcta",2019,90.83,88.73,100.01,89.51,"education_rnk",25.5424
"36051","zcta",2019,98.41,114.07,93.72,106.42,"education_rnk",54.8086
"36052","zcta",2019,123.07,106.34,66.35,91.66,"education_rnk",93.2388
"36053","zcta",2019,88.25,104.13,96.14,97.82,"education_rnk",30.9404
"36054","zcta",2019,103.25,103.64,107.5,93.26,"education_rnk",53.8242
"36064","zcta",2019,123.79,116.25,107.33,89.28,"education_rnk",91.0304
"36066","zcta",2019,111.39,106.9,101.86,89.19,"education_rnk",74.341
"36067","zcta",2019,96.89,93.89,110.98,104.27,"education_rnk",32.3068
"36069","zcta",2019,101.53,97.27,78.8,88.5,"education_rnk",57.9367
"36071","zcta",2019,92.31,102.31,69.85,89.03,"education_rnk",44.0516
"36075","zcta",2019,86.69,105.46,84.78,85.63,"education_rnk",32.731
"36078","zcta",2019,88.39,93.49,97.71,97.31,"education_rnk",23.9784
"36079","zcta",2019,103.69,87.61,101.68,93.36,"education_rnk",45.1914
"36080","zcta",2019,109.89,112.89,93.59,84.98,"education_rnk",77.0805
"36081","zcta",2019,97.75,99.37,122.73,94.34,"education_rnk",38.2262
"36082","zcta",2019,NA,NA,NA,NA,"education_rnk",NA
"36083","zcta",2019,96.21,82.24,91.63,92.51,"education_rnk",32.3813
"36088","zcta",2019,NA,NA,NA,NA,"education_rnk",NA
"36089","zcta",2019,79.36,95.31,96.53,88.34,"education_rnk",15.5495
"36091","zcta",2019,88.97,84.9,99.79,96.3,"education_rnk",19.4256
"36092","zcta",2019,93.92,107.29,97.22,108.36,"education_rnk",41.7751
"36093","zcta",2019,119.04,120.65,104.55,91.19,"education_rnk",88.3524
"36104","zcta",2019,82.11,77.37,104.52,100.61,"education_rnk",12.0653
"36105","zcta",2019,83.53,90.64,97.54,96.57,"education_rnk",17.8453
"36106","zcta",2019,117.53,92.68,101.22,90.26,"education_rnk",77.1679
"36107","zcta",2019,81.55,96.21,103.37,95.35,"education_rnk",17.4276
"36108","zcta",2019,67.9,70.57,93.94,104.39,"education_rnk",5.0612
"36109","zcta",2019,106.7,97.55,97.98,101.32,"education_rnk",60.8834
"36110","zcta",2019,71.98,92.26,103.38,91.34,"education_rnk",8.9599
"36111","zcta",2019,93.08,99.56,109.42,91.21,"education_rnk",32.2777
"36112","zcta",2019,NA,NA,NA,NA,"education_rnk",NA
"36113","zcta",2019,NA,NA,NA,NA,"education_rnk",NA
"36115","zcta",2019,121.2,129.44,134.16,83.74,"education_rnk",87.1025
"36116","zcta",2019,102.04,100.2,111.55,123.2,"education_rnk",45.758
"36117","zcta",2019,119.02,105.62,108.71,112.21,"education_rnk",81.7628
"36201","zcta",2019,67.73,87.87,94.87,113.52,"education_rnk",6.6123
"36203","zcta",2019,92.7,103.16,109.62,99.37,"education_rnk",33.0775
"36205","zcta",2019,113.38,109.3,88.45,84.17,"education_rnk",81.2739
"36206","zcta",2019,93.91,83.25,110.58,93.44,"education_rnk",22.8353
"36207","zcta",2019,107.83,103.86,96.79,102.36,"education_rnk",66.3882
"36250","zcta",2019,105.86,110.92,90.23,87.28,"education_rnk",70.6301
"36251","zcta",2019,69.87,84.29,79.3,91.87,"education_rnk",9.0765
"36255","zcta",2019,85.19,89.1,106.01,96.01,"education_rnk",16.3072
"36256","zcta",2019,91.32,92.3,104.57,89.1,"education_rnk",25.3351
"36258","zcta",2019,95.64,94.46,72.33,93.58,"education_rnk",45.2497
"36260","zcta",2019,81.17,108.01,97.71,93.83,"education_rnk",21.6825
"36262","zcta",2019,74.35,104.51,98.53,89.99,"education_rnk",14.2057
"36263","zcta",2019,89.02,99.97,66.34,86.16,"education_rnk",40.1626
"36264","zcta",2019,77.53,82.63,105.13,96.69,"education_rnk",9.9767
"36265","zcta",2019,108.45,87,109.62,118.54,"education_rnk",51.0071
"36266","zcta",2019,74.28,111.67,111.44,99.89,"education_rnk",13.8948
"36267","zcta",2019,NA,NA,NA,NA,"education_rnk",NA
"36268","zcta",2019,87.57,87.93,99.9,93.5,"education_rnk",20.2124
"36269","zcta",2019,81.79,73.57,117.61,88.8,"education_rnk",8.879
"36271","zcta",2019,79.42,91.35,93.08,91.54,"education_rnk",15.1221
"36272","zcta",2019,79.82,96.09,99.46,108.74,"education_rnk",15.1091
"36273","zcta",2019,92.22,89.95,95.07,86.59,"education_rnk",28.3628
"36274","zcta",2019,83.41,97.11,93.02,104.64,"education_rnk",20.737
"36276","zcta",2019,72.77,77.77,103.11,100.55,"education_rnk",7.2048
"36277","zcta",2019,98.11,86.44,111.67,88.45,"education_rnk",31.1735
"36278","zcta",2019,88.45,88.5,101.67,91.49,"education_rnk",22.0355
"36279","zcta",2019,84.77,73.3,89.76,88.69,"education_rnk",15.1512
"36280","zcta",2019,86.84,79.68,96.55,94.72,"education_rnk",17.6349
"36301","zcta",2019,93.5,97.62,105.46,108.16,"education_rnk",30.6716
"36303","zcta",2019,98.83,99.76,105.22,113.23,"education_rnk",42.2576
"36305","zcta",2019,113.9,106.09,104.64,103.48,"education_rnk",75.6816
"36310","zcta",2019,82.15,91.2,87.19,89.59,"education_rnk",19.3964
"36311","zcta",2019,77.59,63.39,85.71,94.26,"education_rnk",8.1148
"36312","zcta",2019,93.93,97.96,101.29,91.57,"education_rnk",34.3793
"36313","zcta",2019,89.85,129.38,123.94,86.2,"education_rnk",37.8797
"36314","zcta",2019,77.7,71.63,57.73,89.45,"education_rnk",14.0179
"36316","zcta",2019,101.23,111.27,90.65,83.87,"education_rnk",62.5672
"36317","zcta",2019,40.4,74.47,54.22,87.64,"education_rnk",2.2343
"36318","zcta",2019,71.8,89.39,128.4,88.35,"education_rnk",5.942
"36319","zcta",2019,89.49,70.73,94.36,91.4,"education_rnk",16.5371
"36320","zcta",2019,88.77,101.22,93.63,89.75,"education_rnk",29.4152
"36321","zcta",2019,84.09,78.15,110.14,89.14,"education_rnk",11.9843
"36322","zcta",2019,92.88,69.43,101.71,89.36,"education_rnk",17.7126
"36323","zcta",2019,78.21,80.08,84.83,92.52,"education_rnk",12.1203
"36330","zcta",2019,102.46,103.23,111.92,100.16,"education_rnk",50.2785
"36340","zcta",2019,77.93,95.4,109.88,91.38,"education_rnk",12.3114
"36343","zcta",2019,65.22,100.07,81.93,86.96,"education_rnk",9.151
"36344","zcta",2019,87.67,111.76,92.67,91.44,"education_rnk",34.8229
"36345","zcta",2019,91.84,94.09,106.27,98.42,"education_rnk",27.7573
"36346","zcta",2019,81.85,85.34,111.63,85.75,"education_rnk",12.4862
"36350","zcta",2019,92.63,96.84,106.37,94.61,"education_rnk",29.0979
"36351","zcta",2019,89.19,101.59,93.46,87.5,"education_rnk",31.1282
"36352","zcta",2019,96.01,95.26,102.64,92.89,"education_rnk",36.552
"36353","zcta",2019,95,102.57,94.67,84.37,"education_rnk",40.8911
"36360","zcta",2019,94.42,88.95,99.81,102.38,"education_rnk",28.6186
"36362","zcta",2019,122.74,98,124.44,83.39,"education_rnk",78.6283
"36370","zcta",2019,71.93,69.37,87.45,88.02,"education_rnk",6.3467
"36371","zcta",2019,101.53,115.33,85.31,86.97,"education_rnk",65.8636
"36373","zcta",2019,63.95,106.51,69.49,111.47,"education_rnk",11.6314
"36374","zcta",2019,72.7,111.11,74.85,90.76,"education_rnk",18.7455
"36375","zcta",2019,82.24,99.13,96.36,97.71,"education_rnk",20.0894
"36376","zcta",2019,81.19,73.92,93.97,89.23,"education_rnk",10.9416
"36401","zcta",2019,93.25,113.18,98.59,95.75,"education_rnk",43.3813
"36420","zcta",2019,91.52,86.56,93.83,100.55,"education_rnk",25.9018
"36421","zcta",2019,95.38,97.95,109.32,100.41,"education_rnk",32.5756
"36425","zcta",2019,101.72,68.4,103.23,99.94,"education_rnk",27.4043
"36426","zcta",2019,90.88,92.37,101.03,105.44,"education_rnk",25.2963
"36432","zcta",2019,79.36,106.51,96.34,106.18,"education_rnk",19.7137
"36435","zcta",2019,84.85,88.18,112.17,86.57,"education_rnk",15.4297
"36436","zcta",2019,84.02,106.51,90.58,87.15,"education_rnk",25.7788
"36439","zcta",2019,98.39,78.5,150.72,87.22,"education_rnk",15.9931
"36441","zcta",2019,101.59,77.77,109.15,90.31,"education_rnk",30.6198
"36442","zcta",2019,86.51,72.67,99.25,93.3,"education_rnk",13.3638
"36444","zcta",2019,78.09,71.43,83.12,90.39,"education_rnk",10.3588
"36445","zcta",2019,94.92,103.35,98.5,93.86,"education_rnk",40.4022
"36446","zcta",2019,100.13,60.69,74.6,84.69,"education_rnk",30.9404
"36451","zcta",2019,89.14,99.16,89.46,87.36,"education_rnk",30.4093
"36453","zcta",2019,81.29,90.71,87.7,95.1,"education_rnk",17.3532
"36454","zcta",2019,NA,NA,NA,NA,"education_rnk",NA
"36455","zcta",2019,85.79,96.33,80.65,93.35,"education_rnk",25.387
"36456","zcta",2019,91.28,65.04,116.26,100.74,"education_rnk",11.9843
"36460","zcta",2019,96.72,96.49,95.26,97.54,"education_rnk",39.5085
"36467","zcta",2019,83.36,92.59,102.19,96.54,"education_rnk",16.916
"36470","zcta",2019,NA,NA,NA,NA,"education_rnk",NA
"36471","zcta",2019,90.14,71.92,95.15,96.36,"education_rnk",16.7185
"36473","zcta",2019,51.15,106.51,43.56,85.16,"education_rnk",7.4898
"36474","zcta",2019,83.8,96.29,87.64,99.83,"education_rnk",21.9157
"36475","zcta",2019,109.04,78.89,95.61,97.47,"education_rnk",50.5893
"36476","zcta",2019,NA,NA,NA,NA,"education_rnk",NA
"36477","zcta",2019,81.06,85.79,102.53,91.42,"education_rnk",13.1306
"36480","zcta",2019,89.44,81.67,91.48,88.21,"education_rnk",21.1159
"36481","zcta",2019,78.97,60.69,93.62,87.02,"education_rnk",7.8104
"36482","zcta",2019,77.29,68.42,105.38,87.69,"education_rnk",8.7041
"36483","zcta",2019,94.31,91.49,78.62,106.4,"education_rnk",37.2774
"36502","zcta",2019,82.43,72.22,94.23,101.37,"education_rnk",11.3432
"36505","zcta",2019,80.32,97.83,150.79,88.55,"education_rnk",9.7079
"36507","zcta",2019,95.33,90.12,98.48,97.31,"education_rnk",32.2777
"36509","zcta",2019,48.99,77.19,91.83,87.51,"education_rnk",2.4675
"36511","zcta",2019,70.58,106.51,43.56,87.15,"education_rnk",23.0296
"36512","zcta",2019,NA,NA,NA,NA,"education_rnk",NA
"36513","zcta",2019,-34.58,106.51,176.6,91.78,"education_rnk",0.0421
"36518","zcta",2019,91.12,100.08,91.18,92.08,"education_rnk",33.0549
"36521","zcta",2019,89.11,83.39,94.6,92.57,"education_rnk",20.1379
"36522","zcta",2019,89.86,78.27,111.43,103.62,"education_rnk",15.1674
"36523","zcta",2019,66.89,82.47,86.53,88.61,"education_rnk",6.4601
"36524","zcta",2019,76.07,96.14,101.84,84.27,"education_rnk",12.5413
"36525","zcta",2019,92.29,107.86,114.1,88.72,"education_rnk",32.6371
"36526","zcta",2019,120.31,110.21,108.27,103.21,"education_rnk",83.7219
"36527","zcta",2019,119.44,120.7,116.64,101.42,"education_rnk",85.8753
"36528","zcta",2019,121.47,103.02,70.95,84.17,"education_rnk",90.3277
"36529","zcta",2019,111.72,75.27,109.52,93.38,"education_rnk",47.5228
"36530","zcta",2019,94.89,85,84.45,93.84,"education_rnk",33.3851
"36532","zcta",2019,115.98,106.11,102.8,101.22,"education_rnk",79.8491
"36535","zcta",2019,103.74,97.82,88.58,100.31,"education_rnk",57.7974
"36538","zcta",2019,57.89,60.69,83.66,91.13,"education_rnk",3.0244
"36539","zcta",2019,88.29,78.86,111.61,86.41,"education_rnk",15.8248
"36540","zcta",2019,91.16,67.94,69.41,90.03,"education_rnk",23.0458
"36541","zcta",2019,87.97,89.8,112.24,101.34,"education_rnk",18.1465
"36542","zcta",2019,112.96,101.22,86.7,90.47,"education_rnk",77.6018
"36543","zcta",2019,130.05,111.14,168.49,84.17,"education_rnk",79.0752
"36544","zcta",2019,70.74,58.72,103.68,94.39,"education_rnk",4.2549
"36545","zcta",2019,80.48,87.6,110.58,92.43,"education_rnk",12.279
"36548","zcta",2019,118.14,101.14,65.48,85.63,"education_rnk",87.4749
"36549","zcta",2019,111.57,86.33,68.44,89.58,"education_rnk",70.996
"36550","zcta",2019,74.72,106.51,43.56,84.17,"education_rnk",31.1735
"36551","zcta",2019,101.18,94.15,93.25,111.1,"education_rnk",47.9146
"36553","zcta",2019,75.32,101.72,102.7,88.15,"education_rnk",12.9363
"36555","zcta",2019,116.42,113.1,67.47,96.74,"education_rnk",89.4987
"36556","zcta",2019,95.98,102.31,139.27,87.26,"education_rnk",24.7393
"36558","zcta",2019,87.21,98.39,99.41,92.2,"education_rnk",25.2736
"36559","zcta",2019,134.58,70.17,56.79,89.14,"education_rnk",93.6856
"36560","zcta",2019,64.29,81.82,93.29,89.45,"education_rnk",5.1065
"36561","zcta",2019,120.2,114.1,74.27,92.9,"education_rnk",91.8626
"36562","zcta",2019,80.85,96.37,84.36,90.62,"education_rnk",18.9431
"36564","zcta",2019,146.63,106.51,103.63,83.17,"education_rnk",99.1128
"36567","zcta",2019,89.28,90.46,105.22,102.6,"education_rnk",21.7829
"36568","zcta",2019,NA,NA,NA,NA,"education_rnk",NA
"36569","zcta",2019,100.31,106.51,81.14,146.7,"education_rnk",54.1221
"36571","zcta",2019,98.27,97.95,108.66,95.27,"education_rnk",38.5953
"36572","zcta",2019,104.41,98.71,98.94,93.51,"education_rnk",55.1519
"36574","zcta",2019,95.34,87.44,76.78,95.37,"education_rnk",38.0286
"36575","zcta",2019,98.05,91.01,104.69,95.26,"education_rnk",35.0625
"36576","zcta",2019,110.16,98.67,84.37,91.2,"education_rnk",71.2324
"36578","zcta",2019,114.31,132.49,102.38,100.74,"education_rnk",85.6033
"36579","zcta",2019,102.16,107.11,74.25,84.17,"education_rnk",68.3375
"36580","zcta",2019,85.02,89.97,91.71,95.97,"education_rnk",20.3322
"36581","zcta",2019,116.46,106.51,86.8,85.16,"education_rnk",79.9042
"36582","zcta",2019,96.28,92.54,104.3,105.27,"education_rnk",32.2615
"36583","zcta",2019,106.95,106.51,114.82,97.45,"education_rnk",57.8719
"36584","zcta",2019,90.21,106.21,116.7,88.55,"education_rnk",26.5689
"36585","zcta",2019,101.25,97.75,137.31,89.89,"education_rnk",31.6204
"36587","zcta",2019,76.34,74.47,98.04,102.1,"education_rnk",7.9334
"36590","zcta",2019,NA,NA,NA,NA,"education_rnk",NA
"36602","zcta",2019,106.08,135.86,50.72,89.14,"education_rnk",91.2473
"36603","zcta",2019,75.64,92.3,87.42,96.77,"education_rnk",13.04
"36604","zcta",2019,110.6,107.5,91.01,95.64,"education_rnk",77.2845
"36605","zcta",2019,95.17,91.47,109.1,105.37,"education_rnk",27.9354
"36606","zcta",2019,104.07,100.21,98.61,109.41,"education_rnk",55.5502
"36607","zcta",2019,102.32,112.05,88.91,90.46,"education_rnk",66.2587
"36608","zcta",2019,111.54,91.93,100.94,113.49,"education_rnk",65.5948
"36609","zcta",2019,110.5,99.16,95.87,99.3,"education_rnk",69.6749
"36610","zcta",2019,82.34,68.12,115.9,97.61,"education_rnk",7.8881
"36611","zcta",2019,93.22,76.3,126.48,95.4,"education_rnk",14.7724
"36612","zcta",2019,81.16,101.53,146.95,87.33,"education_rnk",10.6664
"36613","zcta",2019,89.71,81.24,102.68,91.26,"education_rnk",18.9139
"36615","zcta",2019,NA,NA,NA,NA,"education_rnk",NA
"36616","zcta",2019,NA,NA,NA,NA,"education_rnk",NA
"36617","zcta",2019,95.6,96.3,96.66,100.38,"education_rnk",37.4069
"36618","zcta",2019,99.8,99.85,108.99,94.37,"education_rnk",43.7439
"36619","zcta",2019,95.17,106.96,95.78,90.31,"education_rnk",44.5049
"36688","zcta",2019,NA,NA,NA,NA,"education_rnk",NA
"36693","zcta",2019,112.72,106.01,95.19,97.4,"education_rnk",77.7443
"36695","zcta",2019,112.04,107.06,108.37,103.21,"education_rnk",72.518
"36701","zcta",2019,95.82,88.62,105.09,115.41,"education_rnk",29.0687
"36703","zcta",2019,86.6,78.24,111.86,108.72,"education_rnk",13.1241
"36720","zcta",2019,55.68,104.36,142.9,86.44,"education_rnk",3.2997
"36722","zcta",2019,67.84,106.51,69.8,91.58,"education_rnk",13.04
"36723","zcta",2019,51.97,106.51,181.9,85.91,"education_rnk",1.7518
"36726","zcta",2019,85.53,83.78,109.16,88.34,"education_rnk",14.6493
"36727","zcta",2019,NA,NA,NA,NA,"education_rnk",NA
"36728","zcta",2019,57.4,95.06,79.86,89.14,"education_rnk",5.861
"36732","zcta",2019,93.74,95.52,112.1,88.25,"education_rnk",29.8232
"36736","zcta",2019,96.25,110.49,174.68,85.59,"education_rnk",21.7408
"36738","zcta",2019,102.87,99.16,73.37,204.26,"education_rnk",57.2307
"36740","zcta",2019,91.16,90.45,88.84,84.83,"education_rnk",29.3278
"36742","zcta",2019,87.35,99.7,59.91,92.21,"education_rnk",37.3195
"36744","zcta",2019,93.76,59.65,90.96,90.4,"education_rnk",17.5572
"36748","zcta",2019,95.75,83.26,81.4,95.95,"education_rnk",32.8411
"36749","zcta",2019,56.8,86.63,61.89,96.95,"education_rnk",5.3267
"36750","zcta",2019,88.21,119.47,105.8,94.18,"education_rnk",34.9751
"36751","zcta",2019,18.94,86.83,127.77,95.24,"education_rnk",0.5311
"36752","zcta",2019,112.9,132.02,65.55,86.83,"education_rnk",91.7622
"36753","zcta",2019,NA,NA,NA,NA,"education_rnk",NA
"36754","zcta",2019,57.36,127.21,55.78,91.13,"education_rnk",15.3002
"36756","zcta",2019,88.39,78.87,112,87.49,"education_rnk",17.5183
"36758","zcta",2019,92.78,95.95,99.41,98.03,"education_rnk",29.9042
"36759","zcta",2019,86.92,58.55,111.93,90.6,"education_rnk",9.0376
"36761","zcta",2019,73.41,95.72,107.31,93.12,"education_rnk",9.6593
"36763","zcta",2019,57.62,100.78,202.7,87.15,"education_rnk",1.5154
"36765","zcta",2019,74.33,81.51,106.36,93.87,"education_rnk",7.4898
"36766","zcta",2019,NA,NA,NA,NA,"education_rnk",NA
"36767","zcta",2019,64.64,62.51,102.15,87.9,"education_rnk",3.5134
"36768","zcta",2019,110.05,67.42,87.37,90.14,"education_rnk",47.7754
"36769","zcta",2019,89.95,88.42,95.01,90.11,"education_rnk",24.5742
"36773","zcta",2019,52.73,85.36,121.44,88.21,"education_rnk",2.3768
"36775","zcta",2019,97.56,84.34,114.47,84.17,"education_rnk",25.5618
"36776","zcta",2019,96.58,88.7,124.21,83.9,"education_rnk",28.0487
"36782","zcta",2019,92.92,118.17,116.78,93.09,"education_rnk",37.8538
"36783","zcta",2019,106.34,151.61,62.23,100.65,"education_rnk",92.4454
"36784","zcta",2019,96.04,100.26,90.22,94.71,"education_rnk",43.7439
"36785","zcta",2019,84.86,72.94,87.12,100.05,"education_rnk",14.0924
"36786","zcta",2019,100.42,58.7,115.25,88.17,"education_rnk",19.7267
"36790","zcta",2019,NA,NA,NA,NA,"education_rnk",NA
"36792","zcta",2019,108.91,111.14,91.12,97.33,"education_rnk",72.042
"36793","zcta",2019,112.67,91.85,89.08,91.13,"education_rnk",69.5454
"36801","zcta",2019,107.58,98.17,104.76,115.23,"education_rnk",58.8304
"36804","zcta",2019,99.68,92.09,101.41,97.34,"education_rnk",39.9974
"36830","zcta",2019,119.24,98.46,129.41,113.26,"education_rnk",74.4706
"36832","zcta",2019,112.68,79.53,138.26,106.44,"education_rnk",47.5487
"36849","zcta",2019,NA,NA,NA,NA,"education_rnk",NA
"36850","zcta",2019,90.73,81.13,89.91,105.9,"education_rnk",23.1105
"36852","zcta",2019,89.35,79,106.09,95.3,"education_rnk",17.745
"36853","zcta",2019,94.62,92.9,88.22,90.45,"education_rnk",37.7275
"36854","zcta",2019,95.14,98.37,108.05,99.32,"education_rnk",33.437
"36855","zcta",2019,89.16,97.09,103.86,88.95,"education_rnk",25.8889
"36856","zcta",2019,106.78,118.1,133.69,93.28,"education_rnk",61.3723
"36858","zcta",2019,101.66,145.28,76.29,93.01,"education_rnk",83.9
"36859","zcta",2019,NA,NA,NA,NA,"education_rnk",NA
"36860","zcta",2019,66.7,89.66,87.7,84.66,"education_rnk",7.3311
"36861","zcta",2019,93.33,93.55,86.88,87.71,"education_rnk",36.6557
"36862","zcta",2019,80.78,86.46,86.52,92.44,"education_rnk",16.0741
"36863","zcta",2019,87.12,85.15,91.66,104.43,"education_rnk",20.1056
"36865","zcta",2019,NA,NA,NA,NA,"education_rnk",NA
"36866","zcta",2019,93.52,84.53,85.69,94.75,"education_rnk",29.7422
"36867","zcta",2019,101.38,99.77,106.47,103.24,"education_rnk",47.8661
"36869","zcta",2019,84.74,91.84,106.34,99.28,"education_rnk",17.3823
"36870","zcta",2019,98.84,106.51,102.19,96.21,"education_rnk",49.307
"36871","zcta",2019,99.54,127.2,98.68,90.14,"education_rnk",64.6105
"36874","zcta",2019,111.11,124.78,109.59,93.46,"education_rnk",79.3601
"36875","zcta",2019,100.65,79.97,89,96.03,"education_rnk",37.2936
"36877","zcta",2019,100.89,100.91,97.81,94.34,"education_rnk",51.5446
"36879","zcta",2019,120.17,135.57,104.2,94.62,"education_rnk",92.915
"36901","zcta",2019,96.04,106.51,58.43,85.16,"education_rnk",59.7565
"36904","zcta",2019,97.27,93.63,93.25,92.03,"education_rnk",40.9559
"36907","zcta",2019,111.08,86.89,98.71,88.46,"education_rnk",62.9622
"36908","zcta",2019,91.59,85.82,97.57,93.5,"education_rnk",24.0043
"36910","zcta",2019,NA,NA,NA,NA,"education_rnk",NA
"36912","zcta",2019,94.59,92.36,73.42,88.92,"education_rnk",39.8808
"36913","zcta",2019,NA,NA,NA,NA,"education_rnk",NA
"36915","zcta",2019,101.16,102.31,75.91,86.75,"education_rnk",59.7824
"36916","zcta",2019,82.41,111.42,63.84,84.46,"education_rnk",36.212
"36919","zcta",2019,78.32,87.62,103.97,90.6,"education_rnk",11.9099
"36921","zcta",2019,69.3,88.86,63.45,106.83,"education_rnk",11.1392
"36922","zcta",2019,23.42,60.69,126.76,94.35,"education_rnk",0.4177
"36925","zcta",2019,95.09,97.48,103.36,94.99,"education_rnk",36.0598
"35004","zcta",2019,112.59,98.1,110.17,88.22,"education_rnk",64.4583
"35005","zcta",2019,91.53,91.87,102.2,94.57,"education_rnk",26.5689
"35006","zcta",2019,89.63,89.65,104.25,93.92,"education_rnk",21.8315
"35007","zcta",2019,101.44,102.87,111.34,93.21,"education_rnk",48.9023
"35010","zcta",2019,84.67,94.89,99.64,91.22,"education_rnk",20.1736
"35013","zcta",2019,NA,NA,NA,NA,"education_rnk",NA
"35014","zcta",2019,76.5,88.61,97.17,96.31,"education_rnk",11.0161
"35016","zcta",2019,96.15,96.14,106.3,94.26,"education_rnk",34.7225
"35019","zcta",2019,92,86.98,97.63,90.14,"education_rnk",25.0923
"35020","zcta",2019,83.62,86.54,98.81,107.29,"education_rnk",15.5268
"35022","zcta",2019,109.16,104.92,93.18,105.35,"education_rnk",71.4041
"35023","zcta",2019,100.59,103.51,99.08,102.28,"education_rnk",50.8905
"35031","zcta",2019,79.94,96.02,93.24,95.73,"education_rnk",17.3985
"35032","zcta",2019,NA,NA,NA,NA,"education_rnk",NA
"35033","zcta",2019,78.88,80.78,121.96,85.16,"education_rnk",7.8687
"35034","zcta",2019,80.27,90.58,87.53,92.44,"education_rnk",15.8668
"35035","zcta",2019,106.98,144.52,59.79,89.14,"education_rnk",91.066
"35036","zcta",2019,60.06,106.51,137.45,100.72,"education_rnk",4.038
"35040","zcta",2019,104.96,101.02,121.63,107.21,"education_rnk",48.8569
"35042","zcta",2019,90.78,98.93,90.81,96.85,"education_rnk",32.7667
"35043","zcta",2019,121.15,115,132.36,101.46,"education_rnk",80.8983
"35044","zcta",2019,81.93,93.53,97.81,101.46,"education_rnk",16.2554
"35045","zcta",2019,88.78,109.58,105.11,97.38,"education_rnk",30.2506
"35046","zcta",2019,96.88,89.62,101.39,93.4,"education_rnk",32.9383
"35049","zcta",2019,82.59,107.33,100.34,101.49,"education_rnk",21.8703
"35051","zcta",2019,96.51,107.71,100.45,108.51,"education_rnk",45.8422
"35052","zcta",2019,NA,NA,NA,NA,"education_rnk",NA
"35053","zcta",2019,92.15,119.49,84.16,88.96,"education_rnk",54.242
"35054","zcta",2019,85.08,127.03,76.71,92.83,"education_rnk",48.3097
"35055","zcta",2019,90.38,91.54,102.39,122.41,"education_rnk",23.5218
"35057","zcta",2019,89.17,95.5,98.64,96.26,"education_rnk",25.6881
"35058","zcta",2019,88.93,99.01,83.26,112.8,"education_rnk",31.7564
"35060","zcta",2019,76.06,60.69,98.06,83.17,"education_rnk",7.778
"35061","zcta",2019,96.86,105.42,77.1,88.01,"education_rnk",53.7692
"35062","zcta",2019,87.6,76.76,107.32,92.64,"education_rnk",14.7724
"35063","zcta",2019,77.52,70.6,86.66,91.92,"education_rnk",9.219
"35064","zcta",2019,102.87,86.11,101.55,95.27,"education_rnk",41.8302
"35068","zcta",2019,100.49,119.23,85.05,93.66,"education_rnk",69.4644
"35070","zcta",2019,53.69,106.51,110.21,86.16,"education_rnk",3.8825
"35071","zcta",2019,110.67,112.56,103.65,108.66,"education_rnk",73.5315
"35072","zcta",2019,75.52,87.66,99.78,90.39,"education_rnk",10.2195
"35073","zcta",2019,98.82,102.82,90.5,99.7,"education_rnk",48.9573
"35074","zcta",2019,NA,NA,NA,NA,"education_rnk",NA
"35077","zcta",2019,80.76,75.99,96.71,102.44,"education_rnk",11.1327
"35078","zcta",2019,86.76,91.25,96.2,94.89,"education_rnk",21.8898
"35079","zcta",2019,103.51,103,100.44,92.34,"education_rnk",54.3585
"35080","zcta",2019,117.99,108.61,121.17,103.21,"education_rnk",78.1264
"35082","zcta",2019,NA,NA,NA,NA,"education_rnk",NA
"35083","zcta",2019,71.72,100.32,96.88,87.4,"education_rnk",11.2817
"35085","zcta",2019,79.67,92.27,101.12,91.33,"education_rnk",13.8819
"35087","zcta",2019,75.89,90.5,103.56,92.88,"education_rnk",10.3912
"35089","zcta",2019,81.75,118.27,68.38,84.17,"education_rnk",39.1037
"35091","zcta",2019,112.66,106.59,122.92,92.9,"education_rnk",67.1524
"35094","zcta",2019,103.61,106.16,105.66,101.36,"education_rnk",56.6706
"35096","zcta",2019,90.03,107.63,87.32,97.64,"education_rnk",37.9121
"35097","zcta",2019,83.43,93.86,117.37,90.54,"education_rnk",14.06
"35098","zcta",2019,84.36,101.84,94.41,88.73,"education_rnk",23.5347
"35111","zcta",2019,109.87,100.05,108.34,101.54,"education_rnk",63.1047
"35112","zcta",2019,91.62,106.51,86.59,124.07,"education_rnk",35.8073
"35114","zcta",2019,113.08,134.9,112.3,91.27,"education_rnk",86.2185
"35115","zcta",2019,98.3,66.95,109.06,108.37,"education_rnk",21.77
"35116","zcta",2019,108.7,107.54,102.04,98.44,"education_rnk",68.4833
"35117","zcta",2019,107.54,128.88,101.85,96.73,"education_rnk",78.4826
"35118","zcta",2019,93.99,112.71,99.69,86.52,"education_rnk",45.146
"35119","zcta",2019,61.23,106.51,159.84,88.15,"education_rnk",3.5231
"35120","zcta",2019,96.5,119.75,110.73,105.4,"education_rnk",49.1872
"35121","zcta",2019,74.8,103.58,100.39,102.39,"education_rnk",14.0405
"35124","zcta",2019,112.37,109.27,102.91,104.45,"education_rnk",76.2062
"35125","zcta",2019,79.7,117.43,81.28,110.71,"education_rnk",28.9327
"35126","zcta",2019,105.21,88.87,97.88,100.43,"education_rnk",49.252
"35127","zcta",2019,111.09,99.39,102.33,90.54,"education_rnk",67.4179
"35128","zcta",2019,94.5,110.13,91.27,96.42,"education_rnk",47.5228
"35130","zcta",2019,68.77,134.35,101.65,86.16,"education_rnk",18.7876
"35131","zcta",2019,81.01,87.78,101.92,96.71,"education_rnk",13.4998
"35133","zcta",2019,97.13,100.01,99.49,98.25,"education_rnk",39.5344
"35135","zcta",2019,102.01,111.93,112.08,85.16,"education_rnk",54.1448
"35136","zcta",2019,94.03,111.24,88.42,86.16,"education_rnk",48.4198
"35139","zcta",2019,-7.4,106.51,43.56,91.13,"education_rnk",0.4857
"35143","zcta",2019,104.01,92.36,89.05,87.81,"education_rnk",53.0277
"35146","zcta",2019,93.61,101.68,106.37,113.92,"education_rnk",33.1617
"35147","zcta",2019,109.77,122.44,96.19,95.39,"education_rnk",80.9371
"35148","zcta",2019,92.13,70.84,103.97,92.61,"education_rnk",17.1071
"35149","zcta",2019,101.23,106.51,43.56,89.14,"education_rnk",72.5439
"35150","zcta",2019,82.29,105.81,108.24,113.37,"education_rnk",19.0014
"35151","zcta",2019,87.21,77.53,95.08,102.82,"education_rnk",16.5566
"35160","zcta",2019,84.61,90.1,101.52,111.32,"education_rnk",17.7126
"35171","zcta",2019,80.87,96.39,104.58,92.99,"education_rnk",15.9057
"35172","zcta",2019,84.52,78.65,82.39,99.55,"education_rnk",16.4335
"35173","zcta",2019,115.63,115.94,115.1,107.25,"education_rnk",79.5771
"35175","zcta",2019,86.62,104,109.38,100.04,"education_rnk",24.8073
"35176","zcta",2019,54.1,95.22,104.93,97.32,"education_rnk",3.6138
"35178","zcta",2019,90.32,94.26,116.08,96.18,"education_rnk",20.724
"35179","zcta",2019,82.67,94.88,100.75,128.29,"education_rnk",16.1097
"35180","zcta",2019,94.61,98.41,110.88,102.57,"education_rnk",30.0952
"35183","zcta",2019,105.85,106.51,83.16,86.16,"education_rnk",67.2301
"35184","zcta",2019,72.2,90.53,100.31,106.05,"education_rnk",8.4094
"35186","zcta",2019,99.27,103.04,93.48,100.89,"education_rnk",50.2785
"35187","zcta",2019,NA,NA,NA,NA,"education_rnk",NA
"35188","zcta",2019,94.8,95.3,101.41,104.36,"education_rnk",30.9889
"35203","zcta",2019,96.08,129.78,54.27,97.33,"education_rnk",78.2236
"35204","zcta",2019,78.24,73.46,90.42,110.92,"education_rnk",9.627
"35205","zcta",2019,119.24,96.15,97.48,106.62,"education_rnk",81.9442
"35206","zcta",2019,92.75,87.33,107.76,95.28,"education_rnk",23.47
"35207","zcta",2019,91.85,92.44,103.47,88.31,"education_rnk",26.203
"35208","zcta",2019,99.11,87.72,102.78,94.32,"education_rnk",34.6253
"35209","zcta",2019,122.44,112.83,112.79,100.22,"education_rnk",87.721
"35210","zcta",2019,106.35,102.86,91.16,102.51,"education_rnk",66.4594
"35211","zcta",2019,101.19,82.09,95.27,114.33,"education_rnk",38.1225
"35212","zcta",2019,92.59,100.17,100.62,94.27,"education_rnk",34.5541
"35213","zcta",2019,138.44,123.6,109.75,108.42,"education_rnk",98.232
"35214","zcta",2019,106.15,100.32,100.51,103.64,"education_rnk",59.9961
"35215","zcta",2019,97.09,102.47,122.41,109.19,"education_rnk",33.2297
"35216","zcta",2019,122.8,111.89,111.23,97.19,"education_rnk",87.598
"35217","zcta",2019,86.66,76.04,102.17,99.65,"education_rnk",14.1863
"35218","zcta",2019,97.2,73.91,111.62,89.34,"education_rnk",21.43
"35221","zcta",2019,86.33,79.04,103.1,93.46,"education_rnk",14.727
"35222","zcta",2019,118.06,124.49,89.68,90.41,"education_rnk",91.7039
"35223","zcta",2019,132.89,139.16,112.14,100.73,"education_rnk",98.1575
"35224","zcta",2019,90.55,76.46,108.62,88.44,"education_rnk",16.4594
"35226","zcta",2019,129.59,116.71,111.36,97.16,"education_rnk",93.8994
"35228","zcta",2019,86.85,96.94,104.38,99.61,"education_rnk",21.8509
"35229","zcta",2019,NA,NA,NA,NA,"education_rnk",NA
"35233","zcta",2019,126.26,114.95,112.02,106.06,"education_rnk",93.038
"35234","zcta",2019,78.37,74.71,79.3,100.89,"education_rnk",11.3853
"35235","zcta",2019,107.33,99.2,108.05,96.23,"education_rnk",58.6911
"35242","zcta",2019,127.03,120.93,104.76,107.21,"education_rnk",93.7666
"35243","zcta",2019,134.54,116.59,91.92,100.38,"education_rnk",97.471
"35244","zcta",2019,120.93,120.17,106.21,118.29,"education_rnk",89.0422
"35254","zcta",2019,NA,NA,NA,NA,"education_rnk",NA
"35401","zcta",2019,96.04,76.22,128.55,109.42,"education_rnk",20.4488
"35404","zcta",2019,98.06,90.07,109.54,105.41,"education_rnk",34.1396
"35405","zcta",2019,110.41,106.31,101.78,109.2,"education_rnk",71.5239
"35406","zcta",2019,128.14,120.67,114,94.35,"education_rnk",93.9123
"35441","zcta",2019,85.62,68.96,101.51,84.23,"education_rnk",12.4862
"35442","zcta",2019,82.45,68.85,94.98,89.47,"education_rnk",10.7247
"35443","zcta",2019,74.13,69.65,123.68,89.81,"education_rnk",5.1162
"35444","zcta",2019,89.61,80.3,104.41,96,"education_rnk",17.6511
"35446","zcta",2019,83.74,90.85,100.18,109.82,"education_rnk",16.6667
"35447","zcta",2019,83.36,78.93,87.64,89.78,"education_rnk",15.3844
"35452","zcta",2019,86.98,92.45,92.02,106.38,"education_rnk",23.185
"35453","zcta",2019,88.47,107.12,102.28,100.52,"education_rnk",29.9948
"35456","zcta",2019,80.23,71.28,118.49,106.22,"education_rnk",6.9037
"35457","zcta",2019,NA,NA,NA,NA,"education_rnk",NA
"35458","zcta",2019,92.41,72.14,59.45,89.14,"education_rnk",30.3024
"35459","zcta",2019,78.88,76.14,85.05,90.62,"education_rnk",11.654
"35460","zcta",2019,115.01,88.05,77.29,97.36,"education_rnk",73.7679
"35461","zcta",2019,95.15,94.44,82.52,86.52,"education_rnk",42.4972
"35462","zcta",2019,76.49,72.07,81.24,89.28,"education_rnk",9.6399
"35463","zcta",2019,103.56,69.42,93.77,93.99,"education_rnk",34.6253
"35464","zcta",2019,103.08,139.27,170.75,84.33,"education_rnk",52.7362
"35466","zcta",2019,93.38,109.66,103.27,99.32,"education_rnk",40.0913
"35469","zcta",2019,114.69,68.02,74.87,93.12,"education_rnk",62.8036
"35470","zcta",2019,102.07,84.52,131.18,91.6,"education_rnk",33.1164
"35473","zcta",2019,112.65,105.05,102.05,99.31,"education_rnk",74.9239
"35474","zcta",2019,98.96,126.42,105.47,95.72,"education_rnk",61.9358
"35475","zcta",2019,108.76,110.91,100.37,97.33,"education_rnk",71.893
"35476","zcta",2019,95.45,99.99,114.93,105.91,"education_rnk",33.3301
"35477","zcta",2019,111.6,83.6,64.12,83.17,"education_rnk",72.6799
"35480","zcta",2019,102.4,99.72,82.44,112.12,"education_rnk",57.5869
"35481","zcta",2019,80,79.64,84.7,89.78,"education_rnk",13.1501
"35490","zcta",2019,85.21,80.04,111.23,91.76,"education_rnk",13.2051
"35501","zcta",2019,81.4,98.77,112.06,102.43,"education_rnk",15.1512
"35503","zcta",2019,90.56,81.25,78.79,102.41,"education_rnk",25.6881
"35504","zcta",2019,99.15,93.22,104.16,89.27,"education_rnk",39.6574
"35540","zcta",2019,89.67,97.13,97,96.52,"education_rnk",27.1679
"35541","zcta",2019,89.56,81.64,84.72,90.06,"education_rnk",23.9946
"35542","zcta",2019,73.3,116.1,85.95,97.81,"education_rnk",18.9301
"35543","zcta",2019,61.14,56.07,86.35,90.5,"education_rnk",3.0924
"35544","zcta",2019,93.5,51.05,98.22,99.55,"education_rnk",13.6034
"35545","zcta",2019,NA,NA,NA,NA,"education_rnk",NA
"35546","zcta",2019,88.22,104.68,105.18,95.92,"education_rnk",27.7573
"35548","zcta",2019,73.05,86.14,90.04,97.27,"education_rnk",9.9249
"35549","zcta",2019,75.91,95.57,103.97,92.42,"education_rnk",11.5083
"35550","zcta",2019,85.4,78.31,92.77,96.95,"education_rnk",15.7568
"35552","zcta",2019,95.96,61.91,111.55,91.8,"education_rnk",16.0126
"35553","zcta",2019,62.3,78.16,75.48,102.32,"education_rnk",5.3721
"35554","zcta",2019,94.47,74.83,99.95,98.03,"education_rnk",21.3555
"35555","zcta",2019,94.43,108.16,98.2,105.93,"education_rnk",42.4649
"35559","zcta",2019,NA,NA,NA,NA,"education_rnk",NA
"35563","zcta",2019,91.18,93.31,95.09,102.54,"education_rnk",28.7902
"35564","zcta",2019,83.63,86.41,85.04,92.04,"education_rnk",18.3246
"35565","zcta",2019,79.44,78.32,102.57,114.9,"education_rnk",9.7403
"35570","zcta",2019,80.1,97.33,88.49,101.72,"education_rnk",18.8492
"35571","zcta",2019,80.77,67.04,91.51,92.94,"education_rnk",9.8245
"35572","zcta",2019,83.8,110.35,84.99,93.66,"education_rnk",30.2895
"35574","zcta",2019,92.94,126.81,102.1,104.57,"education_rnk",51.9655
"35575","zcta",2019,88.66,85.95,102.59,89.77,"education_rnk",20.6884
"35576","zcta",2019,90.67,92.66,80.46,94.37,"education_rnk",31.7013
"35577","zcta",2019,NA,NA,NA,NA,"education_rnk",NA
"35578","zcta",2019,76.15,97.55,85.79,106.84,"education_rnk",14.9375
"35579","zcta",2019,76.78,92.78,91.87,88.51,"education_rnk",12.8327
"35580","zcta",2019,78.57,143.9,118.85,93.08,"education_rnk",29.276
"35581","zcta",2019,81.32,99.85,113.53,91.45,"education_rnk",15.9057
"35582","zcta",2019,80.58,92.67,112.86,87.28,"education_rnk",13.2796
"35584","zcta",2019,70.38,106.51,126.03,87.64,"education_rnk",7.8751
"35585","zcta",2019,92.64,70.33,119.54,94.66,"education_rnk",15.9348
"35586","zcta",2019,80.6,86.14,103.29,89.56,"education_rnk",12.9558
"35587","zcta",2019,85.56,69.28,70.76,94.38,"education_rnk",17.7871
"35592","zcta",2019,87.54,93.47,108.47,89.54,"education_rnk",20.7597
"35593","zcta",2019,86.6,81.55,101.03,87.68,"education_rnk",16.984
"35594","zcta",2019,81.59,114.2,113.8,95.38,"education_rnk",21.43
"35601","zcta",2019,73.94,94,106.69,123.29,"education_rnk",9.6399
"35603","zcta",2019,104.98,100.57,98.11,115.33,"education_rnk",57.765
"35610","zcta",2019,101.67,105.51,79.18,87.2,"education_rnk",63.7653
"35611","zcta",2019,82.54,85.65,98.34,103.26,"education_rnk",14.9116
"35613","zcta",2019,96.4,114.9,95.49,108.39,"education_rnk",53.5134
"35614","zcta",2019,74.47,88.53,100.22,95.62,"education_rnk",9.9734
"35615","zcta",2019,NA,NA,NA,NA,"education_rnk",NA
"35616","zcta",2019,80.55,88.3,82.86,88.61,"education_rnk",17.3337
"35618","zcta",2019,69.07,68.86,94.39,97.27,"education_rnk",5.2361
"35619","zcta",2019,79.84,83.05,98.3,101.66,"education_rnk",11.7674
"35620","zcta",2019,96.32,67.83,99.81,98.74,"education_rnk",21.0867
"35621","zcta",2019,90.96,106.66,89.23,89.14,"education_rnk",39.6574
"35622","zcta",2019,90.56,93.05,105.34,108.72,"education_rnk",23.5121
"35630","zcta",2019,95.83,85.77,102.18,113.37,"education_rnk",29.8232
"35633","zcta",2019,99.53,102.54,101.63,99.49,"education_rnk",48.4392
"35634","zcta",2019,104.47,101.9,92.39,102.12,"education_rnk",61.3561
"35640","zcta",2019,102.47,105.07,104.31,114.36,"education_rnk",53.1248
"35643","zcta",2019,63.51,86.09,93.52,93.9,"education_rnk",5.453
"35645","zcta",2019,104.38,102.83,97.99,91.4,"education_rnk",59.4813
"35646","zcta",2019,87.29,81.18,87.82,89.29,"education_rnk",20.2124
"35647","zcta",2019,103.4,78.9,105.72,86.66,"education_rnk",38.8317
"35648","zcta",2019,90.27,85.59,108.54,87.63,"education_rnk",20.7759
"35649","zcta",2019,NA,NA,NA,NA,"education_rnk",NA
"35650","zcta",2019,86.73,100.64,102.25,106.58,"education_rnk",23.5542
"35651","zcta",2019,92.25,98.31,94.8,88.95,"education_rnk",33.6021
"35652","zcta",2019,99.53,93.34,94.47,90.45,"education_rnk",43.9512
"35653","zcta",2019,61.29,75.57,108.28,103.99,"education_rnk",3.4324
"35654","zcta",2019,80.17,68.09,93.6,101.54,"education_rnk",9.41
"35660","zcta",2019,90.23,83.51,94.51,94.38,"education_rnk",22.845
"35661","zcta",2019,106.38,102.49,97.24,96.26,"education_rnk",62.7291
"35670","zcta",2019,99.94,104.91,86.89,100.68,"education_rnk",54.8896
"35671","zcta",2019,84.31,129.83,80.46,87.86,"education_rnk",45.5767
"35672","zcta",2019,92.01,90.39,122.76,93.66,"education_rnk",21.1256
"35673","zcta",2019,84.32,112.04,94.61,101.5,"education_rnk",29.6127
"35674","zcta",2019,90.16,86.16,99,101.35,"education_rnk",22.2103
"35677","zcta",2019,90.17,106.72,112.13,88.26,"education_rnk",29.0849
"35739","zcta",2019,93.88,93.6,101.45,90.6,"education_rnk",30.6716
"35740","zcta",2019,88.75,82.58,95.81,86.66,"education_rnk",19.2896
"35741","zcta",2019,121.53,118.34,90.99,108.05,"education_rnk",92.0731
"35744","zcta",2019,73.99,83.49,94.88,89,"education_rnk",9.4262
"35745","zcta",2019,98.81,95.87,90.73,85.16,"education_rnk",45.6577
"35746","zcta",2019,88.82,106.51,43.56,95.95,"education_rnk",49.783
"35747","zcta",2019,104.31,92.64,85.99,90.52,"education_rnk",55.6344
"35748","zcta",2019,97.16,96.18,101.98,121.14,"education_rnk",36.5747
"35749","zcta",2019,116.31,118.57,112.46,99.27,"education_rnk",82.7181
"35750","zcta",2019,102.44,108.11,99.8,100.5,"education_rnk",58.3803
"35751","zcta",2019,123.45,98.41,65.92,99.55,"education_rnk",89.8549
"35752","zcta",2019,88.26,112.99,93.39,95.57,"education_rnk",36.0145
"35754","zcta",2019,73.17,78.17,91.33,89.58,"education_rnk",8.3382
"35755","zcta",2019,117.74,106.18,57.22,106.83,"education_rnk",89.8096
"35756","zcta",2019,118.02,115.79,129.72,92.23,"education_rnk",80.0531
"35757","zcta",2019,119.37,131.59,109.64,101.39,"education_rnk",90.9915
"35758","zcta",2019,123.85,129.13,111.06,115.31,"education_rnk",92.6041
"35759","zcta",2019,120.54,136.67,113.84,89.55,"education_rnk",92.1054
"35760","zcta",2019,85.3,98.57,104.53,102.2,"education_rnk",20.8633
"35761","zcta",2019,94.68,108.18,101.94,99.43,"education_rnk",42.2285
"35763","zcta",2019,126.24,143.29,115.99,110.42,"education_rnk",96.056
"35764","zcta",2019,54.69,85.43,85.3,93.92,"education_rnk",3.7433
"35765","zcta",2019,81.21,96.43,89.39,102.55,"education_rnk",19.921
"35766","zcta",2019,79.14,106.51,64.67,99.55,"education_rnk",25.4323
"35768","zcta",2019,93.97,99.27,94.34,103.52,"education_rnk",36.4452
"35769","zcta",2019,103.94,100.48,97.66,96.98,"education_rnk",56.1298
"35771","zcta",2019,86.24,75.72,106.31,93.49,"education_rnk",12.9687
"35772","zcta",2019,88.07,95.84,111.54,100.29,"education_rnk",20.5686
"35773","zcta",2019,96.96,96.99,104.23,101.74,"education_rnk",38.0578
"35774","zcta",2019,109.5,96.33,49.55,85.16,"education_rnk",78.8485
"35775","zcta",2019,69.9,106.51,109.41,87.15,"education_rnk",9.8115
"35776","zcta",2019,85.73,91.65,101.22,108.92,"education_rnk",18.9787
"35801","zcta",2019,113.92,112.12,86.02,116.46,"education_rnk",83.6474
"35802","zcta",2019,123.81,103.3,86.78,108.57,"education_rnk",89.6477
"35803","zcta",2019,120.45,118.54,101.57,116.59,"education_rnk",88.6568
"35805","zcta",2019,73.53,70.54,114.29,112.36,"education_rnk",5.4595
"35806","zcta",2019,122.92,102.76,96.07,104.57,"education_rnk",87.7113
"35808","zcta",2019,122.09,150.1,121.32,95.99,"education_rnk",95.5119
"35810","zcta",2019,93.67,80.12,116.2,104.33,"education_rnk",20.4974
"35811","zcta",2019,107.12,115.31,100.06,105.27,"education_rnk",71.9448
"35816","zcta",2019,97.78,67.76,109.3,100.52,"education_rnk",22.4953
"35824","zcta",2019,128.21,97.74,107.27,86.35,"education_rnk",88.3978
"35896","zcta",2019,NA,NA,NA,NA,"education_rnk",NA
"35901","zcta",2019,90.73,91.62,97.44,114.44,"education_rnk",26.1447
"35903","zcta",2019,87.95,83.38,98.4,101.38,"education_rnk",19.1859
"35904","zcta",2019,86.5,80.9,94.49,101.48,"education_rnk",16.9516
"35905","zcta",2019,98.86,77.31,99.55,93.44,"education_rnk",29.6451
"35906","zcta",2019,110.01,93.87,102.3,94.54,"education_rnk",62.5154
"35907","zcta",2019,114.38,94.26,91.24,91.46,"education_rnk",73.7841
"35950","zcta",2019,75.85,92.78,126.54,106.21,"education_rnk",8.3673
"35951","zcta",2019,59.77,88.42,110.27,105.46,"education_rnk",3.8242
"35952","zcta",2019,67.7,101.63,104.41,96.74,"education_rnk",8.6102
"35953","zcta",2019,78.79,113.63,96.4,110.3,"education_rnk",21.2065
"35954","zcta",2019,86.11,68.17,105.82,116.91,"education_rnk",10.8121
"35956","zcta",2019,86.83,80.82,101.98,94.69,"education_rnk",16.0644
"35957","zcta",2019,73.59,85.69,114.46,108.33,"education_rnk",7.289
"35958","zcta",2019,83.85,121.43,83.52,92.45,"education_rnk",39.1555
"35959","zcta",2019,84.48,100.55,93.03,90.31,"education_rnk",24.1791
"35960","zcta",2019,85.71,95.05,94.18,90.43,"education_rnk",22.9907
"35961","zcta",2019,62.57,87.13,111.13,98.21,"education_rnk",4.3747
"35962","zcta",2019,59.87,91.71,112.15,98.58,"education_rnk",4.3229
"35963","zcta",2019,97.84,69.27,98.58,116.79,"education_rnk",24.681
"35966","zcta",2019,78.14,89.73,85.95,98.85,"education_rnk",15.7373
"35967","zcta",2019,71.47,90.76,106.8,98.36,"education_rnk",8.1245
"35968","zcta",2019,69.31,74.6,115.13,91.87,"education_rnk",5.0547
"35971","zcta",2019,78.83,87.31,96.87,89.57,"education_rnk",13.1501
"35972","zcta",2019,83.3,103.44,91.01,91.85,"education_rnk",24.5321
"35973","zcta",2019,66.97,78.72,93.01,87.8,"education_rnk",5.7283
"35974","zcta",2019,79.51,99.69,111.83,85.71,"education_rnk",15.0767
"35975","zcta",2019,87.62,106.51,82.71,91.74,"education_rnk",35.5838
"35976","zcta",2019,95.56,96.31,95.79,114.51,"education_rnk",37.87
"35978","zcta",2019,84.95,82.11,95.25,106.36,"education_rnk",16.1291
"35979","zcta",2019,85.68,69.6,112.55,108.27,"education_rnk",10.8996
"35980","zcta",2019,80.72,113.2,112.33,92.5,"education_rnk",20.7597
"35981","zcta",2019,99.58,112.97,118.2,93.38,"education_rnk",47.6135
"35983","zcta",2019,104.44,101.89,95.9,85.56,"education_rnk",59.0312
"35984","zcta",2019,108.92,119.37,69.85,95.34,"education_rnk",85.1564
"35986","zcta",2019,77.57,103.54,106.11,93.53,"education_rnk",14.7076
"35987","zcta",2019,78.47,101.77,104.34,93.21,"education_rnk",15.1966
"35988","zcta",2019,84.61,98.63,111.89,91.84,"education_rnk",18.8718
"35989","zcta",2019,74.22,112.08,108.36,88.51,"education_rnk",14.74
"35990","zcta",2019,NA,NA,NA,NA,"education_rnk",NA
"36003","zcta",2019,76.6,70.08,69.57,84.17,"education_rnk",10.7538
"36005","zcta",2019,88.57,90.92,91.59,92.16,"education_rnk",25.1991
"36006","zcta",2019,92.1,84.97,75.14,94.81,"education_rnk",33.1779
"36009","zcta",2019,93.8,94.6,100.33,90.22,"education_rnk",31.7564
"36010","zcta",2019,77.58,82.5,92.57,97.31,"education_rnk",11.3237
"36013","zcta",2019,109.4,93.6,96.68,86.85,"education_rnk",63.7653
"36016","zcta",2019,64.13,102.37,76,89.79,"education_rnk",9.5557
"36017","zcta",2019,NA,NA,NA,NA,"education_rnk",NA
"36020","zcta",2019,89.16,97.89,111.13,91.13,"education_rnk",25.1603
"36022","zcta",2019,103.32,97.79,104.57,97.25,"education_rnk",50.5893
"36024","zcta",2019,98.47,111.7,93.87,94.87,"education_rnk",54.4686
"36025","zcta",2019,NA,NA,NA,NA,"education_rnk",NA
"36026","zcta",2019,94.19,107.78,76.64,85.14,"education_rnk",50.9164
"36027","zcta",2019,79.77,88.08,106.92,99.28,"education_rnk",12.1948
"36028","zcta",2019,70.55,98.52,88.26,90.83,"education_rnk",11.7188
"36029","zcta",2019,96.27,95.42,74.51,85.58,"education_rnk",47.8952
"36030","zcta",2019,104.52,89.63,108.73,100.15,"education_rnk",41.8788
"36031","zcta",2019,24.17,106.51,90.72,83.17,"education_rnk",1.3859
"36032","zcta",2019,91.77,97.36,111.61,88.61,"education_rnk",27.4205
"36033","zcta",2019,83.64,103.86,99.52,94.42,"education_rnk",22.9033
"36034","zcta",2019,103.25,81.14,111.29,91.92,"education_rnk",34.7905
"36035","zcta",2019,95.52,82.1,103.48,86.99,"education_rnk",26.9477
"36036","zcta",2019,92.33,94.7,86.47,88.98,"education_rnk",37.6012
"36037","zcta",2019,93.71,79.25,94.95,93.31,"education_rnk",24.7717
"36038","zcta",2019,NA,NA,NA,NA,"education_rnk",NA
"36039","zcta",2019,63.86,98.65,55.61,85.16,"education_rnk",11.1036
"36040","zcta",2019,82.06,104.44,99.66,95.96,"education_rnk",21.5498
"36041","zcta",2019,79.66,103.05,100.39,88.52,"education_rnk",17.3337
"36042","zcta",2019,87.53,79.63,99,87.18,"education_rnk",16.8189
"36043","zcta",2019,83.03,107.79,78.64,86.38,"education_rnk",32.8282
"36046","zcta",2019,86.65,90.87,93.53,91.57,"education_rnk",21.6825
"36047","zcta",2019,91.05,120.83,117.67,94.01,"education_rnk",36.6557
"36048","zcta",2019,50.52,99.05,85.08,84.17,"education_rnk",4.038
"36049","zcta",2019,90.83,88.73,100.01,89.51,"education_rnk",25.5424
"36051","zcta",2019,98.41,114.07,93.72,106.42,"education_rnk",54.8086
"36052","zcta",2019,123.07,106.34,66.35,91.66,"education_rnk",93.2388
"36053","zcta",2019,88.25,104.13,96.14,97.82,"education_rnk",30.9404
"36054","zcta",2019,103.25,103.64,107.5,93.26,"education_rnk",53.8242
"36064","zcta",2019,123.79,116.25,107.33,89.28,"education_rnk",91.0304
"36066","zcta",2019,111.39,106.9,101.86,89.19,"education_rnk",74.341
"36067","zcta",2019,96.89,93.89,110.98,104.27,"education_rnk",32.3068
"36069","zcta",2019,101.53,97.27,78.8,88.5,"education_rnk",57.9367
"36071","zcta",2019,92.31,102.31,69.85,89.03,"education_rnk",44.0516
"36075","zcta",2019,86.69,105.46,84.78,85.63,"education_rnk",32.731
"36078","zcta",2019,88.39,93.49,97.71,97.31,"education_rnk",23.9784
"36079","zcta",2019,103.69,87.61,101.68,93.36,"education_rnk",45.1914
"36080","zcta",2019,109.89,112.89,93.59,84.98,"education_rnk",77.0805
"36081","zcta",2019,97.75,99.37,122.73,94.34,"education_rnk",38.2262
"36082","zcta",2019,NA,NA,NA,NA,"education_rnk",NA
"36083","zcta",2019,96.21,82.24,91.63,92.51,"education_rnk",32.3813
"36088","zcta",2019,NA,NA,NA,NA,"education_rnk",NA
"36089","zcta",2019,79.36,95.31,96.53,88.34,"education_rnk",15.5495
"36091","zcta",2019,88.97,84.9,99.79,96.3,"education_rnk",19.4256
"36092","zcta",2019,93.92,107.29,97.22,108.36,"education_rnk",41.7751
"36093","zcta",2019,119.04,120.65,104.55,91.19,"education_rnk",88.3524
"36104","zcta",2019,82.11,77.37,104.52,100.61,"education_rnk",12.0653
"36105","zcta",2019,83.53,90.64,97.54,96.57,"education_rnk",17.8453
"36106","zcta",2019,117.53,92.68,101.22,90.26,"education_rnk",77.1679
"36107","zcta",2019,81.55,96.21,103.37,95.35,"education_rnk",17.4276
"36108","zcta",2019,67.9,70.57,93.94,104.39,"education_rnk",5.0612
"36109","zcta",2019,106.7,97.55,97.98,101.32,"education_rnk",60.8834
"36110","zcta",2019,71.98,92.26,103.38,91.34,"education_rnk",8.9599
"36111","zcta",2019,93.08,99.56,109.42,91.21,"education_rnk",32.2777
"36112","zcta",2019,NA,NA,NA,NA,"education_rnk",NA
"36113","zcta",2019,NA,NA,NA,NA,"education_rnk",NA
"36115","zcta",2019,121.2,129.44,134.16,83.74,"education_rnk",87.1025
"36116","zcta",2019,102.04,100.2,111.55,123.2,"education_rnk",45.758
"36117","zcta",2019,119.02,105.62,108.71,112.21,"education_rnk",81.7628
"36201","zcta",2019,67.73,87.87,94.87,113.52,"education_rnk",6.6123
"36203","zcta",2019,92.7,103.16,109.62,99.37,"education_rnk",33.0775
"36205","zcta",2019,113.38,109.3,88.45,84.17,"education_rnk",81.2739
"36206","zcta",2019,93.91,83.25,110.58,93.44,"education_rnk",22.8353
"36207","zcta",2019,107.83,103.86,96.79,102.36,"education_rnk",66.3882
"36250","zcta",2019,105.86,110.92,90.23,87.28,"education_rnk",70.6301
"36251","zcta",2019,69.87,84.29,79.3,91.87,"education_rnk",9.0765
"36255","zcta",2019,85.19,89.1,106.01,96.01,"education_rnk",16.3072
"36256","zcta",2019,91.32,92.3,104.57,89.1,"education_rnk",25.3351
"36258","zcta",2019,95.64,94.46,72.33,93.58,"education_rnk",45.2497
"36260","zcta",2019,81.17,108.01,97.71,93.83,"education_rnk",21.6825
"36262","zcta",2019,74.35,104.51,98.53,89.99,"education_rnk",14.2057
"36263","zcta",2019,89.02,99.97,66.34,86.16,"education_rnk",40.1626
"36264","zcta",2019,77.53,82.63,105.13,96.69,"education_rnk",9.9767
"36265","zcta",2019,108.45,87,109.62,118.54,"education_rnk",51.0071
"36266","zcta",2019,74.28,111.67,111.44,99.89,"education_rnk",13.8948
"36267","zcta",2019,NA,NA,NA,NA,"education_rnk",NA
"36268","zcta",2019,87.57,87.93,99.9,93.5,"education_rnk",20.2124
"36269","zcta",2019,81.79,73.57,117.61,88.8,"education_rnk",8.879
"36271","zcta",2019,79.42,91.35,93.08,91.54,"education_rnk",15.1221
"36272","zcta",2019,79.82,96.09,99.46,108.74,"education_rnk",15.1091
"36273","zcta",2019,92.22,89.95,95.07,86.59,"education_rnk",28.3628
"36274","zcta",2019,83.41,97.11,93.02,104.64,"education_rnk",20.737
"36276","zcta",2019,72.77,77.77,103.11,100.55,"education_rnk",7.2048
"36277","zcta",2019,98.11,86.44,111.67,88.45,"education_rnk",31.1735
"36278","zcta",2019,88.45,88.5,101.67,91.49,"education_rnk",22.0355
"36279","zcta",2019,84.77,73.3,89.76,88.69,"education_rnk",15.1512
"36280","zcta",2019,86.84,79.68,96.55,94.72,"education_rnk",17.6349
"36301","zcta",2019,93.5,97.62,105.46,108.16,"education_rnk",30.6716
"36303","zcta",2019,98.83,99.76,105.22,113.23,"education_rnk",42.2576
"36305","zcta",2019,113.9,106.09,104.64,103.48,"education_rnk",75.6816
"36310","zcta",2019,82.15,91.2,87.19,89.59,"education_rnk",19.3964
"36311","zcta",2019,77.59,63.39,85.71,94.26,"education_rnk",8.1148
"36312","zcta",2019,93.93,97.96,101.29,91.57,"education_rnk",34.3793
"36313","zcta",2019,89.85,129.38,123.94,86.2,"education_rnk",37.8797
"36314","zcta",2019,77.7,71.63,57.73,89.45,"education_rnk",14.0179
"36316","zcta",2019,101.23,111.27,90.65,83.87,"education_rnk",62.5672
"36317","zcta",2019,40.4,74.47,54.22,87.64,"education_rnk",2.2343
"36318","zcta",2019,71.8,89.39,128.4,88.35,"education_rnk",5.942
"36319","zcta",2019,89.49,70.73,94.36,91.4,"education_rnk",16.5371
"36320","zcta",2019,88.77,101.22,93.63,89.75,"education_rnk",29.4152
"36321","zcta",2019,84.09,78.15,110.14,89.14,"education_rnk",11.9843
"36322","zcta",2019,92.88,69.43,101.71,89.36,"education_rnk",17.7126
"36323","zcta",2019,78.21,80.08,84.83,92.52,"education_rnk",12.1203
"36330","zcta",2019,102.46,103.23,111.92,100.16,"education_rnk",50.2785
"36340","zcta",2019,77.93,95.4,109.88,91.38,"education_rnk",12.3114
"36343","zcta",2019,65.22,100.07,81.93,86.96,"education_rnk",9.151
"36344","zcta",2019,87.67,111.76,92.67,91.44,"education_rnk",34.8229
"36345","zcta",2019,91.84,94.09,106.27,98.42,"education_rnk",27.7573
"36346","zcta",2019,81.85,85.34,111.63,85.75,"education_rnk",12.4862
"36350","zcta",2019,92.63,96.84,106.37,94.61,"education_rnk",29.0979
"36351","zcta",2019,89.19,101.59,93.46,87.5,"education_rnk",31.1282
"36352","zcta",2019,96.01,95.26,102.64,92.89,"education_rnk",36.552
"36353","zcta",2019,95,102.57,94.67,84.37,"education_rnk",40.8911
"36360","zcta",2019,94.42,88.95,99.81,102.38,"education_rnk",28.6186
"36362","zcta",2019,122.74,98,124.44,83.39,"education_rnk",78.6283
"36370","zcta",2019,71.93,69.37,87.45,88.02,"education_rnk",6.3467
"36371","zcta",2019,101.53,115.33,85.31,86.97,"education_rnk",65.8636
"36373","zcta",2019,63.95,106.51,69.49,111.47,"education_rnk",11.6314
"36374","zcta",2019,72.7,111.11,74.85,90.76,"education_rnk",18.7455
"36375","zcta",2019,82.24,99.13,96.36,97.71,"education_rnk",20.0894
"36376","zcta",2019,81.19,73.92,93.97,89.23,"education_rnk",10.9416
"36401","zcta",2019,93.25,113.18,98.59,95.75,"education_rnk",43.3813
"36420","zcta",2019,91.52,86.56,93.83,100.55,"education_rnk",25.9018
"36421","zcta",2019,95.38,97.95,109.32,100.41,"education_rnk",32.5756
"36425","zcta",2019,101.72,68.4,103.23,99.94,"education_rnk",27.4043
"36426","zcta",2019,90.88,92.37,101.03,105.44,"education_rnk",25.2963
"36432","zcta",2019,79.36,106.51,96.34,106.18,"education_rnk",19.7137
"36435","zcta",2019,84.85,88.18,112.17,86.57,"education_rnk",15.4297
"36436","zcta",2019,84.02,106.51,90.58,87.15,"education_rnk",25.7788
"36439","zcta",2019,98.39,78.5,150.72,87.22,"education_rnk",15.9931
"36441","zcta",2019,101.59,77.77,109.15,90.31,"education_rnk",30.6198
"36442","zcta",2019,86.51,72.67,99.25,93.3,"education_rnk",13.3638
"36444","zcta",2019,78.09,71.43,83.12,90.39,"education_rnk",10.3588
"36445","zcta",2019,94.92,103.35,98.5,93.86,"education_rnk",40.4022
"36446","zcta",2019,100.13,60.69,74.6,84.69,"education_rnk",30.9404
"36451","zcta",2019,89.14,99.16,89.46,87.36,"education_rnk",30.4093
"36453","zcta",2019,81.29,90.71,87.7,95.1,"education_rnk",17.3532
"36454","zcta",2019,NA,NA,NA,NA,"education_rnk",NA
"36455","zcta",2019,85.79,96.33,80.65,93.35,"education_rnk",25.387
"36456","zcta",2019,91.28,65.04,116.26,100.74,"education_rnk",11.9843
"36460","zcta",2019,96.72,96.49,95.26,97.54,"education_rnk",39.5085
"36467","zcta",2019,83.36,92.59,102.19,96.54,"education_rnk",16.916
"36470","zcta",2019,NA,NA,NA,NA,"education_rnk",NA
"36471","zcta",2019,90.14,71.92,95.15,96.36,"education_rnk",16.7185
"36473","zcta",2019,51.15,106.51,43.56,85.16,"education_rnk",7.4898
"36474","zcta",2019,83.8,96.29,87.64,99.83,"education_rnk",21.9157
"36475","zcta",2019,109.04,78.89,95.61,97.47,"education_rnk",50.5893
"36476","zcta",2019,NA,NA,NA,NA,"education_rnk",NA
"36477","zcta",2019,81.06,85.79,102.53,91.42,"education_rnk",13.1306
"36480","zcta",2019,89.44,81.67,91.48,88.21,"education_rnk",21.1159
"36481","zcta",2019,78.97,60.69,93.62,87.02,"education_rnk",7.8104
"36482","zcta",2019,77.29,68.42,105.38,87.69,"education_rnk",8.7041
"36483","zcta",2019,94.31,91.49,78.62,106.4,"education_rnk",37.2774
"36502","zcta",2019,82.43,72.22,94.23,101.37,"education_rnk",11.3432
"36505","zcta",2019,80.32,97.83,150.79,88.55,"education_rnk",9.7079
"36507","zcta",2019,95.33,90.12,98.48,97.31,"education_rnk",32.2777
"36509","zcta",2019,48.99,77.19,91.83,87.51,"education_rnk",2.4675
"36511","zcta",2019,70.58,106.51,43.56,87.15,"education_rnk",23.0296
"36512","zcta",2019,NA,NA,NA,NA,"education_rnk",NA
"36513","zcta",2019,-34.58,106.51,176.6,91.78,"education_rnk",0.0421
"36518","zcta",2019,91.12,100.08,91.18,92.08,"education_rnk",33.0549
"36521","zcta",2019,89.11,83.39,94.6,92.57,"education_rnk",20.1379
"36522","zcta",2019,89.86,78.27,111.43,103.62,"education_rnk",15.1674
"36523","zcta",2019,66.89,82.47,86.53,88.61,"education_rnk",6.4601
"36524","zcta",2019,76.07,96.14,101.84,84.27,"education_rnk",12.5413
"36525","zcta",2019,92.29,107.86,114.1,88.72,"education_rnk",32.6371
"36526","zcta",2019,120.31,110.21,108.27,103.21,"education_rnk",83.7219
"36527","zcta",2019,119.44,120.7,116.64,101.42,"education_rnk",85.8753
"36528","zcta",2019,121.47,103.02,70.95,84.17,"education_rnk",90.3277
"36529","zcta",2019,111.72,75.27,109.52,93.38,"education_rnk",47.5228
"36530","zcta",2019,94.89,85,84.45,93.84,"education_rnk",33.3851
"36532","zcta",2019,115.98,106.11,102.8,101.22,"education_rnk",79.8491
"36535","zcta",2019,103.74,97.82,88.58,100.31,"education_rnk",57.7974
"36538","zcta",2019,57.89,60.69,83.66,91.13,"education_rnk",3.0244
"36539","zcta",2019,88.29,78.86,111.61,86.41,"education_rnk",15.8248
"36540","zcta",2019,91.16,67.94,69.41,90.03,"education_rnk",23.0458
"36541","zcta",2019,87.97,89.8,112.24,101.34,"education_rnk",18.1465
"36542","zcta",2019,112.96,101.22,86.7,90.47,"education_rnk",77.6018
"36543","zcta",2019,130.05,111.14,168.49,84.17,"education_rnk",79.0752
"36544","zcta",2019,70.74,58.72,103.68,94.39,"education_rnk",4.2549
"36545","zcta",2019,80.48,87.6,110.58,92.43,"education_rnk",12.279
"36548","zcta",2019,118.14,101.14,65.48,85.63,"education_rnk",87.4749
"36549","zcta",2019,111.57,86.33,68.44,89.58,"education_rnk",70.996
"36550","zcta",2019,74.72,106.51,43.56,84.17,"education_rnk",31.1735
"36551","zcta",2019,101.18,94.15,93.25,111.1,"education_rnk",47.9146
"36553","zcta",2019,75.32,101.72,102.7,88.15,"education_rnk",12.9363
"36555","zcta",2019,116.42,113.1,67.47,96.74,"education_rnk",89.4987
"36556","zcta",2019,95.98,102.31,139.27,87.26,"education_rnk",24.7393
"36558","zcta",2019,87.21,98.39,99.41,92.2,"education_rnk",25.2736
"36559","zcta",2019,134.58,70.17,56.79,89.14,"education_rnk",93.6856
"36560","zcta",2019,64.29,81.82,93.29,89.45,"education_rnk",5.1065
"36561","zcta",2019,120.2,114.1,74.27,92.9,"education_rnk",91.8626
"36562","zcta",2019,80.85,96.37,84.36,90.62,"education_rnk",18.9431
"36564","zcta",2019,146.63,106.51,103.63,83.17,"education_rnk",99.1128
"36567","zcta",2019,89.28,90.46,105.22,102.6,"education_rnk",21.7829
"36568","zcta",2019,NA,NA,NA,NA,"education_rnk",NA
"36569","zcta",2019,100.31,106.51,81.14,146.7,"education_rnk",54.1221
"36571","zcta",2019,98.27,97.95,108.66,95.27,"education_rnk",38.5953
"36572","zcta",2019,104.41,98.71,98.94,93.51,"education_rnk",55.1519
"36574","zcta",2019,95.34,87.44,76.78,95.37,"education_rnk",38.0286
"36575","zcta",2019,98.05,91.01,104.69,95.26,"education_rnk",35.0625
"36576","zcta",2019,110.16,98.67,84.37,91.2,"education_rnk",71.2324
"36578","zcta",2019,114.31,132.49,102.38,100.74,"education_rnk",85.6033
"36579","zcta",2019,102.16,107.11,74.25,84.17,"education_rnk",68.3375
"36580","zcta",2019,85.02,89.97,91.71,95.97,"education_rnk",20.3322
"36581","zcta",2019,116.46,106.51,86.8,85.16,"education_rnk",79.9042
"36582","zcta",2019,96.28,92.54,104.3,105.27,"education_rnk",32.2615
"36583","zcta",2019,106.95,106.51,114.82,97.45,"education_rnk",57.8719
"36584","zcta",2019,90.21,106.21,116.7,88.55,"education_rnk",26.5689
"36585","zcta",2019,101.25,97.75,137.31,89.89,"education_rnk",31.6204
"36587","zcta",2019,76.34,74.47,98.04,102.1,"education_rnk",7.9334
"36590","zcta",2019,NA,NA,NA,NA,"education_rnk",NA
"36602","zcta",2019,106.08,135.86,50.72,89.14,"education_rnk",91.2473
"36603","zcta",2019,75.64,92.3,87.42,96.77,"education_rnk",13.04
"36604","zcta",2019,110.6,107.5,91.01,95.64,"education_rnk",77.2845
"36605","zcta",2019,95.17,91.47,109.1,105.37,"education_rnk",27.9354
"36606","zcta",2019,104.07,100.21,98.61,109.41,"education_rnk",55.5502
"36607","zcta",2019,102.32,112.05,88.91,90.46,"education_rnk",66.2587
"36608","zcta",2019,111.54,91.93,100.94,113.49,"education_rnk",65.5948
"36609","zcta",2019,110.5,99.16,95.87,99.3,"education_rnk",69.6749
"36610","zcta",2019,82.34,68.12,115.9,97.61,"education_rnk",7.8881
"36611","zcta",2019,93.22,76.3,126.48,95.4,"education_rnk",14.7724
"36612","zcta",2019,81.16,101.53,146.95,87.33,"education_rnk",10.6664
"36613","zcta",2019,89.71,81.24,102.68,91.26,"education_rnk",18.9139
"36615","zcta",2019,NA,NA,NA,NA,"education_rnk",NA
"36616","zcta",2019,NA,NA,NA,NA,"education_rnk",NA
"36617","zcta",2019,95.6,96.3,96.66,100.38,"education_rnk",37.4069
"36618","zcta",2019,99.8,99.85,108.99,94.37,"education_rnk",43.7439
"36619","zcta",2019,95.17,106.96,95.78,90.31,"education_rnk",44.5049
"36688","zcta",2019,NA,NA,NA,NA,"education_rnk",NA
"36693","zcta",2019,112.72,106.01,95.19,97.4,"education_rnk",77.7443
"36695","zcta",2019,112.04,107.06,108.37,103.21,"education_rnk",72.518
"36701","zcta",2019,95.82,88.62,105.09,115.41,"education_rnk",29.0687
"36703","zcta",2019,86.6,78.24,111.86,108.72,"education_rnk",13.1241
"36720","zcta",2019,55.68,104.36,142.9,86.44,"education_rnk",3.2997
"36722","zcta",2019,67.84,106.51,69.8,91.58,"education_rnk",13.04
"36723","zcta",2019,51.97,106.51,181.9,85.91,"education_rnk",1.7518
"36726","zcta",2019,85.53,83.78,109.16,88.34,"education_rnk",14.6493
"36727","zcta",2019,NA,NA,NA,NA,"education_rnk",NA
"36728","zcta",2019,57.4,95.06,79.86,89.14,"education_rnk",5.861
"36732","zcta",2019,93.74,95.52,112.1,88.25,"education_rnk",29.8232
"36736","zcta",2019,96.25,110.49,174.68,85.59,"education_rnk",21.7408
"36738","zcta",2019,102.87,99.16,73.37,204.26,"education_rnk",57.2307
"36740","zcta",2019,91.16,90.45,88.84,84.83,"education_rnk",29.3278
"36742","zcta",2019,87.35,99.7,59.91,92.21,"education_rnk",37.3195
"36744","zcta",2019,93.76,59.65,90.96,90.4,"education_rnk",17.5572
"36748","zcta",2019,95.75,83.26,81.4,95.95,"education_rnk",32.8411
"36749","zcta",2019,56.8,86.63,61.89,96.95,"education_rnk",5.3267
"36750","zcta",2019,88.21,119.47,105.8,94.18,"education_rnk",34.9751
"36751","zcta",2019,18.94,86.83,127.77,95.24,"education_rnk",0.5311
"36752","zcta",2019,112.9,132.02,65.55,86.83,"education_rnk",91.7622
"36753","zcta",2019,NA,NA,NA,NA,"education_rnk",NA
"36754","zcta",2019,57.36,127.21,55.78,91.13,"education_rnk",15.3002
"36756","zcta",2019,88.39,78.87,112,87.49,"education_rnk",17.5183
"36758","zcta",2019,92.78,95.95,99.41,98.03,"education_rnk",29.9042
"36759","zcta",2019,86.92,58.55,111.93,90.6,"education_rnk",9.0376
"36761","zcta",2019,73.41,95.72,107.31,93.12,"education_rnk",9.6593
"36763","zcta",2019,57.62,100.78,202.7,87.15,"education_rnk",1.5154
"36765","zcta",2019,74.33,81.51,106.36,93.87,"education_rnk",7.4898
"36766","zcta",2019,NA,NA,NA,NA,"education_rnk",NA
"36767","zcta",2019,64.64,62.51,102.15,87.9,"education_rnk",3.5134
"36768","zcta",2019,110.05,67.42,87.37,90.14,"education_rnk",47.7754
"36769","zcta",2019,89.95,88.42,95.01,90.11,"education_rnk",24.5742
"36773","zcta",2019,52.73,85.36,121.44,88.21,"education_rnk",2.3768
"36775","zcta",2019,97.56,84.34,114.47,84.17,"education_rnk",25.5618
"36776","zcta",2019,96.58,88.7,124.21,83.9,"education_rnk",28.0487
"36782","zcta",2019,92.92,118.17,116.78,93.09,"education_rnk",37.8538
"36783","zcta",2019,106.34,151.61,62.23,100.65,"education_rnk",92.4454
"36784","zcta",2019,96.04,100.26,90.22,94.71,"education_rnk",43.7439
"36785","zcta",2019,84.86,72.94,87.12,100.05,"education_rnk",14.0924
"36786","zcta",2019,100.42,58.7,115.25,88.17,"education_rnk",19.7267
"36790","zcta",2019,NA,NA,NA,NA,"education_rnk",NA
"36792","zcta",2019,108.91,111.14,91.12,97.33,"education_rnk",72.042
"36793","zcta",2019,112.67,91.85,89.08,91.13,"education_rnk",69.5454
"36801","zcta",2019,107.58,98.17,104.76,115.23,"education_rnk",58.8304
"36804","zcta",2019,99.68,92.09,101.41,97.34,"education_rnk",39.9974
"36830","zcta",2019,119.24,98.46,129.41,113.26,"education_rnk",74.4706
"36832","zcta",2019,112.68,79.53,138.26,106.44,"education_rnk",47.5487
"36849","zcta",2019,NA,NA,NA,NA,"education_rnk",NA
"36850","zcta",2019,90.73,81.13,89.91,105.9,"education_rnk",23.1105
"36852","zcta",2019,89.35,79,106.09,95.3,"education_rnk",17.745
"36853","zcta",2019,94.62,92.9,88.22,90.45,"education_rnk",37.7275
"36854","zcta",2019,95.14,98.37,108.05,99.32,"education_rnk",33.437
"36855","zcta",2019,89.16,97.09,103.86,88.95,"education_rnk",25.8889
"36856","zcta",2019,106.78,118.1,133.69,93.28,"education_rnk",61.3723
"36858","zcta",2019,101.66,145.28,76.29,93.01,"education_rnk",83.9
"36859","zcta",2019,NA,NA,NA,NA,"education_rnk",NA
"36860","zcta",2019,66.7,89.66,87.7,84.66,"education_rnk",7.3311
"36861","zcta",2019,93.33,93.55,86.88,87.71,"education_rnk",36.6557
"36862","zcta",2019,80.78,86.46,86.52,92.44,"education_rnk",16.0741
"36863","zcta",2019,87.12,85.15,91.66,104.43,"education_rnk",20.1056
"36865","zcta",2019,NA,NA,NA,NA,"education_rnk",NA
"36866","zcta",2019,93.52,84.53,85.69,94.75,"education_rnk",29.7422
"36867","zcta",2019,101.38,99.77,106.47,103.24,"education_rnk",47.8661
"36869","zcta",2019,84.74,91.84,106.34,99.28,"education_rnk",17.3823
"36870","zcta",2019,98.84,106.51,102.19,96.21,"education_rnk",49.307
"36871","zcta",2019,99.54,127.2,98.68,90.14,"education_rnk",64.6105
"36874","zcta",2019,111.11,124.78,109.59,93.46,"education_rnk",79.3601
"36875","zcta",2019,100.65,79.97,89,96.03,"education_rnk",37.2936
"36877","zcta",2019,100.89,100.91,97.81,94.34,"education_rnk",51.5446
"36879","zcta",2019,120.17,135.57,104.2,94.62,"education_rnk",92.915
"36901","zcta",2019,96.04,106.51,58.43,85.16,"education_rnk",59.7565
"36904","zcta",2019,97.27,93.63,93.25,92.03,"education_rnk",40.9559
"36907","zcta",2019,111.08,86.89,98.71,88.46,"education_rnk",62.9622
"36908","zcta",2019,91.59,85.82,97.57,93.5,"education_rnk",24.0043
"36910","zcta",2019,NA,NA,NA,NA,"education_rnk",NA
"36912","zcta",2019,94.59,92.36,73.42,88.92,"education_rnk",39.8808
"36913","zcta",2019,NA,NA,NA,NA,"education_rnk",NA
"36915","zcta",2019,101.16,102.31,75.91,86.75,"education_rnk",59.7824
"36916","zcta",2019,82.41,111.42,63.84,84.46,"education_rnk",36.212
"36919","zcta",2019,78.32,87.62,103.97,90.6,"education_rnk",11.9099
"36921","zcta",2019,69.3,88.86,63.45,106.83,"education_rnk",11.1392
"36922","zcta",2019,23.42,60.69,126.76,94.35,"education_rnk",0.4177
"36925","zcta",2019,95.09,97.48,103.36,94.99,"education_rnk",36.0598
"35004","zcta",2019,112.59,98.1,110.17,88.22,"education_rnk",64.4583
"35005","zcta",2019,91.53,91.87,102.2,94.57,"education_rnk",26.5689
"35006","zcta",2019,89.63,89.65,104.25,93.92,"education_rnk",21.8315
"35007","zcta",2019,101.44,102.87,111.34,93.21,"education_rnk",48.9023
"35010","zcta",2019,84.67,94.89,99.64,91.22,"education_rnk",20.1736
"35013","zcta",2019,NA,NA,NA,NA,"education_rnk",NA
"35014","zcta",2019,76.5,88.61,97.17,96.31,"education_rnk",11.0161
"35016","zcta",2019,96.15,96.14,106.3,94.26,"education_rnk",34.7225
"35019","zcta",2019,92,86.98,97.63,90.14,"education_rnk",25.0923
"35020","zcta",2019,83.62,86.54,98.81,107.29,"education_rnk",15.5268
"35022","zcta",2019,109.16,104.92,93.18,105.35,"education_rnk",71.4041
"35023","zcta",2019,100.59,103.51,99.08,102.28,"education_rnk",50.8905
"35031","zcta",2019,79.94,96.02,93.24,95.73,"education_rnk",17.3985
"35032","zcta",2019,NA,NA,NA,NA,"education_rnk",NA
"35033","zcta",2019,78.88,80.78,121.96,85.16,"education_rnk",7.8687
"35034","zcta",2019,80.27,90.58,87.53,92.44,"education_rnk",15.8668
"35035","zcta",2019,106.98,144.52,59.79,89.14,"education_rnk",91.066
"35036","zcta",2019,60.06,106.51,137.45,100.72,"education_rnk",4.038
"35040","zcta",2019,104.96,101.02,121.63,107.21,"education_rnk",48.8569
"35042","zcta",2019,90.78,98.93,90.81,96.85,"education_rnk",32.7667
"35043","zcta",2019,121.15,115,132.36,101.46,"education_rnk",80.8983
"35044","zcta",2019,81.93,93.53,97.81,101.46,"education_rnk",16.2554
"35045","zcta",2019,88.78,109.58,105.11,97.38,"education_rnk",30.2506
"35046","zcta",2019,96.88,89.62,101.39,93.4,"education_rnk",32.9383
"35049","zcta",2019,82.59,107.33,100.34,101.49,"education_rnk",21.8703
"35051","zcta",2019,96.51,107.71,100.45,108.51,"education_rnk",45.8422
"35052","zcta",2019,NA,NA,NA,NA,"education_rnk",NA
"35053","zcta",2019,92.15,119.49,84.16,88.96,"education_rnk",54.242
"35054","zcta",2019,85.08,127.03,76.71,92.83,"education_rnk",48.3097
"35055","zcta",2019,90.38,91.54,102.39,122.41,"education_rnk",23.5218
"35057","zcta",2019,89.17,95.5,98.64,96.26,"education_rnk",25.6881
"35058","zcta",2019,88.93,99.01,83.26,112.8,"education_rnk",31.7564
"35060","zcta",2019,76.06,60.69,98.06,83.17,"education_rnk",7.778
"35061","zcta",2019,96.86,105.42,77.1,88.01,"education_rnk",53.7692
"35062","zcta",2019,87.6,76.76,107.32,92.64,"education_rnk",14.7724
"35063","zcta",2019,77.52,70.6,86.66,91.92,"education_rnk",9.219
"35064","zcta",2019,102.87,86.11,101.55,95.27,"education_rnk",41.8302
"35068","zcta",2019,100.49,119.23,85.05,93.66,"education_rnk",69.4644
"35070","zcta",2019,53.69,106.51,110.21,86.16,"education_rnk",3.8825
"35071","zcta",2019,110.67,112.56,103.65,108.66,"education_rnk",73.5315
"35072","zcta",2019,75.52,87.66,99.78,90.39,"education_rnk",10.2195
"35073","zcta",2019,98.82,102.82,90.5,99.7,"education_rnk",48.9573
"35074","zcta",2019,NA,NA,NA,NA,"education_rnk",NA
"35077","zcta",2019,80.76,75.99,96.71,102.44,"education_rnk",11.1327
"35078","zcta",2019,86.76,91.25,96.2,94.89,"education_rnk",21.8898
"35079","zcta",2019,103.51,103,100.44,92.34,"education_rnk",54.3585
"35080","zcta",2019,117.99,108.61,121.17,103.21,"education_rnk",78.1264
"35082","zcta",2019,NA,NA,NA,NA,"education_rnk",NA
"35083","zcta",2019,71.72,100.32,96.88,87.4,"education_rnk",11.2817
"35085","zcta",2019,79.67,92.27,101.12,91.33,"education_rnk",13.8819
"35087","zcta",2019,75.89,90.5,103.56,92.88,"education_rnk",10.3912
"35089","zcta",2019,81.75,118.27,68.38,84.17,"education_rnk",39.1037
"35091","zcta",2019,112.66,106.59,122.92,92.9,"education_rnk",67.1524
"35094","zcta",2019,103.61,106.16,105.66,101.36,"education_rnk",56.6706
"35096","zcta",2019,90.03,107.63,87.32,97.64,"education_rnk",37.9121
"35097","zcta",2019,83.43,93.86,117.37,90.54,"education_rnk",14.06
"35098","zcta",2019,84.36,101.84,94.41,88.73,"education_rnk",23.5347
"35111","zcta",2019,109.87,100.05,108.34,101.54,"education_rnk",63.1047
"35112","zcta",2019,91.62,106.51,86.59,124.07,"education_rnk",35.8073
"35114","zcta",2019,113.08,134.9,112.3,91.27,"education_rnk",86.2185
"35115","zcta",2019,98.3,66.95,109.06,108.37,"education_rnk",21.77
"35116","zcta",2019,108.7,107.54,102.04,98.44,"education_rnk",68.4833
"35117","zcta",2019,107.54,128.88,101.85,96.73,"education_rnk",78.4826
"35118","zcta",2019,93.99,112.71,99.69,86.52,"education_rnk",45.146
"35119","zcta",2019,61.23,106.51,159.84,88.15,"education_rnk",3.5231
"35120","zcta",2019,96.5,119.75,110.73,105.4,"education_rnk",49.1872
"35121","zcta",2019,74.8,103.58,100.39,102.39,"education_rnk",14.0405
"35124","zcta",2019,112.37,109.27,102.91,104.45,"education_rnk",76.2062
"35125","zcta",2019,79.7,117.43,81.28,110.71,"education_rnk",28.9327
"35126","zcta",2019,105.21,88.87,97.88,100.43,"education_rnk",49.252
"35127","zcta",2019,111.09,99.39,102.33,90.54,"education_rnk",67.4179
"35128","zcta",2019,94.5,110.13,91.27,96.42,"education_rnk",47.5228
"35130","zcta",2019,68.77,134.35,101.65,86.16,"education_rnk",18.7876
"35131","zcta",2019,81.01,87.78,101.92,96.71,"education_rnk",13.4998
"35133","zcta",2019,97.13,100.01,99.49,98.25,"education_rnk",39.5344
"35135","zcta",2019,102.01,111.93,112.08,85.16,"education_rnk",54.1448
"35136","zcta",2019,94.03,111.24,88.42,86.16,"education_rnk",48.4198
"35139","zcta",2019,-7.4,106.51,43.56,91.13,"education_rnk",0.4857
"35143","zcta",2019,104.01,92.36,89.05,87.81,"education_rnk",53.0277
"35146","zcta",2019,93.61,101.68,106.37,113.92,"education_rnk",33.1617
"35147","zcta",2019,109.77,122.44,96.19,95.39,"education_rnk",80.9371
"35148","zcta",2019,92.13,70.84,103.97,92.61,"education_rnk",17.1071
"35149","zcta",2019,101.23,106.51,43.56,89.14,"education_rnk",72.5439
"35150","zcta",2019,82.29,105.81,108.24,113.37,"education_rnk",19.0014
"35151","zcta",2019,87.21,77.53,95.08,102.82,"education_rnk",16.5566
"35160","zcta",2019,84.61,90.1,101.52,111.32,"education_rnk",17.7126
"35171","zcta",2019,80.87,96.39,104.58,92.99,"education_rnk",15.9057
"35172","zcta",2019,84.52,78.65,82.39,99.55,"education_rnk",16.4335
"35173","zcta",2019,115.63,115.94,115.1,107.25,"education_rnk",79.5771
"35175","zcta",2019,86.62,104,109.38,100.04,"education_rnk",24.8073
"35176","zcta",2019,54.1,95.22,104.93,97.32,"education_rnk",3.6138
"35178","zcta",2019,90.32,94.26,116.08,96.18,"education_rnk",20.724
"35179","zcta",2019,82.67,94.88,100.75,128.29,"education_rnk",16.1097
"35180","zcta",2019,94.61,98.41,110.88,102.57,"education_rnk",30.0952
"35183","zcta",2019,105.85,106.51,83.16,86.16,"education_rnk",67.2301
"35184","zcta",2019,72.2,90.53,100.31,106.05,"education_rnk",8.4094
"35186","zcta",2019,99.27,103.04,93.48,100.89,"education_rnk",50.2785
"35187","zcta",2019,NA,NA,NA,NA,"education_rnk",NA
"35188","zcta",2019,94.8,95.3,101.41,104.36,"education_rnk",30.9889
"35203","zcta",2019,96.08,129.78,54.27,97.33,"education_rnk",78.2236
"35204","zcta",2019,78.24,73.46,90.42,110.92,"education_rnk",9.627
"35205","zcta",2019,119.24,96.15,97.48,106.62,"education_rnk",81.9442
"35206","zcta",2019,92.75,87.33,107.76,95.28,"education_rnk",23.47
"35207","zcta",2019,91.85,92.44,103.47,88.31,"education_rnk",26.203
"35208","zcta",2019,99.11,87.72,102.78,94.32,"education_rnk",34.6253
"35209","zcta",2019,122.44,112.83,112.79,100.22,"education_rnk",87.721
"35210","zcta",2019,106.35,102.86,91.16,102.51,"education_rnk",66.4594
"35211","zcta",2019,101.19,82.09,95.27,114.33,"education_rnk",38.1225
"35212","zcta",2019,92.59,100.17,100.62,94.27,"education_rnk",34.5541
"35213","zcta",2019,138.44,123.6,109.75,108.42,"education_rnk",98.232
"35214","zcta",2019,106.15,100.32,100.51,103.64,"education_rnk",59.9961
"35215","zcta",2019,97.09,102.47,122.41,109.19,"education_rnk",33.2297
"35216","zcta",2019,122.8,111.89,111.23,97.19,"education_rnk",87.598
"35217","zcta",2019,86.66,76.04,102.17,99.65,"education_rnk",14.1863
"35218","zcta",2019,97.2,73.91,111.62,89.34,"education_rnk",21.43
"35221","zcta",2019,86.33,79.04,103.1,93.46,"education_rnk",14.727
"35222","zcta",2019,118.06,124.49,89.68,90.41,"education_rnk",91.7039
"35223","zcta",2019,132.89,139.16,112.14,100.73,"education_rnk",98.1575
"35224","zcta",2019,90.55,76.46,108.62,88.44,"education_rnk",16.4594
"35226","zcta",2019,129.59,116.71,111.36,97.16,"education_rnk",93.8994
"35228","zcta",2019,86.85,96.94,104.38,99.61,"education_rnk",21.8509
"35229","zcta",2019,NA,NA,NA,NA,"education_rnk",NA
"35233","zcta",2019,126.26,114.95,112.02,106.06,"education_rnk",93.038
"35234","zcta",2019,78.37,74.71,79.3,100.89,"education_rnk",11.3853
"35235","zcta",2019,107.33,99.2,108.05,96.23,"education_rnk",58.6911
"35242","zcta",2019,127.03,120.93,104.76,107.21,"education_rnk",93.7666
"35243","zcta",2019,134.54,116.59,91.92,100.38,"education_rnk",97.471
"35244","zcta",2019,120.93,120.17,106.21,118.29,"education_rnk",89.0422
"35254","zcta",2019,NA,NA,NA,NA,"education_rnk",NA
"35401","zcta",2019,96.04,76.22,128.55,109.42,"education_rnk",20.4488
"35404","zcta",2019,98.06,90.07,109.54,105.41,"education_rnk",34.1396
"35405","zcta",2019,110.41,106.31,101.78,109.2,"education_rnk",71.5239
"35406","zcta",2019,128.14,120.67,114,94.35,"education_rnk",93.9123
"35441","zcta",2019,85.62,68.96,101.51,84.23,"education_rnk",12.4862
"35442","zcta",2019,82.45,68.85,94.98,89.47,"education_rnk",10.7247
"35443","zcta",2019,74.13,69.65,123.68,89.81,"education_rnk",5.1162
"35444","zcta",2019,89.61,80.3,104.41,96,"education_rnk",17.6511
"35446","zcta",2019,83.74,90.85,100.18,109.82,"education_rnk",16.6667
"35447","zcta",2019,83.36,78.93,87.64,89.78,"education_rnk",15.3844
"35452","zcta",2019,86.98,92.45,92.02,106.38,"education_rnk",23.185
"35453","zcta",2019,88.47,107.12,102.28,100.52,"education_rnk",29.9948
"35456","zcta",2019,80.23,71.28,118.49,106.22,"education_rnk",6.9037
"35457","zcta",2019,NA,NA,NA,NA,"education_rnk",NA
"35458","zcta",2019,92.41,72.14,59.45,89.14,"education_rnk",30.3024
"35459","zcta",2019,78.88,76.14,85.05,90.62,"education_rnk",11.654
"35460","zcta",2019,115.01,88.05,77.29,97.36,"education_rnk",73.7679
"35461","zcta",2019,95.15,94.44,82.52,86.52,"education_rnk",42.4972
"35462","zcta",2019,76.49,72.07,81.24,89.28,"education_rnk",9.6399
"35463","zcta",2019,103.56,69.42,93.77,93.99,"education_rnk",34.6253
"35464","zcta",2019,103.08,139.27,170.75,84.33,"education_rnk",52.7362
"35466","zcta",2019,93.38,109.66,103.27,99.32,"education_rnk",40.0913
"35469","zcta",2019,114.69,68.02,74.87,93.12,"education_rnk",62.8036
"35470","zcta",2019,102.07,84.52,131.18,91.6,"education_rnk",33.1164
"35473","zcta",2019,112.65,105.05,102.05,99.31,"education_rnk",74.9239
"35474","zcta",2019,98.96,126.42,105.47,95.72,"education_rnk",61.9358
"35475","zcta",2019,108.76,110.91,100.37,97.33,"education_rnk",71.893
"35476","zcta",2019,95.45,99.99,114.93,105.91,"education_rnk",33.3301
"35477","zcta",2019,111.6,83.6,64.12,83.17,"education_rnk",72.6799
"35480","zcta",2019,102.4,99.72,82.44,112.12,"education_rnk",57.5869
"35481","zcta",2019,80,79.64,84.7,89.78,"education_rnk",13.1501
"35490","zcta",2019,85.21,80.04,111.23,91.76,"education_rnk",13.2051
"35501","zcta",2019,81.4,98.77,112.06,102.43,"education_rnk",15.1512
"35503","zcta",2019,90.56,81.25,78.79,102.41,"education_rnk",25.6881
"35504","zcta",2019,99.15,93.22,104.16,89.27,"education_rnk",39.6574
"35540","zcta",2019,89.67,97.13,97,96.52,"education_rnk",27.1679
"35541","zcta",2019,89.56,81.64,84.72,90.06,"education_rnk",23.9946
"35542","zcta",2019,73.3,116.1,85.95,97.81,"education_rnk",18.9301
"35543","zcta",2019,61.14,56.07,86.35,90.5,"education_rnk",3.0924
"35544","zcta",2019,93.5,51.05,98.22,99.55,"education_rnk",13.6034
"35545","zcta",2019,NA,NA,NA,NA,"education_rnk",NA
"35546","zcta",2019,88.22,104.68,105.18,95.92,"education_rnk",27.7573
"35548","zcta",2019,73.05,86.14,90.04,97.27,"education_rnk",9.9249
"35549","zcta",2019,75.91,95.57,103.97,92.42,"education_rnk",11.5083
"35550","zcta",2019,85.4,78.31,92.77,96.95,"education_rnk",15.7568
"35552","zcta",2019,95.96,61.91,111.55,91.8,"education_rnk",16.0126
"35553","zcta",2019,62.3,78.16,75.48,102.32,"education_rnk",5.3721
"35554","zcta",2019,94.47,74.83,99.95,98.03,"education_rnk",21.3555
"35555","zcta",2019,94.43,108.16,98.2,105.93,"education_rnk",42.4649
"35559","zcta",2019,NA,NA,NA,NA,"education_rnk",NA
"35563","zcta",2019,91.18,93.31,95.09,102.54,"education_rnk",28.7902
"35564","zcta",2019,83.63,86.41,85.04,92.04,"education_rnk",18.3246
"35565","zcta",2019,79.44,78.32,102.57,114.9,"education_rnk",9.7403
"35570","zcta",2019,80.1,97.33,88.49,101.72,"education_rnk",18.8492
"35571","zcta",2019,80.77,67.04,91.51,92.94,"education_rnk",9.8245
"35572","zcta",2019,83.8,110.35,84.99,93.66,"education_rnk",30.2895
"35574","zcta",2019,92.94,126.81,102.1,104.57,"education_rnk",51.9655
"35575","zcta",2019,88.66,85.95,102.59,89.77,"education_rnk",20.6884
"35576","zcta",2019,90.67,92.66,80.46,94.37,"education_rnk",31.7013
"35577","zcta",2019,NA,NA,NA,NA,"education_rnk",NA
"35578","zcta",2019,76.15,97.55,85.79,106.84,"education_rnk",14.9375
"35579","zcta",2019,76.78,92.78,91.87,88.51,"education_rnk",12.8327
"35580","zcta",2019,78.57,143.9,118.85,93.08,"education_rnk",29.276
"35581","zcta",2019,81.32,99.85,113.53,91.45,"education_rnk",15.9057
"35582","zcta",2019,80.58,92.67,112.86,87.28,"education_rnk",13.2796
"35584","zcta",2019,70.38,106.51,126.03,87.64,"education_rnk",7.8751
"35585","zcta",2019,92.64,70.33,119.54,94.66,"education_rnk",15.9348
"35586","zcta",2019,80.6,86.14,103.29,89.56,"education_rnk",12.9558
"35587","zcta",2019,85.56,69.28,70.76,94.38,"education_rnk",17.7871
"35592","zcta",2019,87.54,93.47,108.47,89.54,"education_rnk",20.7597
"35593","zcta",2019,86.6,81.55,101.03,87.68,"education_rnk",16.984
"35594","zcta",2019,81.59,114.2,113.8,95.38,"education_rnk",21.43
"35601","zcta",2019,73.94,94,106.69,123.29,"education_rnk",9.6399
"35603","zcta",2019,104.98,100.57,98.11,115.33,"education_rnk",57.765
"35610","zcta",2019,101.67,105.51,79.18,87.2,"education_rnk",63.7653
"35611","zcta",2019,82.54,85.65,98.34,103.26,"education_rnk",14.9116
"35613","zcta",2019,96.4,114.9,95.49,108.39,"education_rnk",53.5134
"35614","zcta",2019,74.47,88.53,100.22,95.62,"education_rnk",9.9734
"35615","zcta",2019,NA,NA,NA,NA,"education_rnk",NA
"35616","zcta",2019,80.55,88.3,82.86,88.61,"education_rnk",17.3337
"35618","zcta",2019,69.07,68.86,94.39,97.27,"education_rnk",5.2361
"35619","zcta",2019,79.84,83.05,98.3,101.66,"education_rnk",11.7674
"35620","zcta",2019,96.32,67.83,99.81,98.74,"education_rnk",21.0867
"35621","zcta",2019,90.96,106.66,89.23,89.14,"education_rnk",39.6574
"35622","zcta",2019,90.56,93.05,105.34,108.72,"education_rnk",23.5121
"35630","zcta",2019,95.83,85.77,102.18,113.37,"education_rnk",29.8232
"35633","zcta",2019,99.53,102.54,101.63,99.49,"education_rnk",48.4392
"35634","zcta",2019,104.47,101.9,92.39,102.12,"education_rnk",61.3561
"35640","zcta",2019,102.47,105.07,104.31,114.36,"education_rnk",53.1248
"35643","zcta",2019,63.51,86.09,93.52,93.9,"education_rnk",5.453
"35645","zcta",2019,104.38,102.83,97.99,91.4,"education_rnk",59.4813
"35646","zcta",2019,87.29,81.18,87.82,89.29,"education_rnk",20.2124
"35647","zcta",2019,103.4,78.9,105.72,86.66,"education_rnk",38.8317
"35648","zcta",2019,90.27,85.59,108.54,87.63,"education_rnk",20.7759
"35649","zcta",2019,NA,NA,NA,NA,"education_rnk",NA
"35650","zcta",2019,86.73,100.64,102.25,106.58,"education_rnk",23.5542
"35651","zcta",2019,92.25,98.31,94.8,88.95,"education_rnk",33.6021
"35652","zcta",2019,99.53,93.34,94.47,90.45,"education_rnk",43.9512
"35653","zcta",2019,61.29,75.57,108.28,103.99,"education_rnk",3.4324
"35654","zcta",2019,80.17,68.09,93.6,101.54,"education_rnk",9.41
"35660","zcta",2019,90.23,83.51,94.51,94.38,"education_rnk",22.845
"35661","zcta",2019,106.38,102.49,97.24,96.26,"education_rnk",62.7291
"35670","zcta",2019,99.94,104.91,86.89,100.68,"education_rnk",54.8896
"35671","zcta",2019,84.31,129.83,80.46,87.86,"education_rnk",45.5767
"35672","zcta",2019,92.01,90.39,122.76,93.66,"education_rnk",21.1256
"35673","zcta",2019,84.32,112.04,94.61,101.5,"education_rnk",29.6127
"35674","zcta",2019,90.16,86.16,99,101.35,"education_rnk",22.2103
"35677","zcta",2019,90.17,106.72,112.13,88.26,"education_rnk",29.0849
"35739","zcta",2019,93.88,93.6,101.45,90.6,"education_rnk",30.6716
"35740","zcta",2019,88.75,82.58,95.81,86.66,"education_rnk",19.2896
"35741","zcta",2019,121.53,118.34,90.99,108.05,"education_rnk",92.0731
"35744","zcta",2019,73.99,83.49,94.88,89,"education_rnk",9.4262
"35745","zcta",2019,98.81,95.87,90.73,85.16,"education_rnk",45.6577
"35746","zcta",2019,88.82,106.51,43.56,95.95,"education_rnk",49.783
"35747","zcta",2019,104.31,92.64,85.99,90.52,"education_rnk",55.6344
"35748","zcta",2019,97.16,96.18,101.98,121.14,"education_rnk",36.5747
"35749","zcta",2019,116.31,118.57,112.46,99.27,"education_rnk",82.7181
"35750","zcta",2019,102.44,108.11,99.8,100.5,"education_rnk",58.3803
"35751","zcta",2019,123.45,98.41,65.92,99.55,"education_rnk",89.8549
"35752","zcta",2019,88.26,112.99,93.39,95.57,"education_rnk",36.0145
"35754","zcta",2019,73.17,78.17,91.33,89.58,"education_rnk",8.3382
"35755","zcta",2019,117.74,106.18,57.22,106.83,"education_rnk",89.8096
"35756","zcta",2019,118.02,115.79,129.72,92.23,"education_rnk",80.0531
"35757","zcta",2019,119.37,131.59,109.64,101.39,"education_rnk",90.9915
"35758","zcta",2019,123.85,129.13,111.06,115.31,"education_rnk",92.6041
"35759","zcta",2019,120.54,136.67,113.84,89.55,"education_rnk",92.1054
"35760","zcta",2019,85.3,98.57,104.53,102.2,"education_rnk",20.8633
"35761","zcta",2019,94.68,108.18,101.94,99.43,"education_rnk",42.2285
"35763","zcta",2019,126.24,143.29,115.99,110.42,"education_rnk",96.056
"35764","zcta",2019,54.69,85.43,85.3,93.92,"education_rnk",3.7433
"35765","zcta",2019,81.21,96.43,89.39,102.55,"education_rnk",19.921
"35766","zcta",2019,79.14,106.51,64.67,99.55,"education_rnk",25.4323
"35768","zcta",2019,93.97,99.27,94.34,103.52,"education_rnk",36.4452
"35769","zcta",2019,103.94,100.48,97.66,96.98,"education_rnk",56.1298
"35771","zcta",2019,86.24,75.72,106.31,93.49,"education_rnk",12.9687
"35772","zcta",2019,88.07,95.84,111.54,100.29,"education_rnk",20.5686
"35773","zcta",2019,96.96,96.99,104.23,101.74,"education_rnk",38.0578
"35774","zcta",2019,109.5,96.33,49.55,85.16,"education_rnk",78.8485
"35775","zcta",2019,69.9,106.51,109.41,87.15,"education_rnk",9.8115
"35776","zcta",2019,85.73,91.65,101.22,108.92,"education_rnk",18.9787
"35801","zcta",2019,113.92,112.12,86.02,116.46,"education_rnk",83.6474
"35802","zcta",2019,123.81,103.3,86.78,108.57,"education_rnk",89.6477
"35803","zcta",2019,120.45,118.54,101.57,116.59,"education_rnk",88.6568
"35805","zcta",2019,73.53,70.54,114.29,112.36,"education_rnk",5.4595
"35806","zcta",2019,122.92,102.76,96.07,104.57,"education_rnk",87.7113
"35808","zcta",2019,122.09,150.1,121.32,95.99,"education_rnk",95.5119
"35810","zcta",2019,93.67,80.12,116.2,104.33,"education_rnk",20.4974
"35811","zcta",2019,107.12,115.31,100.06,105.27,"education_rnk",71.9448
"35816","zcta",2019,97.78,67.76,109.3,100.52,"education_rnk",22.4953
"35824","zcta",2019,128.21,97.74,107.27,86.35,"education_rnk",88.3978
"35896","zcta",2019,NA,NA,NA,NA,"education_rnk",NA
"35901","zcta",2019,90.73,91.62,97.44,114.44,"education_rnk",26.1447
"35903","zcta",2019,87.95,83.38,98.4,101.38,"education_rnk",19.1859
"35904","zcta",2019,86.5,80.9,94.49,101.48,"education_rnk",16.9516
"35905","zcta",2019,98.86,77.31,99.55,93.44,"education_rnk",29.6451
"35906","zcta",2019,110.01,93.87,102.3,94.54,"education_rnk",62.5154
"35907","zcta",2019,114.38,94.26,91.24,91.46,"education_rnk",73.7841
"35950","zcta",2019,75.85,92.78,126.54,106.21,"education_rnk",8.3673
"35951","zcta",2019,59.77,88.42,110.27,105.46,"education_rnk",3.8242
"35952","zcta",2019,67.7,101.63,104.41,96.74,"education_rnk",8.6102
"35953","zcta",2019,78.79,113.63,96.4,110.3,"education_rnk",21.2065
"35954","zcta",2019,86.11,68.17,105.82,116.91,"education_rnk",10.8121
"35956","zcta",2019,86.83,80.82,101.98,94.69,"education_rnk",16.0644
"35957","zcta",2019,73.59,85.69,114.46,108.33,"education_rnk",7.289
"35958","zcta",2019,83.85,121.43,83.52,92.45,"education_rnk",39.1555
"35959","zcta",2019,84.48,100.55,93.03,90.31,"education_rnk",24.1791
"35960","zcta",2019,85.71,95.05,94.18,90.43,"education_rnk",22.9907
"35961","zcta",2019,62.57,87.13,111.13,98.21,"education_rnk",4.3747
"35962","zcta",2019,59.87,91.71,112.15,98.58,"education_rnk",4.3229
"35963","zcta",2019,97.84,69.27,98.58,116.79,"education_rnk",24.681
"35966","zcta",2019,78.14,89.73,85.95,98.85,"education_rnk",15.7373
"35967","zcta",2019,71.47,90.76,106.8,98.36,"education_rnk",8.1245
"35968","zcta",2019,69.31,74.6,115.13,91.87,"education_rnk",5.0547
"35971","zcta",2019,78.83,87.31,96.87,89.57,"education_rnk",13.1501
"35972","zcta",2019,83.3,103.44,91.01,91.85,"education_rnk",24.5321
"35973","zcta",2019,66.97,78.72,93.01,87.8,"education_rnk",5.7283
"35974","zcta",2019,79.51,99.69,111.83,85.71,"education_rnk",15.0767
"35975","zcta",2019,87.62,106.51,82.71,91.74,"education_rnk",35.5838
"35976","zcta",2019,95.56,96.31,95.79,114.51,"education_rnk",37.87
"35978","zcta",2019,84.95,82.11,95.25,106.36,"education_rnk",16.1291
"35979","zcta",2019,85.68,69.6,112.55,108.27,"education_rnk",10.8996
"35980","zcta",2019,80.72,113.2,112.33,92.5,"education_rnk",20.7597
"35981","zcta",2019,99.58,112.97,118.2,93.38,"education_rnk",47.6135
"35983","zcta",2019,104.44,101.89,95.9,85.56,"education_rnk",59.0312
"35984","zcta",2019,108.92,119.37,69.85,95.34,"education_rnk",85.1564
"35986","zcta",2019,77.57,103.54,106.11,93.53,"education_rnk",14.7076
"35987","zcta",2019,78.47,101.77,104.34,93.21,"education_rnk",15.1966
"35988","zcta",2019,84.61,98.63,111.89,91.84,"education_rnk",18.8718
"35989","zcta",2019,74.22,112.08,108.36,88.51,"education_rnk",14.74
"35990","zcta",2019,NA,NA,NA,NA,"education_rnk",NA
"36003","zcta",2019,76.6,70.08,69.57,84.17,"education_rnk",10.7538
"36005","zcta",2019,88.57,90.92,91.59,92.16,"education_rnk",25.1991
"36006","zcta",2019,92.1,84.97,75.14,94.81,"education_rnk",33.1779
"36009","zcta",2019,93.8,94.6,100.33,90.22,"education_rnk",31.7564
"36010","zcta",2019,77.58,82.5,92.57,97.31,"education_rnk",11.3237
"36013","zcta",2019,109.4,93.6,96.68,86.85,"education_rnk",63.7653
"36016","zcta",2019,64.13,102.37,76,89.79,"education_rnk",9.5557
"36017","zcta",2019,NA,NA,NA,NA,"education_rnk",NA
"36020","zcta",2019,89.16,97.89,111.13,91.13,"education_rnk",25.1603
"36022","zcta",2019,103.32,97.79,104.57,97.25,"education_rnk",50.5893
"36024","zcta",2019,98.47,111.7,93.87,94.87,"education_rnk",54.4686
"36025","zcta",2019,NA,NA,NA,NA,"education_rnk",NA
"36026","zcta",2019,94.19,107.78,76.64,85.14,"education_rnk",50.9164
"36027","zcta",2019,79.77,88.08,106.92,99.28,"education_rnk",12.1948
"36028","zcta",2019,70.55,98.52,88.26,90.83,"education_rnk",11.7188
"36029","zcta",2019,96.27,95.42,74.51,85.58,"education_rnk",47.8952
"36030","zcta",2019,104.52,89.63,108.73,100.15,"education_rnk",41.8788
"36031","zcta",2019,24.17,106.51,90.72,83.17,"education_rnk",1.3859
"36032","zcta",2019,91.77,97.36,111.61,88.61,"education_rnk",27.4205
"36033","zcta",2019,83.64,103.86,99.52,94.42,"education_rnk",22.9033
"36034","zcta",2019,103.25,81.14,111.29,91.92,"education_rnk",34.7905
"36035","zcta",2019,95.52,82.1,103.48,86.99,"education_rnk",26.9477
"36036","zcta",2019,92.33,94.7,86.47,88.98,"education_rnk",37.6012
"36037","zcta",2019,93.71,79.25,94.95,93.31,"education_rnk",24.7717
"36038","zcta",2019,NA,NA,NA,NA,"education_rnk",NA
"36039","zcta",2019,63.86,98.65,55.61,85.16,"education_rnk",11.1036
"36040","zcta",2019,82.06,104.44,99.66,95.96,"education_rnk",21.5498
"36041","zcta",2019,79.66,103.05,100.39,88.52,"education_rnk",17.3337
"36042","zcta",2019,87.53,79.63,99,87.18,"education_rnk",16.8189
"36043","zcta",2019,83.03,107.79,78.64,86.38,"education_rnk",32.8282
"36046","zcta",2019,86.65,90.87,93.53,91.57,"education_rnk",21.6825
"36047","zcta",2019,91.05,120.83,117.67,94.01,"education_rnk",36.6557
"36048","zcta",2019,50.52,99.05,85.08,84.17,"education_rnk",4.038
"36049","zcta",2019,90.83,88.73,100.01,89.51,"education_rnk",25.5424
"36051","zcta",2019,98.41,114.07,93.72,106.42,"education_rnk",54.8086
"36052","zcta",2019,123.07,106.34,66.35,91.66,"education_rnk",93.2388
"36053","zcta",2019,88.25,104.13,96.14,97.82,"education_rnk",30.9404
"36054","zcta",2019,103.25,103.64,107.5,93.26,"education_rnk",53.8242
"36064","zcta",2019,123.79,116.25,107.33,89.28,"education_rnk",91.0304
"36066","zcta",2019,111.39,106.9,101.86,89.19,"education_rnk",74.341
"36067","zcta",2019,96.89,93.89,110.98,104.27,"education_rnk",32.3068
"36069","zcta",2019,101.53,97.27,78.8,88.5,"education_rnk",57.9367
"36071","zcta",2019,92.31,102.31,69.85,89.03,"education_rnk",44.0516
"36075","zcta",2019,86.69,105.46,84.78,85.63,"education_rnk",32.731
"36078","zcta",2019,88.39,93.49,97.71,97.31,"education_rnk",23.9784
"36079","zcta",2019,103.69,87.61,101.68,93.36,"education_rnk",45.1914
"36080","zcta",2019,109.89,112.89,93.59,84.98,"education_rnk",77.0805
"36081","zcta",2019,97.75,99.37,122.73,94.34,"education_rnk",38.2262
"36082","zcta",2019,NA,NA,NA,NA,"education_rnk",NA
"36083","zcta",2019,96.21,82.24,91.63,92.51,"education_rnk",32.3813
"36088","zcta",2019,NA,NA,NA,NA,"education_rnk",NA
"36089","zcta",2019,79.36,95.31,96.53,88.34,"education_rnk",15.5495
"36091","zcta",2019,88.97,84.9,99.79,96.3,"education_rnk",19.4256
"36092","zcta",2019,93.92,107.29,97.22,108.36,"education_rnk",41.7751
"36093","zcta",2019,119.04,120.65,104.55,91.19,"education_rnk",88.3524
"36104","zcta",2019,82.11,77.37,104.52,100.61,"education_rnk",12.0653
"36105","zcta",2019,83.53,90.64,97.54,96.57,"education_rnk",17.8453
"36106","zcta",2019,117.53,92.68,101.22,90.26,"education_rnk",77.1679
"36107","zcta",2019,81.55,96.21,103.37,95.35,"education_rnk",17.4276
"36108","zcta",2019,67.9,70.57,93.94,104.39,"education_rnk",5.0612
"36109","zcta",2019,106.7,97.55,97.98,101.32,"education_rnk",60.8834
"36110","zcta",2019,71.98,92.26,103.38,91.34,"education_rnk",8.9599
"36111","zcta",2019,93.08,99.56,109.42,91.21,"education_rnk",32.2777
"36112","zcta",2019,NA,NA,NA,NA,"education_rnk",NA
"36113","zcta",2019,NA,NA,NA,NA,"education_rnk",NA
"36115","zcta",2019,121.2,129.44,134.16,83.74,"education_rnk",87.1025
"36116","zcta",2019,102.04,100.2,111.55,123.2,"education_rnk",45.758
"36117","zcta",2019,119.02,105.62,108.71,112.21,"education_rnk",81.7628
"36201","zcta",2019,67.73,87.87,94.87,113.52,"education_rnk",6.6123
"36203","zcta",2019,92.7,103.16,109.62,99.37,"education_rnk",33.0775
"36205","zcta",2019,113.38,109.3,88.45,84.17,"education_rnk",81.2739
"36206","zcta",2019,93.91,83.25,110.58,93.44,"education_rnk",22.8353
"36207","zcta",2019,107.83,103.86,96.79,102.36,"education_rnk",66.3882
"36250","zcta",2019,105.86,110.92,90.23,87.28,"education_rnk",70.6301
"36251","zcta",2019,69.87,84.29,79.3,91.87,"education_rnk",9.0765
"36255","zcta",2019,85.19,89.1,106.01,96.01,"education_rnk",16.3072
"36256","zcta",2019,91.32,92.3,104.57,89.1,"education_rnk",25.3351
"36258","zcta",2019,95.64,94.46,72.33,93.58,"education_rnk",45.2497
"36260","zcta",2019,81.17,108.01,97.71,93.83,"education_rnk",21.6825
"36262","zcta",2019,74.35,104.51,98.53,89.99,"education_rnk",14.2057
"36263","zcta",2019,89.02,99.97,66.34,86.16,"education_rnk",40.1626
"36264","zcta",2019,77.53,82.63,105.13,96.69,"education_rnk",9.9767
"36265","zcta",2019,108.45,87,109.62,118.54,"education_rnk",51.0071
"36266","zcta",2019,74.28,111.67,111.44,99.89,"education_rnk",13.8948
"36267","zcta",2019,NA,NA,NA,NA,"education_rnk",NA
"36268","zcta",2019,87.57,87.93,99.9,93.5,"education_rnk",20.2124
"36269","zcta",2019,81.79,73.57,117.61,88.8,"education_rnk",8.879
"36271","zcta",2019,79.42,91.35,93.08,91.54,"education_rnk",15.1221
"36272","zcta",2019,79.82,96.09,99.46,108.74,"education_rnk",15.1091
"36273","zcta",2019,92.22,89.95,95.07,86.59,"education_rnk",28.3628
"36274","zcta",2019,83.41,97.11,93.02,104.64,"education_rnk",20.737
"36276","zcta",2019,72.77,77.77,103.11,100.55,"education_rnk",7.2048
"36277","zcta",2019,98.11,86.44,111.67,88.45,"education_rnk",31.1735
"36278","zcta",2019,88.45,88.5,101.67,91.49,"education_rnk",22.0355
"36279","zcta",2019,84.77,73.3,89.76,88.69,"education_rnk",15.1512
"36280","zcta",2019,86.84,79.68,96.55,94.72,"education_rnk",17.6349
"36301","zcta",2019,93.5,97.62,105.46,108.16,"education_rnk",30.6716
"36303","zcta",2019,98.83,99.76,105.22,113.23,"education_rnk",42.2576
"36305","zcta",2019,113.9,106.09,104.64,103.48,"education_rnk",75.6816
"36310","zcta",2019,82.15,91.2,87.19,89.59,"education_rnk",19.3964
"36311","zcta",2019,77.59,63.39,85.71,94.26,"education_rnk",8.1148
"36312","zcta",2019,93.93,97.96,101.29,91.57,"education_rnk",34.3793
"36313","zcta",2019,89.85,129.38,123.94,86.2,"education_rnk",37.8797
"36314","zcta",2019,77.7,71.63,57.73,89.45,"education_rnk",14.0179
"36316","zcta",2019,101.23,111.27,90.65,83.87,"education_rnk",62.5672
"36317","zcta",2019,40.4,74.47,54.22,87.64,"education_rnk",2.2343
"36318","zcta",2019,71.8,89.39,128.4,88.35,"education_rnk",5.942
"36319","zcta",2019,89.49,70.73,94.36,91.4,"education_rnk",16.5371
"36320","zcta",2019,88.77,101.22,93.63,89.75,"education_rnk",29.4152
"36321","zcta",2019,84.09,78.15,110.14,89.14,"education_rnk",11.9843
"36322","zcta",2019,92.88,69.43,101.71,89.36,"education_rnk",17.7126
"36323","zcta",2019,78.21,80.08,84.83,92.52,"education_rnk",12.1203
"36330","zcta",2019,102.46,103.23,111.92,100.16,"education_rnk",50.2785
"36340","zcta",2019,77.93,95.4,109.88,91.38,"education_rnk",12.3114
"36343","zcta",2019,65.22,100.07,81.93,86.96,"education_rnk",9.151
"36344","zcta",2019,87.67,111.76,92.67,91.44,"education_rnk",34.8229
"36345","zcta",2019,91.84,94.09,106.27,98.42,"education_rnk",27.7573
"36346","zcta",2019,81.85,85.34,111.63,85.75,"education_rnk",12.4862
"36350","zcta",2019,92.63,96.84,106.37,94.61,"education_rnk",29.0979
"36351","zcta",2019,89.19,101.59,93.46,87.5,"education_rnk",31.1282
"36352","zcta",2019,96.01,95.26,102.64,92.89,"education_rnk",36.552
"36353","zcta",2019,95,102.57,94.67,84.37,"education_rnk",40.8911
"36360","zcta",2019,94.42,88.95,99.81,102.38,"education_rnk",28.6186
"36362","zcta",2019,122.74,98,124.44,83.39,"education_rnk",78.6283
"36370","zcta",2019,71.93,69.37,87.45,88.02,"education_rnk",6.3467
"36371","zcta",2019,101.53,115.33,85.31,86.97,"education_rnk",65.8636
"36373","zcta",2019,63.95,106.51,69.49,111.47,"education_rnk",11.6314
"36374","zcta",2019,72.7,111.11,74.85,90.76,"education_rnk",18.7455
"36375","zcta",2019,82.24,99.13,96.36,97.71,"education_rnk",20.0894
"36376","zcta",2019,81.19,73.92,93.97,89.23,"education_rnk",10.9416
"36401","zcta",2019,93.25,113.18,98.59,95.75,"education_rnk",43.3813
"36420","zcta",2019,91.52,86.56,93.83,100.55,"education_rnk",25.9018
"36421","zcta",2019,95.38,97.95,109.32,100.41,"education_rnk",32.5756
"36425","zcta",2019,101.72,68.4,103.23,99.94,"education_rnk",27.4043
"36426","zcta",2019,90.88,92.37,101.03,105.44,"education_rnk",25.2963
"36432","zcta",2019,79.36,106.51,96.34,106.18,"education_rnk",19.7137
"36435","zcta",2019,84.85,88.18,112.17,86.57,"education_rnk",15.4297
"36436","zcta",2019,84.02,106.51,90.58,87.15,"education_rnk",25.7788
"36439","zcta",2019,98.39,78.5,150.72,87.22,"education_rnk",15.9931
"36441","zcta",2019,101.59,77.77,109.15,90.31,"education_rnk",30.6198
"36442","zcta",2019,86.51,72.67,99.25,93.3,"education_rnk",13.3638
"36444","zcta",2019,78.09,71.43,83.12,90.39,"education_rnk",10.3588
"36445","zcta",2019,94.92,103.35,98.5,93.86,"education_rnk",40.4022
"36446","zcta",2019,100.13,60.69,74.6,84.69,"education_rnk",30.9404
"36451","zcta",2019,89.14,99.16,89.46,87.36,"education_rnk",30.4093
"36453","zcta",2019,81.29,90.71,87.7,95.1,"education_rnk",17.3532
"36454","zcta",2019,NA,NA,NA,NA,"education_rnk",NA
"36455","zcta",2019,85.79,96.33,80.65,93.35,"education_rnk",25.387
"36456","zcta",2019,91.28,65.04,116.26,100.74,"education_rnk",11.9843
"36460","zcta",2019,96.72,96.49,95.26,97.54,"education_rnk",39.5085
"36467","zcta",2019,83.36,92.59,102.19,96.54,"education_rnk",16.916
"36470","zcta",2019,NA,NA,NA,NA,"education_rnk",NA
"36471","zcta",2019,90.14,71.92,95.15,96.36,"education_rnk",16.7185
"36473","zcta",2019,51.15,106.51,43.56,85.16,"education_rnk",7.4898
"36474","zcta",2019,83.8,96.29,87.64,99.83,"education_rnk",21.9157
"36475","zcta",2019,109.04,78.89,95.61,97.47,"education_rnk",50.5893
"36476","zcta",2019,NA,NA,NA,NA,"education_rnk",NA
"36477","zcta",2019,81.06,85.79,102.53,91.42,"education_rnk",13.1306
"36480","zcta",2019,89.44,81.67,91.48,88.21,"education_rnk",21.1159
"36481","zcta",2019,78.97,60.69,93.62,87.02,"education_rnk",7.8104
"36482","zcta",2019,77.29,68.42,105.38,87.69,"education_rnk",8.7041
"36483","zcta",2019,94.31,91.49,78.62,106.4,"education_rnk",37.2774
"36502","zcta",2019,82.43,72.22,94.23,101.37,"education_rnk",11.3432
"36505","zcta",2019,80.32,97.83,150.79,88.55,"education_rnk",9.7079
"36507","zcta",2019,95.33,90.12,98.48,97.31,"education_rnk",32.2777
"36509","zcta",2019,48.99,77.19,91.83,87.51,"education_rnk",2.4675
"36511","zcta",2019,70.58,106.51,43.56,87.15,"education_rnk",23.0296
"36512","zcta",2019,NA,NA,NA,NA,"education_rnk",NA
"36513","zcta",2019,-34.58,106.51,176.6,91.78,"education_rnk",0.0421
"36518","zcta",2019,91.12,100.08,91.18,92.08,"education_rnk",33.0549
"36521","zcta",2019,89.11,83.39,94.6,92.57,"education_rnk",20.1379
"36522","zcta",2019,89.86,78.27,111.43,103.62,"education_rnk",15.1674
"36523","zcta",2019,66.89,82.47,86.53,88.61,"education_rnk",6.4601
"36524","zcta",2019,76.07,96.14,101.84,84.27,"education_rnk",12.5413
"36525","zcta",2019,92.29,107.86,114.1,88.72,"education_rnk",32.6371
"36526","zcta",2019,120.31,110.21,108.27,103.21,"education_rnk",83.7219
"36527","zcta",2019,119.44,120.7,116.64,101.42,"education_rnk",85.8753
"36528","zcta",2019,121.47,103.02,70.95,84.17,"education_rnk",90.3277
"36529","zcta",2019,111.72,75.27,109.52,93.38,"education_rnk",47.5228
"36530","zcta",2019,94.89,85,84.45,93.84,"education_rnk",33.3851
"36532","zcta",2019,115.98,106.11,102.8,101.22,"education_rnk",79.8491
"36535","zcta",2019,103.74,97.82,88.58,100.31,"education_rnk",57.7974
"36538","zcta",2019,57.89,60.69,83.66,91.13,"education_rnk",3.0244
"36539","zcta",2019,88.29,78.86,111.61,86.41,"education_rnk",15.8248
"36540","zcta",2019,91.16,67.94,69.41,90.03,"education_rnk",23.0458
"36541","zcta",2019,87.97,89.8,112.24,101.34,"education_rnk",18.1465
"36542","zcta",2019,112.96,101.22,86.7,90.47,"education_rnk",77.6018
"36543","zcta",2019,130.05,111.14,168.49,84.17,"education_rnk",79.0752
"36544","zcta",2019,70.74,58.72,103.68,94.39,"education_rnk",4.2549
"36545","zcta",2019,80.48,87.6,110.58,92.43,"education_rnk",12.279
"36548","zcta",2019,118.14,101.14,65.48,85.63,"education_rnk",87.4749
"36549","zcta",2019,111.57,86.33,68.44,89.58,"education_rnk",70.996
"36550","zcta",2019,74.72,106.51,43.56,84.17,"education_rnk",31.1735
"36551","zcta",2019,101.18,94.15,93.25,111.1,"education_rnk",47.9146
"36553","zcta",2019,75.32,101.72,102.7,88.15,"education_rnk",12.9363
"36555","zcta",2019,116.42,113.1,67.47,96.74,"education_rnk",89.4987
"36556","zcta",2019,95.98,102.31,139.27,87.26,"education_rnk",24.7393
"36558","zcta",2019,87.21,98.39,99.41,92.2,"education_rnk",25.2736
"36559","zcta",2019,134.58,70.17,56.79,89.14,"education_rnk",93.6856
"36560","zcta",2019,64.29,81.82,93.29,89.45,"education_rnk",5.1065
"36561","zcta",2019,120.2,114.1,74.27,92.9,"education_rnk",91.8626
"36562","zcta",2019,80.85,96.37,84.36,90.62,"education_rnk",18.9431
"36564","zcta",2019,146.63,106.51,103.63,83.17,"education_rnk",99.1128
"36567","zcta",2019,89.28,90.46,105.22,102.6,"education_rnk",21.7829
"36568","zcta",2019,NA,NA,NA,NA,"education_rnk",NA
"36569","zcta",2019,100.31,106.51,81.14,146.7,"education_rnk",54.1221
"36571","zcta",2019,98.27,97.95,108.66,95.27,"education_rnk",38.5953
"36572","zcta",2019,104.41,98.71,98.94,93.51,"education_rnk",55.1519
"36574","zcta",2019,95.34,87.44,76.78,95.37,"education_rnk",38.0286
"36575","zcta",2019,98.05,91.01,104.69,95.26,"education_rnk",35.0625
"36576","zcta",2019,110.16,98.67,84.37,91.2,"education_rnk",71.2324
"36578","zcta",2019,114.31,132.49,102.38,100.74,"education_rnk",85.6033
"36579","zcta",2019,102.16,107.11,74.25,84.17,"education_rnk",68.3375
"36580","zcta",2019,85.02,89.97,91.71,95.97,"education_rnk",20.3322
"36581","zcta",2019,116.46,106.51,86.8,85.16,"education_rnk",79.9042
"36582","zcta",2019,96.28,92.54,104.3,105.27,"education_rnk",32.2615
"36583","zcta",2019,106.95,106.51,114.82,97.45,"education_rnk",57.8719
"36584","zcta",2019,90.21,106.21,116.7,88.55,"education_rnk",26.5689
"36585","zcta",2019,101.25,97.75,137.31,89.89,"education_rnk",31.6204
"36587","zcta",2019,76.34,74.47,98.04,102.1,"education_rnk",7.9334
"36590","zcta",2019,NA,NA,NA,NA,"education_rnk",NA
"36602","zcta",2019,106.08,135.86,50.72,89.14,"education_rnk",91.2473
"36603","zcta",2019,75.64,92.3,87.42,96.77,"education_rnk",13.04
"36604","zcta",2019,110.6,107.5,91.01,95.64,"education_rnk",77.2845
"36605","zcta",2019,95.17,91.47,109.1,105.37,"education_rnk",27.9354
"36606","zcta",2019,104.07,100.21,98.61,109.41,"education_rnk",55.5502
"36607","zcta",2019,102.32,112.05,88.91,90.46,"education_rnk",66.2587
"36608","zcta",2019,111.54,91.93,100.94,113.49,"education_rnk",65.5948
"36609","zcta",2019,110.5,99.16,95.87,99.3,"education_rnk",69.6749
"36610","zcta",2019,82.34,68.12,115.9,97.61,"education_rnk",7.8881
"36611","zcta",2019,93.22,76.3,126.48,95.4,"education_rnk",14.7724
"36612","zcta",2019,81.16,101.53,146.95,87.33,"education_rnk",10.6664
"36613","zcta",2019,89.71,81.24,102.68,91.26,"education_rnk",18.9139
"36615","zcta",2019,NA,NA,NA,NA,"education_rnk",NA
"36616","zcta",2019,NA,NA,NA,NA,"education_rnk",NA
"36617","zcta",2019,95.6,96.3,96.66,100.38,"education_rnk",37.4069
"36618","zcta",2019,99.8,99.85,108.99,94.37,"education_rnk",43.7439
"36619","zcta",2019,95.17,106.96,95.78,90.31,"education_rnk",44.5049
"36688","zcta",2019,NA,NA,NA,NA,"education_rnk",NA
"36693","zcta",2019,112.72,106.01,95.19,97.4,"education_rnk",77.7443
"36695","zcta",2019,112.04,107.06,108.37,103.21,"education_rnk",72.518
"36701","zcta",2019,95.82,88.62,105.09,115.41,"education_rnk",29.0687
"36703","zcta",2019,86.6,78.24,111.86,108.72,"education_rnk",13.1241
"36720","zcta",2019,55.68,104.36,142.9,86.44,"education_rnk",3.2997
"36722","zcta",2019,67.84,106.51,69.8,91.58,"education_rnk",13.04
"36723","zcta",2019,51.97,106.51,181.9,85.91,"education_rnk",1.7518
"36726","zcta",2019,85.53,83.78,109.16,88.34,"education_rnk",14.6493
"36727","zcta",2019,NA,NA,NA,NA,"education_rnk",NA
"36728","zcta",2019,57.4,95.06,79.86,89.14,"education_rnk",5.861
"36732","zcta",2019,93.74,95.52,112.1,88.25,"education_rnk",29.8232
"36736","zcta",2019,96.25,110.49,174.68,85.59,"education_rnk",21.7408
"36738","zcta",2019,102.87,99.16,73.37,204.26,"education_rnk",57.2307
"36740","zcta",2019,91.16,90.45,88.84,84.83,"education_rnk",29.3278
"36742","zcta",2019,87.35,99.7,59.91,92.21,"education_rnk",37.3195
"36744","zcta",2019,93.76,59.65,90.96,90.4,"education_rnk",17.5572
"36748","zcta",2019,95.75,83.26,81.4,95.95,"education_rnk",32.8411
"36749","zcta",2019,56.8,86.63,61.89,96.95,"education_rnk",5.3267
"36750","zcta",2019,88.21,119.47,105.8,94.18,"education_rnk",34.9751
"36751","zcta",2019,18.94,86.83,127.77,95.24,"education_rnk",0.5311
"36752","zcta",2019,112.9,132.02,65.55,86.83,"education_rnk",91.7622
"36753","zcta",2019,NA,NA,NA,NA,"education_rnk",NA
"36754","zcta",2019,57.36,127.21,55.78,91.13,"education_rnk",15.3002
"36756","zcta",2019,88.39,78.87,112,87.49,"education_rnk",17.5183
"36758","zcta",2019,92.78,95.95,99.41,98.03,"education_rnk",29.9042
"36759","zcta",2019,86.92,58.55,111.93,90.6,"education_rnk",9.0376
"36761","zcta",2019,73.41,95.72,107.31,93.12,"education_rnk",9.6593
"36763","zcta",2019,57.62,100.78,202.7,87.15,"education_rnk",1.5154
"36765","zcta",2019,74.33,81.51,106.36,93.87,"education_rnk",7.4898
"36766","zcta",2019,NA,NA,NA,NA,"education_rnk",NA
"36767","zcta",2019,64.64,62.51,102.15,87.9,"education_rnk",3.5134
"36768","zcta",2019,110.05,67.42,87.37,90.14,"education_rnk",47.7754
"36769","zcta",2019,89.95,88.42,95.01,90.11,"education_rnk",24.5742
"36773","zcta",2019,52.73,85.36,121.44,88.21,"education_rnk",2.3768
"36775","zcta",2019,97.56,84.34,114.47,84.17,"education_rnk",25.5618
"36776","zcta",2019,96.58,88.7,124.21,83.9,"education_rnk",28.0487
"36782","zcta",2019,92.92,118.17,116.78,93.09,"education_rnk",37.8538
"36783","zcta",2019,106.34,151.61,62.23,100.65,"education_rnk",92.4454
"36784","zcta",2019,96.04,100.26,90.22,94.71,"education_rnk",43.7439
"36785","zcta",2019,84.86,72.94,87.12,100.05,"education_rnk",14.0924
"36786","zcta",2019,100.42,58.7,115.25,88.17,"education_rnk",19.7267
"36790","zcta",2019,NA,NA,NA,NA,"education_rnk",NA
"36792","zcta",2019,108.91,111.14,91.12,97.33,"education_rnk",72.042
"36793","zcta",2019,112.67,91.85,89.08,91.13,"education_rnk",69.5454
"36801","zcta",2019,107.58,98.17,104.76,115.23,"education_rnk",58.8304
"36804","zcta",2019,99.68,92.09,101.41,97.34,"education_rnk",39.9974
"36830","zcta",2019,119.24,98.46,129.41,113.26,"education_rnk",74.4706
"36832","zcta",2019,112.68,79.53,138.26,106.44,"education_rnk",47.5487
"36849","zcta",2019,NA,NA,NA,NA,"education_rnk",NA
"36850","zcta",2019,90.73,81.13,89.91,105.9,"education_rnk",23.1105
"36852","zcta",2019,89.35,79,106.09,95.3,"education_rnk",17.745
"36853","zcta",2019,94.62,92.9,88.22,90.45,"education_rnk",37.7275
"36854","zcta",2019,95.14,98.37,108.05,99.32,"education_rnk",33.437
"36855","zcta",2019,89.16,97.09,103.86,88.95,"education_rnk",25.8889
"36856","zcta",2019,106.78,118.1,133.69,93.28,"education_rnk",61.3723
"36858","zcta",2019,101.66,145.28,76.29,93.01,"education_rnk",83.9
"36859","zcta",2019,NA,NA,NA,NA,"education_rnk",NA
"36860","zcta",2019,66.7,89.66,87.7,84.66,"education_rnk",7.3311
"36861","zcta",2019,93.33,93.55,86.88,87.71,"education_rnk",36.6557
"36862","zcta",2019,80.78,86.46,86.52,92.44,"education_rnk",16.0741
"36863","zcta",2019,87.12,85.15,91.66,104.43,"education_rnk",20.1056
"36865","zcta",2019,NA,NA,NA,NA,"education_rnk",NA
"36866","zcta",2019,93.52,84.53,85.69,94.75,"education_rnk",29.7422
"36867","zcta",2019,101.38,99.77,106.47,103.24,"education_rnk",47.8661
"36869","zcta",2019,84.74,91.84,106.34,99.28,"education_rnk",17.3823
"36870","zcta",2019,98.84,106.51,102.19,96.21,"education_rnk",49.307
"36871","zcta",2019,99.54,127.2,98.68,90.14,"education_rnk",64.6105
"36874","zcta",2019,111.11,124.78,109.59,93.46,"education_rnk",79.3601
"36875","zcta",2019,100.65,79.97,89,96.03,"education_rnk",37.2936
"36877","zcta",2019,100.89,100.91,97.81,94.34,"education_rnk",51.5446
"36879","zcta",2019,120.17,135.57,104.2,94.62,"education_rnk",92.915
"36901","zcta",2019,96.04,106.51,58.43,85.16,"education_rnk",59.7565
"36904","zcta",2019,97.27,93.63,93.25,92.03,"education_rnk",40.9559
"36907","zcta",2019,111.08,86.89,98.71,88.46,"education_rnk",62.9622
"36908","zcta",2019,91.59,85.82,97.57,93.5,"education_rnk",24.0043
"36910","zcta",2019,NA,NA,NA,NA,"education_rnk",NA
"36912","zcta",2019,94.59,92.36,73.42,88.92,"education_rnk",39.8808
"36913","zcta",2019,NA,NA,NA,NA,"education_rnk",NA
"36915","zcta",2019,101.16,102.31,75.91,86.75,"education_rnk",59.7824
"36916","zcta",2019,82.41,111.42,63.84,84.46,"education_rnk",36.212
"36919","zcta",2019,78.32,87.62,103.97,90.6,"education_rnk",11.9099
"36921","zcta",2019,69.3,88.86,63.45,106.83,"education_rnk",11.1392
"36922","zcta",2019,23.42,60.69,126.76,94.35,"education_rnk",0.4177
"36925","zcta",2019,95.09,97.48,103.36,94.99,"education_rnk",36.0598
"35004","zcta",2019,112.59,98.1,110.17,88.22,"education_state_rnk",83.3055
"35005","zcta",2019,91.53,91.87,102.2,94.57,"education_state_rnk",48.8314
"35006","zcta",2019,89.63,89.65,104.25,93.92,"education_state_rnk",40.7346
"35007","zcta",2019,101.44,102.87,111.34,93.21,"education_state_rnk",73.4558
"35010","zcta",2019,84.67,94.89,99.64,91.22,"education_state_rnk",36.227
"35013","zcta",2019,NA,NA,NA,NA,"education_state_rnk",NA
"35014","zcta",2019,76.5,88.61,97.17,96.31,"education_state_rnk",14.6912
"35016","zcta",2019,96.15,96.14,106.3,94.26,"education_state_rnk",60.7679
"35019","zcta",2019,92,86.98,97.63,90.14,"education_state_rnk",45.9098
"35020","zcta",2019,83.62,86.54,98.81,107.29,"education_state_rnk",25.5426
"35022","zcta",2019,109.16,104.92,93.18,105.35,"education_state_rnk",86.3105
"35023","zcta",2019,100.59,103.51,99.08,102.28,"education_state_rnk",75.1252
"35031","zcta",2019,79.94,96.02,93.24,95.73,"education_state_rnk",30.8848
"35032","zcta",2019,NA,NA,NA,NA,"education_state_rnk",NA
"35033","zcta",2019,78.88,80.78,121.96,85.16,"education_state_rnk",8.0134
"35034","zcta",2019,80.27,90.58,87.53,92.44,"education_state_rnk",26.3773
"35035","zcta",2019,106.98,144.52,59.79,89.14,"education_state_rnk",96.4942
"35036","zcta",2019,60.06,106.51,137.45,100.72,"education_state_rnk",3.4224
"35040","zcta",2019,104.96,101.02,121.63,107.21,"education_state_rnk",73.2888
"35042","zcta",2019,90.78,98.93,90.81,96.85,"education_state_rnk",57.596
"35043","zcta",2019,121.15,115,132.36,101.46,"education_state_rnk",91.6528
"35044","zcta",2019,81.93,93.53,97.81,101.46,"education_state_rnk",28.0467
"35045","zcta",2019,88.78,109.58,105.11,97.38,"education_state_rnk",53.4224
"35046","zcta",2019,96.88,89.62,101.39,93.4,"education_state_rnk",58.0968
"35049","zcta",2019,82.59,107.33,100.34,101.49,"education_state_rnk",41.0684
"35051","zcta",2019,96.51,107.71,100.45,108.51,"education_state_rnk",71.2855
"35052","zcta",2019,NA,NA,NA,NA,"education_state_rnk",NA
"35053","zcta",2019,92.15,119.49,84.16,88.96,"education_state_rnk",77.2955
"35054","zcta",2019,85.08,127.03,76.71,92.83,"education_state_rnk",72.788
"35055","zcta",2019,90.38,91.54,102.39,122.41,"education_state_rnk",43.7396
"35057","zcta",2019,89.17,95.5,98.64,96.26,"education_state_rnk",47.6628
"35058","zcta",2019,88.93,99.01,83.26,112.8,"education_state_rnk",56.01
"35060","zcta",2019,76.06,60.69,98.06,83.17,"education_state_rnk",7.6795
"35061","zcta",2019,96.86,105.42,77.1,88.01,"education_state_rnk",76.6277
"35062","zcta",2019,87.6,76.76,107.32,92.64,"education_state_rnk",23.2888
"35063","zcta",2019,77.52,70.6,86.66,91.92,"education_state_rnk",10.6845
"35064","zcta",2019,102.87,86.11,101.55,95.27,"education_state_rnk",68.2805
"35068","zcta",2019,100.49,119.23,85.05,93.66,"education_state_rnk",85.3088
"35070","zcta",2019,53.69,106.51,110.21,86.16,"education_state_rnk",3.172
"35071","zcta",2019,110.67,112.56,103.65,108.66,"education_state_rnk",87.6461
"35072","zcta",2019,75.52,87.66,99.78,90.39,"education_state_rnk",13.1886
"35073","zcta",2019,98.82,102.82,90.5,99.7,"education_state_rnk",73.6227
"35074","zcta",2019,NA,NA,NA,NA,"education_state_rnk",NA
"35077","zcta",2019,80.76,75.99,96.71,102.44,"education_state_rnk",15.025
"35078","zcta",2019,86.76,91.25,96.2,94.89,"education_state_rnk",41.2354
"35079","zcta",2019,103.51,103,100.44,92.34,"education_state_rnk",77.4624
"35080","zcta",2019,117.99,108.61,121.17,103.21,"education_state_rnk",89.8164
"35082","zcta",2019,NA,NA,NA,NA,"education_state_rnk",NA
"35083","zcta",2019,71.72,100.32,96.88,87.4,"education_state_rnk",15.3589
"35085","zcta",2019,79.67,92.27,101.12,91.33,"education_state_rnk",21.202
"35087","zcta",2019,75.89,90.5,103.56,92.88,"education_state_rnk",13.5225
"35089","zcta",2019,81.75,118.27,68.38,84.17,"education_state_rnk",65.9432
"35091","zcta",2019,112.66,106.59,122.92,92.9,"education_state_rnk",84.4741
"35094","zcta",2019,103.61,106.16,105.66,101.36,"education_state_rnk",78.798
"35096","zcta",2019,90.03,107.63,87.32,97.64,"education_state_rnk",64.7746
"35097","zcta",2019,83.43,93.86,117.37,90.54,"education_state_rnk",21.8698
"35098","zcta",2019,84.36,101.84,94.41,88.73,"education_state_rnk",43.9065
"35111","zcta",2019,109.87,100.05,108.34,101.54,"education_state_rnk",82.8047
"35112","zcta",2019,91.62,106.51,86.59,124.07,"education_state_rnk",61.7696
"35114","zcta",2019,113.08,134.9,112.3,91.27,"education_state_rnk",93.6561
"35115","zcta",2019,98.3,66.95,109.06,108.37,"education_state_rnk",40.4007
"35116","zcta",2019,108.7,107.54,102.04,98.44,"education_state_rnk",85.1419
"35117","zcta",2019,107.54,128.88,101.85,96.73,"education_state_rnk",90.1503
"35118","zcta",2019,93.99,112.71,99.69,86.52,"education_state_rnk",70.2838
"35119","zcta",2019,61.23,106.51,159.84,88.15,"education_state_rnk",2.5042
"35120","zcta",2019,96.5,119.75,110.73,105.4,"education_state_rnk",73.7896
"35121","zcta",2019,74.8,103.58,100.39,102.39,"education_state_rnk",21.7028
"35124","zcta",2019,112.37,109.27,102.91,104.45,"education_state_rnk",88.8147
"35125","zcta",2019,79.7,117.43,81.28,110.71,"education_state_rnk",50.9182
"35126","zcta",2019,105.21,88.87,97.88,100.43,"education_state_rnk",73.9566
"35127","zcta",2019,111.09,99.39,102.33,90.54,"education_state_rnk",84.808
"35128","zcta",2019,94.5,110.13,91.27,96.42,"education_state_rnk",71.5359
"35130","zcta",2019,68.77,134.35,101.65,86.16,"education_state_rnk",33.222
"35131","zcta",2019,81.01,87.78,101.92,96.71,"education_state_rnk",20.8681
"35133","zcta",2019,97.13,100.01,99.49,98.25,"education_state_rnk",66.4441
"35135","zcta",2019,102.01,111.93,112.08,85.16,"education_state_rnk",77.1285
"35136","zcta",2019,94.03,111.24,88.42,86.16,"education_state_rnk",72.9549
"35139","zcta",2019,-7.4,106.51,43.56,91.13,"education_state_rnk",0.3339
"35143","zcta",2019,104.01,92.36,89.05,87.81,"education_state_rnk",76.1269
"35146","zcta",2019,93.61,101.68,106.37,113.92,"education_state_rnk",58.7646
"35147","zcta",2019,109.77,122.44,96.19,95.39,"education_state_rnk",91.8197
"35148","zcta",2019,92.13,70.84,103.97,92.61,"education_state_rnk",30.0501
"35149","zcta",2019,101.23,106.51,43.56,89.14,"education_state_rnk",87.3122
"35150","zcta",2019,82.29,105.81,108.24,113.37,"education_state_rnk",34.3907
"35151","zcta",2019,87.21,77.53,95.08,102.82,"education_state_rnk",28.8815
"35160","zcta",2019,84.61,90.1,101.52,111.32,"education_state_rnk",31.9699
"35171","zcta",2019,80.87,96.39,104.58,92.99,"education_state_rnk",26.6277
"35172","zcta",2019,84.52,78.65,82.39,99.55,"education_state_rnk",28.3806
"35173","zcta",2019,115.63,115.94,115.1,107.25,"education_state_rnk",90.985
"35175","zcta",2019,86.62,104,109.38,100.04,"education_state_rnk",45.7429
"35176","zcta",2019,54.1,95.22,104.93,97.32,"education_state_rnk",2.6711
"35178","zcta",2019,90.32,94.26,116.08,96.18,"education_state_rnk",37.5626
"35179","zcta",2019,82.67,94.88,100.75,128.29,"education_state_rnk",27.7129
"35180","zcta",2019,94.61,98.41,110.88,102.57,"education_state_rnk",53.2554
"35183","zcta",2019,105.85,106.51,83.16,86.16,"education_state_rnk",84.6411
"35184","zcta",2019,72.2,90.53,100.31,106.05,"education_state_rnk",9.3489
"35186","zcta",2019,99.27,103.04,93.48,100.89,"education_state_rnk",74.5409
"35187","zcta",2019,NA,NA,NA,NA,"education_state_rnk",NA
"35188","zcta",2019,94.8,95.3,101.41,104.36,"education_state_rnk",54.9249
"35203","zcta",2019,96.08,129.78,54.27,97.33,"education_state_rnk",89.9833
"35204","zcta",2019,78.24,73.46,90.42,110.92,"education_state_rnk",11.3523
"35205","zcta",2019,119.24,96.15,97.48,106.62,"education_state_rnk",92.3205
"35206","zcta",2019,92.75,87.33,107.76,95.28,"education_state_rnk",43.4057
"35207","zcta",2019,91.85,92.44,103.47,88.31,"education_state_rnk",48.581
"35208","zcta",2019,99.11,87.72,102.78,94.32,"education_state_rnk",60.5175
"35209","zcta",2019,122.44,112.83,112.79,100.22,"education_state_rnk",94.4908
"35210","zcta",2019,106.35,102.86,91.16,102.51,"education_state_rnk",84.3072
"35211","zcta",2019,101.19,82.09,95.27,114.33,"education_state_rnk",65.2755
"35212","zcta",2019,92.59,100.17,100.62,94.27,"education_state_rnk",60.2671
"35213","zcta",2019,138.44,123.6,109.75,108.42,"education_state_rnk",99.8331
"35214","zcta",2019,106.15,100.32,100.51,103.64,"education_state_rnk",81.1352
"35215","zcta",2019,97.09,102.47,122.41,109.19,"education_state_rnk",59.0985
"35216","zcta",2019,122.8,111.89,111.23,97.19,"education_state_rnk",94.1569
"35217","zcta",2019,86.66,76.04,102.17,99.65,"education_state_rnk",22.2037
"35218","zcta",2019,97.2,73.91,111.62,89.34,"education_state_rnk",39.4825
"35221","zcta",2019,86.33,79.04,103.1,93.46,"education_state_rnk",22.8715
"35222","zcta",2019,118.06,124.49,89.68,90.41,"education_state_rnk",96.828
"35223","zcta",2019,132.89,139.16,112.14,100.73,"education_state_rnk",99.6661
"35224","zcta",2019,90.55,76.46,108.62,88.44,"education_state_rnk",28.5476
"35226","zcta",2019,129.59,116.71,111.36,97.16,"education_state_rnk",98.8314
"35228","zcta",2019,86.85,96.94,104.38,99.61,"education_state_rnk",40.9015
"35229","zcta",2019,NA,NA,NA,NA,"education_state_rnk",NA
"35233","zcta",2019,126.26,114.95,112.02,106.06,"education_state_rnk",98.1636
"35234","zcta",2019,78.37,74.71,79.3,100.89,"education_state_rnk",15.8598
"35235","zcta",2019,107.33,99.2,108.05,96.23,"education_state_rnk",80.1336
"35242","zcta",2019,127.03,120.93,104.76,107.21,"education_state_rnk",98.6644
"35243","zcta",2019,134.54,116.59,91.92,100.38,"education_state_rnk",99.4992
"35244","zcta",2019,120.93,120.17,106.21,118.29,"education_state_rnk",95.1586
"35254","zcta",2019,NA,NA,NA,NA,"education_state_rnk",NA
"35401","zcta",2019,96.04,76.22,128.55,109.42,"education_state_rnk",36.8948
"35404","zcta",2019,98.06,90.07,109.54,105.41,"education_state_rnk",59.9332
"35405","zcta",2019,110.41,106.31,101.78,109.2,"education_state_rnk",86.4775
"35406","zcta",2019,128.14,120.67,114,94.35,"education_state_rnk",98.9983
"35441","zcta",2019,85.62,68.96,101.51,84.23,"education_state_rnk",18.2805
"35442","zcta",2019,82.45,68.85,94.98,89.47,"education_state_rnk",13.8564
"35443","zcta",2019,74.13,69.65,123.68,89.81,"education_state_rnk",4.6745
"35444","zcta",2019,89.61,80.3,104.41,96,"education_state_rnk",31.7195
"35446","zcta",2019,83.74,90.85,100.18,109.82,"education_state_rnk",29.0484
"35447","zcta",2019,83.36,78.93,87.64,89.78,"education_state_rnk",25.2087
"35452","zcta",2019,86.98,92.45,92.02,106.38,"education_state_rnk",43.2387
"35453","zcta",2019,88.47,107.12,102.28,100.52,"education_state_rnk",53.0885
"35456","zcta",2019,80.23,71.28,118.49,106.22,"education_state_rnk",6.6778
"35457","zcta",2019,NA,NA,NA,NA,"education_state_rnk",NA
"35458","zcta",2019,92.41,72.14,59.45,89.14,"education_state_rnk",53.7563
"35459","zcta",2019,78.88,76.14,85.05,90.62,"education_state_rnk",16.3606
"35460","zcta",2019,115.01,88.05,77.29,97.36,"education_state_rnk",87.813
"35461","zcta",2019,95.15,94.44,82.52,86.52,"education_state_rnk",69.1152
"35462","zcta",2019,76.49,72.07,81.24,89.28,"education_state_rnk",11.6027
"35463","zcta",2019,103.56,69.42,93.77,93.99,"education_state_rnk",60.5175
"35464","zcta",2019,103.08,139.27,170.75,84.33,"education_state_rnk",75.9599
"35466","zcta",2019,93.38,109.66,103.27,99.32,"education_state_rnk",67.2788
"35469","zcta",2019,114.69,68.02,74.87,93.12,"education_state_rnk",82.4708
"35470","zcta",2019,102.07,84.52,131.18,91.6,"education_state_rnk",58.5977
"35473","zcta",2019,112.65,105.05,102.05,99.31,"education_state_rnk",88.4808
"35474","zcta",2019,98.96,126.42,105.47,95.72,"education_state_rnk",81.803
"35475","zcta",2019,108.76,110.91,100.37,97.33,"education_state_rnk",86.6444
"35476","zcta",2019,95.45,99.99,114.93,105.91,"education_state_rnk",59.2654
"35477","zcta",2019,111.6,83.6,64.12,83.17,"education_state_rnk",87.4791
"35480","zcta",2019,102.4,99.72,82.44,112.12,"education_state_rnk",79.1319
"35481","zcta",2019,80,79.64,84.7,89.78,"education_state_rnk",20.1169
"35490","zcta",2019,85.21,80.04,111.23,91.76,"education_state_rnk",20.3673
"35501","zcta",2019,81.4,98.77,112.06,102.43,"education_state_rnk",24.4574
"35503","zcta",2019,90.56,81.25,78.79,102.41,"education_state_rnk",47.6628
"35504","zcta",2019,99.15,93.22,104.16,89.27,"education_state_rnk",66.6945
"35540","zcta",2019,89.67,97.13,97,96.52,"education_state_rnk",49.2487
"35541","zcta",2019,89.56,81.64,84.72,90.06,"education_state_rnk",44.4073
"35542","zcta",2019,73.3,116.1,85.95,97.81,"education_state_rnk",33.8898
"35543","zcta",2019,61.14,56.07,86.35,90.5,"education_state_rnk",1.8364
"35544","zcta",2019,93.5,51.05,98.22,99.55,"education_state_rnk",21.0351
"35545","zcta",2019,NA,NA,NA,NA,"education_state_rnk",NA
"35546","zcta",2019,88.22,104.68,105.18,95.92,"education_state_rnk",49.8331
"35548","zcta",2019,73.05,86.14,90.04,97.27,"education_state_rnk",12.6878
"35549","zcta",2019,75.91,95.57,103.97,92.42,"education_state_rnk",16.0267
"35550","zcta",2019,85.4,78.31,92.77,96.95,"education_state_rnk",26.0434
"35552","zcta",2019,95.96,61.91,111.55,91.8,"education_state_rnk",27.212
"35553","zcta",2019,62.3,78.16,75.48,102.32,"education_state_rnk",5.1753
"35554","zcta",2019,94.47,74.83,99.95,98.03,"education_state_rnk",39.2321
"35555","zcta",2019,94.43,108.16,98.2,105.93,"education_state_rnk",68.9482
"35559","zcta",2019,NA,NA,NA,NA,"education_state_rnk",NA
"35563","zcta",2019,91.18,93.31,95.09,102.54,"education_state_rnk",50.7513
"35564","zcta",2019,83.63,86.41,85.04,92.04,"education_state_rnk",32.8881
"35565","zcta",2019,79.44,78.32,102.57,114.9,"education_state_rnk",12.187
"35570","zcta",2019,80.1,97.33,88.49,101.72,"education_state_rnk",33.389
"35571","zcta",2019,80.77,67.04,91.51,92.94,"education_state_rnk",12.5209
"35572","zcta",2019,83.8,110.35,84.99,93.66,"education_state_rnk",53.5893
"35574","zcta",2019,92.94,126.81,102.1,104.57,"education_state_rnk",75.793
"35575","zcta",2019,88.66,85.95,102.59,89.77,"education_state_rnk",37.3957
"35576","zcta",2019,90.67,92.66,80.46,94.37,"education_state_rnk",55.7596
"35577","zcta",2019,NA,NA,NA,NA,"education_state_rnk",NA
"35578","zcta",2019,76.15,97.55,85.79,106.84,"education_state_rnk",23.7062
"35579","zcta",2019,76.78,92.78,91.87,88.51,"education_state_rnk",18.6978
"35580","zcta",2019,78.57,143.9,118.85,93.08,"education_state_rnk",51.586
"35581","zcta",2019,81.32,99.85,113.53,91.45,"education_state_rnk",26.6277
"35582","zcta",2019,80.58,92.67,112.86,87.28,"education_state_rnk",20.5342
"35584","zcta",2019,70.38,106.51,126.03,87.64,"education_state_rnk",8.1803
"35585","zcta",2019,92.64,70.33,119.54,94.66,"education_state_rnk",26.8781
"35586","zcta",2019,80.6,86.14,103.29,89.56,"education_state_rnk",19.0317
"35587","zcta",2019,85.56,69.28,70.76,94.38,"education_state_rnk",32.3873
"35592","zcta",2019,87.54,93.47,108.47,89.54,"education_state_rnk",37.98
"35593","zcta",2019,86.6,81.55,101.03,87.68,"education_state_rnk",29.8831
"35594","zcta",2019,81.59,114.2,113.8,95.38,"education_state_rnk",39.4825
"35601","zcta",2019,73.94,94,106.69,123.29,"education_state_rnk",11.6027
"35603","zcta",2019,104.98,100.57,98.11,115.33,"education_state_rnk",79.2988
"35610","zcta",2019,101.67,105.51,79.18,87.2,"education_state_rnk",83.0551
"35611","zcta",2019,82.54,85.65,98.34,103.26,"education_state_rnk",23.5392
"35613","zcta",2019,96.4,114.9,95.49,108.39,"education_state_rnk",76.4608
"35614","zcta",2019,74.47,88.53,100.22,95.62,"education_state_rnk",12.8548
"35615","zcta",2019,NA,NA,NA,NA,"education_state_rnk",NA
"35616","zcta",2019,80.55,88.3,82.86,88.61,"education_state_rnk",30.3005
"35618","zcta",2019,69.07,68.86,94.39,97.27,"education_state_rnk",4.8414
"35619","zcta",2019,79.84,83.05,98.3,101.66,"education_state_rnk",16.6945
"35620","zcta",2019,96.32,67.83,99.81,98.74,"education_state_rnk",38.5643
"35621","zcta",2019,90.96,106.66,89.23,89.14,"education_state_rnk",66.6945
"35622","zcta",2019,90.56,93.05,105.34,108.72,"education_state_rnk",43.5726
"35630","zcta",2019,95.83,85.77,102.18,113.37,"education_state_rnk",52.6711
"35633","zcta",2019,99.53,102.54,101.63,99.49,"education_state_rnk",73.1219
"35634","zcta",2019,104.47,101.9,92.39,102.12,"education_state_rnk",81.4691
"35640","zcta",2019,102.47,105.07,104.31,114.36,"education_state_rnk",76.2938
"35643","zcta",2019,63.51,86.09,93.52,93.9,"education_state_rnk",5.3422
"35645","zcta",2019,104.38,102.83,97.99,91.4,"education_state_rnk",80.6344
"35646","zcta",2019,87.29,81.18,87.82,89.29,"education_state_rnk",36.4775
"35647","zcta",2019,103.4,78.9,105.72,86.66,"education_state_rnk",65.7763
"35648","zcta",2019,90.27,85.59,108.54,87.63,"education_state_rnk",38.2304
"35649","zcta",2019,NA,NA,NA,NA,"education_state_rnk",NA
"35650","zcta",2019,86.73,100.64,102.25,106.58,"education_state_rnk",44.0735
"35651","zcta",2019,92.25,98.31,94.8,88.95,"education_state_rnk",59.7663
"35652","zcta",2019,99.53,93.34,94.47,90.45,"education_state_rnk",69.783
"35653","zcta",2019,61.29,75.57,108.28,103.99,"education_state_rnk",2.1703
"35654","zcta",2019,80.17,68.09,93.6,101.54,"education_state_rnk",10.8514
"35660","zcta",2019,90.23,83.51,94.51,94.38,"education_state_rnk",42.2371
"35661","zcta",2019,106.38,102.49,97.24,96.26,"education_state_rnk",82.3038
"35670","zcta",2019,99.94,104.91,86.89,100.68,"education_state_rnk",77.9633
"35671","zcta",2019,84.31,129.83,80.46,87.86,"education_state_rnk",70.7846
"35672","zcta",2019,92.01,90.39,122.76,93.66,"education_state_rnk",38.8982
"35673","zcta",2019,84.32,112.04,94.61,101.5,"education_state_rnk",52.0868
"35674","zcta",2019,90.16,86.16,99,101.35,"education_state_rnk",41.7362
"35677","zcta",2019,90.17,106.72,112.13,88.26,"education_state_rnk",51.2521
"35739","zcta",2019,93.88,93.6,101.45,90.6,"education_state_rnk",54.3406
"35740","zcta",2019,88.75,82.58,95.81,86.66,"education_state_rnk",34.7245
"35741","zcta",2019,121.53,118.34,90.99,108.05,"education_state_rnk",97.3289
"35744","zcta",2019,73.99,83.49,94.88,89,"education_state_rnk",11.0184
"35745","zcta",2019,98.81,95.87,90.73,85.16,"education_state_rnk",70.9516
"35746","zcta",2019,88.82,106.51,43.56,95.95,"education_state_rnk",74.2905
"35747","zcta",2019,104.31,92.64,85.99,90.52,"education_state_rnk",78.4641
"35748","zcta",2019,97.16,96.18,101.98,121.14,"education_state_rnk",62.7713
"35749","zcta",2019,116.31,118.57,112.46,99.27,"education_state_rnk",92.4875
"35750","zcta",2019,102.44,108.11,99.8,100.5,"education_state_rnk",79.9666
"35751","zcta",2019,123.45,98.41,65.92,99.55,"education_state_rnk",95.8264
"35752","zcta",2019,88.26,112.99,93.39,95.57,"education_state_rnk",61.9366
"35754","zcta",2019,73.17,78.17,91.33,89.58,"education_state_rnk",9.015
"35755","zcta",2019,117.74,106.18,57.22,106.83,"education_state_rnk",95.6594
"35756","zcta",2019,118.02,115.79,129.72,92.23,"education_state_rnk",91.4858
"35757","zcta",2019,119.37,131.59,109.64,101.39,"education_state_rnk",96.1603
"35758","zcta",2019,123.85,129.13,111.06,115.31,"education_state_rnk",97.8297
"35759","zcta",2019,120.54,136.67,113.84,89.55,"education_state_rnk",97.4958
"35760","zcta",2019,85.3,98.57,104.53,102.2,"education_state_rnk",38.3973
"35761","zcta",2019,94.68,108.18,101.94,99.43,"education_state_rnk",68.6144
"35763","zcta",2019,126.24,143.29,115.99,110.42,"education_state_rnk",99.3322
"35764","zcta",2019,54.69,85.43,85.3,93.92,"education_state_rnk",2.8381
"35765","zcta",2019,81.21,96.43,89.39,102.55,"education_state_rnk",35.5593
"35766","zcta",2019,79.14,106.51,64.67,99.55,"education_state_rnk",47.0785
"35768","zcta",2019,93.97,99.27,94.34,103.52,"education_state_rnk",62.4374
"35769","zcta",2019,103.94,100.48,97.66,96.98,"education_state_rnk",78.6311
"35771","zcta",2019,86.24,75.72,106.31,93.49,"education_state_rnk",19.1987
"35772","zcta",2019,88.07,95.84,111.54,100.29,"education_state_rnk",37.2287
"35773","zcta",2019,96.96,96.99,104.23,101.74,"education_state_rnk",65.1085
"35774","zcta",2019,109.5,96.33,49.55,85.16,"education_state_rnk",90.4841
"35775","zcta",2019,69.9,106.51,109.41,87.15,"education_state_rnk",12.3539
"35776","zcta",2019,85.73,91.65,101.22,108.92,"education_state_rnk",34.2237
"35801","zcta",2019,113.92,112.12,86.02,116.46,"education_state_rnk",92.6544
"35802","zcta",2019,123.81,103.3,86.78,108.57,"education_state_rnk",95.4925
"35803","zcta",2019,120.45,118.54,101.57,116.59,"education_state_rnk",94.9917
"35805","zcta",2019,73.53,70.54,114.29,112.36,"education_state_rnk",5.5092
"35806","zcta",2019,122.92,102.76,96.07,104.57,"education_state_rnk",94.3239
"35808","zcta",2019,122.09,150.1,121.32,95.99,"education_state_rnk",99.1653
"35810","zcta",2019,93.67,80.12,116.2,104.33,"education_state_rnk",37.0618
"35811","zcta",2019,107.12,115.31,100.06,105.27,"education_state_rnk",86.8114
"35816","zcta",2019,97.78,67.76,109.3,100.52,"education_state_rnk",41.9032
"35824","zcta",2019,128.21,97.74,107.27,86.35,"education_state_rnk",94.8247
"35896","zcta",2019,NA,NA,NA,NA,"education_state_rnk",NA
"35901","zcta",2019,90.73,91.62,97.44,114.44,"education_state_rnk",48.414
"35903","zcta",2019,87.95,83.38,98.4,101.38,"education_state_rnk",34.5576
"35904","zcta",2019,86.5,80.9,94.49,101.48,"education_state_rnk",29.7162
"35905","zcta",2019,98.86,77.31,99.55,93.44,"education_state_rnk",52.2538
"35906","zcta",2019,110.01,93.87,102.3,94.54,"education_state_rnk",81.9699
"35907","zcta",2019,114.38,94.26,91.24,91.46,"education_state_rnk",87.98
"35950","zcta",2019,75.85,92.78,126.54,106.21,"education_state_rnk",9.182
"35951","zcta",2019,59.77,88.42,110.27,105.46,"education_state_rnk",3.005
"35952","zcta",2019,67.7,101.63,104.41,96.74,"education_state_rnk",9.5159
"35953","zcta",2019,78.79,113.63,96.4,110.3,"education_state_rnk",39.0651
"35954","zcta",2019,86.11,68.17,105.82,116.91,"education_state_rnk",14.1903
"35956","zcta",2019,86.83,80.82,101.98,94.69,"education_state_rnk",27.379
"35957","zcta",2019,73.59,85.69,114.46,108.33,"education_state_rnk",7.0117
"35958","zcta",2019,83.85,121.43,83.52,92.45,"education_state_rnk",66.1102
"35959","zcta",2019,84.48,100.55,93.03,90.31,"education_state_rnk",44.7412
"35960","zcta",2019,85.71,95.05,94.18,90.43,"education_state_rnk",42.571
"35961","zcta",2019,62.57,87.13,111.13,98.21,"education_state_rnk",4.0067
"35962","zcta",2019,59.87,91.71,112.15,98.58,"education_state_rnk",3.8397
"35963","zcta",2019,97.84,69.27,98.58,116.79,"education_state_rnk",45.2421
"35966","zcta",2019,78.14,89.73,85.95,98.85,"education_state_rnk",25.8765
"35967","zcta",2019,71.47,90.76,106.8,98.36,"education_state_rnk",8.8481
"35968","zcta",2019,69.31,74.6,115.13,91.87,"education_state_rnk",4.1736
"35971","zcta",2019,78.83,87.31,96.87,89.57,"education_state_rnk",20.1169
"35972","zcta",2019,83.3,103.44,91.01,91.85,"education_state_rnk",44.9082
"35973","zcta",2019,66.97,78.72,93.01,87.8,"education_state_rnk",5.6761
"35974","zcta",2019,79.51,99.69,111.83,85.71,"education_state_rnk",23.8731
"35975","zcta",2019,87.62,106.51,82.71,91.74,"education_state_rnk",61.6027
"35976","zcta",2019,95.56,96.31,95.79,114.51,"education_state_rnk",64.4407
"35978","zcta",2019,84.95,82.11,95.25,106.36,"education_state_rnk",27.8798
"35979","zcta",2019,85.68,69.6,112.55,108.27,"education_state_rnk",14.3573
"35980","zcta",2019,80.72,113.2,112.33,92.5,"education_state_rnk",37.98
"35981","zcta",2019,99.58,112.97,118.2,93.38,"education_state_rnk",71.9533
"35983","zcta",2019,104.44,101.89,95.9,85.56,"education_state_rnk",80.4674
"35984","zcta",2019,108.92,119.37,69.85,95.34,"education_state_rnk",93.1553
"35986","zcta",2019,77.57,103.54,106.11,93.53,"education_state_rnk",22.7045
"35987","zcta",2019,78.47,101.77,104.34,93.21,"education_state_rnk",24.8748
"35988","zcta",2019,84.61,98.63,111.89,91.84,"education_state_rnk",33.5559
"35989","zcta",2019,74.22,112.08,108.36,88.51,"education_state_rnk",23.0384
"35990","zcta",2019,NA,NA,NA,NA,"education_state_rnk",NA
"36003","zcta",2019,76.6,70.08,69.57,84.17,"education_state_rnk",14.0234
"36005","zcta",2019,88.57,90.92,91.59,92.16,"education_state_rnk",46.2437
"36006","zcta",2019,92.1,84.97,75.14,94.81,"education_state_rnk",58.9316
"36009","zcta",2019,93.8,94.6,100.33,90.22,"education_state_rnk",56.01
"36010","zcta",2019,77.58,82.5,92.57,97.31,"education_state_rnk",15.5259
"36013","zcta",2019,109.4,93.6,96.68,86.85,"education_state_rnk",83.0551
"36016","zcta",2019,64.13,102.37,76,89.79,"education_state_rnk",11.1853
"36017","zcta",2019,NA,NA,NA,NA,"education_state_rnk",NA
"36020","zcta",2019,89.16,97.89,111.13,91.13,"education_state_rnk",46.0768
"36022","zcta",2019,103.32,97.79,104.57,97.25,"education_state_rnk",74.8748
"36024","zcta",2019,98.47,111.7,93.87,94.87,"education_state_rnk",77.6294
"36025","zcta",2019,NA,NA,NA,NA,"education_state_rnk",NA
"36026","zcta",2019,94.19,107.78,76.64,85.14,"education_state_rnk",75.2922
"36027","zcta",2019,79.77,88.08,106.92,99.28,"education_state_rnk",17.6962
"36028","zcta",2019,70.55,98.52,88.26,90.83,"education_state_rnk",16.5275
"36029","zcta",2019,96.27,95.42,74.51,85.58,"education_state_rnk",72.4541
"36030","zcta",2019,104.52,89.63,108.73,100.15,"education_state_rnk",68.4474
"36031","zcta",2019,24.17,106.51,90.72,83.17,"education_state_rnk",0.6678
"36032","zcta",2019,91.77,97.36,111.61,88.61,"education_state_rnk",49.5826
"36033","zcta",2019,83.64,103.86,99.52,94.42,"education_state_rnk",42.404
"36034","zcta",2019,103.25,81.14,111.29,91.92,"education_state_rnk",60.9349
"36035","zcta",2019,95.52,82.1,103.48,86.99,"education_state_rnk",49.0818
"36036","zcta",2019,92.33,94.7,86.47,88.98,"education_state_rnk",63.9399
"36037","zcta",2019,93.71,79.25,94.95,93.31,"education_state_rnk",45.576
"36038","zcta",2019,NA,NA,NA,NA,"education_state_rnk",NA
"36039","zcta",2019,63.86,98.65,55.61,85.16,"education_state_rnk",14.8581
"36040","zcta",2019,82.06,104.44,99.66,95.96,"education_state_rnk",39.7329
"36041","zcta",2019,79.66,103.05,100.39,88.52,"education_state_rnk",30.3005
"36042","zcta",2019,87.53,79.63,99,87.18,"education_state_rnk",29.3823
"36043","zcta",2019,83.03,107.79,78.64,86.38,"education_state_rnk",57.7629
"36046","zcta",2019,86.65,90.87,93.53,91.57,"education_state_rnk",39.9833
"36047","zcta",2019,91.05,120.83,117.67,94.01,"education_state_rnk",63.0217
"36048","zcta",2019,50.52,99.05,85.08,84.17,"education_state_rnk",3.4224
"36049","zcta",2019,90.83,88.73,100.01,89.51,"education_state_rnk",47.2454
"36051","zcta",2019,98.41,114.07,93.72,106.42,"education_state_rnk",77.7963
"36052","zcta",2019,123.07,106.34,66.35,91.66,"education_state_rnk",98.3306
"36053","zcta",2019,88.25,104.13,96.14,97.82,"education_state_rnk",54.6745
"36054","zcta",2019,103.25,103.64,107.5,93.26,"education_state_rnk",76.7947
"36064","zcta",2019,123.79,116.25,107.33,89.28,"education_state_rnk",96.3272
"36066","zcta",2019,111.39,106.9,101.86,89.19,"education_state_rnk",88.1469
"36067","zcta",2019,96.89,93.89,110.98,104.27,"education_state_rnk",56.7613
"36069","zcta",2019,101.53,97.27,78.8,88.5,"education_state_rnk",79.7997
"36071","zcta",2019,92.31,102.31,69.85,89.03,"education_state_rnk",69.9499
"36075","zcta",2019,86.69,105.46,84.78,85.63,"education_state_rnk",57.429
"36078","zcta",2019,88.39,93.49,97.71,97.31,"education_state_rnk",44.2404
"36079","zcta",2019,103.69,87.61,101.68,93.36,"education_state_rnk",70.4508
"36080","zcta",2019,109.89,112.89,93.59,84.98,"education_state_rnk",88.9816
"36081","zcta",2019,97.75,99.37,122.73,94.34,"education_state_rnk",65.4424
"36082","zcta",2019,NA,NA,NA,NA,"education_state_rnk",NA
"36083","zcta",2019,96.21,82.24,91.63,92.51,"education_state_rnk",56.9282
"36088","zcta",2019,NA,NA,NA,NA,"education_state_rnk",NA
"36089","zcta",2019,79.36,95.31,96.53,88.34,"education_state_rnk",25.7095
"36091","zcta",2019,88.97,84.9,99.79,96.3,"education_state_rnk",35.0584
"36092","zcta",2019,93.92,107.29,97.22,108.36,"education_state_rnk",68.1135
"36093","zcta",2019,119.04,120.65,104.55,91.19,"education_state_rnk",94.6578
"36104","zcta",2019,82.11,77.37,104.52,100.61,"education_state_rnk",17.3623
"36105","zcta",2019,83.53,90.64,97.54,96.57,"education_state_rnk",32.5543
"36106","zcta",2019,117.53,92.68,101.22,90.26,"education_state_rnk",89.1486
"36107","zcta",2019,81.55,96.21,103.37,95.35,"education_state_rnk",31.0518
"36108","zcta",2019,67.9,70.57,93.94,104.39,"education_state_rnk",4.3406
"36109","zcta",2019,106.7,97.55,97.98,101.32,"education_state_rnk",81.3022
"36110","zcta",2019,71.98,92.26,103.38,91.34,"education_state_rnk",10.0167
"36111","zcta",2019,93.08,99.56,109.42,91.21,"education_state_rnk",56.5109
"36112","zcta",2019,NA,NA,NA,NA,"education_state_rnk",NA
"36113","zcta",2019,NA,NA,NA,NA,"education_state_rnk",NA
"36115","zcta",2019,121.2,129.44,134.16,83.74,"education_state_rnk",93.823
"36116","zcta",2019,102.04,100.2,111.55,123.2,"education_state_rnk",71.1185
"36117","zcta",2019,119.02,105.62,108.71,112.21,"education_state_rnk",92.1536
"36201","zcta",2019,67.73,87.87,94.87,113.52,"education_state_rnk",6.5109
"36203","zcta",2019,92.7,103.16,109.62,99.37,"education_state_rnk",58.4307
"36205","zcta",2019,113.38,109.3,88.45,84.17,"education_state_rnk",91.9866
"36206","zcta",2019,93.91,83.25,110.58,93.44,"education_state_rnk",42.0701
"36207","zcta",2019,107.83,103.86,96.79,102.36,"education_state_rnk",84.1402
"36250","zcta",2019,105.86,110.92,90.23,87.28,"education_state_rnk",85.8097
"36251","zcta",2019,69.87,84.29,79.3,91.87,"education_state_rnk",10.3506
"36255","zcta",2019,85.19,89.1,106.01,96.01,"education_state_rnk",28.2137
"36256","zcta",2019,91.32,92.3,104.57,89.1,"education_state_rnk",46.7446
"36258","zcta",2019,95.64,94.46,72.33,93.58,"education_state_rnk",70.6177
"36260","zcta",2019,81.17,108.01,97.71,93.83,"education_state_rnk",39.9833
"36262","zcta",2019,74.35,104.51,98.53,89.99,"education_state_rnk",22.3706
"36263","zcta",2019,89.02,99.97,66.34,86.16,"education_state_rnk",67.4457
"36264","zcta",2019,77.53,82.63,105.13,96.69,"education_state_rnk",13.0217
"36265","zcta",2019,108.45,87,109.62,118.54,"education_state_rnk",75.4591
"36266","zcta",2019,74.28,111.67,111.44,99.89,"education_state_rnk",21.3689
"36267","zcta",2019,NA,NA,NA,NA,"education_state_rnk",NA
"36268","zcta",2019,87.57,87.93,99.9,93.5,"education_state_rnk",36.4775
"36269","zcta",2019,81.79,73.57,117.61,88.8,"education_state_rnk",9.8497
"36271","zcta",2019,79.42,91.35,93.08,91.54,"education_state_rnk",24.207
"36272","zcta",2019,79.82,96.09,99.46,108.74,"education_state_rnk",24.0401
"36273","zcta",2019,92.22,89.95,95.07,86.59,"education_state_rnk",50.4174
"36274","zcta",2019,83.41,97.11,93.02,104.64,"education_state_rnk",37.7295
"36276","zcta",2019,72.77,77.77,103.11,100.55,"education_state_rnk",6.8447
"36277","zcta",2019,98.11,86.44,111.67,88.45,"education_state_rnk",55.3422
"36278","zcta",2019,88.45,88.5,101.67,91.49,"education_state_rnk",41.5693
"36279","zcta",2019,84.77,73.3,89.76,88.69,"education_state_rnk",24.4574
"36280","zcta",2019,86.84,79.68,96.55,94.72,"education_state_rnk",31.5526
"36301","zcta",2019,93.5,97.62,105.46,108.16,"education_state_rnk",54.3406
"36303","zcta",2019,98.83,99.76,105.22,113.23,"education_state_rnk",68.7813
"36305","zcta",2019,113.9,106.09,104.64,103.48,"education_state_rnk",88.6477
"36310","zcta",2019,82.15,91.2,87.19,89.59,"education_state_rnk",34.8915
"36311","zcta",2019,77.59,63.39,85.71,94.26,"education_state_rnk",8.6811
"36312","zcta",2019,93.93,97.96,101.29,91.57,"education_state_rnk",60.1002
"36313","zcta",2019,89.85,129.38,123.94,86.2,"education_state_rnk",64.6077
"36314","zcta",2019,77.7,71.63,57.73,89.45,"education_state_rnk",21.5359
"36316","zcta",2019,101.23,111.27,90.65,83.87,"education_state_rnk",82.1369
"36317","zcta",2019,40.4,74.47,54.22,87.64,"education_state_rnk",1.1686
"36318","zcta",2019,71.8,89.39,128.4,88.35,"education_state_rnk",6.01
"36319","zcta",2019,89.49,70.73,94.36,91.4,"education_state_rnk",28.7145
"36320","zcta",2019,88.77,101.22,93.63,89.75,"education_state_rnk",51.9199
"36321","zcta",2019,84.09,78.15,110.14,89.14,"education_state_rnk",17.1119
"36322","zcta",2019,92.88,69.43,101.71,89.36,"education_state_rnk",31.9699
"36323","zcta",2019,78.21,80.08,84.83,92.52,"education_state_rnk",17.5292
"36330","zcta",2019,102.46,103.23,111.92,100.16,"education_state_rnk",74.5409
"36340","zcta",2019,77.93,95.4,109.88,91.38,"education_state_rnk",18.0301
"36343","zcta",2019,65.22,100.07,81.93,86.96,"education_state_rnk",10.5175
"36344","zcta",2019,87.67,111.76,92.67,91.44,"education_state_rnk",61.1018
"36345","zcta",2019,91.84,94.09,106.27,98.42,"education_state_rnk",49.8331
"36346","zcta",2019,81.85,85.34,111.63,85.75,"education_state_rnk",18.2805
"36350","zcta",2019,92.63,96.84,106.37,94.61,"education_state_rnk",51.419
"36351","zcta",2019,89.19,101.59,93.46,87.5,"education_state_rnk",55.0918
"36352","zcta",2019,96.01,95.26,102.64,92.89,"education_state_rnk",62.6043
"36353","zcta",2019,95,102.57,94.67,84.37,"education_state_rnk",67.7796
"36360","zcta",2019,94.42,88.95,99.81,102.38,"education_state_rnk",50.5843
"36362","zcta",2019,122.74,98,124.44,83.39,"education_state_rnk",90.3172
"36370","zcta",2019,71.93,69.37,87.45,88.02,"education_state_rnk",6.177
"36371","zcta",2019,101.53,115.33,85.31,86.97,"education_state_rnk",83.8063
"36373","zcta",2019,63.95,106.51,69.49,111.47,"education_state_rnk",16.1937
"36374","zcta",2019,72.7,111.11,74.85,90.76,"education_state_rnk",33.0551
"36375","zcta",2019,82.24,99.13,96.36,97.71,"education_state_rnk",35.7262
"36376","zcta",2019,81.19,73.92,93.97,89.23,"education_state_rnk",14.5242
"36401","zcta",2019,93.25,113.18,98.59,95.75,"education_state_rnk",69.2821
"36420","zcta",2019,91.52,86.56,93.83,100.55,"education_state_rnk",48.2471
"36421","zcta",2019,95.38,97.95,109.32,100.41,"education_state_rnk",57.0952
"36425","zcta",2019,101.72,68.4,103.23,99.94,"education_state_rnk",49.4157
"36426","zcta",2019,90.88,92.37,101.03,105.44,"education_state_rnk",46.5776
"36432","zcta",2019,79.36,106.51,96.34,106.18,"education_state_rnk",35.2254
"36435","zcta",2019,84.85,88.18,112.17,86.57,"education_state_rnk",25.3756
"36436","zcta",2019,84.02,106.51,90.58,87.15,"education_state_rnk",47.9132
"36439","zcta",2019,98.39,78.5,150.72,87.22,"education_state_rnk",27.0451
"36441","zcta",2019,101.59,77.77,109.15,90.31,"education_state_rnk",54.0902
"36442","zcta",2019,86.51,72.67,99.25,93.3,"education_state_rnk",20.7012
"36444","zcta",2019,78.09,71.43,83.12,90.39,"education_state_rnk",13.3556
"36445","zcta",2019,94.92,103.35,98.5,93.86,"education_state_rnk",67.6127
"36446","zcta",2019,100.13,60.69,74.6,84.69,"education_state_rnk",54.6745
"36451","zcta",2019,89.14,99.16,89.46,87.36,"education_state_rnk",53.9232
"36453","zcta",2019,81.29,90.71,87.7,95.1,"education_state_rnk",30.5509
"36454","zcta",2019,NA,NA,NA,NA,"education_state_rnk",NA
"36455","zcta",2019,85.79,96.33,80.65,93.35,"education_state_rnk",46.9115
"36456","zcta",2019,91.28,65.04,116.26,100.74,"education_state_rnk",17.1119
"36460","zcta",2019,96.72,96.49,95.26,97.54,"education_state_rnk",66.2771
"36467","zcta",2019,83.36,92.59,102.19,96.54,"education_state_rnk",29.5492
"36470","zcta",2019,NA,NA,NA,NA,"education_state_rnk",NA
"36471","zcta",2019,90.14,71.92,95.15,96.36,"education_state_rnk",29.2154
"36473","zcta",2019,51.15,106.51,43.56,85.16,"education_state_rnk",7.429
"36474","zcta",2019,83.8,96.29,87.64,99.83,"education_state_rnk",41.4023
"36475","zcta",2019,109.04,78.89,95.61,97.47,"education_state_rnk",74.8748
"36476","zcta",2019,NA,NA,NA,NA,"education_state_rnk",NA
"36477","zcta",2019,81.06,85.79,102.53,91.42,"education_state_rnk",19.8664
"36480","zcta",2019,89.44,81.67,91.48,88.21,"education_state_rnk",38.7312
"36481","zcta",2019,78.97,60.69,93.62,87.02,"education_state_rnk",7.8464
"36482","zcta",2019,77.29,68.42,105.38,87.69,"education_state_rnk",9.6828
"36483","zcta",2019,94.31,91.49,78.62,106.4,"education_state_rnk",63.2721
"36502","zcta",2019,82.43,72.22,94.23,101.37,"education_state_rnk",15.6928
"36505","zcta",2019,80.32,97.83,150.79,88.55,"education_state_rnk",12.02
"36507","zcta",2019,95.33,90.12,98.48,97.31,"education_state_rnk",56.5109
"36509","zcta",2019,48.99,77.19,91.83,87.51,"education_state_rnk",1.5025
"36511","zcta",2019,70.58,106.51,43.56,87.15,"education_state_rnk",42.7379
"36512","zcta",2019,NA,NA,NA,NA,"education_state_rnk",NA
"36513","zcta",2019,-34.58,106.51,176.6,91.78,"education_state_rnk",0
"36518","zcta",2019,91.12,100.08,91.18,92.08,"education_state_rnk",58.2638
"36521","zcta",2019,89.11,83.39,94.6,92.57,"education_state_rnk",36.0601
"36522","zcta",2019,89.86,78.27,111.43,103.62,"education_state_rnk",24.7078
"36523","zcta",2019,66.89,82.47,86.53,88.61,"education_state_rnk",6.3439
"36524","zcta",2019,76.07,96.14,101.84,84.27,"education_state_rnk",18.5309
"36525","zcta",2019,92.29,107.86,114.1,88.72,"education_state_rnk",57.2621
"36526","zcta",2019,120.31,110.21,108.27,103.21,"education_state_rnk",92.8214
"36527","zcta",2019,119.44,120.7,116.64,101.42,"education_state_rnk",93.4891
"36528","zcta",2019,121.47,103.02,70.95,84.17,"education_state_rnk",95.9933
"36529","zcta",2019,111.72,75.27,109.52,93.38,"education_state_rnk",71.5359
"36530","zcta",2019,94.89,85,84.45,93.84,"education_state_rnk",59.4324
"36532","zcta",2019,115.98,106.11,102.8,101.22,"education_state_rnk",91.1519
"36535","zcta",2019,103.74,97.82,88.58,100.31,"education_state_rnk",79.4658
"36538","zcta",2019,57.89,60.69,83.66,91.13,"education_state_rnk",1.6694
"36539","zcta",2019,88.29,78.86,111.61,86.41,"education_state_rnk",26.2104
"36540","zcta",2019,91.16,67.94,69.41,90.03,"education_state_rnk",42.9048
"36541","zcta",2019,87.97,89.8,112.24,101.34,"education_state_rnk",32.7212
"36542","zcta",2019,112.96,101.22,86.7,90.47,"education_state_rnk",89.4825
"36543","zcta",2019,130.05,111.14,168.49,84.17,"education_state_rnk",90.6511
"36544","zcta",2019,70.74,58.72,103.68,94.39,"education_state_rnk",3.6728
"36545","zcta",2019,80.48,87.6,110.58,92.43,"education_state_rnk",17.8631
"36548","zcta",2019,118.14,101.14,65.48,85.63,"education_state_rnk",93.99
"36549","zcta",2019,111.57,86.33,68.44,89.58,"education_state_rnk",85.9766
"36550","zcta",2019,74.72,106.51,43.56,84.17,"education_state_rnk",55.3422
"36551","zcta",2019,101.18,94.15,93.25,111.1,"education_state_rnk",72.621
"36553","zcta",2019,75.32,101.72,102.7,88.15,"education_state_rnk",18.8648
"36555","zcta",2019,116.42,113.1,67.47,96.74,"education_state_rnk",95.3255
"36556","zcta",2019,95.98,102.31,139.27,87.26,"education_state_rnk",45.409
"36558","zcta",2019,87.21,98.39,99.41,92.2,"education_state_rnk",46.4107
"36559","zcta",2019,134.58,70.17,56.79,89.14,"education_state_rnk",98.4975
"36560","zcta",2019,64.29,81.82,93.29,89.45,"education_state_rnk",4.5075
"36561","zcta",2019,120.2,114.1,74.27,92.9,"education_state_rnk",97.1619
"36562","zcta",2019,80.85,96.37,84.36,90.62,"education_state_rnk",34.0568
"36564","zcta",2019,146.63,106.51,103.63,83.17,"education_state_rnk",100
"36567","zcta",2019,89.28,90.46,105.22,102.6,"education_state_rnk",40.5676
"36568","zcta",2019,NA,NA,NA,NA,"education_state_rnk",NA
"36569","zcta",2019,100.31,106.51,81.14,146.7,"education_state_rnk",76.9616
"36571","zcta",2019,98.27,97.95,108.66,95.27,"education_state_rnk",65.6093
"36572","zcta",2019,104.41,98.71,98.94,93.51,"education_state_rnk",78.1302
"36574","zcta",2019,95.34,87.44,76.78,95.37,"education_state_rnk",64.9416
"36575","zcta",2019,98.05,91.01,104.69,95.26,"education_state_rnk",61.4357
"36576","zcta",2019,110.16,98.67,84.37,91.2,"education_state_rnk",86.1436
"36578","zcta",2019,114.31,132.49,102.38,100.74,"education_state_rnk",93.3222
"36579","zcta",2019,102.16,107.11,74.25,84.17,"education_state_rnk",84.975
"36580","zcta",2019,85.02,89.97,91.71,95.97,"education_state_rnk",36.7279
"36581","zcta",2019,116.46,106.51,86.8,85.16,"education_state_rnk",91.3189
"36582","zcta",2019,96.28,92.54,104.3,105.27,"education_state_rnk",56.2604
"36583","zcta",2019,106.95,106.51,114.82,97.45,"education_state_rnk",79.6327
"36584","zcta",2019,90.21,106.21,116.7,88.55,"education_state_rnk",48.8314
"36585","zcta",2019,101.25,97.75,137.31,89.89,"education_state_rnk",55.5927
"36587","zcta",2019,76.34,74.47,98.04,102.1,"education_state_rnk",8.5142
"36590","zcta",2019,NA,NA,NA,NA,"education_state_rnk",NA
"36602","zcta",2019,106.08,135.86,50.72,89.14,"education_state_rnk",96.6611
"36603","zcta",2019,75.64,92.3,87.42,96.77,"education_state_rnk",19.4491
"36604","zcta",2019,110.6,107.5,91.01,95.64,"education_state_rnk",89.3155
"36605","zcta",2019,95.17,91.47,109.1,105.37,"education_state_rnk",50.0835
"36606","zcta",2019,104.07,100.21,98.61,109.41,"education_state_rnk",78.2972
"36607","zcta",2019,102.32,112.05,88.91,90.46,"education_state_rnk",83.9733
"36608","zcta",2019,111.54,91.93,100.94,113.49,"education_state_rnk",83.6394
"36609","zcta",2019,110.5,99.16,95.87,99.3,"education_state_rnk",85.6427
"36610","zcta",2019,82.34,68.12,115.9,97.61,"education_state_rnk",8.3472
"36611","zcta",2019,93.22,76.3,126.48,95.4,"education_state_rnk",23.2888
"36612","zcta",2019,81.16,101.53,146.95,87.33,"education_state_rnk",13.6895
"36613","zcta",2019,89.71,81.24,102.68,91.26,"education_state_rnk",33.7229
"36615","zcta",2019,NA,NA,NA,NA,"education_state_rnk",NA
"36616","zcta",2019,NA,NA,NA,NA,"education_state_rnk",NA
"36617","zcta",2019,95.6,96.3,96.66,100.38,"education_state_rnk",63.773
"36618","zcta",2019,99.8,99.85,108.99,94.37,"education_state_rnk",69.5326
"36619","zcta",2019,95.17,106.96,95.78,90.31,"education_state_rnk",70.1169
"36688","zcta",2019,NA,NA,NA,NA,"education_state_rnk",NA
"36693","zcta",2019,112.72,106.01,95.19,97.4,"education_state_rnk",89.6494
"36695","zcta",2019,112.04,107.06,108.37,103.21,"education_state_rnk",87.1452
"36701","zcta",2019,95.82,88.62,105.09,115.41,"education_state_rnk",51.0851
"36703","zcta",2019,86.6,78.24,111.86,108.72,"education_state_rnk",19.6995
"36720","zcta",2019,55.68,104.36,142.9,86.44,"education_state_rnk",2.0033
"36722","zcta",2019,67.84,106.51,69.8,91.58,"education_state_rnk",19.4491
"36723","zcta",2019,51.97,106.51,181.9,85.91,"education_state_rnk",1.0017
"36726","zcta",2019,85.53,83.78,109.16,88.34,"education_state_rnk",22.5376
"36727","zcta",2019,NA,NA,NA,NA,"education_state_rnk",NA
"36728","zcta",2019,57.4,95.06,79.86,89.14,"education_state_rnk",5.8431
"36732","zcta",2019,93.74,95.52,112.1,88.25,"education_state_rnk",52.6711
"36736","zcta",2019,96.25,110.49,174.68,85.59,"education_state_rnk",40.2337
"36738","zcta",2019,102.87,99.16,73.37,204.26,"education_state_rnk",78.9649
"36740","zcta",2019,91.16,90.45,88.84,84.83,"education_state_rnk",51.7529
"36742","zcta",2019,87.35,99.7,59.91,92.21,"education_state_rnk",63.606
"36744","zcta",2019,93.76,59.65,90.96,90.4,"education_state_rnk",31.3856
"36748","zcta",2019,95.75,83.26,81.4,95.95,"education_state_rnk",57.9299
"36749","zcta",2019,56.8,86.63,61.89,96.95,"education_state_rnk",5.0083
"36750","zcta",2019,88.21,119.47,105.8,94.18,"education_state_rnk",61.2688
"36751","zcta",2019,18.94,86.83,127.77,95.24,"education_state_rnk",0.5008
"36752","zcta",2019,112.9,132.02,65.55,86.83,"education_state_rnk",96.995
"36753","zcta",2019,NA,NA,NA,NA,"education_state_rnk",NA
"36754","zcta",2019,57.36,127.21,55.78,91.13,"education_state_rnk",25.0417
"36756","zcta",2019,88.39,78.87,112,87.49,"education_state_rnk",31.2187
"36758","zcta",2019,92.78,95.95,99.41,98.03,"education_state_rnk",52.9215
"36759","zcta",2019,86.92,58.55,111.93,90.6,"education_state_rnk",10.1836
"36761","zcta",2019,73.41,95.72,107.31,93.12,"education_state_rnk",11.8531
"36763","zcta",2019,57.62,100.78,202.7,87.15,"education_state_rnk",0.8347
"36765","zcta",2019,74.33,81.51,106.36,93.87,"education_state_rnk",7.429
"36766","zcta",2019,NA,NA,NA,NA,"education_state_rnk",NA
"36767","zcta",2019,64.64,62.51,102.15,87.9,"education_state_rnk",2.3372
"36768","zcta",2019,110.05,67.42,87.37,90.14,"education_state_rnk",72.1202
"36769","zcta",2019,89.95,88.42,95.01,90.11,"education_state_rnk",45.0751
"36773","zcta",2019,52.73,85.36,121.44,88.21,"education_state_rnk",1.3356
"36775","zcta",2019,97.56,84.34,114.47,84.17,"education_state_rnk",47.4124
"36776","zcta",2019,96.58,88.7,124.21,83.9,"education_state_rnk",50.2504
"36782","zcta",2019,92.92,118.17,116.78,93.09,"education_state_rnk",64.2738
"36783","zcta",2019,106.34,151.61,62.23,100.65,"education_state_rnk",97.6628
"36784","zcta",2019,96.04,100.26,90.22,94.71,"education_state_rnk",69.5326
"36785","zcta",2019,84.86,72.94,87.12,100.05,"education_state_rnk",22.0367
"36786","zcta",2019,100.42,58.7,115.25,88.17,"education_state_rnk",35.3923
"36790","zcta",2019,NA,NA,NA,NA,"education_state_rnk",NA
"36792","zcta",2019,108.91,111.14,91.12,97.33,"education_state_rnk",86.9783
"36793","zcta",2019,112.67,91.85,89.08,91.13,"education_state_rnk",85.4758
"36801","zcta",2019,107.58,98.17,104.76,115.23,"education_state_rnk",80.3005
"36804","zcta",2019,99.68,92.09,101.41,97.34,"education_state_rnk",67.1119
"36830","zcta",2019,119.24,98.46,129.41,113.26,"education_state_rnk",88.3139
"36832","zcta",2019,112.68,79.53,138.26,106.44,"education_state_rnk",71.7863
"36849","zcta",2019,NA,NA,NA,NA,"education_state_rnk",NA
"36850","zcta",2019,90.73,81.13,89.91,105.9,"education_state_rnk",43.0718
"36852","zcta",2019,89.35,79,106.09,95.3,"education_state_rnk",32.2204
"36853","zcta",2019,94.62,92.9,88.22,90.45,"education_state_rnk",64.1068
"36854","zcta",2019,95.14,98.37,108.05,99.32,"education_state_rnk",59.5993
"36855","zcta",2019,89.16,97.09,103.86,88.95,"education_state_rnk",48.0801
"36856","zcta",2019,106.78,118.1,133.69,93.28,"education_state_rnk",81.6361
"36858","zcta",2019,101.66,145.28,76.29,93.01,"education_state_rnk",92.9883
"36859","zcta",2019,NA,NA,NA,NA,"education_state_rnk",NA
"36860","zcta",2019,66.7,89.66,87.7,84.66,"education_state_rnk",7.1786
"36861","zcta",2019,93.33,93.55,86.88,87.71,"education_state_rnk",63.0217
"36862","zcta",2019,80.78,86.46,86.52,92.44,"education_state_rnk",27.5459
"36863","zcta",2019,87.12,85.15,91.66,104.43,"education_state_rnk",35.8932
"36865","zcta",2019,NA,NA,NA,NA,"education_state_rnk",NA
"36866","zcta",2019,93.52,84.53,85.69,94.75,"education_state_rnk",52.4207
"36867","zcta",2019,101.38,99.77,106.47,103.24,"education_state_rnk",72.2871
"36869","zcta",2019,84.74,91.84,106.34,99.28,"education_state_rnk",30.7179
"36870","zcta",2019,98.84,106.51,102.19,96.21,"education_state_rnk",74.1235
"36871","zcta",2019,99.54,127.2,98.68,90.14,"education_state_rnk",83.4725
"36874","zcta",2019,111.11,124.78,109.59,93.46,"education_state_rnk",90.818
"36875","zcta",2019,100.65,79.97,89,96.03,"education_state_rnk",63.4391
"36877","zcta",2019,100.89,100.91,97.81,94.34,"education_state_rnk",75.626
"36879","zcta",2019,120.17,135.57,104.2,94.62,"education_state_rnk",97.9967
"36901","zcta",2019,96.04,106.51,58.43,85.16,"education_state_rnk",80.8013
"36904","zcta",2019,97.27,93.63,93.25,92.03,"education_state_rnk",67.9466
"36907","zcta",2019,111.08,86.89,98.71,88.46,"education_state_rnk",82.6377
"36908","zcta",2019,91.59,85.82,97.57,93.5,"education_state_rnk",44.5743
"36910","zcta",2019,NA,NA,NA,NA,"education_state_rnk",NA
"36912","zcta",2019,94.59,92.36,73.42,88.92,"education_state_rnk",66.9449
"36913","zcta",2019,NA,NA,NA,NA,"education_state_rnk",NA
"36915","zcta",2019,101.16,102.31,75.91,86.75,"education_state_rnk",80.9683
"36916","zcta",2019,82.41,111.42,63.84,84.46,"education_state_rnk",62.2705
"36919","zcta",2019,78.32,87.62,103.97,90.6,"education_state_rnk",16.8614
"36921","zcta",2019,69.3,88.86,63.45,106.83,"education_state_rnk",15.192
"36922","zcta",2019,23.42,60.69,126.76,94.35,"education_state_rnk",0.1669
"36925","zcta",2019,95.09,97.48,103.36,94.99,"education_state_rnk",62.1035
"35004","zcta",2019,112.59,98.1,110.17,88.22,"education_state_rnk",83.3055
"35005","zcta",2019,91.53,91.87,102.2,94.57,"education_state_rnk",48.8314
"35006","zcta",2019,89.63,89.65,104.25,93.92,"education_state_rnk",40.7346
"35007","zcta",2019,101.44,102.87,111.34,93.21,"education_state_rnk",73.4558
"35010","zcta",2019,84.67,94.89,99.64,91.22,"education_state_rnk",36.227
"35013","zcta",2019,NA,NA,NA,NA,"education_state_rnk",NA
"35014","zcta",2019,76.5,88.61,97.17,96.31,"education_state_rnk",14.6912
"35016","zcta",2019,96.15,96.14,106.3,94.26,"education_state_rnk",60.7679
"35019","zcta",2019,92,86.98,97.63,90.14,"education_state_rnk",45.9098
"35020","zcta",2019,83.62,86.54,98.81,107.29,"education_state_rnk",25.5426
"35022","zcta",2019,109.16,104.92,93.18,105.35,"education_state_rnk",86.3105
"35023","zcta",2019,100.59,103.51,99.08,102.28,"education_state_rnk",75.1252
"35031","zcta",2019,79.94,96.02,93.24,95.73,"education_state_rnk",30.8848
"35032","zcta",2019,NA,NA,NA,NA,"education_state_rnk",NA
"35033","zcta",2019,78.88,80.78,121.96,85.16,"education_state_rnk",8.0134
"35034","zcta",2019,80.27,90.58,87.53,92.44,"education_state_rnk",26.3773
"35035","zcta",2019,106.98,144.52,59.79,89.14,"education_state_rnk",96.4942
"35036","zcta",2019,60.06,106.51,137.45,100.72,"education_state_rnk",3.4224
"35040","zcta",2019,104.96,101.02,121.63,107.21,"education_state_rnk",73.2888
"35042","zcta",2019,90.78,98.93,90.81,96.85,"education_state_rnk",57.596
"35043","zcta",2019,121.15,115,132.36,101.46,"education_state_rnk",91.6528
"35044","zcta",2019,81.93,93.53,97.81,101.46,"education_state_rnk",28.0467
"35045","zcta",2019,88.78,109.58,105.11,97.38,"education_state_rnk",53.4224
"35046","zcta",2019,96.88,89.62,101.39,93.4,"education_state_rnk",58.0968
"35049","zcta",2019,82.59,107.33,100.34,101.49,"education_state_rnk",41.0684
"35051","zcta",2019,96.51,107.71,100.45,108.51,"education_state_rnk",71.2855
"35052","zcta",2019,NA,NA,NA,NA,"education_state_rnk",NA
"35053","zcta",2019,92.15,119.49,84.16,88.96,"education_state_rnk",77.2955
"35054","zcta",2019,85.08,127.03,76.71,92.83,"education_state_rnk",72.788
"35055","zcta",2019,90.38,91.54,102.39,122.41,"education_state_rnk",43.7396
"35057","zcta",2019,89.17,95.5,98.64,96.26,"education_state_rnk",47.6628
"35058","zcta",2019,88.93,99.01,83.26,112.8,"education_state_rnk",56.01
"35060","zcta",2019,76.06,60.69,98.06,83.17,"education_state_rnk",7.6795
"35061","zcta",2019,96.86,105.42,77.1,88.01,"education_state_rnk",76.6277
"35062","zcta",2019,87.6,76.76,107.32,92.64,"education_state_rnk",23.2888
"35063","zcta",2019,77.52,70.6,86.66,91.92,"education_state_rnk",10.6845
"35064","zcta",2019,102.87,86.11,101.55,95.27,"education_state_rnk",68.2805
"35068","zcta",2019,100.49,119.23,85.05,93.66,"education_state_rnk",85.3088
"35070","zcta",2019,53.69,106.51,110.21,86.16,"education_state_rnk",3.172
"35071","zcta",2019,110.67,112.56,103.65,108.66,"education_state_rnk",87.6461
"35072","zcta",2019,75.52,87.66,99.78,90.39,"education_state_rnk",13.1886
"35073","zcta",2019,98.82,102.82,90.5,99.7,"education_state_rnk",73.6227
"35074","zcta",2019,NA,NA,NA,NA,"education_state_rnk",NA
"35077","zcta",2019,80.76,75.99,96.71,102.44,"education_state_rnk",15.025
"35078","zcta",2019,86.76,91.25,96.2,94.89,"education_state_rnk",41.2354
"35079","zcta",2019,103.51,103,100.44,92.34,"education_state_rnk",77.4624
"35080","zcta",2019,117.99,108.61,121.17,103.21,"education_state_rnk",89.8164
"35082","zcta",2019,NA,NA,NA,NA,"education_state_rnk",NA
"35083","zcta",2019,71.72,100.32,96.88,87.4,"education_state_rnk",15.3589
"35085","zcta",2019,79.67,92.27,101.12,91.33,"education_state_rnk",21.202
"35087","zcta",2019,75.89,90.5,103.56,92.88,"education_state_rnk",13.5225
"35089","zcta",2019,81.75,118.27,68.38,84.17,"education_state_rnk",65.9432
"35091","zcta",2019,112.66,106.59,122.92,92.9,"education_state_rnk",84.4741
"35094","zcta",2019,103.61,106.16,105.66,101.36,"education_state_rnk",78.798
"35096","zcta",2019,90.03,107.63,87.32,97.64,"education_state_rnk",64.7746
"35097","zcta",2019,83.43,93.86,117.37,90.54,"education_state_rnk",21.8698
"35098","zcta",2019,84.36,101.84,94.41,88.73,"education_state_rnk",43.9065
"35111","zcta",2019,109.87,100.05,108.34,101.54,"education_state_rnk",82.8047
"35112","zcta",2019,91.62,106.51,86.59,124.07,"education_state_rnk",61.7696
"35114","zcta",2019,113.08,134.9,112.3,91.27,"education_state_rnk",93.6561
"35115","zcta",2019,98.3,66.95,109.06,108.37,"education_state_rnk",40.4007
"35116","zcta",2019,108.7,107.54,102.04,98.44,"education_state_rnk",85.1419
"35117","zcta",2019,107.54,128.88,101.85,96.73,"education_state_rnk",90.1503
"35118","zcta",2019,93.99,112.71,99.69,86.52,"education_state_rnk",70.2838
"35119","zcta",2019,61.23,106.51,159.84,88.15,"education_state_rnk",2.5042
"35120","zcta",2019,96.5,119.75,110.73,105.4,"education_state_rnk",73.7896
"35121","zcta",2019,74.8,103.58,100.39,102.39,"education_state_rnk",21.7028
"35124","zcta",2019,112.37,109.27,102.91,104.45,"education_state_rnk",88.8147
"35125","zcta",2019,79.7,117.43,81.28,110.71,"education_state_rnk",50.9182
"35126","zcta",2019,105.21,88.87,97.88,100.43,"education_state_rnk",73.9566
"35127","zcta",2019,111.09,99.39,102.33,90.54,"education_state_rnk",84.808
"35128","zcta",2019,94.5,110.13,91.27,96.42,"education_state_rnk",71.5359
"35130","zcta",2019,68.77,134.35,101.65,86.16,"education_state_rnk",33.222
"35131","zcta",2019,81.01,87.78,101.92,96.71,"education_state_rnk",20.8681
"35133","zcta",2019,97.13,100.01,99.49,98.25,"education_state_rnk",66.4441
"35135","zcta",2019,102.01,111.93,112.08,85.16,"education_state_rnk",77.1285
"35136","zcta",2019,94.03,111.24,88.42,86.16,"education_state_rnk",72.9549
"35139","zcta",2019,-7.4,106.51,43.56,91.13,"education_state_rnk",0.3339
"35143","zcta",2019,104.01,92.36,89.05,87.81,"education_state_rnk",76.1269
"35146","zcta",2019,93.61,101.68,106.37,113.92,"education_state_rnk",58.7646
"35147","zcta",2019,109.77,122.44,96.19,95.39,"education_state_rnk",91.8197
"35148","zcta",2019,92.13,70.84,103.97,92.61,"education_state_rnk",30.0501
"35149","zcta",2019,101.23,106.51,43.56,89.14,"education_state_rnk",87.3122
"35150","zcta",2019,82.29,105.81,108.24,113.37,"education_state_rnk",34.3907
"35151","zcta",2019,87.21,77.53,95.08,102.82,"education_state_rnk",28.8815
"35160","zcta",2019,84.61,90.1,101.52,111.32,"education_state_rnk",31.9699
"35171","zcta",2019,80.87,96.39,104.58,92.99,"education_state_rnk",26.6277
"35172","zcta",2019,84.52,78.65,82.39,99.55,"education_state_rnk",28.3806
"35173","zcta",2019,115.63,115.94,115.1,107.25,"education_state_rnk",90.985
"35175","zcta",2019,86.62,104,109.38,100.04,"education_state_rnk",45.7429
"35176","zcta",2019,54.1,95.22,104.93,97.32,"education_state_rnk",2.6711
"35178","zcta",2019,90.32,94.26,116.08,96.18,"education_state_rnk",37.5626
"35179","zcta",2019,82.67,94.88,100.75,128.29,"education_state_rnk",27.7129
"35180","zcta",2019,94.61,98.41,110.88,102.57,"education_state_rnk",53.2554
"35183","zcta",2019,105.85,106.51,83.16,86.16,"education_state_rnk",84.6411
"35184","zcta",2019,72.2,90.53,100.31,106.05,"education_state_rnk",9.3489
"35186","zcta",2019,99.27,103.04,93.48,100.89,"education_state_rnk",74.5409
"35187","zcta",2019,NA,NA,NA,NA,"education_state_rnk",NA
"35188","zcta",2019,94.8,95.3,101.41,104.36,"education_state_rnk",54.9249
"35203","zcta",2019,96.08,129.78,54.27,97.33,"education_state_rnk",89.9833
"35204","zcta",2019,78.24,73.46,90.42,110.92,"education_state_rnk",11.3523
"35205","zcta",2019,119.24,96.15,97.48,106.62,"education_state_rnk",92.3205
"35206","zcta",2019,92.75,87.33,107.76,95.28,"education_state_rnk",43.4057
"35207","zcta",2019,91.85,92.44,103.47,88.31,"education_state_rnk",48.581
"35208","zcta",2019,99.11,87.72,102.78,94.32,"education_state_rnk",60.5175
"35209","zcta",2019,122.44,112.83,112.79,100.22,"education_state_rnk",94.4908
"35210","zcta",2019,106.35,102.86,91.16,102.51,"education_state_rnk",84.3072
"35211","zcta",2019,101.19,82.09,95.27,114.33,"education_state_rnk",65.2755
"35212","zcta",2019,92.59,100.17,100.62,94.27,"education_state_rnk",60.2671
"35213","zcta",2019,138.44,123.6,109.75,108.42,"education_state_rnk",99.8331
"35214","zcta",2019,106.15,100.32,100.51,103.64,"education_state_rnk",81.1352
"35215","zcta",2019,97.09,102.47,122.41,109.19,"education_state_rnk",59.0985
"35216","zcta",2019,122.8,111.89,111.23,97.19,"education_state_rnk",94.1569
"35217","zcta",2019,86.66,76.04,102.17,99.65,"education_state_rnk",22.2037
"35218","zcta",2019,97.2,73.91,111.62,89.34,"education_state_rnk",39.4825
"35221","zcta",2019,86.33,79.04,103.1,93.46,"education_state_rnk",22.8715
"35222","zcta",2019,118.06,124.49,89.68,90.41,"education_state_rnk",96.828
"35223","zcta",2019,132.89,139.16,112.14,100.73,"education_state_rnk",99.6661
"35224","zcta",2019,90.55,76.46,108.62,88.44,"education_state_rnk",28.5476
"35226","zcta",2019,129.59,116.71,111.36,97.16,"education_state_rnk",98.8314
"35228","zcta",2019,86.85,96.94,104.38,99.61,"education_state_rnk",40.9015
"35229","zcta",2019,NA,NA,NA,NA,"education_state_rnk",NA
"35233","zcta",2019,126.26,114.95,112.02,106.06,"education_state_rnk",98.1636
"35234","zcta",2019,78.37,74.71,79.3,100.89,"education_state_rnk",15.8598
"35235","zcta",2019,107.33,99.2,108.05,96.23,"education_state_rnk",80.1336
"35242","zcta",2019,127.03,120.93,104.76,107.21,"education_state_rnk",98.6644
"35243","zcta",2019,134.54,116.59,91.92,100.38,"education_state_rnk",99.4992
"35244","zcta",2019,120.93,120.17,106.21,118.29,"education_state_rnk",95.1586
"35254","zcta",2019,NA,NA,NA,NA,"education_state_rnk",NA
"35401","zcta",2019,96.04,76.22,128.55,109.42,"education_state_rnk",36.8948
"35404","zcta",2019,98.06,90.07,109.54,105.41,"education_state_rnk",59.9332
"35405","zcta",2019,110.41,106.31,101.78,109.2,"education_state_rnk",86.4775
"35406","zcta",2019,128.14,120.67,114,94.35,"education_state_rnk",98.9983
"35441","zcta",2019,85.62,68.96,101.51,84.23,"education_state_rnk",18.2805
"35442","zcta",2019,82.45,68.85,94.98,89.47,"education_state_rnk",13.8564
"35443","zcta",2019,74.13,69.65,123.68,89.81,"education_state_rnk",4.6745
"35444","zcta",2019,89.61,80.3,104.41,96,"education_state_rnk",31.7195
"35446","zcta",2019,83.74,90.85,100.18,109.82,"education_state_rnk",29.0484
"35447","zcta",2019,83.36,78.93,87.64,89.78,"education_state_rnk",25.2087
"35452","zcta",2019,86.98,92.45,92.02,106.38,"education_state_rnk",43.2387
"35453","zcta",2019,88.47,107.12,102.28,100.52,"education_state_rnk",53.0885
"35456","zcta",2019,80.23,71.28,118.49,106.22,"education_state_rnk",6.6778
"35457","zcta",2019,NA,NA,NA,NA,"education_state_rnk",NA
"35458","zcta",2019,92.41,72.14,59.45,89.14,"education_state_rnk",53.7563
"35459","zcta",2019,78.88,76.14,85.05,90.62,"education_state_rnk",16.3606
"35460","zcta",2019,115.01,88.05,77.29,97.36,"education_state_rnk",87.813
"35461","zcta",2019,95.15,94.44,82.52,86.52,"education_state_rnk",69.1152
"35462","zcta",2019,76.49,72.07,81.24,89.28,"education_state_rnk",11.6027
"35463","zcta",2019,103.56,69.42,93.77,93.99,"education_state_rnk",60.5175
"35464","zcta",2019,103.08,139.27,170.75,84.33,"education_state_rnk",75.9599
"35466","zcta",2019,93.38,109.66,103.27,99.32,"education_state_rnk",67.2788
"35469","zcta",2019,114.69,68.02,74.87,93.12,"education_state_rnk",82.4708
"35470","zcta",2019,102.07,84.52,131.18,91.6,"education_state_rnk",58.5977
"35473","zcta",2019,112.65,105.05,102.05,99.31,"education_state_rnk",88.4808
"35474","zcta",2019,98.96,126.42,105.47,95.72,"education_state_rnk",81.803
"35475","zcta",2019,108.76,110.91,100.37,97.33,"education_state_rnk",86.6444
"35476","zcta",2019,95.45,99.99,114.93,105.91,"education_state_rnk",59.2654
"35477","zcta",2019,111.6,83.6,64.12,83.17,"education_state_rnk",87.4791
"35480","zcta",2019,102.4,99.72,82.44,112.12,"education_state_rnk",79.1319
"35481","zcta",2019,80,79.64,84.7,89.78,"education_state_rnk",20.1169
"35490","zcta",2019,85.21,80.04,111.23,91.76,"education_state_rnk",20.3673
"35501","zcta",2019,81.4,98.77,112.06,102.43,"education_state_rnk",24.4574
"35503","zcta",2019,90.56,81.25,78.79,102.41,"education_state_rnk",47.6628
"35504","zcta",2019,99.15,93.22,104.16,89.27,"education_state_rnk",66.6945
"35540","zcta",2019,89.67,97.13,97,96.52,"education_state_rnk",49.2487
"35541","zcta",2019,89.56,81.64,84.72,90.06,"education_state_rnk",44.4073
"35542","zcta",2019,73.3,116.1,85.95,97.81,"education_state_rnk",33.8898
"35543","zcta",2019,61.14,56.07,86.35,90.5,"education_state_rnk",1.8364
"35544","zcta",2019,93.5,51.05,98.22,99.55,"education_state_rnk",21.0351
"35545","zcta",2019,NA,NA,NA,NA,"education_state_rnk",NA
"35546","zcta",2019,88.22,104.68,105.18,95.92,"education_state_rnk",49.8331
"35548","zcta",2019,73.05,86.14,90.04,97.27,"education_state_rnk",12.6878
"35549","zcta",2019,75.91,95.57,103.97,92.42,"education_state_rnk",16.0267
"35550","zcta",2019,85.4,78.31,92.77,96.95,"education_state_rnk",26.0434
"35552","zcta",2019,95.96,61.91,111.55,91.8,"education_state_rnk",27.212
"35553","zcta",2019,62.3,78.16,75.48,102.32,"education_state_rnk",5.1753
"35554","zcta",2019,94.47,74.83,99.95,98.03,"education_state_rnk",39.2321
"35555","zcta",2019,94.43,108.16,98.2,105.93,"education_state_rnk",68.9482
"35559","zcta",2019,NA,NA,NA,NA,"education_state_rnk",NA
"35563","zcta",2019,91.18,93.31,95.09,102.54,"education_state_rnk",50.7513
"35564","zcta",2019,83.63,86.41,85.04,92.04,"education_state_rnk",32.8881
"35565","zcta",2019,79.44,78.32,102.57,114.9,"education_state_rnk",12.187
"35570","zcta",2019,80.1,97.33,88.49,101.72,"education_state_rnk",33.389
"35571","zcta",2019,80.77,67.04,91.51,92.94,"education_state_rnk",12.5209
"35572","zcta",2019,83.8,110.35,84.99,93.66,"education_state_rnk",53.5893
"35574","zcta",2019,92.94,126.81,102.1,104.57,"education_state_rnk",75.793
"35575","zcta",2019,88.66,85.95,102.59,89.77,"education_state_rnk",37.3957
"35576","zcta",2019,90.67,92.66,80.46,94.37,"education_state_rnk",55.7596
"35577","zcta",2019,NA,NA,NA,NA,"education_state_rnk",NA
"35578","zcta",2019,76.15,97.55,85.79,106.84,"education_state_rnk",23.7062
"35579","zcta",2019,76.78,92.78,91.87,88.51,"education_state_rnk",18.6978
"35580","zcta",2019,78.57,143.9,118.85,93.08,"education_state_rnk",51.586
"35581","zcta",2019,81.32,99.85,113.53,91.45,"education_state_rnk",26.6277
"35582","zcta",2019,80.58,92.67,112.86,87.28,"education_state_rnk",20.5342
"35584","zcta",2019,70.38,106.51,126.03,87.64,"education_state_rnk",8.1803
"35585","zcta",2019,92.64,70.33,119.54,94.66,"education_state_rnk",26.8781
"35586","zcta",2019,80.6,86.14,103.29,89.56,"education_state_rnk",19.0317
"35587","zcta",2019,85.56,69.28,70.76,94.38,"education_state_rnk",32.3873
"35592","zcta",2019,87.54,93.47,108.47,89.54,"education_state_rnk",37.98
"35593","zcta",2019,86.6,81.55,101.03,87.68,"education_state_rnk",29.8831
"35594","zcta",2019,81.59,114.2,113.8,95.38,"education_state_rnk",39.4825
"35601","zcta",2019,73.94,94,106.69,123.29,"education_state_rnk",11.6027
"35603","zcta",2019,104.98,100.57,98.11,115.33,"education_state_rnk",79.2988
"35610","zcta",2019,101.67,105.51,79.18,87.2,"education_state_rnk",83.0551
"35611","zcta",2019,82.54,85.65,98.34,103.26,"education_state_rnk",23.5392
"35613","zcta",2019,96.4,114.9,95.49,108.39,"education_state_rnk",76.4608
"35614","zcta",2019,74.47,88.53,100.22,95.62,"education_state_rnk",12.8548
"35615","zcta",2019,NA,NA,NA,NA,"education_state_rnk",NA
"35616","zcta",2019,80.55,88.3,82.86,88.61,"education_state_rnk",30.3005
"35618","zcta",2019,69.07,68.86,94.39,97.27,"education_state_rnk",4.8414
"35619","zcta",2019,79.84,83.05,98.3,101.66,"education_state_rnk",16.6945
"35620","zcta",2019,96.32,67.83,99.81,98.74,"education_state_rnk",38.5643
"35621","zcta",2019,90.96,106.66,89.23,89.14,"education_state_rnk",66.6945
"35622","zcta",2019,90.56,93.05,105.34,108.72,"education_state_rnk",43.5726
"35630","zcta",2019,95.83,85.77,102.18,113.37,"education_state_rnk",52.6711
"35633","zcta",2019,99.53,102.54,101.63,99.49,"education_state_rnk",73.1219
"35634","zcta",2019,104.47,101.9,92.39,102.12,"education_state_rnk",81.4691
"35640","zcta",2019,102.47,105.07,104.31,114.36,"education_state_rnk",76.2938
"35643","zcta",2019,63.51,86.09,93.52,93.9,"education_state_rnk",5.3422
"35645","zcta",2019,104.38,102.83,97.99,91.4,"education_state_rnk",80.6344
"35646","zcta",2019,87.29,81.18,87.82,89.29,"education_state_rnk",36.4775
"35647","zcta",2019,103.4,78.9,105.72,86.66,"education_state_rnk",65.7763
"35648","zcta",2019,90.27,85.59,108.54,87.63,"education_state_rnk",38.2304
"35649","zcta",2019,NA,NA,NA,NA,"education_state_rnk",NA
"35650","zcta",2019,86.73,100.64,102.25,106.58,"education_state_rnk",44.0735
"35651","zcta",2019,92.25,98.31,94.8,88.95,"education_state_rnk",59.7663
"35652","zcta",2019,99.53,93.34,94.47,90.45,"education_state_rnk",69.783
"35653","zcta",2019,61.29,75.57,108.28,103.99,"education_state_rnk",2.1703
"35654","zcta",2019,80.17,68.09,93.6,101.54,"education_state_rnk",10.8514
"35660","zcta",2019,90.23,83.51,94.51,94.38,"education_state_rnk",42.2371
"35661","zcta",2019,106.38,102.49,97.24,96.26,"education_state_rnk",82.3038
"35670","zcta",2019,99.94,104.91,86.89,100.68,"education_state_rnk",77.9633
"35671","zcta",2019,84.31,129.83,80.46,87.86,"education_state_rnk",70.7846
"35672","zcta",2019,92.01,90.39,122.76,93.66,"education_state_rnk",38.8982
"35673","zcta",2019,84.32,112.04,94.61,101.5,"education_state_rnk",52.0868
"35674","zcta",2019,90.16,86.16,99,101.35,"education_state_rnk",41.7362
"35677","zcta",2019,90.17,106.72,112.13,88.26,"education_state_rnk",51.2521
"35739","zcta",2019,93.88,93.6,101.45,90.6,"education_state_rnk",54.3406
"35740","zcta",2019,88.75,82.58,95.81,86.66,"education_state_rnk",34.7245
"35741","zcta",2019,121.53,118.34,90.99,108.05,"education_state_rnk",97.3289
"35744","zcta",2019,73.99,83.49,94.88,89,"education_state_rnk",11.0184
"35745","zcta",2019,98.81,95.87,90.73,85.16,"education_state_rnk",70.9516
"35746","zcta",2019,88.82,106.51,43.56,95.95,"education_state_rnk",74.2905
"35747","zcta",2019,104.31,92.64,85.99,90.52,"education_state_rnk",78.4641
"35748","zcta",2019,97.16,96.18,101.98,121.14,"education_state_rnk",62.7713
"35749","zcta",2019,116.31,118.57,112.46,99.27,"education_state_rnk",92.4875
"35750","zcta",2019,102.44,108.11,99.8,100.5,"education_state_rnk",79.9666
"35751","zcta",2019,123.45,98.41,65.92,99.55,"education_state_rnk",95.8264
"35752","zcta",2019,88.26,112.99,93.39,95.57,"education_state_rnk",61.9366
"35754","zcta",2019,73.17,78.17,91.33,89.58,"education_state_rnk",9.015
"35755","zcta",2019,117.74,106.18,57.22,106.83,"education_state_rnk",95.6594
"35756","zcta",2019,118.02,115.79,129.72,92.23,"education_state_rnk",91.4858
"35757","zcta",2019,119.37,131.59,109.64,101.39,"education_state_rnk",96.1603
"35758","zcta",2019,123.85,129.13,111.06,115.31,"education_state_rnk",97.8297
"35759","zcta",2019,120.54,136.67,113.84,89.55,"education_state_rnk",97.4958
"35760","zcta",2019,85.3,98.57,104.53,102.2,"education_state_rnk",38.3973
"35761","zcta",2019,94.68,108.18,101.94,99.43,"education_state_rnk",68.6144
"35763","zcta",2019,126.24,143.29,115.99,110.42,"education_state_rnk",99.3322
"35764","zcta",2019,54.69,85.43,85.3,93.92,"education_state_rnk",2.8381
"35765","zcta",2019,81.21,96.43,89.39,102.55,"education_state_rnk",35.5593
"35766","zcta",2019,79.14,106.51,64.67,99.55,"education_state_rnk",47.0785
"35768","zcta",2019,93.97,99.27,94.34,103.52,"education_state_rnk",62.4374
"35769","zcta",2019,103.94,100.48,97.66,96.98,"education_state_rnk",78.6311
"35771","zcta",2019,86.24,75.72,106.31,93.49,"education_state_rnk",19.1987
"35772","zcta",2019,88.07,95.84,111.54,100.29,"education_state_rnk",37.2287
"35773","zcta",2019,96.96,96.99,104.23,101.74,"education_state_rnk",65.1085
"35774","zcta",2019,109.5,96.33,49.55,85.16,"education_state_rnk",90.4841
"35775","zcta",2019,69.9,106.51,109.41,87.15,"education_state_rnk",12.3539
"35776","zcta",2019,85.73,91.65,101.22,108.92,"education_state_rnk",34.2237
"35801","zcta",2019,113.92,112.12,86.02,116.46,"education_state_rnk",92.6544
"35802","zcta",2019,123.81,103.3,86.78,108.57,"education_state_rnk",95.4925
"35803","zcta",2019,120.45,118.54,101.57,116.59,"education_state_rnk",94.9917
"35805","zcta",2019,73.53,70.54,114.29,112.36,"education_state_rnk",5.5092
"35806","zcta",2019,122.92,102.76,96.07,104.57,"education_state_rnk",94.3239
"35808","zcta",2019,122.09,150.1,121.32,95.99,"education_state_rnk",99.1653
"35810","zcta",2019,93.67,80.12,116.2,104.33,"education_state_rnk",37.0618
"35811","zcta",2019,107.12,115.31,100.06,105.27,"education_state_rnk",86.8114
"35816","zcta",2019,97.78,67.76,109.3,100.52,"education_state_rnk",41.9032
"35824","zcta",2019,128.21,97.74,107.27,86.35,"education_state_rnk",94.8247
"35896","zcta",2019,NA,NA,NA,NA,"education_state_rnk",NA
"35901","zcta",2019,90.73,91.62,97.44,114.44,"education_state_rnk",48.414
"35903","zcta",2019,87.95,83.38,98.4,101.38,"education_state_rnk",34.5576
"35904","zcta",2019,86.5,80.9,94.49,101.48,"education_state_rnk",29.7162
"35905","zcta",2019,98.86,77.31,99.55,93.44,"education_state_rnk",52.2538
"35906","zcta",2019,110.01,93.87,102.3,94.54,"education_state_rnk",81.9699
"35907","zcta",2019,114.38,94.26,91.24,91.46,"education_state_rnk",87.98
"35950","zcta",2019,75.85,92.78,126.54,106.21,"education_state_rnk",9.182
"35951","zcta",2019,59.77,88.42,110.27,105.46,"education_state_rnk",3.005
"35952","zcta",2019,67.7,101.63,104.41,96.74,"education_state_rnk",9.5159
"35953","zcta",2019,78.79,113.63,96.4,110.3,"education_state_rnk",39.0651
"35954","zcta",2019,86.11,68.17,105.82,116.91,"education_state_rnk",14.1903
"35956","zcta",2019,86.83,80.82,101.98,94.69,"education_state_rnk",27.379
"35957","zcta",2019,73.59,85.69,114.46,108.33,"education_state_rnk",7.0117
"35958","zcta",2019,83.85,121.43,83.52,92.45,"education_state_rnk",66.1102
"35959","zcta",2019,84.48,100.55,93.03,90.31,"education_state_rnk",44.7412
"35960","zcta",2019,85.71,95.05,94.18,90.43,"education_state_rnk",42.571
"35961","zcta",2019,62.57,87.13,111.13,98.21,"education_state_rnk",4.0067
"35962","zcta",2019,59.87,91.71,112.15,98.58,"education_state_rnk",3.8397
"35963","zcta",2019,97.84,69.27,98.58,116.79,"education_state_rnk",45.2421
"35966","zcta",2019,78.14,89.73,85.95,98.85,"education_state_rnk",25.8765
"35967","zcta",2019,71.47,90.76,106.8,98.36,"education_state_rnk",8.8481
"35968","zcta",2019,69.31,74.6,115.13,91.87,"education_state_rnk",4.1736
"35971","zcta",2019,78.83,87.31,96.87,89.57,"education_state_rnk",20.1169
"35972","zcta",2019,83.3,103.44,91.01,91.85,"education_state_rnk",44.9082
"35973","zcta",2019,66.97,78.72,93.01,87.8,"education_state_rnk",5.6761
"35974","zcta",2019,79.51,99.69,111.83,85.71,"education_state_rnk",23.8731
"35975","zcta",2019,87.62,106.51,82.71,91.74,"education_state_rnk",61.6027
"35976","zcta",2019,95.56,96.31,95.79,114.51,"education_state_rnk",64.4407
"35978","zcta",2019,84.95,82.11,95.25,106.36,"education_state_rnk",27.8798
"35979","zcta",2019,85.68,69.6,112.55,108.27,"education_state_rnk",14.3573
"35980","zcta",2019,80.72,113.2,112.33,92.5,"education_state_rnk",37.98
"35981","zcta",2019,99.58,112.97,118.2,93.38,"education_state_rnk",71.9533
"35983","zcta",2019,104.44,101.89,95.9,85.56,"education_state_rnk",80.4674
"35984","zcta",2019,108.92,119.37,69.85,95.34,"education_state_rnk",93.1553
"35986","zcta",2019,77.57,103.54,106.11,93.53,"education_state_rnk",22.7045
"35987","zcta",2019,78.47,101.77,104.34,93.21,"education_state_rnk",24.8748
"35988","zcta",2019,84.61,98.63,111.89,91.84,"education_state_rnk",33.5559
"35989","zcta",2019,74.22,112.08,108.36,88.51,"education_state_rnk",23.0384
"35990","zcta",2019,NA,NA,NA,NA,"education_state_rnk",NA
"36003","zcta",2019,76.6,70.08,69.57,84.17,"education_state_rnk",14.0234
"36005","zcta",2019,88.57,90.92,91.59,92.16,"education_state_rnk",46.2437
"36006","zcta",2019,92.1,84.97,75.14,94.81,"education_state_rnk",58.9316
"36009","zcta",2019,93.8,94.6,100.33,90.22,"education_state_rnk",56.01
"36010","zcta",2019,77.58,82.5,92.57,97.31,"education_state_rnk",15.5259
"36013","zcta",2019,109.4,93.6,96.68,86.85,"education_state_rnk",83.0551
"36016","zcta",2019,64.13,102.37,76,89.79,"education_state_rnk",11.1853
"36017","zcta",2019,NA,NA,NA,NA,"education_state_rnk",NA
"36020","zcta",2019,89.16,97.89,111.13,91.13,"education_state_rnk",46.0768
"36022","zcta",2019,103.32,97.79,104.57,97.25,"education_state_rnk",74.8748
"36024","zcta",2019,98.47,111.7,93.87,94.87,"education_state_rnk",77.6294
"36025","zcta",2019,NA,NA,NA,NA,"education_state_rnk",NA
"36026","zcta",2019,94.19,107.78,76.64,85.14,"education_state_rnk",75.2922
"36027","zcta",2019,79.77,88.08,106.92,99.28,"education_state_rnk",17.6962
"36028","zcta",2019,70.55,98.52,88.26,90.83,"education_state_rnk",16.5275
"36029","zcta",2019,96.27,95.42,74.51,85.58,"education_state_rnk",72.4541
"36030","zcta",2019,104.52,89.63,108.73,100.15,"education_state_rnk",68.4474
"36031","zcta",2019,24.17,106.51,90.72,83.17,"education_state_rnk",0.6678
"36032","zcta",2019,91.77,97.36,111.61,88.61,"education_state_rnk",49.5826
"36033","zcta",2019,83.64,103.86,99.52,94.42,"education_state_rnk",42.404
"36034","zcta",2019,103.25,81.14,111.29,91.92,"education_state_rnk",60.9349
"36035","zcta",2019,95.52,82.1,103.48,86.99,"education_state_rnk",49.0818
"36036","zcta",2019,92.33,94.7,86.47,88.98,"education_state_rnk",63.9399
"36037","zcta",2019,93.71,79.25,94.95,93.31,"education_state_rnk",45.576
"36038","zcta",2019,NA,NA,NA,NA,"education_state_rnk",NA
"36039","zcta",2019,63.86,98.65,55.61,85.16,"education_state_rnk",14.8581
"36040","zcta",2019,82.06,104.44,99.66,95.96,"education_state_rnk",39.7329
"36041","zcta",2019,79.66,103.05,100.39,88.52,"education_state_rnk",30.3005
"36042","zcta",2019,87.53,79.63,99,87.18,"education_state_rnk",29.3823
"36043","zcta",2019,83.03,107.79,78.64,86.38,"education_state_rnk",57.7629
"36046","zcta",2019,86.65,90.87,93.53,91.57,"education_state_rnk",39.9833
"36047","zcta",2019,91.05,120.83,117.67,94.01,"education_state_rnk",63.0217
"36048","zcta",2019,50.52,99.05,85.08,84.17,"education_state_rnk",3.4224
"36049","zcta",2019,90.83,88.73,100.01,89.51,"education_state_rnk",47.2454
"36051","zcta",2019,98.41,114.07,93.72,106.42,"education_state_rnk",77.7963
"36052","zcta",2019,123.07,106.34,66.35,91.66,"education_state_rnk",98.3306
"36053","zcta",2019,88.25,104.13,96.14,97.82,"education_state_rnk",54.6745
"36054","zcta",2019,103.25,103.64,107.5,93.26,"education_state_rnk",76.7947
"36064","zcta",2019,123.79,116.25,107.33,89.28,"education_state_rnk",96.3272
"36066","zcta",2019,111.39,106.9,101.86,89.19,"education_state_rnk",88.1469
"36067","zcta",2019,96.89,93.89,110.98,104.27,"education_state_rnk",56.7613
"36069","zcta",2019,101.53,97.27,78.8,88.5,"education_state_rnk",79.7997
"36071","zcta",2019,92.31,102.31,69.85,89.03,"education_state_rnk",69.9499
"36075","zcta",2019,86.69,105.46,84.78,85.63,"education_state_rnk",57.429
"36078","zcta",2019,88.39,93.49,97.71,97.31,"education_state_rnk",44.2404
"36079","zcta",2019,103.69,87.61,101.68,93.36,"education_state_rnk",70.4508
"36080","zcta",2019,109.89,112.89,93.59,84.98,"education_state_rnk",88.9816
"36081","zcta",2019,97.75,99.37,122.73,94.34,"education_state_rnk",65.4424
"36082","zcta",2019,NA,NA,NA,NA,"education_state_rnk",NA
"36083","zcta",2019,96.21,82.24,91.63,92.51,"education_state_rnk",56.9282
"36088","zcta",2019,NA,NA,NA,NA,"education_state_rnk",NA
"36089","zcta",2019,79.36,95.31,96.53,88.34,"education_state_rnk",25.7095
"36091","zcta",2019,88.97,84.9,99.79,96.3,"education_state_rnk",35.0584
"36092","zcta",2019,93.92,107.29,97.22,108.36,"education_state_rnk",68.1135
"36093","zcta",2019,119.04,120.65,104.55,91.19,"education_state_rnk",94.6578
"36104","zcta",2019,82.11,77.37,104.52,100.61,"education_state_rnk",17.3623
"36105","zcta",2019,83.53,90.64,97.54,96.57,"education_state_rnk",32.5543
"36106","zcta",2019,117.53,92.68,101.22,90.26,"education_state_rnk",89.1486
"36107","zcta",2019,81.55,96.21,103.37,95.35,"education_state_rnk",31.0518
"36108","zcta",2019,67.9,70.57,93.94,104.39,"education_state_rnk",4.3406
"36109","zcta",2019,106.7,97.55,97.98,101.32,"education_state_rnk",81.3022
"36110","zcta",2019,71.98,92.26,103.38,91.34,"education_state_rnk",10.0167
"36111","zcta",2019,93.08,99.56,109.42,91.21,"education_state_rnk",56.5109
"36112","zcta",2019,NA,NA,NA,NA,"education_state_rnk",NA
"36113","zcta",2019,NA,NA,NA,NA,"education_state_rnk",NA
"36115","zcta",2019,121.2,129.44,134.16,83.74,"education_state_rnk",93.823
"36116","zcta",2019,102.04,100.2,111.55,123.2,"education_state_rnk",71.1185
"36117","zcta",2019,119.02,105.62,108.71,112.21,"education_state_rnk",92.1536
"36201","zcta",2019,67.73,87.87,94.87,113.52,"education_state_rnk",6.5109
"36203","zcta",2019,92.7,103.16,109.62,99.37,"education_state_rnk",58.4307
"36205","zcta",2019,113.38,109.3,88.45,84.17,"education_state_rnk",91.9866
"36206","zcta",2019,93.91,83.25,110.58,93.44,"education_state_rnk",42.0701
"36207","zcta",2019,107.83,103.86,96.79,102.36,"education_state_rnk",84.1402
"36250","zcta",2019,105.86,110.92,90.23,87.28,"education_state_rnk",85.8097
"36251","zcta",2019,69.87,84.29,79.3,91.87,"education_state_rnk",10.3506
"36255","zcta",2019,85.19,89.1,106.01,96.01,"education_state_rnk",28.2137
"36256","zcta",2019,91.32,92.3,104.57,89.1,"education_state_rnk",46.7446
"36258","zcta",2019,95.64,94.46,72.33,93.58,"education_state_rnk",70.6177
"36260","zcta",2019,81.17,108.01,97.71,93.83,"education_state_rnk",39.9833
"36262","zcta",2019,74.35,104.51,98.53,89.99,"education_state_rnk",22.3706
"36263","zcta",2019,89.02,99.97,66.34,86.16,"education_state_rnk",67.4457
"36264","zcta",2019,77.53,82.63,105.13,96.69,"education_state_rnk",13.0217
"36265","zcta",2019,108.45,87,109.62,118.54,"education_state_rnk",75.4591
"36266","zcta",2019,74.28,111.67,111.44,99.89,"education_state_rnk",21.3689
"36267","zcta",2019,NA,NA,NA,NA,"education_state_rnk",NA
"36268","zcta",2019,87.57,87.93,99.9,93.5,"education_state_rnk",36.4775
"36269","zcta",2019,81.79,73.57,117.61,88.8,"education_state_rnk",9.8497
"36271","zcta",2019,79.42,91.35,93.08,91.54,"education_state_rnk",24.207
"36272","zcta",2019,79.82,96.09,99.46,108.74,"education_state_rnk",24.0401
"36273","zcta",2019,92.22,89.95,95.07,86.59,"education_state_rnk",50.4174
"36274","zcta",2019,83.41,97.11,93.02,104.64,"education_state_rnk",37.7295
"36276","zcta",2019,72.77,77.77,103.11,100.55,"education_state_rnk",6.8447
"36277","zcta",2019,98.11,86.44,111.67,88.45,"education_state_rnk",55.3422
"36278","zcta",2019,88.45,88.5,101.67,91.49,"education_state_rnk",41.5693
"36279","zcta",2019,84.77,73.3,89.76,88.69,"education_state_rnk",24.4574
"36280","zcta",2019,86.84,79.68,96.55,94.72,"education_state_rnk",31.5526
"36301","zcta",2019,93.5,97.62,105.46,108.16,"education_state_rnk",54.3406
"36303","zcta",2019,98.83,99.76,105.22,113.23,"education_state_rnk",68.7813
"36305","zcta",2019,113.9,106.09,104.64,103.48,"education_state_rnk",88.6477
"36310","zcta",2019,82.15,91.2,87.19,89.59,"education_state_rnk",34.8915
"36311","zcta",2019,77.59,63.39,85.71,94.26,"education_state_rnk",8.6811
"36312","zcta",2019,93.93,97.96,101.29,91.57,"education_state_rnk",60.1002
"36313","zcta",2019,89.85,129.38,123.94,86.2,"education_state_rnk",64.6077
"36314","zcta",2019,77.7,71.63,57.73,89.45,"education_state_rnk",21.5359
"36316","zcta",2019,101.23,111.27,90.65,83.87,"education_state_rnk",82.1369
"36317","zcta",2019,40.4,74.47,54.22,87.64,"education_state_rnk",1.1686
"36318","zcta",2019,71.8,89.39,128.4,88.35,"education_state_rnk",6.01
"36319","zcta",2019,89.49,70.73,94.36,91.4,"education_state_rnk",28.7145
"36320","zcta",2019,88.77,101.22,93.63,89.75,"education_state_rnk",51.9199
"36321","zcta",2019,84.09,78.15,110.14,89.14,"education_state_rnk",17.1119
"36322","zcta",2019,92.88,69.43,101.71,89.36,"education_state_rnk",31.9699
"36323","zcta",2019,78.21,80.08,84.83,92.52,"education_state_rnk",17.5292
"36330","zcta",2019,102.46,103.23,111.92,100.16,"education_state_rnk",74.5409
"36340","zcta",2019,77.93,95.4,109.88,91.38,"education_state_rnk",18.0301
"36343","zcta",2019,65.22,100.07,81.93,86.96,"education_state_rnk",10.5175
"36344","zcta",2019,87.67,111.76,92.67,91.44,"education_state_rnk",61.1018
"36345","zcta",2019,91.84,94.09,106.27,98.42,"education_state_rnk",49.8331
"36346","zcta",2019,81.85,85.34,111.63,85.75,"education_state_rnk",18.2805
"36350","zcta",2019,92.63,96.84,106.37,94.61,"education_state_rnk",51.419
"36351","zcta",2019,89.19,101.59,93.46,87.5,"education_state_rnk",55.0918
"36352","zcta",2019,96.01,95.26,102.64,92.89,"education_state_rnk",62.6043
"36353","zcta",2019,95,102.57,94.67,84.37,"education_state_rnk",67.7796
"36360","zcta",2019,94.42,88.95,99.81,102.38,"education_state_rnk",50.5843
"36362","zcta",2019,122.74,98,124.44,83.39,"education_state_rnk",90.3172
"36370","zcta",2019,71.93,69.37,87.45,88.02,"education_state_rnk",6.177
"36371","zcta",2019,101.53,115.33,85.31,86.97,"education_state_rnk",83.8063
"36373","zcta",2019,63.95,106.51,69.49,111.47,"education_state_rnk",16.1937
"36374","zcta",2019,72.7,111.11,74.85,90.76,"education_state_rnk",33.0551
"36375","zcta",2019,82.24,99.13,96.36,97.71,"education_state_rnk",35.7262
"36376","zcta",2019,81.19,73.92,93.97,89.23,"education_state_rnk",14.5242
"36401","zcta",2019,93.25,113.18,98.59,95.75,"education_state_rnk",69.2821
"36420","zcta",2019,91.52,86.56,93.83,100.55,"education_state_rnk",48.2471
"36421","zcta",2019,95.38,97.95,109.32,100.41,"education_state_rnk",57.0952
"36425","zcta",2019,101.72,68.4,103.23,99.94,"education_state_rnk",49.4157
"36426","zcta",2019,90.88,92.37,101.03,105.44,"education_state_rnk",46.5776
"36432","zcta",2019,79.36,106.51,96.34,106.18,"education_state_rnk",35.2254
"36435","zcta",2019,84.85,88.18,112.17,86.57,"education_state_rnk",25.3756
"36436","zcta",2019,84.02,106.51,90.58,87.15,"education_state_rnk",47.9132
"36439","zcta",2019,98.39,78.5,150.72,87.22,"education_state_rnk",27.0451
"36441","zcta",2019,101.59,77.77,109.15,90.31,"education_state_rnk",54.0902
"36442","zcta",2019,86.51,72.67,99.25,93.3,"education_state_rnk",20.7012
"36444","zcta",2019,78.09,71.43,83.12,90.39,"education_state_rnk",13.3556
"36445","zcta",2019,94.92,103.35,98.5,93.86,"education_state_rnk",67.6127
"36446","zcta",2019,100.13,60.69,74.6,84.69,"education_state_rnk",54.6745
"36451","zcta",2019,89.14,99.16,89.46,87.36,"education_state_rnk",53.9232
"36453","zcta",2019,81.29,90.71,87.7,95.1,"education_state_rnk",30.5509
"36454","zcta",2019,NA,NA,NA,NA,"education_state_rnk",NA
"36455","zcta",2019,85.79,96.33,80.65,93.35,"education_state_rnk",46.9115
"36456","zcta",2019,91.28,65.04,116.26,100.74,"education_state_rnk",17.1119
"36460","zcta",2019,96.72,96.49,95.26,97.54,"education_state_rnk",66.2771
"36467","zcta",2019,83.36,92.59,102.19,96.54,"education_state_rnk",29.5492
"36470","zcta",2019,NA,NA,NA,NA,"education_state_rnk",NA
"36471","zcta",2019,90.14,71.92,95.15,96.36,"education_state_rnk",29.2154
"36473","zcta",2019,51.15,106.51,43.56,85.16,"education_state_rnk",7.429
"36474","zcta",2019,83.8,96.29,87.64,99.83,"education_state_rnk",41.4023
"36475","zcta",2019,109.04,78.89,95.61,97.47,"education_state_rnk",74.8748
"36476","zcta",2019,NA,NA,NA,NA,"education_state_rnk",NA
"36477","zcta",2019,81.06,85.79,102.53,91.42,"education_state_rnk",19.8664
"36480","zcta",2019,89.44,81.67,91.48,88.21,"education_state_rnk",38.7312
"36481","zcta",2019,78.97,60.69,93.62,87.02,"education_state_rnk",7.8464
"36482","zcta",2019,77.29,68.42,105.38,87.69,"education_state_rnk",9.6828
"36483","zcta",2019,94.31,91.49,78.62,106.4,"education_state_rnk",63.2721
"36502","zcta",2019,82.43,72.22,94.23,101.37,"education_state_rnk",15.6928
"36505","zcta",2019,80.32,97.83,150.79,88.55,"education_state_rnk",12.02
"36507","zcta",2019,95.33,90.12,98.48,97.31,"education_state_rnk",56.5109
"36509","zcta",2019,48.99,77.19,91.83,87.51,"education_state_rnk",1.5025
"36511","zcta",2019,70.58,106.51,43.56,87.15,"education_state_rnk",42.7379
"36512","zcta",2019,NA,NA,NA,NA,"education_state_rnk",NA
"36513","zcta",2019,-34.58,106.51,176.6,91.78,"education_state_rnk",0
"36518","zcta",2019,91.12,100.08,91.18,92.08,"education_state_rnk",58.2638
"36521","zcta",2019,89.11,83.39,94.6,92.57,"education_state_rnk",36.0601
"36522","zcta",2019,89.86,78.27,111.43,103.62,"education_state_rnk",24.7078
"36523","zcta",2019,66.89,82.47,86.53,88.61,"education_state_rnk",6.3439
"36524","zcta",2019,76.07,96.14,101.84,84.27,"education_state_rnk",18.5309
"36525","zcta",2019,92.29,107.86,114.1,88.72,"education_state_rnk",57.2621
"36526","zcta",2019,120.31,110.21,108.27,103.21,"education_state_rnk",92.8214
"36527","zcta",2019,119.44,120.7,116.64,101.42,"education_state_rnk",93.4891
"36528","zcta",2019,121.47,103.02,70.95,84.17,"education_state_rnk",95.9933
"36529","zcta",2019,111.72,75.27,109.52,93.38,"education_state_rnk",71.5359
"36530","zcta",2019,94.89,85,84.45,93.84,"education_state_rnk",59.4324
"36532","zcta",2019,115.98,106.11,102.8,101.22,"education_state_rnk",91.1519
"36535","zcta",2019,103.74,97.82,88.58,100.31,"education_state_rnk",79.4658
"36538","zcta",2019,57.89,60.69,83.66,91.13,"education_state_rnk",1.6694
"36539","zcta",2019,88.29,78.86,111.61,86.41,"education_state_rnk",26.2104
"36540","zcta",2019,91.16,67.94,69.41,90.03,"education_state_rnk",42.9048
"36541","zcta",2019,87.97,89.8,112.24,101.34,"education_state_rnk",32.7212
"36542","zcta",2019,112.96,101.22,86.7,90.47,"education_state_rnk",89.4825
"36543","zcta",2019,130.05,111.14,168.49,84.17,"education_state_rnk",90.6511
"36544","zcta",2019,70.74,58.72,103.68,94.39,"education_state_rnk",3.6728
"36545","zcta",2019,80.48,87.6,110.58,92.43,"education_state_rnk",17.8631
"36548","zcta",2019,118.14,101.14,65.48,85.63,"education_state_rnk",93.99
"36549","zcta",2019,111.57,86.33,68.44,89.58,"education_state_rnk",85.9766
"36550","zcta",2019,74.72,106.51,43.56,84.17,"education_state_rnk",55.3422
"36551","zcta",2019,101.18,94.15,93.25,111.1,"education_state_rnk",72.621
"36553","zcta",2019,75.32,101.72,102.7,88.15,"education_state_rnk",18.8648
"36555","zcta",2019,116.42,113.1,67.47,96.74,"education_state_rnk",95.3255
"36556","zcta",2019,95.98,102.31,139.27,87.26,"education_state_rnk",45.409
"36558","zcta",2019,87.21,98.39,99.41,92.2,"education_state_rnk",46.4107
"36559","zcta",2019,134.58,70.17,56.79,89.14,"education_state_rnk",98.4975
"36560","zcta",2019,64.29,81.82,93.29,89.45,"education_state_rnk",4.5075
"36561","zcta",2019,120.2,114.1,74.27,92.9,"education_state_rnk",97.1619
"36562","zcta",2019,80.85,96.37,84.36,90.62,"education_state_rnk",34.0568
"36564","zcta",2019,146.63,106.51,103.63,83.17,"education_state_rnk",100
"36567","zcta",2019,89.28,90.46,105.22,102.6,"education_state_rnk",40.5676
"36568","zcta",2019,NA,NA,NA,NA,"education_state_rnk",NA
"36569","zcta",2019,100.31,106.51,81.14,146.7,"education_state_rnk",76.9616
"36571","zcta",2019,98.27,97.95,108.66,95.27,"education_state_rnk",65.6093
"36572","zcta",2019,104.41,98.71,98.94,93.51,"education_state_rnk",78.1302
"36574","zcta",2019,95.34,87.44,76.78,95.37,"education_state_rnk",64.9416
"36575","zcta",2019,98.05,91.01,104.69,95.26,"education_state_rnk",61.4357
"36576","zcta",2019,110.16,98.67,84.37,91.2,"education_state_rnk",86.1436
"36578","zcta",2019,114.31,132.49,102.38,100.74,"education_state_rnk",93.3222
"36579","zcta",2019,102.16,107.11,74.25,84.17,"education_state_rnk",84.975
"36580","zcta",2019,85.02,89.97,91.71,95.97,"education_state_rnk",36.7279
"36581","zcta",2019,116.46,106.51,86.8,85.16,"education_state_rnk",91.3189
"36582","zcta",2019,96.28,92.54,104.3,105.27,"education_state_rnk",56.2604
"36583","zcta",2019,106.95,106.51,114.82,97.45,"education_state_rnk",79.6327
"36584","zcta",2019,90.21,106.21,116.7,88.55,"education_state_rnk",48.8314
"36585","zcta",2019,101.25,97.75,137.31,89.89,"education_state_rnk",55.5927
"36587","zcta",2019,76.34,74.47,98.04,102.1,"education_state_rnk",8.5142
"36590","zcta",2019,NA,NA,NA,NA,"education_state_rnk",NA
"36602","zcta",2019,106.08,135.86,50.72,89.14,"education_state_rnk",96.6611
"36603","zcta",2019,75.64,92.3,87.42,96.77,"education_state_rnk",19.4491
"36604","zcta",2019,110.6,107.5,91.01,95.64,"education_state_rnk",89.3155
"36605","zcta",2019,95.17,91.47,109.1,105.37,"education_state_rnk",50.0835
"36606","zcta",2019,104.07,100.21,98.61,109.41,"education_state_rnk",78.2972
"36607","zcta",2019,102.32,112.05,88.91,90.46,"education_state_rnk",83.9733
"36608","zcta",2019,111.54,91.93,100.94,113.49,"education_state_rnk",83.6394
"36609","zcta",2019,110.5,99.16,95.87,99.3,"education_state_rnk",85.6427
"36610","zcta",2019,82.34,68.12,115.9,97.61,"education_state_rnk",8.3472
"36611","zcta",2019,93.22,76.3,126.48,95.4,"education_state_rnk",23.2888
"36612","zcta",2019,81.16,101.53,146.95,87.33,"education_state_rnk",13.6895
"36613","zcta",2019,89.71,81.24,102.68,91.26,"education_state_rnk",33.7229
"36615","zcta",2019,NA,NA,NA,NA,"education_state_rnk",NA
"36616","zcta",2019,NA,NA,NA,NA,"education_state_rnk",NA
"36617","zcta",2019,95.6,96.3,96.66,100.38,"education_state_rnk",63.773
"36618","zcta",2019,99.8,99.85,108.99,94.37,"education_state_rnk",69.5326
"36619","zcta",2019,95.17,106.96,95.78,90.31,"education_state_rnk",70.1169
"36688","zcta",2019,NA,NA,NA,NA,"education_state_rnk",NA
"36693","zcta",2019,112.72,106.01,95.19,97.4,"education_state_rnk",89.6494
"36695","zcta",2019,112.04,107.06,108.37,103.21,"education_state_rnk",87.1452
"36701","zcta",2019,95.82,88.62,105.09,115.41,"education_state_rnk",51.0851
"36703","zcta",2019,86.6,78.24,111.86,108.72,"education_state_rnk",19.6995
"36720","zcta",2019,55.68,104.36,142.9,86.44,"education_state_rnk",2.0033
"36722","zcta",2019,67.84,106.51,69.8,91.58,"education_state_rnk",19.4491
"36723","zcta",2019,51.97,106.51,181.9,85.91,"education_state_rnk",1.0017
"36726","zcta",2019,85.53,83.78,109.16,88.34,"education_state_rnk",22.5376
"36727","zcta",2019,NA,NA,NA,NA,"education_state_rnk",NA
"36728","zcta",2019,57.4,95.06,79.86,89.14,"education_state_rnk",5.8431
"36732","zcta",2019,93.74,95.52,112.1,88.25,"education_state_rnk",52.6711
"36736","zcta",2019,96.25,110.49,174.68,85.59,"education_state_rnk",40.2337
"36738","zcta",2019,102.87,99.16,73.37,204.26,"education_state_rnk",78.9649
"36740","zcta",2019,91.16,90.45,88.84,84.83,"education_state_rnk",51.7529
"36742","zcta",2019,87.35,99.7,59.91,92.21,"education_state_rnk",63.606
"36744","zcta",2019,93.76,59.65,90.96,90.4,"education_state_rnk",31.3856
"36748","zcta",2019,95.75,83.26,81.4,95.95,"education_state_rnk",57.9299
"36749","zcta",2019,56.8,86.63,61.89,96.95,"education_state_rnk",5.0083
"36750","zcta",2019,88.21,119.47,105.8,94.18,"education_state_rnk",61.2688
"36751","zcta",2019,18.94,86.83,127.77,95.24,"education_state_rnk",0.5008
"36752","zcta",2019,112.9,132.02,65.55,86.83,"education_state_rnk",96.995
"36753","zcta",2019,NA,NA,NA,NA,"education_state_rnk",NA
"36754","zcta",2019,57.36,127.21,55.78,91.13,"education_state_rnk",25.0417
"36756","zcta",2019,88.39,78.87,112,87.49,"education_state_rnk",31.2187
"36758","zcta",2019,92.78,95.95,99.41,98.03,"education_state_rnk",52.9215
"36759","zcta",2019,86.92,58.55,111.93,90.6,"education_state_rnk",10.1836
"36761","zcta",2019,73.41,95.72,107.31,93.12,"education_state_rnk",11.8531
"36763","zcta",2019,57.62,100.78,202.7,87.15,"education_state_rnk",0.8347
"36765","zcta",2019,74.33,81.51,106.36,93.87,"education_state_rnk",7.429
"36766","zcta",2019,NA,NA,NA,NA,"education_state_rnk",NA
"36767","zcta",2019,64.64,62.51,102.15,87.9,"education_state_rnk",2.3372
"36768","zcta",2019,110.05,67.42,87.37,90.14,"education_state_rnk",72.1202
"36769","zcta",2019,89.95,88.42,95.01,90.11,"education_state_rnk",45.0751
"36773","zcta",2019,52.73,85.36,121.44,88.21,"education_state_rnk",1.3356
"36775","zcta",2019,97.56,84.34,114.47,84.17,"education_state_rnk",47.4124
"36776","zcta",2019,96.58,88.7,124.21,83.9,"education_state_rnk",50.2504
"36782","zcta",2019,92.92,118.17,116.78,93.09,"education_state_rnk",64.2738
"36783","zcta",2019,106.34,151.61,62.23,100.65,"education_state_rnk",97.6628
"36784","zcta",2019,96.04,100.26,90.22,94.71,"education_state_rnk",69.5326
"36785","zcta",2019,84.86,72.94,87.12,100.05,"education_state_rnk",22.0367
"36786","zcta",2019,100.42,58.7,115.25,88.17,"education_state_rnk",35.3923
"36790","zcta",2019,NA,NA,NA,NA,"education_state_rnk",NA
"36792","zcta",2019,108.91,111.14,91.12,97.33,"education_state_rnk",86.9783
"36793","zcta",2019,112.67,91.85,89.08,91.13,"education_state_rnk",85.4758
"36801","zcta",2019,107.58,98.17,104.76,115.23,"education_state_rnk",80.3005
"36804","zcta",2019,99.68,92.09,101.41,97.34,"education_state_rnk",67.1119
"36830","zcta",2019,119.24,98.46,129.41,113.26,"education_state_rnk",88.3139
"36832","zcta",2019,112.68,79.53,138.26,106.44,"education_state_rnk",71.7863
"36849","zcta",2019,NA,NA,NA,NA,"education_state_rnk",NA
"36850","zcta",2019,90.73,81.13,89.91,105.9,"education_state_rnk",43.0718
"36852","zcta",2019,89.35,79,106.09,95.3,"education_state_rnk",32.2204
"36853","zcta",2019,94.62,92.9,88.22,90.45,"education_state_rnk",64.1068
"36854","zcta",2019,95.14,98.37,108.05,99.32,"education_state_rnk",59.5993
"36855","zcta",2019,89.16,97.09,103.86,88.95,"education_state_rnk",48.0801
"36856","zcta",2019,106.78,118.1,133.69,93.28,"education_state_rnk",81.6361
"36858","zcta",2019,101.66,145.28,76.29,93.01,"education_state_rnk",92.9883
"36859","zcta",2019,NA,NA,NA,NA,"education_state_rnk",NA
"36860","zcta",2019,66.7,89.66,87.7,84.66,"education_state_rnk",7.1786
"36861","zcta",2019,93.33,93.55,86.88,87.71,"education_state_rnk",63.0217
"36862","zcta",2019,80.78,86.46,86.52,92.44,"education_state_rnk",27.5459
"36863","zcta",2019,87.12,85.15,91.66,104.43,"education_state_rnk",35.8932
"36865","zcta",2019,NA,NA,NA,NA,"education_state_rnk",NA
"36866","zcta",2019,93.52,84.53,85.69,94.75,"education_state_rnk",52.4207
"36867","zcta",2019,101.38,99.77,106.47,103.24,"education_state_rnk",72.2871
"36869","zcta",2019,84.74,91.84,106.34,99.28,"education_state_rnk",30.7179
"36870","zcta",2019,98.84,106.51,102.19,96.21,"education_state_rnk",74.1235
"36871","zcta",2019,99.54,127.2,98.68,90.14,"education_state_rnk",83.4725
"36874","zcta",2019,111.11,124.78,109.59,93.46,"education_state_rnk",90.818
"36875","zcta",2019,100.65,79.97,89,96.03,"education_state_rnk",63.4391
"36877","zcta",2019,100.89,100.91,97.81,94.34,"education_state_rnk",75.626
"36879","zcta",2019,120.17,135.57,104.2,94.62,"education_state_rnk",97.9967
"36901","zcta",2019,96.04,106.51,58.43,85.16,"education_state_rnk",80.8013
"36904","zcta",2019,97.27,93.63,93.25,92.03,"education_state_rnk",67.9466
"36907","zcta",2019,111.08,86.89,98.71,88.46,"education_state_rnk",82.6377
"36908","zcta",2019,91.59,85.82,97.57,93.5,"education_state_rnk",44.5743
"36910","zcta",2019,NA,NA,NA,NA,"education_state_rnk",NA
"36912","zcta",2019,94.59,92.36,73.42,88.92,"education_state_rnk",66.9449
"36913","zcta",2019,NA,NA,NA,NA,"education_state_rnk",NA
"36915","zcta",2019,101.16,102.31,75.91,86.75,"education_state_rnk",80.9683
"36916","zcta",2019,82.41,111.42,63.84,84.46,"education_state_rnk",62.2705
"36919","zcta",2019,78.32,87.62,103.97,90.6,"education_state_rnk",16.8614
"36921","zcta",2019,69.3,88.86,63.45,106.83,"education_state_rnk",15.192
"36922","zcta",2019,23.42,60.69,126.76,94.35,"education_state_rnk",0.1669
"36925","zcta",2019,95.09,97.48,103.36,94.99,"education_state_rnk",62.1035
"35004","zcta",2019,112.59,98.1,110.17,88.22,"education_state_rnk",83.3055
"35005","zcta",2019,91.53,91.87,102.2,94.57,"education_state_rnk",48.8314
"35006","zcta",2019,89.63,89.65,104.25,93.92,"education_state_rnk",40.7346
"35007","zcta",2019,101.44,102.87,111.34,93.21,"education_state_rnk",73.4558
"35010","zcta",2019,84.67,94.89,99.64,91.22,"education_state_rnk",36.227
"35013","zcta",2019,NA,NA,NA,NA,"education_state_rnk",NA
"35014","zcta",2019,76.5,88.61,97.17,96.31,"education_state_rnk",14.6912
"35016","zcta",2019,96.15,96.14,106.3,94.26,"education_state_rnk",60.7679
"35019","zcta",2019,92,86.98,97.63,90.14,"education_state_rnk",45.9098
"35020","zcta",2019,83.62,86.54,98.81,107.29,"education_state_rnk",25.5426
"35022","zcta",2019,109.16,104.92,93.18,105.35,"education_state_rnk",86.3105
"35023","zcta",2019,100.59,103.51,99.08,102.28,"education_state_rnk",75.1252
"35031","zcta",2019,79.94,96.02,93.24,95.73,"education_state_rnk",30.8848
"35032","zcta",2019,NA,NA,NA,NA,"education_state_rnk",NA
"35033","zcta",2019,78.88,80.78,121.96,85.16,"education_state_rnk",8.0134
"35034","zcta",2019,80.27,90.58,87.53,92.44,"education_state_rnk",26.3773
"35035","zcta",2019,106.98,144.52,59.79,89.14,"education_state_rnk",96.4942
"35036","zcta",2019,60.06,106.51,137.45,100.72,"education_state_rnk",3.4224
"35040","zcta",2019,104.96,101.02,121.63,107.21,"education_state_rnk",73.2888
"35042","zcta",2019,90.78,98.93,90.81,96.85,"education_state_rnk",57.596
"35043","zcta",2019,121.15,115,132.36,101.46,"education_state_rnk",91.6528
"35044","zcta",2019,81.93,93.53,97.81,101.46,"education_state_rnk",28.0467
"35045","zcta",2019,88.78,109.58,105.11,97.38,"education_state_rnk",53.4224
"35046","zcta",2019,96.88,89.62,101.39,93.4,"education_state_rnk",58.0968
"35049","zcta",2019,82.59,107.33,100.34,101.49,"education_state_rnk",41.0684
"35051","zcta",2019,96.51,107.71,100.45,108.51,"education_state_rnk",71.2855
"35052","zcta",2019,NA,NA,NA,NA,"education_state_rnk",NA
"35053","zcta",2019,92.15,119.49,84.16,88.96,"education_state_rnk",77.2955
"35054","zcta",2019,85.08,127.03,76.71,92.83,"education_state_rnk",72.788
"35055","zcta",2019,90.38,91.54,102.39,122.41,"education_state_rnk",43.7396
"35057","zcta",2019,89.17,95.5,98.64,96.26,"education_state_rnk",47.6628
"35058","zcta",2019,88.93,99.01,83.26,112.8,"education_state_rnk",56.01
"35060","zcta",2019,76.06,60.69,98.06,83.17,"education_state_rnk",7.6795
"35061","zcta",2019,96.86,105.42,77.1,88.01,"education_state_rnk",76.6277
"35062","zcta",2019,87.6,76.76,107.32,92.64,"education_state_rnk",23.2888
"35063","zcta",2019,77.52,70.6,86.66,91.92,"education_state_rnk",10.6845
"35064","zcta",2019,102.87,86.11,101.55,95.27,"education_state_rnk",68.2805
"35068","zcta",2019,100.49,119.23,85.05,93.66,"education_state_rnk",85.3088
"35070","zcta",2019,53.69,106.51,110.21,86.16,"education_state_rnk",3.172
"35071","zcta",2019,110.67,112.56,103.65,108.66,"education_state_rnk",87.6461
"35072","zcta",2019,75.52,87.66,99.78,90.39,"education_state_rnk",13.1886
"35073","zcta",2019,98.82,102.82,90.5,99.7,"education_state_rnk",73.6227
"35074","zcta",2019,NA,NA,NA,NA,"education_state_rnk",NA
"35077","zcta",2019,80.76,75.99,96.71,102.44,"education_state_rnk",15.025
"35078","zcta",2019,86.76,91.25,96.2,94.89,"education_state_rnk",41.2354
"35079","zcta",2019,103.51,103,100.44,92.34,"education_state_rnk",77.4624
"35080","zcta",2019,117.99,108.61,121.17,103.21,"education_state_rnk",89.8164
"35082","zcta",2019,NA,NA,NA,NA,"education_state_rnk",NA
"35083","zcta",2019,71.72,100.32,96.88,87.4,"education_state_rnk",15.3589
"35085","zcta",2019,79.67,92.27,101.12,91.33,"education_state_rnk",21.202
"35087","zcta",2019,75.89,90.5,103.56,92.88,"education_state_rnk",13.5225
"35089","zcta",2019,81.75,118.27,68.38,84.17,"education_state_rnk",65.9432
"35091","zcta",2019,112.66,106.59,122.92,92.9,"education_state_rnk",84.4741
"35094","zcta",2019,103.61,106.16,105.66,101.36,"education_state_rnk",78.798
"35096","zcta",2019,90.03,107.63,87.32,97.64,"education_state_rnk",64.7746
"35097","zcta",2019,83.43,93.86,117.37,90.54,"education_state_rnk",21.8698
"35098","zcta",2019,84.36,101.84,94.41,88.73,"education_state_rnk",43.9065
"35111","zcta",2019,109.87,100.05,108.34,101.54,"education_state_rnk",82.8047
"35112","zcta",2019,91.62,106.51,86.59,124.07,"education_state_rnk",61.7696
"35114","zcta",2019,113.08,134.9,112.3,91.27,"education_state_rnk",93.6561
"35115","zcta",2019,98.3,66.95,109.06,108.37,"education_state_rnk",40.4007
"35116","zcta",2019,108.7,107.54,102.04,98.44,"education_state_rnk",85.1419
"35117","zcta",2019,107.54,128.88,101.85,96.73,"education_state_rnk",90.1503
"35118","zcta",2019,93.99,112.71,99.69,86.52,"education_state_rnk",70.2838
"35119","zcta",2019,61.23,106.51,159.84,88.15,"education_state_rnk",2.5042
"35120","zcta",2019,96.5,119.75,110.73,105.4,"education_state_rnk",73.7896
"35121","zcta",2019,74.8,103.58,100.39,102.39,"education_state_rnk",21.7028
"35124","zcta",2019,112.37,109.27,102.91,104.45,"education_state_rnk",88.8147
"35125","zcta",2019,79.7,117.43,81.28,110.71,"education_state_rnk",50.9182
"35126","zcta",2019,105.21,88.87,97.88,100.43,"education_state_rnk",73.9566
"35127","zcta",2019,111.09,99.39,102.33,90.54,"education_state_rnk",84.808
"35128","zcta",2019,94.5,110.13,91.27,96.42,"education_state_rnk",71.5359
"35130","zcta",2019,68.77,134.35,101.65,86.16,"education_state_rnk",33.222
"35131","zcta",2019,81.01,87.78,101.92,96.71,"education_state_rnk",20.8681
"35133","zcta",2019,97.13,100.01,99.49,98.25,"education_state_rnk",66.4441
"35135","zcta",2019,102.01,111.93,112.08,85.16,"education_state_rnk",77.1285
"35136","zcta",2019,94.03,111.24,88.42,86.16,"education_state_rnk",72.9549
"35139","zcta",2019,-7.4,106.51,43.56,91.13,"education_state_rnk",0.3339
"35143","zcta",2019,104.01,92.36,89.05,87.81,"education_state_rnk",76.1269
"35146","zcta",2019,93.61,101.68,106.37,113.92,"education_state_rnk",58.7646
"35147","zcta",2019,109.77,122.44,96.19,95.39,"education_state_rnk",91.8197
"35148","zcta",2019,92.13,70.84,103.97,92.61,"education_state_rnk",30.0501
"35149","zcta",2019,101.23,106.51,43.56,89.14,"education_state_rnk",87.3122
"35150","zcta",2019,82.29,105.81,108.24,113.37,"education_state_rnk",34.3907
"35151","zcta",2019,87.21,77.53,95.08,102.82,"education_state_rnk",28.8815
"35160","zcta",2019,84.61,90.1,101.52,111.32,"education_state_rnk",31.9699
"35171","zcta",2019,80.87,96.39,104.58,92.99,"education_state_rnk",26.6277
"35172","zcta",2019,84.52,78.65,82.39,99.55,"education_state_rnk",28.3806
"35173","zcta",2019,115.63,115.94,115.1,107.25,"education_state_rnk",90.985
"35175","zcta",2019,86.62,104,109.38,100.04,"education_state_rnk",45.7429
"35176","zcta",2019,54.1,95.22,104.93,97.32,"education_state_rnk",2.6711
"35178","zcta",2019,90.32,94.26,116.08,96.18,"education_state_rnk",37.5626
"35179","zcta",2019,82.67,94.88,100.75,128.29,"education_state_rnk",27.7129
"35180","zcta",2019,94.61,98.41,110.88,102.57,"education_state_rnk",53.2554
"35183","zcta",2019,105.85,106.51,83.16,86.16,"education_state_rnk",84.6411
"35184","zcta",2019,72.2,90.53,100.31,106.05,"education_state_rnk",9.3489
"35186","zcta",2019,99.27,103.04,93.48,100.89,"education_state_rnk",74.5409
"35187","zcta",2019,NA,NA,NA,NA,"education_state_rnk",NA
"35188","zcta",2019,94.8,95.3,101.41,104.36,"education_state_rnk",54.9249
"35203","zcta",2019,96.08,129.78,54.27,97.33,"education_state_rnk",89.9833
"35204","zcta",2019,78.24,73.46,90.42,110.92,"education_state_rnk",11.3523
"35205","zcta",2019,119.24,96.15,97.48,106.62,"education_state_rnk",92.3205
"35206","zcta",2019,92.75,87.33,107.76,95.28,"education_state_rnk",43.4057
"35207","zcta",2019,91.85,92.44,103.47,88.31,"education_state_rnk",48.581
"35208","zcta",2019,99.11,87.72,102.78,94.32,"education_state_rnk",60.5175
"35209","zcta",2019,122.44,112.83,112.79,100.22,"education_state_rnk",94.4908
"35210","zcta",2019,106.35,102.86,91.16,102.51,"education_state_rnk",84.3072
"35211","zcta",2019,101.19,82.09,95.27,114.33,"education_state_rnk",65.2755
"35212","zcta",2019,92.59,100.17,100.62,94.27,"education_state_rnk",60.2671
"35213","zcta",2019,138.44,123.6,109.75,108.42,"education_state_rnk",99.8331
"35214","zcta",2019,106.15,100.32,100.51,103.64,"education_state_rnk",81.1352
"35215","zcta",2019,97.09,102.47,122.41,109.19,"education_state_rnk",59.0985
"35216","zcta",2019,122.8,111.89,111.23,97.19,"education_state_rnk",94.1569
"35217","zcta",2019,86.66,76.04,102.17,99.65,"education_state_rnk",22.2037
"35218","zcta",2019,97.2,73.91,111.62,89.34,"education_state_rnk",39.4825
"35221","zcta",2019,86.33,79.04,103.1,93.46,"education_state_rnk",22.8715
"35222","zcta",2019,118.06,124.49,89.68,90.41,"education_state_rnk",96.828
"35223","zcta",2019,132.89,139.16,112.14,100.73,"education_state_rnk",99.6661
"35224","zcta",2019,90.55,76.46,108.62,88.44,"education_state_rnk",28.5476
"35226","zcta",2019,129.59,116.71,111.36,97.16,"education_state_rnk",98.8314
"35228","zcta",2019,86.85,96.94,104.38,99.61,"education_state_rnk",40.9015
"35229","zcta",2019,NA,NA,NA,NA,"education_state_rnk",NA
"35233","zcta",2019,126.26,114.95,112.02,106.06,"education_state_rnk",98.1636
"35234","zcta",2019,78.37,74.71,79.3,100.89,"education_state_rnk",15.8598
"35235","zcta",2019,107.33,99.2,108.05,96.23,"education_state_rnk",80.1336
"35242","zcta",2019,127.03,120.93,104.76,107.21,"education_state_rnk",98.6644
"35243","zcta",2019,134.54,116.59,91.92,100.38,"education_state_rnk",99.4992
"35244","zcta",2019,120.93,120.17,106.21,118.29,"education_state_rnk",95.1586
"35254","zcta",2019,NA,NA,NA,NA,"education_state_rnk",NA
"35401","zcta",2019,96.04,76.22,128.55,109.42,"education_state_rnk",36.8948
"35404","zcta",2019,98.06,90.07,109.54,105.41,"education_state_rnk",59.9332
"35405","zcta",2019,110.41,106.31,101.78,109.2,"education_state_rnk",86.4775
"35406","zcta",2019,128.14,120.67,114,94.35,"education_state_rnk",98.9983
"35441","zcta",2019,85.62,68.96,101.51,84.23,"education_state_rnk",18.2805
"35442","zcta",2019,82.45,68.85,94.98,89.47,"education_state_rnk",13.8564
"35443","zcta",2019,74.13,69.65,123.68,89.81,"education_state_rnk",4.6745
"35444","zcta",2019,89.61,80.3,104.41,96,"education_state_rnk",31.7195
"35446","zcta",2019,83.74,90.85,100.18,109.82,"education_state_rnk",29.0484
"35447","zcta",2019,83.36,78.93,87.64,89.78,"education_state_rnk",25.2087
"35452","zcta",2019,86.98,92.45,92.02,106.38,"education_state_rnk",43.2387
"35453","zcta",2019,88.47,107.12,102.28,100.52,"education_state_rnk",53.0885
"35456","zcta",2019,80.23,71.28,118.49,106.22,"education_state_rnk",6.6778
"35457","zcta",2019,NA,NA,NA,NA,"education_state_rnk",NA
"35458","zcta",2019,92.41,72.14,59.45,89.14,"education_state_rnk",53.7563
"35459","zcta",2019,78.88,76.14,85.05,90.62,"education_state_rnk",16.3606
"35460","zcta",2019,115.01,88.05,77.29,97.36,"education_state_rnk",87.813
"35461","zcta",2019,95.15,94.44,82.52,86.52,"education_state_rnk",69.1152
"35462","zcta",2019,76.49,72.07,81.24,89.28,"education_state_rnk",11.6027
"35463","zcta",2019,103.56,69.42,93.77,93.99,"education_state_rnk",60.5175
"35464","zcta",2019,103.08,139.27,170.75,84.33,"education_state_rnk",75.9599
"35466","zcta",2019,93.38,109.66,103.27,99.32,"education_state_rnk",67.2788
"35469","zcta",2019,114.69,68.02,74.87,93.12,"education_state_rnk",82.4708
"35470","zcta",2019,102.07,84.52,131.18,91.6,"education_state_rnk",58.5977
"35473","zcta",2019,112.65,105.05,102.05,99.31,"education_state_rnk",88.4808
"35474","zcta",2019,98.96,126.42,105.47,95.72,"education_state_rnk",81.803
"35475","zcta",2019,108.76,110.91,100.37,97.33,"education_state_rnk",86.6444
"35476","zcta",2019,95.45,99.99,114.93,105.91,"education_state_rnk",59.2654
"35477","zcta",2019,111.6,83.6,64.12,83.17,"education_state_rnk",87.4791
"35480","zcta",2019,102.4,99.72,82.44,112.12,"education_state_rnk",79.1319
"35481","zcta",2019,80,79.64,84.7,89.78,"education_state_rnk",20.1169
"35490","zcta",2019,85.21,80.04,111.23,91.76,"education_state_rnk",20.3673
"35501","zcta",2019,81.4,98.77,112.06,102.43,"education_state_rnk",24.4574
"35503","zcta",2019,90.56,81.25,78.79,102.41,"education_state_rnk",47.6628
"35504","zcta",2019,99.15,93.22,104.16,89.27,"education_state_rnk",66.6945
"35540","zcta",2019,89.67,97.13,97,96.52,"education_state_rnk",49.2487
"35541","zcta",2019,89.56,81.64,84.72,90.06,"education_state_rnk",44.4073
"35542","zcta",2019,73.3,116.1,85.95,97.81,"education_state_rnk",33.8898
"35543","zcta",2019,61.14,56.07,86.35,90.5,"education_state_rnk",1.8364
"35544","zcta",2019,93.5,51.05,98.22,99.55,"education_state_rnk",21.0351
"35545","zcta",2019,NA,NA,NA,NA,"education_state_rnk",NA
"35546","zcta",2019,88.22,104.68,105.18,95.92,"education_state_rnk",49.8331
"35548","zcta",2019,73.05,86.14,90.04,97.27,"education_state_rnk",12.6878
"35549","zcta",2019,75.91,95.57,103.97,92.42,"education_state_rnk",16.0267
"35550","zcta",2019,85.4,78.31,92.77,96.95,"education_state_rnk",26.0434
"35552","zcta",2019,95.96,61.91,111.55,91.8,"education_state_rnk",27.212
"35553","zcta",2019,62.3,78.16,75.48,102.32,"education_state_rnk",5.1753
"35554","zcta",2019,94.47,74.83,99.95,98.03,"education_state_rnk",39.2321
"35555","zcta",2019,94.43,108.16,98.2,105.93,"education_state_rnk",68.9482
"35559","zcta",2019,NA,NA,NA,NA,"education_state_rnk",NA
"35563","zcta",2019,91.18,93.31,95.09,102.54,"education_state_rnk",50.7513
"35564","zcta",2019,83.63,86.41,85.04,92.04,"education_state_rnk",32.8881
"35565","zcta",2019,79.44,78.32,102.57,114.9,"education_state_rnk",12.187
"35570","zcta",2019,80.1,97.33,88.49,101.72,"education_state_rnk",33.389
"35571","zcta",2019,80.77,67.04,91.51,92.94,"education_state_rnk",12.5209
"35572","zcta",2019,83.8,110.35,84.99,93.66,"education_state_rnk",53.5893
"35574","zcta",2019,92.94,126.81,102.1,104.57,"education_state_rnk",75.793
"35575","zcta",2019,88.66,85.95,102.59,89.77,"education_state_rnk",37.3957
"35576","zcta",2019,90.67,92.66,80.46,94.37,"education_state_rnk",55.7596
"35577","zcta",2019,NA,NA,NA,NA,"education_state_rnk",NA
"35578","zcta",2019,76.15,97.55,85.79,106.84,"education_state_rnk",23.7062
"35579","zcta",2019,76.78,92.78,91.87,88.51,"education_state_rnk",18.6978
"35580","zcta",2019,78.57,143.9,118.85,93.08,"education_state_rnk",51.586
"35581","zcta",2019,81.32,99.85,113.53,91.45,"education_state_rnk",26.6277
"35582","zcta",2019,80.58,92.67,112.86,87.28,"education_state_rnk",20.5342
"35584","zcta",2019,70.38,106.51,126.03,87.64,"education_state_rnk",8.1803
"35585","zcta",2019,92.64,70.33,119.54,94.66,"education_state_rnk",26.8781
"35586","zcta",2019,80.6,86.14,103.29,89.56,"education_state_rnk",19.0317
"35587","zcta",2019,85.56,69.28,70.76,94.38,"education_state_rnk",32.3873
"35592","zcta",2019,87.54,93.47,108.47,89.54,"education_state_rnk",37.98
"35593","zcta",2019,86.6,81.55,101.03,87.68,"education_state_rnk",29.8831
"35594","zcta",2019,81.59,114.2,113.8,95.38,"education_state_rnk",39.4825
"35601","zcta",2019,73.94,94,106.69,123.29,"education_state_rnk",11.6027
"35603","zcta",2019,104.98,100.57,98.11,115.33,"education_state_rnk",79.2988
"35610","zcta",2019,101.67,105.51,79.18,87.2,"education_state_rnk",83.0551
"35611","zcta",2019,82.54,85.65,98.34,103.26,"education_state_rnk",23.5392
"35613","zcta",2019,96.4,114.9,95.49,108.39,"education_state_rnk",76.4608
"35614","zcta",2019,74.47,88.53,100.22,95.62,"education_state_rnk",12.8548
"35615","zcta",2019,NA,NA,NA,NA,"education_state_rnk",NA
"35616","zcta",2019,80.55,88.3,82.86,88.61,"education_state_rnk",30.3005
"35618","zcta",2019,69.07,68.86,94.39,97.27,"education_state_rnk",4.8414
"35619","zcta",2019,79.84,83.05,98.3,101.66,"education_state_rnk",16.6945
"35620","zcta",2019,96.32,67.83,99.81,98.74,"education_state_rnk",38.5643
"35621","zcta",2019,90.96,106.66,89.23,89.14,"education_state_rnk",66.6945
"35622","zcta",2019,90.56,93.05,105.34,108.72,"education_state_rnk",43.5726
"35630","zcta",2019,95.83,85.77,102.18,113.37,"education_state_rnk",52.6711
"35633","zcta",2019,99.53,102.54,101.63,99.49,"education_state_rnk",73.1219
"35634","zcta",2019,104.47,101.9,92.39,102.12,"education_state_rnk",81.4691
"35640","zcta",2019,102.47,105.07,104.31,114.36,"education_state_rnk",76.2938
"35643","zcta",2019,63.51,86.09,93.52,93.9,"education_state_rnk",5.3422
"35645","zcta",2019,104.38,102.83,97.99,91.4,"education_state_rnk",80.6344
"35646","zcta",2019,87.29,81.18,87.82,89.29,"education_state_rnk",36.4775
"35647","zcta",2019,103.4,78.9,105.72,86.66,"education_state_rnk",65.7763
"35648","zcta",2019,90.27,85.59,108.54,87.63,"education_state_rnk",38.2304
"35649","zcta",2019,NA,NA,NA,NA,"education_state_rnk",NA
"35650","zcta",2019,86.73,100.64,102.25,106.58,"education_state_rnk",44.0735
"35651","zcta",2019,92.25,98.31,94.8,88.95,"education_state_rnk",59.7663
"35652","zcta",2019,99.53,93.34,94.47,90.45,"education_state_rnk",69.783
"35653","zcta",2019,61.29,75.57,108.28,103.99,"education_state_rnk",2.1703
"35654","zcta",2019,80.17,68.09,93.6,101.54,"education_state_rnk",10.8514
"35660","zcta",2019,90.23,83.51,94.51,94.38,"education_state_rnk",42.2371
"35661","zcta",2019,106.38,102.49,97.24,96.26,"education_state_rnk",82.3038
"35670","zcta",2019,99.94,104.91,86.89,100.68,"education_state_rnk",77.9633
"35671","zcta",2019,84.31,129.83,80.46,87.86,"education_state_rnk",70.7846
"35672","zcta",2019,92.01,90.39,122.76,93.66,"education_state_rnk",38.8982
"35673","zcta",2019,84.32,112.04,94.61,101.5,"education_state_rnk",52.0868
"35674","zcta",2019,90.16,86.16,99,101.35,"education_state_rnk",41.7362
"35677","zcta",2019,90.17,106.72,112.13,88.26,"education_state_rnk",51.2521
"35739","zcta",2019,93.88,93.6,101.45,90.6,"education_state_rnk",54.3406
"35740","zcta",2019,88.75,82.58,95.81,86.66,"education_state_rnk",34.7245
"35741","zcta",2019,121.53,118.34,90.99,108.05,"education_state_rnk",97.3289
"35744","zcta",2019,73.99,83.49,94.88,89,"education_state_rnk",11.0184
"35745","zcta",2019,98.81,95.87,90.73,85.16,"education_state_rnk",70.9516
"35746","zcta",2019,88.82,106.51,43.56,95.95,"education_state_rnk",74.2905
"35747","zcta",2019,104.31,92.64,85.99,90.52,"education_state_rnk",78.4641
"35748","zcta",2019,97.16,96.18,101.98,121.14,"education_state_rnk",62.7713
"35749","zcta",2019,116.31,118.57,112.46,99.27,"education_state_rnk",92.4875
"35750","zcta",2019,102.44,108.11,99.8,100.5,"education_state_rnk",79.9666
"35751","zcta",2019,123.45,98.41,65.92,99.55,"education_state_rnk",95.8264
"35752","zcta",2019,88.26,112.99,93.39,95.57,"education_state_rnk",61.9366
"35754","zcta",2019,73.17,78.17,91.33,89.58,"education_state_rnk",9.015
"35755","zcta",2019,117.74,106.18,57.22,106.83,"education_state_rnk",95.6594
"35756","zcta",2019,118.02,115.79,129.72,92.23,"education_state_rnk",91.4858
"35757","zcta",2019,119.37,131.59,109.64,101.39,"education_state_rnk",96.1603
"35758","zcta",2019,123.85,129.13,111.06,115.31,"education_state_rnk",97.8297
"35759","zcta",2019,120.54,136.67,113.84,89.55,"education_state_rnk",97.4958
"35760","zcta",2019,85.3,98.57,104.53,102.2,"education_state_rnk",38.3973
"35761","zcta",2019,94.68,108.18,101.94,99.43,"education_state_rnk",68.6144
"35763","zcta",2019,126.24,143.29,115.99,110.42,"education_state_rnk",99.3322
"35764","zcta",2019,54.69,85.43,85.3,93.92,"education_state_rnk",2.8381
"35765","zcta",2019,81.21,96.43,89.39,102.55,"education_state_rnk",35.5593
"35766","zcta",2019,79.14,106.51,64.67,99.55,"education_state_rnk",47.0785
"35768","zcta",2019,93.97,99.27,94.34,103.52,"education_state_rnk",62.4374
"35769","zcta",2019,103.94,100.48,97.66,96.98,"education_state_rnk",78.6311
"35771","zcta",2019,86.24,75.72,106.31,93.49,"education_state_rnk",19.1987
"35772","zcta",2019,88.07,95.84,111.54,100.29,"education_state_rnk",37.2287
"35773","zcta",2019,96.96,96.99,104.23,101.74,"education_state_rnk",65.1085
"35774","zcta",2019,109.5,96.33,49.55,85.16,"education_state_rnk",90.4841
"35775","zcta",2019,69.9,106.51,109.41,87.15,"education_state_rnk",12.3539
"35776","zcta",2019,85.73,91.65,101.22,108.92,"education_state_rnk",34.2237
"35801","zcta",2019,113.92,112.12,86.02,116.46,"education_state_rnk",92.6544
"35802","zcta",2019,123.81,103.3,86.78,108.57,"education_state_rnk",95.4925
"35803","zcta",2019,120.45,118.54,101.57,116.59,"education_state_rnk",94.9917
"35805","zcta",2019,73.53,70.54,114.29,112.36,"education_state_rnk",5.5092
"35806","zcta",2019,122.92,102.76,96.07,104.57,"education_state_rnk",94.3239
"35808","zcta",2019,122.09,150.1,121.32,95.99,"education_state_rnk",99.1653
"35810","zcta",2019,93.67,80.12,116.2,104.33,"education_state_rnk",37.0618
"35811","zcta",2019,107.12,115.31,100.06,105.27,"education_state_rnk",86.8114
"35816","zcta",2019,97.78,67.76,109.3,100.52,"education_state_rnk",41.9032
"35824","zcta",2019,128.21,97.74,107.27,86.35,"education_state_rnk",94.8247
"35896","zcta",2019,NA,NA,NA,NA,"education_state_rnk",NA
"35901","zcta",2019,90.73,91.62,97.44,114.44,"education_state_rnk",48.414
"35903","zcta",2019,87.95,83.38,98.4,101.38,"education_state_rnk",34.5576
"35904","zcta",2019,86.5,80.9,94.49,101.48,"education_state_rnk",29.7162
"35905","zcta",2019,98.86,77.31,99.55,93.44,"education_state_rnk",52.2538
"35906","zcta",2019,110.01,93.87,102.3,94.54,"education_state_rnk",81.9699
"35907","zcta",2019,114.38,94.26,91.24,91.46,"education_state_rnk",87.98
"35950","zcta",2019,75.85,92.78,126.54,106.21,"education_state_rnk",9.182
"35951","zcta",2019,59.77,88.42,110.27,105.46,"education_state_rnk",3.005
"35952","zcta",2019,67.7,101.63,104.41,96.74,"education_state_rnk",9.5159
"35953","zcta",2019,78.79,113.63,96.4,110.3,"education_state_rnk",39.0651
"35954","zcta",2019,86.11,68.17,105.82,116.91,"education_state_rnk",14.1903
"35956","zcta",2019,86.83,80.82,101.98,94.69,"education_state_rnk",27.379
"35957","zcta",2019,73.59,85.69,114.46,108.33,"education_state_rnk",7.0117
"35958","zcta",2019,83.85,121.43,83.52,92.45,"education_state_rnk",66.1102
"35959","zcta",2019,84.48,100.55,93.03,90.31,"education_state_rnk",44.7412
"35960","zcta",2019,85.71,95.05,94.18,90.43,"education_state_rnk",42.571
"35961","zcta",2019,62.57,87.13,111.13,98.21,"education_state_rnk",4.0067
"35962","zcta",2019,59.87,91.71,112.15,98.58,"education_state_rnk",3.8397
"35963","zcta",2019,97.84,69.27,98.58,116.79,"education_state_rnk",45.2421
"35966","zcta",2019,78.14,89.73,85.95,98.85,"education_state_rnk",25.8765
"35967","zcta",2019,71.47,90.76,106.8,98.36,"education_state_rnk",8.8481
"35968","zcta",2019,69.31,74.6,115.13,91.87,"education_state_rnk",4.1736
"35971","zcta",2019,78.83,87.31,96.87,89.57,"education_state_rnk",20.1169
"35972","zcta",2019,83.3,103.44,91.01,91.85,"education_state_rnk",44.9082
"35973","zcta",2019,66.97,78.72,93.01,87.8,"education_state_rnk",5.6761
"35974","zcta",2019,79.51,99.69,111.83,85.71,"education_state_rnk",23.8731
"35975","zcta",2019,87.62,106.51,82.71,91.74,"education_state_rnk",61.6027
"35976","zcta",2019,95.56,96.31,95.79,114.51,"education_state_rnk",64.4407
"35978","zcta",2019,84.95,82.11,95.25,106.36,"education_state_rnk",27.8798
"35979","zcta",2019,85.68,69.6,112.55,108.27,"education_state_rnk",14.3573
"35980","zcta",2019,80.72,113.2,112.33,92.5,"education_state_rnk",37.98
"35981","zcta",2019,99.58,112.97,118.2,93.38,"education_state_rnk",71.9533
"35983","zcta",2019,104.44,101.89,95.9,85.56,"education_state_rnk",80.4674
"35984","zcta",2019,108.92,119.37,69.85,95.34,"education_state_rnk",93.1553
"35986","zcta",2019,77.57,103.54,106.11,93.53,"education_state_rnk",22.7045
"35987","zcta",2019,78.47,101.77,104.34,93.21,"education_state_rnk",24.8748
"35988","zcta",2019,84.61,98.63,111.89,91.84,"education_state_rnk",33.5559
"35989","zcta",2019,74.22,112.08,108.36,88.51,"education_state_rnk",23.0384
"35990","zcta",2019,NA,NA,NA,NA,"education_state_rnk",NA
"36003","zcta",2019,76.6,70.08,69.57,84.17,"education_state_rnk",14.0234
"36005","zcta",2019,88.57,90.92,91.59,92.16,"education_state_rnk",46.2437
"36006","zcta",2019,92.1,84.97,75.14,94.81,"education_state_rnk",58.9316
"36009","zcta",2019,93.8,94.6,100.33,90.22,"education_state_rnk",56.01
"36010","zcta",2019,77.58,82.5,92.57,97.31,"education_state_rnk",15.5259
"36013","zcta",2019,109.4,93.6,96.68,86.85,"education_state_rnk",83.0551
"36016","zcta",2019,64.13,102.37,76,89.79,"education_state_rnk",11.1853
"36017","zcta",2019,NA,NA,NA,NA,"education_state_rnk",NA
"36020","zcta",2019,89.16,97.89,111.13,91.13,"education_state_rnk",46.0768
"36022","zcta",2019,103.32,97.79,104.57,97.25,"education_state_rnk",74.8748
"36024","zcta",2019,98.47,111.7,93.87,94.87,"education_state_rnk",77.6294
"36025","zcta",2019,NA,NA,NA,NA,"education_state_rnk",NA
"36026","zcta",2019,94.19,107.78,76.64,85.14,"education_state_rnk",75.2922
"36027","zcta",2019,79.77,88.08,106.92,99.28,"education_state_rnk",17.6962
"36028","zcta",2019,70.55,98.52,88.26,90.83,"education_state_rnk",16.5275
"36029","zcta",2019,96.27,95.42,74.51,85.58,"education_state_rnk",72.4541
"36030","zcta",2019,104.52,89.63,108.73,100.15,"education_state_rnk",68.4474
"36031","zcta",2019,24.17,106.51,90.72,83.17,"education_state_rnk",0.6678
"36032","zcta",2019,91.77,97.36,111.61,88.61,"education_state_rnk",49.5826
"36033","zcta",2019,83.64,103.86,99.52,94.42,"education_state_rnk",42.404
"36034","zcta",2019,103.25,81.14,111.29,91.92,"education_state_rnk",60.9349
"36035","zcta",2019,95.52,82.1,103.48,86.99,"education_state_rnk",49.0818
"36036","zcta",2019,92.33,94.7,86.47,88.98,"education_state_rnk",63.9399
"36037","zcta",2019,93.71,79.25,94.95,93.31,"education_state_rnk",45.576
"36038","zcta",2019,NA,NA,NA,NA,"education_state_rnk",NA
"36039","zcta",2019,63.86,98.65,55.61,85.16,"education_state_rnk",14.8581
"36040","zcta",2019,82.06,104.44,99.66,95.96,"education_state_rnk",39.7329
"36041","zcta",2019,79.66,103.05,100.39,88.52,"education_state_rnk",30.3005
"36042","zcta",2019,87.53,79.63,99,87.18,"education_state_rnk",29.3823
"36043","zcta",2019,83.03,107.79,78.64,86.38,"education_state_rnk",57.7629
"36046","zcta",2019,86.65,90.87,93.53,91.57,"education_state_rnk",39.9833
"36047","zcta",2019,91.05,120.83,117.67,94.01,"education_state_rnk",63.0217
"36048","zcta",2019,50.52,99.05,85.08,84.17,"education_state_rnk",3.4224
"36049","zcta",2019,90.83,88.73,100.01,89.51,"education_state_rnk",47.2454
"36051","zcta",2019,98.41,114.07,93.72,106.42,"education_state_rnk",77.7963
"36052","zcta",2019,123.07,106.34,66.35,91.66,"education_state_rnk",98.3306
"36053","zcta",2019,88.25,104.13,96.14,97.82,"education_state_rnk",54.6745
"36054","zcta",2019,103.25,103.64,107.5,93.26,"education_state_rnk",76.7947
"36064","zcta",2019,123.79,116.25,107.33,89.28,"education_state_rnk",96.3272
"36066","zcta",2019,111.39,106.9,101.86,89.19,"education_state_rnk",88.1469
"36067","zcta",2019,96.89,93.89,110.98,104.27,"education_state_rnk",56.7613
"36069","zcta",2019,101.53,97.27,78.8,88.5,"education_state_rnk",79.7997
"36071","zcta",2019,92.31,102.31,69.85,89.03,"education_state_rnk",69.9499
"36075","zcta",2019,86.69,105.46,84.78,85.63,"education_state_rnk",57.429
"36078","zcta",2019,88.39,93.49,97.71,97.31,"education_state_rnk",44.2404
"36079","zcta",2019,103.69,87.61,101.68,93.36,"education_state_rnk",70.4508
"36080","zcta",2019,109.89,112.89,93.59,84.98,"education_state_rnk",88.9816
"36081","zcta",2019,97.75,99.37,122.73,94.34,"education_state_rnk",65.4424
"36082","zcta",2019,NA,NA,NA,NA,"education_state_rnk",NA
"36083","zcta",2019,96.21,82.24,91.63,92.51,"education_state_rnk",56.9282
"36088","zcta",2019,NA,NA,NA,NA,"education_state_rnk",NA
"36089","zcta",2019,79.36,95.31,96.53,88.34,"education_state_rnk",25.7095
"36091","zcta",2019,88.97,84.9,99.79,96.3,"education_state_rnk",35.0584
"36092","zcta",2019,93.92,107.29,97.22,108.36,"education_state_rnk",68.1135
"36093","zcta",2019,119.04,120.65,104.55,91.19,"education_state_rnk",94.6578
"36104","zcta",2019,82.11,77.37,104.52,100.61,"education_state_rnk",17.3623
"36105","zcta",2019,83.53,90.64,97.54,96.57,"education_state_rnk",32.5543
"36106","zcta",2019,117.53,92.68,101.22,90.26,"education_state_rnk",89.1486
"36107","zcta",2019,81.55,96.21,103.37,95.35,"education_state_rnk",31.0518
"36108","zcta",2019,67.9,70.57,93.94,104.39,"education_state_rnk",4.3406
"36109","zcta",2019,106.7,97.55,97.98,101.32,"education_state_rnk",81.3022
"36110","zcta",2019,71.98,92.26,103.38,91.34,"education_state_rnk",10.0167
"36111","zcta",2019,93.08,99.56,109.42,91.21,"education_state_rnk",56.5109
"36112","zcta",2019,NA,NA,NA,NA,"education_state_rnk",NA
"36113","zcta",2019,NA,NA,NA,NA,"education_state_rnk",NA
"36115","zcta",2019,121.2,129.44,134.16,83.74,"education_state_rnk",93.823
"36116","zcta",2019,102.04,100.2,111.55,123.2,"education_state_rnk",71.1185
"36117","zcta",2019,119.02,105.62,108.71,112.21,"education_state_rnk",92.1536
"36201","zcta",2019,67.73,87.87,94.87,113.52,"education_state_rnk",6.5109
"36203","zcta",2019,92.7,103.16,109.62,99.37,"education_state_rnk",58.4307
"36205","zcta",2019,113.38,109.3,88.45,84.17,"education_state_rnk",91.9866
"36206","zcta",2019,93.91,83.25,110.58,93.44,"education_state_rnk",42.0701
"36207","zcta",2019,107.83,103.86,96.79,102.36,"education_state_rnk",84.1402
"36250","zcta",2019,105.86,110.92,90.23,87.28,"education_state_rnk",85.8097
"36251","zcta",2019,69.87,84.29,79.3,91.87,"education_state_rnk",10.3506
"36255","zcta",2019,85.19,89.1,106.01,96.01,"education_state_rnk",28.2137
"36256","zcta",2019,91.32,92.3,104.57,89.1,"education_state_rnk",46.7446
"36258","zcta",2019,95.64,94.46,72.33,93.58,"education_state_rnk",70.6177
"36260","zcta",2019,81.17,108.01,97.71,93.83,"education_state_rnk",39.9833
"36262","zcta",2019,74.35,104.51,98.53,89.99,"education_state_rnk",22.3706
"36263","zcta",2019,89.02,99.97,66.34,86.16,"education_state_rnk",67.4457
"36264","zcta",2019,77.53,82.63,105.13,96.69,"education_state_rnk",13.0217
"36265","zcta",2019,108.45,87,109.62,118.54,"education_state_rnk",75.4591
"36266","zcta",2019,74.28,111.67,111.44,99.89,"education_state_rnk",21.3689
"36267","zcta",2019,NA,NA,NA,NA,"education_state_rnk",NA
"36268","zcta",2019,87.57,87.93,99.9,93.5,"education_state_rnk",36.4775
"36269","zcta",2019,81.79,73.57,117.61,88.8,"education_state_rnk",9.8497
"36271","zcta",2019,79.42,91.35,93.08,91.54,"education_state_rnk",24.207
"36272","zcta",2019,79.82,96.09,99.46,108.74,"education_state_rnk",24.0401
"36273","zcta",2019,92.22,89.95,95.07,86.59,"education_state_rnk",50.4174
"36274","zcta",2019,83.41,97.11,93.02,104.64,"education_state_rnk",37.7295
"36276","zcta",2019,72.77,77.77,103.11,100.55,"education_state_rnk",6.8447
"36277","zcta",2019,98.11,86.44,111.67,88.45,"education_state_rnk",55.3422
"36278","zcta",2019,88.45,88.5,101.67,91.49,"education_state_rnk",41.5693
"36279","zcta",2019,84.77,73.3,89.76,88.69,"education_state_rnk",24.4574
"36280","zcta",2019,86.84,79.68,96.55,94.72,"education_state_rnk",31.5526
"36301","zcta",2019,93.5,97.62,105.46,108.16,"education_state_rnk",54.3406
"36303","zcta",2019,98.83,99.76,105.22,113.23,"education_state_rnk",68.7813
"36305","zcta",2019,113.9,106.09,104.64,103.48,"education_state_rnk",88.6477
"36310","zcta",2019,82.15,91.2,87.19,89.59,"education_state_rnk",34.8915
"36311","zcta",2019,77.59,63.39,85.71,94.26,"education_state_rnk",8.6811
"36312","zcta",2019,93.93,97.96,101.29,91.57,"education_state_rnk",60.1002
"36313","zcta",2019,89.85,129.38,123.94,86.2,"education_state_rnk",64.6077
"36314","zcta",2019,77.7,71.63,57.73,89.45,"education_state_rnk",21.5359
"36316","zcta",2019,101.23,111.27,90.65,83.87,"education_state_rnk",82.1369
"36317","zcta",2019,40.4,74.47,54.22,87.64,"education_state_rnk",1.1686
"36318","zcta",2019,71.8,89.39,128.4,88.35,"education_state_rnk",6.01
"36319","zcta",2019,89.49,70.73,94.36,91.4,"education_state_rnk",28.7145
"36320","zcta",2019,88.77,101.22,93.63,89.75,"education_state_rnk",51.9199
"36321","zcta",2019,84.09,78.15,110.14,89.14,"education_state_rnk",17.1119
"36322","zcta",2019,92.88,69.43,101.71,89.36,"education_state_rnk",31.9699
"36323","zcta",2019,78.21,80.08,84.83,92.52,"education_state_rnk",17.5292
"36330","zcta",2019,102.46,103.23,111.92,100.16,"education_state_rnk",74.5409
"36340","zcta",2019,77.93,95.4,109.88,91.38,"education_state_rnk",18.0301
"36343","zcta",2019,65.22,100.07,81.93,86.96,"education_state_rnk",10.5175
"36344","zcta",2019,87.67,111.76,92.67,91.44,"education_state_rnk",61.1018
"36345","zcta",2019,91.84,94.09,106.27,98.42,"education_state_rnk",49.8331
"36346","zcta",2019,81.85,85.34,111.63,85.75,"education_state_rnk",18.2805
"36350","zcta",2019,92.63,96.84,106.37,94.61,"education_state_rnk",51.419
"36351","zcta",2019,89.19,101.59,93.46,87.5,"education_state_rnk",55.0918
"36352","zcta",2019,96.01,95.26,102.64,92.89,"education_state_rnk",62.6043
"36353","zcta",2019,95,102.57,94.67,84.37,"education_state_rnk",67.7796
"36360","zcta",2019,94.42,88.95,99.81,102.38,"education_state_rnk",50.5843
"36362","zcta",2019,122.74,98,124.44,83.39,"education_state_rnk",90.3172
"36370","zcta",2019,71.93,69.37,87.45,88.02,"education_state_rnk",6.177
"36371","zcta",2019,101.53,115.33,85.31,86.97,"education_state_rnk",83.8063
"36373","zcta",2019,63.95,106.51,69.49,111.47,"education_state_rnk",16.1937
"36374","zcta",2019,72.7,111.11,74.85,90.76,"education_state_rnk",33.0551
"36375","zcta",2019,82.24,99.13,96.36,97.71,"education_state_rnk",35.7262
"36376","zcta",2019,81.19,73.92,93.97,89.23,"education_state_rnk",14.5242
"36401","zcta",2019,93.25,113.18,98.59,95.75,"education_state_rnk",69.2821
"36420","zcta",2019,91.52,86.56,93.83,100.55,"education_state_rnk",48.2471
"36421","zcta",2019,95.38,97.95,109.32,100.41,"education_state_rnk",57.0952
"36425","zcta",2019,101.72,68.4,103.23,99.94,"education_state_rnk",49.4157
"36426","zcta",2019,90.88,92.37,101.03,105.44,"education_state_rnk",46.5776
"36432","zcta",2019,79.36,106.51,96.34,106.18,"education_state_rnk",35.2254
"36435","zcta",2019,84.85,88.18,112.17,86.57,"education_state_rnk",25.3756
"36436","zcta",2019,84.02,106.51,90.58,87.15,"education_state_rnk",47.9132
"36439","zcta",2019,98.39,78.5,150.72,87.22,"education_state_rnk",27.0451
"36441","zcta",2019,101.59,77.77,109.15,90.31,"education_state_rnk",54.0902
"36442","zcta",2019,86.51,72.67,99.25,93.3,"education_state_rnk",20.7012
"36444","zcta",2019,78.09,71.43,83.12,90.39,"education_state_rnk",13.3556
"36445","zcta",2019,94.92,103.35,98.5,93.86,"education_state_rnk",67.6127
"36446","zcta",2019,100.13,60.69,74.6,84.69,"education_state_rnk",54.6745
"36451","zcta",2019,89.14,99.16,89.46,87.36,"education_state_rnk",53.9232
"36453","zcta",2019,81.29,90.71,87.7,95.1,"education_state_rnk",30.5509
"36454","zcta",2019,NA,NA,NA,NA,"education_state_rnk",NA
"36455","zcta",2019,85.79,96.33,80.65,93.35,"education_state_rnk",46.9115
"36456","zcta",2019,91.28,65.04,116.26,100.74,"education_state_rnk",17.1119
"36460","zcta",2019,96.72,96.49,95.26,97.54,"education_state_rnk",66.2771
"36467","zcta",2019,83.36,92.59,102.19,96.54,"education_state_rnk",29.5492
"36470","zcta",2019,NA,NA,NA,NA,"education_state_rnk",NA
"36471","zcta",2019,90.14,71.92,95.15,96.36,"education_state_rnk",29.2154
"36473","zcta",2019,51.15,106.51,43.56,85.16,"education_state_rnk",7.429
"36474","zcta",2019,83.8,96.29,87.64,99.83,"education_state_rnk",41.4023
"36475","zcta",2019,109.04,78.89,95.61,97.47,"education_state_rnk",74.8748
"36476","zcta",2019,NA,NA,NA,NA,"education_state_rnk",NA
"36477","zcta",2019,81.06,85.79,102.53,91.42,"education_state_rnk",19.8664
"36480","zcta",2019,89.44,81.67,91.48,88.21,"education_state_rnk",38.7312
"36481","zcta",2019,78.97,60.69,93.62,87.02,"education_state_rnk",7.8464
"36482","zcta",2019,77.29,68.42,105.38,87.69,"education_state_rnk",9.6828
"36483","zcta",2019,94.31,91.49,78.62,106.4,"education_state_rnk",63.2721
"36502","zcta",2019,82.43,72.22,94.23,101.37,"education_state_rnk",15.6928
"36505","zcta",2019,80.32,97.83,150.79,88.55,"education_state_rnk",12.02
"36507","zcta",2019,95.33,90.12,98.48,97.31,"education_state_rnk",56.5109
"36509","zcta",2019,48.99,77.19,91.83,87.51,"education_state_rnk",1.5025
"36511","zcta",2019,70.58,106.51,43.56,87.15,"education_state_rnk",42.7379
"36512","zcta",2019,NA,NA,NA,NA,"education_state_rnk",NA
"36513","zcta",2019,-34.58,106.51,176.6,91.78,"education_state_rnk",0
"36518","zcta",2019,91.12,100.08,91.18,92.08,"education_state_rnk",58.2638
"36521","zcta",2019,89.11,83.39,94.6,92.57,"education_state_rnk",36.0601
"36522","zcta",2019,89.86,78.27,111.43,103.62,"education_state_rnk",24.7078
"36523","zcta",2019,66.89,82.47,86.53,88.61,"education_state_rnk",6.3439
"36524","zcta",2019,76.07,96.14,101.84,84.27,"education_state_rnk",18.5309
"36525","zcta",2019,92.29,107.86,114.1,88.72,"education_state_rnk",57.2621
"36526","zcta",2019,120.31,110.21,108.27,103.21,"education_state_rnk",92.8214
"36527","zcta",2019,119.44,120.7,116.64,101.42,"education_state_rnk",93.4891
"36528","zcta",2019,121.47,103.02,70.95,84.17,"education_state_rnk",95.9933
"36529","zcta",2019,111.72,75.27,109.52,93.38,"education_state_rnk",71.5359
"36530","zcta",2019,94.89,85,84.45,93.84,"education_state_rnk",59.4324
"36532","zcta",2019,115.98,106.11,102.8,101.22,"education_state_rnk",91.1519
"36535","zcta",2019,103.74,97.82,88.58,100.31,"education_state_rnk",79.4658
"36538","zcta",2019,57.89,60.69,83.66,91.13,"education_state_rnk",1.6694
"36539","zcta",2019,88.29,78.86,111.61,86.41,"education_state_rnk",26.2104
"36540","zcta",2019,91.16,67.94,69.41,90.03,"education_state_rnk",42.9048
"36541","zcta",2019,87.97,89.8,112.24,101.34,"education_state_rnk",32.7212
"36542","zcta",2019,112.96,101.22,86.7,90.47,"education_state_rnk",89.4825
"36543","zcta",2019,130.05,111.14,168.49,84.17,"education_state_rnk",90.6511
"36544","zcta",2019,70.74,58.72,103.68,94.39,"education_state_rnk",3.6728
"36545","zcta",2019,80.48,87.6,110.58,92.43,"education_state_rnk",17.8631
"36548","zcta",2019,118.14,101.14,65.48,85.63,"education_state_rnk",93.99
"36549","zcta",2019,111.57,86.33,68.44,89.58,"education_state_rnk",85.9766
"36550","zcta",2019,74.72,106.51,43.56,84.17,"education_state_rnk",55.3422
"36551","zcta",2019,101.18,94.15,93.25,111.1,"education_state_rnk",72.621
"36553","zcta",2019,75.32,101.72,102.7,88.15,"education_state_rnk",18.8648
"36555","zcta",2019,116.42,113.1,67.47,96.74,"education_state_rnk",95.3255
"36556","zcta",2019,95.98,102.31,139.27,87.26,"education_state_rnk",45.409
"36558","zcta",2019,87.21,98.39,99.41,92.2,"education_state_rnk",46.4107
"36559","zcta",2019,134.58,70.17,56.79,89.14,"education_state_rnk",98.4975
"36560","zcta",2019,64.29,81.82,93.29,89.45,"education_state_rnk",4.5075
"36561","zcta",2019,120.2,114.1,74.27,92.9,"education_state_rnk",97.1619
"36562","zcta",2019,80.85,96.37,84.36,90.62,"education_state_rnk",34.0568
"36564","zcta",2019,146.63,106.51,103.63,83.17,"education_state_rnk",100
"36567","zcta",2019,89.28,90.46,105.22,102.6,"education_state_rnk",40.5676
"36568","zcta",2019,NA,NA,NA,NA,"education_state_rnk",NA
"36569","zcta",2019,100.31,106.51,81.14,146.7,"education_state_rnk",76.9616
"36571","zcta",2019,98.27,97.95,108.66,95.27,"education_state_rnk",65.6093
"36572","zcta",2019,104.41,98.71,98.94,93.51,"education_state_rnk",78.1302
"36574","zcta",2019,95.34,87.44,76.78,95.37,"education_state_rnk",64.9416
"36575","zcta",2019,98.05,91.01,104.69,95.26,"education_state_rnk",61.4357
"36576","zcta",2019,110.16,98.67,84.37,91.2,"education_state_rnk",86.1436
"36578","zcta",2019,114.31,132.49,102.38,100.74,"education_state_rnk",93.3222
"36579","zcta",2019,102.16,107.11,74.25,84.17,"education_state_rnk",84.975
"36580","zcta",2019,85.02,89.97,91.71,95.97,"education_state_rnk",36.7279
"36581","zcta",2019,116.46,106.51,86.8,85.16,"education_state_rnk",91.3189
"36582","zcta",2019,96.28,92.54,104.3,105.27,"education_state_rnk",56.2604
"36583","zcta",2019,106.95,106.51,114.82,97.45,"education_state_rnk",79.6327
"36584","zcta",2019,90.21,106.21,116.7,88.55,"education_state_rnk",48.8314
"36585","zcta",2019,101.25,97.75,137.31,89.89,"education_state_rnk",55.5927
"36587","zcta",2019,76.34,74.47,98.04,102.1,"education_state_rnk",8.5142
"36590","zcta",2019,NA,NA,NA,NA,"education_state_rnk",NA
"36602","zcta",2019,106.08,135.86,50.72,89.14,"education_state_rnk",96.6611
"36603","zcta",2019,75.64,92.3,87.42,96.77,"education_state_rnk",19.4491
"36604","zcta",2019,110.6,107.5,91.01,95.64,"education_state_rnk",89.3155
"36605","zcta",2019,95.17,91.47,109.1,105.37,"education_state_rnk",50.0835
"36606","zcta",2019,104.07,100.21,98.61,109.41,"education_state_rnk",78.2972
"36607","zcta",2019,102.32,112.05,88.91,90.46,"education_state_rnk",83.9733
"36608","zcta",2019,111.54,91.93,100.94,113.49,"education_state_rnk",83.6394
"36609","zcta",2019,110.5,99.16,95.87,99.3,"education_state_rnk",85.6427
"36610","zcta",2019,82.34,68.12,115.9,97.61,"education_state_rnk",8.3472
"36611","zcta",2019,93.22,76.3,126.48,95.4,"education_state_rnk",23.2888
"36612","zcta",2019,81.16,101.53,146.95,87.33,"education_state_rnk",13.6895
"36613","zcta",2019,89.71,81.24,102.68,91.26,"education_state_rnk",33.7229
"36615","zcta",2019,NA,NA,NA,NA,"education_state_rnk",NA
"36616","zcta",2019,NA,NA,NA,NA,"education_state_rnk",NA
"36617","zcta",2019,95.6,96.3,96.66,100.38,"education_state_rnk",63.773
"36618","zcta",2019,99.8,99.85,108.99,94.37,"education_state_rnk",69.5326
"36619","zcta",2019,95.17,106.96,95.78,90.31,"education_state_rnk",70.1169
"36688","zcta",2019,NA,NA,NA,NA,"education_state_rnk",NA
"36693","zcta",2019,112.72,106.01,95.19,97.4,"education_state_rnk",89.6494
"36695","zcta",2019,112.04,107.06,108.37,103.21,"education_state_rnk",87.1452
"36701","zcta",2019,95.82,88.62,105.09,115.41,"education_state_rnk",51.0851
"36703","zcta",2019,86.6,78.24,111.86,108.72,"education_state_rnk",19.6995
"36720","zcta",2019,55.68,104.36,142.9,86.44,"education_state_rnk",2.0033
"36722","zcta",2019,67.84,106.51,69.8,91.58,"education_state_rnk",19.4491
"36723","zcta",2019,51.97,106.51,181.9,85.91,"education_state_rnk",1.0017
"36726","zcta",2019,85.53,83.78,109.16,88.34,"education_state_rnk",22.5376
"36727","zcta",2019,NA,NA,NA,NA,"education_state_rnk",NA
"36728","zcta",2019,57.4,95.06,79.86,89.14,"education_state_rnk",5.8431
"36732","zcta",2019,93.74,95.52,112.1,88.25,"education_state_rnk",52.6711
"36736","zcta",2019,96.25,110.49,174.68,85.59,"education_state_rnk",40.2337
"36738","zcta",2019,102.87,99.16,73.37,204.26,"education_state_rnk",78.9649
"36740","zcta",2019,91.16,90.45,88.84,84.83,"education_state_rnk",51.7529
"36742","zcta",2019,87.35,99.7,59.91,92.21,"education_state_rnk",63.606
"36744","zcta",2019,93.76,59.65,90.96,90.4,"education_state_rnk",31.3856
"36748","zcta",2019,95.75,83.26,81.4,95.95,"education_state_rnk",57.9299
"36749","zcta",2019,56.8,86.63,61.89,96.95,"education_state_rnk",5.0083
"36750","zcta",2019,88.21,119.47,105.8,94.18,"education_state_rnk",61.2688
"36751","zcta",2019,18.94,86.83,127.77,95.24,"education_state_rnk",0.5008
"36752","zcta",2019,112.9,132.02,65.55,86.83,"education_state_rnk",96.995
"36753","zcta",2019,NA,NA,NA,NA,"education_state_rnk",NA
"36754","zcta",2019,57.36,127.21,55.78,91.13,"education_state_rnk",25.0417
"36756","zcta",2019,88.39,78.87,112,87.49,"education_state_rnk",31.2187
"36758","zcta",2019,92.78,95.95,99.41,98.03,"education_state_rnk",52.9215
"36759","zcta",2019,86.92,58.55,111.93,90.6,"education_state_rnk",10.1836
"36761","zcta",2019,73.41,95.72,107.31,93.12,"education_state_rnk",11.8531
"36763","zcta",2019,57.62,100.78,202.7,87.15,"education_state_rnk",0.8347
"36765","zcta",2019,74.33,81.51,106.36,93.87,"education_state_rnk",7.429
"36766","zcta",2019,NA,NA,NA,NA,"education_state_rnk",NA
"36767","zcta",2019,64.64,62.51,102.15,87.9,"education_state_rnk",2.3372
"36768","zcta",2019,110.05,67.42,87.37,90.14,"education_state_rnk",72.1202
"36769","zcta",2019,89.95,88.42,95.01,90.11,"education_state_rnk",45.0751
"36773","zcta",2019,52.73,85.36,121.44,88.21,"education_state_rnk",1.3356
"36775","zcta",2019,97.56,84.34,114.47,84.17,"education_state_rnk",47.4124
"36776","zcta",2019,96.58,88.7,124.21,83.9,"education_state_rnk",50.2504
"36782","zcta",2019,92.92,118.17,116.78,93.09,"education_state_rnk",64.2738
"36783","zcta",2019,106.34,151.61,62.23,100.65,"education_state_rnk",97.6628
"36784","zcta",2019,96.04,100.26,90.22,94.71,"education_state_rnk",69.5326
"36785","zcta",2019,84.86,72.94,87.12,100.05,"education_state_rnk",22.0367
"36786","zcta",2019,100.42,58.7,115.25,88.17,"education_state_rnk",35.3923
"36790","zcta",2019,NA,NA,NA,NA,"education_state_rnk",NA
"36792","zcta",2019,108.91,111.14,91.12,97.33,"education_state_rnk",86.9783
"36793","zcta",2019,112.67,91.85,89.08,91.13,"education_state_rnk",85.4758
"36801","zcta",2019,107.58,98.17,104.76,115.23,"education_state_rnk",80.3005
"36804","zcta",2019,99.68,92.09,101.41,97.34,"education_state_rnk",67.1119
"36830","zcta",2019,119.24,98.46,129.41,113.26,"education_state_rnk",88.3139
"36832","zcta",2019,112.68,79.53,138.26,106.44,"education_state_rnk",71.7863
"36849","zcta",2019,NA,NA,NA,NA,"education_state_rnk",NA
"36850","zcta",2019,90.73,81.13,89.91,105.9,"education_state_rnk",43.0718
"36852","zcta",2019,89.35,79,106.09,95.3,"education_state_rnk",32.2204
"36853","zcta",2019,94.62,92.9,88.22,90.45,"education_state_rnk",64.1068
"36854","zcta",2019,95.14,98.37,108.05,99.32,"education_state_rnk",59.5993
"36855","zcta",2019,89.16,97.09,103.86,88.95,"education_state_rnk",48.0801
"36856","zcta",2019,106.78,118.1,133.69,93.28,"education_state_rnk",81.6361
"36858","zcta",2019,101.66,145.28,76.29,93.01,"education_state_rnk",92.9883
"36859","zcta",2019,NA,NA,NA,NA,"education_state_rnk",NA
"36860","zcta",2019,66.7,89.66,87.7,84.66,"education_state_rnk",7.1786
"36861","zcta",2019,93.33,93.55,86.88,87.71,"education_state_rnk",63.0217
"36862","zcta",2019,80.78,86.46,86.52,92.44,"education_state_rnk",27.5459
"36863","zcta",2019,87.12,85.15,91.66,104.43,"education_state_rnk",35.8932
"36865","zcta",2019,NA,NA,NA,NA,"education_state_rnk",NA
"36866","zcta",2019,93.52,84.53,85.69,94.75,"education_state_rnk",52.4207
"36867","zcta",2019,101.38,99.77,106.47,103.24,"education_state_rnk",72.2871
"36869","zcta",2019,84.74,91.84,106.34,99.28,"education_state_rnk",30.7179
"36870","zcta",2019,98.84,106.51,102.19,96.21,"education_state_rnk",74.1235
"36871","zcta",2019,99.54,127.2,98.68,90.14,"education_state_rnk",83.4725
"36874","zcta",2019,111.11,124.78,109.59,93.46,"education_state_rnk",90.818
"36875","zcta",2019,100.65,79.97,89,96.03,"education_state_rnk",63.4391
"36877","zcta",2019,100.89,100.91,97.81,94.34,"education_state_rnk",75.626
"36879","zcta",2019,120.17,135.57,104.2,94.62,"education_state_rnk",97.9967
"36901","zcta",2019,96.04,106.51,58.43,85.16,"education_state_rnk",80.8013
"36904","zcta",2019,97.27,93.63,93.25,92.03,"education_state_rnk",67.9466
"36907","zcta",2019,111.08,86.89,98.71,88.46,"education_state_rnk",82.6377
"36908","zcta",2019,91.59,85.82,97.57,93.5,"education_state_rnk",44.5743
"36910","zcta",2019,NA,NA,NA,NA,"education_state_rnk",NA
"36912","zcta",2019,94.59,92.36,73.42,88.92,"education_state_rnk",66.9449
"36913","zcta",2019,NA,NA,NA,NA,"education_state_rnk",NA
"36915","zcta",2019,101.16,102.31,75.91,86.75,"education_state_rnk",80.9683
"36916","zcta",2019,82.41,111.42,63.84,84.46,"education_state_rnk",62.2705
"36919","zcta",2019,78.32,87.62,103.97,90.6,"education_state_rnk",16.8614
"36921","zcta",2019,69.3,88.86,63.45,106.83,"education_state_rnk",15.192
"36922","zcta",2019,23.42,60.69,126.76,94.35,"education_state_rnk",0.1669
"36925","zcta",2019,95.09,97.48,103.36,94.99,"education_state_rnk",62.1035
