"geoid","geolevel","year","level","value"
"24001000100","tract",2019,"education_score",96.23
"24001000200","tract",2019,"education_score",100.61
"24001000300","tract",2019,"education_score",102.6
"24001000400","tract",2019,"education_score",104.42
"24001000500","tract",2019,"education_score",NA
"24001000600","tract",2019,"education_score",105.06
"24001000700","tract",2019,"education_score",90.27
"24001000800","tract",2019,"education_score",88.16
"24001001000","tract",2019,"education_score",95.76
"24001001100","tract",2019,"education_score",106.5
"24001001200","tract",2019,"education_score",114.1
"24001001300","tract",2019,"education_score",NA
"24001001401","tract",2019,"education_score",119.07
"24001001402","tract",2019,"education_score",109.96
"24001001502","tract",2019,"education_score",96.8
"24001001503","tract",2019,"education_score",103.41
"24001001600","tract",2019,"education_score",106.38
"24001001700","tract",2019,"education_score",105.04
"24001001800","tract",2019,"education_score",NA
"24001001900","tract",2019,"education_score",103.54
"24001002000","tract",2019,"education_score",101.23
"24001002100","tract",2019,"education_score",93.99
"24001002200","tract",2019,"education_score",105.28
"24003701101","tract",2019,"education_score",120.05
"24003701102","tract",2019,"education_score",115.62
"24003701200","tract",2019,"education_score",120.55
"24003701300","tract",2019,"education_score",114.25
"24003701400","tract",2019,"education_score",109.32
"24003702100","tract",2019,"education_score",126.79
"24003702204","tract",2019,"education_score",123.22
"24003702205","tract",2019,"education_score",126.16
"24003702206","tract",2019,"education_score",118.46
"24003702208","tract",2019,"education_score",122.9
"24003702209","tract",2019,"education_score",121.97
"24003702300","tract",2019,"education_score",114.56
"24003702402","tract",2019,"education_score",125.67
"24003702500","tract",2019,"education_score",107.75
"24003702601","tract",2019,"education_score",128.01
"24003702602","tract",2019,"education_score",130.52
"24003702701","tract",2019,"education_score",134.49
"24003702702","tract",2019,"education_score",144.83
"24003706101","tract",2019,"education_score",122.11
"24003706301","tract",2019,"education_score",120.23
"24003706302","tract",2019,"education_score",130.02
"24003706401","tract",2019,"education_score",81.45
"24003706402","tract",2019,"education_score",107.88
"24003706500","tract",2019,"education_score",113.83
"24003706600","tract",2019,"education_score",114.8
"24003706700","tract",2019,"education_score",NA
"24003707001","tract",2019,"education_score",115.24
"24003707002","tract",2019,"education_score",118.87
"24003708001","tract",2019,"education_score",123.85
"24003708004","tract",2019,"education_score",109.61
"24003730100","tract",2019,"education_score",119.58
"24003730203","tract",2019,"education_score",94.91
"24003730204","tract",2019,"education_score",86.01
"24003730300","tract",2019,"education_score",97.86
"24003730401","tract",2019,"education_score",98.44
"24003730402","tract",2019,"education_score",105.18
"24003730502","tract",2019,"education_score",113.88
"24003730504","tract",2019,"education_score",113.95
"24003730505","tract",2019,"education_score",92.82
"24003730506","tract",2019,"education_score",104
"24003730601","tract",2019,"education_score",128.26
"24003730603","tract",2019,"education_score",110.6
"24003730604","tract",2019,"education_score",128.33
"24003730700","tract",2019,"education_score",118.94
"24003730800","tract",2019,"education_score",136.1
"24003730901","tract",2019,"education_score",136.3
"24003730902","tract",2019,"education_score",126.65
"24003731002","tract",2019,"education_score",115.03
"24003731003","tract",2019,"education_score",115.1
"24003731004","tract",2019,"education_score",123.64
"24003731102","tract",2019,"education_score",118.56
"24003731103","tract",2019,"education_score",115.43
"24003731104","tract",2019,"education_score",113.73
"24003731105","tract",2019,"education_score",111.91
"24003731201","tract",2019,"education_score",122.74
"24003731202","tract",2019,"education_score",113.34
"24003731203","tract",2019,"education_score",114.27
"24003731204","tract",2019,"education_score",113.59
"24003731303","tract",2019,"education_score",116.25
"24003731306","tract",2019,"education_score",119.15
"24003731307","tract",2019,"education_score",114.86
"24003731308","tract",2019,"education_score",113.72
"24003731309","tract",2019,"education_score",103.01
"24003731310","tract",2019,"education_score",99.46
"24003731311","tract",2019,"education_score",111.83
"24003740102","tract",2019,"education_score",118.07
"24003740103","tract",2019,"education_score",114.01
"24003740104","tract",2019,"education_score",118.51
"24003740105","tract",2019,"education_score",104.73
"24003740201","tract",2019,"education_score",99.88
"24003740203","tract",2019,"education_score",115.75
"24003740303","tract",2019,"education_score",117.02
"24003740304","tract",2019,"education_score",120.82
"24003740305","tract",2019,"education_score",101.81
"24003740400","tract",2019,"education_score",NA
"24003740500","tract",2019,"education_score",119.84
"24003740601","tract",2019,"education_score",103.99
"24003740602","tract",2019,"education_score",106.27
"24003740603","tract",2019,"education_score",NA
"24003740701","tract",2019,"education_score",125.46
"24003740702","tract",2019,"education_score",127.84
"24003740800","tract",2019,"education_score",117.21
"24003740900","tract",2019,"education_score",104.17
"24003741000","tract",2019,"education_score",111.3
"24003750101","tract",2019,"education_score",99.27
"24003750102","tract",2019,"education_score",90.32
"24003750201","tract",2019,"education_score",110.54
"24003750202","tract",2019,"education_score",95.94
"24003750203","tract",2019,"education_score",89.99
"24003750300","tract",2019,"education_score",110.3
"24003750400","tract",2019,"education_score",123.25
"24003750801","tract",2019,"education_score",108.01
"24003750803","tract",2019,"education_score",90.67
"24003750804","tract",2019,"education_score",105.13
"24003750900","tract",2019,"education_score",109.43
"24003751000","tract",2019,"education_score",100.66
"24003751102","tract",2019,"education_score",107.48
"24003751103","tract",2019,"education_score",110.34
"24003751200","tract",2019,"education_score",120.46
"24003751400","tract",2019,"education_score",115.09
"24003751500","tract",2019,"education_score",91.46
"24003751600","tract",2019,"education_score",124.19
"24003751700","tract",2019,"education_score",113.56
"24003980000","tract",2019,"education_score",NA
"24003990000","tract",2019,"education_score",NA
"24005400100","tract",2019,"education_score",107.65
"24005400200","tract",2019,"education_score",117.06
"24005400400","tract",2019,"education_score",122.59
"24005400500","tract",2019,"education_score",127.94
"24005400600","tract",2019,"education_score",125.16
"24005400701","tract",2019,"education_score",116.18
"24005400702","tract",2019,"education_score",120.23
"24005400800","tract",2019,"education_score",103.8
"24005400900","tract",2019,"education_score",106.91
"24005401000","tract",2019,"education_score",120.39
"24005401101","tract",2019,"education_score",98.83
"24005401102","tract",2019,"education_score",104.85
"24005401200","tract",2019,"education_score",105.21
"24005401301","tract",2019,"education_score",97.53
"24005401302","tract",2019,"education_score",108.84
"24005401400","tract",2019,"education_score",117.09
"24005401503","tract",2019,"education_score",120.8
"24005401504","tract",2019,"education_score",116.38
"24005401505","tract",2019,"education_score",105.21
"24005401506","tract",2019,"education_score",116.89
"24005401507","tract",2019,"education_score",93.28
"24005402201","tract",2019,"education_score",112.04
"24005402202","tract",2019,"education_score",126.55
"24005402302","tract",2019,"education_score",108.77
"24005402303","tract",2019,"education_score",106.39
"24005402304","tract",2019,"education_score",101.2
"24005402305","tract",2019,"education_score",105.24
"24005402306","tract",2019,"education_score",108.17
"24005402307","tract",2019,"education_score",99.92
"24005402403","tract",2019,"education_score",102.36
"24005402404","tract",2019,"education_score",101.78
"24005402405","tract",2019,"education_score",87.39
"24005402406","tract",2019,"education_score",117.91
"24005402407","tract",2019,"education_score",104.17
"24005402503","tract",2019,"education_score",114.23
"24005402504","tract",2019,"education_score",107.13
"24005402505","tract",2019,"education_score",103.7
"24005402506","tract",2019,"education_score",103.5
"24005402509","tract",2019,"education_score",123.36
"24005402602","tract",2019,"education_score",102.69
"24005402603","tract",2019,"education_score",122.1
"24005402604","tract",2019,"education_score",109.53
"24005403100","tract",2019,"education_score",104.71
"24005403201","tract",2019,"education_score",108.92
"24005403202","tract",2019,"education_score",107.67
"24005403300","tract",2019,"education_score",112.59
"24005403401","tract",2019,"education_score",128.64
"24005403402","tract",2019,"education_score",99.86
"24005403500","tract",2019,"education_score",125.73
"24005403601","tract",2019,"education_score",122.94
"24005403602","tract",2019,"education_score",126.64
"24005403701","tract",2019,"education_score",129.75
"24005403702","tract",2019,"education_score",124.6
"24005403801","tract",2019,"education_score",138.27
"24005403802","tract",2019,"education_score",133.61
"24005403803","tract",2019,"education_score",133.22
"24005404101","tract",2019,"education_score",122.49
"24005404102","tract",2019,"education_score",101.08
"24005404201","tract",2019,"education_score",105.48
"24005404202","tract",2019,"education_score",86.32
"24005404402","tract",2019,"education_score",122.72
"24005404403","tract",2019,"education_score",96.86
"24005404404","tract",2019,"education_score",113.94
"24005404501","tract",2019,"education_score",105.97
"24005404502","tract",2019,"education_score",97.71
"24005404600","tract",2019,"education_score",122.24
"24005404800","tract",2019,"education_score",117.18
"24005404900","tract",2019,"education_score",130.04
"24005405000","tract",2019,"education_score",120.3
"24005406000","tract",2019,"education_score",124.77
"24005407001","tract",2019,"education_score",122.65
"24005407002","tract",2019,"education_score",116.83
"24005408100","tract",2019,"education_score",124.17
"24005408200","tract",2019,"education_score",137.27
"24005408302","tract",2019,"education_score",133.1
"24005408303","tract",2019,"education_score",138.91
"24005408304","tract",2019,"education_score",134.52
"24005408400","tract",2019,"education_score",139.83
"24005408502","tract",2019,"education_score",119.3
"24005408503","tract",2019,"education_score",111.07
"24005408505","tract",2019,"education_score",121.57
"24005408506","tract",2019,"education_score",112.68
"24005408507","tract",2019,"education_score",99.83
"24005408601","tract",2019,"education_score",117.59
"24005408602","tract",2019,"education_score",123.04
"24005408702","tract",2019,"education_score",124.48
"24005408703","tract",2019,"education_score",132.79
"24005408704","tract",2019,"education_score",123.75
"24005408800","tract",2019,"education_score",118.55
"24005408900","tract",2019,"education_score",120.07
"24005410100","tract",2019,"education_score",117.81
"24005410200","tract",2019,"education_score",127.34
"24005411101","tract",2019,"education_score",127.37
"24005411102","tract",2019,"education_score",119.66
"24005411201","tract",2019,"education_score",126.86
"24005411202","tract",2019,"education_score",125.28
"24005411302","tract",2019,"education_score",113.24
"24005411303","tract",2019,"education_score",117.34
"24005411306","tract",2019,"education_score",117.26
"24005411307","tract",2019,"education_score",112.24
"24005411308","tract",2019,"education_score",119.06
"24005411309","tract",2019,"education_score",119.18
"24005411404","tract",2019,"education_score",116.06
"24005411406","tract",2019,"education_score",114
"24005411407","tract",2019,"education_score",118.18
"24005411408","tract",2019,"education_score",110.79
"24005411409","tract",2019,"education_score",116.59
"24005411410","tract",2019,"education_score",114.56
"24005420100","tract",2019,"education_score",90.74
"24005420200","tract",2019,"education_score",107.36
"24005420301","tract",2019,"education_score",96.17
"24005420302","tract",2019,"education_score",94.04
"24005420303","tract",2019,"education_score",95.76
"24005420401","tract",2019,"education_score",73.97
"24005420402","tract",2019,"education_score",87.16
"24005420500","tract",2019,"education_score",93.54
"24005420600","tract",2019,"education_score",90.11
"24005420701","tract",2019,"education_score",87.96
"24005420702","tract",2019,"education_score",91
"24005420800","tract",2019,"education_score",92.13
"24005420900","tract",2019,"education_score",100.78
"24005421000","tract",2019,"education_score",84.04
"24005421101","tract",2019,"education_score",98.45
"24005421102","tract",2019,"education_score",102.22
"24005421200","tract",2019,"education_score",90.73
"24005421300","tract",2019,"education_score",89.89
"24005430101","tract",2019,"education_score",81.32
"24005430104","tract",2019,"education_score",106.87
"24005430200","tract",2019,"education_score",90.4
"24005430300","tract",2019,"education_score",87.05
"24005430400","tract",2019,"education_score",109.88
"24005430600","tract",2019,"education_score",125.38
"24005430700","tract",2019,"education_score",112.23
"24005430800","tract",2019,"education_score",115.01
"24005430900","tract",2019,"education_score",97.43
"24005440100","tract",2019,"education_score",111.87
"24005440200","tract",2019,"education_score",108.35
"24005440300","tract",2019,"education_score",103.14
"24005440400","tract",2019,"education_score",103.39
"24005440500","tract",2019,"education_score",114.94
"24005440600","tract",2019,"education_score",119.07
"24005440701","tract",2019,"education_score",94.15
"24005440702","tract",2019,"education_score",112.41
"24005440800","tract",2019,"education_score",114.57
"24005440900","tract",2019,"education_score",109.09
"24005441000","tract",2019,"education_score",99.2
"24005441101","tract",2019,"education_score",105.83
"24005441102","tract",2019,"education_score",103.91
"24005450100","tract",2019,"education_score",112.32
"24005450200","tract",2019,"education_score",105.85
"24005450300","tract",2019,"education_score",107.28
"24005450400","tract",2019,"education_score",99.28
"24005450501","tract",2019,"education_score",103.2
"24005450503","tract",2019,"education_score",96.44
"24005450504","tract",2019,"education_score",94.76
"24005450800","tract",2019,"education_score",90.73
"24005450900","tract",2019,"education_score",115.78
"24005451000","tract",2019,"education_score",121.96
"24005451100","tract",2019,"education_score",100.94
"24005451200","tract",2019,"education_score",101.22
"24005451300","tract",2019,"education_score",83.8
"24005451401","tract",2019,"education_score",102.02
"24005451402","tract",2019,"education_score",98.49
"24005451500","tract",2019,"education_score",85.84
"24005451600","tract",2019,"education_score",108.05
"24005451701","tract",2019,"education_score",124.88
"24005451702","tract",2019,"education_score",112.28
"24005451801","tract",2019,"education_score",110.71
"24005451802","tract",2019,"education_score",113.22
"24005451803","tract",2019,"education_score",112.2
"24005451900","tract",2019,"education_score",104.13
"24005452000","tract",2019,"education_score",120.34
"24005452100","tract",2019,"education_score",116.36
"24005452300","tract",2019,"education_score",59.33
"24005452400","tract",2019,"education_score",100.62
"24005452500","tract",2019,"education_score",72.15
"24005490100","tract",2019,"education_score",132.18
"24005490200","tract",2019,"education_score",121.24
"24005490301","tract",2019,"education_score",112.37
"24005490302","tract",2019,"education_score",NA
"24005490400","tract",2019,"education_score",135.26
"24005490500","tract",2019,"education_score",140.82
"24005490601","tract",2019,"education_score",121.33
"24005490602","tract",2019,"education_score",126.93
"24005490603","tract",2019,"education_score",130.7
"24005490605","tract",2019,"education_score",NA
"24005490701","tract",2019,"education_score",130.42
"24005490703","tract",2019,"education_score",130.31
"24005490800","tract",2019,"education_score",121.46
"24005490900","tract",2019,"education_score",124.55
"24005491000","tract",2019,"education_score",131.98
"24005491100","tract",2019,"education_score",119.02
"24005491201","tract",2019,"education_score",126.02
"24005491202","tract",2019,"education_score",119.66
"24005491300","tract",2019,"education_score",123.59
"24005491401","tract",2019,"education_score",104.9
"24005491402","tract",2019,"education_score",111.1
"24005491500","tract",2019,"education_score",116.15
"24005491600","tract",2019,"education_score",97.65
"24005491701","tract",2019,"education_score",122.98
"24005491900","tract",2019,"education_score",103.6
"24005492001","tract",2019,"education_score",108.3
"24005492002","tract",2019,"education_score",115.66
"24005492101","tract",2019,"education_score",113.37
"24005492102","tract",2019,"education_score",104.7
"24005492200","tract",2019,"education_score",106.75
"24005492300","tract",2019,"education_score",89.02
"24005492401","tract",2019,"education_score",117.63
"24005492402","tract",2019,"education_score",126.86
"24005492500","tract",2019,"education_score",NA
"24005492600","tract",2019,"education_score",105.08
"24005980000","tract",2019,"education_score",NA
"24005980100","tract",2019,"education_score",NA
"24005980200","tract",2019,"education_score",NA
"24009860101","tract",2019,"education_score",131.58
"24009860102","tract",2019,"education_score",112.61
"24009860200","tract",2019,"education_score",123.36
"24009860300","tract",2019,"education_score",122.36
"24009860401","tract",2019,"education_score",110.58
"24009860402","tract",2019,"education_score",124
"24009860501","tract",2019,"education_score",113.67
"24009860502","tract",2019,"education_score",116.51
"24009860600","tract",2019,"education_score",110.26
"24009860701","tract",2019,"education_score",111.47
"24009860702","tract",2019,"education_score",114.92
"24009860703","tract",2019,"education_score",109.18
"24009860801","tract",2019,"education_score",117.98
"24009860802","tract",2019,"education_score",117.18
"24009860900","tract",2019,"education_score",116.34
"24009861001","tract",2019,"education_score",120.78
"24009861003","tract",2019,"education_score",106.48
"24009861004","tract",2019,"education_score",107.24
"24009990100","tract",2019,"education_score",NA
"24011955000","tract",2019,"education_score",54.34
"24011955100","tract",2019,"education_score",92.26
"24011955201","tract",2019,"education_score",95.16
"24011955202","tract",2019,"education_score",103.84
"24011955301","tract",2019,"education_score",103.15
"24011955302","tract",2019,"education_score",92.66
"24011955400","tract",2019,"education_score",103.91
"24011955500","tract",2019,"education_score",104.64
"24011955600","tract",2019,"education_score",76.84
"24013501001","tract",2019,"education_score",95.48
"24013501002","tract",2019,"education_score",107.54
"24013502000","tract",2019,"education_score",114.06
"24013503000","tract",2019,"education_score",109.18
"24013504100","tract",2019,"education_score",119.16
"24013504201","tract",2019,"education_score",118.15
"24013504202","tract",2019,"education_score",124.02
"24013505101","tract",2019,"education_score",117.24
"24013505102","tract",2019,"education_score",116.65
"24013505203","tract",2019,"education_score",112.27
"24013505205","tract",2019,"education_score",119.2
"24013505206","tract",2019,"education_score",118.2
"24013505207","tract",2019,"education_score",116.53
"24013505208","tract",2019,"education_score",121.41
"24013506101","tract",2019,"education_score",114.74
"24013506102","tract",2019,"education_score",108
"24013506200","tract",2019,"education_score",111.28
"24013507500","tract",2019,"education_score",100.87
"24013507601","tract",2019,"education_score",101.76
"24013507602","tract",2019,"education_score",105.39
"24013507702","tract",2019,"education_score",118
"24013507703","tract",2019,"education_score",121.95
"24013507704","tract",2019,"education_score",105.59
"24013507801","tract",2019,"education_score",103.39
"24013507802","tract",2019,"education_score",116.26
"24013508101","tract",2019,"education_score",108.65
"24013508102","tract",2019,"education_score",110.43
"24013508200","tract",2019,"education_score",100.17
"24013509001","tract",2019,"education_score",109.34
"24013509002","tract",2019,"education_score",123.05
"24013510000","tract",2019,"education_score",100.32
"24013511000","tract",2019,"education_score",104.86
"24013512000","tract",2019,"education_score",101.17
"24013513001","tract",2019,"education_score",116.35
"24013513002","tract",2019,"education_score",110.46
"24013514100","tract",2019,"education_score",107.09
"24013514201","tract",2019,"education_score",116.23
"24013514202","tract",2019,"education_score",120.51
"24015030100","tract",2019,"education_score",111.87
"24015030200","tract",2019,"education_score",99.3
"24015030400","tract",2019,"education_score",92.84
"24015030501","tract",2019,"education_score",105.13
"24015030503","tract",2019,"education_score",102.01
"24015030505","tract",2019,"education_score",104.01
"24015030506","tract",2019,"education_score",96.49
"24015030601","tract",2019,"education_score",107.32
"24015030602","tract",2019,"education_score",111.68
"24015030700","tract",2019,"education_score",111.54
"24015030903","tract",2019,"education_score",100.68
"24015030904","tract",2019,"education_score",108
"24015030905","tract",2019,"education_score",99.32
"24015030906","tract",2019,"education_score",103.23
"24015031201","tract",2019,"education_score",105.38
"24015031202","tract",2019,"education_score",118.19
"24015031301","tract",2019,"education_score",99.74
"24015031302","tract",2019,"education_score",98.4
"24015031400","tract",2019,"education_score",109.92
"24017850101","tract",2019,"education_score",110
"24017850102","tract",2019,"education_score",107.53
"24017850201","tract",2019,"education_score",110.05
"24017850202","tract",2019,"education_score",106.17
"24017850300","tract",2019,"education_score",108.76
"24017850400","tract",2019,"education_score",107.92
"24017850500","tract",2019,"education_score",112.65
"24017850600","tract",2019,"education_score",116.14
"24017850706","tract",2019,"education_score",113.82
"24017850708","tract",2019,"education_score",105.59
"24017850709","tract",2019,"education_score",111.68
"24017850710","tract",2019,"education_score",112.55
"24017850711","tract",2019,"education_score",110.08
"24017850712","tract",2019,"education_score",120.36
"24017850713","tract",2019,"education_score",113.36
"24017850801","tract",2019,"education_score",105.89
"24017850802","tract",2019,"education_score",109.95
"24017850901","tract",2019,"education_score",99.55
"24017850902","tract",2019,"education_score",111.25
"24017850904","tract",2019,"education_score",117.36
"24017850905","tract",2019,"education_score",110.48
"24017850906","tract",2019,"education_score",107.48
"24017851001","tract",2019,"education_score",114.54
"24017851002","tract",2019,"education_score",109.77
"24017851100","tract",2019,"education_score",117.09
"24017851200","tract",2019,"education_score",107.55
"24017851301","tract",2019,"education_score",104.91
"24017851302","tract",2019,"education_score",109.06
"24017851400","tract",2019,"education_score",118.28
"24017851500","tract",2019,"education_score",117.79
"24017990000","tract",2019,"education_score",NA
"24019970100","tract",2019,"education_score",100.67
"24019970200","tract",2019,"education_score",94.1
"24019970300","tract",2019,"education_score",102.74
"24019970400","tract",2019,"education_score",100.35
"24019970500","tract",2019,"education_score",71.63
"24019970600","tract",2019,"education_score",97.42
"24019970702","tract",2019,"education_score",111.32
"24019970804","tract",2019,"education_score",113.83
"24019970900","tract",2019,"education_score",99.89
"24019990000","tract",2019,"education_score",NA
"24021740200","tract",2019,"education_score",107.18
"24021750100","tract",2019,"education_score",117.03
"24021750200","tract",2019,"education_score",122.61
"24021750300","tract",2019,"education_score",117.12
"24021750503","tract",2019,"education_score",71.71
"24021750504","tract",2019,"education_score",108.94
"24021750505","tract",2019,"education_score",67.34
"24021750506","tract",2019,"education_score",104.96
"24021750600","tract",2019,"education_score",115
"24021750701","tract",2019,"education_score",113.63
"24021750702","tract",2019,"education_score",103.66
"24021750801","tract",2019,"education_score",106
"24021750802","tract",2019,"education_score",124.84
"24021750803","tract",2019,"education_score",116.14
"24021751001","tract",2019,"education_score",119.89
"24021751002","tract",2019,"education_score",112.75
"24021751003","tract",2019,"education_score",104.92
"24021751004","tract",2019,"education_score",117.7
"24021751201","tract",2019,"education_score",120
"24021751202","tract",2019,"education_score",123.62
"24021751203","tract",2019,"education_score",116.56
"24021751301","tract",2019,"education_score",107.4
"24021751302","tract",2019,"education_score",118.36
"24021751600","tract",2019,"education_score",96.41
"24021751701","tract",2019,"education_score",111.1
"24021751702","tract",2019,"education_score",115.37
"24021751801","tract",2019,"education_score",116.02
"24021751802","tract",2019,"education_score",127.95
"24021751901","tract",2019,"education_score",119.98
"24021751902","tract",2019,"education_score",114.38
"24021751903","tract",2019,"education_score",119.67
"24021751904","tract",2019,"education_score",116.27
"24021752001","tract",2019,"education_score",110.51
"24021752101","tract",2019,"education_score",118.89
"24021752102","tract",2019,"education_score",119.52
"24021752201","tract",2019,"education_score",121.29
"24021752202","tract",2019,"education_score",115.18
"24021752204","tract",2019,"education_score",121.34
"24021752301","tract",2019,"education_score",113.92
"24021752302","tract",2019,"education_score",124.77
"24021752303","tract",2019,"education_score",116.84
"24021752501","tract",2019,"education_score",117.11
"24021752502","tract",2019,"education_score",111.28
"24021752601","tract",2019,"education_score",126.12
"24021752602","tract",2019,"education_score",120.08
"24021752603","tract",2019,"education_score",120.42
"24021752801","tract",2019,"education_score",116.66
"24021752802","tract",2019,"education_score",110.14
"24021752900","tract",2019,"education_score",101.95
"24021753001","tract",2019,"education_score",104.24
"24021753002","tract",2019,"education_score",100.53
"24021765100","tract",2019,"education_score",101.23
"24021766800","tract",2019,"education_score",NA
"24021767500","tract",2019,"education_score",107.84
"24021767600","tract",2019,"education_score",99.89
"24021770700","tract",2019,"education_score",122.03
"24021772200","tract",2019,"education_score",115.45
"24021773500","tract",2019,"education_score",107.97
"24021775302","tract",2019,"education_score",112.61
"24021775400","tract",2019,"education_score",103.83
"24021775600","tract",2019,"education_score",121.12
"24023000100","tract",2019,"education_score",104.4
"24023000200","tract",2019,"education_score",85.33
"24023000300","tract",2019,"education_score",103.84
"24023000400","tract",2019,"education_score",94.31
"24023000500","tract",2019,"education_score",113.07
"24023000600","tract",2019,"education_score",99.87
"24023000700","tract",2019,"education_score",98.32
"24025301102","tract",2019,"education_score",114.43
"24025301105","tract",2019,"education_score",110.71
"24025301106","tract",2019,"education_score",118.27
"24025301107","tract",2019,"education_score",115.38
"24025301108","tract",2019,"education_score",119.39
"24025301201","tract",2019,"education_score",111.87
"24025301202","tract",2019,"education_score",112.78
"24025301204","tract",2019,"education_score",117.25
"24025301205","tract",2019,"education_score",117.35
"24025301301","tract",2019,"education_score",110.29
"24025301302","tract",2019,"education_score",97.67
"24025301401","tract",2019,"education_score",111.82
"24025301402","tract",2019,"education_score",109.55
"24025301601","tract",2019,"education_score",105.13
"24025301602","tract",2019,"education_score",99.39
"24025301702","tract",2019,"education_score",109.49
"24025301703","tract",2019,"education_score",118.05
"24025301704","tract",2019,"education_score",111.17
"24025302100","tract",2019,"education_score",122.28
"24025302200","tract",2019,"education_score",110.11
"24025302400","tract",2019,"education_score",109.86
"24025302801","tract",2019,"education_score",108.75
"24025302802","tract",2019,"education_score",111.35
"24025302901","tract",2019,"education_score",86.91
"24025302902","tract",2019,"education_score",99.54
"24025303101","tract",2019,"education_score",113.86
"24025303102","tract",2019,"education_score",124.4
"24025303201","tract",2019,"education_score",114.16
"24025303203","tract",2019,"education_score",106.99
"24025303204","tract",2019,"education_score",116.04
"24025303205","tract",2019,"education_score",116.48
"24025303206","tract",2019,"education_score",116.61
"24025303300","tract",2019,"education_score",109.93
"24025303400","tract",2019,"education_score",115.43
"24025303501","tract",2019,"education_score",106.7
"24025303502","tract",2019,"education_score",119.22
"24025303602","tract",2019,"education_score",124.53
"24025303603","tract",2019,"education_score",114.64
"24025303605","tract",2019,"education_score",105.57
"24025303606","tract",2019,"education_score",116.46
"24025303700","tract",2019,"education_score",108.74
"24025303801","tract",2019,"education_score",113.6
"24025303802","tract",2019,"education_score",116.17
"24025303803","tract",2019,"education_score",115.39
"24025303900","tract",2019,"education_score",117.04
"24025304101","tract",2019,"education_score",114.22
"24025304102","tract",2019,"education_score",116.37
"24025304201","tract",2019,"education_score",122.48
"24025304202","tract",2019,"education_score",119.01
"24025305100","tract",2019,"education_score",107.83
"24025305200","tract",2019,"education_score",87.17
"24025305300","tract",2019,"education_score",113.19
"24025306100","tract",2019,"education_score",98.99
"24025306200","tract",2019,"education_score",108.01
"24025306300","tract",2019,"education_score",123.23
"24025306400","tract",2019,"education_score",112.63
"24025306500","tract",2019,"education_score",103.36
"24027601103","tract",2019,"education_score",127.64
"24027601104","tract",2019,"education_score",126.14
"24027601105","tract",2019,"education_score",123.45
"24027601107","tract",2019,"education_score",99.36
"24027601108","tract",2019,"education_score",121.39
"24027601201","tract",2019,"education_score",116.62
"24027601203","tract",2019,"education_score",121.71
"24027601204","tract",2019,"education_score",112.59
"24027602100","tract",2019,"education_score",128.51
"24027602201","tract",2019,"education_score",127.39
"24027602202","tract",2019,"education_score",116.82
"24027602302","tract",2019,"education_score",116.31
"24027602303","tract",2019,"education_score",124.61
"24027602304","tract",2019,"education_score",125.99
"24027602305","tract",2019,"education_score",135.41
"24027602306","tract",2019,"education_score",122.67
"24027602600","tract",2019,"education_score",124.17
"24027602700","tract",2019,"education_score",129.25
"24027602800","tract",2019,"education_score",112.14
"24027602900","tract",2019,"education_score",121.84
"24027603001","tract",2019,"education_score",115.88
"24027603003","tract",2019,"education_score",129.41
"24027603004","tract",2019,"education_score",126.61
"24027604001","tract",2019,"education_score",119.89
"24027604002","tract",2019,"education_score",123.18
"24027605102","tract",2019,"education_score",137.46
"24027605103","tract",2019,"education_score",135.27
"24027605104","tract",2019,"education_score",128.95
"24027605401","tract",2019,"education_score",124.46
"24027605402","tract",2019,"education_score",125.16
"24027605502","tract",2019,"education_score",131.23
"24027605503","tract",2019,"education_score",109.74
"24027605504","tract",2019,"education_score",121.64
"24027605505","tract",2019,"education_score",129.68
"24027605601","tract",2019,"education_score",119.68
"24027605602","tract",2019,"education_score",113.83
"24027606601","tract",2019,"education_score",120.57
"24027606603","tract",2019,"education_score",107.14
"24027606604","tract",2019,"education_score",122.79
"24027606606","tract",2019,"education_score",112.52
"24027606607","tract",2019,"education_score",112.2
"24027606701","tract",2019,"education_score",126.48
"24027606704","tract",2019,"education_score",110.41
"24027606705","tract",2019,"education_score",129.52
"24027606706","tract",2019,"education_score",127.23
"24027606707","tract",2019,"education_score",119.9
"24027606803","tract",2019,"education_score",125.77
"24027606804","tract",2019,"education_score",132.11
"24027606805","tract",2019,"education_score",129.58
"24027606806","tract",2019,"education_score",121.79
"24027606901","tract",2019,"education_score",114.31
"24027606904","tract",2019,"education_score",109.84
"24027606905","tract",2019,"education_score",117.86
"24027606906","tract",2019,"education_score",101.92
"24027606907","tract",2019,"education_score",111.47
"24029950100","tract",2019,"education_score",107.24
"24029950200","tract",2019,"education_score",113.4
"24029950300","tract",2019,"education_score",102.82
"24029950400","tract",2019,"education_score",107.63
"24029950500","tract",2019,"education_score",100.52
"24029990000","tract",2019,"education_score",NA
"24031700101","tract",2019,"education_score",121.54
"24031700103","tract",2019,"education_score",120.03
"24031700104","tract",2019,"education_score",111.06
"24031700105","tract",2019,"education_score",113.23
"24031700204","tract",2019,"education_score",108.57
"24031700205","tract",2019,"education_score",120.8
"24031700206","tract",2019,"education_score",112.6
"24031700207","tract",2019,"education_score",112.05
"24031700208","tract",2019,"education_score",102.74
"24031700304","tract",2019,"education_score",119.24
"24031700306","tract",2019,"education_score",109.88
"24031700308","tract",2019,"education_score",119.51
"24031700309","tract",2019,"education_score",109.42
"24031700310","tract",2019,"education_score",111.17
"24031700311","tract",2019,"education_score",121.53
"24031700312","tract",2019,"education_score",118.29
"24031700400","tract",2019,"education_score",112.89
"24031700500","tract",2019,"education_score",125.54
"24031700604","tract",2019,"education_score",126.77
"24031700606","tract",2019,"education_score",113.24
"24031700607","tract",2019,"education_score",129.56
"24031700608","tract",2019,"education_score",118.68
"24031700610","tract",2019,"education_score",122.75
"24031700611","tract",2019,"education_score",120.15
"24031700613","tract",2019,"education_score",129.67
"24031700614","tract",2019,"education_score",108.73
"24031700615","tract",2019,"education_score",130.76
"24031700616","tract",2019,"education_score",128.04
"24031700704","tract",2019,"education_score",107.04
"24031700706","tract",2019,"education_score",120.09
"24031700710","tract",2019,"education_score",94.9
"24031700711","tract",2019,"education_score",107.25
"24031700713","tract",2019,"education_score",83.74
"24031700715","tract",2019,"education_score",109.04
"24031700716","tract",2019,"education_score",109.12
"24031700717","tract",2019,"education_score",104.7
"24031700718","tract",2019,"education_score",131.63
"24031700719","tract",2019,"education_score",81.27
"24031700720","tract",2019,"education_score",92.04
"24031700721","tract",2019,"education_score",99.16
"24031700722","tract",2019,"education_score",97.7
"24031700723","tract",2019,"education_score",113.56
"24031700724","tract",2019,"education_score",73.17
"24031700810","tract",2019,"education_score",115.4
"24031700811","tract",2019,"education_score",91.16
"24031700812","tract",2019,"education_score",98.57
"24031700813","tract",2019,"education_score",102.98
"24031700815","tract",2019,"education_score",97.18
"24031700816","tract",2019,"education_score",110.88
"24031700817","tract",2019,"education_score",126.81
"24031700818","tract",2019,"education_score",87.75
"24031700819","tract",2019,"education_score",108.95
"24031700820","tract",2019,"education_score",102.09
"24031700822","tract",2019,"education_score",93.72
"24031700823","tract",2019,"education_score",121.55
"24031700824","tract",2019,"education_score",136.08
"24031700826","tract",2019,"education_score",138.9
"24031700828","tract",2019,"education_score",128.8
"24031700829","tract",2019,"education_score",130.7
"24031700830","tract",2019,"education_score",107.97
"24031700832","tract",2019,"education_score",84.24
"24031700833","tract",2019,"education_score",104.02
"24031700834","tract",2019,"education_score",106.58
"24031700835","tract",2019,"education_score",109.83
"24031700901","tract",2019,"education_score",135.81
"24031700902","tract",2019,"education_score",100.17
"24031700903","tract",2019,"education_score",101.19
"24031700904","tract",2019,"education_score",110.67
"24031700905","tract",2019,"education_score",123.79
"24031701001","tract",2019,"education_score",132.73
"24031701002","tract",2019,"education_score",132.2
"24031701004","tract",2019,"education_score",113.58
"24031701005","tract",2019,"education_score",128.55
"24031701006","tract",2019,"education_score",129.94
"24031701007","tract",2019,"education_score",130.27
"24031701101","tract",2019,"education_score",110.1
"24031701102","tract",2019,"education_score",97.78
"24031701201","tract",2019,"education_score",113.43
"24031701202","tract",2019,"education_score",136.54
"24031701205","tract",2019,"education_score",128.05
"24031701206","tract",2019,"education_score",116.82
"24031701210","tract",2019,"education_score",121.9
"24031701211","tract",2019,"education_score",125.14
"24031701212","tract",2019,"education_score",122.48
"24031701213","tract",2019,"education_score",136.16
"24031701214","tract",2019,"education_score",133.67
"24031701215","tract",2019,"education_score",135.31
"24031701216","tract",2019,"education_score",142.21
"24031701218","tract",2019,"education_score",127.7
"24031701219","tract",2019,"education_score",100.12
"24031701220","tract",2019,"education_score",123.29
"24031701221","tract",2019,"education_score",117.75
"24031701303","tract",2019,"education_score",132.89
"24031701304","tract",2019,"education_score",113.35
"24031701306","tract",2019,"education_score",130.28
"24031701307","tract",2019,"education_score",118.65
"24031701308","tract",2019,"education_score",131.81
"24031701312","tract",2019,"education_score",117.49
"24031701313","tract",2019,"education_score",121.71
"24031701314","tract",2019,"education_score",125.12
"24031701315","tract",2019,"education_score",118.74
"24031701316","tract",2019,"education_score",120.63
"24031701317","tract",2019,"education_score",108.33
"24031701407","tract",2019,"education_score",130.46
"24031701408","tract",2019,"education_score",112.15
"24031701409","tract",2019,"education_score",120.75
"24031701410","tract",2019,"education_score",110.02
"24031701414","tract",2019,"education_score",110.42
"24031701415","tract",2019,"education_score",111.95
"24031701417","tract",2019,"education_score",111.86
"24031701418","tract",2019,"education_score",107.89
"24031701420","tract",2019,"education_score",117.46
"24031701421","tract",2019,"education_score",97.48
"24031701422","tract",2019,"education_score",105.41
"24031701423","tract",2019,"education_score",107.77
"24031701503","tract",2019,"education_score",114.83
"24031701505","tract",2019,"education_score",108.17
"24031701506","tract",2019,"education_score",127.04
"24031701507","tract",2019,"education_score",122.3
"24031701508","tract",2019,"education_score",99.6
"24031701509","tract",2019,"education_score",77.29
"24031701601","tract",2019,"education_score",78.32
"24031701602","tract",2019,"education_score",57.78
"24031701701","tract",2019,"education_score",120.04
"24031701702","tract",2019,"education_score",100.03
"24031701703","tract",2019,"education_score",108.28
"24031701704","tract",2019,"education_score",109.42
"24031701800","tract",2019,"education_score",110.16
"24031701900","tract",2019,"education_score",80.17
"24031702000","tract",2019,"education_score",45.06
"24031702101","tract",2019,"education_score",76.46
"24031702102","tract",2019,"education_score",114.71
"24031702200","tract",2019,"education_score",123.3
"24031702301","tract",2019,"education_score",88.7
"24031702302","tract",2019,"education_score",118.23
"24031702401","tract",2019,"education_score",129.8
"24031702402","tract",2019,"education_score",118.53
"24031702500","tract",2019,"education_score",132.31
"24031702601","tract",2019,"education_score",134.04
"24031702602","tract",2019,"education_score",120.43
"24031702700","tract",2019,"education_score",98.55
"24031702800","tract",2019,"education_score",129.87
"24031702900","tract",2019,"education_score",136.3
"24031703000","tract",2019,"education_score",131.42
"24031703100","tract",2019,"education_score",109.43
"24031703201","tract",2019,"education_score",99.68
"24031703202","tract",2019,"education_score",126.35
"24031703206","tract",2019,"education_score",111.92
"24031703207","tract",2019,"education_score",74.66
"24031703208","tract",2019,"education_score",119.69
"24031703209","tract",2019,"education_score",121.32
"24031703210","tract",2019,"education_score",114.93
"24031703212","tract",2019,"education_score",114.72
"24031703213","tract",2019,"education_score",83.79
"24031703214","tract",2019,"education_score",77.4
"24031703215","tract",2019,"education_score",98.86
"24031703216","tract",2019,"education_score",115.7
"24031703218","tract",2019,"education_score",122.47
"24031703219","tract",2019,"education_score",120.84
"24031703220","tract",2019,"education_score",97.87
"24031703221","tract",2019,"education_score",111.02
"24031703301","tract",2019,"education_score",68.99
"24031703302","tract",2019,"education_score",79.57
"24031703401","tract",2019,"education_score",87.28
"24031703402","tract",2019,"education_score",91.93
"24031703403","tract",2019,"education_score",83.71
"24031703404","tract",2019,"education_score",65.46
"24031703501","tract",2019,"education_score",75.72
"24031703502","tract",2019,"education_score",124.14
"24031703601","tract",2019,"education_score",110.08
"24031703602","tract",2019,"education_score",124.7
"24031703701","tract",2019,"education_score",61.81
"24031703702","tract",2019,"education_score",96.74
"24031703800","tract",2019,"education_score",124.41
"24031703901","tract",2019,"education_score",119.44
"24031703902","tract",2019,"education_score",99.35
"24031704000","tract",2019,"education_score",104.91
"24031704100","tract",2019,"education_score",125.95
"24031704200","tract",2019,"education_score",119.66
"24031704300","tract",2019,"education_score",126.95
"24031704401","tract",2019,"education_score",135.35
"24031704403","tract",2019,"education_score",138.9
"24031704404","tract",2019,"education_score",129.19
"24031704501","tract",2019,"education_score",125.47
"24031704502","tract",2019,"education_score",136.94
"24031704503","tract",2019,"education_score",119.08
"24031704600","tract",2019,"education_score",152.94
"24031704700","tract",2019,"education_score",134.88
"24031704803","tract",2019,"education_score",132.68
"24031704804","tract",2019,"education_score",149.32
"24031704805","tract",2019,"education_score",139.07
"24031704806","tract",2019,"education_score",141.08
"24031705000","tract",2019,"education_score",128.86
"24031705100","tract",2019,"education_score",132.39
"24031705200","tract",2019,"education_score",143.46
"24031705300","tract",2019,"education_score",135.02
"24031705400","tract",2019,"education_score",132.84
"24031705501","tract",2019,"education_score",146.42
"24031705502","tract",2019,"education_score",143.17
"24031705601","tract",2019,"education_score",133.23
"24031705602","tract",2019,"education_score",148.46
"24031705701","tract",2019,"education_score",133.19
"24031705702","tract",2019,"education_score",134.8
"24031705800","tract",2019,"education_score",129.15
"24031705901","tract",2019,"education_score",133.28
"24031705902","tract",2019,"education_score",129.1
"24031705903","tract",2019,"education_score",127.1
"24031706005","tract",2019,"education_score",127.04
"24031706007","tract",2019,"education_score",126.06
"24031706008","tract",2019,"education_score",127.8
"24031706009","tract",2019,"education_score",120.48
"24031706010","tract",2019,"education_score",121.25
"24031706011","tract",2019,"education_score",130.69
"24031706012","tract",2019,"education_score",127.48
"24031706013","tract",2019,"education_score",124.42
"24033800102","tract",2019,"education_score",108.57
"24033800103","tract",2019,"education_score",97.9
"24033800105","tract",2019,"education_score",100.9
"24033800106","tract",2019,"education_score",121.3
"24033800108","tract",2019,"education_score",116.77
"24033800109","tract",2019,"education_score",89.39
"24033800203","tract",2019,"education_score",116.53
"24033800206","tract",2019,"education_score",109.2
"24033800208","tract",2019,"education_score",116.7
"24033800209","tract",2019,"education_score",81.16
"24033800210","tract",2019,"education_score",103.79
"24033800211","tract",2019,"education_score",111.83
"24033800212","tract",2019,"education_score",128.72
"24033800213","tract",2019,"education_score",104.47
"24033800214","tract",2019,"education_score",99.95
"24033800215","tract",2019,"education_score",109.73
"24033800401","tract",2019,"education_score",118.52
"24033800402","tract",2019,"education_score",119.07
"24033800403","tract",2019,"education_score",123.48
"24033800408","tract",2019,"education_score",122.15
"24033800409","tract",2019,"education_score",123.25
"24033800410","tract",2019,"education_score",112.48
"24033800411","tract",2019,"education_score",117.61
"24033800412","tract",2019,"education_score",102.59
"24033800413","tract",2019,"education_score",107.27
"24033800504","tract",2019,"education_score",116.63
"24033800505","tract",2019,"education_score",127.55
"24033800507","tract",2019,"education_score",128.94
"24033800509","tract",2019,"education_score",125.69
"24033800511","tract",2019,"education_score",123.62
"24033800513","tract",2019,"education_score",122.48
"24033800514","tract",2019,"education_score",137.48
"24033800515","tract",2019,"education_score",119.6
"24033800516","tract",2019,"education_score",116.39
"24033800517","tract",2019,"education_score",127.95
"24033800518","tract",2019,"education_score",130.5
"24033800519","tract",2019,"education_score",109.65
"24033800520","tract",2019,"education_score",124.77
"24033800601","tract",2019,"education_score",111.74
"24033800604","tract",2019,"education_score",111.16
"24033800605","tract",2019,"education_score",121.19
"24033800606","tract",2019,"education_score",124.35
"24033800607","tract",2019,"education_score",119.61
"24033800608","tract",2019,"education_score",134
"24033800701","tract",2019,"education_score",126
"24033800704","tract",2019,"education_score",113.35
"24033800705","tract",2019,"education_score",115.81
"24033800706","tract",2019,"education_score",121.86
"24033800707","tract",2019,"education_score",110.42
"24033800800","tract",2019,"education_score",125.52
"24033800900","tract",2019,"education_score",122.94
"24033801003","tract",2019,"education_score",118.67
"24033801004","tract",2019,"education_score",113.78
"24033801005","tract",2019,"education_score",115.14
"24033801006","tract",2019,"education_score",120.84
"24033801104","tract",2019,"education_score",109.88
"24033801207","tract",2019,"education_score",117
"24033801208","tract",2019,"education_score",114.32
"24033801209","tract",2019,"education_score",116.13
"24033801210","tract",2019,"education_score",107.18
"24033801211","tract",2019,"education_score",111.56
"24033801212","tract",2019,"education_score",106.64
"24033801213","tract",2019,"education_score",112.8
"24033801214","tract",2019,"education_score",103.86
"24033801215","tract",2019,"education_score",114.94
"24033801216","tract",2019,"education_score",109.65
"24033801217","tract",2019,"education_score",111.31
"24033801302","tract",2019,"education_score",119.41
"24033801305","tract",2019,"education_score",105.58
"24033801307","tract",2019,"education_score",122.59
"24033801308","tract",2019,"education_score",124.72
"24033801309","tract",2019,"education_score",126.55
"24033801310","tract",2019,"education_score",130.81
"24033801311","tract",2019,"education_score",120.64
"24033801312","tract",2019,"education_score",111.54
"24033801313","tract",2019,"education_score",121.32
"24033801404","tract",2019,"education_score",124.83
"24033801405","tract",2019,"education_score",91.35
"24033801406","tract",2019,"education_score",113.78
"24033801407","tract",2019,"education_score",106.85
"24033801408","tract",2019,"education_score",116.61
"24033801409","tract",2019,"education_score",85.44
"24033801410","tract",2019,"education_score",96.71
"24033801411","tract",2019,"education_score",107.67
"24033801500","tract",2019,"education_score",93.26
"24033801600","tract",2019,"education_score",109.65
"24033801701","tract",2019,"education_score",110.76
"24033801702","tract",2019,"education_score",107.3
"24033801704","tract",2019,"education_score",110.42
"24033801706","tract",2019,"education_score",99.07
"24033801707","tract",2019,"education_score",73.82
"24033801708","tract",2019,"education_score",94.6
"24033801801","tract",2019,"education_score",115.26
"24033801802","tract",2019,"education_score",109.14
"24033801804","tract",2019,"education_score",100.38
"24033801805","tract",2019,"education_score",112.71
"24033801807","tract",2019,"education_score",104.81
"24033801808","tract",2019,"education_score",95.19
"24033801901","tract",2019,"education_score",114
"24033801904","tract",2019,"education_score",109.74
"24033801905","tract",2019,"education_score",127.06
"24033801906","tract",2019,"education_score",92.16
"24033801907","tract",2019,"education_score",119.75
"24033801908","tract",2019,"education_score",104.97
"24033802001","tract",2019,"education_score",83.22
"24033802002","tract",2019,"education_score",112.14
"24033802103","tract",2019,"education_score",102.26
"24033802104","tract",2019,"education_score",108.33
"24033802106","tract",2019,"education_score",104.61
"24033802107","tract",2019,"education_score",96.61
"24033802201","tract",2019,"education_score",114.73
"24033802203","tract",2019,"education_score",103.5
"24033802204","tract",2019,"education_score",115.52
"24033802301","tract",2019,"education_score",87.71
"24033802404","tract",2019,"education_score",99.61
"24033802405","tract",2019,"education_score",108.89
"24033802406","tract",2019,"education_score",97.7
"24033802407","tract",2019,"education_score",109.02
"24033802408","tract",2019,"education_score",106.54
"24033802501","tract",2019,"education_score",106.97
"24033802502","tract",2019,"education_score",106
"24033802600","tract",2019,"education_score",87.62
"24033802700","tract",2019,"education_score",83.72
"24033802803","tract",2019,"education_score",105.9
"24033802804","tract",2019,"education_score",104.27
"24033802805","tract",2019,"education_score",112.31
"24033802901","tract",2019,"education_score",101.81
"24033803001","tract",2019,"education_score",100.85
"24033803002","tract",2019,"education_score",100.86
"24033803100","tract",2019,"education_score",103.5
"24033803200","tract",2019,"education_score",96.62
"24033803300","tract",2019,"education_score",85.18
"24033803401","tract",2019,"education_score",72.14
"24033803402","tract",2019,"education_score",92.23
"24033803508","tract",2019,"education_score",80.68
"24033803509","tract",2019,"education_score",82.74
"24033803512","tract",2019,"education_score",112.58
"24033803513","tract",2019,"education_score",120.23
"24033803514","tract",2019,"education_score",129.02
"24033803516","tract",2019,"education_score",122.27
"24033803519","tract",2019,"education_score",119.88
"24033803520","tract",2019,"education_score",118.84
"24033803521","tract",2019,"education_score",119.99
"24033803522","tract",2019,"education_score",121.88
"24033803523","tract",2019,"education_score",108.4
"24033803524","tract",2019,"education_score",105.59
"24033803525","tract",2019,"education_score",105.91
"24033803526","tract",2019,"education_score",118.92
"24033803527","tract",2019,"education_score",115.28
"24033803601","tract",2019,"education_score",101.86
"24033803602","tract",2019,"education_score",96.17
"24033803605","tract",2019,"education_score",84.99
"24033803606","tract",2019,"education_score",78.66
"24033803607","tract",2019,"education_score",80.28
"24033803608","tract",2019,"education_score",88.92
"24033803610","tract",2019,"education_score",94.48
"24033803612","tract",2019,"education_score",84.12
"24033803613","tract",2019,"education_score",87.69
"24033803700","tract",2019,"education_score",73.21
"24033803801","tract",2019,"education_score",61.76
"24033803803","tract",2019,"education_score",68.38
"24033803900","tract",2019,"education_score",50.96
"24033804001","tract",2019,"education_score",84.63
"24033804002","tract",2019,"education_score",82.28
"24033804101","tract",2019,"education_score",98.56
"24033804102","tract",2019,"education_score",88.66
"24033804200","tract",2019,"education_score",133.7
"24033804300","tract",2019,"education_score",79.54
"24033804400","tract",2019,"education_score",78.75
"24033804600","tract",2019,"education_score",89.45
"24033804700","tract",2019,"education_score",104.13
"24033804801","tract",2019,"education_score",98.78
"24033804802","tract",2019,"education_score",63.01
"24033804900","tract",2019,"education_score",83.86
"24033805000","tract",2019,"education_score",84.05
"24033805101","tract",2019,"education_score",46.12
"24033805201","tract",2019,"education_score",68.62
"24033805202","tract",2019,"education_score",94.46
"24033805500","tract",2019,"education_score",52.94
"24033805601","tract",2019,"education_score",-0.81
"24033805602","tract",2019,"education_score",-16.74
"24033805700","tract",2019,"education_score",54.12
"24033805801","tract",2019,"education_score",61.52
"24033805802","tract",2019,"education_score",43.43
"24033805904","tract",2019,"education_score",83.11
"24033805906","tract",2019,"education_score",63.37
"24033805907","tract",2019,"education_score",73.2
"24033805908","tract",2019,"education_score",95.08
"24033805909","tract",2019,"education_score",105.15
"24033806000","tract",2019,"education_score",66.2
"24033806100","tract",2019,"education_score",101.59
"24033806200","tract",2019,"education_score",110.89
"24033806300","tract",2019,"education_score",97.18
"24033806400","tract",2019,"education_score",125.98
"24033806501","tract",2019,"education_score",53.49
"24033806601","tract",2019,"education_score",41.01
"24033806602","tract",2019,"education_score",57.77
"24033806706","tract",2019,"education_score",103.27
"24033806708","tract",2019,"education_score",113.59
"24033806710","tract",2019,"education_score",123.76
"24033806711","tract",2019,"education_score",94.26
"24033806712","tract",2019,"education_score",120.8
"24033806713","tract",2019,"education_score",77.17
"24033806714","tract",2019,"education_score",88.13
"24033806800","tract",2019,"education_score",98.05
"24033806900","tract",2019,"education_score",87.71
"24033807000","tract",2019,"education_score",105.61
"24033807102","tract",2019,"education_score",100.77
"24033807200","tract",2019,"education_score",NA
"24033807301","tract",2019,"education_score",109.66
"24033807304","tract",2019,"education_score",81.84
"24033807305","tract",2019,"education_score",89.91
"24033807404","tract",2019,"education_score",93.46
"24033807405","tract",2019,"education_score",107.04
"24033807407","tract",2019,"education_score",121.59
"24033807408","tract",2019,"education_score",122.65
"24033807409","tract",2019,"education_score",87.17
"24033807410","tract",2019,"education_score",98.43
"24035810100","tract",2019,"education_score",101.03
"24035810200","tract",2019,"education_score",90.45
"24035810300","tract",2019,"education_score",107.41
"24035810400","tract",2019,"education_score",119.24
"24035810500","tract",2019,"education_score",104.88
"24035810600","tract",2019,"education_score",119.82
"24035810700","tract",2019,"education_score",116.35
"24035810800","tract",2019,"education_score",120.92
"24035810901","tract",2019,"education_score",119.37
"24035810902","tract",2019,"education_score",113.47
"24035811000","tract",2019,"education_score",113.54
"24035990000","tract",2019,"education_score",NA
"24035990100","tract",2019,"education_score",NA
"24035990200","tract",2019,"education_score",NA
"24037875000","tract",2019,"education_score",115.88
"24037875100","tract",2019,"education_score",93.57
"24037875201","tract",2019,"education_score",105.66
"24037875202","tract",2019,"education_score",108.25
"24037875300","tract",2019,"education_score",103.27
"24037875400","tract",2019,"education_score",112.96
"24037875500","tract",2019,"education_score",107.99
"24037875600","tract",2019,"education_score",116.12
"24037875700","tract",2019,"education_score",109.07
"24037875801","tract",2019,"education_score",105.36
"24037875802","tract",2019,"education_score",111.44
"24037875901","tract",2019,"education_score",113.27
"24037875902","tract",2019,"education_score",92
"24037876001","tract",2019,"education_score",107.6
"24037876002","tract",2019,"education_score",107.07
"24037876100","tract",2019,"education_score",112.35
"24037876200","tract",2019,"education_score",110.71
"24037990000","tract",2019,"education_score",NA
"24039930101","tract",2019,"education_score",87
"24039930102","tract",2019,"education_score",91.67
"24039930200","tract",2019,"education_score",95.1
"24039930300","tract",2019,"education_score",112.74
"24039930500","tract",2019,"education_score",89.88
"24039930600","tract",2019,"education_score",89.7
"24039980400","tract",2019,"education_score",NA
"24039990100","tract",2019,"education_score",NA
"24041960100","tract",2019,"education_score",104.83
"24041960201","tract",2019,"education_score",136.04
"24041960300","tract",2019,"education_score",95.77
"24041960400","tract",2019,"education_score",104.89
"24041960501","tract",2019,"education_score",103.78
"24041960502","tract",2019,"education_score",110.2
"24041960600","tract",2019,"education_score",116.66
"24041960700","tract",2019,"education_score",119.14
"24041960800","tract",2019,"education_score",108.11
"24041960900","tract",2019,"education_score",115.46
"24041990000","tract",2019,"education_score",NA
"24043000100","tract",2019,"education_score",107.53
"24043000200","tract",2019,"education_score",112.36
"24043000301","tract",2019,"education_score",87.02
"24043000302","tract",2019,"education_score",71.93
"24043000400","tract",2019,"education_score",101.88
"24043000500","tract",2019,"education_score",84.7
"24043000601","tract",2019,"education_score",94.88
"24043000602","tract",2019,"education_score",98.55
"24043000700","tract",2019,"education_score",80.84
"24043000800","tract",2019,"education_score",94.86
"24043000900","tract",2019,"education_score",76.17
"24043001001","tract",2019,"education_score",103.68
"24043001002","tract",2019,"education_score",96.94
"24043010100","tract",2019,"education_score",109.52
"24043010200","tract",2019,"education_score",97.66
"24043010300","tract",2019,"education_score",109.68
"24043010400","tract",2019,"education_score",100.27
"24043010500","tract",2019,"education_score",84.8
"24043010600","tract",2019,"education_score",100.43
"24043010700","tract",2019,"education_score",104.56
"24043010801","tract",2019,"education_score",110.11
"24043010802","tract",2019,"education_score",99.63
"24043010900","tract",2019,"education_score",103.71
"24043011000","tract",2019,"education_score",NA
"24043011100","tract",2019,"education_score",109.92
"24043011201","tract",2019,"education_score",104.1
"24043011202","tract",2019,"education_score",95.65
"24043011301","tract",2019,"education_score",102.45
"24043011302","tract",2019,"education_score",101.7
"24043011400","tract",2019,"education_score",101.9
"24043011500","tract",2019,"education_score",105.32
"24043011600","tract",2019,"education_score",99.49
"24045000100","tract",2019,"education_score",67.88
"24045000200","tract",2019,"education_score",114.32
"24045000300","tract",2019,"education_score",66.12
"24045000400","tract",2019,"education_score",114.02
"24045000500","tract",2019,"education_score",75.49
"24045010101","tract",2019,"education_score",107.29
"24045010102","tract",2019,"education_score",111.84
"24045010200","tract",2019,"education_score",72.84
"24045010300","tract",2019,"education_score",112.81
"24045010400","tract",2019,"education_score",104.52
"24045010501","tract",2019,"education_score",100.21
"24045010502","tract",2019,"education_score",95.55
"24045010603","tract",2019,"education_score",103.18
"24045010604","tract",2019,"education_score",90.62
"24045010605","tract",2019,"education_score",116.34
"24045010606","tract",2019,"education_score",95.75
"24045010701","tract",2019,"education_score",99.48
"24045010702","tract",2019,"education_score",90.8
"24045010800","tract",2019,"education_score",108.62
"24047950000","tract",2019,"education_score",111.25
"24047950100","tract",2019,"education_score",121.73
"24047950300","tract",2019,"education_score",106.21
"24047950400","tract",2019,"education_score",109.66
"24047950600","tract",2019,"education_score",111.57
"24047950700","tract",2019,"education_score",112.33
"24047950800","tract",2019,"education_score",102.74
"24047950900","tract",2019,"education_score",111.14
"24047951000","tract",2019,"education_score",100.87
"24047951100","tract",2019,"education_score",123.07
"24047951200","tract",2019,"education_score",91.93
"24047951300","tract",2019,"education_score",95.65
"24047951400","tract",2019,"education_score",100.43
"24047951500","tract",2019,"education_score",92.83
"24047951700","tract",2019,"education_score",106.64
"24047980000","tract",2019,"education_score",NA
"24047990000","tract",2019,"education_score",NA
"24510010100","tract",2019,"education_score",138.76
"24510010200","tract",2019,"education_score",136.05
"24510010300","tract",2019,"education_score",135.93
"24510010400","tract",2019,"education_score",143.51
"24510010500","tract",2019,"education_score",135.21
"24510020100","tract",2019,"education_score",130.87
"24510020200","tract",2019,"education_score",129.21
"24510020300","tract",2019,"education_score",145.23
"24510030100","tract",2019,"education_score",86.44
"24510030200","tract",2019,"education_score",127.72
"24510040100","tract",2019,"education_score",136.24
"24510040200","tract",2019,"education_score",NA
"24510060100","tract",2019,"education_score",101.8
"24510060200","tract",2019,"education_score",104.79
"24510060300","tract",2019,"education_score",111.72
"24510060400","tract",2019,"education_score",119.12
"24510070100","tract",2019,"education_score",75.81
"24510070200","tract",2019,"education_score",76.65
"24510070300","tract",2019,"education_score",90.11
"24510070400","tract",2019,"education_score",98.65
"24510080101","tract",2019,"education_score",111.69
"24510080102","tract",2019,"education_score",79.39
"24510080200","tract",2019,"education_score",84.58
"24510080301","tract",2019,"education_score",91.28
"24510080302","tract",2019,"education_score",85.53
"24510080400","tract",2019,"education_score",88.53
"24510080500","tract",2019,"education_score",65.93
"24510080600","tract",2019,"education_score",83.22
"24510080700","tract",2019,"education_score",113.96
"24510080800","tract",2019,"education_score",70.58
"24510090100","tract",2019,"education_score",93.14
"24510090200","tract",2019,"education_score",111.35
"24510090300","tract",2019,"education_score",99.27
"24510090400","tract",2019,"education_score",84.94
"24510090500","tract",2019,"education_score",96.86
"24510090600","tract",2019,"education_score",82.15
"24510090700","tract",2019,"education_score",81.54
"24510090800","tract",2019,"education_score",76.99
"24510090900","tract",2019,"education_score",78.1
"24510100100","tract",2019,"education_score",87.26
"24510100200","tract",2019,"education_score",71.41
"24510100300","tract",2019,"education_score",NA
"24510110100","tract",2019,"education_score",132.11
"24510110200","tract",2019,"education_score",128.16
"24510120100","tract",2019,"education_score",133.93
"24510120201","tract",2019,"education_score",121.59
"24510120202","tract",2019,"education_score",NA
"24510120300","tract",2019,"education_score",116.89
"24510120400","tract",2019,"education_score",100.24
"24510120500","tract",2019,"education_score",113.13
"24510120600","tract",2019,"education_score",113.01
"24510120700","tract",2019,"education_score",116.68
"24510130100","tract",2019,"education_score",108.29
"24510130200","tract",2019,"education_score",104.58
"24510130300","tract",2019,"education_score",94.82
"24510130400","tract",2019,"education_score",97.44
"24510130600","tract",2019,"education_score",132.78
"24510130700","tract",2019,"education_score",132.44
"24510130803","tract",2019,"education_score",120.08
"24510130804","tract",2019,"education_score",115.42
"24510130805","tract",2019,"education_score",123.87
"24510130806","tract",2019,"education_score",117.48
"24510140100","tract",2019,"education_score",122.51
"24510140200","tract",2019,"education_score",85.98
"24510140300","tract",2019,"education_score",98.73
"24510150100","tract",2019,"education_score",88.03
"24510150200","tract",2019,"education_score",84.23
"24510150300","tract",2019,"education_score",90.03
"24510150400","tract",2019,"education_score",90.26
"24510150500","tract",2019,"education_score",78.82
"24510150600","tract",2019,"education_score",92.42
"24510150701","tract",2019,"education_score",114.53
"24510150702","tract",2019,"education_score",104.65
"24510150800","tract",2019,"education_score",106.2
"24510150900","tract",2019,"education_score",97.04
"24510151000","tract",2019,"education_score",98.21
"24510151100","tract",2019,"education_score",101.06
"24510151200","tract",2019,"education_score",92.95
"24510151300","tract",2019,"education_score",71.4
"24510160100","tract",2019,"education_score",60.3
"24510160200","tract",2019,"education_score",84.36
"24510160300","tract",2019,"education_score",70.97
"24510160400","tract",2019,"education_score",65.56
"24510160500","tract",2019,"education_score",83.81
"24510160600","tract",2019,"education_score",97.27
"24510160700","tract",2019,"education_score",87.54
"24510160801","tract",2019,"education_score",94.81
"24510160802","tract",2019,"education_score",92.59
"24510170100","tract",2019,"education_score",105.9
"24510170200","tract",2019,"education_score",65.05
"24510170300","tract",2019,"education_score",98.39
"24510180100","tract",2019,"education_score",65.61
"24510180200","tract",2019,"education_score",98.12
"24510180300","tract",2019,"education_score",108.3
"24510190100","tract",2019,"education_score",64.79
"24510190200","tract",2019,"education_score",89.11
"24510190300","tract",2019,"education_score",64.41
"24510200100","tract",2019,"education_score",71.21
"24510200200","tract",2019,"education_score",70.73
"24510200300","tract",2019,"education_score",74.23
"24510200400","tract",2019,"education_score",78.68
"24510200500","tract",2019,"education_score",54.39
"24510200600","tract",2019,"education_score",89.97
"24510200701","tract",2019,"education_score",83.56
"24510200702","tract",2019,"education_score",99.27
"24510200800","tract",2019,"education_score",86.85
"24510210100","tract",2019,"education_score",114.04
"24510210200","tract",2019,"education_score",98.89
"24510220100","tract",2019,"education_score",131.81
"24510230100","tract",2019,"education_score",123.08
"24510230200","tract",2019,"education_score",134.32
"24510230300","tract",2019,"education_score",141.37
"24510240100","tract",2019,"education_score",139.89
"24510240200","tract",2019,"education_score",144.06
"24510240300","tract",2019,"education_score",139.09
"24510240400","tract",2019,"education_score",131.28
"24510250101","tract",2019,"education_score",108.55
"24510250102","tract",2019,"education_score",87.79
"24510250103","tract",2019,"education_score",89.07
"24510250203","tract",2019,"education_score",93.95
"24510250204","tract",2019,"education_score",55.78
"24510250205","tract",2019,"education_score",76.29
"24510250206","tract",2019,"education_score",104.81
"24510250207","tract",2019,"education_score",89.32
"24510250301","tract",2019,"education_score",66.46
"24510250303","tract",2019,"education_score",89.9
"24510250401","tract",2019,"education_score",75.57
"24510250402","tract",2019,"education_score",83.79
"24510250500","tract",2019,"education_score",69.31
"24510250600","tract",2019,"education_score",NA
"24510260101","tract",2019,"education_score",104.07
"24510260102","tract",2019,"education_score",101.05
"24510260201","tract",2019,"education_score",96.16
"24510260202","tract",2019,"education_score",92.88
"24510260203","tract",2019,"education_score",106.33
"24510260301","tract",2019,"education_score",83.68
"24510260302","tract",2019,"education_score",97.19
"24510260303","tract",2019,"education_score",89.84
"24510260401","tract",2019,"education_score",48.47
"24510260402","tract",2019,"education_score",94.48
"24510260403","tract",2019,"education_score",89.59
"24510260404","tract",2019,"education_score",60.41
"24510260501","tract",2019,"education_score",90.01
"24510260604","tract",2019,"education_score",67.49
"24510260605","tract",2019,"education_score",62.18
"24510260700","tract",2019,"education_score",94.7
"24510260800","tract",2019,"education_score",77.88
"24510260900","tract",2019,"education_score",134.82
"24510261000","tract",2019,"education_score",78.24
"24510261100","tract",2019,"education_score",140.16
"24510270101","tract",2019,"education_score",108.37
"24510270102","tract",2019,"education_score",96.85
"24510270200","tract",2019,"education_score",116.52
"24510270301","tract",2019,"education_score",111.71
"24510270302","tract",2019,"education_score",110.17
"24510270401","tract",2019,"education_score",100.08
"24510270402","tract",2019,"education_score",106.79
"24510270501","tract",2019,"education_score",114.04
"24510270502","tract",2019,"education_score",109.1
"24510270600","tract",2019,"education_score",116.17
"24510270701","tract",2019,"education_score",100.83
"24510270702","tract",2019,"education_score",108.5
"24510270703","tract",2019,"education_score",122.7
"24510270801","tract",2019,"education_score",105.25
"24510270802","tract",2019,"education_score",102.4
"24510270803","tract",2019,"education_score",103.64
"24510270804","tract",2019,"education_score",112.44
"24510270805","tract",2019,"education_score",105.59
"24510270901","tract",2019,"education_score",103.35
"24510270902","tract",2019,"education_score",97.03
"24510270903","tract",2019,"education_score",NA
"24510271001","tract",2019,"education_score",96.09
"24510271002","tract",2019,"education_score",81.22
"24510271101","tract",2019,"education_score",116.52
"24510271102","tract",2019,"education_score",NA
"24510271200","tract",2019,"education_score",135.3
"24510271300","tract",2019,"education_score",141.15
"24510271400","tract",2019,"education_score",136.32
"24510271501","tract",2019,"education_score",127.77
"24510271503","tract",2019,"education_score",139.04
"24510271600","tract",2019,"education_score",96.17
"24510271700","tract",2019,"education_score",103.59
"24510271801","tract",2019,"education_score",98.88
"24510271802","tract",2019,"education_score",76.46
"24510271900","tract",2019,"education_score",111.11
"24510272003","tract",2019,"education_score",105.26
"24510272004","tract",2019,"education_score",124.18
"24510272005","tract",2019,"education_score",111.32
"24510272006","tract",2019,"education_score",98.71
"24510272007","tract",2019,"education_score",108.53
"24510280101","tract",2019,"education_score",94.66
"24510280102","tract",2019,"education_score",111.47
"24510280200","tract",2019,"education_score",110.7
"24510280301","tract",2019,"education_score",106.91
"24510280302","tract",2019,"education_score",100.89
"24510280401","tract",2019,"education_score",108.86
"24510280402","tract",2019,"education_score",108.15
"24510280403","tract",2019,"education_score",112.47
"24510280404","tract",2019,"education_score",92.11
"24510280500","tract",2019,"education_score",64.4
"24001000100","tract",2019,"education_rnk",37.3688
"24001000200","tract",2019,"education_rnk",47.1324
"24001000300","tract",2019,"education_rnk",51.5417
"24001000400","tract",2019,"education_rnk",55.7168
"24001000500","tract",2019,"education_rnk",NA
"24001000600","tract",2019,"education_rnk",57.1414
"24001000700","tract",2019,"education_rnk",26.3922
"24001000800","tract",2019,"education_rnk",23.1184
"24001001000","tract",2019,"education_rnk",36.421
"24001001100","tract",2019,"education_rnk",60.4068
"24001001200","tract",2019,"education_rnk",76.34
"24001001300","tract",2019,"education_rnk",NA
"24001001401","tract",2019,"education_rnk",84.758
"24001001402","tract",2019,"education_rnk",67.9375
"24001001502","tract",2019,"education_rnk",38.5903
"24001001503","tract",2019,"education_rnk",53.4515
"24001001600","tract",2019,"education_rnk",60.1233
"24001001700","tract",2019,"education_rnk",57.0977
"24001001800","tract",2019,"education_rnk",NA
"24001001900","tract",2019,"education_rnk",53.7407
"24001002000","tract",2019,"education_rnk",48.4865
"24001002100","tract",2019,"education_rnk",32.8411
"24001002200","tract",2019,"education_rnk",57.597
"24003701101","tract",2019,"education_rnk",86.263
"24003701102","tract",2019,"education_rnk",79.0609
"24003701200","tract",2019,"education_rnk",87.0345
"24003701300","tract",2019,"education_rnk",76.5812
"24003701400","tract",2019,"education_rnk",66.6088
"24003702100","tract",2019,"education_rnk",93.7542
"24003702204","tract",2019,"education_rnk",90.3281
"24003702205","tract",2019,"education_rnk",93.1802
"24003702206","tract",2019,"education_rnk",83.8157
"24003702208","tract",2019,"education_rnk",89.9684
"24003702209","tract",2019,"education_rnk",88.8597
"24003702300","tract",2019,"education_rnk",77.1383
"24003702402","tract",2019,"education_rnk",92.7542
"24003702500","tract",2019,"education_rnk",63.1573
"24003702601","tract",2019,"education_rnk",94.6922
"24003702602","tract",2019,"education_rnk",96.1578
"24003702701","tract",2019,"education_rnk",97.7869
"24003702702","tract",2019,"education_rnk",99.5458
"24003706101","tract",2019,"education_rnk",89.0234
"24003706301","tract",2019,"education_rnk",86.5211
"24003706302","tract",2019,"education_rnk",95.9039
"24003706401","tract",2019,"education_rnk",15.29
"24003706402","tract",2019,"education_rnk",63.4747
"24003706500","tract",2019,"education_rnk",75.8068
"24003706600","tract",2019,"education_rnk",77.5841
"24003706700","tract",2019,"education_rnk",NA
"24003707001","tract",2019,"education_rnk",78.4092
"24003707002","tract",2019,"education_rnk",84.4632
"24003708001","tract",2019,"education_rnk",91.0418
"24003708004","tract",2019,"education_rnk",67.2013
"24003730100","tract",2019,"education_rnk",85.5422
"24003730203","tract",2019,"education_rnk",34.6691
"24003730204","tract",2019,"education_rnk",20.3326
"24003730300","tract",2019,"education_rnk",40.8697
"24003730401","tract",2019,"education_rnk",42.1632
"24003730402","tract",2019,"education_rnk",57.3897
"24003730502","tract",2019,"education_rnk",75.9112
"24003730504","tract",2019,"education_rnk",76.0339
"24003730505","tract",2019,"education_rnk",30.7732
"24003730506","tract",2019,"education_rnk",54.8282
"24003730601","tract",2019,"education_rnk",94.846
"24003730603","tract",2019,"education_rnk",69.3523
"24003730604","tract",2019,"education_rnk",94.8925
"24003730700","tract",2019,"education_rnk",84.5718
"24003730800","tract",2019,"education_rnk",98.234
"24003730901","tract",2019,"education_rnk",98.2806
"24003730902","tract",2019,"education_rnk",93.64
"24003731002","tract",2019,"education_rnk",78.0552
"24003731003","tract",2019,"education_rnk",78.1807
"24003731004","tract",2019,"education_rnk",90.8077
"24003731102","tract",2019,"education_rnk",83.9991
"24003731103","tract",2019,"education_rnk",78.7294
"24003731104","tract",2019,"education_rnk",75.6065
"24003731105","tract",2019,"education_rnk",72.0788
"24003731201","tract",2019,"education_rnk",89.7723
"24003731202","tract",2019,"education_rnk",74.818
"24003731203","tract",2019,"education_rnk",76.608
"24003731204","tract",2019,"education_rnk",75.3103
"24003731303","tract",2019,"education_rnk",80.1202
"24003731306","tract",2019,"education_rnk",84.892
"24003731307","tract",2019,"education_rnk",77.7026
"24003731308","tract",2019,"education_rnk",75.5698
"24003731309","tract",2019,"education_rnk",52.5262
"24003731310","tract",2019,"education_rnk",44.4863
"24003731311","tract",2019,"education_rnk",71.911
"24003740102","tract",2019,"education_rnk",83.1951
"24003740103","tract",2019,"education_rnk",76.1566
"24003740104","tract",2019,"education_rnk",83.9032
"24003740105","tract",2019,"education_rnk",56.4052
"24003740201","tract",2019,"education_rnk",45.4045
"24003740203","tract",2019,"education_rnk",79.3077
"24003740303","tract",2019,"education_rnk",81.5081
"24003740304","tract",2019,"education_rnk",87.3801
"24003740305","tract",2019,"education_rnk",49.7715
"24003740400","tract",2019,"education_rnk",NA
"24003740500","tract",2019,"education_rnk",85.9513
"24003740601","tract",2019,"education_rnk",54.7986
"24003740602","tract",2019,"education_rnk",59.8807
"24003740603","tract",2019,"education_rnk",NA
"24003740701","tract",2019,"education_rnk",92.5934
"24003740702","tract",2019,"education_rnk",94.5455
"24003740800","tract",2019,"education_rnk",81.8608
"24003740900","tract",2019,"education_rnk",55.1978
"24003741000","tract",2019,"education_rnk",70.8164
"24003750101","tract",2019,"education_rnk",44.0434
"24003750102","tract",2019,"education_rnk",26.4712
"24003750201","tract",2019,"education_rnk",69.2112
"24003750202","tract",2019,"education_rnk",36.7835
"24003750203","tract",2019,"education_rnk",25.9563
"24003750300","tract",2019,"education_rnk",68.702
"24003750400","tract",2019,"education_rnk",90.3549
"24003750801","tract",2019,"education_rnk",63.8061
"24003750803","tract",2019,"education_rnk",27.0664
"24003750804","tract",2019,"education_rnk",57.2896
"24003750900","tract",2019,"education_rnk",66.8162
"24003751000","tract",2019,"education_rnk",47.2424
"24003751102","tract",2019,"education_rnk",62.5719
"24003751103","tract",2019,"education_rnk",68.8121
"24003751200","tract",2019,"education_rnk",86.885
"24003751400","tract",2019,"education_rnk",78.1581
"24003751500","tract",2019,"education_rnk",28.3796
"24003751600","tract",2019,"education_rnk",91.4241
"24003751700","tract",2019,"education_rnk",75.2595
"24003980000","tract",2019,"education_rnk",NA
"24003990000","tract",2019,"education_rnk",NA
"24005400100","tract",2019,"education_rnk",62.9274
"24005400200","tract",2019,"education_rnk",81.5829
"24005400400","tract",2019,"education_rnk",89.5862
"24005400500","tract",2019,"education_rnk",94.6217
"24005400600","tract",2019,"education_rnk",92.3268
"24005400701","tract",2019,"education_rnk",80.0257
"24005400702","tract",2019,"education_rnk",86.5211
"24005400800","tract",2019,"education_rnk",54.3571
"24005400900","tract",2019,"education_rnk",61.3095
"24005401000","tract",2019,"education_rnk",86.7764
"24005401101","tract",2019,"education_rnk",43.0532
"24005401102","tract",2019,"education_rnk",56.6605
"24005401200","tract",2019,"education_rnk",57.4433
"24005401301","tract",2019,"education_rnk",40.156
"24005401302","tract",2019,"education_rnk",65.5806
"24005401400","tract",2019,"education_rnk",81.6506
"24005401503","tract",2019,"education_rnk",87.3618
"24005401504","tract",2019,"education_rnk",80.3557
"24005401505","tract",2019,"education_rnk",57.4433
"24005401506","tract",2019,"education_rnk",81.2712
"24005401507","tract",2019,"education_rnk",31.5758
"24005402201","tract",2019,"education_rnk",72.351
"24005402202","tract",2019,"education_rnk",93.5553
"24005402302","tract",2019,"education_rnk",65.4155
"24005402303","tract",2019,"education_rnk",60.1473
"24005402304","tract",2019,"education_rnk",48.4188
"24005402305","tract",2019,"education_rnk",57.5181
"24005402306","tract",2019,"education_rnk",64.1912
"24005402307","tract",2019,"education_rnk",45.5075
"24005402403","tract",2019,"education_rnk",50.9888
"24005402404","tract",2019,"education_rnk",49.701
"24005402405","tract",2019,"education_rnk",22.0661
"24005402406","tract",2019,"education_rnk",82.968
"24005402407","tract",2019,"education_rnk",55.1978
"24005402503","tract",2019,"education_rnk",76.5487
"24005402504","tract",2019,"education_rnk",61.8103
"24005402505","tract",2019,"education_rnk",54.1201
"24005402506","tract",2019,"education_rnk",53.6391
"24005402509","tract",2019,"education_rnk",90.4832
"24005402602","tract",2019,"education_rnk",51.7462
"24005402603","tract",2019,"education_rnk",89.0135
"24005402604","tract",2019,"education_rnk",67.0263
"24005403100","tract",2019,"education_rnk",56.3699
"24005403201","tract",2019,"education_rnk",65.7611
"24005403202","tract",2019,"education_rnk",62.9641
"24005403300","tract",2019,"education_rnk",73.4329
"24005403401","tract",2019,"education_rnk",95.09
"24005403402","tract",2019,"education_rnk",45.3594
"24005403500","tract",2019,"education_rnk",92.8021
"24005403601","tract",2019,"education_rnk",90.0037
"24005403602","tract",2019,"education_rnk",93.6245
"24005403701","tract",2019,"education_rnk",95.7572
"24005403702","tract",2019,"education_rnk",91.7936
"24005403801","tract",2019,"education_rnk",98.7023
"24005403802","tract",2019,"education_rnk",97.5048
"24005403803","tract",2019,"education_rnk",97.3553
"24005404101","tract",2019,"education_rnk",89.4832
"24005404102","tract",2019,"education_rnk",48.1734
"24005404201","tract",2019,"education_rnk",58.0724
"24005404202","tract",2019,"education_rnk",20.7191
"24005404402","tract",2019,"education_rnk",89.7427
"24005404403","tract",2019,"education_rnk",38.7215
"24005404404","tract",2019,"education_rnk",76.0156
"24005404501","tract",2019,"education_rnk",59.1952
"24005404502","tract",2019,"education_rnk",40.527
"24005404600","tract",2019,"education_rnk",89.1785
"24005404800","tract",2019,"education_rnk",81.8128
"24005404900","tract",2019,"education_rnk",95.9194
"24005405000","tract",2019,"education_rnk",86.6452
"24005406000","tract",2019,"education_rnk",91.9671
"24005407001","tract",2019,"education_rnk",89.6581
"24005407002","tract",2019,"education_rnk",81.171
"24005408100","tract",2019,"education_rnk",91.3944
"24005408200","tract",2019,"education_rnk",98.5063
"24005408302","tract",2019,"education_rnk",97.3073
"24005408303","tract",2019,"education_rnk",98.8391
"24005408304","tract",2019,"education_rnk",97.7954
"24005408400","tract",2019,"education_rnk",98.9872
"24005408502","tract",2019,"education_rnk",85.1303
"24005408503","tract",2019,"education_rnk",70.3397
"24005408505","tract",2019,"education_rnk",88.3675
"24005408506","tract",2019,"education_rnk",73.605
"24005408507","tract",2019,"education_rnk",45.3044
"24005408601","tract",2019,"education_rnk",82.4546
"24005408602","tract",2019,"education_rnk",90.1377
"24005408702","tract",2019,"education_rnk",91.685
"24005408703","tract",2019,"education_rnk",97.1804
"24005408704","tract",2019,"education_rnk",90.9318
"24005408800","tract",2019,"education_rnk",83.9751
"24005408900","tract",2019,"education_rnk",86.2968
"24005410100","tract",2019,"education_rnk",82.7889
"24005410200","tract",2019,"education_rnk",94.2028
"24005411101","tract",2019,"education_rnk",94.231
"24005411102","tract",2019,"education_rnk",85.6691
"24005411201","tract",2019,"education_rnk",93.8121
"24005411202","tract",2019,"education_rnk",92.4283
"24005411302","tract",2019,"education_rnk",74.6304
"24005411303","tract",2019,"education_rnk",82.0766
"24005411306","tract",2019,"education_rnk",81.9412
"24005411307","tract",2019,"education_rnk",72.7502
"24005411308","tract",2019,"education_rnk",84.7467
"24005411309","tract",2019,"education_rnk",84.93
"24005411404","tract",2019,"education_rnk",79.7929
"24005411406","tract",2019,"education_rnk",76.1383
"24005411407","tract",2019,"education_rnk",83.3672
"24005411408","tract",2019,"education_rnk",69.7402
"24005411409","tract",2019,"education_rnk",80.7182
"24005411410","tract",2019,"education_rnk",77.1383
"24005420100","tract",2019,"education_rnk",27.1666
"24005420200","tract",2019,"education_rnk",62.3053
"24005420301","tract",2019,"education_rnk",37.2517
"24005420302","tract",2019,"education_rnk",32.9229
"24005420303","tract",2019,"education_rnk",36.421
"24005420401","tract",2019,"education_rnk",9.5704
"24005420402","tract",2019,"education_rnk",21.784
"24005420500","tract",2019,"education_rnk",32.0371
"24005420600","tract",2019,"education_rnk",26.1482
"24005420701","tract",2019,"education_rnk",22.8306
"24005420702","tract",2019,"education_rnk",27.6095
"24005420800","tract",2019,"education_rnk",29.5348
"24005420900","tract",2019,"education_rnk",47.5217
"24005421000","tract",2019,"education_rnk",17.977
"24005421101","tract",2019,"education_rnk",42.1886
"24005421102","tract",2019,"education_rnk",50.6785
"24005421200","tract",2019,"education_rnk",27.1454
"24005421300","tract",2019,"education_rnk",25.7899
"24005430101","tract",2019,"education_rnk",15.1645
"24005430104","tract",2019,"education_rnk",61.2108
"24005430200","tract",2019,"education_rnk",26.6009
"24005430300","tract",2019,"education_rnk",21.6641
"24005430400","tract",2019,"education_rnk",67.7683
"24005430600","tract",2019,"education_rnk",92.5285
"24005430700","tract",2019,"education_rnk",72.7347
"24005430800","tract",2019,"education_rnk",78.003
"24005430900","tract",2019,"education_rnk",39.9388
"24005440100","tract",2019,"education_rnk",71.997
"24005440200","tract",2019,"education_rnk",64.5678
"24005440300","tract",2019,"education_rnk",52.8436
"24005440400","tract",2019,"education_rnk",53.412
"24005440500","tract",2019,"education_rnk",77.876
"24005440600","tract",2019,"education_rnk",84.758
"24005440701","tract",2019,"education_rnk",33.1175
"24005440702","tract",2019,"education_rnk",73.0958
"24005440800","tract",2019,"education_rnk",77.1553
"24005440900","tract",2019,"education_rnk",66.1053
"24005441000","tract",2019,"education_rnk",43.8953
"24005441101","tract",2019,"education_rnk",58.8595
"24005441102","tract",2019,"education_rnk",54.6237
"24005450100","tract",2019,"education_rnk",72.9012
"24005450200","tract",2019,"education_rnk",58.9046
"24005450300","tract",2019,"education_rnk",62.1347
"24005450400","tract",2019,"education_rnk",44.0688
"24005450501","tract",2019,"education_rnk",53.003
"24005450503","tract",2019,"education_rnk",37.7962
"24005450504","tract",2019,"education_rnk",34.3489
"24005450800","tract",2019,"education_rnk",27.1454
"24005450900","tract",2019,"education_rnk",79.3486
"24005451000","tract",2019,"education_rnk",88.8485
"24005451100","tract",2019,"education_rnk",47.8391
"24005451200","tract",2019,"education_rnk",48.4696
"24005451300","tract",2019,"education_rnk",17.7231
"24005451401","tract",2019,"education_rnk",50.244
"24005451402","tract",2019,"education_rnk",42.2845
"24005451500","tract",2019,"education_rnk",20.1013
"24005451600","tract",2019,"education_rnk",63.9303
"24005451701","tract",2019,"education_rnk",92.0687
"24005451702","tract",2019,"education_rnk",72.825
"24005451801","tract",2019,"education_rnk",69.5836
"24005451802","tract",2019,"education_rnk",74.6065
"24005451803","tract",2019,"education_rnk",72.6712
"24005451900","tract",2019,"education_rnk",55.1103
"24005452000","tract",2019,"education_rnk",86.6974
"24005452100","tract",2019,"education_rnk",80.3318
"24005452300","tract",2019,"education_rnk",3.9466
"24005452400","tract",2019,"education_rnk",47.1592
"24005452500","tract",2019,"education_rnk",8.5844
"24005490100","tract",2019,"education_rnk",96.9152
"24005490200","tract",2019,"education_rnk",87.9344
"24005490301","tract",2019,"education_rnk",73.0196
"24005490302","tract",2019,"education_rnk",NA
"24005490400","tract",2019,"education_rnk",98.0168
"24005490500","tract",2019,"education_rnk",99.1184
"24005490601","tract",2019,"education_rnk",88.0755
"24005490602","tract",2019,"education_rnk",93.8643
"24005490603","tract",2019,"education_rnk",96.2438
"24005490605","tract",2019,"education_rnk",NA
"24005490701","tract",2019,"education_rnk",96.1056
"24005490703","tract",2019,"education_rnk",96.0449
"24005490800","tract",2019,"education_rnk",88.2292
"24005490900","tract",2019,"education_rnk",91.7555
"24005491000","tract",2019,"education_rnk",96.8207
"24005491100","tract",2019,"education_rnk",84.6832
"24005491201","tract",2019,"education_rnk",93.056
"24005491202","tract",2019,"education_rnk",85.6691
"24005491300","tract",2019,"education_rnk",90.7541
"24005491401","tract",2019,"education_rnk",56.7804
"24005491402","tract",2019,"education_rnk",70.4059
"24005491500","tract",2019,"education_rnk",79.9608
"24005491600","tract",2019,"education_rnk",40.4043
"24005491701","tract",2019,"education_rnk",90.0559
"24005491900","tract",2019,"education_rnk",53.8676
"24005492001","tract",2019,"education_rnk",64.4761
"24005492002","tract",2019,"education_rnk",79.1399
"24005492101","tract",2019,"education_rnk",74.8731
"24005492102","tract",2019,"education_rnk",56.3332
"24005492200","tract",2019,"education_rnk",60.947
"24005492300","tract",2019,"education_rnk",24.3991
"24005492401","tract",2019,"education_rnk",82.5251
"24005492402","tract",2019,"education_rnk",93.8121
"24005492500","tract",2019,"education_rnk",NA
"24005492600","tract",2019,"education_rnk",57.188
"24005980000","tract",2019,"education_rnk",NA
"24005980100","tract",2019,"education_rnk",NA
"24005980200","tract",2019,"education_rnk",NA
"24009860101","tract",2019,"education_rnk",96.674
"24009860102","tract",2019,"education_rnk",73.4851
"24009860200","tract",2019,"education_rnk",90.4832
"24009860300","tract",2019,"education_rnk",89.3379
"24009860401","tract",2019,"education_rnk",69.3029
"24009860402","tract",2019,"education_rnk",91.2012
"24009860501","tract",2019,"education_rnk",75.4683
"24009860502","tract",2019,"education_rnk",80.5687
"24009860600","tract",2019,"education_rnk",68.6188
"24009860701","tract",2019,"education_rnk",71.1662
"24009860702","tract",2019,"education_rnk",77.8337
"24009860703","tract",2019,"education_rnk",66.3028
"24009860801","tract",2019,"education_rnk",83.0597
"24009860802","tract",2019,"education_rnk",81.8128
"24009860900","tract",2019,"education_rnk",80.2852
"24009861001","tract",2019,"education_rnk",87.3378
"24009861003","tract",2019,"education_rnk",60.3673
"24009861004","tract",2019,"education_rnk",62.0402
"24009990100","tract",2019,"education_rnk",NA
"24011955000","tract",2019,"education_rnk",2.8887
"24011955100","tract",2019,"education_rnk",29.7675
"24011955201","tract",2019,"education_rnk",35.1656
"24011955202","tract",2019,"education_rnk",54.4488
"24011955301","tract",2019,"education_rnk",52.8648
"24011955302","tract",2019,"education_rnk",30.4784
"24011955400","tract",2019,"education_rnk",54.6237
"24011955500","tract",2019,"education_rnk",56.2035
"24011955600","tract",2019,"education_rnk",11.4379
"24013501001","tract",2019,"education_rnk",35.8426
"24013501002","tract",2019,"education_rnk",62.6961
"24013502000","tract",2019,"education_rnk",76.2568
"24013503000","tract",2019,"education_rnk",66.3028
"24013504100","tract",2019,"education_rnk",84.9075
"24013504201","tract",2019,"education_rnk",83.3164
"24013504202","tract",2019,"education_rnk",91.2252
"24013505101","tract",2019,"education_rnk",81.9115
"24013505102","tract",2019,"education_rnk",80.8297
"24013505203","tract",2019,"education_rnk",72.8052
"24013505205","tract",2019,"education_rnk",84.9681
"24013505206","tract",2019,"education_rnk",83.3926
"24013505207","tract",2019,"education_rnk",80.6012
"24013505208","tract",2019,"education_rnk",88.1672
"24013506101","tract",2019,"education_rnk",77.4811
"24013506102","tract",2019,"education_rnk",63.7793
"24013506200","tract",2019,"education_rnk",70.7727
"24013507500","tract",2019,"education_rnk",47.7079
"24013507601","tract",2019,"education_rnk",49.6643
"24013507602","tract",2019,"education_rnk",57.8439
"24013507702","tract",2019,"education_rnk",83.102
"24013507703","tract",2019,"education_rnk",88.8372
"24013507704","tract",2019,"education_rnk",58.2938
"24013507801","tract",2019,"education_rnk",53.412
"24013507802","tract",2019,"education_rnk",80.1413
"24013508101","tract",2019,"education_rnk",65.1758
"24013508102","tract",2019,"education_rnk",68.9954
"24013508200","tract",2019,"education_rnk",46.0957
"24013509001","tract",2019,"education_rnk",66.6314
"24013509002","tract",2019,"education_rnk",90.1532
"24013510000","tract",2019,"education_rnk",46.4018
"24013511000","tract",2019,"education_rnk",56.683
"24013512000","tract",2019,"education_rnk",48.3455
"24013513001","tract",2019,"education_rnk",80.3064
"24013513002","tract",2019,"education_rnk",69.0406
"24013514100","tract",2019,"education_rnk",61.7256
"24013514201","tract",2019,"education_rnk",80.0948
"24013514202","tract",2019,"education_rnk",86.9711
"24015030100","tract",2019,"education_rnk",71.997
"24015030200","tract",2019,"education_rnk",44.121
"24015030400","tract",2019,"education_rnk",30.8113
"24015030501","tract",2019,"education_rnk",57.2896
"24015030503","tract",2019,"education_rnk",50.2215
"24015030505","tract",2019,"education_rnk",54.8451
"24015030506","tract",2019,"education_rnk",37.9048
"24015030601","tract",2019,"education_rnk",62.2151
"24015030602","tract",2019,"education_rnk",71.564
"24015030700","tract",2019,"education_rnk",71.2903
"24015030903","tract",2019,"education_rnk",47.296
"24015030904","tract",2019,"education_rnk",63.7793
"24015030905","tract",2019,"education_rnk",44.1732
"24015030906","tract",2019,"education_rnk",53.0651
"24015031201","tract",2019,"education_rnk",57.803
"24015031202","tract",2019,"education_rnk",83.3855
"24015031301","tract",2019,"education_rnk",45.0985
"24015031302","tract",2019,"education_rnk",42.0785
"24015031400","tract",2019,"education_rnk",67.8571
"24017850101","tract",2019,"education_rnk",68.0306
"24017850102","tract",2019,"education_rnk",62.6693
"24017850201","tract",2019,"education_rnk",68.135
"24017850202","tract",2019,"education_rnk",59.6705
"24017850300","tract",2019,"education_rnk",65.3901
"24017850400","tract",2019,"education_rnk",63.5903
"24017850500","tract",2019,"education_rnk",73.5641
"24017850600","tract",2019,"education_rnk",79.9439
"24017850706","tract",2019,"education_rnk",75.7885
"24017850708","tract",2019,"education_rnk",58.2938
"24017850709","tract",2019,"education_rnk",71.564
"24017850710","tract",2019,"education_rnk",73.3511
"24017850711","tract",2019,"education_rnk",68.1928
"24017850712","tract",2019,"education_rnk",86.7284
"24017850713","tract",2019,"education_rnk",74.8589
"24017850801","tract",2019,"education_rnk",59.0033
"24017850802","tract",2019,"education_rnk",67.9192
"24017850901","tract",2019,"education_rnk",44.6922
"24017850902","tract",2019,"education_rnk",70.705
"24017850904","tract",2019,"education_rnk",82.1048
"24017850905","tract",2019,"education_rnk",69.0801
"24017850906","tract",2019,"education_rnk",62.5719
"24017851001","tract",2019,"education_rnk",77.1115
"24017851002","tract",2019,"education_rnk",67.5581
"24017851100","tract",2019,"education_rnk",81.6506
"24017851200","tract",2019,"education_rnk",62.7313
"24017851301","tract",2019,"education_rnk",56.8086
"24017851302","tract",2019,"education_rnk",66.0446
"24017851400","tract",2019,"education_rnk",83.535
"24017851500","tract",2019,"education_rnk",82.748
"24017990000","tract",2019,"education_rnk",NA
"24019970100","tract",2019,"education_rnk",47.2692
"24019970200","tract",2019,"education_rnk",33.0216
"24019970300","tract",2019,"education_rnk",51.883
"24019970400","tract",2019,"education_rnk",46.4652
"24019970500","tract",2019,"education_rnk",8.322
"24019970600","tract",2019,"education_rnk",39.9162
"24019970702","tract",2019,"education_rnk",70.8559
"24019970804","tract",2019,"education_rnk",75.8068
"24019970900","tract",2019,"education_rnk",45.4313
"24019990000","tract",2019,"education_rnk",NA
"24021740200","tract",2019,"education_rnk",61.9302
"24021750100","tract",2019,"education_rnk",81.5236
"24021750200","tract",2019,"education_rnk",89.6228
"24021750300","tract",2019,"education_rnk",81.7112
"24021750503","tract",2019,"education_rnk",8.3559
"24021750504","tract",2019,"education_rnk",65.8006
"24021750505","tract",2019,"education_rnk",6.4785
"24021750506","tract",2019,"education_rnk",56.927
"24021750600","tract",2019,"education_rnk",77.9762
"24021750701","tract",2019,"education_rnk",75.3752
"24021750702","tract",2019,"education_rnk",54.0256
"24021750801","tract",2019,"education_rnk",59.2572
"24021750802","tract",2019,"education_rnk",92.0165
"24021750803","tract",2019,"education_rnk",79.9439
"24021751001","tract",2019,"education_rnk",86.0317
"24021751002","tract",2019,"education_rnk",73.7221
"24021751003","tract",2019,"education_rnk",56.8297
"24021751004","tract",2019,"education_rnk",82.6253
"24021751201","tract",2019,"education_rnk",86.1713
"24021751202","tract",2019,"education_rnk",90.7893
"24021751203","tract",2019,"education_rnk",80.6675
"24021751301","tract",2019,"education_rnk",62.3787
"24021751302","tract",2019,"education_rnk",83.662
"24021751600","tract",2019,"education_rnk",37.7412
"24021751701","tract",2019,"education_rnk",70.4059
"24021751702","tract",2019,"education_rnk",78.6321
"24021751801","tract",2019,"education_rnk",79.7506
"24021751802","tract",2019,"education_rnk",94.6344
"24021751901","tract",2019,"education_rnk",86.1501
"24021751902","tract",2019,"education_rnk",76.8182
"24021751903","tract",2019,"education_rnk",85.6875
"24021751904","tract",2019,"education_rnk",80.1597
"24021752001","tract",2019,"education_rnk",69.1407
"24021752101","tract",2019,"education_rnk",84.49
"24021752102","tract",2019,"education_rnk",85.4533
"24021752201","tract",2019,"education_rnk",88.0007
"24021752202","tract",2019,"education_rnk",78.3077
"24021752204","tract",2019,"education_rnk",88.0882
"24021752301","tract",2019,"education_rnk",75.9775
"24021752302","tract",2019,"education_rnk",91.9671
"24021752303","tract",2019,"education_rnk",81.1837
"24021752501","tract",2019,"education_rnk",81.6915
"24021752502","tract",2019,"education_rnk",70.7727
"24021752601","tract",2019,"education_rnk",93.1421
"24021752602","tract",2019,"education_rnk",86.3208
"24021752603","tract",2019,"education_rnk",86.8286
"24021752801","tract",2019,"education_rnk",80.8522
"24021752802","tract",2019,"education_rnk",68.3311
"24021752900","tract",2019,"education_rnk",50.086
"24021753001","tract",2019,"education_rnk",55.3487
"24021753002","tract",2019,"education_rnk",46.9364
"24021765100","tract",2019,"education_rnk",48.4865
"24021766800","tract",2019,"education_rnk",NA
"24021767500","tract",2019,"education_rnk",63.3773
"24021767600","tract",2019,"education_rnk",45.4313
"24021770700","tract",2019,"education_rnk",88.926
"24021772200","tract",2019,"education_rnk",78.7717
"24021773500","tract",2019,"education_rnk",63.7046
"24021775302","tract",2019,"education_rnk",73.4851
"24021775400","tract",2019,"education_rnk",54.4206
"24021775600","tract",2019,"education_rnk",87.7736
"24023000100","tract",2019,"education_rnk",55.6802
"24023000200","tract",2019,"education_rnk",19.4764
"24023000300","tract",2019,"education_rnk",54.4488
"24023000400","tract",2019,"education_rnk",33.401
"24023000500","tract",2019,"education_rnk",74.3117
"24023000600","tract",2019,"education_rnk",45.3806
"24023000700","tract",2019,"education_rnk",41.9206
"24025301102","tract",2019,"education_rnk",76.8971
"24025301105","tract",2019,"education_rnk",69.5836
"24025301106","tract",2019,"education_rnk",83.5223
"24025301107","tract",2019,"education_rnk",78.649
"24025301108","tract",2019,"education_rnk",85.2502
"24025301201","tract",2019,"education_rnk",71.997
"24025301202","tract",2019,"education_rnk",73.77
"24025301204","tract",2019,"education_rnk",81.9327
"24025301205","tract",2019,"education_rnk",82.0893
"24025301301","tract",2019,"education_rnk",68.6809
"24025301302","tract",2019,"education_rnk",40.4564
"24025301401","tract",2019,"education_rnk",71.8912
"24025301402","tract",2019,"education_rnk",67.0785
"24025301601","tract",2019,"education_rnk",57.2896
"24025301602","tract",2019,"education_rnk",44.334
"24025301702","tract",2019,"education_rnk",66.9488
"24025301703","tract",2019,"education_rnk",83.1598
"24025301704","tract",2019,"education_rnk",70.5611
"24025302100","tract",2019,"education_rnk",89.2307
"24025302200","tract",2019,"education_rnk",68.2634
"24025302400","tract",2019,"education_rnk",67.7401
"24025302801","tract",2019,"education_rnk",65.3732
"24025302802","tract",2019,"education_rnk",70.9208
"24025302901","tract",2019,"education_rnk",21.4751
"24025302902","tract",2019,"education_rnk",44.6739
"24025303101","tract",2019,"education_rnk",75.8703
"24025303102","tract",2019,"education_rnk",91.6145
"24025303201","tract",2019,"education_rnk",76.4345
"24025303203","tract",2019,"education_rnk",61.4943
"24025303204","tract",2019,"education_rnk",79.7675
"24025303205","tract",2019,"education_rnk",80.5165
"24025303206","tract",2019,"education_rnk",80.7577
"24025303300","tract",2019,"education_rnk",67.8797
"24025303400","tract",2019,"education_rnk",78.7294
"24025303501","tract",2019,"education_rnk",60.8342
"24025303502","tract",2019,"education_rnk",85.0048
"24025303602","tract",2019,"education_rnk",91.7386
"24025303603","tract",2019,"education_rnk",77.2709
"24025303605","tract",2019,"education_rnk",58.2558
"24025303606","tract",2019,"education_rnk",80.4883
"24025303700","tract",2019,"education_rnk",65.3507
"24025303801","tract",2019,"education_rnk",75.3329
"24025303802","tract",2019,"education_rnk",80.0045
"24025303803","tract",2019,"education_rnk",78.6589
"24025303900","tract",2019,"education_rnk",81.542
"24025304101","tract",2019,"education_rnk",76.5318
"24025304102","tract",2019,"education_rnk",80.343
"24025304201","tract",2019,"education_rnk",89.4691
"24025304202","tract",2019,"education_rnk",84.6733
"24025305100","tract",2019,"education_rnk",63.3491
"24025305200","tract",2019,"education_rnk",21.7953
"24025305300","tract",2019,"education_rnk",74.5543
"24025306100","tract",2019,"education_rnk",43.4213
"24025306200","tract",2019,"education_rnk",63.8061
"24025306300","tract",2019,"education_rnk",90.345
"24025306400","tract",2019,"education_rnk",73.519
"24025306500","tract",2019,"education_rnk",53.3415
"24027601103","tract",2019,"education_rnk",94.4285
"24027601104","tract",2019,"education_rnk",93.159
"24027601105","tract",2019,"education_rnk",90.6003
"24027601107","tract",2019,"education_rnk",44.2733
"24027601108","tract",2019,"education_rnk",88.146
"24027601201","tract",2019,"education_rnk",80.7803
"24027601203","tract",2019,"education_rnk",88.541
"24027601204","tract",2019,"education_rnk",73.4329
"24027602100","tract",2019,"education_rnk",95.0039
"24027602201","tract",2019,"education_rnk",94.2493
"24027602202","tract",2019,"education_rnk",81.1541
"24027602302","tract",2019,"education_rnk",80.2246
"24027602303","tract",2019,"education_rnk",91.8077
"24027602304","tract",2019,"education_rnk",93.0447
"24027602305","tract",2019,"education_rnk",98.0605
"24027602306","tract",2019,"education_rnk",89.6807
"24027602600","tract",2019,"education_rnk",91.3944
"24027602700","tract",2019,"education_rnk",95.4652
"24027602800","tract",2019,"education_rnk",72.5584
"24027602900","tract",2019,"education_rnk",88.6905
"24027603001","tract",2019,"education_rnk",79.5094
"24027603003","tract",2019,"education_rnk",95.5667
"24027603004","tract",2019,"education_rnk",93.6061
"24027604001","tract",2019,"education_rnk",86.0317
"24027604002","tract",2019,"education_rnk",90.29
"24027605102","tract",2019,"education_rnk",98.5514
"24027605103","tract",2019,"education_rnk",98.0196
"24027605104","tract",2019,"education_rnk",95.2846
"24027605401","tract",2019,"education_rnk",91.6667
"24027605402","tract",2019,"education_rnk",92.3268
"24027605502","tract",2019,"education_rnk",96.5047
"24027605503","tract",2019,"education_rnk",67.4946
"24027605504","tract",2019,"education_rnk",88.445
"24027605505","tract",2019,"education_rnk",95.7064
"24027605601","tract",2019,"education_rnk",85.7115
"24027605602","tract",2019,"education_rnk",75.8068
"24027606601","tract",2019,"education_rnk",87.067
"24027606603","tract",2019,"education_rnk",61.8356
"24027606604","tract",2019,"education_rnk",89.8259
"24027606606","tract",2019,"education_rnk",73.3046
"24027606607","tract",2019,"education_rnk",72.6712
"24027606701","tract",2019,"education_rnk",93.4792
"24027606704","tract",2019,"education_rnk",68.9489
"24027606705","tract",2019,"education_rnk",95.626
"24027606706","tract",2019,"education_rnk",94.1252
"24027606707","tract",2019,"education_rnk",86.0458
"24027606803","tract",2019,"education_rnk",92.8388
"24027606804","tract",2019,"education_rnk",96.8926
"24027606805","tract",2019,"education_rnk",95.6584
"24027606806","tract",2019,"education_rnk",88.6397
"24027606901","tract",2019,"education_rnk",76.6757
"24027606904","tract",2019,"education_rnk",67.7076
"24027606905","tract",2019,"education_rnk",82.889
"24027606906","tract",2019,"education_rnk",50.0254
"24027606907","tract",2019,"education_rnk",71.1662
"24029950100","tract",2019,"education_rnk",62.0402
"24029950200","tract",2019,"education_rnk",74.9337
"24029950300","tract",2019,"education_rnk",52.0706
"24029950400","tract",2019,"education_rnk",62.8949
"24029950500","tract",2019,"education_rnk",46.911
"24029990000","tract",2019,"education_rnk",NA
"24031700101","tract",2019,"education_rnk",88.3322
"24031700103","tract",2019,"education_rnk",86.2164
"24031700104","tract",2019,"education_rnk",70.3255
"24031700105","tract",2019,"education_rnk",74.622
"24031700204","tract",2019,"education_rnk",65.0023
"24031700205","tract",2019,"education_rnk",87.3618
"24031700206","tract",2019,"education_rnk",73.4611
"24031700207","tract",2019,"education_rnk",72.375
"24031700208","tract",2019,"education_rnk",51.883
"24031700304","tract",2019,"education_rnk",85.0415
"24031700306","tract",2019,"education_rnk",67.7683
"24031700308","tract",2019,"education_rnk",85.4406
"24031700309","tract",2019,"education_rnk",66.7936
"24031700310","tract",2019,"education_rnk",70.5611
"24031700311","tract",2019,"education_rnk",88.3181
"24031700312","tract",2019,"education_rnk",83.5491
"24031700400","tract",2019,"education_rnk",73.9675
"24031700500","tract",2019,"education_rnk",92.6653
"24031700604","tract",2019,"education_rnk",93.7387
"24031700606","tract",2019,"education_rnk",74.6304
"24031700607","tract",2019,"education_rnk",95.65
"24031700608","tract",2019,"education_rnk",84.1585
"24031700610","tract",2019,"education_rnk",89.7921
"24031700611","tract",2019,"education_rnk",86.4167
"24031700613","tract",2019,"education_rnk",95.7036
"24031700614","tract",2019,"education_rnk",65.3337
"24031700615","tract",2019,"education_rnk",96.2748
"24031700616","tract",2019,"education_rnk",94.7077
"24031700704","tract",2019,"education_rnk",61.6184
"24031700706","tract",2019,"education_rnk",86.3377
"24031700710","tract",2019,"education_rnk",34.6423
"24031700711","tract",2019,"education_rnk",62.067
"24031700713","tract",2019,"education_rnk",17.6498
"24031700715","tract",2019,"education_rnk",66.0094
"24031700716","tract",2019,"education_rnk",66.1702
"24031700717","tract",2019,"education_rnk",56.3332
"24031700718","tract",2019,"education_rnk",96.6937
"24031700719","tract",2019,"education_rnk",15.1264
"24031700720","tract",2019,"education_rnk",29.3585
"24031700721","tract",2019,"education_rnk",43.8276
"24031700722","tract",2019,"education_rnk",40.5058
"24031700723","tract",2019,"education_rnk",75.2595
"24031700724","tract",2019,"education_rnk",9.1077
"24031700810","tract",2019,"education_rnk",78.673
"24031700811","tract",2019,"education_rnk",27.8591
"24031700812","tract",2019,"education_rnk",42.4946
"24031700813","tract",2019,"education_rnk",52.4487
"24031700815","tract",2019,"education_rnk",39.4084
"24031700816","tract",2019,"education_rnk",69.9489
"24031700817","tract",2019,"education_rnk",93.7669
"24031700818","tract",2019,"education_rnk",22.5499
"24031700819","tract",2019,"education_rnk",65.8274
"24031700820","tract",2019,"education_rnk",50.3879
"24031700822","tract",2019,"education_rnk",32.3953
"24031700823","tract",2019,"education_rnk",88.3435
"24031700824","tract",2019,"education_rnk",98.227
"24031700826","tract",2019,"education_rnk",98.8349
"24031700828","tract",2019,"education_rnk",95.2
"24031700829","tract",2019,"education_rnk",96.2438
"24031700830","tract",2019,"education_rnk",63.7046
"24031700832","tract",2019,"education_rnk",18.1816
"24031700833","tract",2019,"education_rnk",54.8635
"24031700834","tract",2019,"education_rnk",60.5803
"24031700835","tract",2019,"education_rnk",67.6808
"24031700901","tract",2019,"education_rnk",98.1691
"24031700902","tract",2019,"education_rnk",46.0957
"24031700903","tract",2019,"education_rnk",48.3906
"24031700904","tract",2019,"education_rnk",69.5046
"24031700905","tract",2019,"education_rnk",90.9812
"24031701001","tract",2019,"education_rnk",97.1522
"24031701002","tract",2019,"education_rnk",96.9223
"24031701004","tract",2019,"education_rnk",75.2934
"24031701005","tract",2019,"education_rnk",95.0307
"24031701006","tract",2019,"education_rnk",95.8672
"24031701007","tract",2019,"education_rnk",96.0266
"24031701101","tract",2019,"education_rnk",68.2338
"24031701102","tract",2019,"education_rnk",40.6976
"24031701201","tract",2019,"education_rnk",74.9873
"24031701202","tract",2019,"education_rnk",98.3426
"24031701205","tract",2019,"education_rnk",94.7204
"24031701206","tract",2019,"education_rnk",81.1541
"24031701210","tract",2019,"education_rnk",88.7638
"24031701211","tract",2019,"education_rnk",92.3042
"24031701212","tract",2019,"education_rnk",89.4691
"24031701213","tract",2019,"education_rnk",98.2467
"24031701214","tract",2019,"education_rnk",97.5161
"24031701215","tract",2019,"education_rnk",98.038
"24031701216","tract",2019,"education_rnk",99.282
"24031701218","tract",2019,"education_rnk",94.4665
"24031701219","tract",2019,"education_rnk",45.9687
"24031701220","tract",2019,"education_rnk",90.3887
"24031701221","tract",2019,"education_rnk",82.6958
"24031701303","tract",2019,"education_rnk",97.2199
"24031701304","tract",2019,"education_rnk",74.8406
"24031701306","tract",2019,"education_rnk",96.0322
"24031701307","tract",2019,"education_rnk",84.1176
"24031701308","tract",2019,"education_rnk",96.7586
"24031701312","tract",2019,"education_rnk",82.2966
"24031701313","tract",2019,"education_rnk",88.541
"24031701314","tract",2019,"education_rnk",92.2831
"24031701315","tract",2019,"education_rnk",84.2741
"24031701316","tract",2019,"education_rnk",87.1319
"24031701317","tract",2019,"education_rnk",64.5283
"24031701407","tract",2019,"education_rnk",96.1239
"24031701408","tract",2019,"education_rnk",72.5838
"24031701409","tract",2019,"education_rnk",87.2997
"24031701410","tract",2019,"education_rnk",68.0772
"24031701414","tract",2019,"education_rnk",68.97
"24031701415","tract",2019,"education_rnk",72.1719
"24031701417","tract",2019,"education_rnk",71.9857
"24031701418","tract",2019,"education_rnk",63.5029
"24031701420","tract",2019,"education_rnk",82.2486
"24031701421","tract",2019,"education_rnk",40.0446
"24031701422","tract",2019,"education_rnk",57.8904
"24031701423","tract",2019,"education_rnk",63.1982
"24031701503","tract",2019,"education_rnk",77.6433
"24031701505","tract",2019,"education_rnk",64.1912
"24031701506","tract",2019,"education_rnk",93.9559
"24031701507","tract",2019,"education_rnk",89.2617
"24031701508","tract",2019,"education_rnk",44.7994
"24031701509","tract",2019,"education_rnk",11.7454
"24031701601","tract",2019,"education_rnk",12.5635
"24031701602","tract",2019,"education_rnk",3.5982
"24031701701","tract",2019,"education_rnk",86.2404
"24031701702","tract",2019,"education_rnk",45.7656
"24031701703","tract",2019,"education_rnk",64.4183
"24031701704","tract",2019,"education_rnk",66.7936
"24031701800","tract",2019,"education_rnk",68.379
"24031701900","tract",2019,"education_rnk",14.1447
"24031702000","tract",2019,"education_rnk",1.5544
"24031702101","tract",2019,"education_rnk",11.1558
"24031702102","tract",2019,"education_rnk",77.4035
"24031702200","tract",2019,"education_rnk",90.4071
"24031702301","tract",2019,"education_rnk",23.9252
"24031702302","tract",2019,"education_rnk",83.4518
"24031702401","tract",2019,"education_rnk",95.7882
"24031702402","tract",2019,"education_rnk",83.9384
"24031702500","tract",2019,"education_rnk",96.9716
"24031702601","tract",2019,"education_rnk",97.643
"24031702602","tract",2019,"education_rnk",86.8469
"24031702700","tract",2019,"education_rnk",42.4467
"24031702800","tract",2019,"education_rnk",95.8305
"24031702900","tract",2019,"education_rnk",98.2806
"24031703000","tract",2019,"education_rnk",96.6021
"24031703100","tract",2019,"education_rnk",66.8162
"24031703201","tract",2019,"education_rnk",44.9743
"24031703202","tract",2019,"education_rnk",93.3649
"24031703206","tract",2019,"education_rnk",72.1099
"24031703207","tract",2019,"education_rnk",10.0062
"24031703208","tract",2019,"education_rnk",85.734
"24031703209","tract",2019,"education_rnk",88.0614
"24031703210","tract",2019,"education_rnk",77.8521
"24031703212","tract",2019,"education_rnk",77.4331
"24031703213","tract",2019,"education_rnk",17.7048
"24031703214","tract",2019,"education_rnk",11.8371
"24031703215","tract",2019,"education_rnk",43.1153
"24031703216","tract",2019,"education_rnk",79.2146
"24031703218","tract",2019,"education_rnk",89.4592
"24031703219","tract",2019,"education_rnk",87.4097
"24031703220","tract",2019,"education_rnk",40.9008
"24031703221","tract",2019,"education_rnk",70.2437
"24031703301","tract",2019,"education_rnk",7.1358
"24031703302","tract",2019,"education_rnk",13.6087
"24031703401","tract",2019,"education_rnk",21.9194
"24031703402","tract",2019,"education_rnk",29.1836
"24031703403","tract",2019,"education_rnk",17.6145
"24031703404","tract",2019,"education_rnk",5.7408
"24031703501","tract",2019,"education_rnk",10.6691
"24031703502","tract",2019,"education_rnk",91.3564
"24031703601","tract",2019,"education_rnk",68.1928
"24031703602","tract",2019,"education_rnk",91.8938
"24031703701","tract",2019,"education_rnk",4.6067
"24031703702","tract",2019,"education_rnk",38.4493
"24031703800","tract",2019,"education_rnk",91.6215
"24031703901","tract",2019,"education_rnk",85.3264
"24031703902","tract",2019,"education_rnk",44.2423
"24031704000","tract",2019,"education_rnk",56.8086
"24031704100","tract",2019,"education_rnk",93.0067
"24031704200","tract",2019,"education_rnk",85.6691
"24031704300","tract",2019,"education_rnk",93.8769
"24031704401","tract",2019,"education_rnk",98.0464
"24031704403","tract",2019,"education_rnk",98.8349
"24031704404","tract",2019,"education_rnk",95.4271
"24031704501","tract",2019,"education_rnk",92.6018
"24031704502","tract",2019,"education_rnk",98.4216
"24031704503","tract",2019,"education_rnk",84.7706
"24031704600","tract",2019,"education_rnk",99.8942
"24031704700","tract",2019,"education_rnk",97.8969
"24031704803","tract",2019,"education_rnk",97.1268
"24031704804","tract",2019,"education_rnk",99.7842
"24031704805","tract",2019,"education_rnk",98.8547
"24031704806","tract",2019,"education_rnk",99.1537
"24031705000","tract",2019,"education_rnk",95.2367
"24031705100","tract",2019,"education_rnk",96.9984
"24031705200","tract",2019,"education_rnk",99.4287
"24031705300","tract",2019,"education_rnk",97.9519
"24031705400","tract",2019,"education_rnk",97.1973
"24031705501","tract",2019,"education_rnk",99.6417
"24031705502","tract",2019,"education_rnk",99.3991
"24031705601","tract",2019,"education_rnk",97.3623
"24031705602","tract",2019,"education_rnk",99.756
"24031705701","tract",2019,"education_rnk",97.3454
"24031705702","tract",2019,"education_rnk",97.8744
"24031705800","tract",2019,"education_rnk",95.4031
"24031705901","tract",2019,"education_rnk",97.3793
"24031705902","tract",2019,"education_rnk",95.3777
"24031705903","tract",2019,"education_rnk",94.0152
"24031706005","tract",2019,"education_rnk",93.9559
"24031706007","tract",2019,"education_rnk",93.0941
"24031706008","tract",2019,"education_rnk",94.5187
"24031706009","tract",2019,"education_rnk",86.9118
"24031706010","tract",2019,"education_rnk",87.9485
"24031706011","tract",2019,"education_rnk",96.2339
"24031706012","tract",2019,"education_rnk",94.3255
"24031706013","tract",2019,"education_rnk",91.6272
"24033800102","tract",2019,"education_rnk",65.0023
"24033800103","tract",2019,"education_rnk",40.9812
"24033800105","tract",2019,"education_rnk",47.7601
"24033800106","tract",2019,"education_rnk",88.0191
"24033800108","tract",2019,"education_rnk",81.0638
"24033800109","tract",2019,"education_rnk",25
"24033800203","tract",2019,"education_rnk",80.6012
"24033800206","tract",2019,"education_rnk",66.3338
"24033800208","tract",2019,"education_rnk",80.9411
"24033800209","tract",2019,"education_rnk",15.0107
"24033800210","tract",2019,"education_rnk",54.3218
"24033800211","tract",2019,"education_rnk",71.911
"24033800212","tract",2019,"education_rnk",95.1492
"24033800213","tract",2019,"education_rnk",55.8127
"24033800214","tract",2019,"education_rnk",45.5794
"24033800215","tract",2019,"education_rnk",67.4721
"24033800401","tract",2019,"education_rnk",83.9229
"24033800402","tract",2019,"education_rnk",84.758
"24033800403","tract",2019,"education_rnk",90.6229
"24033800408","tract",2019,"education_rnk",89.0643
"24033800409","tract",2019,"education_rnk",90.3549
"24033800410","tract",2019,"education_rnk",73.2256
"24033800411","tract",2019,"education_rnk",82.4969
"24033800412","tract",2019,"education_rnk",51.5276
"24033800413","tract",2019,"education_rnk",62.1149
"24033800504","tract",2019,"education_rnk",80.7958
"24033800505","tract",2019,"education_rnk",94.3763
"24033800507","tract",2019,"education_rnk",95.279
"24033800509","tract",2019,"education_rnk",92.7697
"24033800511","tract",2019,"education_rnk",90.7893
"24033800513","tract",2019,"education_rnk",89.4691
"24033800514","tract",2019,"education_rnk",98.557
"24033800515","tract",2019,"education_rnk",85.5732
"24033800516","tract",2019,"education_rnk",80.3755
"24033800517","tract",2019,"education_rnk",94.6344
"24033800518","tract",2019,"education_rnk",96.1479
"24033800519","tract",2019,"education_rnk",67.2887
"24033800520","tract",2019,"education_rnk",91.9671
"24033800601","tract",2019,"education_rnk",71.7149
"24033800604","tract",2019,"education_rnk",70.5343
"24033800605","tract",2019,"education_rnk",87.8639
"24033800606","tract",2019,"education_rnk",91.5708
"24033800607","tract",2019,"education_rnk",85.5887
"24033800608","tract",2019,"education_rnk",97.6233
"24033800701","tract",2019,"education_rnk",93.0504
"24033800704","tract",2019,"education_rnk",74.8406
"24033800705","tract",2019,"education_rnk",79.4065
"24033800706","tract",2019,"education_rnk",88.7145
"24033800707","tract",2019,"education_rnk",68.97
"24033800800","tract",2019,"education_rnk",92.6484
"24033800900","tract",2019,"education_rnk",90.0037
"24033801003","tract",2019,"education_rnk",84.143
"24033801004","tract",2019,"education_rnk",75.7053
"24033801005","tract",2019,"education_rnk",78.2414
"24033801006","tract",2019,"education_rnk",87.4097
"24033801104","tract",2019,"education_rnk",67.7683
"24033801207","tract",2019,"education_rnk",81.4757
"24033801208","tract",2019,"education_rnk",76.7067
"24033801209","tract",2019,"education_rnk",79.9241
"24033801210","tract",2019,"education_rnk",61.9302
"24033801211","tract",2019,"education_rnk",71.3256
"24033801212","tract",2019,"education_rnk",60.703
"24033801213","tract",2019,"education_rnk",73.8138
"24033801214","tract",2019,"education_rnk",54.5038
"24033801215","tract",2019,"education_rnk",77.876
"24033801216","tract",2019,"education_rnk",67.2887
"24033801217","tract",2019,"education_rnk",70.8333
"24033801302","tract",2019,"education_rnk",85.2827
"24033801305","tract",2019,"education_rnk",58.2713
"24033801307","tract",2019,"education_rnk",89.5862
"24033801308","tract",2019,"education_rnk",91.9135
"24033801309","tract",2019,"education_rnk",93.5553
"24033801310","tract",2019,"education_rnk",96.2974
"24033801311","tract",2019,"education_rnk",87.1488
"24033801312","tract",2019,"education_rnk",71.2903
"24033801313","tract",2019,"education_rnk",88.0614
"24033801404","tract",2019,"education_rnk",92.0122
"24033801405","tract",2019,"education_rnk",28.1779
"24033801406","tract",2019,"education_rnk",75.7053
"24033801407","tract",2019,"education_rnk",61.1614
"24033801408","tract",2019,"education_rnk",80.7577
"24033801409","tract",2019,"education_rnk",19.633
"24033801410","tract",2019,"education_rnk",38.383
"24033801411","tract",2019,"education_rnk",62.9641
"24033801500","tract",2019,"education_rnk",31.5392
"24033801600","tract",2019,"education_rnk",67.2887
"24033801701","tract",2019,"education_rnk",69.6852
"24033801702","tract",2019,"education_rnk",62.1728
"24033801704","tract",2019,"education_rnk",68.97
"24033801706","tract",2019,"education_rnk",43.6104
"24033801707","tract",2019,"education_rnk",9.49
"24033801708","tract",2019,"education_rnk",34.0061
"24033801801","tract",2019,"education_rnk",78.4459
"24033801802","tract",2019,"education_rnk",66.204
"24033801804","tract",2019,"education_rnk",46.5287
"24033801805","tract",2019,"education_rnk",73.66
"24033801807","tract",2019,"education_rnk",56.5716
"24033801808","tract",2019,"education_rnk",35.2305
"24033801901","tract",2019,"education_rnk",76.1383
"24033801904","tract",2019,"education_rnk",67.4946
"24033801905","tract",2019,"education_rnk",93.9813
"24033801906","tract",2019,"education_rnk",29.5926
"24033801907","tract",2019,"education_rnk",85.8285
"24033801908","tract",2019,"education_rnk",56.9524
"24033802001","tract",2019,"education_rnk",17.0715
"24033802002","tract",2019,"education_rnk",72.5584
"24033802103","tract",2019,"education_rnk",50.7659
"24033802104","tract",2019,"education_rnk",64.5283
"24033802106","tract",2019,"education_rnk",56.1442
"24033802107","tract",2019,"education_rnk",38.1813
"24033802201","tract",2019,"education_rnk",77.4529
"24033802203","tract",2019,"education_rnk",53.6391
"24033802204","tract",2019,"education_rnk",78.8973
"24033802301","tract",2019,"education_rnk",22.4935
"24033802404","tract",2019,"education_rnk",44.8178
"24033802405","tract",2019,"education_rnk",65.7117
"24033802406","tract",2019,"education_rnk",40.5058
"24033802407","tract",2019,"education_rnk",65.9783
"24033802408","tract",2019,"education_rnk",60.4957
"24033802501","tract",2019,"education_rnk",61.4449
"24033802502","tract",2019,"education_rnk",59.2572
"24033802600","tract",2019,"education_rnk",22.3905
"24033802700","tract",2019,"education_rnk",17.6286
"24033802803","tract",2019,"education_rnk",59.0259
"24033802804","tract",2019,"education_rnk",55.3995
"24033802805","tract",2019,"education_rnk",72.8828
"24033802901","tract",2019,"education_rnk",49.7715
"24033803001","tract",2019,"education_rnk",47.6684
"24033803002","tract",2019,"education_rnk",47.6853
"24033803100","tract",2019,"education_rnk",53.6391
"24033803200","tract",2019,"education_rnk",38.1968
"24033803300","tract",2019,"education_rnk",19.2677
"24033803401","tract",2019,"education_rnk",8.5774
"24033803402","tract",2019,"education_rnk",29.7196
"24033803508","tract",2019,"education_rnk",14.5763
"24033803509","tract",2019,"education_rnk",16.6102
"24033803512","tract",2019,"education_rnk",73.4132
"24033803513","tract",2019,"education_rnk",86.5211
"24033803514","tract",2019,"education_rnk",95.3255
"24033803516","tract",2019,"education_rnk",89.218
"24033803519","tract",2019,"education_rnk",86.0161
"24033803520","tract",2019,"education_rnk",84.4293
"24033803521","tract",2019,"education_rnk",86.16
"24033803522","tract",2019,"education_rnk",88.737
"24033803523","tract",2019,"education_rnk",64.6553
"24033803524","tract",2019,"education_rnk",58.2938
"24033803525","tract",2019,"education_rnk",59.0485
"24033803526","tract",2019,"education_rnk",84.5464
"24033803527","tract",2019,"education_rnk",78.484
"24033803601","tract",2019,"education_rnk",49.8857
"24033803602","tract",2019,"education_rnk",37.2517
"24033803605","tract",2019,"education_rnk",19.0533
"24033803606","tract",2019,"education_rnk",12.8315
"24033803607","tract",2019,"education_rnk",14.2363
"24033803608","tract",2019,"education_rnk",24.2623
"24033803610","tract",2019,"education_rnk",33.7494
"24033803612","tract",2019,"education_rnk",18.0645
"24033803613","tract",2019,"education_rnk",22.4639
"24033803700","tract",2019,"education_rnk",9.1373
"24033803801","tract",2019,"education_rnk",4.5799
"24033803803","tract",2019,"education_rnk",6.8988
"24033803900","tract",2019,"education_rnk",2.3358
"24033804001","tract",2019,"education_rnk",18.6372
"24033804002","tract",2019,"education_rnk",16.1166
"24033804101","tract",2019,"education_rnk",42.465
"24033804102","tract",2019,"education_rnk",23.8589
"24033804200","tract",2019,"education_rnk",97.5302
"24033804300","tract",2019,"education_rnk",13.5847
"24033804400","tract",2019,"education_rnk",12.9062
"24033804600","tract",2019,"education_rnk",25.0832
"24033804700","tract",2019,"education_rnk",55.1103
"24033804801","tract",2019,"education_rnk",42.9502
"24033804802","tract",2019,"education_rnk",4.9326
"24033804900","tract",2019,"education_rnk",17.7894
"24033805000","tract",2019,"education_rnk",17.9827
"24033805101","tract",2019,"education_rnk",1.6827
"24033805201","tract",2019,"education_rnk",7.0018
"24033805202","tract",2019,"education_rnk",33.7057
"24033805500","tract",2019,"education_rnk",2.6377
"24033805601","tract",2019,"education_rnk",0.0099
"24033805602","tract",2019,"education_rnk",0
"24033805700","tract",2019,"education_rnk",2.8492
"24033805801","tract",2019,"education_rnk",4.4995
"24033805802","tract",2019,"education_rnk",1.3753
"24033805904","tract",2019,"education_rnk",16.9713
"24033805906","tract",2019,"education_rnk",5.0567
"24033805907","tract",2019,"education_rnk",9.126
"24033805908","tract",2019,"education_rnk",35.0203
"24033805909","tract",2019,"education_rnk",57.3347
"24033806000","tract",2019,"education_rnk",6.0314
"24033806100","tract",2019,"education_rnk",49.3187
"24033806200","tract",2019,"education_rnk",69.9687
"24033806300","tract",2019,"education_rnk",39.4084
"24033806400","tract",2019,"education_rnk",93.0363
"24033806501","tract",2019,"education_rnk",2.735
"24033806601","tract",2019,"education_rnk",1.1341
"24033806602","tract",2019,"education_rnk",3.594
"24033806706","tract",2019,"education_rnk",53.161
"24033806708","tract",2019,"education_rnk",75.3103
"24033806710","tract",2019,"education_rnk",90.9459
"24033806711","tract",2019,"education_rnk",33.2882
"24033806712","tract",2019,"education_rnk",87.3618
"24033806713","tract",2019,"education_rnk",11.6565
"24033806714","tract",2019,"education_rnk",23.0775
"24033806800","tract",2019,"education_rnk",41.3422
"24033806900","tract",2019,"education_rnk",22.4935
"24033807000","tract",2019,"education_rnk",58.3559
"24033807102","tract",2019,"education_rnk",47.5062
"24033807200","tract",2019,"education_rnk",NA
"24033807301","tract",2019,"education_rnk",67.3141
"24033807304","tract",2019,"education_rnk",15.661
"24033807305","tract",2019,"education_rnk",25.8252
"24033807404","tract",2019,"education_rnk",31.8946
"24033807405","tract",2019,"education_rnk",61.6184
"24033807407","tract",2019,"education_rnk",88.3858
"24033807408","tract",2019,"education_rnk",89.6581
"24033807409","tract",2019,"education_rnk",21.7953
"24033807410","tract",2019,"education_rnk",42.1462
"24035810100","tract",2019,"education_rnk",48.0436
"24035810200","tract",2019,"education_rnk",26.687
"24035810300","tract",2019,"education_rnk",62.4069
"24035810400","tract",2019,"education_rnk",85.0415
"24035810500","tract",2019,"education_rnk",56.731
"24035810600","tract",2019,"education_rnk",85.9259
"24035810700","tract",2019,"education_rnk",80.3064
"24035810800","tract",2019,"education_rnk",87.5141
"24035810901","tract",2019,"education_rnk",85.2248
"24035810902","tract",2019,"education_rnk",75.0635
"24035811000","tract",2019,"education_rnk",75.2088
"24035990000","tract",2019,"education_rnk",NA
"24035990100","tract",2019,"education_rnk",NA
"24035990200","tract",2019,"education_rnk",NA
"24037875000","tract",2019,"education_rnk",79.5094
"24037875100","tract",2019,"education_rnk",32.109
"24037875201","tract",2019,"education_rnk",58.4589
"24037875202","tract",2019,"education_rnk",64.3703
"24037875300","tract",2019,"education_rnk",53.161
"24037875400","tract",2019,"education_rnk",74.0916
"24037875500","tract",2019,"education_rnk",63.7497
"24037875600","tract",2019,"education_rnk",79.9086
"24037875700","tract",2019,"education_rnk",66.0658
"24037875801","tract",2019,"education_rnk",57.7522
"24037875802","tract",2019,"education_rnk",71.1084
"24037875901","tract",2019,"education_rnk",74.6996
"24037875902","tract",2019,"education_rnk",29.2852
"24037876001","tract",2019,"education_rnk",62.8399
"24037876002","tract",2019,"education_rnk",61.6777
"24037876100","tract",2019,"education_rnk",72.966
"24037876200","tract",2019,"education_rnk",69.5836
"24037990000","tract",2019,"education_rnk",NA
"24039930101","tract",2019,"education_rnk",21.5978
"24039930102","tract",2019,"education_rnk",28.7463
"24039930200","tract",2019,"education_rnk",35.0654
"24039930300","tract",2019,"education_rnk",73.7094
"24039930500","tract",2019,"education_rnk",25.7772
"24039930600","tract",2019,"education_rnk",25.4796
"24039980400","tract",2019,"education_rnk",NA
"24039990100","tract",2019,"education_rnk",NA
"24041960100","tract",2019,"education_rnk",56.6181
"24041960201","tract",2019,"education_rnk",98.2227
"24041960300","tract",2019,"education_rnk",36.4393
"24041960400","tract",2019,"education_rnk",56.7578
"24041960501","tract",2019,"education_rnk",54.2964
"24041960502","tract",2019,"education_rnk",68.4707
"24041960600","tract",2019,"education_rnk",80.8522
"24041960700","tract",2019,"education_rnk",84.875
"24041960800","tract",2019,"education_rnk",64.0671
"24041960900","tract",2019,"education_rnk",78.7957
"24041990000","tract",2019,"education_rnk",NA
"24043000100","tract",2019,"education_rnk",62.6693
"24043000200","tract",2019,"education_rnk",72.9957
"24043000301","tract",2019,"education_rnk",21.6232
"24043000302","tract",2019,"education_rnk",8.4617
"24043000400","tract",2019,"education_rnk",49.9295
"24043000500","tract",2019,"education_rnk",18.7105
"24043000601","tract",2019,"education_rnk",34.5957
"24043000602","tract",2019,"education_rnk",42.4467
"24043000700","tract",2019,"education_rnk",14.7018
"24043000800","tract",2019,"education_rnk",34.5506
"24043000900","tract",2019,"education_rnk",10.9428
"24043001001","tract",2019,"education_rnk",54.0722
"24043001002","tract",2019,"education_rnk",38.895
"24043010100","tract",2019,"education_rnk",67.0108
"24043010200","tract",2019,"education_rnk",40.4282
"24043010300","tract",2019,"education_rnk",67.3621
"24043010400","tract",2019,"education_rnk",46.2974
"24043010500","tract",2019,"education_rnk",18.8431
"24043010600","tract",2019,"education_rnk",46.6599
"24043010700","tract",2019,"education_rnk",56.0384
"24043010801","tract",2019,"education_rnk",68.2634
"24043010802","tract",2019,"education_rnk",44.8558
"24043010900","tract",2019,"education_rnk",54.1385
"24043011000","tract",2019,"education_rnk",NA
"24043011100","tract",2019,"education_rnk",67.8571
"24043011201","tract",2019,"education_rnk",55.0468
"24043011202","tract",2019,"education_rnk",36.1812
"24043011301","tract",2019,"education_rnk",51.2102
"24043011302","tract",2019,"education_rnk",49.5345
"24043011400","tract",2019,"education_rnk",49.9803
"24043011500","tract",2019,"education_rnk",57.6662
"24043011600","tract",2019,"education_rnk",44.5667
"24045000100","tract",2019,"education_rnk",6.6647
"24045000200","tract",2019,"education_rnk",76.7067
"24045000300","tract",2019,"education_rnk",5.9947
"24045000400","tract",2019,"education_rnk",76.1792
"24045000500","tract",2019,"education_rnk",10.5112
"24045010101","tract",2019,"education_rnk",62.153
"24045010102","tract",2019,"education_rnk",71.9279
"24045010200","tract",2019,"education_rnk",8.954
"24045010300","tract",2019,"education_rnk",73.8307
"24045010400","tract",2019,"education_rnk",55.951
"24045010501","tract",2019,"education_rnk",46.1972
"24045010502","tract",2019,"education_rnk",36.0063
"24045010603","tract",2019,"education_rnk",52.9466
"24045010604","tract",2019,"education_rnk",26.9959
"24045010605","tract",2019,"education_rnk",80.2852
"24045010606","tract",2019,"education_rnk",36.3942
"24045010701","tract",2019,"education_rnk",44.5371
"24045010702","tract",2019,"education_rnk",27.2639
"24045010800","tract",2019,"education_rnk",65.1052
"24047950000","tract",2019,"education_rnk",70.705
"24047950100","tract",2019,"education_rnk",88.5551
"24047950300","tract",2019,"education_rnk",59.7523
"24047950400","tract",2019,"education_rnk",67.3141
"24047950600","tract",2019,"education_rnk",71.3482
"24047950700","tract",2019,"education_rnk",72.9209
"24047950800","tract",2019,"education_rnk",51.883
"24047950900","tract",2019,"education_rnk",70.492
"24047951000","tract",2019,"education_rnk",47.7079
"24047951100","tract",2019,"education_rnk",90.1828
"24047951200","tract",2019,"education_rnk",29.1836
"24047951300","tract",2019,"education_rnk",36.1812
"24047951400","tract",2019,"education_rnk",46.6599
"24047951500","tract",2019,"education_rnk",30.7916
"24047951700","tract",2019,"education_rnk",60.703
"24047980000","tract",2019,"education_rnk",NA
"24047990000","tract",2019,"education_rnk",NA
"24510010100","tract",2019,"education_rnk",98.8053
"24510010200","tract",2019,"education_rnk",98.2242
"24510010300","tract",2019,"education_rnk",98.1959
"24510010400","tract",2019,"education_rnk",99.4372
"24510010500","tract",2019,"education_rnk",98.0041
"24510020100","tract",2019,"education_rnk",96.3214
"24510020200","tract",2019,"education_rnk",95.437
"24510020300","tract",2019,"education_rnk",99.5768
"24510030100","tract",2019,"education_rnk",20.8573
"24510030200","tract",2019,"education_rnk",94.4806
"24510040100","tract",2019,"education_rnk",98.2679
"24510040200","tract",2019,"education_rnk",NA
"24510060100","tract",2019,"education_rnk",49.7475
"24510060200","tract",2019,"education_rnk",56.5265
"24510060300","tract",2019,"education_rnk",71.6655
"24510060400","tract",2019,"education_rnk",84.8369
"24510070100","tract",2019,"education_rnk",10.7354
"24510070200","tract",2019,"education_rnk",11.3039
"24510070300","tract",2019,"education_rnk",26.1482
"24510070400","tract",2019,"education_rnk",42.647
"24510080101","tract",2019,"education_rnk",71.5922
"24510080102","tract",2019,"education_rnk",13.4577
"24510080200","tract",2019,"education_rnk",18.5878
"24510080301","tract",2019,"education_rnk",28.0552
"24510080302","tract",2019,"education_rnk",19.7331
"24510080400","tract",2019,"education_rnk",23.6755
"24510080500","tract",2019,"education_rnk",5.9326
"24510080600","tract",2019,"education_rnk",17.0715
"24510080700","tract",2019,"education_rnk",76.0607
"24510080800","tract",2019,"education_rnk",7.8594
"24510090100","tract",2019,"education_rnk",31.3304
"24510090200","tract",2019,"education_rnk",70.9208
"24510090300","tract",2019,"education_rnk",44.0434
"24510090400","tract",2019,"education_rnk",18.9968
"24510090500","tract",2019,"education_rnk",38.7215
"24510090600","tract",2019,"education_rnk",15.9939
"24510090700","tract",2019,"education_rnk",15.3633
"24510090800","tract",2019,"education_rnk",11.5423
"24510090900","tract",2019,"education_rnk",12.3589
"24510100100","tract",2019,"education_rnk",21.8926
"24510100200","tract",2019,"education_rnk",8.2247
"24510100300","tract",2019,"education_rnk",NA
"24510110100","tract",2019,"education_rnk",96.8926
"24510110200","tract",2019,"education_rnk",94.7825
"24510120100","tract",2019,"education_rnk",97.6035
"24510120201","tract",2019,"education_rnk",88.3858
"24510120202","tract",2019,"education_rnk",NA
"24510120300","tract",2019,"education_rnk",81.2712
"24510120400","tract",2019,"education_rnk",46.2579
"24510120500","tract",2019,"education_rnk",74.4302
"24510120600","tract",2019,"education_rnk",74.1875
"24510120700","tract",2019,"education_rnk",80.8931
"24510130100","tract",2019,"education_rnk",64.4437
"24510130200","tract",2019,"education_rnk",56.0864
"24510130300","tract",2019,"education_rnk",34.4589
"24510130400","tract",2019,"education_rnk",39.9571
"24510130600","tract",2019,"education_rnk",97.1761
"24510130700","tract",2019,"education_rnk",97.021
"24510130803","tract",2019,"education_rnk",86.3208
"24510130804","tract",2019,"education_rnk",78.7153
"24510130805","tract",2019,"education_rnk",91.063
"24510130806","tract",2019,"education_rnk",82.2783
"24510140100","tract",2019,"education_rnk",89.5029
"24510140200","tract",2019,"education_rnk",20.2945
"24510140300","tract",2019,"education_rnk",42.8332
"24510150100","tract",2019,"education_rnk",22.9209
"24510150200","tract",2019,"education_rnk",18.1745
"24510150300","tract",2019,"education_rnk",26.0212
"24510150400","tract",2019,"education_rnk",26.3696
"24510150500","tract",2019,"education_rnk",12.9669
"24510150600","tract",2019,"education_rnk",30.0567
"24510150701","tract",2019,"education_rnk",77.0791
"24510150702","tract",2019,"education_rnk",56.2133
"24510150800","tract",2019,"education_rnk",59.7312
"24510150900","tract",2019,"education_rnk",39.1108
"24510151000","tract",2019,"education_rnk",41.6949
"24510151100","tract",2019,"education_rnk",48.1155
"24510151200","tract",2019,"education_rnk",31.0159
"24510151300","tract",2019,"education_rnk",8.2191
"24510160100","tract",2019,"education_rnk",4.1977
"24510160200","tract",2019,"education_rnk",18.3254
"24510160300","tract",2019,"education_rnk",8.0089
"24510160400","tract",2019,"education_rnk",5.7704
"24510160500","tract",2019,"education_rnk",17.733
"24510160600","tract",2019,"education_rnk",39.6045
"24510160700","tract",2019,"education_rnk",22.2833
"24510160801","tract",2019,"education_rnk",34.4434
"24510160802","tract",2019,"education_rnk",30.3487
"24510170100","tract",2019,"education_rnk",59.0259
"24510170200","tract",2019,"education_rnk",5.5927
"24510170300","tract",2019,"education_rnk",42.0546
"24510180100","tract",2019,"education_rnk",5.8015
"24510180200","tract",2019,"education_rnk",41.4875
"24510180300","tract",2019,"education_rnk",64.4761
"24510190100","tract",2019,"education_rnk",5.5024
"24510190200","tract",2019,"education_rnk",24.5571
"24510190300","tract",2019,"education_rnk",5.3727
"24510200100","tract",2019,"education_rnk",8.1119
"24510200200","tract",2019,"education_rnk",7.9088
"24510200300","tract",2019,"education_rnk",9.7283
"24510200400","tract",2019,"education_rnk",12.847
"24510200500","tract",2019,"education_rnk",2.8972
"24510200600","tract",2019,"education_rnk",25.9182
"24510200701","tract",2019,"education_rnk",17.4439
"24510200702","tract",2019,"education_rnk",44.0434
"24510200800","tract",2019,"education_rnk",21.399
"24510210100","tract",2019,"education_rnk",76.2215
"24510210200","tract",2019,"education_rnk",43.1844
"24510220100","tract",2019,"education_rnk",96.7586
"24510230100","tract",2019,"education_rnk",90.1969
"24510230200","tract",2019,"education_rnk",97.7389
"24510230300","tract",2019,"education_rnk",99.1974
"24510240100","tract",2019,"education_rnk",98.9943
"24510240200","tract",2019,"education_rnk",99.4753
"24510240300","tract",2019,"education_rnk",98.8631
"24510240400","tract",2019,"education_rnk",96.5259
"24510250101","tract",2019,"education_rnk",64.9585
"24510250102","tract",2019,"education_rnk",22.6049
"24510250103","tract",2019,"education_rnk",24.4964
"24510250203","tract",2019,"education_rnk",32.748
"24510250204","tract",2019,"education_rnk",3.1567
"24510250205","tract",2019,"education_rnk",11.026
"24510250206","tract",2019,"education_rnk",56.5716
"24510250207","tract",2019,"education_rnk",24.8857
"24510250301","tract",2019,"education_rnk",6.1287
"24510250303","tract",2019,"education_rnk",25.8082
"24510250401","tract",2019,"education_rnk",10.5732
"24510250402","tract",2019,"education_rnk",17.7048
"24510250500","tract",2019,"education_rnk",7.274
"24510250600","tract",2019,"education_rnk",NA
"24510260101","tract",2019,"education_rnk",54.9946
"24510260102","tract",2019,"education_rnk",48.0916
"24510260201","tract",2019,"education_rnk",37.2278
"24510260202","tract",2019,"education_rnk",30.8903
"24510260203","tract",2019,"education_rnk",60.0133
"24510260301","tract",2019,"education_rnk",17.5722
"24510260302","tract",2019,"education_rnk",39.4268
"24510260303","tract",2019,"education_rnk",25.7067
"24510260401","tract",2019,"education_rnk",1.9733
"24510260402","tract",2019,"education_rnk",33.7494
"24510260403","tract",2019,"education_rnk",25.316
"24510260404","tract",2019,"education_rnk",4.2174
"24510260501","tract",2019,"education_rnk",25.9888
"24510260604","tract",2019,"education_rnk",6.5194
"24510260605","tract",2019,"education_rnk",4.7196
"24510260700","tract",2019,"education_rnk",34.2163
"24510260800","tract",2019,"education_rnk",12.1911
"24510260900","tract",2019,"education_rnk",97.8814
"24510261000","tract",2019,"education_rnk",12.4831
"24510261100","tract",2019,"education_rnk",99.0282
"24510270101","tract",2019,"education_rnk",64.6059
"24510270102","tract",2019,"education_rnk",38.7003
"24510270200","tract",2019,"education_rnk",80.5814
"24510270301","tract",2019,"education_rnk",71.643
"24510270302","tract",2019,"education_rnk",68.4058
"24510270401","tract",2019,"education_rnk",45.8742
"24510270402","tract",2019,"education_rnk",61.0246
"24510270501","tract",2019,"education_rnk",76.2215
"24510270502","tract",2019,"education_rnk",66.125
"24510270600","tract",2019,"education_rnk",80.0045
"24510270701","tract",2019,"education_rnk",47.6402
"24510270702","tract",2019,"education_rnk",64.8612
"24510270703","tract",2019,"education_rnk",89.7187
"24510270801","tract",2019,"education_rnk",57.5392
"24510270802","tract",2019,"education_rnk",51.1016
"24510270803","tract",2019,"education_rnk",53.9762
"24510270804","tract",2019,"education_rnk",73.1508
"24510270805","tract",2019,"education_rnk",58.2938
"24510270901","tract",2019,"education_rnk",53.3161
"24510270902","tract",2019,"education_rnk",39.084
"24510270903","tract",2019,"education_rnk",NA
"24510271001","tract",2019,"education_rnk",37.0712
"24510271002","tract",2019,"education_rnk",15.0742
"24510271101","tract",2019,"education_rnk",80.5814
"24510271102","tract",2019,"education_rnk",NA
"24510271200","tract",2019,"education_rnk",98.0337
"24510271300","tract",2019,"education_rnk",99.1636
"24510271400","tract",2019,"education_rnk",98.289
"24510271501","tract",2019,"education_rnk",94.506
"24510271503","tract",2019,"education_rnk",98.8504
"24510271600","tract",2019,"education_rnk",37.2517
"24510271700","tract",2019,"education_rnk",53.8437
"24510271801","tract",2019,"education_rnk",43.1548
"24510271802","tract",2019,"education_rnk",11.1558
"24510271900","tract",2019,"education_rnk",70.4257
"24510272003","tract",2019,"education_rnk",57.559
"24510272004","tract",2019,"education_rnk",91.4085
"24510272005","tract",2019,"education_rnk",70.8559
"24510272006","tract",2019,"education_rnk",42.7866
"24510272007","tract",2019,"education_rnk",64.9162
"24510280101","tract",2019,"education_rnk",34.126
"24510280102","tract",2019,"education_rnk",71.1662
"24510280200","tract",2019,"education_rnk",69.5667
"24510280301","tract",2019,"education_rnk",61.3095
"24510280302","tract",2019,"education_rnk",47.7432
"24510280401","tract",2019,"education_rnk",65.6384
"24510280402","tract",2019,"education_rnk",64.1348
"24510280403","tract",2019,"education_rnk",73.2115
"24510280404","tract",2019,"education_rnk",29.4925
"24510280500","tract",2019,"education_rnk",5.3698
"24001000100","tract",2019,"education_state_rnk",18.9189
"24001000200","tract",2019,"education_state_rnk",26.3696
"24001000300","tract",2019,"education_state_rnk",29.7297
"24001000400","tract",2019,"education_state_rnk",33.6012
"24001000500","tract",2019,"education_state_rnk",NA
"24001000600","tract",2019,"education_state_rnk",35.5734
"24001000700","tract",2019,"education_state_rnk",13.2213
"24001000800","tract",2019,"education_state_rnk",11.3952
"24001001000","tract",2019,"education_state_rnk",18.298
"24001001100","tract",2019,"education_state_rnk",38.7874
"24001001200","tract",2019,"education_state_rnk",60.8473
"24001001300","tract",2019,"education_state_rnk",NA
"24001001401","tract",2019,"education_state_rnk",73.046
"24001001402","tract",2019,"education_state_rnk",48.5026
"24001001502","tract",2019,"education_state_rnk",19.5033
"24001001503","tract",2019,"education_state_rnk",31.1176
"24001001600","tract",2019,"education_state_rnk",38.5683
"24001001700","tract",2019,"education_state_rnk",35.5004
"24001001800","tract",2019,"education_state_rnk",NA
"24001001900","tract",2019,"education_state_rnk",31.4098
"24001002000","tract",2019,"education_state_rnk",28.0862
"24001002100","tract",2019,"education_state_rnk",16.2162
"24001002200","tract",2019,"education_state_rnk",36.45
"24003701101","tract",2019,"education_state_rnk",75.9679
"24003701102","tract",2019,"education_state_rnk",64.3535
"24003701200","tract",2019,"education_state_rnk",77.2827
"24003701300","tract",2019,"education_state_rnk",61.1395
"24003701400","tract",2019,"education_state_rnk",46.2381
"24003702100","tract",2019,"education_state_rnk",88.5318
"24003702204","tract",2019,"education_state_rnk",83.0533
"24003702205","tract",2019,"education_state_rnk",87.8744
"24003702206","tract",2019,"education_state_rnk",71.6581
"24003702208","tract",2019,"education_state_rnk",82.3959
"24003702209","tract",2019,"education_state_rnk",80.4237
"24003702300","tract",2019,"education_state_rnk",61.8335
"24003702402","tract",2019,"education_state_rnk",86.9978
"24003702500","tract",2019,"education_state_rnk",42.0015
"24003702601","tract",2019,"education_state_rnk",90.3579
"24003702602","tract",2019,"education_state_rnk",93.1337
"24003702701","tract",2019,"education_state_rnk",96.0555
"24003702702","tract",2019,"education_state_rnk",99.6348
"24003706101","tract",2019,"education_state_rnk",80.6428
"24003706301","tract",2019,"education_state_rnk",76.4792
"24003706302","tract",2019,"education_state_rnk",92.5493
"24003706401","tract",2019,"education_state_rnk",6.9394
"24003706402","tract",2019,"education_state_rnk",42.2936
"24003706500","tract",2019,"education_state_rnk",59.7516
"24003706600","tract",2019,"education_state_rnk",62.3813
"24003706700","tract",2019,"education_state_rnk",NA
"24003707001","tract",2019,"education_state_rnk",63.4039
"24003707002","tract",2019,"education_state_rnk",72.4617
"24003708001","tract",2019,"education_state_rnk",84.2951
"24003708004","tract",2019,"education_state_rnk",46.9686
"24003730100","tract",2019,"education_state_rnk",74.4339
"24003730203","tract",2019,"education_state_rnk",17.531
"24003730204","tract",2019,"education_state_rnk",9.6421
"24003730300","tract",2019,"education_state_rnk",21.1833
"24003730401","tract",2019,"education_state_rnk",21.9138
"24003730402","tract",2019,"education_state_rnk",36.0117
"24003730502","tract",2019,"education_state_rnk",59.9708
"24003730504","tract",2019,"education_state_rnk",60.1899
"24003730505","tract",2019,"education_state_rnk",15.2666
"24003730506","tract",2019,"education_state_rnk",32.7246
"24003730601","tract",2019,"education_state_rnk",90.6501
"24003730603","tract",2019,"education_state_rnk",50.4748
"24003730604","tract",2019,"education_state_rnk",90.7232
"24003730700","tract",2019,"education_state_rnk",72.6808
"24003730800","tract",2019,"education_state_rnk",97.3703
"24003730901","tract",2019,"education_state_rnk",97.626
"24003730902","tract",2019,"education_state_rnk",88.3857
"24003731002","tract",2019,"education_state_rnk",63.0387
"24003731003","tract",2019,"education_state_rnk",63.1848
"24003731004","tract",2019,"education_state_rnk",84.0029
"24003731102","tract",2019,"education_state_rnk",72.0234
"24003731103","tract",2019,"education_state_rnk",64.0248
"24003731104","tract",2019,"education_state_rnk",59.3864
"24003731105","tract",2019,"education_state_rnk",54.2732
"24003731201","tract",2019,"education_state_rnk",82.1768
"24003731202","tract",2019,"education_state_rnk",58.0716
"24003731203","tract",2019,"education_state_rnk",61.2126
"24003731204","tract",2019,"education_state_rnk",58.9847
"24003731303","tract",2019,"education_state_rnk",65.8145
"24003731306","tract",2019,"education_state_rnk",73.4112
"24003731307","tract",2019,"education_state_rnk",62.5274
"24003731308","tract",2019,"education_state_rnk",59.3134
"24003731309","tract",2019,"education_state_rnk",30.2411
"24003731310","tract",2019,"education_state_rnk",23.9591
"24003731311","tract",2019,"education_state_rnk",53.7984
"24003740102","tract",2019,"education_state_rnk",70.9277
"24003740103","tract",2019,"education_state_rnk",60.4821
"24003740104","tract",2019,"education_state_rnk",71.7312
"24003740105","tract",2019,"education_state_rnk",34.4047
"24003740201","tract",2019,"education_state_rnk",24.9087
"24003740203","tract",2019,"education_state_rnk",64.5727
"24003740303","tract",2019,"education_state_rnk",68.5902
"24003740304","tract",2019,"education_state_rnk",77.9401
"24003740305","tract",2019,"education_state_rnk",28.5975
"24003740400","tract",2019,"education_state_rnk",NA
"24003740500","tract",2019,"education_state_rnk",75.2374
"24003740601","tract",2019,"education_state_rnk",32.6516
"24003740602","tract",2019,"education_state_rnk",38.4222
"24003740603","tract",2019,"education_state_rnk",NA
"24003740701","tract",2019,"education_state_rnk",86.7056
"24003740702","tract",2019,"education_state_rnk",90.0657
"24003740800","tract",2019,"education_state_rnk",69.3207
"24003740900","tract",2019,"education_state_rnk",33.2725
"24003741000","tract",2019,"education_state_rnk",52.2279
"24003750101","tract",2019,"education_state_rnk",23.3747
"24003750102","tract",2019,"education_state_rnk",13.2944
"24003750201","tract",2019,"education_state_rnk",50.3287
"24003750202","tract",2019,"education_state_rnk",18.4806
"24003750203","tract",2019,"education_state_rnk",12.7831
"24003750300","tract",2019,"education_state_rnk",49.5982
"24003750400","tract",2019,"education_state_rnk",83.2359
"24003750801","tract",2019,"education_state_rnk",42.9145
"24003750803","tract",2019,"education_state_rnk",13.5866
"24003750804","tract",2019,"education_state_rnk",35.7925
"24003750900","tract",2019,"education_state_rnk",46.5668
"24003751000","tract",2019,"education_state_rnk",26.5157
"24003751102","tract",2019,"education_state_rnk",41.2345
"24003751103","tract",2019,"education_state_rnk",49.6713
"24003751200","tract",2019,"education_state_rnk",77.0636
"24003751400","tract",2019,"education_state_rnk",63.1118
"24003751500","tract",2019,"education_state_rnk",14.244
"24003751600","tract",2019,"education_state_rnk",84.8795
"24003751700","tract",2019,"education_state_rnk",58.7655
"24003980000","tract",2019,"education_state_rnk",NA
"24003990000","tract",2019,"education_state_rnk",NA
"24005400100","tract",2019,"education_state_rnk",41.7823
"24005400200","tract",2019,"education_state_rnk",68.8093
"24005400400","tract",2019,"education_state_rnk",81.6289
"24005400500","tract",2019,"education_state_rnk",90.1388
"24005400600","tract",2019,"education_state_rnk",86.45
"24005400701","tract",2019,"education_state_rnk",65.6684
"24005400702","tract",2019,"education_state_rnk",76.4792
"24005400800","tract",2019,"education_state_rnk",32.1402
"24005400900","tract",2019,"education_state_rnk",39.5544
"24005401000","tract",2019,"education_state_rnk",76.8444
"24005401101","tract",2019,"education_state_rnk",22.7173
"24005401102","tract",2019,"education_state_rnk",34.7699
"24005401200","tract",2019,"education_state_rnk",36.1213
"24005401301","tract",2019,"education_state_rnk",20.599
"24005401302","tract",2019,"education_state_rnk",44.9963
"24005401400","tract",2019,"education_state_rnk",68.9189
"24005401503","tract",2019,"education_state_rnk",77.794
"24005401504","tract",2019,"education_state_rnk",66.5449
"24005401505","tract",2019,"education_state_rnk",36.1213
"24005401506","tract",2019,"education_state_rnk",68.4076
"24005401507","tract",2019,"education_state_rnk",15.7779
"24005402201","tract",2019,"education_state_rnk",54.4923
"24005402202","tract",2019,"education_state_rnk",88.13
"24005402302","tract",2019,"education_state_rnk",44.9233
"24005402303","tract",2019,"education_state_rnk",38.6413
"24005402304","tract",2019,"education_state_rnk",27.9036
"24005402305","tract",2019,"education_state_rnk",36.2308
"24005402306","tract",2019,"education_state_rnk",43.2798
"24005402307","tract",2019,"education_state_rnk",25.1278
"24005402403","tract",2019,"education_state_rnk",29.4375
"24005402404","tract",2019,"education_state_rnk",28.4149
"24005402405","tract",2019,"education_state_rnk",10.5917
"24005402406","tract",2019,"education_state_rnk",70.6355
"24005402407","tract",2019,"education_state_rnk",33.2725
"24005402503","tract",2019,"education_state_rnk",61.0665
"24005402504","tract",2019,"education_state_rnk",40.1023
"24005402505","tract",2019,"education_state_rnk",31.8481
"24005402506","tract",2019,"education_state_rnk",31.2637
"24005402509","tract",2019,"education_state_rnk",83.5281
"24005402602","tract",2019,"education_state_rnk",29.8028
"24005402603","tract",2019,"education_state_rnk",80.5698
"24005402604","tract",2019,"education_state_rnk",46.8225
"24005403100","tract",2019,"education_state_rnk",34.3316
"24005403201","tract",2019,"education_state_rnk",45.2155
"24005403202","tract",2019,"education_state_rnk",41.8919
"24005403300","tract",2019,"education_state_rnk",56.282
"24005403401","tract",2019,"education_state_rnk",90.9423
"24005403402","tract",2019,"education_state_rnk",24.7626
"24005403500","tract",2019,"education_state_rnk",87.1439
"24005403601","tract",2019,"education_state_rnk",82.5055
"24005403602","tract",2019,"education_state_rnk",88.3126
"24005403701","tract",2019,"education_state_rnk",92.2571
"24005403702","tract",2019,"education_state_rnk",85.5369
"24005403801","tract",2019,"education_state_rnk",98.1738
"24005403802","tract",2019,"education_state_rnk",95.5442
"24005403803","tract",2019,"education_state_rnk",95.3251
"24005404101","tract",2019,"education_state_rnk",81.4463
"24005404102","tract",2019,"education_state_rnk",27.6844
"24005404201","tract",2019,"education_state_rnk",36.8882
"24005404202","tract",2019,"education_state_rnk",9.7151
"24005404402","tract",2019,"education_state_rnk",82.1037
"24005404403","tract",2019,"education_state_rnk",19.6859
"24005404404","tract",2019,"education_state_rnk",60.1169
"24005404501","tract",2019,"education_state_rnk",37.9839
"24005404502","tract",2019,"education_state_rnk",21.0373
"24005404600","tract",2019,"education_state_rnk",80.7889
"24005404800","tract",2019,"education_state_rnk",69.2111
"24005404900","tract",2019,"education_state_rnk",92.6224
"24005405000","tract",2019,"education_state_rnk",76.6253
"24005406000","tract",2019,"education_state_rnk",85.9021
"24005407001","tract",2019,"education_state_rnk",81.8481
"24005407002","tract",2019,"education_state_rnk",68.225
"24005408100","tract",2019,"education_state_rnk",84.6969
"24005408200","tract",2019,"education_state_rnk",97.9547
"24005408302","tract",2019,"education_state_rnk",95.179
"24005408303","tract",2019,"education_state_rnk",98.466
"24005408304","tract",2019,"education_state_rnk",96.1286
"24005408400","tract",2019,"education_state_rnk",98.7582
"24005408502","tract",2019,"education_state_rnk",73.9226
"24005408503","tract",2019,"education_state_rnk",51.3514
"24005408505","tract",2019,"education_state_rnk",79.401
"24005408506","tract",2019,"education_state_rnk",56.7568
"24005408507","tract",2019,"education_state_rnk",24.6896
"24005408601","tract",2019,"education_state_rnk",70.0511
"24005408602","tract",2019,"education_state_rnk",82.6881
"24005408702","tract",2019,"education_state_rnk",85.3178
"24005408703","tract",2019,"education_state_rnk",94.9598
"24005408704","tract",2019,"education_state_rnk",84.076
"24005408800","tract",2019,"education_state_rnk",71.9503
"24005408900","tract",2019,"education_state_rnk",76.0409
"24005410100","tract",2019,"education_state_rnk",70.4894
"24005410200","tract",2019,"education_state_rnk",89.3353
"24005411101","tract",2019,"education_state_rnk",89.4083
"24005411102","tract",2019,"education_state_rnk",74.7261
"24005411201","tract",2019,"education_state_rnk",88.7144
"24005411202","tract",2019,"education_state_rnk",86.5595
"24005411302","tract",2019,"education_state_rnk",57.889
"24005411303","tract",2019,"education_state_rnk",69.6129
"24005411306","tract",2019,"education_state_rnk",69.5398
"24005411307","tract",2019,"education_state_rnk",55.0767
"24005411308","tract",2019,"education_state_rnk",72.8999
"24005411309","tract",2019,"education_state_rnk",73.5573
"24005411404","tract",2019,"education_state_rnk",65.084
"24005411406","tract",2019,"education_state_rnk",60.3725
"24005411407","tract",2019,"education_state_rnk",71.0738
"24005411408","tract",2019,"education_state_rnk",50.9861
"24005411409","tract",2019,"education_state_rnk",67.2754
"24005411410","tract",2019,"education_state_rnk",61.8335
"24005420100","tract",2019,"education_state_rnk",13.8057
"24005420200","tract",2019,"education_state_rnk",40.9788
"24005420301","tract",2019,"education_state_rnk",18.7728
"24005420302","tract",2019,"education_state_rnk",16.2893
"24005420303","tract",2019,"education_state_rnk",18.298
"24005420401","tract",2019,"education_state_rnk",4.3097
"24005420402","tract",2019,"education_state_rnk",10.2264
"24005420500","tract",2019,"education_state_rnk",15.924
"24005420600","tract",2019,"education_state_rnk",13.0387
"24005420701","tract",2019,"education_state_rnk",11.176
"24005420702","tract",2019,"education_state_rnk",13.9518
"24005420800","tract",2019,"education_state_rnk",14.7553
"24005420900","tract",2019,"education_state_rnk",26.8079
"24005421000","tract",2019,"education_state_rnk",8.3272
"24005421101","tract",2019,"education_state_rnk",21.9869
"24005421102","tract",2019,"education_state_rnk",29.2915
"24005421200","tract",2019,"education_state_rnk",13.6961
"24005421300","tract",2019,"education_state_rnk",12.4909
"24005430101","tract",2019,"education_state_rnk",6.8663
"24005430104","tract",2019,"education_state_rnk",39.4449
"24005430200","tract",2019,"education_state_rnk",13.3674
"24005430300","tract",2019,"education_state_rnk",10.1534
"24005430400","tract",2019,"education_state_rnk",48.0643
"24005430600","tract",2019,"education_state_rnk",86.6326
"24005430700","tract",2019,"education_state_rnk",55.0037
"24005430800","tract",2019,"education_state_rnk",62.9657
"24005430900","tract",2019,"education_state_rnk",20.3798
"24005440100","tract",2019,"education_state_rnk",54.1271
"24005440200","tract",2019,"education_state_rnk",43.9007
"24005440300","tract",2019,"education_state_rnk",30.3141
"24005440400","tract",2019,"education_state_rnk",31.008
"24005440500","tract",2019,"education_state_rnk",62.7831
"24005440600","tract",2019,"education_state_rnk",73.046
"24005440701","tract",2019,"education_state_rnk",16.4354
"24005440702","tract",2019,"education_state_rnk",55.7341
"24005440800","tract",2019,"education_state_rnk",61.943
"24005440900","tract",2019,"education_state_rnk",45.7268
"24005441000","tract",2019,"education_state_rnk",23.2286
"24005441101","tract",2019,"education_state_rnk",37.5457
"24005441102","tract",2019,"education_state_rnk",32.542
"24005450100","tract",2019,"education_state_rnk",55.3689
"24005450200","tract",2019,"education_state_rnk",37.6187
"24005450300","tract",2019,"education_state_rnk",40.6866
"24005450400","tract",2019,"education_state_rnk",23.5208
"24005450501","tract",2019,"education_state_rnk",30.5332
"24005450503","tract",2019,"education_state_rnk",19.065
"24005450504","tract",2019,"education_state_rnk",17.0928
"24005450800","tract",2019,"education_state_rnk",13.6961
"24005450900","tract",2019,"education_state_rnk",64.6457
"24005451000","tract",2019,"education_state_rnk",80.3506
"24005451100","tract",2019,"education_state_rnk",27.3923
"24005451200","tract",2019,"education_state_rnk",27.9766
"24005451300","tract",2019,"education_state_rnk",8.1081
"24005451401","tract",2019,"education_state_rnk",29.1454
"24005451402","tract",2019,"education_state_rnk",22.0599
"24005451500","tract",2019,"education_state_rnk",9.496
"24005451600","tract",2019,"education_state_rnk",43.0241
"24005451701","tract",2019,"education_state_rnk",86.1943
"24005451702","tract",2019,"education_state_rnk",55.2228
"24005451801","tract",2019,"education_state_rnk",50.767
"24005451802","tract",2019,"education_state_rnk",57.7064
"24005451803","tract",2019,"education_state_rnk",54.8941
"24005451900","tract",2019,"education_state_rnk",33.1264
"24005452000","tract",2019,"education_state_rnk",76.6983
"24005452100","tract",2019,"education_state_rnk",66.3988
"24005452300","tract",2019,"education_state_rnk",1.1687
"24005452400","tract",2019,"education_state_rnk",26.4427
"24005452500","tract",2019,"education_state_rnk",3.8714
"24005490100","tract",2019,"education_state_rnk",94.3755
"24005490200","tract",2019,"education_state_rnk",78.3784
"24005490301","tract",2019,"education_state_rnk",55.6611
"24005490302","tract",2019,"education_state_rnk",NA
"24005490400","tract",2019,"education_state_rnk",96.5668
"24005490500","tract",2019,"education_state_rnk",98.9774
"24005490601","tract",2019,"education_state_rnk",78.8167
"24005490602","tract",2019,"education_state_rnk",88.824
"24005490603","tract",2019,"education_state_rnk",93.3163
"24005490605","tract",2019,"education_state_rnk",NA
"24005490701","tract",2019,"education_state_rnk",92.9145
"24005490703","tract",2019,"education_state_rnk",92.8415
"24005490800","tract",2019,"education_state_rnk",79.1088
"24005490900","tract",2019,"education_state_rnk",85.4638
"24005491000","tract",2019,"education_state_rnk",94.1563
"24005491100","tract",2019,"education_state_rnk",72.8269
"24005491201","tract",2019,"education_state_rnk",87.5822
"24005491202","tract",2019,"education_state_rnk",74.7261
"24005491300","tract",2019,"education_state_rnk",83.7838
"24005491401","tract",2019,"education_state_rnk",35.0621
"24005491402","tract",2019,"education_state_rnk",51.4609
"24005491500","tract",2019,"education_state_rnk",65.4492
"24005491600","tract",2019,"education_state_rnk",20.672
"24005491701","tract",2019,"education_state_rnk",82.615
"24005491900","tract",2019,"education_state_rnk",31.5559
"24005492001","tract",2019,"education_state_rnk",43.645
"24005492002","tract",2019,"education_state_rnk",64.4266
"24005492101","tract",2019,"education_state_rnk",58.3638
"24005492102","tract",2019,"education_state_rnk",34.2221
"24005492200","tract",2019,"education_state_rnk",39.2257
"24005492300","tract",2019,"education_state_rnk",11.7604
"24005492401","tract",2019,"education_state_rnk",70.1972
"24005492402","tract",2019,"education_state_rnk",88.7144
"24005492500","tract",2019,"education_state_rnk",NA
"24005492600","tract",2019,"education_state_rnk",35.6465
"24005980000","tract",2019,"education_state_rnk",NA
"24005980100","tract",2019,"education_state_rnk",NA
"24005980200","tract",2019,"education_state_rnk",NA
"24009860101","tract",2019,"education_state_rnk",93.8641
"24009860102","tract",2019,"education_state_rnk",56.5011
"24009860200","tract",2019,"education_state_rnk",83.5281
"24009860300","tract",2019,"education_state_rnk",81.0811
"24009860401","tract",2019,"education_state_rnk",50.4018
"24009860402","tract",2019,"education_state_rnk",84.4412
"24009860501","tract",2019,"education_state_rnk",59.2403
"24009860502","tract",2019,"education_state_rnk",66.8371
"24009860600","tract",2019,"education_state_rnk",49.4522
"24009860701","tract",2019,"education_state_rnk",52.8123
"24009860702","tract",2019,"education_state_rnk",62.6004
"24009860703","tract",2019,"education_state_rnk",46.0555
"24009860801","tract",2019,"education_state_rnk",70.7085
"24009860802","tract",2019,"education_state_rnk",69.2111
"24009860900","tract",2019,"education_state_rnk",66.1432
"24009861001","tract",2019,"education_state_rnk",77.6479
"24009861003","tract",2019,"education_state_rnk",38.7144
"24009861004","tract",2019,"education_state_rnk",40.431
"24009990100","tract",2019,"education_state_rnk",NA
"24011955000","tract",2019,"education_state_rnk",0.8035
"24011955100","tract",2019,"education_state_rnk",14.9744
"24011955201","tract",2019,"education_state_rnk",17.7502
"24011955202","tract",2019,"education_state_rnk",32.3229
"24011955301","tract",2019,"education_state_rnk",30.3871
"24011955302","tract",2019,"education_state_rnk",15.1936
"24011955400","tract",2019,"education_state_rnk",32.542
"24011955500","tract",2019,"education_state_rnk",34.0394
"24011955600","tract",2019,"education_state_rnk",5.1863
"24013501001","tract",2019,"education_state_rnk",17.8963
"24013501002","tract",2019,"education_state_rnk",41.4901
"24013502000","tract",2019,"education_state_rnk",60.7743
"24013503000","tract",2019,"education_state_rnk",46.0555
"24013504100","tract",2019,"education_state_rnk",73.4843
"24013504201","tract",2019,"education_state_rnk",71.0007
"24013504202","tract",2019,"education_state_rnk",84.5142
"24013505101","tract",2019,"education_state_rnk",69.3937
"24013505102","tract",2019,"education_state_rnk",67.6406
"24013505203","tract",2019,"education_state_rnk",55.1497
"24013505205","tract",2019,"education_state_rnk",73.6304
"24013505206","tract",2019,"education_state_rnk",71.2199
"24013505207","tract",2019,"education_state_rnk",67.0928
"24013505208","tract",2019,"education_state_rnk",79.0358
"24013506101","tract",2019,"education_state_rnk",62.3083
"24013506102","tract",2019,"education_state_rnk",42.7684
"24013506200","tract",2019,"education_state_rnk",52.1183
"24013507500","tract",2019,"education_state_rnk",27.1366
"24013507601","tract",2019,"education_state_rnk",28.3419
"24013507602","tract",2019,"education_state_rnk",36.7421
"24013507702","tract",2019,"education_state_rnk",70.7816
"24013507703","tract",2019,"education_state_rnk",80.2776
"24013507704","tract",2019,"education_state_rnk",37.2169
"24013507801","tract",2019,"education_state_rnk",31.008
"24013507802","tract",2019,"education_state_rnk",65.8875
"24013508101","tract",2019,"education_state_rnk",44.5581
"24013508102","tract",2019,"education_state_rnk",50.0365
"24013508200","tract",2019,"education_state_rnk",25.5296
"24013509001","tract",2019,"education_state_rnk",46.3112
"24013509002","tract",2019,"education_state_rnk",82.7611
"24013510000","tract",2019,"education_state_rnk",25.8583
"24013511000","tract",2019,"education_state_rnk",34.843
"24013512000","tract",2019,"education_state_rnk",27.7575
"24013513001","tract",2019,"education_state_rnk",66.2893
"24013513002","tract",2019,"education_state_rnk",50.1096
"24013514100","tract",2019,"education_state_rnk",40.0292
"24013514201","tract",2019,"education_state_rnk",65.7414
"24013514202","tract",2019,"education_state_rnk",77.2096
"24015030100","tract",2019,"education_state_rnk",54.1271
"24015030200","tract",2019,"education_state_rnk",23.5939
"24015030400","tract",2019,"education_state_rnk",15.4127
"24015030501","tract",2019,"education_state_rnk",35.7925
"24015030503","tract",2019,"education_state_rnk",29.0723
"24015030505","tract",2019,"education_state_rnk",32.7977
"24015030506","tract",2019,"education_state_rnk",19.1381
"24015030601","tract",2019,"education_state_rnk",40.9058
"24015030602","tract",2019,"education_state_rnk",53.2871
"24015030700","tract",2019,"education_state_rnk",52.9949
"24015030903","tract",2019,"education_state_rnk",26.6618
"24015030904","tract",2019,"education_state_rnk",42.7684
"24015030905","tract",2019,"education_state_rnk",23.6669
"24015030906","tract",2019,"education_state_rnk",30.6063
"24015031201","tract",2019,"education_state_rnk",36.6691
"24015031202","tract",2019,"education_state_rnk",71.1468
"24015031301","tract",2019,"education_state_rnk",24.6165
"24015031302","tract",2019,"education_state_rnk",21.7677
"24015031400","tract",2019,"education_state_rnk",48.2469
"24017850101","tract",2019,"education_state_rnk",48.5756
"24017850102","tract",2019,"education_state_rnk",41.3806
"24017850201","tract",2019,"education_state_rnk",48.7217
"24017850202","tract",2019,"education_state_rnk",38.2031
"24017850300","tract",2019,"education_state_rnk",44.8503
"24017850400","tract",2019,"education_state_rnk",42.4397
"24017850500","tract",2019,"education_state_rnk",56.6837
"24017850600","tract",2019,"education_state_rnk",65.3397
"24017850706","tract",2019,"education_state_rnk",59.6056
"24017850708","tract",2019,"education_state_rnk",37.2169
"24017850709","tract",2019,"education_state_rnk",53.2871
"24017850710","tract",2019,"education_state_rnk",56.0993
"24017850711","tract",2019,"education_state_rnk",48.8313
"24017850712","tract",2019,"education_state_rnk",76.7714
"24017850713","tract",2019,"education_state_rnk",58.2907
"24017850801","tract",2019,"education_state_rnk",37.6917
"24017850802","tract",2019,"education_state_rnk",48.4295
"24017850901","tract",2019,"education_state_rnk",24.2513
"24017850902","tract",2019,"education_state_rnk",51.9722
"24017850904","tract",2019,"education_state_rnk",69.7589
"24017850905","tract",2019,"education_state_rnk",50.1826
"24017850906","tract",2019,"education_state_rnk",41.2345
"24017851001","tract",2019,"education_state_rnk",61.7239
"24017851002","tract",2019,"education_state_rnk",47.6991
"24017851100","tract",2019,"education_state_rnk",68.9189
"24017851200","tract",2019,"education_state_rnk",41.5632
"24017851301","tract",2019,"education_state_rnk",35.1717
"24017851302","tract",2019,"education_state_rnk",45.5807
"24017851400","tract",2019,"education_state_rnk",71.439
"24017851500","tract",2019,"education_state_rnk",70.4164
"24017990000","tract",2019,"education_state_rnk",NA
"24019970100","tract",2019,"education_state_rnk",26.5888
"24019970200","tract",2019,"education_state_rnk",16.3623
"24019970300","tract",2019,"education_state_rnk",29.9489
"24019970400","tract",2019,"education_state_rnk",25.9313
"24019970500","tract",2019,"education_state_rnk",3.5793
"24019970600","tract",2019,"education_state_rnk",20.3068
"24019970702","tract",2019,"education_state_rnk",52.4105
"24019970804","tract",2019,"education_state_rnk",59.7516
"24019970900","tract",2019,"education_state_rnk",25.0183
"24019990000","tract",2019,"education_state_rnk",NA
"24021740200","tract",2019,"education_state_rnk",40.2849
"24021750100","tract",2019,"education_state_rnk",68.6633
"24021750200","tract",2019,"education_state_rnk",81.7385
"24021750300","tract",2019,"education_state_rnk",69.1015
"24021750503","tract",2019,"education_state_rnk",3.6523
"24021750504","tract",2019,"education_state_rnk",45.2885
"24021750505","tract",2019,"education_state_rnk",2.6297
"24021750506","tract",2019,"education_state_rnk",35.3543
"24021750600","tract",2019,"education_state_rnk",62.8926
"24021750701","tract",2019,"education_state_rnk",59.1673
"24021750702","tract",2019,"education_state_rnk",31.702
"24021750801","tract",2019,"education_state_rnk",38.0935
"24021750802","tract",2019,"education_state_rnk",86.1213
"24021750803","tract",2019,"education_state_rnk",65.3397
"24021751001","tract",2019,"education_state_rnk",75.42
"24021751002","tract",2019,"education_state_rnk",56.9759
"24021751003","tract",2019,"education_state_rnk",35.2812
"24021751004","tract",2019,"education_state_rnk",70.2703
"24021751201","tract",2019,"education_state_rnk",75.7487
"24021751202","tract",2019,"education_state_rnk",83.8934
"24021751203","tract",2019,"education_state_rnk",67.2023
"24021751301","tract",2019,"education_state_rnk",41.0519
"24021751302","tract",2019,"education_state_rnk",71.5851
"24021751600","tract",2019,"education_state_rnk",18.992
"24021751701","tract",2019,"education_state_rnk",51.4609
"24021751702","tract",2019,"education_state_rnk",63.6231
"24021751801","tract",2019,"education_state_rnk",64.9379
"24021751802","tract",2019,"education_state_rnk",90.2484
"24021751901","tract",2019,"education_state_rnk",75.6026
"24021751902","tract",2019,"education_state_rnk",61.5047
"24021751903","tract",2019,"education_state_rnk",74.8722
"24021751904","tract",2019,"education_state_rnk",65.9606
"24021752001","tract",2019,"education_state_rnk",50.2557
"24021752101","tract",2019,"education_state_rnk",72.5347
"24021752102","tract",2019,"education_state_rnk",74.3608
"24021752201","tract",2019,"education_state_rnk",78.5245
"24021752202","tract",2019,"education_state_rnk",63.3309
"24021752204","tract",2019,"education_state_rnk",78.8897
"24021752301","tract",2019,"education_state_rnk",60.0438
"24021752302","tract",2019,"education_state_rnk",85.9021
"24021752303","tract",2019,"education_state_rnk",68.298
"24021752501","tract",2019,"education_state_rnk",69.0285
"24021752502","tract",2019,"education_state_rnk",52.1183
"24021752601","tract",2019,"education_state_rnk",87.7283
"24021752602","tract",2019,"education_state_rnk",76.1505
"24021752603","tract",2019,"education_state_rnk",76.9175
"24021752801","tract",2019,"education_state_rnk",67.7502
"24021752802","tract",2019,"education_state_rnk",49.16
"24021752900","tract",2019,"education_state_rnk",28.9993
"24021753001","tract",2019,"education_state_rnk",33.382
"24021753002","tract",2019,"education_state_rnk",26.2966
"24021765100","tract",2019,"education_state_rnk",28.0862
"24021766800","tract",2019,"education_state_rnk",NA
"24021767500","tract",2019,"education_state_rnk",42.2206
"24021767600","tract",2019,"education_state_rnk",25.0183
"24021770700","tract",2019,"education_state_rnk",80.4967
"24021772200","tract",2019,"education_state_rnk",64.1344
"24021773500","tract",2019,"education_state_rnk",42.5493
"24021775302","tract",2019,"education_state_rnk",56.5011
"24021775400","tract",2019,"education_state_rnk",32.2133
"24021775600","tract",2019,"education_state_rnk",78.2323
"24023000100","tract",2019,"education_state_rnk",33.5281
"24023000200","tract",2019,"education_state_rnk",9.2768
"24023000300","tract",2019,"education_state_rnk",32.3229
"24023000400","tract",2019,"education_state_rnk",16.5814
"24023000500","tract",2019,"education_state_rnk",57.4872
"24023000600","tract",2019,"education_state_rnk",24.8356
"24023000700","tract",2019,"education_state_rnk",21.6216
"24025301102","tract",2019,"education_state_rnk",61.5778
"24025301105","tract",2019,"education_state_rnk",50.767
"24025301106","tract",2019,"education_state_rnk",71.366
"24025301107","tract",2019,"education_state_rnk",63.6961
"24025301108","tract",2019,"education_state_rnk",74.0687
"24025301201","tract",2019,"education_state_rnk",54.1271
"24025301202","tract",2019,"education_state_rnk",57.0489
"24025301204","tract",2019,"education_state_rnk",69.4668
"24025301205","tract",2019,"education_state_rnk",69.6859
"24025301301","tract",2019,"education_state_rnk",49.5252
"24025301302","tract",2019,"education_state_rnk",20.8181
"24025301401","tract",2019,"education_state_rnk",53.6888
"24025301402","tract",2019,"education_state_rnk",46.8955
"24025301601","tract",2019,"education_state_rnk",35.7925
"24025301602","tract",2019,"education_state_rnk",23.886
"24025301702","tract",2019,"education_state_rnk",46.6764
"24025301703","tract",2019,"education_state_rnk",70.8546
"24025301704","tract",2019,"education_state_rnk",51.8262
"24025302100","tract",2019,"education_state_rnk",80.935
"24025302200","tract",2019,"education_state_rnk",49.0504
"24025302400","tract",2019,"education_state_rnk",47.9182
"24025302801","tract",2019,"education_state_rnk",44.7772
"24025302802","tract",2019,"education_state_rnk",52.5566
"24025302901","tract",2019,"education_state_rnk",9.9343
"24025302902","tract",2019,"education_state_rnk",24.1782
"24025303101","tract",2019,"education_state_rnk",59.8977
"24025303102","tract",2019,"education_state_rnk",85.0256
"24025303201","tract",2019,"education_state_rnk",60.9204
"24025303203","tract",2019,"education_state_rnk",39.737
"24025303204","tract",2019,"education_state_rnk",65.011
"24025303205","tract",2019,"education_state_rnk",66.7641
"24025303206","tract",2019,"education_state_rnk",67.385
"24025303300","tract",2019,"education_state_rnk",48.3565
"24025303400","tract",2019,"education_state_rnk",64.0248
"24025303501","tract",2019,"education_state_rnk",39.1527
"24025303502","tract",2019,"education_state_rnk",73.7034
"24025303602","tract",2019,"education_state_rnk",85.3908
"24025303603","tract",2019,"education_state_rnk",62.0161
"24025303605","tract",2019,"education_state_rnk",36.9613
"24025303606","tract",2019,"education_state_rnk",66.691
"24025303700","tract",2019,"education_state_rnk",44.7042
"24025303801","tract",2019,"education_state_rnk",59.0942
"24025303802","tract",2019,"education_state_rnk",65.5588
"24025303803","tract",2019,"education_state_rnk",63.7692
"24025303900","tract",2019,"education_state_rnk",68.7363
"24025304101","tract",2019,"education_state_rnk",60.9934
"24025304102","tract",2019,"education_state_rnk",66.4719
"24025304201","tract",2019,"education_state_rnk",81.3002
"24025304202","tract",2019,"education_state_rnk",72.7538
"24025305100","tract",2019,"education_state_rnk",42.1476
"24025305200","tract",2019,"education_state_rnk",10.336
"24025305300","tract",2019,"education_state_rnk",57.6333
"24025306100","tract",2019,"education_state_rnk",23.0095
"24025306200","tract",2019,"education_state_rnk",42.9145
"24025306300","tract",2019,"education_state_rnk",83.1264
"24025306400","tract",2019,"education_state_rnk",56.6107
"24025306500","tract",2019,"education_state_rnk",30.8985
"24027601103","tract",2019,"education_state_rnk",89.7005
"24027601104","tract",2019,"education_state_rnk",87.8013
"24027601105","tract",2019,"education_state_rnk",83.6377
"24027601107","tract",2019,"education_state_rnk",23.813
"24027601108","tract",2019,"education_state_rnk",78.9627
"24027601201","tract",2019,"education_state_rnk",67.4945
"24027601203","tract",2019,"education_state_rnk",79.7297
"24027601204","tract",2019,"education_state_rnk",56.282
"24027602100","tract",2019,"education_state_rnk",90.7962
"24027602201","tract",2019,"education_state_rnk",89.4814
"24027602202","tract",2019,"education_state_rnk",68.1154
"24027602302","tract",2019,"education_state_rnk",66.0336
"24027602303","tract",2019,"education_state_rnk",85.6099
"24027602304","tract",2019,"education_state_rnk",87.4361
"24027602305","tract",2019,"education_state_rnk",96.9321
"24027602306","tract",2019,"education_state_rnk",81.9576
"24027602600","tract",2019,"education_state_rnk",84.6969
"24027602700","tract",2019,"education_state_rnk",91.7458
"24027602800","tract",2019,"education_state_rnk",54.6749
"24027602900","tract",2019,"education_state_rnk",79.9854
"24027603001","tract",2019,"education_state_rnk",64.8283
"24027603003","tract",2019,"education_state_rnk",91.8188
"24027603004","tract",2019,"education_state_rnk",88.2396
"24027604001","tract",2019,"education_state_rnk",75.42
"24027604002","tract",2019,"education_state_rnk",82.9803
"24027605102","tract",2019,"education_state_rnk",98.0278
"24027605103","tract",2019,"education_state_rnk",96.6399
"24027605104","tract",2019,"education_state_rnk",91.3075
"24027605401","tract",2019,"education_state_rnk",85.2447
"24027605402","tract",2019,"education_state_rnk",86.45
"24027605502","tract",2019,"education_state_rnk",93.645
"24027605503","tract",2019,"education_state_rnk",47.5895
"24027605504","tract",2019,"education_state_rnk",79.6202
"24027605505","tract",2019,"education_state_rnk",92.1841
"24027605601","tract",2019,"education_state_rnk",74.9452
"24027605602","tract",2019,"education_state_rnk",59.7516
"24027606601","tract",2019,"education_state_rnk",77.3557
"24027606603","tract",2019,"education_state_rnk",40.1753
"24027606604","tract",2019,"education_state_rnk",82.3229
"24027606606","tract",2019,"education_state_rnk",56.0263
"24027606607","tract",2019,"education_state_rnk",54.8941
"24027606701","tract",2019,"education_state_rnk",88.0205
"24027606704","tract",2019,"education_state_rnk",49.7443
"24027606705","tract",2019,"education_state_rnk",91.8919
"24027606706","tract",2019,"education_state_rnk",89.2622
"24027606707","tract",2019,"education_state_rnk",75.5296
"24027606803","tract",2019,"education_state_rnk",87.2169
"24027606804","tract",2019,"education_state_rnk",94.2659
"24027606805","tract",2019,"education_state_rnk",92.038
"24027606806","tract",2019,"education_state_rnk",79.9123
"24027606901","tract",2019,"education_state_rnk",61.2856
"24027606904","tract",2019,"education_state_rnk",47.8451
"24027606905","tract",2019,"education_state_rnk",70.5625
"24027606906","tract",2019,"education_state_rnk",28.9262
"24027606907","tract",2019,"education_state_rnk",52.8123
"24029950100","tract",2019,"education_state_rnk",40.431
"24029950200","tract",2019,"education_state_rnk",58.4368
"24029950300","tract",2019,"education_state_rnk",30.095
"24029950400","tract",2019,"education_state_rnk",41.7093
"24029950500","tract",2019,"education_state_rnk",26.2235
"24029990000","tract",2019,"education_state_rnk",NA
"24031700101","tract",2019,"education_state_rnk",79.2549
"24031700103","tract",2019,"education_state_rnk",75.8218
"24031700104","tract",2019,"education_state_rnk",51.2783
"24031700105","tract",2019,"education_state_rnk",57.7794
"24031700204","tract",2019,"education_state_rnk",44.3755
"24031700205","tract",2019,"education_state_rnk",77.794
"24031700206","tract",2019,"education_state_rnk",56.3915
"24031700207","tract",2019,"education_state_rnk",54.5654
"24031700208","tract",2019,"education_state_rnk",29.9489
"24031700304","tract",2019,"education_state_rnk",73.813
"24031700306","tract",2019,"education_state_rnk",48.0643
"24031700308","tract",2019,"education_state_rnk",74.2878
"24031700309","tract",2019,"education_state_rnk",46.4207
"24031700310","tract",2019,"education_state_rnk",51.8262
"24031700311","tract",2019,"education_state_rnk",79.1819
"24031700312","tract",2019,"education_state_rnk",71.5121
"24031700400","tract",2019,"education_state_rnk",57.2681
"24031700500","tract",2019,"education_state_rnk",86.9248
"24031700604","tract",2019,"education_state_rnk",88.4587
"24031700606","tract",2019,"education_state_rnk",57.889
"24031700607","tract",2019,"education_state_rnk",91.9649
"24031700608","tract",2019,"education_state_rnk",72.2425
"24031700610","tract",2019,"education_state_rnk",82.2498
"24031700611","tract",2019,"education_state_rnk",76.3331
"24031700613","tract",2019,"education_state_rnk",92.111
"24031700614","tract",2019,"education_state_rnk",44.6311
"24031700615","tract",2019,"education_state_rnk",93.4259
"24031700616","tract",2019,"education_state_rnk",90.431
"24031700704","tract",2019,"education_state_rnk",39.8466
"24031700706","tract",2019,"education_state_rnk",76.26
"24031700710","tract",2019,"education_state_rnk",17.458
"24031700711","tract",2019,"education_state_rnk",40.5405
"24031700713","tract",2019,"education_state_rnk",7.889
"24031700715","tract",2019,"education_state_rnk",45.5077
"24031700716","tract",2019,"education_state_rnk",45.8729
"24031700717","tract",2019,"education_state_rnk",34.2221
"24031700718","tract",2019,"education_state_rnk",93.9372
"24031700719","tract",2019,"education_state_rnk",6.7933
"24031700720","tract",2019,"education_state_rnk",14.6092
"24031700721","tract",2019,"education_state_rnk",23.1556
"24031700722","tract",2019,"education_state_rnk",20.9277
"24031700723","tract",2019,"education_state_rnk",58.7655
"24031700724","tract",2019,"education_state_rnk",4.0175
"24031700810","tract",2019,"education_state_rnk",63.8422
"24031700811","tract",2019,"education_state_rnk",14.0248
"24031700812","tract",2019,"education_state_rnk",22.3521
"24031700813","tract",2019,"education_state_rnk",30.168
"24031700815","tract",2019,"education_state_rnk",20.0511
"24031700816","tract",2019,"education_state_rnk",51.0592
"24031700817","tract",2019,"education_state_rnk",88.6048
"24031700818","tract",2019,"education_state_rnk",11.0299
"24031700819","tract",2019,"education_state_rnk",45.3616
"24031700820","tract",2019,"education_state_rnk",29.2184
"24031700822","tract",2019,"education_state_rnk",16.0701
"24031700823","tract",2019,"education_state_rnk",79.328
"24031700824","tract",2019,"education_state_rnk",97.2973
"24031700826","tract",2019,"education_state_rnk",98.3565
"24031700828","tract",2019,"education_state_rnk",91.0884
"24031700829","tract",2019,"education_state_rnk",93.3163
"24031700830","tract",2019,"education_state_rnk",42.5493
"24031700832","tract",2019,"education_state_rnk",8.6194
"24031700833","tract",2019,"education_state_rnk",32.8707
"24031700834","tract",2019,"education_state_rnk",38.9335
"24031700835","tract",2019,"education_state_rnk",47.7721
"24031700901","tract",2019,"education_state_rnk",97.0051
"24031700902","tract",2019,"education_state_rnk",25.5296
"24031700903","tract",2019,"education_state_rnk",27.8305
"24031700904","tract",2019,"education_state_rnk",50.5478
"24031700905","tract",2019,"education_state_rnk",84.2221
"24031701001","tract",2019,"education_state_rnk",94.8137
"24031701002","tract",2019,"education_state_rnk",94.4485
"24031701004","tract",2019,"education_state_rnk",58.8751
"24031701005","tract",2019,"education_state_rnk",90.8692
"24031701006","tract",2019,"education_state_rnk",92.4763
"24031701007","tract",2019,"education_state_rnk",92.6954
"24031701101","tract",2019,"education_state_rnk",48.9408
"24031701102","tract",2019,"education_state_rnk",21.1103
"24031701201","tract",2019,"education_state_rnk",58.5099
"24031701202","tract",2019,"education_state_rnk",97.8086
"24031701205","tract",2019,"education_state_rnk",90.504
"24031701206","tract",2019,"education_state_rnk",68.1154
"24031701210","tract",2019,"education_state_rnk",80.2045
"24031701211","tract",2019,"education_state_rnk",86.3404
"24031701212","tract",2019,"education_state_rnk",81.3002
"24031701213","tract",2019,"education_state_rnk",97.4434
"24031701214","tract",2019,"education_state_rnk",95.6172
"24031701215","tract",2019,"education_state_rnk",96.786
"24031701216","tract",2019,"education_state_rnk",99.2695
"24031701218","tract",2019,"education_state_rnk",89.7736
"24031701219","tract",2019,"education_state_rnk",25.42
"24031701220","tract",2019,"education_state_rnk",83.3455
"24031701221","tract",2019,"education_state_rnk",70.3433
"24031701303","tract",2019,"education_state_rnk",95.1059
"24031701304","tract",2019,"education_state_rnk",58.1812
"24031701306","tract",2019,"education_state_rnk",92.7684
"24031701307","tract",2019,"education_state_rnk",72.0964
"24031701308","tract",2019,"education_state_rnk",94.0467
"24031701312","tract",2019,"education_state_rnk",69.9781
"24031701313","tract",2019,"education_state_rnk",79.7297
"24031701314","tract",2019,"education_state_rnk",86.2673
"24031701315","tract",2019,"education_state_rnk",72.3156
"24031701316","tract",2019,"education_state_rnk",77.4288
"24031701317","tract",2019,"education_state_rnk",43.7911
"24031701407","tract",2019,"education_state_rnk",92.9876
"24031701408","tract",2019,"education_state_rnk",54.7845
"24031701409","tract",2019,"education_state_rnk",77.5749
"24031701410","tract",2019,"education_state_rnk",48.6486
"24031701414","tract",2019,"education_state_rnk",49.8904
"24031701415","tract",2019,"education_state_rnk",54.4193
"24031701417","tract",2019,"education_state_rnk",53.981
"24031701418","tract",2019,"education_state_rnk",42.3667
"24031701420","tract",2019,"education_state_rnk",69.832
"24031701421","tract",2019,"education_state_rnk",20.5259
"24031701422","tract",2019,"education_state_rnk",36.8152
"24031701423","tract",2019,"education_state_rnk",42.0745
"24031701503","tract",2019,"education_state_rnk",62.4543
"24031701505","tract",2019,"education_state_rnk",43.2798
"24031701506","tract",2019,"education_state_rnk",89.0066
"24031701507","tract",2019,"education_state_rnk",81.008
"24031701508","tract",2019,"education_state_rnk",24.3243
"24031701509","tract",2019,"education_state_rnk",5.4054
"24031701601","tract",2019,"education_state_rnk",5.7706
"24031701602","tract",2019,"education_state_rnk",1.0957
"24031701701","tract",2019,"education_state_rnk",75.8948
"24031701702","tract",2019,"education_state_rnk",25.2739
"24031701703","tract",2019,"education_state_rnk",43.4624
"24031701704","tract",2019,"education_state_rnk",46.4207
"24031701800","tract",2019,"education_state_rnk",49.233
"24031701900","tract",2019,"education_state_rnk",6.355
"24031702000","tract",2019,"education_state_rnk",0.2922
"24031702101","tract",2019,"education_state_rnk",5.0037
"24031702102","tract",2019,"education_state_rnk",62.0891
"24031702200","tract",2019,"education_state_rnk",83.4186
"24031702301","tract",2019,"education_state_rnk",11.6143
"24031702302","tract",2019,"education_state_rnk",71.2929
"24031702401","tract",2019,"education_state_rnk",92.3302
"24031702402","tract",2019,"education_state_rnk",71.8773
"24031702500","tract",2019,"education_state_rnk",94.5215
"24031702601","tract",2019,"education_state_rnk",95.9094
"24031702602","tract",2019,"education_state_rnk",76.9905
"24031702700","tract",2019,"education_state_rnk",22.1695
"24031702800","tract",2019,"education_state_rnk",92.4032
"24031702900","tract",2019,"education_state_rnk",97.626
"24031703000","tract",2019,"education_state_rnk",93.7911
"24031703100","tract",2019,"education_state_rnk",46.5668
"24031703201","tract",2019,"education_state_rnk",24.5435
"24031703202","tract",2019,"education_state_rnk",87.9474
"24031703206","tract",2019,"education_state_rnk",54.3462
"24031703207","tract",2019,"education_state_rnk",4.4558
"24031703208","tract",2019,"education_state_rnk",75.0183
"24031703209","tract",2019,"education_state_rnk",78.7071
"24031703210","tract",2019,"education_state_rnk",62.6735
"24031703212","tract",2019,"education_state_rnk",62.1622
"24031703213","tract",2019,"education_state_rnk",7.9985
"24031703214","tract",2019,"education_state_rnk",5.4785
"24031703215","tract",2019,"education_state_rnk",22.7904
"24031703216","tract",2019,"education_state_rnk",64.4996
"24031703218","tract",2019,"education_state_rnk",81.1541
"24031703219","tract",2019,"education_state_rnk",78.0497
"24031703220","tract",2019,"education_state_rnk",21.2564
"24031703221","tract",2019,"education_state_rnk",51.2053
"24031703301","tract",2019,"education_state_rnk",2.9949
"24031703302","tract",2019,"education_state_rnk",6.282
"24031703401","tract",2019,"education_state_rnk",10.5186
"24031703402","tract",2019,"education_state_rnk",14.4266
"24031703403","tract",2019,"education_state_rnk",7.7429
"24031703404","tract",2019,"education_state_rnk",2.1183
"24031703501","tract",2019,"education_state_rnk",4.6749
"24031703502","tract",2019,"education_state_rnk",84.5873
"24031703601","tract",2019,"education_state_rnk",48.8313
"24031703602","tract",2019,"education_state_rnk",85.683
"24031703701","tract",2019,"education_state_rnk",1.534
"24031703702","tract",2019,"education_state_rnk",19.4302
"24031703800","tract",2019,"education_state_rnk",85.0986
"24031703901","tract",2019,"education_state_rnk",74.2148
"24031703902","tract",2019,"education_state_rnk",23.74
"24031704000","tract",2019,"education_state_rnk",35.1717
"24031704100","tract",2019,"education_state_rnk",87.29
"24031704200","tract",2019,"education_state_rnk",74.7261
"24031704300","tract",2019,"education_state_rnk",88.897
"24031704401","tract",2019,"education_state_rnk",96.859
"24031704403","tract",2019,"education_state_rnk",98.3565
"24031704404","tract",2019,"education_state_rnk",91.5997
"24031704501","tract",2019,"education_state_rnk",86.7787
"24031704502","tract",2019,"education_state_rnk",97.8817
"24031704503","tract",2019,"education_state_rnk",73.1921
"24031704600","tract",2019,"education_state_rnk",100
"24031704700","tract",2019,"education_state_rnk",96.3477
"24031704803","tract",2019,"education_state_rnk",94.7407
"24031704804","tract",2019,"education_state_rnk",99.927
"24031704805","tract",2019,"education_state_rnk",98.6121
"24031704806","tract",2019,"education_state_rnk",99.0504
"24031705000","tract",2019,"education_state_rnk",91.1614
"24031705100","tract",2019,"education_state_rnk",94.5946
"24031705200","tract",2019,"education_state_rnk",99.4156
"24031705300","tract",2019,"education_state_rnk",96.4207
"24031705400","tract",2019,"education_state_rnk",95.0329
"24031705501","tract",2019,"education_state_rnk",99.7809
"24031705502","tract",2019,"education_state_rnk",99.3426
"24031705601","tract",2019,"education_state_rnk",95.3981
"24031705602","tract",2019,"education_state_rnk",99.8539
"24031705701","tract",2019,"education_state_rnk",95.252
"24031705702","tract",2019,"education_state_rnk",96.2016
"24031705800","tract",2019,"education_state_rnk",91.5267
"24031705901","tract",2019,"education_state_rnk",95.4711
"24031705902","tract",2019,"education_state_rnk",91.4536
"24031705903","tract",2019,"education_state_rnk",89.1892
"24031706005","tract",2019,"education_state_rnk",89.0066
"24031706007","tract",2019,"education_state_rnk",87.6552
"24031706008","tract",2019,"education_state_rnk",89.9927
"24031706009","tract",2019,"education_state_rnk",77.1366
"24031706010","tract",2019,"education_state_rnk",78.4514
"24031706011","tract",2019,"education_state_rnk",93.2067
"24031706012","tract",2019,"education_state_rnk",89.5544
"24031706013","tract",2019,"education_state_rnk",85.1717
"24033800102","tract",2019,"education_state_rnk",44.3755
"24033800103","tract",2019,"education_state_rnk",21.3294
"24033800105","tract",2019,"education_state_rnk",27.3192
"24033800106","tract",2019,"education_state_rnk",78.5975
"24033800108","tract",2019,"education_state_rnk",68.0058
"24033800109","tract",2019,"education_state_rnk",12.0526
"24033800203","tract",2019,"education_state_rnk",67.0928
"24033800206","tract",2019,"education_state_rnk",46.1651
"24033800208","tract",2019,"education_state_rnk",67.9328
"24033800209","tract",2019,"education_state_rnk",6.6472
"24033800210","tract",2019,"education_state_rnk",32.0672
"24033800211","tract",2019,"education_state_rnk",53.7984
"24033800212","tract",2019,"education_state_rnk",91.0153
"24033800213","tract",2019,"education_state_rnk",33.6742
"24033800214","tract",2019,"education_state_rnk",25.2009
"24033800215","tract",2019,"education_state_rnk",47.4799
"24033800401","tract",2019,"education_state_rnk",71.8042
"24033800402","tract",2019,"education_state_rnk",73.046
"24033800403","tract",2019,"education_state_rnk",83.7107
"24033800408","tract",2019,"education_state_rnk",80.7159
"24033800409","tract",2019,"education_state_rnk",83.2359
"24033800410","tract",2019,"education_state_rnk",55.9533
"24033800411","tract",2019,"education_state_rnk",70.1242
"24033800412","tract",2019,"education_state_rnk",29.6567
"24033800413","tract",2019,"education_state_rnk",40.6136
"24033800504","tract",2019,"education_state_rnk",67.5676
"24033800505","tract",2019,"education_state_rnk",89.6275
"24033800507","tract",2019,"education_state_rnk",91.2345
"24033800509","tract",2019,"education_state_rnk",87.0709
"24033800511","tract",2019,"education_state_rnk",83.8934
"24033800513","tract",2019,"education_state_rnk",81.3002
"24033800514","tract",2019,"education_state_rnk",98.1008
"24033800515","tract",2019,"education_state_rnk",74.5069
"24033800516","tract",2019,"education_state_rnk",66.618
"24033800517","tract",2019,"education_state_rnk",90.2484
"24033800518","tract",2019,"education_state_rnk",93.0606
"24033800519","tract",2019,"education_state_rnk",47.1147
"24033800520","tract",2019,"education_state_rnk",85.9021
"24033800601","tract",2019,"education_state_rnk",53.6158
"24033800604","tract",2019,"education_state_rnk",51.7166
"24033800605","tract",2019,"education_state_rnk",78.3053
"24033800606","tract",2019,"education_state_rnk",84.9525
"24033800607","tract",2019,"education_state_rnk",74.58
"24033800608","tract",2019,"education_state_rnk",95.8364
"24033800701","tract",2019,"education_state_rnk",87.5091
"24033800704","tract",2019,"education_state_rnk",58.1812
"24033800705","tract",2019,"education_state_rnk",64.7188
"24033800706","tract",2019,"education_state_rnk",80.0584
"24033800707","tract",2019,"education_state_rnk",49.8904
"24033800800","tract",2019,"education_state_rnk",86.8517
"24033800900","tract",2019,"education_state_rnk",82.5055
"24033801003","tract",2019,"education_state_rnk",72.1695
"24033801004","tract",2019,"education_state_rnk",59.496
"24033801005","tract",2019,"education_state_rnk",63.2579
"24033801006","tract",2019,"education_state_rnk",78.0497
"24033801104","tract",2019,"education_state_rnk",48.0643
"24033801207","tract",2019,"education_state_rnk",68.5172
"24033801208","tract",2019,"education_state_rnk",61.3952
"24033801209","tract",2019,"education_state_rnk",65.2301
"24033801210","tract",2019,"education_state_rnk",40.2849
"24033801211","tract",2019,"education_state_rnk",53.1045
"24033801212","tract",2019,"education_state_rnk",39.0431
"24033801213","tract",2019,"education_state_rnk",57.122
"24033801214","tract",2019,"education_state_rnk",32.4324
"24033801215","tract",2019,"education_state_rnk",62.7831
"24033801216","tract",2019,"education_state_rnk",47.1147
"24033801217","tract",2019,"education_state_rnk",52.3009
"24033801302","tract",2019,"education_state_rnk",74.1417
"24033801305","tract",2019,"education_state_rnk",37.0343
"24033801307","tract",2019,"education_state_rnk",81.6289
"24033801308","tract",2019,"education_state_rnk",85.756
"24033801309","tract",2019,"education_state_rnk",88.13
"24033801310","tract",2019,"education_state_rnk",93.4989
"24033801311","tract",2019,"education_state_rnk",77.5018
"24033801312","tract",2019,"education_state_rnk",52.9949
"24033801313","tract",2019,"education_state_rnk",78.7071
"24033801404","tract",2019,"education_state_rnk",86.0482
"24033801405","tract",2019,"education_state_rnk",14.1709
"24033801406","tract",2019,"education_state_rnk",59.496
"24033801407","tract",2019,"education_state_rnk",39.3718
"24033801408","tract",2019,"education_state_rnk",67.385
"24033801409","tract",2019,"education_state_rnk",9.3499
"24033801410","tract",2019,"education_state_rnk",19.3572
"24033801411","tract",2019,"education_state_rnk",41.8919
"24033801500","tract",2019,"education_state_rnk",15.7049
"24033801600","tract",2019,"education_state_rnk",47.1147
"24033801701","tract",2019,"education_state_rnk",50.9131
"24033801702","tract",2019,"education_state_rnk",40.8327
"24033801704","tract",2019,"education_state_rnk",49.8904
"24033801706","tract",2019,"education_state_rnk",23.0825
"24033801707","tract",2019,"education_state_rnk",4.2367
"24033801708","tract",2019,"education_state_rnk",16.8736
"24033801801","tract",2019,"education_state_rnk",63.477
"24033801802","tract",2019,"education_state_rnk",45.9459
"24033801804","tract",2019,"education_state_rnk",26.0044
"24033801805","tract",2019,"education_state_rnk",56.8298
"24033801807","tract",2019,"education_state_rnk",34.5873
"24033801808","tract",2019,"education_state_rnk",17.8232
"24033801901","tract",2019,"education_state_rnk",60.3725
"24033801904","tract",2019,"education_state_rnk",47.5895
"24033801905","tract",2019,"education_state_rnk",89.1161
"24033801906","tract",2019,"education_state_rnk",14.8283
"24033801907","tract",2019,"education_state_rnk",75.0913
"24033801908","tract",2019,"education_state_rnk",35.4273
"24033802001","tract",2019,"education_state_rnk",7.4872
"24033802002","tract",2019,"education_state_rnk",54.6749
"24033802103","tract",2019,"education_state_rnk",29.3645
"24033802104","tract",2019,"education_state_rnk",43.7911
"24033802106","tract",2019,"education_state_rnk",33.9664
"24033802107","tract",2019,"education_state_rnk",19.2111
"24033802201","tract",2019,"education_state_rnk",62.2352
"24033802203","tract",2019,"education_state_rnk",31.2637
"24033802204","tract",2019,"education_state_rnk",64.2805
"24033802301","tract",2019,"education_state_rnk",10.9204
"24033802404","tract",2019,"education_state_rnk",24.3974
"24033802405","tract",2019,"education_state_rnk",45.1424
"24033802406","tract",2019,"education_state_rnk",20.9277
"24033802407","tract",2019,"education_state_rnk",45.4346
"24033802408","tract",2019,"education_state_rnk",38.8605
"24033802501","tract",2019,"education_state_rnk",39.664
"24033802502","tract",2019,"education_state_rnk",38.0935
"24033802600","tract",2019,"education_state_rnk",10.7378
"24033802700","tract",2019,"education_state_rnk",7.8159
"24033802803","tract",2019,"education_state_rnk",37.8013
"24033802804","tract",2019,"education_state_rnk",33.4551
"24033802805","tract",2019,"education_state_rnk",55.2958
"24033802901","tract",2019,"education_state_rnk",28.5975
"24033803001","tract",2019,"education_state_rnk",26.954
"24033803002","tract",2019,"education_state_rnk",27.027
"24033803100","tract",2019,"education_state_rnk",31.2637
"24033803200","tract",2019,"education_state_rnk",19.2841
"24033803300","tract",2019,"education_state_rnk",9.2038
"24033803401","tract",2019,"education_state_rnk",3.7984
"24033803402","tract",2019,"education_state_rnk",14.9014
"24033803508","tract",2019,"education_state_rnk",6.5011
"24033803509","tract",2019,"education_state_rnk",7.3046
"24033803512","tract",2019,"education_state_rnk",56.1724
"24033803513","tract",2019,"education_state_rnk",76.4792
"24033803514","tract",2019,"education_state_rnk",91.3806
"24033803516","tract",2019,"education_state_rnk",80.8619
"24033803519","tract",2019,"education_state_rnk",75.3104
"24033803520","tract",2019,"education_state_rnk",72.3886
"24033803521","tract",2019,"education_state_rnk",75.6757
"24033803522","tract",2019,"education_state_rnk",80.1315
"24033803523","tract",2019,"education_state_rnk",44.0467
"24033803524","tract",2019,"education_state_rnk",37.2169
"24033803525","tract",2019,"education_state_rnk",37.9109
"24033803526","tract",2019,"education_state_rnk",72.6077
"24033803527","tract",2019,"education_state_rnk",63.55
"24033803601","tract",2019,"education_state_rnk",28.7071
"24033803602","tract",2019,"education_state_rnk",18.7728
"24033803605","tract",2019,"education_state_rnk",9.1308
"24033803606","tract",2019,"education_state_rnk",5.8437
"24033803607","tract",2019,"education_state_rnk",6.428
"24033803608","tract",2019,"education_state_rnk",11.6874
"24033803610","tract",2019,"education_state_rnk",16.7641
"24033803612","tract",2019,"education_state_rnk",8.4733
"24033803613","tract",2019,"education_state_rnk",10.8108
"24033803700","tract",2019,"education_state_rnk",4.1636
"24033803801","tract",2019,"education_state_rnk",1.4609
"24033803803","tract",2019,"education_state_rnk",2.8488
"24033803900","tract",2019,"education_state_rnk",0.5113
"24033804001","tract",2019,"education_state_rnk",8.8386
"24033804002","tract",2019,"education_state_rnk",7.2316
"24033804101","tract",2019,"education_state_rnk",22.279
"24033804102","tract",2019,"education_state_rnk",11.5413
"24033804200","tract",2019,"education_state_rnk",95.6903
"24033804300","tract",2019,"education_state_rnk",6.2089
"24033804400","tract",2019,"education_state_rnk",5.9898
"24033804600","tract",2019,"education_state_rnk",12.1256
"24033804700","tract",2019,"education_state_rnk",33.1264
"24033804801","tract",2019,"education_state_rnk",22.6443
"24033804802","tract",2019,"education_state_rnk",1.6801
"24033804900","tract",2019,"education_state_rnk",8.2542
"24033805000","tract",2019,"education_state_rnk",8.4003
"24033805101","tract",2019,"education_state_rnk",0.3652
"24033805201","tract",2019,"education_state_rnk",2.9218
"24033805202","tract",2019,"education_state_rnk",16.6545
"24033805500","tract",2019,"education_state_rnk",0.5844
"24033805601","tract",2019,"education_state_rnk",0.073
"24033805602","tract",2019,"education_state_rnk",0
"24033805700","tract",2019,"education_state_rnk",0.7305
"24033805801","tract",2019,"education_state_rnk",1.3879
"24033805802","tract",2019,"education_state_rnk",0.2191
"24033805904","tract",2019,"education_state_rnk",7.3776
"24033805906","tract",2019,"education_state_rnk",1.7531
"24033805907","tract",2019,"education_state_rnk",4.0906
"24033805908","tract",2019,"education_state_rnk",17.6041
"24033805909","tract",2019,"education_state_rnk",35.9386
"24033806000","tract",2019,"education_state_rnk",2.4836
"24033806100","tract",2019,"education_state_rnk",28.1958
"24033806200","tract",2019,"education_state_rnk",51.1322
"24033806300","tract",2019,"education_state_rnk",20.0511
"24033806400","tract",2019,"education_state_rnk",87.363
"24033806501","tract",2019,"education_state_rnk",0.6574
"24033806601","tract",2019,"education_state_rnk",0.1461
"24033806602","tract",2019,"education_state_rnk",1.0226
"24033806706","tract",2019,"education_state_rnk",30.7159
"24033806708","tract",2019,"education_state_rnk",58.9847
"24033806710","tract",2019,"education_state_rnk",84.149
"24033806711","tract",2019,"education_state_rnk",16.5084
"24033806712","tract",2019,"education_state_rnk",77.794
"24033806713","tract",2019,"education_state_rnk",5.3324
"24033806714","tract",2019,"education_state_rnk",11.3221
"24033806800","tract",2019,"education_state_rnk",21.4025
"24033806900","tract",2019,"education_state_rnk",10.9204
"24033807000","tract",2019,"education_state_rnk",37.3996
"24033807102","tract",2019,"education_state_rnk",26.7348
"24033807200","tract",2019,"education_state_rnk",NA
"24033807301","tract",2019,"education_state_rnk",47.2973
"24033807304","tract",2019,"education_state_rnk",7.0855
"24033807305","tract",2019,"education_state_rnk",12.637
"24033807404","tract",2019,"education_state_rnk",15.851
"24033807405","tract",2019,"education_state_rnk",39.8466
"24033807407","tract",2019,"education_state_rnk",79.5106
"24033807408","tract",2019,"education_state_rnk",81.8481
"24033807409","tract",2019,"education_state_rnk",10.336
"24033807410","tract",2019,"education_state_rnk",21.8408
"24035810100","tract",2019,"education_state_rnk",27.4653
"24035810200","tract",2019,"education_state_rnk",13.4405
"24035810300","tract",2019,"education_state_rnk",41.1249
"24035810400","tract",2019,"education_state_rnk",73.813
"24035810500","tract",2019,"education_state_rnk",34.916
"24035810600","tract",2019,"education_state_rnk",75.1644
"24035810700","tract",2019,"education_state_rnk",66.2893
"24035810800","tract",2019,"education_state_rnk",78.1592
"24035810901","tract",2019,"education_state_rnk",73.9956
"24035810902","tract",2019,"education_state_rnk",58.5829
"24035811000","tract",2019,"education_state_rnk",58.656
"24035990000","tract",2019,"education_state_rnk",NA
"24035990100","tract",2019,"education_state_rnk",NA
"24035990200","tract",2019,"education_state_rnk",NA
"24037875000","tract",2019,"education_state_rnk",64.8283
"24037875100","tract",2019,"education_state_rnk",15.9971
"24037875201","tract",2019,"education_state_rnk",37.4726
"24037875202","tract",2019,"education_state_rnk",43.3893
"24037875300","tract",2019,"education_state_rnk",30.7159
"24037875400","tract",2019,"education_state_rnk",57.3411
"24037875500","tract",2019,"education_state_rnk",42.6589
"24037875600","tract",2019,"education_state_rnk",65.157
"24037875700","tract",2019,"education_state_rnk",45.6538
"24037875801","tract",2019,"education_state_rnk",36.5961
"24037875802","tract",2019,"education_state_rnk",52.6662
"24037875901","tract",2019,"education_state_rnk",57.9985
"24037875902","tract",2019,"education_state_rnk",14.5362
"24037876001","tract",2019,"education_state_rnk",41.6362
"24037876002","tract",2019,"education_state_rnk",39.9562
"24037876100","tract",2019,"education_state_rnk",55.515
"24037876200","tract",2019,"education_state_rnk",50.767
"24037990000","tract",2019,"education_state_rnk",NA
"24039930101","tract",2019,"education_state_rnk",10.0073
"24039930102","tract",2019,"education_state_rnk",14.317
"24039930200","tract",2019,"education_state_rnk",17.6771
"24039930300","tract",2019,"education_state_rnk",56.9028
"24039930500","tract",2019,"education_state_rnk",12.4178
"24039930600","tract",2019,"education_state_rnk",12.2717
"24039980400","tract",2019,"education_state_rnk",NA
"24039990100","tract",2019,"education_state_rnk",NA
"24041960100","tract",2019,"education_state_rnk",34.6969
"24041960201","tract",2019,"education_state_rnk",97.1512
"24041960300","tract",2019,"education_state_rnk",18.4076
"24041960400","tract",2019,"education_state_rnk",34.989
"24041960501","tract",2019,"education_state_rnk",31.9942
"24041960502","tract",2019,"education_state_rnk",49.3791
"24041960600","tract",2019,"education_state_rnk",67.7502
"24041960700","tract",2019,"education_state_rnk",73.3382
"24041960800","tract",2019,"education_state_rnk",43.0972
"24041960900","tract",2019,"education_state_rnk",64.2075
"24041990000","tract",2019,"education_state_rnk",NA
"24043000100","tract",2019,"education_state_rnk",41.3806
"24043000200","tract",2019,"education_state_rnk",55.588
"24043000301","tract",2019,"education_state_rnk",10.0804
"24043000302","tract",2019,"education_state_rnk",3.7253
"24043000400","tract",2019,"education_state_rnk",28.7801
"24043000500","tract",2019,"education_state_rnk",8.9116
"24043000601","tract",2019,"education_state_rnk",17.385
"24043000602","tract",2019,"education_state_rnk",22.1695
"24043000700","tract",2019,"education_state_rnk",6.5741
"24043000800","tract",2019,"education_state_rnk",17.3119
"24043000900","tract",2019,"education_state_rnk",4.821
"24043001001","tract",2019,"education_state_rnk",31.775
"24043001002","tract",2019,"education_state_rnk",19.7955
"24043010100","tract",2019,"education_state_rnk",46.7495
"24043010200","tract",2019,"education_state_rnk",20.7451
"24043010300","tract",2019,"education_state_rnk",47.4069
"24043010400","tract",2019,"education_state_rnk",25.7852
"24043010500","tract",2019,"education_state_rnk",8.9847
"24043010600","tract",2019,"education_state_rnk",26.114
"24043010700","tract",2019,"education_state_rnk",33.8203
"24043010801","tract",2019,"education_state_rnk",49.0504
"24043010802","tract",2019,"education_state_rnk",24.4704
"24043010900","tract",2019,"education_state_rnk",31.9211
"24043011000","tract",2019,"education_state_rnk",NA
"24043011100","tract",2019,"education_state_rnk",48.2469
"24043011201","tract",2019,"education_state_rnk",33.0168
"24043011202","tract",2019,"education_state_rnk",18.0789
"24043011301","tract",2019,"education_state_rnk",29.5836
"24043011302","tract",2019,"education_state_rnk",28.2688
"24043011400","tract",2019,"education_state_rnk",28.8532
"24043011500","tract",2019,"education_state_rnk",36.523
"24043011600","tract",2019,"education_state_rnk",24.1052
"24045000100","tract",2019,"education_state_rnk",2.7757
"24045000200","tract",2019,"education_state_rnk",61.3952
"24045000300","tract",2019,"education_state_rnk",2.4105
"24045000400","tract",2019,"education_state_rnk",60.5551
"24045000500","tract",2019,"education_state_rnk",4.5289
"24045010101","tract",2019,"education_state_rnk",40.7597
"24045010102","tract",2019,"education_state_rnk",53.908
"24045010200","tract",2019,"education_state_rnk",3.9445
"24045010300","tract",2019,"education_state_rnk",57.195
"24045010400","tract",2019,"education_state_rnk",33.7473
"24045010501","tract",2019,"education_state_rnk",25.6392
"24045010502","tract",2019,"education_state_rnk",17.9693
"24045010603","tract",2019,"education_state_rnk",30.4602
"24045010604","tract",2019,"education_state_rnk",13.5135
"24045010605","tract",2019,"education_state_rnk",66.1432
"24045010606","tract",2019,"education_state_rnk",18.1885
"24045010701","tract",2019,"education_state_rnk",24.0321
"24045010702","tract",2019,"education_state_rnk",13.8787
"24045010800","tract",2019,"education_state_rnk",44.485
"24047950000","tract",2019,"education_state_rnk",51.9722
"24047950100","tract",2019,"education_state_rnk",79.8393
"24047950300","tract",2019,"education_state_rnk",38.3492
"24047950400","tract",2019,"education_state_rnk",47.2973
"24047950600","tract",2019,"education_state_rnk",53.1775
"24047950700","tract",2019,"education_state_rnk",55.4419
"24047950800","tract",2019,"education_state_rnk",29.9489
"24047950900","tract",2019,"education_state_rnk",51.6435
"24047951000","tract",2019,"education_state_rnk",27.1366
"24047951100","tract",2019,"education_state_rnk",82.8342
"24047951200","tract",2019,"education_state_rnk",14.4266
"24047951300","tract",2019,"education_state_rnk",18.0789
"24047951400","tract",2019,"education_state_rnk",26.114
"24047951500","tract",2019,"education_state_rnk",15.3397
"24047951700","tract",2019,"education_state_rnk",39.0431
"24047980000","tract",2019,"education_state_rnk",NA
"24047990000","tract",2019,"education_state_rnk",NA
"24510010100","tract",2019,"education_state_rnk",98.2469
"24510010200","tract",2019,"education_state_rnk",97.2243
"24510010300","tract",2019,"education_state_rnk",97.0782
"24510010400","tract",2019,"education_state_rnk",99.4887
"24510010500","tract",2019,"education_state_rnk",96.4938
"24510020100","tract",2019,"education_state_rnk",93.572
"24510020200","tract",2019,"education_state_rnk",91.6728
"24510020300","tract",2019,"education_state_rnk",99.7078
"24510030100","tract",2019,"education_state_rnk",9.7882
"24510030200","tract",2019,"education_state_rnk",89.8466
"24510040100","tract",2019,"education_state_rnk",97.5164
"24510040200","tract",2019,"education_state_rnk",NA
"24510060100","tract",2019,"education_state_rnk",28.4879
"24510060200","tract",2019,"education_state_rnk",34.4777
"24510060300","tract",2019,"education_state_rnk",53.5427
"24510060400","tract",2019,"education_state_rnk",73.2652
"24510070100","tract",2019,"education_state_rnk",4.748
"24510070200","tract",2019,"education_state_rnk",5.1132
"24510070300","tract",2019,"education_state_rnk",13.0387
"24510070400","tract",2019,"education_state_rnk",22.4251
"24510080101","tract",2019,"education_state_rnk",53.3966
"24510080102","tract",2019,"education_state_rnk",6.1359
"24510080200","tract",2019,"education_state_rnk",8.7655
"24510080301","tract",2019,"education_state_rnk",14.0979
"24510080302","tract",2019,"education_state_rnk",9.4229
"24510080400","tract",2019,"education_state_rnk",11.4682
"24510080500","tract",2019,"education_state_rnk",2.3375
"24510080600","tract",2019,"education_state_rnk",7.4872
"24510080700","tract",2019,"education_state_rnk",60.263
"24510080800","tract",2019,"education_state_rnk",3.141
"24510090100","tract",2019,"education_state_rnk",15.6318
"24510090200","tract",2019,"education_state_rnk",52.5566
"24510090300","tract",2019,"education_state_rnk",23.3747
"24510090400","tract",2019,"education_state_rnk",9.0577
"24510090500","tract",2019,"education_state_rnk",19.6859
"24510090600","tract",2019,"education_state_rnk",7.1585
"24510090700","tract",2019,"education_state_rnk",7.0124
"24510090800","tract",2019,"education_state_rnk",5.2593
"24510090900","tract",2019,"education_state_rnk",5.6245
"24510100100","tract",2019,"education_state_rnk",10.4456
"24510100200","tract",2019,"education_state_rnk",3.5062
"24510100300","tract",2019,"education_state_rnk",NA
"24510110100","tract",2019,"education_state_rnk",94.2659
"24510110200","tract",2019,"education_state_rnk",90.5771
"24510120100","tract",2019,"education_state_rnk",95.7633
"24510120201","tract",2019,"education_state_rnk",79.5106
"24510120202","tract",2019,"education_state_rnk",NA
"24510120300","tract",2019,"education_state_rnk",68.4076
"24510120400","tract",2019,"education_state_rnk",25.7122
"24510120500","tract",2019,"education_state_rnk",57.5603
"24510120600","tract",2019,"education_state_rnk",57.4142
"24510120700","tract",2019,"education_state_rnk",67.8598
"24510130100","tract",2019,"education_state_rnk",43.5354
"24510130200","tract",2019,"education_state_rnk",33.8934
"24510130300","tract",2019,"education_state_rnk",17.2389
"24510130400","tract",2019,"education_state_rnk",20.4529
"24510130600","tract",2019,"education_state_rnk",94.8868
"24510130700","tract",2019,"education_state_rnk",94.6676
"24510130803","tract",2019,"education_state_rnk",76.1505
"24510130804","tract",2019,"education_state_rnk",63.9153
"24510130805","tract",2019,"education_state_rnk",84.3682
"24510130806","tract",2019,"education_state_rnk",69.905
"24510140100","tract",2019,"education_state_rnk",81.5194
"24510140200","tract",2019,"education_state_rnk",9.569
"24510140300","tract",2019,"education_state_rnk",22.5712
"24510150100","tract",2019,"education_state_rnk",11.2491
"24510150200","tract",2019,"education_state_rnk",8.5464
"24510150300","tract",2019,"education_state_rnk",12.9291
"24510150400","tract",2019,"education_state_rnk",13.1483
"24510150500","tract",2019,"education_state_rnk",6.0628
"24510150600","tract",2019,"education_state_rnk",15.0475
"24510150701","tract",2019,"education_state_rnk",61.6508
"24510150702","tract",2019,"education_state_rnk",34.1125
"24510150800","tract",2019,"education_state_rnk",38.2761
"24510150900","tract",2019,"education_state_rnk",19.9416
"24510151000","tract",2019,"education_state_rnk",21.5486
"24510151100","tract",2019,"education_state_rnk",27.6114
"24510151200","tract",2019,"education_state_rnk",15.5588
"24510151300","tract",2019,"education_state_rnk",3.4332
"24510160100","tract",2019,"education_state_rnk",1.2418
"24510160200","tract",2019,"education_state_rnk",8.6925
"24510160300","tract",2019,"education_state_rnk",3.2871
"24510160400","tract",2019,"education_state_rnk",2.1914
"24510160500","tract",2019,"education_state_rnk",8.1812
"24510160600","tract",2019,"education_state_rnk",20.2337
"24510160700","tract",2019,"education_state_rnk",10.6647
"24510160801","tract",2019,"education_state_rnk",17.1658
"24510160802","tract",2019,"education_state_rnk",15.1205
"24510170100","tract",2019,"education_state_rnk",37.8013
"24510170200","tract",2019,"education_state_rnk",2.0453
"24510170300","tract",2019,"education_state_rnk",21.6947
"24510180100","tract",2019,"education_state_rnk",2.2644
"24510180200","tract",2019,"education_state_rnk",21.4755
"24510180300","tract",2019,"education_state_rnk",43.645
"24510190100","tract",2019,"education_state_rnk",1.9722
"24510190200","tract",2019,"education_state_rnk",11.9065
"24510190300","tract",2019,"education_state_rnk",1.8992
"24510200100","tract",2019,"education_state_rnk",3.3601
"24510200200","tract",2019,"education_state_rnk",3.214
"24510200300","tract",2019,"education_state_rnk",4.3828
"24510200400","tract",2019,"education_state_rnk",5.9167
"24510200500","tract",2019,"education_state_rnk",0.8766
"24510200600","tract",2019,"education_state_rnk",12.71
"24510200701","tract",2019,"education_state_rnk",7.5968
"24510200702","tract",2019,"education_state_rnk",23.3747
"24510200800","tract",2019,"education_state_rnk",9.8612
"24510210100","tract",2019,"education_state_rnk",60.6647
"24510210200","tract",2019,"education_state_rnk",22.9364
"24510220100","tract",2019,"education_state_rnk",94.0467
"24510230100","tract",2019,"education_state_rnk",82.9072
"24510230200","tract",2019,"education_state_rnk",95.9825
"24510230300","tract",2019,"education_state_rnk",99.1965
"24510240100","tract",2019,"education_state_rnk",98.8313
"24510240200","tract",2019,"education_state_rnk",99.5617
"24510240300","tract",2019,"education_state_rnk",98.6852
"24510240400","tract",2019,"education_state_rnk",93.718
"24510250101","tract",2019,"education_state_rnk",44.2659
"24510250102","tract",2019,"education_state_rnk",11.103
"24510250103","tract",2019,"education_state_rnk",11.8335
"24510250203","tract",2019,"education_state_rnk",16.1432
"24510250204","tract",2019,"education_state_rnk",0.9496
"24510250205","tract",2019,"education_state_rnk",4.8941
"24510250206","tract",2019,"education_state_rnk",34.5873
"24510250207","tract",2019,"education_state_rnk",11.9795
"24510250301","tract",2019,"education_state_rnk",2.5566
"24510250303","tract",2019,"education_state_rnk",12.5639
"24510250401","tract",2019,"education_state_rnk",4.6019
"24510250402","tract",2019,"education_state_rnk",7.9985
"24510250500","tract",2019,"education_state_rnk",3.0679
"24510250600","tract",2019,"education_state_rnk",NA
"24510260101","tract",2019,"education_state_rnk",32.9438
"24510260102","tract",2019,"education_state_rnk",27.5383
"24510260201","tract",2019,"education_state_rnk",18.6267
"24510260202","tract",2019,"education_state_rnk",15.4858
"24510260203","tract",2019,"education_state_rnk",38.4953
"24510260301","tract",2019,"education_state_rnk",7.6698
"24510260302","tract",2019,"education_state_rnk",20.1607
"24510260303","tract",2019,"education_state_rnk",12.3448
"24510260401","tract",2019,"education_state_rnk",0.4383
"24510260402","tract",2019,"education_state_rnk",16.7641
"24510260403","tract",2019,"education_state_rnk",12.1987
"24510260404","tract",2019,"education_state_rnk",1.3148
"24510260501","tract",2019,"education_state_rnk",12.8561
"24510260604","tract",2019,"education_state_rnk",2.7027
"24510260605","tract",2019,"education_state_rnk",1.607
"24510260700","tract",2019,"education_state_rnk",17.0197
"24510260800","tract",2019,"education_state_rnk",5.5515
"24510260900","tract",2019,"education_state_rnk",96.2747
"24510261000","tract",2019,"education_state_rnk",5.6976
"24510261100","tract",2019,"education_state_rnk",98.9043
"24510270101","tract",2019,"education_state_rnk",43.9737
"24510270102","tract",2019,"education_state_rnk",19.5763
"24510270200","tract",2019,"education_state_rnk",66.9467
"24510270301","tract",2019,"education_state_rnk",53.4697
"24510270302","tract",2019,"education_state_rnk",49.3061
"24510270401","tract",2019,"education_state_rnk",25.347
"24510270402","tract",2019,"education_state_rnk",39.2988
"24510270501","tract",2019,"education_state_rnk",60.6647
"24510270502","tract",2019,"education_state_rnk",45.7999
"24510270600","tract",2019,"education_state_rnk",65.5588
"24510270701","tract",2019,"education_state_rnk",26.8809
"24510270702","tract",2019,"education_state_rnk",44.1198
"24510270703","tract",2019,"education_state_rnk",82.0307
"24510270801","tract",2019,"education_state_rnk",36.3039
"24510270802","tract",2019,"education_state_rnk",29.5106
"24510270803","tract",2019,"education_state_rnk",31.6289
"24510270804","tract",2019,"education_state_rnk",55.8072
"24510270805","tract",2019,"education_state_rnk",37.2169
"24510270901","tract",2019,"education_state_rnk",30.8254
"24510270902","tract",2019,"education_state_rnk",19.8685
"24510270903","tract",2019,"education_state_rnk",NA
"24510271001","tract",2019,"education_state_rnk",18.5537
"24510271002","tract",2019,"education_state_rnk",6.7202
"24510271101","tract",2019,"education_state_rnk",66.9467
"24510271102","tract",2019,"education_state_rnk",NA
"24510271200","tract",2019,"education_state_rnk",96.7129
"24510271300","tract",2019,"education_state_rnk",99.1234
"24510271400","tract",2019,"education_state_rnk",97.7356
"24510271501","tract",2019,"education_state_rnk",89.9196
"24510271503","tract",2019,"education_state_rnk",98.5391
"24510271600","tract",2019,"education_state_rnk",18.7728
"24510271700","tract",2019,"education_state_rnk",31.4828
"24510271801","tract",2019,"education_state_rnk",22.8634
"24510271802","tract",2019,"education_state_rnk",5.0037
"24510271900","tract",2019,"education_state_rnk",51.5705
"24510272003","tract",2019,"education_state_rnk",36.3769
"24510272004","tract",2019,"education_state_rnk",84.8064
"24510272005","tract",2019,"education_state_rnk",52.4105
"24510272006","tract",2019,"education_state_rnk",22.4982
"24510272007","tract",2019,"education_state_rnk",44.1928
"24510280101","tract",2019,"education_state_rnk",16.9467
"24510280102","tract",2019,"education_state_rnk",52.8123
"24510280200","tract",2019,"education_state_rnk",50.6209
"24510280301","tract",2019,"education_state_rnk",39.5544
"24510280302","tract",2019,"education_state_rnk",27.2462
"24510280401","tract",2019,"education_state_rnk",45.0694
"24510280402","tract",2019,"education_state_rnk",43.1702
"24510280403","tract",2019,"education_state_rnk",55.8802
"24510280404","tract",2019,"education_state_rnk",14.6822
"24510280500","tract",2019,"education_state_rnk",1.8262
