"geoid","geolevel","year","level","value"
"40001376600","tract",2019,"education_score",79.05
"40001376700","tract",2019,"education_score",86.76
"40001376800","tract",2019,"education_score",80.84
"40001376900","tract",2019,"education_score",71.02
"40001377000","tract",2019,"education_score",78.96
"40003955600","tract",2019,"education_score",99.47
"40003955700","tract",2019,"education_score",99.89
"40003956000","tract",2019,"education_score",NA
"40005587600","tract",2019,"education_score",NA
"40005587700","tract",2019,"education_score",77.65
"40005587800","tract",2019,"education_score",89.49
"40005587900","tract",2019,"education_score",89.18
"40007951600","tract",2019,"education_score",84.76
"40007951700","tract",2019,"education_score",89.18
"40007951800","tract",2019,"education_score",74.36
"40009966100","tract",2019,"education_score",91.46
"40009966200","tract",2019,"education_score",85.8
"40009966500","tract",2019,"education_score",94.55
"40009966800","tract",2019,"education_score",90.42
"40011958600","tract",2019,"education_score",77.48
"40011958700","tract",2019,"education_score",101.63
"40011958800","tract",2019,"education_score",93.72
"40011958900","tract",2019,"education_score",NA
"40011959000","tract",2019,"education_score",91.87
"40013795600","tract",2019,"education_score",96.35
"40013795700","tract",2019,"education_score",87.34
"40013795900","tract",2019,"education_score",97.33
"40013796001","tract",2019,"education_score",90.98
"40013796002","tract",2019,"education_score",96.43
"40013796100","tract",2019,"education_score",94.31
"40013796200","tract",2019,"education_score",91.06
"40013796300","tract",2019,"education_score",90.82
"40013796400","tract",2019,"education_score",65.39
"40013796500","tract",2019,"education_score",86.74
"40013796600","tract",2019,"education_score",88.09
"40015161600","tract",2019,"education_score",79.13
"40015161700","tract",2019,"education_score",85.41
"40015161800","tract",2019,"education_score",83.12
"40015161900","tract",2019,"education_score",93.39
"40015162000","tract",2019,"education_score",97.38
"40015162100","tract",2019,"education_score",84.57
"40015162200","tract",2019,"education_score",100.16
"40015162300","tract",2019,"education_score",89.54
"40017300100","tract",2019,"education_score",94.03
"40017300201","tract",2019,"education_score",99.07
"40017300202","tract",2019,"education_score",90.79
"40017300300","tract",2019,"education_score",81.19
"40017300400","tract",2019,"education_score",74.98
"40017300500","tract",2019,"education_score",86.92
"40017300600","tract",2019,"education_score",105.5
"40017300700","tract",2019,"education_score",89.24
"40017300801","tract",2019,"education_score",100.92
"40017300802","tract",2019,"education_score",107.09
"40017300901","tract",2019,"education_score",101.55
"40017300902","tract",2019,"education_score",103.32
"40017300904","tract",2019,"education_score",86.18
"40017300905","tract",2019,"education_score",103.29
"40017301001","tract",2019,"education_score",107.04
"40017301003","tract",2019,"education_score",104.98
"40017301006","tract",2019,"education_score",90.89
"40017301007","tract",2019,"education_score",99.33
"40017301008","tract",2019,"education_score",105.04
"40017301009","tract",2019,"education_score",100.59
"40017301100","tract",2019,"education_score",100.31
"40017301201","tract",2019,"education_score",96.39
"40017301202","tract",2019,"education_score",96.38
"40017301300","tract",2019,"education_score",107.81
"40017301406","tract",2019,"education_score",108.17
"40017301407","tract",2019,"education_score",104.14
"40017301408","tract",2019,"education_score",113.39
"40017301409","tract",2019,"education_score",100.38
"40017301410","tract",2019,"education_score",99.87
"40019892100","tract",2019,"education_score",91.31
"40019892200","tract",2019,"education_score",85.59
"40019892300","tract",2019,"education_score",83.97
"40019892400","tract",2019,"education_score",93.42
"40019892500","tract",2019,"education_score",96.32
"40019892600","tract",2019,"education_score",98.6
"40019892700","tract",2019,"education_score",99.91
"40019892800","tract",2019,"education_score",71.41
"40019892900","tract",2019,"education_score",92.98
"40019893000","tract",2019,"education_score",98.5
"40019893100","tract",2019,"education_score",84.09
"40021977600","tract",2019,"education_score",93.15
"40021977700","tract",2019,"education_score",90.07
"40021977800","tract",2019,"education_score",94.59
"40021977900","tract",2019,"education_score",91.47
"40021978000","tract",2019,"education_score",86.55
"40021978100","tract",2019,"education_score",90.92
"40021978201","tract",2019,"education_score",95.15
"40021978202","tract",2019,"education_score",96.08
"40021978300","tract",2019,"education_score",89.04
"40023966900","tract",2019,"education_score",87.84
"40023967000","tract",2019,"education_score",95.58
"40023967100","tract",2019,"education_score",77.36
"40023967200","tract",2019,"education_score",78.5
"40023967300","tract",2019,"education_score",83.39
"40025950100","tract",2019,"education_score",85.04
"40025950300","tract",2019,"education_score",84.19
"40027200100","tract",2019,"education_score",123.62
"40027200200","tract",2019,"education_score",90.5
"40027200300","tract",2019,"education_score",76.62
"40027200400","tract",2019,"education_score",97.85
"40027200500","tract",2019,"education_score",108.76
"40027200601","tract",2019,"education_score",95.94
"40027200602","tract",2019,"education_score",106.54
"40027200700","tract",2019,"education_score",NA
"40027200800","tract",2019,"education_score",104.86
"40027200900","tract",2019,"education_score",106.94
"40027201000","tract",2019,"education_score",104.07
"40027201101","tract",2019,"education_score",115.58
"40027201102","tract",2019,"education_score",112.13
"40027201201","tract",2019,"education_score",102.52
"40027201202","tract",2019,"education_score",NA
"40027201203","tract",2019,"education_score",108.93
"40027201301","tract",2019,"education_score",101.54
"40027201403","tract",2019,"education_score",111.36
"40027201404","tract",2019,"education_score",107.56
"40027201405","tract",2019,"education_score",111.11
"40027201505","tract",2019,"education_score",115.33
"40027201507","tract",2019,"education_score",108.08
"40027201508","tract",2019,"education_score",99.44
"40027201509","tract",2019,"education_score",111.72
"40027201510","tract",2019,"education_score",117.4
"40027201602","tract",2019,"education_score",85.25
"40027201603","tract",2019,"education_score",96.46
"40027201604","tract",2019,"education_score",103.62
"40027201607","tract",2019,"education_score",103.14
"40027201609","tract",2019,"education_score",109.12
"40027201610","tract",2019,"education_score",105.79
"40027201611","tract",2019,"education_score",106.47
"40027201612","tract",2019,"education_score",104.53
"40027201700","tract",2019,"education_score",101.58
"40027201801","tract",2019,"education_score",110.84
"40027201802","tract",2019,"education_score",109.5
"40027201902","tract",2019,"education_score",103.92
"40027201903","tract",2019,"education_score",88.69
"40027201904","tract",2019,"education_score",102.15
"40027202002","tract",2019,"education_score",106.33
"40027202004","tract",2019,"education_score",103.01
"40027202005","tract",2019,"education_score",93.09
"40027202006","tract",2019,"education_score",113.17
"40027202007","tract",2019,"education_score",96.44
"40027202008","tract",2019,"education_score",105.8
"40027202102","tract",2019,"education_score",92.91
"40027202104","tract",2019,"education_score",99.88
"40027202105","tract",2019,"education_score",100.32
"40027202106","tract",2019,"education_score",102.47
"40027202107","tract",2019,"education_score",109.79
"40027202201","tract",2019,"education_score",103.9
"40027202203","tract",2019,"education_score",110.67
"40027202205","tract",2019,"education_score",99.27
"40027202206","tract",2019,"education_score",105.04
"40027202301","tract",2019,"education_score",104.22
"40027202302","tract",2019,"education_score",97.67
"40027202402","tract",2019,"education_score",89.13
"40027202403","tract",2019,"education_score",104.15
"40027202404","tract",2019,"education_score",92.57
"40027202405","tract",2019,"education_score",NA
"40027202500","tract",2019,"education_score",92.23
"40027202600","tract",2019,"education_score",84.3
"40029388100","tract",2019,"education_score",91.29
"40029388200","tract",2019,"education_score",73.63
"40031000100","tract",2019,"education_score",82.28
"40031000200","tract",2019,"education_score",96.5
"40031000300","tract",2019,"education_score",94.4
"40031000401","tract",2019,"education_score",93.76
"40031000402","tract",2019,"education_score",102.16
"40031000403","tract",2019,"education_score",103.3
"40031000501","tract",2019,"education_score",101.8
"40031000502","tract",2019,"education_score",103.84
"40031000600","tract",2019,"education_score",89.69
"40031000700","tract",2019,"education_score",97.33
"40031000800","tract",2019,"education_score",78.96
"40031000900","tract",2019,"education_score",94.89
"40031001000","tract",2019,"education_score",96.11
"40031001100","tract",2019,"education_score",104.86
"40031001400","tract",2019,"education_score",89.27
"40031001500","tract",2019,"education_score",68.15
"40031001600","tract",2019,"education_score",68.88
"40031001700","tract",2019,"education_score",72.63
"40031001901","tract",2019,"education_score",109.05
"40031001902","tract",2019,"education_score",86.96
"40031002001","tract",2019,"education_score",98.52
"40031002003","tract",2019,"education_score",101.93
"40031002004","tract",2019,"education_score",97.38
"40031002005","tract",2019,"education_score",NA
"40031002100","tract",2019,"education_score",95.05
"40031002200","tract",2019,"education_score",100.97
"40031002301","tract",2019,"education_score",107.06
"40031002302","tract",2019,"education_score",97.65
"40031002401","tract",2019,"education_score",NA
"40031002403","tract",2019,"education_score",NA
"40031002404","tract",2019,"education_score",NA
"40031002500","tract",2019,"education_score",87.5
"40033871100","tract",2019,"education_score",82.64
"40033871200","tract",2019,"education_score",98.88
"40035373100","tract",2019,"education_score",88.74
"40035373200","tract",2019,"education_score",97.3
"40035373300","tract",2019,"education_score",87.23
"40035373400","tract",2019,"education_score",96.38
"40035373500","tract",2019,"education_score",90.3
"40037020101","tract",2019,"education_score",97.76
"40037020102","tract",2019,"education_score",77.16
"40037020103","tract",2019,"education_score",106
"40037020601","tract",2019,"education_score",91.28
"40037020602","tract",2019,"education_score",84.42
"40037020702","tract",2019,"education_score",94.53
"40037020704","tract",2019,"education_score",86.14
"40037020705","tract",2019,"education_score",88.3
"40037020706","tract",2019,"education_score",97.47
"40037020707","tract",2019,"education_score",103.19
"40037020800","tract",2019,"education_score",82.32
"40037020900","tract",2019,"education_score",101.94
"40037021000","tract",2019,"education_score",82.29
"40037021101","tract",2019,"education_score",88.89
"40037021102","tract",2019,"education_score",84.66
"40037021201","tract",2019,"education_score",102.15
"40037021202","tract",2019,"education_score",93.57
"40037021300","tract",2019,"education_score",84.41
"40037021400","tract",2019,"education_score",97.19
"40037021500","tract",2019,"education_score",95.6
"40037021600","tract",2019,"education_score",101.87
"40039950800","tract",2019,"education_score",61.95
"40039960400","tract",2019,"education_score",90.61
"40039960600","tract",2019,"education_score",92.89
"40039960700","tract",2019,"education_score",103.83
"40039961000","tract",2019,"education_score",87.74
"40041375601","tract",2019,"education_score",97.99
"40041375602","tract",2019,"education_score",91.56
"40041375700","tract",2019,"education_score",100.97
"40041375801","tract",2019,"education_score",99.53
"40041375802","tract",2019,"education_score",101.66
"40041375900","tract",2019,"education_score",75.72
"40041376000","tract",2019,"education_score",80.96
"40041376100","tract",2019,"education_score",76.87
"40041976200","tract",2019,"education_score",86.64
"40043959100","tract",2019,"education_score",89.84
"40043959200","tract",2019,"education_score",103.53
"40043959300","tract",2019,"education_score",96.29
"40045952600","tract",2019,"education_score",89.86
"40045952800","tract",2019,"education_score",95.77
"40047000100","tract",2019,"education_score",75.71
"40047000200","tract",2019,"education_score",89.33
"40047000600","tract",2019,"education_score",95.97
"40047000700","tract",2019,"education_score",69
"40047001100","tract",2019,"education_score",100.64
"40047001200","tract",2019,"education_score",97.8
"40047001300","tract",2019,"education_score",111.7
"40047001401","tract",2019,"education_score",101.97
"40047001402","tract",2019,"education_score",105.24
"40047001500","tract",2019,"education_score",74.68
"40047001601","tract",2019,"education_score",103.26
"40047001602","tract",2019,"education_score",97.32
"40049681100","tract",2019,"education_score",90.56
"40049681200","tract",2019,"education_score",91.24
"40049681300","tract",2019,"education_score",81.7
"40049681400","tract",2019,"education_score",88.07
"40049681500","tract",2019,"education_score",94.73
"40049681600","tract",2019,"education_score",90.78
"40049681700","tract",2019,"education_score",90.96
"40049681800","tract",2019,"education_score",93.36
"40049681900","tract",2019,"education_score",89.28
"40051000100","tract",2019,"education_score",74.19
"40051000400","tract",2019,"education_score",86.45
"40051000500","tract",2019,"education_score",101.09
"40051000600","tract",2019,"education_score",91.27
"40051000700","tract",2019,"education_score",90.97
"40051000800","tract",2019,"education_score",98.5
"40051000901","tract",2019,"education_score",94.43
"40051000902","tract",2019,"education_score",97.2
"40051000903","tract",2019,"education_score",100.68
"40051001000","tract",2019,"education_score",89.15
"40053956400","tract",2019,"education_score",94.49
"40053956500","tract",2019,"education_score",95.84
"40055967100","tract",2019,"education_score",NA
"40055967200","tract",2019,"education_score",82.97
"40057967800","tract",2019,"education_score",79.65
"40059952100","tract",2019,"education_score",84.45
"40059952200","tract",2019,"education_score",77.91
"40061279100","tract",2019,"education_score",84.05
"40061279200","tract",2019,"education_score",85.49
"40061279300","tract",2019,"education_score",94.68
"40061279400","tract",2019,"education_score",86.98
"40063484600","tract",2019,"education_score",89.14
"40063484700","tract",2019,"education_score",88.89
"40063484800","tract",2019,"education_score",NA
"40063484900","tract",2019,"education_score",95.48
"40063485000","tract",2019,"education_score",83.02
"40065968100","tract",2019,"education_score",94.68
"40065968200","tract",2019,"education_score",83.2
"40065968300","tract",2019,"education_score",87.25
"40065968400","tract",2019,"education_score",107.22
"40065968500","tract",2019,"education_score",98.13
"40065968600","tract",2019,"education_score",67.96
"40065968700","tract",2019,"education_score",70.62
"40065968800","tract",2019,"education_score",68.72
"40067371600","tract",2019,"education_score",83.25
"40067371700","tract",2019,"education_score",75.5
"40067371800","tract",2019,"education_score",93.96
"40069660198","tract",2019,"education_score",87.98
"40069660200","tract",2019,"education_score",91.31
"40069660300","tract",2019,"education_score",84.16
"40071000100","tract",2019,"education_score",84.54
"40071000201","tract",2019,"education_score",91.27
"40071000202","tract",2019,"education_score",97.35
"40071000300","tract",2019,"education_score",104.97
"40071000400","tract",2019,"education_score",78.67
"40071000500","tract",2019,"education_score",78.71
"40071000600","tract",2019,"education_score",91.94
"40071001100","tract",2019,"education_score",89.13
"40071001200","tract",2019,"education_score",87.08
"40071001301","tract",2019,"education_score",84.32
"40071001302","tract",2019,"education_score",95.77
"40073958100","tract",2019,"education_score",85.15
"40073958200","tract",2019,"education_score",98.17
"40073958300","tract",2019,"education_score",84.87
"40073958400","tract",2019,"education_score",102.98
"40075963600","tract",2019,"education_score",99.35
"40075963700","tract",2019,"education_score",84.4
"40075964200","tract",2019,"education_score",88.96
"40077087100","tract",2019,"education_score",90.21
"40077087200","tract",2019,"education_score",86.71
"40077087300","tract",2019,"education_score",92.45
"40079040102","tract",2019,"education_score",85.93
"40079040198","tract",2019,"education_score",77.8
"40079040299","tract",2019,"education_score",81.55
"40079040301","tract",2019,"education_score",81.7
"40079040302","tract",2019,"education_score",90.16
"40079040303","tract",2019,"education_score",87.05
"40079040401","tract",2019,"education_score",87.11
"40079040402","tract",2019,"education_score",75.98
"40079040500","tract",2019,"education_score",93.73
"40079040601","tract",2019,"education_score",78.2
"40079040602","tract",2019,"education_score",82.48
"40079040700","tract",2019,"education_score",91.57
"40081961100","tract",2019,"education_score",93.09
"40081961200","tract",2019,"education_score",85.34
"40081961300","tract",2019,"education_score",88.08
"40081961400","tract",2019,"education_score",93.37
"40081961500","tract",2019,"education_score",94.31
"40081961600","tract",2019,"education_score",93.5
"40081961700","tract",2019,"education_score",89.52
"40083600100","tract",2019,"education_score",90.37
"40083600200","tract",2019,"education_score",83.91
"40083600300","tract",2019,"education_score",92.74
"40083600400","tract",2019,"education_score",100.51
"40083600500","tract",2019,"education_score",103.03
"40083600600","tract",2019,"education_score",91.88
"40083600700","tract",2019,"education_score",97.83
"40083600800","tract",2019,"education_score",107.43
"40085094100","tract",2019,"education_score",68.31
"40085094200","tract",2019,"education_score",83
"40085094300","tract",2019,"education_score",82.12
"40087400101","tract",2019,"education_score",99.92
"40087400102","tract",2019,"education_score",95.48
"40087400201","tract",2019,"education_score",94.45
"40087400202","tract",2019,"education_score",95.83
"40087400300","tract",2019,"education_score",81.57
"40087400400","tract",2019,"education_score",100.57
"40089098200","tract",2019,"education_score",88.07
"40089098300","tract",2019,"education_score",84.79
"40089098400","tract",2019,"education_score",81.88
"40089098500","tract",2019,"education_score",90.75
"40089098600","tract",2019,"education_score",66.2
"40089098700","tract",2019,"education_score",86.74
"40089098800","tract",2019,"education_score",90.02
"40089098900","tract",2019,"education_score",79.32
"40091779600","tract",2019,"education_score",89.66
"40091779700","tract",2019,"education_score",86.48
"40091779900","tract",2019,"education_score",90.39
"40091780100","tract",2019,"education_score",93.71
"40091780200","tract",2019,"education_score",83.14
"40091780300","tract",2019,"education_score",99.79
"40093955100","tract",2019,"education_score",88.72
"40093955200","tract",2019,"education_score",112.04
"40093955300","tract",2019,"education_score",93.78
"40095094698","tract",2019,"education_score",79.37
"40095094700","tract",2019,"education_score",58.65
"40095094801","tract",2019,"education_score",91.66
"40095094802","tract",2019,"education_score",93.43
"40097040100","tract",2019,"education_score",85.3
"40097040200","tract",2019,"education_score",97.58
"40097040300","tract",2019,"education_score",99.87
"40097040400","tract",2019,"education_score",82.43
"40097040501","tract",2019,"education_score",83.99
"40097040502","tract",2019,"education_score",87.78
"40097040600","tract",2019,"education_score",88.93
"40097040700","tract",2019,"education_score",85.85
"40097040800","tract",2019,"education_score",91.77
"40099790600","tract",2019,"education_score",94.32
"40099790700","tract",2019,"education_score",85.99
"40099790800","tract",2019,"education_score",84.61
"40101000100","tract",2019,"education_score",96.2
"40101000200","tract",2019,"education_score",78.9
"40101000300","tract",2019,"education_score",84.08
"40101000400","tract",2019,"education_score",89.87
"40101000600","tract",2019,"education_score",87.41
"40101000700","tract",2019,"education_score",66.82
"40101000801","tract",2019,"education_score",98.44
"40101000802","tract",2019,"education_score",101.25
"40101000900","tract",2019,"education_score",94.99
"40101001000","tract",2019,"education_score",94.09
"40101001100","tract",2019,"education_score",91.46
"40101001200","tract",2019,"education_score",NA
"40101001300","tract",2019,"education_score",91.26
"40101001400","tract",2019,"education_score",98.64
"40101001500","tract",2019,"education_score",80.53
"40101001600","tract",2019,"education_score",87.4
"40103956600","tract",2019,"education_score",92.85
"40103956900","tract",2019,"education_score",104.67
"40103957000","tract",2019,"education_score",96.17
"40103957100","tract",2019,"education_score",100.47
"40105172100","tract",2019,"education_score",94.95
"40105172200","tract",2019,"education_score",96.02
"40105172300","tract",2019,"education_score",97.26
"40105172400","tract",2019,"education_score",88.19
"40107080600","tract",2019,"education_score",86.8
"40107080700","tract",2019,"education_score",85.97
"40107080900","tract",2019,"education_score",78.15
"40107081000","tract",2019,"education_score",89
"40109100100","tract",2019,"education_score",110.71
"40109100200","tract",2019,"education_score",94.66
"40109100300","tract",2019,"education_score",126.52
"40109100400","tract",2019,"education_score",80.49
"40109100500","tract",2019,"education_score",94.39
"40109100600","tract",2019,"education_score",131.81
"40109100700","tract",2019,"education_score",115.16
"40109100800","tract",2019,"education_score",104.54
"40109100900","tract",2019,"education_score",115.19
"40109101000","tract",2019,"education_score",NA
"40109101100","tract",2019,"education_score",116.78
"40109101200","tract",2019,"education_score",120.21
"40109101300","tract",2019,"education_score",85.84
"40109101400","tract",2019,"education_score",82.36
"40109101500","tract",2019,"education_score",114.47
"40109101600","tract",2019,"education_score",118.1
"40109101700","tract",2019,"education_score",123.74
"40109101800","tract",2019,"education_score",127.22
"40109101900","tract",2019,"education_score",101.39
"40109102000","tract",2019,"education_score",97.16
"40109102100","tract",2019,"education_score",99.11
"40109102200","tract",2019,"education_score",59.77
"40109102300","tract",2019,"education_score",99.59
"40109102400","tract",2019,"education_score",71.71
"40109102500","tract",2019,"education_score",121.83
"40109102600","tract",2019,"education_score",108.74
"40109102700","tract",2019,"education_score",NA
"40109102800","tract",2019,"education_score",76.56
"40109102900","tract",2019,"education_score",108.09
"40109103000","tract",2019,"education_score",120.62
"40109103200","tract",2019,"education_score",NA
"40109103300","tract",2019,"education_score",63.05
"40109103400","tract",2019,"education_score",41.06
"40109103500","tract",2019,"education_score",NA
"40109103601","tract",2019,"education_score",128.93
"40109103602","tract",2019,"education_score",NA
"40109103700","tract",2019,"education_score",NA
"40109103800","tract",2019,"education_score",139.95
"40109103900","tract",2019,"education_score",44.4
"40109104000","tract",2019,"education_score",23.97
"40109104100","tract",2019,"education_score",61.78
"40109104200","tract",2019,"education_score",24.08
"40109104300","tract",2019,"education_score",66.43
"40109104400","tract",2019,"education_score",27.57
"40109104500","tract",2019,"education_score",22.29
"40109104600","tract",2019,"education_score",43.63
"40109104700","tract",2019,"education_score",59.97
"40109104800","tract",2019,"education_score",49.5
"40109104900","tract",2019,"education_score",29.44
"40109105000","tract",2019,"education_score",33.48
"40109105100","tract",2019,"education_score",119.72
"40109105201","tract",2019,"education_score",92.06
"40109105202","tract",2019,"education_score",88.91
"40109105300","tract",2019,"education_score",39.09
"40109105400","tract",2019,"education_score",41.59
"40109105500","tract",2019,"education_score",42.86
"40109105600","tract",2019,"education_score",35.48
"40109105700","tract",2019,"education_score",NA
"40109105800","tract",2019,"education_score",73.02
"40109105903","tract",2019,"education_score",92.24
"40109105904","tract",2019,"education_score",84.36
"40109105905","tract",2019,"education_score",79.02
"40109105906","tract",2019,"education_score",94.31
"40109105907","tract",2019,"education_score",64.33
"40109106000","tract",2019,"education_score",107.5
"40109106100","tract",2019,"education_score",97.71
"40109106200","tract",2019,"education_score",103.98
"40109106301","tract",2019,"education_score",66.67
"40109106302","tract",2019,"education_score",83.26
"40109106303","tract",2019,"education_score",95.46
"40109106401","tract",2019,"education_score",134.02
"40109106402","tract",2019,"education_score",130.99
"40109106403","tract",2019,"education_score",119.81
"40109106501","tract",2019,"education_score",132.95
"40109106502","tract",2019,"education_score",106.63
"40109106503","tract",2019,"education_score",125.06
"40109106601","tract",2019,"education_score",102.57
"40109106602","tract",2019,"education_score",107.87
"40109106604","tract",2019,"education_score",106.03
"40109106606","tract",2019,"education_score",96.89
"40109106607","tract",2019,"education_score",90
"40109106608","tract",2019,"education_score",117.85
"40109106609","tract",2019,"education_score",120.54
"40109106610","tract",2019,"education_score",107.61
"40109106702","tract",2019,"education_score",91.87
"40109106704","tract",2019,"education_score",100.92
"40109106705","tract",2019,"education_score",102.48
"40109106706","tract",2019,"education_score",100.71
"40109106707","tract",2019,"education_score",87.91
"40109106708","tract",2019,"education_score",114.82
"40109106801","tract",2019,"education_score",75.09
"40109106802","tract",2019,"education_score",88.49
"40109106803","tract",2019,"education_score",92.01
"40109106804","tract",2019,"education_score",80.68
"40109106902","tract",2019,"education_score",78.33
"40109106903","tract",2019,"education_score",101.3
"40109106906","tract",2019,"education_score",97.38
"40109106907","tract",2019,"education_score",79.55
"40109106909","tract",2019,"education_score",91.08
"40109106910","tract",2019,"education_score",100.88
"40109106911","tract",2019,"education_score",94.01
"40109106912","tract",2019,"education_score",81.17
"40109106913","tract",2019,"education_score",73.54
"40109106914","tract",2019,"education_score",70.25
"40109106915","tract",2019,"education_score",60.8
"40109107001","tract",2019,"education_score",43.6
"40109107002","tract",2019,"education_score",67.82
"40109107101","tract",2019,"education_score",NA
"40109107103","tract",2019,"education_score",54.88
"40109107104","tract",2019,"education_score",47.1
"40109107206","tract",2019,"education_score",74.04
"40109107207","tract",2019,"education_score",83.81
"40109107209","tract",2019,"education_score",77.45
"40109107210","tract",2019,"education_score",98.47
"40109107211","tract",2019,"education_score",87.5
"40109107212","tract",2019,"education_score",80.17
"40109107213","tract",2019,"education_score",64.23
"40109107214","tract",2019,"education_score",75.48
"40109107215","tract",2019,"education_score",52.61
"40109107216","tract",2019,"education_score",38.04
"40109107217","tract",2019,"education_score",55.64
"40109107218","tract",2019,"education_score",40.63
"40109107219","tract",2019,"education_score",49.48
"40109107220","tract",2019,"education_score",60.78
"40109107221","tract",2019,"education_score",78.06
"40109107222","tract",2019,"education_score",72.2
"40109107223","tract",2019,"education_score",63.58
"40109107302","tract",2019,"education_score",57.48
"40109107303","tract",2019,"education_score",77.7
"40109107305","tract",2019,"education_score",79.85
"40109107306","tract",2019,"education_score",65.57
"40109107401","tract",2019,"education_score",79.12
"40109107403","tract",2019,"education_score",104.19
"40109107404","tract",2019,"education_score",97.41
"40109107405","tract",2019,"education_score",99.06
"40109107500","tract",2019,"education_score",NA
"40109107601","tract",2019,"education_score",83.81
"40109107604","tract",2019,"education_score",87.36
"40109107605","tract",2019,"education_score",98.5
"40109107606","tract",2019,"education_score",84.23
"40109107607","tract",2019,"education_score",99.43
"40109107703","tract",2019,"education_score",107.88
"40109107704","tract",2019,"education_score",99.61
"40109107705","tract",2019,"education_score",104.92
"40109107706","tract",2019,"education_score",86.45
"40109107707","tract",2019,"education_score",107.22
"40109107801","tract",2019,"education_score",88.72
"40109107804","tract",2019,"education_score",88.3
"40109107805","tract",2019,"education_score",90.38
"40109107806","tract",2019,"education_score",92.86
"40109107807","tract",2019,"education_score",93.21
"40109107808","tract",2019,"education_score",89.74
"40109107809","tract",2019,"education_score",89.95
"40109107810","tract",2019,"education_score",97.45
"40109107900","tract",2019,"education_score",90.47
"40109108003","tract",2019,"education_score",98.51
"40109108005","tract",2019,"education_score",95.1
"40109108006","tract",2019,"education_score",106.77
"40109108007","tract",2019,"education_score",106.91
"40109108008","tract",2019,"education_score",90.03
"40109108009","tract",2019,"education_score",103.34
"40109108010","tract",2019,"education_score",82.38
"40109108011","tract",2019,"education_score",92.48
"40109108101","tract",2019,"education_score",121.78
"40109108106","tract",2019,"education_score",122.03
"40109108107","tract",2019,"education_score",118.22
"40109108109","tract",2019,"education_score",119.15
"40109108110","tract",2019,"education_score",111.29
"40109108113","tract",2019,"education_score",108.29
"40109108114","tract",2019,"education_score",113.03
"40109108201","tract",2019,"education_score",105.48
"40109108203","tract",2019,"education_score",91.74
"40109108204","tract",2019,"education_score",87.41
"40109108206","tract",2019,"education_score",116.15
"40109108207","tract",2019,"education_score",NA
"40109108208","tract",2019,"education_score",93.25
"40109108213","tract",2019,"education_score",120.01
"40109108215","tract",2019,"education_score",111.29
"40109108216","tract",2019,"education_score",114.54
"40109108217","tract",2019,"education_score",108.07
"40109108218","tract",2019,"education_score",116.24
"40109108219","tract",2019,"education_score",115.69
"40109108220","tract",2019,"education_score",105.13
"40109108221","tract",2019,"education_score",112.8
"40109108301","tract",2019,"education_score",99.98
"40109108302","tract",2019,"education_score",111.95
"40109108303","tract",2019,"education_score",107.61
"40109108304","tract",2019,"education_score",110.86
"40109108307","tract",2019,"education_score",103.48
"40109108309","tract",2019,"education_score",85.46
"40109108310","tract",2019,"education_score",107.48
"40109108313","tract",2019,"education_score",109.58
"40109108314","tract",2019,"education_score",102.3
"40109108315","tract",2019,"education_score",117.24
"40109108316","tract",2019,"education_score",115.55
"40109108317","tract",2019,"education_score",113.91
"40109108318","tract",2019,"education_score",110.68
"40109108402","tract",2019,"education_score",123.41
"40109108403","tract",2019,"education_score",123.37
"40109108404","tract",2019,"education_score",110.18
"40109108504","tract",2019,"education_score",123.14
"40109108506","tract",2019,"education_score",120.96
"40109108507","tract",2019,"education_score",126.56
"40109108508","tract",2019,"education_score",111.52
"40109108511","tract",2019,"education_score",116.42
"40109108512","tract",2019,"education_score",113.51
"40109108513","tract",2019,"education_score",118.86
"40109108514","tract",2019,"education_score",101.74
"40109108515","tract",2019,"education_score",106.24
"40109108519","tract",2019,"education_score",132.9
"40109108520","tract",2019,"education_score",130.71
"40109108521","tract",2019,"education_score",103.81
"40109108523","tract",2019,"education_score",107.87
"40109108524","tract",2019,"education_score",109.41
"40109108525","tract",2019,"education_score",96.1
"40109108526","tract",2019,"education_score",101.87
"40109108527","tract",2019,"education_score",115.07
"40109108528","tract",2019,"education_score",105.42
"40109108529","tract",2019,"education_score",116.25
"40109108530","tract",2019,"education_score",102.82
"40109108601","tract",2019,"education_score",93
"40109108602","tract",2019,"education_score",80.33
"40109108603","tract",2019,"education_score",92.24
"40109108701","tract",2019,"education_score",101.51
"40109108703","tract",2019,"education_score",107.92
"40109108704","tract",2019,"education_score",105.12
"40109108706","tract",2019,"education_score",98.19
"40109108707","tract",2019,"education_score",109.05
"40109108708","tract",2019,"education_score",96.18
"40109108709","tract",2019,"education_score",98.83
"40109108801","tract",2019,"education_score",96.65
"40109108802","tract",2019,"education_score",103.14
"40109108803","tract",2019,"education_score",95.42
"40109108804","tract",2019,"education_score",97.68
"40109108900","tract",2019,"education_score",85.02
"40109109001","tract",2019,"education_score",104.52
"40109109003","tract",2019,"education_score",92.74
"40109109004","tract",2019,"education_score",96.77
"40109109100","tract",2019,"education_score",103.46
"40109109201","tract",2019,"education_score",118.77
"40109109202","tract",2019,"education_score",110.53
"40111000100","tract",2019,"education_score",84.92
"40111000200","tract",2019,"education_score",76.28
"40111000300","tract",2019,"education_score",82.86
"40111000400","tract",2019,"education_score",94.7
"40111000500","tract",2019,"education_score",91.91
"40111000600","tract",2019,"education_score",91.04
"40111000700","tract",2019,"education_score",91.67
"40111000800","tract",2019,"education_score",89.28
"40111000901","tract",2019,"education_score",91.85
"40111000902","tract",2019,"education_score",82.76
"40113940001","tract",2019,"education_score",86.03
"40113940002","tract",2019,"education_score",92.25
"40113940003","tract",2019,"education_score",95.35
"40113940004","tract",2019,"education_score",102.18
"40113940005","tract",2019,"education_score",97.99
"40113940006","tract",2019,"education_score",96.82
"40113940007","tract",2019,"education_score",98.89
"40113940008","tract",2019,"education_score",98.41
"40113940009","tract",2019,"education_score",104.97
"40113940010","tract",2019,"education_score",88
"40113940011","tract",2019,"education_score",87.79
"40115574100","tract",2019,"education_score",87.38
"40115574200","tract",2019,"education_score",73.74
"40115574300","tract",2019,"education_score",83.47
"40115574400","tract",2019,"education_score",84.01
"40115574500","tract",2019,"education_score",78.22
"40115574600","tract",2019,"education_score",87.38
"40115574700","tract",2019,"education_score",98.16
"40115574800","tract",2019,"education_score",83.67
"40115574900","tract",2019,"education_score",85.5
"40117957100","tract",2019,"education_score",92.56
"40117957200","tract",2019,"education_score",102.93
"40117957300","tract",2019,"education_score",87.72
"40117957400","tract",2019,"education_score",92.43
"40117957500","tract",2019,"education_score",85.43
"40119010101","tract",2019,"education_score",103.29
"40119010102","tract",2019,"education_score",93.73
"40119010200","tract",2019,"education_score",103
"40119010300","tract",2019,"education_score",NA
"40119010400","tract",2019,"education_score",NA
"40119010500","tract",2019,"education_score",94.51
"40119010600","tract",2019,"education_score",106.24
"40119010700","tract",2019,"education_score",96.65
"40119010800","tract",2019,"education_score",102.11
"40119010900","tract",2019,"education_score",109.05
"40119011000","tract",2019,"education_score",108.62
"40119011101","tract",2019,"education_score",95.17
"40119011102","tract",2019,"education_score",96.58
"40119011200","tract",2019,"education_score",101.12
"40119011301","tract",2019,"education_score",98.6
"40119011302","tract",2019,"education_score",90.98
"40119011400","tract",2019,"education_score",95.69
"40121485600","tract",2019,"education_score",97.99
"40121485700","tract",2019,"education_score",84.94
"40121485800","tract",2019,"education_score",90.16
"40121485900","tract",2019,"education_score",94.5
"40121486000","tract",2019,"education_score",98.52
"40121486100","tract",2019,"education_score",91.1
"40121486200","tract",2019,"education_score",80.89
"40121486300","tract",2019,"education_score",NA
"40121486400","tract",2019,"education_score",79.26
"40121486500","tract",2019,"education_score",95.52
"40121486600","tract",2019,"education_score",102.02
"40121486700","tract",2019,"education_score",89.57
"40121486800","tract",2019,"education_score",88.03
"40123088600","tract",2019,"education_score",98.87
"40123088700","tract",2019,"education_score",90.4
"40123088800","tract",2019,"education_score",101.6
"40123088900","tract",2019,"education_score",92.88
"40123089000","tract",2019,"education_score",99.88
"40123089100","tract",2019,"education_score",88.09
"40123089200","tract",2019,"education_score",78.01
"40123089300","tract",2019,"education_score",101.25
"40123089598","tract",2019,"education_score",95.13
"40123089600","tract",2019,"education_score",91.19
"40125500200","tract",2019,"education_score",81.82
"40125500301","tract",2019,"education_score",94.89
"40125500302","tract",2019,"education_score",84.05
"40125500400","tract",2019,"education_score",88.24
"40125500500","tract",2019,"education_score",86.56
"40125500600","tract",2019,"education_score",93.45
"40125500700","tract",2019,"education_score",97.42
"40125500800","tract",2019,"education_score",106.38
"40125500900","tract",2019,"education_score",95.08
"40125501001","tract",2019,"education_score",92.24
"40125501003","tract",2019,"education_score",92.95
"40125501004","tract",2019,"education_score",92.75
"40125501101","tract",2019,"education_score",91.59
"40125501102","tract",2019,"education_score",89.98
"40125501201","tract",2019,"education_score",90.76
"40125501300","tract",2019,"education_score",88.32
"40127097600","tract",2019,"education_score",83.68
"40127097700","tract",2019,"education_score",84.13
"40127097800","tract",2019,"education_score",87.6
"40129960000","tract",2019,"education_score",89.09
"40131050101","tract",2019,"education_score",92.8
"40131050103","tract",2019,"education_score",100.81
"40131050104","tract",2019,"education_score",91.77
"40131050105","tract",2019,"education_score",99.94
"40131050201","tract",2019,"education_score",101.21
"40131050202","tract",2019,"education_score",101.43
"40131050203","tract",2019,"education_score",101.44
"40131050301","tract",2019,"education_score",91.54
"40131050302","tract",2019,"education_score",91.51
"40131050303","tract",2019,"education_score",104.68
"40131050304","tract",2019,"education_score",99.85
"40131050403","tract",2019,"education_score",110.95
"40131050404","tract",2019,"education_score",110.58
"40131050405","tract",2019,"education_score",114.15
"40131050406","tract",2019,"education_score",110.99
"40131050407","tract",2019,"education_score",96.42
"40131050408","tract",2019,"education_score",101.96
"40131050409","tract",2019,"education_score",93.34
"40131050501","tract",2019,"education_score",95.15
"40131050502","tract",2019,"education_score",89.54
"40131050601","tract",2019,"education_score",97.9
"40131050602","tract",2019,"education_score",101.2
"40131050603","tract",2019,"education_score",106.74
"40131050604","tract",2019,"education_score",98.15
"40131050701","tract",2019,"education_score",79.93
"40131050702","tract",2019,"education_score",92.26
"40131050801","tract",2019,"education_score",98.04
"40131050802","tract",2019,"education_score",95.61
"40133583100","tract",2019,"education_score",88.78
"40133583200","tract",2019,"education_score",89.89
"40133583300","tract",2019,"education_score",78.41
"40133583400","tract",2019,"education_score",83.27
"40133583500","tract",2019,"education_score",81.45
"40133583600","tract",2019,"education_score",73.8
"40133583700","tract",2019,"education_score",84.33
"40133583800","tract",2019,"education_score",86
"40133583900","tract",2019,"education_score",90.2
"40135030101","tract",2019,"education_score",79.77
"40135030103","tract",2019,"education_score",82.43
"40135030104","tract",2019,"education_score",85.86
"40135030201","tract",2019,"education_score",86.55
"40135030202","tract",2019,"education_score",76.89
"40135030301","tract",2019,"education_score",72.22
"40135030302","tract",2019,"education_score",83.11
"40135030401","tract",2019,"education_score",85.8
"40135030402","tract",2019,"education_score",83.22
"40137000101","tract",2019,"education_score",96.08
"40137000102","tract",2019,"education_score",88.22
"40137000200","tract",2019,"education_score",99.47
"40137000300","tract",2019,"education_score",88.14
"40137000400","tract",2019,"education_score",85.5
"40137000600","tract",2019,"education_score",81.64
"40137000800","tract",2019,"education_score",98.32
"40137000901","tract",2019,"education_score",94.08
"40137000902","tract",2019,"education_score",90.26
"40137001000","tract",2019,"education_score",92.04
"40137001100","tract",2019,"education_score",84.74
"40139950600","tract",2019,"education_score",77.94
"40139950700","tract",2019,"education_score",82.03
"40139950800","tract",2019,"education_score",53.51
"40139950900","tract",2019,"education_score",63.19
"40139951000","tract",2019,"education_score",89.45
"40141070100","tract",2019,"education_score",87.82
"40141070200","tract",2019,"education_score",76.55
"40141070300","tract",2019,"education_score",79.3
"40141070400","tract",2019,"education_score",74.25
"40141070500","tract",2019,"education_score",82.66
"40143000100","tract",2019,"education_score",68.41
"40143000200","tract",2019,"education_score",85.96
"40143000300","tract",2019,"education_score",43.86
"40143000400","tract",2019,"education_score",51.09
"40143000500","tract",2019,"education_score",78.67
"40143000600","tract",2019,"education_score",77.08
"40143000700","tract",2019,"education_score",87.17
"40143000800","tract",2019,"education_score",100.94
"40143000900","tract",2019,"education_score",95.71
"40143001000","tract",2019,"education_score",89.91
"40143001200","tract",2019,"education_score",32.89
"40143001300","tract",2019,"education_score",37.53
"40143001400","tract",2019,"education_score",51.07
"40143001500","tract",2019,"education_score",73.27
"40143001600","tract",2019,"education_score",55.66
"40143001700","tract",2019,"education_score",99.63
"40143001800","tract",2019,"education_score",106.31
"40143001900","tract",2019,"education_score",108.93
"40143002000","tract",2019,"education_score",97.32
"40143002100","tract",2019,"education_score",NA
"40143002301","tract",2019,"education_score",88.55
"40143002500","tract",2019,"education_score",NA
"40143002700","tract",2019,"education_score",96.1
"40143002900","tract",2019,"education_score",89.88
"40143003000","tract",2019,"education_score",70.02
"40143003100","tract",2019,"education_score",127.78
"40143003200","tract",2019,"education_score",119.32
"40143003300","tract",2019,"education_score",121.3
"40143003400","tract",2019,"education_score",111.68
"40143003500","tract",2019,"education_score",121.36
"40143003600","tract",2019,"education_score",122.31
"40143003700","tract",2019,"education_score",115.2
"40143003800","tract",2019,"education_score",108.31
"40143003900","tract",2019,"education_score",111.64
"40143004000","tract",2019,"education_score",117.33
"40143004101","tract",2019,"education_score",130.08
"40143004200","tract",2019,"education_score",133.32
"40143004301","tract",2019,"education_score",134.01
"40143004302","tract",2019,"education_score",133.31
"40143004400","tract",2019,"education_score",126.21
"40143004500","tract",2019,"education_score",130.85
"40143004600","tract",2019,"education_score",89.72
"40143004700","tract",2019,"education_score",98.99
"40143004800","tract",2019,"education_score",85.97
"40143004900","tract",2019,"education_score",86.85
"40143005001","tract",2019,"education_score",113.82
"40143005002","tract",2019,"education_score",114.01
"40143005100","tract",2019,"education_score",118.52
"40143005200","tract",2019,"education_score",119.37
"40143005300","tract",2019,"education_score",109.25
"40143005401","tract",2019,"education_score",100.13
"40143005402","tract",2019,"education_score",103.15
"40143005500","tract",2019,"education_score",92.77
"40143005600","tract",2019,"education_score",85.56
"40143005700","tract",2019,"education_score",68.52
"40143005801","tract",2019,"education_score",92.94
"40143005805","tract",2019,"education_score",102.79
"40143005806","tract",2019,"education_score",104.49
"40143005807","tract",2019,"education_score",105.51
"40143005808","tract",2019,"education_score",107.95
"40143005900","tract",2019,"education_score",59.81
"40143006000","tract",2019,"education_score",67.98
"40143006200","tract",2019,"education_score",77.85
"40143006506","tract",2019,"education_score",100.14
"40143006507","tract",2019,"education_score",98.7
"40143006600","tract",2019,"education_score",88.5
"40143006701","tract",2019,"education_score",85.44
"40143006703","tract",2019,"education_score",98.1
"40143006705","tract",2019,"education_score",113.12
"40143006707","tract",2019,"education_score",100.13
"40143006708","tract",2019,"education_score",106.98
"40143006801","tract",2019,"education_score",104.06
"40143006803","tract",2019,"education_score",100.61
"40143006804","tract",2019,"education_score",98.47
"40143006901","tract",2019,"education_score",116.23
"40143006902","tract",2019,"education_score",125.87
"40143006903","tract",2019,"education_score",104.12
"40143006905","tract",2019,"education_score",94.27
"40143006906","tract",2019,"education_score",84.29
"40143006907","tract",2019,"education_score",99.07
"40143007000","tract",2019,"education_score",90.83
"40143007101","tract",2019,"education_score",88.15
"40143007102","tract",2019,"education_score",92.36
"40143007200","tract",2019,"education_score",78.06
"40143007304","tract",2019,"education_score",75.14
"40143007305","tract",2019,"education_score",76.13
"40143007306","tract",2019,"education_score",57.6
"40143007308","tract",2019,"education_score",84.35
"40143007309","tract",2019,"education_score",79.7
"40143007310","tract",2019,"education_score",60.02
"40143007311","tract",2019,"education_score",74.02
"40143007312","tract",2019,"education_score",81.21
"40143007402","tract",2019,"education_score",91.96
"40143007407","tract",2019,"education_score",101.49
"40143007408","tract",2019,"education_score",81.17
"40143007409","tract",2019,"education_score",85.91
"40143007410","tract",2019,"education_score",96.12
"40143007411","tract",2019,"education_score",108.84
"40143007412","tract",2019,"education_score",104.93
"40143007413","tract",2019,"education_score",107.05
"40143007414","tract",2019,"education_score",103.08
"40143007415","tract",2019,"education_score",98.94
"40143007503","tract",2019,"education_score",96.19
"40143007506","tract",2019,"education_score",101.06
"40143007507","tract",2019,"education_score",106.02
"40143007508","tract",2019,"education_score",106.62
"40143007510","tract",2019,"education_score",99.64
"40143007511","tract",2019,"education_score",101.53
"40143007512","tract",2019,"education_score",100.94
"40143007513","tract",2019,"education_score",112.29
"40143007515","tract",2019,"education_score",104.96
"40143007516","tract",2019,"education_score",109.68
"40143007518","tract",2019,"education_score",111.22
"40143007519","tract",2019,"education_score",110.21
"40143007520","tract",2019,"education_score",113.48
"40143007522","tract",2019,"education_score",105.73
"40143007523","tract",2019,"education_score",107.94
"40143007524","tract",2019,"education_score",113.87
"40143007608","tract",2019,"education_score",100.05
"40143007609","tract",2019,"education_score",100.6
"40143007611","tract",2019,"education_score",114.12
"40143007612","tract",2019,"education_score",NA
"40143007613","tract",2019,"education_score",122.09
"40143007614","tract",2019,"education_score",121.15
"40143007615","tract",2019,"education_score",107.24
"40143007616","tract",2019,"education_score",118.46
"40143007617","tract",2019,"education_score",89.83
"40143007618","tract",2019,"education_score",105.61
"40143007619","tract",2019,"education_score",107.75
"40143007620","tract",2019,"education_score",118.53
"40143007624","tract",2019,"education_score",97.46
"40143007625","tract",2019,"education_score",72.54
"40143007629","tract",2019,"education_score",113.71
"40143007630","tract",2019,"education_score",111.12
"40143007631","tract",2019,"education_score",114.95
"40143007632","tract",2019,"education_score",121.2
"40143007633","tract",2019,"education_score",113.12
"40143007634","tract",2019,"education_score",119.63
"40143007635","tract",2019,"education_score",114.64
"40143007636","tract",2019,"education_score",117.31
"40143007637","tract",2019,"education_score",122.53
"40143007638","tract",2019,"education_score",114.53
"40143007639","tract",2019,"education_score",110.82
"40143007641","tract",2019,"education_score",74.27
"40143007642","tract",2019,"education_score",82.53
"40143007701","tract",2019,"education_score",104.48
"40143007702","tract",2019,"education_score",101.75
"40143007801","tract",2019,"education_score",100
"40143007802","tract",2019,"education_score",108.18
"40143007900","tract",2019,"education_score",74.09
"40143008001","tract",2019,"education_score",61.95
"40143008002","tract",2019,"education_score",77.08
"40143008200","tract",2019,"education_score",66.46
"40143008300","tract",2019,"education_score",76.06
"40143008400","tract",2019,"education_score",100.69
"40143008501","tract",2019,"education_score",84.93
"40143008502","tract",2019,"education_score",94.03
"40143008600","tract",2019,"education_score",93.31
"40143008700","tract",2019,"education_score",118.99
"40143008800","tract",2019,"education_score",82.71
"40143008900","tract",2019,"education_score",68.88
"40143009003","tract",2019,"education_score",108.56
"40143009004","tract",2019,"education_score",58.29
"40143009006","tract",2019,"education_score",75.69
"40143009007","tract",2019,"education_score",77.13
"40143009008","tract",2019,"education_score",69.48
"40143009009","tract",2019,"education_score",111.87
"40143009101","tract",2019,"education_score",71.14
"40143009104","tract",2019,"education_score",79.35
"40143009200","tract",2019,"education_score",93.27
"40143009300","tract",2019,"education_score",89.93
"40143009401","tract",2019,"education_score",101.81
"40143009402","tract",2019,"education_score",101
"40143009500","tract",2019,"education_score",100.36
"40143011100","tract",2019,"education_score",67.61
"40145030101","tract",2019,"education_score",87.52
"40145030102","tract",2019,"education_score",90.53
"40145030201","tract",2019,"education_score",87.68
"40145030202","tract",2019,"education_score",99.02
"40145030300","tract",2019,"education_score",95.26
"40145030402","tract",2019,"education_score",99.3
"40145030403","tract",2019,"education_score",91.42
"40145030405","tract",2019,"education_score",101.23
"40145030406","tract",2019,"education_score",99.53
"40145030502","tract",2019,"education_score",111.78
"40145030505","tract",2019,"education_score",102.18
"40145030506","tract",2019,"education_score",107.74
"40145030507","tract",2019,"education_score",72.66
"40145030508","tract",2019,"education_score",104.75
"40145030509","tract",2019,"education_score",110.07
"40145030510","tract",2019,"education_score",106.58
"40145030511","tract",2019,"education_score",109.21
"40145030512","tract",2019,"education_score",103.46
"40145030601","tract",2019,"education_score",100.74
"40145030602","tract",2019,"education_score",95.63
"40145030798","tract",2019,"education_score",91.5
"40145030800","tract",2019,"education_score",97.63
"40147000100","tract",2019,"education_score",87.94
"40147000200","tract",2019,"education_score",87.09
"40147000300","tract",2019,"education_score",91.6
"40147000400","tract",2019,"education_score",99.37
"40147000500","tract",2019,"education_score",96.72
"40147000600","tract",2019,"education_score",107.03
"40147000700","tract",2019,"education_score",116.01
"40147000800","tract",2019,"education_score",103.21
"40147000900","tract",2019,"education_score",77.12
"40147001000","tract",2019,"education_score",94.94
"40147001100","tract",2019,"education_score",83.01
"40147001200","tract",2019,"education_score",118.08
"40147001300","tract",2019,"education_score",92.43
"40149964900","tract",2019,"education_score",90.91
"40149965000","tract",2019,"education_score",90.52
"40149965100","tract",2019,"education_score",97.53
"40149965400","tract",2019,"education_score",97.56
"40151954200","tract",2019,"education_score",103.86
"40151954300","tract",2019,"education_score",90.06
"40151954400","tract",2019,"education_score",94.23
"40153953100","tract",2019,"education_score",97.07
"40153953200","tract",2019,"education_score",93.82
"40153953300","tract",2019,"education_score",87.05
"40153953400","tract",2019,"education_score",88.73
"40153953500","tract",2019,"education_score",105.93
"40001376600","tract",2019,"education_rnk",13.1672
"40001376700","tract",2019,"education_rnk",21.2466
"40001376800","tract",2019,"education_rnk",14.7018
"40001376900","tract",2019,"education_rnk",8.0484
"40001377000","tract",2019,"education_rnk",13.0811
"40003955600","tract",2019,"education_rnk",44.5145
"40003955700","tract",2019,"education_rnk",45.4313
"40003956000","tract",2019,"education_rnk",NA
"40005587600","tract",2019,"education_rnk",NA
"40005587700","tract",2019,"education_rnk",12.0134
"40005587800","tract",2019,"education_rnk",25.158
"40005587900","tract",2019,"education_rnk",24.684
"40007951600","tract",2019,"education_rnk",18.7937
"40007951700","tract",2019,"education_rnk",24.684
"40007951800","tract",2019,"education_rnk",9.8172
"40009966100","tract",2019,"education_rnk",28.3796
"40009966200","tract",2019,"education_rnk",20.0505
"40009966500","tract",2019,"education_rnk",33.8848
"40009966800","tract",2019,"education_rnk",26.6376
"40011958600","tract",2019,"education_rnk",11.8963
"40011958700","tract",2019,"education_rnk",49.4019
"40011958800","tract",2019,"education_rnk",32.3953
"40011958900","tract",2019,"education_rnk",NA
"40011959000","tract",2019,"education_rnk",29.0933
"40013795600","tract",2019,"education_rnk",37.61
"40013795700","tract",2019,"education_rnk",22.0012
"40013795900","tract",2019,"education_rnk",39.7343
"40013796001","tract",2019,"education_rnk",27.5798
"40013796002","tract",2019,"education_rnk",37.7849
"40013796100","tract",2019,"education_rnk",33.401
"40013796200","tract",2019,"education_rnk",27.6969
"40013796300","tract",2019,"education_rnk",27.2991
"40013796400","tract",2019,"education_rnk",5.714
"40013796500","tract",2019,"education_rnk",21.217
"40013796600","tract",2019,"education_rnk",23.0027
"40015161600","tract",2019,"education_rnk",13.2321
"40015161700","tract",2019,"education_rnk",19.585
"40015161800","tract",2019,"education_rnk",16.9869
"40015161900","tract",2019,"education_rnk",31.7634
"40015162000","tract",2019,"education_rnk",39.8457
"40015162100","tract",2019,"education_rnk",18.5709
"40015162200","tract",2019,"education_rnk",46.0731
"40015162300","tract",2019,"education_rnk",25.237
"40017300100","tract",2019,"education_rnk",32.9074
"40017300201","tract",2019,"education_rnk",43.6104
"40017300202","tract",2019,"education_rnk",27.2526
"40017300300","tract",2019,"education_rnk",15.0418
"40017300400","tract",2019,"education_rnk",10.1994
"40017300500","tract",2019,"education_rnk",21.4878
"40017300600","tract",2019,"education_rnk",58.1048
"40017300700","tract",2019,"education_rnk",24.763
"40017300801","tract",2019,"education_rnk",47.7925
"40017300802","tract",2019,"education_rnk",61.7256
"40017300901","tract",2019,"education_rnk",49.2186
"40017300902","tract",2019,"education_rnk",53.2738
"40017300904","tract",2019,"education_rnk",20.5414
"40017300905","tract",2019,"education_rnk",53.2005
"40017301001","tract",2019,"education_rnk",61.6184
"40017301003","tract",2019,"education_rnk",56.9764
"40017301006","tract",2019,"education_rnk",27.4162
"40017301007","tract",2019,"education_rnk",44.1901
"40017301008","tract",2019,"education_rnk",57.0977
"40017301009","tract",2019,"education_rnk",47.0873
"40017301100","tract",2019,"education_rnk",46.382
"40017301201","tract",2019,"education_rnk",37.7003
"40017301202","tract",2019,"education_rnk",37.6805
"40017301300","tract",2019,"education_rnk",63.2927
"40017301406","tract",2019,"education_rnk",64.1912
"40017301407","tract",2019,"education_rnk",55.1343
"40017301408","tract",2019,"education_rnk",74.921
"40017301409","tract",2019,"education_rnk",46.5287
"40017301410","tract",2019,"education_rnk",45.3806
"40019892100","tract",2019,"education_rnk",28.1003
"40019892200","tract",2019,"education_rnk",19.8051
"40019892300","tract",2019,"education_rnk",17.8995
"40019892400","tract",2019,"education_rnk",31.8198
"40019892500","tract",2019,"education_rnk",37.5465
"40019892600","tract",2019,"education_rnk",42.5581
"40019892700","tract",2019,"education_rnk",45.4878
"40019892800","tract",2019,"education_rnk",8.2247
"40019892900","tract",2019,"education_rnk",31.0568
"40019893000","tract",2019,"education_rnk",42.3113
"40019893100","tract",2019,"education_rnk",18.0349
"40021977600","tract",2019,"education_rnk",31.3487
"40021977700","tract",2019,"education_rnk",26.079
"40021977800","tract",2019,"education_rnk",33.9822
"40021977900","tract",2019,"education_rnk",28.3965
"40021978000","tract",2019,"education_rnk",20.98
"40021978100","tract",2019,"education_rnk",27.4712
"40021978201","tract",2019,"education_rnk",35.1501
"40021978202","tract",2019,"education_rnk",37.043
"40021978300","tract",2019,"education_rnk",24.4358
"40023966900","tract",2019,"education_rnk",22.6642
"40023967000","tract",2019,"education_rnk",36.05
"40023967100","tract",2019,"education_rnk",11.8004
"40023967200","tract",2019,"education_rnk",12.7088
"40023967300","tract",2019,"education_rnk",17.2422
"40025950100","tract",2019,"education_rnk",19.1026
"40025950300","tract",2019,"education_rnk",18.1336
"40027200100","tract",2019,"education_rnk",90.7893
"40027200200","tract",2019,"education_rnk",26.7871
"40027200300","tract",2019,"education_rnk",11.2813
"40027200400","tract",2019,"education_rnk",40.8443
"40027200500","tract",2019,"education_rnk",65.3901
"40027200601","tract",2019,"education_rnk",36.7835
"40027200602","tract",2019,"education_rnk",60.4957
"40027200700","tract",2019,"education_rnk",NA
"40027200800","tract",2019,"education_rnk",56.683
"40027200900","tract",2019,"education_rnk",61.373
"40027201000","tract",2019,"education_rnk",54.9946
"40027201101","tract",2019,"education_rnk",78.9861
"40027201102","tract",2019,"education_rnk",72.5274
"40027201201","tract",2019,"education_rnk",51.3738
"40027201202","tract",2019,"education_rnk",NA
"40027201203","tract",2019,"education_rnk",65.7795
"40027201301","tract",2019,"education_rnk",49.1918
"40027201403","tract",2019,"education_rnk",70.949
"40027201404","tract",2019,"education_rnk",62.7581
"40027201405","tract",2019,"education_rnk",70.4257
"40027201505","tract",2019,"education_rnk",78.5728
"40027201507","tract",2019,"education_rnk",64.0022
"40027201508","tract",2019,"education_rnk",44.4412
"40027201509","tract",2019,"education_rnk",71.6655
"40027201510","tract",2019,"education_rnk",82.1668
"40027201602","tract",2019,"education_rnk",19.3551
"40027201603","tract",2019,"education_rnk",37.8272
"40027201604","tract",2019,"education_rnk",53.917
"40027201607","tract",2019,"education_rnk",52.8436
"40027201609","tract",2019,"education_rnk",66.1702
"40027201610","tract",2019,"education_rnk",58.796
"40027201611","tract",2019,"education_rnk",60.3518
"40027201612","tract",2019,"education_rnk",55.9764
"40027201700","tract",2019,"education_rnk",49.2849
"40027201801","tract",2019,"education_rnk",69.8615
"40027201802","tract",2019,"education_rnk",66.9629
"40027201902","tract",2019,"education_rnk",54.6519
"40027201903","tract",2019,"education_rnk",23.9111
"40027201904","tract",2019,"education_rnk",50.5191
"40027202002","tract",2019,"education_rnk",60.0133
"40027202004","tract",2019,"education_rnk",52.5262
"40027202005","tract",2019,"education_rnk",31.2486
"40027202006","tract",2019,"education_rnk",74.5176
"40027202007","tract",2019,"education_rnk",37.7962
"40027202008","tract",2019,"education_rnk",58.8073
"40027202102","tract",2019,"education_rnk",30.9594
"40027202104","tract",2019,"education_rnk",45.4045
"40027202105","tract",2019,"education_rnk",46.4018
"40027202106","tract",2019,"education_rnk",51.2427
"40027202107","tract",2019,"education_rnk",67.6103
"40027202201","tract",2019,"education_rnk",54.5969
"40027202203","tract",2019,"education_rnk",69.5046
"40027202205","tract",2019,"education_rnk",44.0434
"40027202206","tract",2019,"education_rnk",57.0977
"40027202301","tract",2019,"education_rnk",55.305
"40027202302","tract",2019,"education_rnk",40.4564
"40027202402","tract",2019,"education_rnk",24.5994
"40027202403","tract",2019,"education_rnk",55.1526
"40027202404","tract",2019,"education_rnk",30.3064
"40027202405","tract",2019,"education_rnk",NA
"40027202500","tract",2019,"education_rnk",29.7196
"40027202600","tract",2019,"education_rnk",18.2535
"40029388100","tract",2019,"education_rnk",28.0763
"40029388200","tract",2019,"education_rnk",9.3785
"40031000100","tract",2019,"education_rnk",16.1166
"40031000200","tract",2019,"education_rnk",37.9246
"40031000300","tract",2019,"education_rnk",33.583
"40031000401","tract",2019,"education_rnk",32.4616
"40031000402","tract",2019,"education_rnk",50.536
"40031000403","tract",2019,"education_rnk",53.2216
"40031000501","tract",2019,"education_rnk",49.7475
"40031000502","tract",2019,"education_rnk",54.4488
"40031000600","tract",2019,"education_rnk",25.4584
"40031000700","tract",2019,"education_rnk",39.7343
"40031000800","tract",2019,"education_rnk",13.0811
"40031000900","tract",2019,"education_rnk",34.6155
"40031001000","tract",2019,"education_rnk",37.122
"40031001100","tract",2019,"education_rnk",56.683
"40031001400","tract",2019,"education_rnk",24.8166
"40031001500","tract",2019,"education_rnk",6.8001
"40031001600","tract",2019,"education_rnk",7.0808
"40031001700","tract",2019,"education_rnk",8.8411
"40031001901","tract",2019,"education_rnk",66.0305
"40031001902","tract",2019,"education_rnk",21.5442
"40031002001","tract",2019,"education_rnk",42.3705
"40031002003","tract",2019,"education_rnk",50.0465
"40031002004","tract",2019,"education_rnk",39.8457
"40031002005","tract",2019,"education_rnk",NA
"40031002100","tract",2019,"education_rnk",34.9653
"40031002200","tract",2019,"education_rnk",47.904
"40031002301","tract",2019,"education_rnk",61.6593
"40031002302","tract",2019,"education_rnk",40.4043
"40031002401","tract",2019,"education_rnk",NA
"40031002403","tract",2019,"education_rnk",NA
"40031002404","tract",2019,"education_rnk",NA
"40031002500","tract",2019,"education_rnk",22.2368
"40033871100","tract",2019,"education_rnk",16.4988
"40033871200","tract",2019,"education_rnk",43.1548
"40035373100","tract",2019,"education_rnk",23.9844
"40035373200","tract",2019,"education_rnk",39.651
"40035373300","tract",2019,"education_rnk",21.8602
"40035373400","tract",2019,"education_rnk",37.6805
"40035373500","tract",2019,"education_rnk",26.4345
"40037020101","tract",2019,"education_rnk",40.6342
"40037020102","tract",2019,"education_rnk",11.6438
"40037020103","tract",2019,"education_rnk",59.2572
"40037020601","tract",2019,"education_rnk",28.0552
"40037020602","tract",2019,"education_rnk",18.3903
"40037020702","tract",2019,"education_rnk",33.851
"40037020704","tract",2019,"education_rnk",20.4934
"40037020705","tract",2019,"education_rnk",23.3271
"40037020706","tract",2019,"education_rnk",40.0164
"40037020707","tract",2019,"education_rnk",52.972
"40037020800","tract",2019,"education_rnk",16.1617
"40037020900","tract",2019,"education_rnk",50.0621
"40037021000","tract",2019,"education_rnk",16.1321
"40037021101","tract",2019,"education_rnk",24.2045
"40037021102","tract",2019,"education_rnk",18.6668
"40037021201","tract",2019,"education_rnk",50.5191
"40037021202","tract",2019,"education_rnk",32.109
"40037021300","tract",2019,"education_rnk",18.3776
"40037021400","tract",2019,"education_rnk",39.4268
"40037021500","tract",2019,"education_rnk",36.0881
"40037021600","tract",2019,"education_rnk",49.9097
"40039950800","tract",2019,"education_rnk",4.6519
"40039960400","tract",2019,"education_rnk",26.9804
"40039960600","tract",2019,"education_rnk",30.9115
"40039960700","tract",2019,"education_rnk",54.4206
"40039961000","tract",2019,"education_rnk",22.5358
"40041375601","tract",2019,"education_rnk",41.1913
"40041375602","tract",2019,"education_rnk",28.5517
"40041375700","tract",2019,"education_rnk",47.904
"40041375801","tract",2019,"education_rnk",44.6471
"40041375802","tract",2019,"education_rnk",49.464
"40041375900","tract",2019,"education_rnk",10.6691
"40041376000","tract",2019,"education_rnk",14.809
"40041376100","tract",2019,"education_rnk",11.4576
"40041976200","tract",2019,"education_rnk",21.0858
"40043959100","tract",2019,"education_rnk",25.7067
"40043959200","tract",2019,"education_rnk",53.7111
"40043959300","tract",2019,"education_rnk",37.4929
"40045952600","tract",2019,"education_rnk",25.7278
"40045952800","tract",2019,"education_rnk",36.4393
"40047000100","tract",2019,"education_rnk",10.6649
"40047000200","tract",2019,"education_rnk",24.9013
"40047000600","tract",2019,"education_rnk",36.8441
"40047000700","tract",2019,"education_rnk",7.14
"40047001100","tract",2019,"education_rnk",47.2001
"40047001200","tract",2019,"education_rnk",40.7428
"40047001300","tract",2019,"education_rnk",71.6119
"40047001401","tract",2019,"education_rnk",50.134
"40047001402","tract",2019,"education_rnk",57.5181
"40047001500","tract",2019,"education_rnk",10.0217
"40047001601","tract",2019,"education_rnk",53.1384
"40047001602","tract",2019,"education_rnk",39.7004
"40049681100","tract",2019,"education_rnk",26.8873
"40049681200","tract",2019,"education_rnk",27.9818
"40049681300","tract",2019,"education_rnk",15.5213
"40049681400","tract",2019,"education_rnk",22.9689
"40049681500","tract",2019,"education_rnk",34.284
"40049681600","tract",2019,"education_rnk",27.2343
"40049681700","tract",2019,"education_rnk",27.5418
"40049681800","tract",2019,"education_rnk",31.7056
"40049681900","tract",2019,"education_rnk",24.8293
"40051000100","tract",2019,"education_rnk",9.7156
"40051000400","tract",2019,"education_rnk",20.8714
"40051000500","tract",2019,"education_rnk",48.1917
"40051000600","tract",2019,"education_rnk",28.0411
"40051000700","tract",2019,"education_rnk",27.5643
"40051000800","tract",2019,"education_rnk",42.3113
"40051000901","tract",2019,"education_rnk",33.6394
"40051000902","tract",2019,"education_rnk",39.4465
"40051000903","tract",2019,"education_rnk",47.296
"40051001000","tract",2019,"education_rnk",24.6403
"40053956400","tract",2019,"education_rnk",33.7776
"40053956500","tract",2019,"education_rnk",36.5691
"40055967100","tract",2019,"education_rnk",NA
"40055967200","tract",2019,"education_rnk",16.819
"40057967800","tract",2019,"education_rnk",13.6721
"40059952100","tract",2019,"education_rnk",18.4213
"40059952200","tract",2019,"education_rnk",12.2151
"40061279100","tract",2019,"education_rnk",17.9827
"40061279200","tract",2019,"education_rnk",19.6838
"40061279300","tract",2019,"education_rnk",34.1613
"40061279400","tract",2019,"education_rnk",21.571
"40063484600","tract",2019,"education_rnk",24.622
"40063484700","tract",2019,"education_rnk",24.2045
"40063484800","tract",2019,"education_rnk",NA
"40063484900","tract",2019,"education_rnk",35.8426
"40063485000","tract",2019,"education_rnk",16.8825
"40065968100","tract",2019,"education_rnk",34.1613
"40065968200","tract",2019,"education_rnk",17.0602
"40065968300","tract",2019,"education_rnk",21.8842
"40065968400","tract",2019,"education_rnk",62.0106
"40065968500","tract",2019,"education_rnk",41.503
"40065968600","tract",2019,"education_rnk",6.7183
"40065968700","tract",2019,"education_rnk",7.8693
"40065968800","tract",2019,"education_rnk",7.0399
"40067371600","tract",2019,"education_rnk",17.0997
"40067371700","tract",2019,"education_rnk",10.5239
"40067371800","tract",2019,"education_rnk",32.7649
"40069660198","tract",2019,"education_rnk",22.8588
"40069660200","tract",2019,"education_rnk",28.1003
"40069660300","tract",2019,"education_rnk",18.1068
"40071000100","tract",2019,"education_rnk",18.5398
"40071000201","tract",2019,"education_rnk",28.0411
"40071000202","tract",2019,"education_rnk",39.778
"40071000300","tract",2019,"education_rnk",56.9524
"40071000400","tract",2019,"education_rnk",12.8385
"40071000500","tract",2019,"education_rnk",12.8724
"40071000600","tract",2019,"education_rnk",29.2005
"40071001100","tract",2019,"education_rnk",24.5994
"40071001200","tract",2019,"education_rnk",21.7008
"40071001301","tract",2019,"education_rnk",18.2789
"40071001302","tract",2019,"education_rnk",36.4393
"40073958100","tract",2019,"education_rnk",19.2239
"40073958200","tract",2019,"education_rnk",41.5919
"40073958300","tract",2019,"education_rnk",18.9108
"40073958400","tract",2019,"education_rnk",52.4487
"40075963600","tract",2019,"education_rnk",44.2423
"40075963700","tract",2019,"education_rnk",18.3677
"40075964200","tract",2019,"education_rnk",24.323
"40077087100","tract",2019,"education_rnk",26.2906
"40077087200","tract",2019,"education_rnk",21.1817
"40077087300","tract",2019,"education_rnk",30.1202
"40079040102","tract",2019,"education_rnk",20.2212
"40079040198","tract",2019,"education_rnk",12.129
"40079040299","tract",2019,"education_rnk",15.3746
"40079040301","tract",2019,"education_rnk",15.5213
"40079040302","tract",2019,"education_rnk",26.2257
"40079040303","tract",2019,"education_rnk",21.6641
"40079040401","tract",2019,"education_rnk",21.7276
"40079040402","tract",2019,"education_rnk",10.8285
"40079040500","tract",2019,"education_rnk",32.4151
"40079040601","tract",2019,"education_rnk",12.4408
"40079040602","tract",2019,"education_rnk",16.3169
"40079040700","tract",2019,"education_rnk",28.5658
"40081961100","tract",2019,"education_rnk",31.2486
"40081961200","tract",2019,"education_rnk",19.4962
"40081961300","tract",2019,"education_rnk",22.9886
"40081961400","tract",2019,"education_rnk",31.7239
"40081961500","tract",2019,"education_rnk",33.401
"40081961600","tract",2019,"education_rnk",31.9496
"40081961700","tract",2019,"education_rnk",25.2073
"40083600100","tract",2019,"education_rnk",26.5459
"40083600200","tract",2019,"education_rnk",17.8444
"40083600300","tract",2019,"education_rnk",30.6266
"40083600400","tract",2019,"education_rnk",46.8785
"40083600500","tract",2019,"education_rnk",52.57
"40083600600","tract",2019,"education_rnk",29.1046
"40083600700","tract",2019,"education_rnk",40.8006
"40083600800","tract",2019,"education_rnk",62.4605
"40085094100","tract",2019,"education_rnk",6.8678
"40085094200","tract",2019,"education_rnk",16.8641
"40085094300","tract",2019,"education_rnk",15.9642
"40087400101","tract",2019,"education_rnk",45.5075
"40087400102","tract",2019,"education_rnk",35.8426
"40087400201","tract",2019,"education_rnk",33.6803
"40087400202","tract",2019,"education_rnk",36.5493
"40087400300","tract",2019,"education_rnk",15.3986
"40087400400","tract",2019,"education_rnk",47.0393
"40089098200","tract",2019,"education_rnk",22.9689
"40089098300","tract",2019,"education_rnk",18.8304
"40089098400","tract",2019,"education_rnk",15.6962
"40089098500","tract",2019,"education_rnk",27.1849
"40089098600","tract",2019,"education_rnk",6.0314
"40089098700","tract",2019,"education_rnk",21.217
"40089098800","tract",2019,"education_rnk",26.0043
"40089098900","tract",2019,"education_rnk",13.3816
"40091779600","tract",2019,"education_rnk",25.4203
"40091779700","tract",2019,"education_rnk",20.894
"40091779900","tract",2019,"education_rnk",26.5882
"40091780100","tract",2019,"education_rnk",32.3798
"40091780200","tract",2019,"education_rnk",17.008
"40091780300","tract",2019,"education_rnk",45.2141
"40093955100","tract",2019,"education_rnk",23.9506
"40093955200","tract",2019,"education_rnk",72.351
"40093955300","tract",2019,"education_rnk",32.4913
"40095094698","tract",2019,"education_rnk",13.4394
"40095094700","tract",2019,"education_rnk",3.7985
"40095094801","tract",2019,"education_rnk",28.7209
"40095094802","tract",2019,"education_rnk",31.8325
"40097040100","tract",2019,"education_rnk",19.4313
"40097040200","tract",2019,"education_rnk",40.259
"40097040300","tract",2019,"education_rnk",45.3806
"40097040400","tract",2019,"education_rnk",16.2633
"40097040501","tract",2019,"education_rnk",17.915
"40097040502","tract",2019,"education_rnk",22.5866
"40097040600","tract",2019,"education_rnk",24.2778
"40097040700","tract",2019,"education_rnk",20.1126
"40097040800","tract",2019,"education_rnk",28.9057
"40099790600","tract",2019,"education_rnk",33.418
"40099790700","tract",2019,"education_rnk",20.31
"40099790800","tract",2019,"education_rnk",18.6202
"40101000100","tract",2019,"education_rnk",37.3166
"40101000200","tract",2019,"education_rnk",13.0346
"40101000300","tract",2019,"education_rnk",18.0208
"40101000400","tract",2019,"education_rnk",25.7603
"40101000600","tract",2019,"education_rnk",22.1056
"40101000700","tract",2019,"education_rnk",6.2796
"40101000801","tract",2019,"education_rnk",42.1632
"40101000802","tract",2019,"education_rnk",48.5401
"40101000900","tract",2019,"education_rnk",34.8384
"40101001000","tract",2019,"education_rnk",33.0061
"40101001100","tract",2019,"education_rnk",28.3796
"40101001200","tract",2019,"education_rnk",NA
"40101001300","tract",2019,"education_rnk",28.0298
"40101001400","tract",2019,"education_rnk",42.6315
"40101001500","tract",2019,"education_rnk",14.4296
"40101001600","tract",2019,"education_rnk",22.0859
"40103956600","tract",2019,"education_rnk",30.8254
"40103956900","tract",2019,"education_rnk",56.2627
"40103957000","tract",2019,"education_rnk",37.2517
"40103957100","tract",2019,"education_rnk",46.7727
"40105172100","tract",2019,"education_rnk",34.7537
"40105172200","tract",2019,"education_rnk",36.933
"40105172300","tract",2019,"education_rnk",39.572
"40105172400","tract",2019,"education_rnk",23.1691
"40107080600","tract",2019,"education_rnk",21.3115
"40107080700","tract",2019,"education_rnk",20.2861
"40107080900","tract",2019,"education_rnk",12.3914
"40107081000","tract",2019,"education_rnk",24.3723
"40109100100","tract",2019,"education_rnk",69.5836
"40109100200","tract",2019,"education_rnk",34.126
"40109100300","tract",2019,"education_rnk",93.5257
"40109100400","tract",2019,"education_rnk",14.3986
"40109100500","tract",2019,"education_rnk",33.5534
"40109100600","tract",2019,"education_rnk",96.7586
"40109100700","tract",2019,"education_rnk",78.2752
"40109100800","tract",2019,"education_rnk",55.9947
"40109100900","tract",2019,"education_rnk",78.3302
"40109101000","tract",2019,"education_rnk",NA
"40109101100","tract",2019,"education_rnk",81.0793
"40109101200","tract",2019,"education_rnk",86.4971
"40109101300","tract",2019,"education_rnk",20.1013
"40109101400","tract",2019,"education_rnk",16.1984
"40109101500","tract",2019,"education_rnk",76.9648
"40109101600","tract",2019,"education_rnk",83.2431
"40109101700","tract",2019,"education_rnk",90.9149
"40109101800","tract",2019,"education_rnk",94.1181
"40109101900","tract",2019,"education_rnk",48.8631
"40109102000","tract",2019,"education_rnk",39.376
"40109102100","tract",2019,"education_rnk",43.7049
"40109102200","tract",2019,"education_rnk",4.0468
"40109102300","tract",2019,"education_rnk",44.774
"40109102400","tract",2019,"education_rnk",8.3559
"40109102500","tract",2019,"education_rnk",88.6792
"40109102600","tract",2019,"education_rnk",65.3507
"40109102700","tract",2019,"education_rnk",NA
"40109102800","tract",2019,"education_rnk",11.2291
"40109102900","tract",2019,"education_rnk",64.029
"40109103000","tract",2019,"education_rnk",87.1177
"40109103200","tract",2019,"education_rnk",NA
"40109103300","tract",2019,"education_rnk",4.9537
"40109103400","tract",2019,"education_rnk",1.1369
"40109103500","tract",2019,"education_rnk",NA
"40109103601","tract",2019,"education_rnk",95.2719
"40109103602","tract",2019,"education_rnk",NA
"40109103700","tract",2019,"education_rnk",NA
"40109103800","tract",2019,"education_rnk",99.0028
"40109103900","tract",2019,"education_rnk",1.4655
"40109104000","tract",2019,"education_rnk",0.2229
"40109104100","tract",2019,"education_rnk",4.5912
"40109104200","tract",2019,"education_rnk",0.2243
"40109104300","tract",2019,"education_rnk",6.1202
"40109104400","tract",2019,"education_rnk",0.3174
"40109104500","tract",2019,"education_rnk",0.1721
"40109104600","tract",2019,"education_rnk",1.395
"40109104700","tract",2019,"education_rnk",4.0947
"40109104800","tract",2019,"education_rnk",2.1186
"40109104900","tract",2019,"education_rnk",0.3879
"40109105000","tract",2019,"education_rnk",0.5797
"40109105100","tract",2019,"education_rnk",85.782
"40109105201","tract",2019,"education_rnk",29.4022
"40109105202","tract",2019,"education_rnk",24.2482
"40109105300","tract",2019,"education_rnk",0.9634
"40109105400","tract",2019,"education_rnk",1.1947
"40109105500","tract",2019,"education_rnk",1.3273
"40109105600","tract",2019,"education_rnk",0.6926
"40109105700","tract",2019,"education_rnk",NA
"40109105800","tract",2019,"education_rnk",9.0301
"40109105903","tract",2019,"education_rnk",29.7309
"40109105904","tract",2019,"education_rnk",18.3254
"40109105905","tract",2019,"education_rnk",13.1263
"40109105906","tract",2019,"education_rnk",33.401
"40109105907","tract",2019,"education_rnk",5.3487
"40109106000","tract",2019,"education_rnk",62.6114
"40109106100","tract",2019,"education_rnk",40.527
"40109106200","tract",2019,"education_rnk",54.776
"40109106301","tract",2019,"education_rnk",6.2119
"40109106302","tract",2019,"education_rnk",17.1138
"40109106303","tract",2019,"education_rnk",35.789
"40109106401","tract",2019,"education_rnk",97.6346
"40109106402","tract",2019,"education_rnk",96.3778
"40109106403","tract",2019,"education_rnk",85.9089
"40109106501","tract",2019,"education_rnk",97.2495
"40109106502","tract",2019,"education_rnk",60.6847
"40109106503","tract",2019,"education_rnk",92.2238
"40109106601","tract",2019,"education_rnk",51.4937
"40109106602","tract",2019,"education_rnk",63.4422
"40109106604","tract",2019,"education_rnk",59.3292
"40109106606","tract",2019,"education_rnk",38.7934
"40109106607","tract",2019,"education_rnk",25.9747
"40109106608","tract",2019,"education_rnk",82.8693
"40109106609","tract",2019,"education_rnk",87.0176
"40109106610","tract",2019,"education_rnk",62.8583
"40109106702","tract",2019,"education_rnk",29.0933
"40109106704","tract",2019,"education_rnk",47.7925
"40109106705","tract",2019,"education_rnk",51.2807
"40109106706","tract",2019,"education_rnk",47.3553
"40109106707","tract",2019,"education_rnk",22.7728
"40109106708","tract",2019,"education_rnk",77.625
"40109106801","tract",2019,"education_rnk",10.2573
"40109106802","tract",2019,"education_rnk",23.6135
"40109106803","tract",2019,"education_rnk",29.3063
"40109106804","tract",2019,"education_rnk",14.5763
"40109106902","tract",2019,"education_rnk",12.5804
"40109106903","tract",2019,"education_rnk",48.653
"40109106906","tract",2019,"education_rnk",39.8457
"40109106907","tract",2019,"education_rnk",13.5946
"40109106909","tract",2019,"education_rnk",27.7294
"40109106910","tract",2019,"education_rnk",47.7262
"40109106911","tract",2019,"education_rnk",32.8791
"40109106912","tract",2019,"education_rnk",15.022
"40109106913","tract",2019,"education_rnk",9.3151
"40109106914","tract",2019,"education_rnk",7.7325
"40109106915","tract",2019,"education_rnk",4.319
"40109107001","tract",2019,"education_rnk",1.3936
"40109107002","tract",2019,"education_rnk",6.6365
"40109107101","tract",2019,"education_rnk",NA
"40109107103","tract",2019,"education_rnk",2.9734
"40109107104","tract",2019,"education_rnk",1.7984
"40109107206","tract",2019,"education_rnk",9.6268
"40109107207","tract",2019,"education_rnk",17.733
"40109107209","tract",2019,"education_rnk",11.8667
"40109107210","tract",2019,"education_rnk",42.2393
"40109107211","tract",2019,"education_rnk",22.2368
"40109107212","tract",2019,"education_rnk",14.1447
"40109107213","tract",2019,"education_rnk",5.3007
"40109107214","tract",2019,"education_rnk",10.5041
"40109107215","tract",2019,"education_rnk",2.5869
"40109107216","tract",2019,"education_rnk",0.8717
"40109107217","tract",2019,"education_rnk",3.1074
"40109107218","tract",2019,"education_rnk",1.1002
"40109107219","tract",2019,"education_rnk",2.1144
"40109107220","tract",2019,"education_rnk",4.3119
"40109107221","tract",2019,"education_rnk",12.3293
"40109107222","tract",2019,"education_rnk",8.6126
"40109107223","tract",2019,"education_rnk",5.1258
"40109107302","tract",2019,"education_rnk",3.5474
"40109107303","tract",2019,"education_rnk",12.0642
"40109107305","tract",2019,"education_rnk",13.847
"40109107306","tract",2019,"education_rnk",5.7775
"40109107401","tract",2019,"education_rnk",13.225
"40109107403","tract",2019,"education_rnk",55.2429
"40109107404","tract",2019,"education_rnk",39.8993
"40109107405","tract",2019,"education_rnk",43.5864
"40109107500","tract",2019,"education_rnk",NA
"40109107601","tract",2019,"education_rnk",17.733
"40109107604","tract",2019,"education_rnk",22.021
"40109107605","tract",2019,"education_rnk",42.3113
"40109107606","tract",2019,"education_rnk",18.1745
"40109107607","tract",2019,"education_rnk",44.4158
"40109107703","tract",2019,"education_rnk",63.4747
"40109107704","tract",2019,"education_rnk",44.8178
"40109107705","tract",2019,"education_rnk",56.8297
"40109107706","tract",2019,"education_rnk",20.8714
"40109107707","tract",2019,"education_rnk",62.0106
"40109107801","tract",2019,"education_rnk",23.9506
"40109107804","tract",2019,"education_rnk",23.3271
"40109107805","tract",2019,"education_rnk",26.5671
"40109107806","tract",2019,"education_rnk",30.8494
"40109107807","tract",2019,"education_rnk",31.4531
"40109107808","tract",2019,"education_rnk",25.5459
"40109107809","tract",2019,"education_rnk",25.89
"40109107810","tract",2019,"education_rnk",39.9726
"40109107900","tract",2019,"education_rnk",26.7279
"40109108003","tract",2019,"education_rnk",42.3451
"40109108005","tract",2019,"education_rnk",35.0654
"40109108006","tract",2019,"education_rnk",60.9879
"40109108007","tract",2019,"education_rnk",61.3095
"40109108008","tract",2019,"education_rnk",26.0212
"40109108009","tract",2019,"education_rnk",53.3034
"40109108010","tract",2019,"education_rnk",16.2181
"40109108011","tract",2019,"education_rnk",30.1611
"40109108101","tract",2019,"education_rnk",88.6228
"40109108106","tract",2019,"education_rnk",88.926
"40109108107","tract",2019,"education_rnk",83.4307
"40109108109","tract",2019,"education_rnk",84.892
"40109108110","tract",2019,"education_rnk",70.7952
"40109108113","tract",2019,"education_rnk",64.4437
"40109108114","tract",2019,"education_rnk",74.2214
"40109108201","tract",2019,"education_rnk",58.0724
"40109108203","tract",2019,"education_rnk",28.8606
"40109108204","tract",2019,"education_rnk",22.1056
"40109108206","tract",2019,"education_rnk",79.9608
"40109108207","tract",2019,"education_rnk",NA
"40109108208","tract",2019,"education_rnk",31.5236
"40109108213","tract",2019,"education_rnk",86.1868
"40109108215","tract",2019,"education_rnk",70.7952
"40109108216","tract",2019,"education_rnk",77.1115
"40109108217","tract",2019,"education_rnk",63.9698
"40109108218","tract",2019,"education_rnk",80.1117
"40109108219","tract",2019,"education_rnk",79.1921
"40109108220","tract",2019,"education_rnk",57.2896
"40109108221","tract",2019,"education_rnk",73.8138
"40109108301","tract",2019,"education_rnk",45.6486
"40109108302","tract",2019,"education_rnk",72.1719
"40109108303","tract",2019,"education_rnk",62.8583
"40109108304","tract",2019,"education_rnk",69.9024
"40109108307","tract",2019,"education_rnk",53.601
"40109108309","tract",2019,"education_rnk",19.6485
"40109108310","tract",2019,"education_rnk",62.5719
"40109108313","tract",2019,"education_rnk",67.1505
"40109108314","tract",2019,"education_rnk",50.8463
"40109108315","tract",2019,"education_rnk",81.9115
"40109108316","tract",2019,"education_rnk",78.9353
"40109108317","tract",2019,"education_rnk",75.9549
"40109108318","tract",2019,"education_rnk",69.5216
"40109108402","tract",2019,"education_rnk",90.5524
"40109108403","tract",2019,"education_rnk",90.4903
"40109108404","tract",2019,"education_rnk",68.4256
"40109108504","tract",2019,"education_rnk",90.2463
"40109108506","tract",2019,"education_rnk",87.5649
"40109108507","tract",2019,"education_rnk",93.568
"40109108508","tract",2019,"education_rnk",71.248
"40109108511","tract",2019,"education_rnk",80.4333
"40109108512","tract",2019,"education_rnk",75.1368
"40109108513","tract",2019,"education_rnk",84.4462
"40109108514","tract",2019,"education_rnk",49.6121
"40109108515","tract",2019,"education_rnk",59.8158
"40109108519","tract",2019,"education_rnk",97.2269
"40109108520","tract",2019,"education_rnk",96.2537
"40109108521","tract",2019,"education_rnk",54.3712
"40109108523","tract",2019,"education_rnk",63.4422
"40109108524","tract",2019,"education_rnk",66.7753
"40109108525","tract",2019,"education_rnk",37.098
"40109108526","tract",2019,"education_rnk",49.9097
"40109108527","tract",2019,"education_rnk",78.1313
"40109108528","tract",2019,"education_rnk",57.9172
"40109108529","tract",2019,"education_rnk",80.1202
"40109108530","tract",2019,"education_rnk",52.0706
"40109108601","tract",2019,"education_rnk",31.0864
"40109108602","tract",2019,"education_rnk",14.2871
"40109108603","tract",2019,"education_rnk",29.7309
"40109108701","tract",2019,"education_rnk",49.1283
"40109108703","tract",2019,"education_rnk",63.5903
"40109108704","tract",2019,"education_rnk",57.2642
"40109108706","tract",2019,"education_rnk",41.654
"40109108707","tract",2019,"education_rnk",66.0305
"40109108708","tract",2019,"education_rnk",37.2743
"40109108709","tract",2019,"education_rnk",43.0532
"40109108801","tract",2019,"education_rnk",38.2673
"40109108802","tract",2019,"education_rnk",52.8436
"40109108803","tract",2019,"education_rnk",35.7199
"40109108804","tract",2019,"education_rnk",40.472
"40109108900","tract",2019,"education_rnk",19.0885
"40109109001","tract",2019,"education_rnk",55.951
"40109109003","tract",2019,"education_rnk",30.6266
"40109109004","tract",2019,"education_rnk",38.5269
"40109109100","tract",2019,"education_rnk",53.5616
"40109109201","tract",2019,"education_rnk",84.3376
"40109109202","tract",2019,"education_rnk",69.1901
"40111000100","tract",2019,"education_rnk",18.9757
"40111000200","tract",2019,"education_rnk",11.0175
"40111000300","tract",2019,"education_rnk",16.7076
"40111000400","tract",2019,"education_rnk",34.2163
"40111000500","tract",2019,"education_rnk",29.1568
"40111000600","tract",2019,"education_rnk",27.6616
"40111000700","tract",2019,"education_rnk",28.7463
"40111000800","tract",2019,"education_rnk",24.8293
"40111000901","tract",2019,"education_rnk",29.0595
"40111000902","tract",2019,"education_rnk",16.6229
"40113940001","tract",2019,"education_rnk",20.3665
"40113940002","tract",2019,"education_rnk",29.7506
"40113940003","tract",2019,"education_rnk",35.5859
"40113940004","tract",2019,"education_rnk",50.584
"40113940005","tract",2019,"education_rnk",41.1913
"40113940006","tract",2019,"education_rnk",38.6312
"40113940007","tract",2019,"education_rnk",43.1844
"40113940008","tract",2019,"education_rnk",42.1039
"40113940009","tract",2019,"education_rnk",56.9524
"40113940010","tract",2019,"education_rnk",22.8828
"40113940011","tract",2019,"education_rnk",22.6049
"40115574100","tract",2019,"education_rnk",22.0577
"40115574200","tract",2019,"education_rnk",9.4406
"40115574300","tract",2019,"education_rnk",17.3381
"40115574400","tract",2019,"education_rnk",17.9404
"40115574500","tract",2019,"education_rnk",12.4633
"40115574600","tract",2019,"education_rnk",22.0577
"40115574700","tract",2019,"education_rnk",41.5679
"40115574800","tract",2019,"education_rnk",17.5595
"40115574900","tract",2019,"education_rnk",19.7021
"40117957100","tract",2019,"education_rnk",30.2824
"40117957200","tract",2019,"education_rnk",52.3372
"40117957300","tract",2019,"education_rnk",22.5076
"40117957400","tract",2019,"education_rnk",30.0906
"40117957500","tract",2019,"education_rnk",19.6231
"40119010101","tract",2019,"education_rnk",53.2005
"40119010102","tract",2019,"education_rnk",32.4151
"40119010200","tract",2019,"education_rnk",52.4994
"40119010300","tract",2019,"education_rnk",NA
"40119010400","tract",2019,"education_rnk",NA
"40119010500","tract",2019,"education_rnk",33.8214
"40119010600","tract",2019,"education_rnk",59.8158
"40119010700","tract",2019,"education_rnk",38.2673
"40119010800","tract",2019,"education_rnk",50.4316
"40119010900","tract",2019,"education_rnk",66.0305
"40119011000","tract",2019,"education_rnk",65.1052
"40119011101","tract",2019,"education_rnk",35.1924
"40119011102","tract",2019,"education_rnk",38.0981
"40119011200","tract",2019,"education_rnk",48.2411
"40119011301","tract",2019,"education_rnk",42.5581
"40119011302","tract",2019,"education_rnk",27.5798
"40119011400","tract",2019,"education_rnk",36.2644
"40121485600","tract",2019,"education_rnk",41.1913
"40121485700","tract",2019,"education_rnk",18.9968
"40121485800","tract",2019,"education_rnk",26.2257
"40121485900","tract",2019,"education_rnk",33.7974
"40121486000","tract",2019,"education_rnk",42.3705
"40121486100","tract",2019,"education_rnk",27.7491
"40121486200","tract",2019,"education_rnk",14.7413
"40121486300","tract",2019,"education_rnk",NA
"40121486400","tract",2019,"education_rnk",13.3393
"40121486500","tract",2019,"education_rnk",35.9357
"40121486600","tract",2019,"education_rnk",50.244
"40121486700","tract",2019,"education_rnk",25.2863
"40121486800","tract",2019,"education_rnk",22.9209
"40123088600","tract",2019,"education_rnk",43.135
"40123088700","tract",2019,"education_rnk",26.6009
"40123088800","tract",2019,"education_rnk",49.3399
"40123088900","tract",2019,"education_rnk",30.8903
"40123089000","tract",2019,"education_rnk",45.4045
"40123089100","tract",2019,"education_rnk",23.0027
"40123089200","tract",2019,"education_rnk",12.2743
"40123089300","tract",2019,"education_rnk",48.5401
"40123089598","tract",2019,"education_rnk",35.1205
"40123089600","tract",2019,"education_rnk",27.9099
"40125500200","tract",2019,"education_rnk",15.6356
"40125500301","tract",2019,"education_rnk",34.6155
"40125500302","tract",2019,"education_rnk",17.9827
"40125500400","tract",2019,"education_rnk",23.2369
"40125500500","tract",2019,"education_rnk",20.9941
"40125500600","tract",2019,"education_rnk",31.8791
"40125500700","tract",2019,"education_rnk",39.9162
"40125500800","tract",2019,"education_rnk",60.1233
"40125500900","tract",2019,"education_rnk",35.0203
"40125501001","tract",2019,"education_rnk",29.7309
"40125501003","tract",2019,"education_rnk",31.0159
"40125501004","tract",2019,"education_rnk",30.6491
"40125501101","tract",2019,"education_rnk",28.5954
"40125501102","tract",2019,"education_rnk",25.9366
"40125501201","tract",2019,"education_rnk",27.2018
"40125501300","tract",2019,"education_rnk",23.3652
"40127097600","tract",2019,"education_rnk",17.5722
"40127097700","tract",2019,"education_rnk",18.0814
"40127097800","tract",2019,"education_rnk",22.3637
"40129960000","tract",2019,"education_rnk",24.5303
"40131050101","tract",2019,"education_rnk",30.7366
"40131050103","tract",2019,"education_rnk",47.5937
"40131050104","tract",2019,"education_rnk",28.9057
"40131050105","tract",2019,"education_rnk",45.5512
"40131050201","tract",2019,"education_rnk",48.4484
"40131050202","tract",2019,"education_rnk",48.9619
"40131050203","tract",2019,"education_rnk",48.9943
"40131050301","tract",2019,"education_rnk",28.515
"40131050302","tract",2019,"education_rnk",28.4699
"40131050303","tract",2019,"education_rnk",56.2853
"40131050304","tract",2019,"education_rnk",45.334
"40131050403","tract",2019,"education_rnk",70.1055
"40131050404","tract",2019,"education_rnk",69.3029
"40131050405","tract",2019,"education_rnk",76.4162
"40131050406","tract",2019,"education_rnk",70.1774
"40131050407","tract",2019,"education_rnk",37.7595
"40131050408","tract",2019,"education_rnk",50.1143
"40131050409","tract",2019,"education_rnk",31.6717
"40131050501","tract",2019,"education_rnk",35.1501
"40131050502","tract",2019,"education_rnk",25.237
"40131050601","tract",2019,"education_rnk",40.9812
"40131050602","tract",2019,"education_rnk",48.4188
"40131050603","tract",2019,"education_rnk",60.9188
"40131050604","tract",2019,"education_rnk",41.5425
"40131050701","tract",2019,"education_rnk",13.9204
"40131050702","tract",2019,"education_rnk",29.7675
"40131050801","tract",2019,"education_rnk",41.307
"40131050802","tract",2019,"education_rnk",36.1106
"40133583100","tract",2019,"education_rnk",24.0394
"40133583200","tract",2019,"education_rnk",25.7899
"40133583300","tract",2019,"education_rnk",12.6453
"40133583400","tract",2019,"education_rnk",17.1251
"40133583500","tract",2019,"education_rnk",15.29
"40133583600","tract",2019,"education_rnk",9.4787
"40133583700","tract",2019,"education_rnk",18.2944
"40133583800","tract",2019,"education_rnk",20.3241
"40133583900","tract",2019,"education_rnk",26.2723
"40135030101","tract",2019,"education_rnk",13.7822
"40135030103","tract",2019,"education_rnk",16.2633
"40135030104","tract",2019,"education_rnk",20.1281
"40135030201","tract",2019,"education_rnk",20.98
"40135030202","tract",2019,"education_rnk",11.4717
"40135030301","tract",2019,"education_rnk",8.6253
"40135030302","tract",2019,"education_rnk",16.9713
"40135030401","tract",2019,"education_rnk",20.0505
"40135030402","tract",2019,"education_rnk",17.0715
"40137000101","tract",2019,"education_rnk",37.043
"40137000102","tract",2019,"education_rnk",23.2101
"40137000200","tract",2019,"education_rnk",44.5145
"40137000300","tract",2019,"education_rnk",23.0873
"40137000400","tract",2019,"education_rnk",19.7021
"40137000600","tract",2019,"education_rnk",15.4635
"40137000800","tract",2019,"education_rnk",41.9206
"40137000901","tract",2019,"education_rnk",32.9849
"40137000902","tract",2019,"education_rnk",26.3696
"40137001000","tract",2019,"education_rnk",29.3585
"40137001100","tract",2019,"education_rnk",18.7669
"40139950600","tract",2019,"education_rnk",12.2334
"40139950700","tract",2019,"education_rnk",15.8627
"40139950800","tract",2019,"education_rnk",2.7378
"40139950900","tract",2019,"education_rnk",4.9975
"40139951000","tract",2019,"education_rnk",25.0832
"40141070100","tract",2019,"education_rnk",22.643
"40141070200","tract",2019,"education_rnk",11.2164
"40141070300","tract",2019,"education_rnk",13.3717
"40141070400","tract",2019,"education_rnk",9.7439
"40141070500","tract",2019,"education_rnk",16.527
"40143000100","tract",2019,"education_rnk",6.9158
"40143000200","tract",2019,"education_rnk",20.2748
"40143000300","tract",2019,"education_rnk",1.4176
"40143000400","tract",2019,"education_rnk",2.3598
"40143000500","tract",2019,"education_rnk",12.8385
"40143000600","tract",2019,"education_rnk",11.593
"40143000700","tract",2019,"education_rnk",21.7953
"40143000800","tract",2019,"education_rnk",47.8391
"40143000900","tract",2019,"education_rnk",36.3053
"40143001000","tract",2019,"education_rnk",25.8252
"40143001200","tract",2019,"education_rnk",0.5473
"40143001300","tract",2019,"education_rnk",0.8195
"40143001400","tract",2019,"education_rnk",2.3556
"40143001500","tract",2019,"education_rnk",9.1782
"40143001600","tract",2019,"education_rnk",3.1116
"40143001700","tract",2019,"education_rnk",44.8558
"40143001800","tract",2019,"education_rnk",59.9681
"40143001900","tract",2019,"education_rnk",65.7795
"40143002000","tract",2019,"education_rnk",39.7004
"40143002100","tract",2019,"education_rnk",NA
"40143002301","tract",2019,"education_rnk",23.6995
"40143002500","tract",2019,"education_rnk",NA
"40143002700","tract",2019,"education_rnk",37.098
"40143002900","tract",2019,"education_rnk",25.7772
"40143003000","tract",2019,"education_rnk",7.6097
"40143003100","tract",2019,"education_rnk",94.5117
"40143003200","tract",2019,"education_rnk",85.1571
"40143003300","tract",2019,"education_rnk",88.0191
"40143003400","tract",2019,"education_rnk",71.564
"40143003500","tract",2019,"education_rnk",88.1136
"40143003600","tract",2019,"education_rnk",89.2688
"40143003700","tract",2019,"education_rnk",78.3457
"40143003800","tract",2019,"education_rnk",64.4945
"40143003900","tract",2019,"education_rnk",71.4765
"40143004000","tract",2019,"education_rnk",82.0596
"40143004101","tract",2019,"education_rnk",95.9391
"40143004200","tract",2019,"education_rnk",97.4018
"40143004301","tract",2019,"education_rnk",97.6289
"40143004302","tract",2019,"education_rnk",97.3962
"40143004400","tract",2019,"education_rnk",93.2182
"40143004500","tract",2019,"education_rnk",96.3171
"40143004600","tract",2019,"education_rnk",25.512
"40143004700","tract",2019,"education_rnk",43.4213
"40143004800","tract",2019,"education_rnk",20.2861
"40143004900","tract",2019,"education_rnk",21.399
"40143005001","tract",2019,"education_rnk",75.7885
"40143005002","tract",2019,"education_rnk",76.1566
"40143005100","tract",2019,"education_rnk",83.9229
"40143005200","tract",2019,"education_rnk",85.2248
"40143005300","tract",2019,"education_rnk",66.4692
"40143005401","tract",2019,"education_rnk",46.0012
"40143005402","tract",2019,"education_rnk",52.8648
"40143005500","tract",2019,"education_rnk",30.6844
"40143005600","tract",2019,"education_rnk",19.7712
"40143005700","tract",2019,"education_rnk",6.9609
"40143005801","tract",2019,"education_rnk",30.9947
"40143005805","tract",2019,"education_rnk",51.9832
"40143005806","tract",2019,"education_rnk",55.8706
"40143005807","tract",2019,"education_rnk",58.1232
"40143005808","tract",2019,"education_rnk",63.6623
"40143005900","tract",2019,"education_rnk",4.0609
"40143006000","tract",2019,"education_rnk",6.731
"40143006200","tract",2019,"education_rnk",12.1643
"40143006506","tract",2019,"education_rnk",46.0238
"40143006507","tract",2019,"education_rnk",42.7697
"40143006600","tract",2019,"education_rnk",23.6318
"40143006701","tract",2019,"education_rnk",19.633
"40143006703","tract",2019,"education_rnk",41.4368
"40143006705","tract",2019,"education_rnk",74.4034
"40143006707","tract",2019,"education_rnk",46.0012
"40143006708","tract",2019,"education_rnk",61.4703
"40143006801","tract",2019,"education_rnk",54.9678
"40143006803","tract",2019,"education_rnk",47.1324
"40143006804","tract",2019,"education_rnk",42.2393
"40143006901","tract",2019,"education_rnk",80.0948
"40143006902","tract",2019,"education_rnk",92.9291
"40143006903","tract",2019,"education_rnk",55.0793
"40143006905","tract",2019,"education_rnk",33.3037
"40143006906","tract",2019,"education_rnk",18.2422
"40143006907","tract",2019,"education_rnk",43.6104
"40143007000","tract",2019,"education_rnk",27.3302
"40143007101","tract",2019,"education_rnk",23.1014
"40143007102","tract",2019,"education_rnk",29.9537
"40143007200","tract",2019,"education_rnk",12.3293
"40143007304","tract",2019,"education_rnk",10.2883
"40143007305","tract",2019,"education_rnk",10.9103
"40143007306","tract",2019,"education_rnk",3.5686
"40143007308","tract",2019,"education_rnk",18.317
"40143007309","tract",2019,"education_rnk",13.7187
"40143007310","tract",2019,"education_rnk",4.1102
"40143007311","tract",2019,"education_rnk",9.6084
"40143007312","tract",2019,"education_rnk",15.0643
"40143007402","tract",2019,"education_rnk",29.2301
"40143007407","tract",2019,"education_rnk",49.0902
"40143007408","tract",2019,"education_rnk",15.022
"40143007409","tract",2019,"education_rnk",20.1958
"40143007410","tract",2019,"education_rnk",37.1488
"40143007411","tract",2019,"education_rnk",65.5806
"40143007412","tract",2019,"education_rnk",56.8565
"40143007413","tract",2019,"education_rnk",61.6368
"40143007414","tract",2019,"education_rnk",52.6842
"40143007415","tract",2019,"education_rnk",43.3198
"40143007503","tract",2019,"education_rnk",37.3011
"40143007506","tract",2019,"education_rnk",48.1155
"40143007507","tract",2019,"education_rnk",59.2995
"40143007508","tract",2019,"education_rnk",60.6635
"40143007510","tract",2019,"education_rnk",44.8911
"40143007511","tract",2019,"education_rnk",49.172
"40143007512","tract",2019,"education_rnk",47.8391
"40143007513","tract",2019,"education_rnk",72.8504
"40143007515","tract",2019,"education_rnk",56.927
"40143007516","tract",2019,"education_rnk",67.3621
"40143007518","tract",2019,"education_rnk",70.6471
"40143007519","tract",2019,"education_rnk",68.4848
"40143007520","tract",2019,"education_rnk",75.0776
"40143007522","tract",2019,"education_rnk",58.6338
"40143007523","tract",2019,"education_rnk",63.6411
"40143007524","tract",2019,"education_rnk",75.89
"40143007608","tract",2019,"education_rnk",45.8164
"40143007609","tract",2019,"education_rnk",47.1028
"40143007611","tract",2019,"education_rnk",76.3682
"40143007612","tract",2019,"education_rnk",NA
"40143007613","tract",2019,"education_rnk",88.9881
"40143007614","tract",2019,"education_rnk",87.8075
"40143007615","tract",2019,"education_rnk",62.0402
"40143007616","tract",2019,"education_rnk",83.8157
"40143007617","tract",2019,"education_rnk",25.6897
"40143007618","tract",2019,"education_rnk",58.3559
"40143007619","tract",2019,"education_rnk",63.1573
"40143007620","tract",2019,"education_rnk",83.9384
"40143007624","tract",2019,"education_rnk",39.9938
"40143007625","tract",2019,"education_rnk",8.7819
"40143007629","tract",2019,"education_rnk",75.5473
"40143007630","tract",2019,"education_rnk",70.4469
"40143007631","tract",2019,"education_rnk",77.8916
"40143007632","tract",2019,"education_rnk",87.8766
"40143007633","tract",2019,"education_rnk",74.4034
"40143007634","tract",2019,"education_rnk",85.6268
"40143007635","tract",2019,"education_rnk",77.2709
"40143007636","tract",2019,"education_rnk",82.0187
"40143007637","tract",2019,"education_rnk",89.5227
"40143007638","tract",2019,"education_rnk",77.0791
"40143007639","tract",2019,"education_rnk",69.8192
"40143007641","tract",2019,"education_rnk",9.7537
"40143007642","tract",2019,"education_rnk",16.3733
"40143007701","tract",2019,"education_rnk",55.8424
"40143007702","tract",2019,"education_rnk",49.6304
"40143007801","tract",2019,"education_rnk",45.6923
"40143007802","tract",2019,"education_rnk",64.2124
"40143007900","tract",2019,"education_rnk",9.6522
"40143008001","tract",2019,"education_rnk",4.6519
"40143008002","tract",2019,"education_rnk",11.593
"40143008200","tract",2019,"education_rnk",6.1287
"40143008300","tract",2019,"education_rnk",10.8694
"40143008400","tract",2019,"education_rnk",47.3214
"40143008501","tract",2019,"education_rnk",18.987
"40143008502","tract",2019,"education_rnk",32.9074
"40143008600","tract",2019,"education_rnk",31.6139
"40143008700","tract",2019,"education_rnk",84.6423
"40143008800","tract",2019,"education_rnk",16.5834
"40143008900","tract",2019,"education_rnk",7.0808
"40143009003","tract",2019,"education_rnk",64.9755
"40143009004","tract",2019,"education_rnk",3.7068
"40143009006","tract",2019,"education_rnk",10.6494
"40143009007","tract",2019,"education_rnk",11.6241
"40143009008","tract",2019,"education_rnk",7.3643
"40143009009","tract",2019,"education_rnk",71.997
"40143009101","tract",2019,"education_rnk",8.0921
"40143009104","tract",2019,"education_rnk",13.4126
"40143009200","tract",2019,"education_rnk",31.5561
"40143009300","tract",2019,"education_rnk",25.8576
"40143009401","tract",2019,"education_rnk",49.7715
"40143009402","tract",2019,"education_rnk",47.966
"40143009500","tract",2019,"education_rnk",46.485
"40143011100","tract",2019,"education_rnk",6.5519
"40145030101","tract",2019,"education_rnk",22.2608
"40145030102","tract",2019,"education_rnk",26.8337
"40145030201","tract",2019,"education_rnk",22.4526
"40145030202","tract",2019,"education_rnk",43.5046
"40145030300","tract",2019,"education_rnk",35.3913
"40145030402","tract",2019,"education_rnk",44.121
"40145030403","tract",2019,"education_rnk",28.3077
"40145030405","tract",2019,"education_rnk",48.4865
"40145030406","tract",2019,"education_rnk",44.6471
"40145030502","tract",2019,"education_rnk",71.7939
"40145030505","tract",2019,"education_rnk",50.584
"40145030506","tract",2019,"education_rnk",63.1319
"40145030507","tract",2019,"education_rnk",8.8552
"40145030508","tract",2019,"education_rnk",56.4503
"40145030509","tract",2019,"education_rnk",68.1703
"40145030510","tract",2019,"education_rnk",60.5803
"40145030511","tract",2019,"education_rnk",66.3564
"40145030512","tract",2019,"education_rnk",53.5616
"40145030601","tract",2019,"education_rnk",47.4173
"40145030602","tract",2019,"education_rnk",36.1346
"40145030798","tract",2019,"education_rnk",28.4586
"40145030800","tract",2019,"education_rnk",40.3605
"40147000100","tract",2019,"education_rnk",22.8052
"40147000200","tract",2019,"education_rnk",21.7107
"40147000300","tract",2019,"education_rnk",28.6137
"40147000400","tract",2019,"education_rnk",44.2959
"40147000500","tract",2019,"education_rnk",38.4084
"40147000600","tract",2019,"education_rnk",61.5959
"40147000700","tract",2019,"education_rnk",79.7309
"40147000800","tract",2019,"education_rnk",53.0241
"40147000900","tract",2019,"education_rnk",11.6114
"40147001000","tract",2019,"education_rnk",34.7354
"40147001100","tract",2019,"education_rnk",16.8712
"40147001200","tract",2019,"education_rnk",83.2064
"40147001300","tract",2019,"education_rnk",30.0906
"40149964900","tract",2019,"education_rnk",27.4557
"40149965000","tract",2019,"education_rnk",26.8182
"40149965100","tract",2019,"education_rnk",40.156
"40149965400","tract",2019,"education_rnk",40.2181
"40151954200","tract",2019,"education_rnk",54.5038
"40151954300","tract",2019,"education_rnk",26.0635
"40151954400","tract",2019,"education_rnk",33.2459
"40153953100","tract",2019,"education_rnk",39.1757
"40153953200","tract",2019,"education_rnk",32.5575
"40153953300","tract",2019,"education_rnk",21.6641
"40153953400","tract",2019,"education_rnk",23.9703
"40153953500","tract",2019,"education_rnk",59.0978
"40001376600","tract",2019,"education_state_rnk",13.7795
"40001376700","tract",2019,"education_state_rnk",27.6575
"40001376800","tract",2019,"education_state_rnk",15.6496
"40001376900","tract",2019,"education_state_rnk",6.8898
"40001377000","tract",2019,"education_state_rnk",13.5335
"40003955600","tract",2019,"education_state_rnk",65.502
"40003955700","tract",2019,"education_state_rnk",66.8307
"40003956000","tract",2019,"education_state_rnk",NA
"40005587600","tract",2019,"education_state_rnk",NA
"40005587700","tract",2019,"education_state_rnk",11.6142
"40005587800","tract",2019,"education_state_rnk",35.4331
"40005587900","tract",2019,"education_state_rnk",34.6949
"40007951600","tract",2019,"education_state_rnk",23.1299
"40007951700","tract",2019,"education_state_rnk",34.6949
"40007951800","tract",2019,"education_state_rnk",8.9567
"40009966100","tract",2019,"education_state_rnk",42.1752
"40009966200","tract",2019,"education_state_rnk",25.2461
"40009966500","tract",2019,"education_state_rnk",51.4764
"40009966800","tract",2019,"education_state_rnk",38.7795
"40011958600","tract",2019,"education_state_rnk",11.5157
"40011958700","tract",2019,"education_state_rnk",72.1457
"40011958800","tract",2019,"education_state_rnk",48.9173
"40011958900","tract",2019,"education_state_rnk",NA
"40011959000","tract",2019,"education_state_rnk",43.75
"40013795600","tract",2019,"education_state_rnk",56.4961
"40013795700","tract",2019,"education_state_rnk",29.0354
"40013795900","tract",2019,"education_state_rnk",58.9075
"40013796001","tract",2019,"education_state_rnk",40.6004
"40013796002","tract",2019,"education_state_rnk",56.9882
"40013796100","tract",2019,"education_state_rnk",50.3937
"40013796200","tract",2019,"education_state_rnk",40.8465
"40013796300","tract",2019,"education_state_rnk",39.8622
"40013796400","tract",2019,"education_state_rnk",4.626
"40013796500","tract",2019,"education_state_rnk",27.5098
"40013796600","tract",2019,"education_state_rnk",31.6437
"40015161600","tract",2019,"education_state_rnk",13.9764
"40015161700","tract",2019,"education_state_rnk",24.311
"40015161800","tract",2019,"education_state_rnk",19.1929
"40015161900","tract",2019,"education_state_rnk",48.2283
"40015162000","tract",2019,"education_state_rnk",59.252
"40015162100","tract",2019,"education_state_rnk",22.7362
"40015162200","tract",2019,"education_state_rnk",67.815
"40015162300","tract",2019,"education_state_rnk",35.6791
"40017300100","tract",2019,"education_state_rnk",49.7539
"40017300201","tract",2019,"education_state_rnk",64.5177
"40017300202","tract",2019,"education_state_rnk",39.7638
"40017300300","tract",2019,"education_state_rnk",16.1417
"40017300400","tract",2019,"education_state_rnk",9.1535
"40017300500","tract",2019,"education_state_rnk",27.9528
"40017300600","tract",2019,"education_state_rnk",80.5118
"40017300700","tract",2019,"education_state_rnk",34.8425
"40017300801","tract",2019,"education_state_rnk",69.6358
"40017300802","tract",2019,"education_state_rnk",83.3661
"40017300901","tract",2019,"education_state_rnk",71.8504
"40017300902","tract",2019,"education_state_rnk",76.1811
"40017300904","tract",2019,"education_state_rnk",26.5748
"40017300905","tract",2019,"education_state_rnk",75.935
"40017301001","tract",2019,"education_state_rnk",83.0709
"40017301003","tract",2019,"education_state_rnk",79.7244
"40017301006","tract",2019,"education_state_rnk",40.0591
"40017301007","tract",2019,"education_state_rnk",64.9606
"40017301008","tract",2019,"education_state_rnk",79.872
"40017301009","tract",2019,"education_state_rnk",68.6024
"40017301100","tract",2019,"education_state_rnk",67.9134
"40017301201","tract",2019,"education_state_rnk",56.7913
"40017301202","tract",2019,"education_state_rnk",56.6437
"40017301300","tract",2019,"education_state_rnk",84.5472
"40017301406","tract",2019,"education_state_rnk",85.5315
"40017301407","tract",2019,"education_state_rnk",77.8543
"40017301408","tract",2019,"education_state_rnk",91.1417
"40017301409","tract",2019,"education_state_rnk",68.2087
"40017301410","tract",2019,"education_state_rnk",66.4862
"40019892100","tract",2019,"education_state_rnk",41.8799
"40019892200","tract",2019,"education_state_rnk",25.0984
"40019892300","tract",2019,"education_state_rnk",20.5709
"40019892400","tract",2019,"education_state_rnk",48.3268
"40019892500","tract",2019,"education_state_rnk",56.3976
"40019892600","tract",2019,"education_state_rnk",63.3366
"40019892700","tract",2019,"education_state_rnk",66.9291
"40019892800","tract",2019,"education_state_rnk",7.0866
"40019892900","tract",2019,"education_state_rnk",47.0472
"40019893000","tract",2019,"education_state_rnk",62.7953
"40019893100","tract",2019,"education_state_rnk",21.1614
"40021977600","tract",2019,"education_state_rnk",47.4409
"40021977700","tract",2019,"education_state_rnk",37.6969
"40021977800","tract",2019,"education_state_rnk",51.5748
"40021977900","tract",2019,"education_state_rnk",42.3228
"40021978000","tract",2019,"education_state_rnk",27.0177
"40021978100","tract",2019,"education_state_rnk",40.2559
"40021978201","tract",2019,"education_state_rnk",53.1004
"40021978202","tract",2019,"education_state_rnk",55.3642
"40021978300","tract",2019,"education_state_rnk",34.0551
"40023966900","tract",2019,"education_state_rnk",30.7087
"40023967000","tract",2019,"education_state_rnk",54.0354
"40023967100","tract",2019,"education_state_rnk",11.3189
"40023967200","tract",2019,"education_state_rnk",12.9921
"40023967300","tract",2019,"education_state_rnk",19.8819
"40025950100","tract",2019,"education_state_rnk",23.8189
"40025950300","tract",2019,"education_state_rnk",21.4567
"40027200100","tract",2019,"education_state_rnk",97.9331
"40027200200","tract",2019,"education_state_rnk",38.9764
"40027200300","tract",2019,"education_state_rnk",10.5315
"40027200400","tract",2019,"education_state_rnk",61.0236
"40027200500","tract",2019,"education_state_rnk",86.2205
"40027200601","tract",2019,"education_state_rnk",55.0197
"40027200602","tract",2019,"education_state_rnk",82.0866
"40027200700","tract",2019,"education_state_rnk",NA
"40027200800","tract",2019,"education_state_rnk",79.0846
"40027200900","tract",2019,"education_state_rnk",82.7756
"40027201000","tract",2019,"education_state_rnk",77.6575
"40027201101","tract",2019,"education_state_rnk",93.3071
"40027201102","tract",2019,"education_state_rnk",90.4528
"40027201201","tract",2019,"education_state_rnk",74.311
"40027201202","tract",2019,"education_state_rnk",NA
"40027201203","tract",2019,"education_state_rnk",86.4665
"40027201301","tract",2019,"education_state_rnk",71.752
"40027201403","tract",2019,"education_state_rnk",89.4685
"40027201404","tract",2019,"education_state_rnk",84.0551
"40027201405","tract",2019,"education_state_rnk",88.9764
"40027201505","tract",2019,"education_state_rnk",93.1102
"40027201507","tract",2019,"education_state_rnk",85.3346
"40027201508","tract",2019,"education_state_rnk",65.3543
"40027201509","tract",2019,"education_state_rnk",89.9606
"40027201510","tract",2019,"education_state_rnk",94.4882
"40027201602","tract",2019,"education_state_rnk",24.0157
"40027201603","tract",2019,"education_state_rnk",57.185
"40027201604","tract",2019,"education_state_rnk",76.7717
"40027201607","tract",2019,"education_state_rnk",75.3445
"40027201609","tract",2019,"education_state_rnk",86.9094
"40027201610","tract",2019,"education_state_rnk",80.9055
"40027201611","tract",2019,"education_state_rnk",81.9882
"40027201612","tract",2019,"education_state_rnk",78.5433
"40027201700","tract",2019,"education_state_rnk",71.9488
"40027201801","tract",2019,"education_state_rnk",88.5827
"40027201802","tract",2019,"education_state_rnk",87.3031
"40027201902","tract",2019,"education_state_rnk",77.3622
"40027201903","tract",2019,"education_state_rnk",32.874
"40027201904","tract",2019,"education_state_rnk",73.5728
"40027202002","tract",2019,"education_state_rnk",81.7913
"40027202004","tract",2019,"education_state_rnk",75
"40027202005","tract",2019,"education_state_rnk",47.2933
"40027202006","tract",2019,"education_state_rnk",91.0433
"40027202007","tract",2019,"education_state_rnk",57.0866
"40027202008","tract",2019,"education_state_rnk",81.0039
"40027202102","tract",2019,"education_state_rnk",46.752
"40027202104","tract",2019,"education_state_rnk",66.6831
"40027202105","tract",2019,"education_state_rnk",68.0118
"40027202106","tract",2019,"education_state_rnk",74.1142
"40027202107","tract",2019,"education_state_rnk",87.5984
"40027202201","tract",2019,"education_state_rnk",77.2638
"40027202203","tract",2019,"education_state_rnk",88.189
"40027202205","tract",2019,"education_state_rnk",64.7638
"40027202206","tract",2019,"education_state_rnk",79.872
"40027202301","tract",2019,"education_state_rnk",78.1496
"40027202302","tract",2019,"education_state_rnk",60.4331
"40027202402","tract",2019,"education_state_rnk",34.3012
"40027202403","tract",2019,"education_state_rnk",77.9528
"40027202404","tract",2019,"education_state_rnk",45.7677
"40027202405","tract",2019,"education_state_rnk",NA
"40027202500","tract",2019,"education_state_rnk",44.5866
"40027202600","tract",2019,"education_state_rnk",21.752
"40029388100","tract",2019,"education_state_rnk",41.7323
"40029388200","tract",2019,"education_state_rnk",8.0709
"40031000100","tract",2019,"education_state_rnk",17.3228
"40031000200","tract",2019,"education_state_rnk",57.2835
"40031000300","tract",2019,"education_state_rnk",50.7874
"40031000401","tract",2019,"education_state_rnk",49.2126
"40031000402","tract",2019,"education_state_rnk",73.7205
"40031000403","tract",2019,"education_state_rnk",76.0827
"40031000501","tract",2019,"education_state_rnk",72.5394
"40031000502","tract",2019,"education_state_rnk",77.0669
"40031000600","tract",2019,"education_state_rnk",36.0236
"40031000700","tract",2019,"education_state_rnk",58.9075
"40031000800","tract",2019,"education_state_rnk",13.5335
"40031000900","tract",2019,"education_state_rnk",52.2146
"40031001000","tract",2019,"education_state_rnk",55.7087
"40031001100","tract",2019,"education_state_rnk",79.0846
"40031001400","tract",2019,"education_state_rnk",34.9409
"40031001500","tract",2019,"education_state_rnk",5.7087
"40031001600","tract",2019,"education_state_rnk",6.25
"40031001700","tract",2019,"education_state_rnk",7.5787
"40031001901","tract",2019,"education_state_rnk",86.7126
"40031001902","tract",2019,"education_state_rnk",28.0512
"40031002001","tract",2019,"education_state_rnk",63.1398
"40031002003","tract",2019,"education_state_rnk",72.9331
"40031002004","tract",2019,"education_state_rnk",59.252
"40031002005","tract",2019,"education_state_rnk",NA
"40031002100","tract",2019,"education_state_rnk",52.6575
"40031002200","tract",2019,"education_state_rnk",70.0295
"40031002301","tract",2019,"education_state_rnk",83.2677
"40031002302","tract",2019,"education_state_rnk",60.3346
"40031002401","tract",2019,"education_state_rnk",NA
"40031002403","tract",2019,"education_state_rnk",NA
"40031002404","tract",2019,"education_state_rnk",NA
"40031002500","tract",2019,"education_state_rnk",29.7736
"40033871100","tract",2019,"education_state_rnk",18.2087
"40033871200","tract",2019,"education_state_rnk",63.878
"40035373100","tract",2019,"education_state_rnk",33.2677
"40035373200","tract",2019,"education_state_rnk",58.563
"40035373300","tract",2019,"education_state_rnk",28.8386
"40035373400","tract",2019,"education_state_rnk",56.6437
"40035373500","tract",2019,"education_state_rnk",38.2874
"40037020101","tract",2019,"education_state_rnk",60.7283
"40037020102","tract",2019,"education_state_rnk",11.2205
"40037020103","tract",2019,"education_state_rnk",81.2008
"40037020601","tract",2019,"education_state_rnk",41.6339
"40037020602","tract",2019,"education_state_rnk",22.4409
"40037020702","tract",2019,"education_state_rnk",51.378
"40037020704","tract",2019,"education_state_rnk",26.4764
"40037020705","tract",2019,"education_state_rnk",32.3327
"40037020706","tract",2019,"education_state_rnk",59.8425
"40037020707","tract",2019,"education_state_rnk",75.5906
"40037020800","tract",2019,"education_state_rnk",17.5197
"40037020900","tract",2019,"education_state_rnk",73.0315
"40037021000","tract",2019,"education_state_rnk",17.4213
"40037021101","tract",2019,"education_state_rnk",33.5138
"40037021102","tract",2019,"education_state_rnk",22.9331
"40037021201","tract",2019,"education_state_rnk",73.5728
"40037021202","tract",2019,"education_state_rnk",48.7205
"40037021300","tract",2019,"education_state_rnk",22.3425
"40037021400","tract",2019,"education_state_rnk",58.2677
"40037021500","tract",2019,"education_state_rnk",54.1339
"40037021600","tract",2019,"education_state_rnk",72.7854
"40039950800","tract",2019,"education_state_rnk",3.9862
"40039960400","tract",2019,"education_state_rnk",39.3701
"40039960600","tract",2019,"education_state_rnk",46.6535
"40039960700","tract",2019,"education_state_rnk",76.9685
"40039961000","tract",2019,"education_state_rnk",30.315
"40041375601","tract",2019,"education_state_rnk",61.3189
"40041375602","tract",2019,"education_state_rnk",42.7165
"40041375700","tract",2019,"education_state_rnk",70.0295
"40041375801","tract",2019,"education_state_rnk",65.6988
"40041375802","tract",2019,"education_state_rnk",72.2441
"40041375900","tract",2019,"education_state_rnk",9.8425
"40041376000","tract",2019,"education_state_rnk",15.8465
"40041376100","tract",2019,"education_state_rnk",10.6299
"40041976200","tract",2019,"education_state_rnk",27.2638
"40043959100","tract",2019,"education_state_rnk",36.4173
"40043959200","tract",2019,"education_state_rnk",76.6732
"40043959300","tract",2019,"education_state_rnk",56.2992
"40045952600","tract",2019,"education_state_rnk",36.5157
"40045952800","tract",2019,"education_state_rnk",54.6752
"40047000100","tract",2019,"education_state_rnk",9.7441
"40047000200","tract",2019,"education_state_rnk",35.2362
"40047000600","tract",2019,"education_state_rnk",55.1181
"40047000700","tract",2019,"education_state_rnk",6.3976
"40047001100","tract",2019,"education_state_rnk",68.8976
"40047001200","tract",2019,"education_state_rnk",60.8268
"40047001300","tract",2019,"education_state_rnk",89.8622
"40047001401","tract",2019,"education_state_rnk",73.2283
"40047001402","tract",2019,"education_state_rnk",80.2165
"40047001500","tract",2019,"education_state_rnk",9.0551
"40047001601","tract",2019,"education_state_rnk",75.7874
"40047001602","tract",2019,"education_state_rnk",58.7106
"40049681100","tract",2019,"education_state_rnk",39.2717
"40049681200","tract",2019,"education_state_rnk",41.2402
"40049681300","tract",2019,"education_state_rnk",16.7815
"40049681400","tract",2019,"education_state_rnk",31.3484
"40049681500","tract",2019,"education_state_rnk",52.0669
"40049681600","tract",2019,"education_state_rnk",39.6654
"40049681700","tract",2019,"education_state_rnk",40.3543
"40049681800","tract",2019,"education_state_rnk",48.0315
"40049681900","tract",2019,"education_state_rnk",35.0886
"40051000100","tract",2019,"education_state_rnk",8.6614
"40051000400","tract",2019,"education_state_rnk",26.7224
"40051000500","tract",2019,"education_state_rnk",70.374
"40051000600","tract",2019,"education_state_rnk",41.4862
"40051000700","tract",2019,"education_state_rnk",40.4528
"40051000800","tract",2019,"education_state_rnk",62.7953
"40051000901","tract",2019,"education_state_rnk",50.8858
"40051000902","tract",2019,"education_state_rnk",58.3661
"40051000903","tract",2019,"education_state_rnk",68.9961
"40051001000","tract",2019,"education_state_rnk",34.5472
"40053956400","tract",2019,"education_state_rnk",51.0827
"40053956500","tract",2019,"education_state_rnk",54.9213
"40055967100","tract",2019,"education_state_rnk",NA
"40055967200","tract",2019,"education_state_rnk",18.7008
"40057967800","tract",2019,"education_state_rnk",14.6654
"40059952100","tract",2019,"education_state_rnk",22.5394
"40059952200","tract",2019,"education_state_rnk",12.0079
"40061279100","tract",2019,"education_state_rnk",20.9154
"40061279200","tract",2019,"education_state_rnk",24.7047
"40061279300","tract",2019,"education_state_rnk",51.8209
"40061279400","tract",2019,"education_state_rnk",28.1496
"40063484600","tract",2019,"education_state_rnk",34.4488
"40063484700","tract",2019,"education_state_rnk",33.5138
"40063484800","tract",2019,"education_state_rnk",NA
"40063484900","tract",2019,"education_state_rnk",53.7894
"40063485000","tract",2019,"education_state_rnk",18.9961
"40065968100","tract",2019,"education_state_rnk",51.8209
"40065968200","tract",2019,"education_state_rnk",19.3898
"40065968300","tract",2019,"education_state_rnk",28.937
"40065968400","tract",2019,"education_state_rnk",83.5138
"40065968500","tract",2019,"education_state_rnk",61.7126
"40065968600","tract",2019,"education_state_rnk",5.5118
"40065968700","tract",2019,"education_state_rnk",6.7913
"40065968800","tract",2019,"education_state_rnk",6.1024
"40067371600","tract",2019,"education_state_rnk",19.5866
"40067371700","tract",2019,"education_state_rnk",9.5472
"40067371800","tract",2019,"education_state_rnk",49.5079
"40069660198","tract",2019,"education_state_rnk",31.0039
"40069660200","tract",2019,"education_state_rnk",41.8799
"40069660300","tract",2019,"education_state_rnk",21.3583
"40071000100","tract",2019,"education_state_rnk",22.6378
"40071000201","tract",2019,"education_state_rnk",41.4862
"40071000202","tract",2019,"education_state_rnk",59.0551
"40071000300","tract",2019,"education_state_rnk",79.5768
"40071000400","tract",2019,"education_state_rnk",13.1398
"40071000500","tract",2019,"education_state_rnk",13.2874
"40071000600","tract",2019,"education_state_rnk",44.0945
"40071001100","tract",2019,"education_state_rnk",34.3012
"40071001200","tract",2019,"education_state_rnk",28.4449
"40071001301","tract",2019,"education_state_rnk",21.8504
"40071001302","tract",2019,"education_state_rnk",54.6752
"40073958100","tract",2019,"education_state_rnk",23.9173
"40073958200","tract",2019,"education_state_rnk",62.0079
"40073958300","tract",2019,"education_state_rnk",23.3268
"40073958400","tract",2019,"education_state_rnk",74.8031
"40075963600","tract",2019,"education_state_rnk",65.0591
"40075963700","tract",2019,"education_state_rnk",22.2441
"40075964200","tract",2019,"education_state_rnk",33.8583
"40077087100","tract",2019,"education_state_rnk",38.0906
"40077087200","tract",2019,"education_state_rnk",27.3622
"40077087300","tract",2019,"education_state_rnk",45.4724
"40079040102","tract",2019,"education_state_rnk",25.7874
"40079040198","tract",2019,"education_state_rnk",11.811
"40079040299","tract",2019,"education_state_rnk",16.437
"40079040301","tract",2019,"education_state_rnk",16.7815
"40079040302","tract",2019,"education_state_rnk",37.8445
"40079040303","tract",2019,"education_state_rnk",28.2972
"40079040401","tract",2019,"education_state_rnk",28.6417
"40079040402","tract",2019,"education_state_rnk",9.9409
"40079040500","tract",2019,"education_state_rnk",49.065
"40079040601","tract",2019,"education_state_rnk",12.5984
"40079040602","tract",2019,"education_state_rnk",18.0118
"40079040700","tract",2019,"education_state_rnk",42.815
"40081961100","tract",2019,"education_state_rnk",47.2933
"40081961200","tract",2019,"education_state_rnk",24.2126
"40081961300","tract",2019,"education_state_rnk",31.4961
"40081961400","tract",2019,"education_state_rnk",48.1299
"40081961500","tract",2019,"education_state_rnk",50.3937
"40081961600","tract",2019,"education_state_rnk",48.622
"40081961700","tract",2019,"education_state_rnk",35.5315
"40083600100","tract",2019,"education_state_rnk",38.3858
"40083600200","tract",2019,"education_state_rnk",20.4724
"40083600300","tract",2019,"education_state_rnk",45.9154
"40083600400","tract",2019,"education_state_rnk",68.4055
"40083600500","tract",2019,"education_state_rnk",75.0984
"40083600600","tract",2019,"education_state_rnk",43.8976
"40083600700","tract",2019,"education_state_rnk",60.9252
"40083600800","tract",2019,"education_state_rnk",83.7598
"40085094100","tract",2019,"education_state_rnk",5.8071
"40085094200","tract",2019,"education_state_rnk",18.7992
"40085094300","tract",2019,"education_state_rnk",17.2244
"40087400101","tract",2019,"education_state_rnk",67.0276
"40087400102","tract",2019,"education_state_rnk",53.7894
"40087400201","tract",2019,"education_state_rnk",50.9843
"40087400202","tract",2019,"education_state_rnk",54.8228
"40087400300","tract",2019,"education_state_rnk",16.5354
"40087400400","tract",2019,"education_state_rnk",68.5039
"40089098200","tract",2019,"education_state_rnk",31.3484
"40089098300","tract",2019,"education_state_rnk",23.2283
"40089098400","tract",2019,"education_state_rnk",17.0276
"40089098500","tract",2019,"education_state_rnk",39.4685
"40089098600","tract",2019,"education_state_rnk",4.8228
"40089098700","tract",2019,"education_state_rnk",27.5098
"40089098800","tract",2019,"education_state_rnk",37.4016
"40089098900","tract",2019,"education_state_rnk",14.2717
"40091779600","tract",2019,"education_state_rnk",35.9252
"40091779700","tract",2019,"education_state_rnk",26.8701
"40091779900","tract",2019,"education_state_rnk",38.5827
"40091780100","tract",2019,"education_state_rnk",48.8189
"40091780200","tract",2019,"education_state_rnk",19.2913
"40091780300","tract",2019,"education_state_rnk",66.2402
"40093955100","tract",2019,"education_state_rnk",33.0217
"40093955200","tract",2019,"education_state_rnk",90.3543
"40093955300","tract",2019,"education_state_rnk",49.311
"40095094698","tract",2019,"education_state_rnk",14.4685
"40095094700","tract",2019,"education_state_rnk",3.1496
"40095094801","tract",2019,"education_state_rnk",43.1102
"40095094802","tract",2019,"education_state_rnk",48.4252
"40097040100","tract",2019,"education_state_rnk",24.1142
"40097040200","tract",2019,"education_state_rnk",60.1378
"40097040300","tract",2019,"education_state_rnk",66.4862
"40097040400","tract",2019,"education_state_rnk",17.8642
"40097040501","tract",2019,"education_state_rnk",20.6693
"40097040502","tract",2019,"education_state_rnk",30.4134
"40097040600","tract",2019,"education_state_rnk",33.7598
"40097040700","tract",2019,"education_state_rnk",25.4921
"40097040800","tract",2019,"education_state_rnk",43.4547
"40099790600","tract",2019,"education_state_rnk",50.5906
"40099790700","tract",2019,"education_state_rnk",26.1811
"40099790800","tract",2019,"education_state_rnk",22.8346
"40101000100","tract",2019,"education_state_rnk",56.2008
"40101000200","tract",2019,"education_state_rnk",13.3858
"40101000300","tract",2019,"education_state_rnk",21.063
"40101000400","tract",2019,"education_state_rnk",36.6142
"40101000600","tract",2019,"education_state_rnk",29.5768
"40101000700","tract",2019,"education_state_rnk",5.2165
"40101000801","tract",2019,"education_state_rnk",62.4016
"40101000802","tract",2019,"education_state_rnk",70.9154
"40101000900","tract",2019,"education_state_rnk",52.5591
"40101001000","tract",2019,"education_state_rnk",50
"40101001100","tract",2019,"education_state_rnk",42.1752
"40101001200","tract",2019,"education_state_rnk",NA
"40101001300","tract",2019,"education_state_rnk",41.3386
"40101001400","tract",2019,"education_state_rnk",63.4843
"40101001500","tract",2019,"education_state_rnk",15.4528
"40101001600","tract",2019,"education_state_rnk",29.4291
"40103956600","tract",2019,"education_state_rnk",46.3583
"40103956900","tract",2019,"education_state_rnk",78.7402
"40103957000","tract",2019,"education_state_rnk",55.9055
"40103957100","tract",2019,"education_state_rnk",68.3071
"40105172100","tract",2019,"education_state_rnk",52.4606
"40105172200","tract",2019,"education_state_rnk",55.2165
"40105172300","tract",2019,"education_state_rnk",58.4646
"40105172400","tract",2019,"education_state_rnk",31.9882
"40107080600","tract",2019,"education_state_rnk",27.7559
"40107080700","tract",2019,"education_state_rnk",26.0335
"40107080900","tract",2019,"education_state_rnk",12.5
"40107081000","tract",2019,"education_state_rnk",33.9567
"40109100100","tract",2019,"education_state_rnk",88.3858
"40109100200","tract",2019,"education_state_rnk",51.6732
"40109100300","tract",2019,"education_state_rnk",98.4252
"40109100400","tract",2019,"education_state_rnk",15.3543
"40109100500","tract",2019,"education_state_rnk",50.689
"40109100600","tract",2019,"education_state_rnk",99.311
"40109100700","tract",2019,"education_state_rnk",92.815
"40109100800","tract",2019,"education_state_rnk",78.6417
"40109100900","tract",2019,"education_state_rnk",92.9134
"40109101000","tract",2019,"education_state_rnk",NA
"40109101100","tract",2019,"education_state_rnk",94.0945
"40109101200","tract",2019,"education_state_rnk",96.2598
"40109101300","tract",2019,"education_state_rnk",25.3937
"40109101400","tract",2019,"education_state_rnk",17.6181
"40109101500","tract",2019,"education_state_rnk",92.126
"40109101600","tract",2019,"education_state_rnk",94.7835
"40109101700","tract",2019,"education_state_rnk",98.0315
"40109101800","tract",2019,"education_state_rnk",98.622
"40109101900","tract",2019,"education_state_rnk",71.1614
"40109102000","tract",2019,"education_state_rnk",58.1693
"40109102100","tract",2019,"education_state_rnk",64.6654
"40109102200","tract",2019,"education_state_rnk",3.248
"40109102300","tract",2019,"education_state_rnk",65.8465
"40109102400","tract",2019,"education_state_rnk",7.185
"40109102500","tract",2019,"education_state_rnk",97.1457
"40109102600","tract",2019,"education_state_rnk",86.122
"40109102700","tract",2019,"education_state_rnk",NA
"40109102800","tract",2019,"education_state_rnk",10.4331
"40109102900","tract",2019,"education_state_rnk",85.4331
"40109103000","tract",2019,"education_state_rnk",96.4567
"40109103200","tract",2019,"education_state_rnk",NA
"40109103300","tract",2019,"education_state_rnk",4.1339
"40109103400","tract",2019,"education_state_rnk",1.1811
"40109103500","tract",2019,"education_state_rnk",NA
"40109103601","tract",2019,"education_state_rnk",98.8189
"40109103602","tract",2019,"education_state_rnk",NA
"40109103700","tract",2019,"education_state_rnk",NA
"40109103800","tract",2019,"education_state_rnk",100
"40109103900","tract",2019,"education_state_rnk",1.7717
"40109104000","tract",2019,"education_state_rnk",0.0984
"40109104100","tract",2019,"education_state_rnk",3.8386
"40109104200","tract",2019,"education_state_rnk",0.1969
"40109104300","tract",2019,"education_state_rnk",4.9213
"40109104400","tract",2019,"education_state_rnk",0.2953
"40109104500","tract",2019,"education_state_rnk",0
"40109104600","tract",2019,"education_state_rnk",1.5748
"40109104700","tract",2019,"education_state_rnk",3.4449
"40109104800","tract",2019,"education_state_rnk",2.0669
"40109104900","tract",2019,"education_state_rnk",0.3937
"40109105000","tract",2019,"education_state_rnk",0.5906
"40109105100","tract",2019,"education_state_rnk",95.9646
"40109105201","tract",2019,"education_state_rnk",44.4882
"40109105202","tract",2019,"education_state_rnk",33.6614
"40109105300","tract",2019,"education_state_rnk",0.9843
"40109105400","tract",2019,"education_state_rnk",1.2795
"40109105500","tract",2019,"education_state_rnk",1.378
"40109105600","tract",2019,"education_state_rnk",0.689
"40109105700","tract",2019,"education_state_rnk",NA
"40109105800","tract",2019,"education_state_rnk",7.7756
"40109105903","tract",2019,"education_state_rnk",44.7835
"40109105904","tract",2019,"education_state_rnk",22.1457
"40109105905","tract",2019,"education_state_rnk",13.6811
"40109105906","tract",2019,"education_state_rnk",50.3937
"40109105907","tract",2019,"education_state_rnk",4.5276
"40109106000","tract",2019,"education_state_rnk",83.9567
"40109106100","tract",2019,"education_state_rnk",60.6299
"40109106200","tract",2019,"education_state_rnk",77.4606
"40109106301","tract",2019,"education_state_rnk",5.1181
"40109106302","tract",2019,"education_state_rnk",19.685
"40109106303","tract",2019,"education_state_rnk",53.6417
"40109106401","tract",2019,"education_state_rnk",99.9016
"40109106402","tract",2019,"education_state_rnk",99.2126
"40109106403","tract",2019,"education_state_rnk",96.063
"40109106501","tract",2019,"education_state_rnk",99.5079
"40109106502","tract",2019,"education_state_rnk",82.3819
"40109106503","tract",2019,"education_state_rnk",98.1299
"40109106601","tract",2019,"education_state_rnk",74.4094
"40109106602","tract",2019,"education_state_rnk",84.6949
"40109106604","tract",2019,"education_state_rnk",81.3976
"40109106606","tract",2019,"education_state_rnk",57.9724
"40109106607","tract",2019,"education_state_rnk",37.3031
"40109106608","tract",2019,"education_state_rnk",94.5866
"40109106609","tract",2019,"education_state_rnk",96.3583
"40109106610","tract",2019,"education_state_rnk",84.2028
"40109106702","tract",2019,"education_state_rnk",43.75
"40109106704","tract",2019,"education_state_rnk",69.6358
"40109106705","tract",2019,"education_state_rnk",74.2126
"40109106706","tract",2019,"education_state_rnk",69.1929
"40109106707","tract",2019,"education_state_rnk",30.8071
"40109106708","tract",2019,"education_state_rnk",92.5197
"40109106801","tract",2019,"education_state_rnk",9.252
"40109106802","tract",2019,"education_state_rnk",32.5787
"40109106803","tract",2019,"education_state_rnk",44.2913
"40109106804","tract",2019,"education_state_rnk",15.5512
"40109106902","tract",2019,"education_state_rnk",12.7953
"40109106903","tract",2019,"education_state_rnk",71.063
"40109106906","tract",2019,"education_state_rnk",59.252
"40109106907","tract",2019,"education_state_rnk",14.5669
"40109106909","tract",2019,"education_state_rnk",40.9449
"40109106910","tract",2019,"education_state_rnk",69.4882
"40109106911","tract",2019,"education_state_rnk",49.6063
"40109106912","tract",2019,"education_state_rnk",15.9941
"40109106913","tract",2019,"education_state_rnk",7.9724
"40109106914","tract",2019,"education_state_rnk",6.6929
"40109106915","tract",2019,"education_state_rnk",3.7402
"40109107001","tract",2019,"education_state_rnk",1.4764
"40109107002","tract",2019,"education_state_rnk",5.4134
"40109107101","tract",2019,"education_state_rnk",NA
"40109107103","tract",2019,"education_state_rnk",2.5591
"40109107104","tract",2019,"education_state_rnk",1.8701
"40109107206","tract",2019,"education_state_rnk",8.4646
"40109107207","tract",2019,"education_state_rnk",20.3248
"40109107209","tract",2019,"education_state_rnk",11.4173
"40109107210","tract",2019,"education_state_rnk",62.5492
"40109107211","tract",2019,"education_state_rnk",29.7736
"40109107212","tract",2019,"education_state_rnk",15.1575
"40109107213","tract",2019,"education_state_rnk",4.4291
"40109107214","tract",2019,"education_state_rnk",9.4488
"40109107215","tract",2019,"education_state_rnk",2.3622
"40109107216","tract",2019,"education_state_rnk",0.8858
"40109107217","tract",2019,"education_state_rnk",2.6575
"40109107218","tract",2019,"education_state_rnk",1.0827
"40109107219","tract",2019,"education_state_rnk",1.9685
"40109107220","tract",2019,"education_state_rnk",3.6417
"40109107221","tract",2019,"education_state_rnk",12.3524
"40109107222","tract",2019,"education_state_rnk",7.2835
"40109107223","tract",2019,"education_state_rnk",4.3307
"40109107302","tract",2019,"education_state_rnk",2.8543
"40109107303","tract",2019,"education_state_rnk",11.7126
"40109107305","tract",2019,"education_state_rnk",14.9606
"40109107306","tract",2019,"education_state_rnk",4.7244
"40109107401","tract",2019,"education_state_rnk",13.878
"40109107403","tract",2019,"education_state_rnk",78.0512
"40109107404","tract",2019,"education_state_rnk",59.4488
"40109107405","tract",2019,"education_state_rnk",64.3701
"40109107500","tract",2019,"education_state_rnk",NA
"40109107601","tract",2019,"education_state_rnk",20.3248
"40109107604","tract",2019,"education_state_rnk",29.1339
"40109107605","tract",2019,"education_state_rnk",62.7953
"40109107606","tract",2019,"education_state_rnk",21.5551
"40109107607","tract",2019,"education_state_rnk",65.2559
"40109107703","tract",2019,"education_state_rnk",84.8425
"40109107704","tract",2019,"education_state_rnk",65.9449
"40109107705","tract",2019,"education_state_rnk",79.2323
"40109107706","tract",2019,"education_state_rnk",26.7224
"40109107707","tract",2019,"education_state_rnk",83.5138
"40109107801","tract",2019,"education_state_rnk",33.0217
"40109107804","tract",2019,"education_state_rnk",32.3327
"40109107805","tract",2019,"education_state_rnk",38.4843
"40109107806","tract",2019,"education_state_rnk",46.4567
"40109107807","tract",2019,"education_state_rnk",47.5394
"40109107808","tract",2019,"education_state_rnk",36.2205
"40109107809","tract",2019,"education_state_rnk",37.1063
"40109107810","tract",2019,"education_state_rnk",59.6457
"40109107900","tract",2019,"education_state_rnk",38.878
"40109108003","tract",2019,"education_state_rnk",62.9921
"40109108005","tract",2019,"education_state_rnk",52.8543
"40109108006","tract",2019,"education_state_rnk",82.5787
"40109108007","tract",2019,"education_state_rnk",82.6772
"40109108008","tract",2019,"education_state_rnk",37.5
"40109108009","tract",2019,"education_state_rnk",76.2795
"40109108010","tract",2019,"education_state_rnk",17.7165
"40109108011","tract",2019,"education_state_rnk",45.5709
"40109108101","tract",2019,"education_state_rnk",97.0472
"40109108106","tract",2019,"education_state_rnk",97.2441
"40109108107","tract",2019,"education_state_rnk",94.8819
"40109108109","tract",2019,"education_state_rnk",95.5709
"40109108110","tract",2019,"education_state_rnk",89.3209
"40109108113","tract",2019,"education_state_rnk",85.7283
"40109108114","tract",2019,"education_state_rnk",90.748
"40109108201","tract",2019,"education_state_rnk",80.4134
"40109108203","tract",2019,"education_state_rnk",43.3071
"40109108204","tract",2019,"education_state_rnk",29.5768
"40109108206","tract",2019,"education_state_rnk",93.6024
"40109108207","tract",2019,"education_state_rnk",NA
"40109108208","tract",2019,"education_state_rnk",47.6378
"40109108213","tract",2019,"education_state_rnk",96.1614
"40109108215","tract",2019,"education_state_rnk",89.3209
"40109108216","tract",2019,"education_state_rnk",92.3228
"40109108217","tract",2019,"education_state_rnk",85.2362
"40109108218","tract",2019,"education_state_rnk",93.7992
"40109108219","tract",2019,"education_state_rnk",93.4055
"40109108220","tract",2019,"education_state_rnk",80.1181
"40109108221","tract",2019,"education_state_rnk",90.6496
"40109108301","tract",2019,"education_state_rnk",67.2244
"40109108302","tract",2019,"education_state_rnk",90.2559
"40109108303","tract",2019,"education_state_rnk",84.2028
"40109108304","tract",2019,"education_state_rnk",88.6811
"40109108307","tract",2019,"education_state_rnk",76.5748
"40109108309","tract",2019,"education_state_rnk",24.6063
"40109108310","tract",2019,"education_state_rnk",83.8583
"40109108313","tract",2019,"education_state_rnk",87.4016
"40109108314","tract",2019,"education_state_rnk",74.0157
"40109108315","tract",2019,"education_state_rnk",94.1929
"40109108316","tract",2019,"education_state_rnk",93.2087
"40109108317","tract",2019,"education_state_rnk",91.7323
"40109108318","tract",2019,"education_state_rnk",88.2874
"40109108402","tract",2019,"education_state_rnk",97.8346
"40109108403","tract",2019,"education_state_rnk",97.7362
"40109108404","tract",2019,"education_state_rnk",87.7953
"40109108504","tract",2019,"education_state_rnk",97.6378
"40109108506","tract",2019,"education_state_rnk",96.5551
"40109108507","tract",2019,"education_state_rnk",98.5236
"40109108508","tract",2019,"education_state_rnk",89.5669
"40109108511","tract",2019,"education_state_rnk",93.9961
"40109108512","tract",2019,"education_state_rnk",91.3386
"40109108513","tract",2019,"education_state_rnk",95.374
"40109108514","tract",2019,"education_state_rnk",72.3425
"40109108515","tract",2019,"education_state_rnk",81.5453
"40109108519","tract",2019,"education_state_rnk",99.4094
"40109108520","tract",2019,"education_state_rnk",99.0157
"40109108521","tract",2019,"education_state_rnk",76.8701
"40109108523","tract",2019,"education_state_rnk",84.6949
"40109108524","tract",2019,"education_state_rnk",87.2047
"40109108525","tract",2019,"education_state_rnk",55.561
"40109108526","tract",2019,"education_state_rnk",72.7854
"40109108527","tract",2019,"education_state_rnk",92.7165
"40109108528","tract",2019,"education_state_rnk",80.315
"40109108529","tract",2019,"education_state_rnk",93.8976
"40109108530","tract",2019,"education_state_rnk",74.6063
"40109108601","tract",2019,"education_state_rnk",47.1457
"40109108602","tract",2019,"education_state_rnk",15.2559
"40109108603","tract",2019,"education_state_rnk",44.7835
"40109108701","tract",2019,"education_state_rnk",71.5551
"40109108703","tract",2019,"education_state_rnk",84.9409
"40109108704","tract",2019,"education_state_rnk",80.0197
"40109108706","tract",2019,"education_state_rnk",62.1063
"40109108707","tract",2019,"education_state_rnk",86.7126
"40109108708","tract",2019,"education_state_rnk",56.0039
"40109108709","tract",2019,"education_state_rnk",63.6811
"40109108801","tract",2019,"education_state_rnk",57.5295
"40109108802","tract",2019,"education_state_rnk",75.3445
"40109108803","tract",2019,"education_state_rnk",53.5433
"40109108804","tract",2019,"education_state_rnk",60.5315
"40109108900","tract",2019,"education_state_rnk",23.7205
"40109109001","tract",2019,"education_state_rnk",78.4449
"40109109003","tract",2019,"education_state_rnk",45.9154
"40109109004","tract",2019,"education_state_rnk",57.7756
"40109109100","tract",2019,"education_state_rnk",76.4272
"40109109201","tract",2019,"education_state_rnk",95.2756
"40109109202","tract",2019,"education_state_rnk",87.9921
"40111000100","tract",2019,"education_state_rnk",23.4252
"40111000200","tract",2019,"education_state_rnk",10.2362
"40111000300","tract",2019,"education_state_rnk",18.6024
"40111000400","tract",2019,"education_state_rnk",51.9685
"40111000500","tract",2019,"education_state_rnk",43.9961
"40111000600","tract",2019,"education_state_rnk",40.748
"40111000700","tract",2019,"education_state_rnk",43.2087
"40111000800","tract",2019,"education_state_rnk",35.0886
"40111000901","tract",2019,"education_state_rnk",43.6024
"40111000902","tract",2019,"education_state_rnk",18.5039
"40113940001","tract",2019,"education_state_rnk",26.378
"40113940002","tract",2019,"education_state_rnk",44.9803
"40113940003","tract",2019,"education_state_rnk",53.4449
"40113940004","tract",2019,"education_state_rnk",73.8681
"40113940005","tract",2019,"education_state_rnk",61.3189
"40113940006","tract",2019,"education_state_rnk",57.874
"40113940007","tract",2019,"education_state_rnk",63.9764
"40113940008","tract",2019,"education_state_rnk",62.3031
"40113940009","tract",2019,"education_state_rnk",79.5768
"40113940010","tract",2019,"education_state_rnk",31.1024
"40113940011","tract",2019,"education_state_rnk",30.5118
"40115574100","tract",2019,"education_state_rnk",29.2815
"40115574200","tract",2019,"education_state_rnk",8.1693
"40115574300","tract",2019,"education_state_rnk",19.9803
"40115574400","tract",2019,"education_state_rnk",20.7677
"40115574500","tract",2019,"education_state_rnk",12.6969
"40115574600","tract",2019,"education_state_rnk",29.2815
"40115574700","tract",2019,"education_state_rnk",61.9094
"40115574800","tract",2019,"education_state_rnk",20.0787
"40115574900","tract",2019,"education_state_rnk",24.8524
"40117957100","tract",2019,"education_state_rnk",45.6693
"40117957200","tract",2019,"education_state_rnk",74.7047
"40117957300","tract",2019,"education_state_rnk",30.2165
"40117957400","tract",2019,"education_state_rnk",45.3248
"40117957500","tract",2019,"education_state_rnk",24.4094
"40119010101","tract",2019,"education_state_rnk",75.935
"40119010102","tract",2019,"education_state_rnk",49.065
"40119010200","tract",2019,"education_state_rnk",74.9016
"40119010300","tract",2019,"education_state_rnk",NA
"40119010400","tract",2019,"education_state_rnk",NA
"40119010500","tract",2019,"education_state_rnk",51.2795
"40119010600","tract",2019,"education_state_rnk",81.5453
"40119010700","tract",2019,"education_state_rnk",57.5295
"40119010800","tract",2019,"education_state_rnk",73.4252
"40119010900","tract",2019,"education_state_rnk",86.7126
"40119011000","tract",2019,"education_state_rnk",86.0236
"40119011101","tract",2019,"education_state_rnk",53.248
"40119011102","tract",2019,"education_state_rnk",57.3819
"40119011200","tract",2019,"education_state_rnk",70.4724
"40119011301","tract",2019,"education_state_rnk",63.3366
"40119011302","tract",2019,"education_state_rnk",40.6004
"40119011400","tract",2019,"education_state_rnk",54.4291
"40121485600","tract",2019,"education_state_rnk",61.3189
"40121485700","tract",2019,"education_state_rnk",23.622
"40121485800","tract",2019,"education_state_rnk",37.8445
"40121485900","tract",2019,"education_state_rnk",51.1811
"40121486000","tract",2019,"education_state_rnk",63.1398
"40121486100","tract",2019,"education_state_rnk",41.0433
"40121486200","tract",2019,"education_state_rnk",15.748
"40121486300","tract",2019,"education_state_rnk",NA
"40121486400","tract",2019,"education_state_rnk",14.0748
"40121486500","tract",2019,"education_state_rnk",53.937
"40121486600","tract",2019,"education_state_rnk",73.3268
"40121486700","tract",2019,"education_state_rnk",35.8268
"40121486800","tract",2019,"education_state_rnk",31.2008
"40123088600","tract",2019,"education_state_rnk",63.7795
"40123088700","tract",2019,"education_state_rnk",38.6811
"40123088800","tract",2019,"education_state_rnk",72.0472
"40123088900","tract",2019,"education_state_rnk",46.5551
"40123089000","tract",2019,"education_state_rnk",66.6831
"40123089100","tract",2019,"education_state_rnk",31.6437
"40123089200","tract",2019,"education_state_rnk",12.2047
"40123089300","tract",2019,"education_state_rnk",70.9154
"40123089598","tract",2019,"education_state_rnk",52.9528
"40123089600","tract",2019,"education_state_rnk",41.1417
"40125500200","tract",2019,"education_state_rnk",16.9291
"40125500301","tract",2019,"education_state_rnk",52.2146
"40125500302","tract",2019,"education_state_rnk",20.9154
"40125500400","tract",2019,"education_state_rnk",32.185
"40125500500","tract",2019,"education_state_rnk",27.1654
"40125500600","tract",2019,"education_state_rnk",48.5236
"40125500700","tract",2019,"education_state_rnk",59.5472
"40125500800","tract",2019,"education_state_rnk",81.8898
"40125500900","tract",2019,"education_state_rnk",52.7559
"40125501001","tract",2019,"education_state_rnk",44.7835
"40125501003","tract",2019,"education_state_rnk",46.9488
"40125501004","tract",2019,"education_state_rnk",46.063
"40125501101","tract",2019,"education_state_rnk",42.9134
"40125501102","tract",2019,"education_state_rnk",37.2047
"40125501201","tract",2019,"education_state_rnk",39.5669
"40125501300","tract",2019,"education_state_rnk",32.4803
"40127097600","tract",2019,"education_state_rnk",20.1772
"40127097700","tract",2019,"education_state_rnk",21.2598
"40127097800","tract",2019,"education_state_rnk",30.0197
"40129960000","tract",2019,"education_state_rnk",34.1535
"40131050101","tract",2019,"education_state_rnk",46.2598
"40131050103","tract",2019,"education_state_rnk",69.3898
"40131050104","tract",2019,"education_state_rnk",43.4547
"40131050105","tract",2019,"education_state_rnk",67.126
"40131050201","tract",2019,"education_state_rnk",70.6693
"40131050202","tract",2019,"education_state_rnk",71.2598
"40131050203","tract",2019,"education_state_rnk",71.3583
"40131050301","tract",2019,"education_state_rnk",42.6181
"40131050302","tract",2019,"education_state_rnk",42.5197
"40131050303","tract",2019,"education_state_rnk",78.8386
"40131050304","tract",2019,"education_state_rnk",66.3386
"40131050403","tract",2019,"education_state_rnk",88.7795
"40131050404","tract",2019,"education_state_rnk",88.0906
"40131050405","tract",2019,"education_state_rnk",92.0276
"40131050406","tract",2019,"education_state_rnk",88.878
"40131050407","tract",2019,"education_state_rnk",56.8898
"40131050408","tract",2019,"education_state_rnk",73.1299
"40131050409","tract",2019,"education_state_rnk",47.9331
"40131050501","tract",2019,"education_state_rnk",53.1004
"40131050502","tract",2019,"education_state_rnk",35.6791
"40131050601","tract",2019,"education_state_rnk",61.122
"40131050602","tract",2019,"education_state_rnk",70.5709
"40131050603","tract",2019,"education_state_rnk",82.4803
"40131050604","tract",2019,"education_state_rnk",61.811
"40131050701","tract",2019,"education_state_rnk",15.0591
"40131050702","tract",2019,"education_state_rnk",45.0787
"40131050801","tract",2019,"education_state_rnk",61.5157
"40131050802","tract",2019,"education_state_rnk",54.2323
"40133583100","tract",2019,"education_state_rnk",33.3661
"40133583200","tract",2019,"education_state_rnk",36.811
"40133583300","tract",2019,"education_state_rnk",12.8937
"40133583400","tract",2019,"education_state_rnk",19.7835
"40133583500","tract",2019,"education_state_rnk",16.3386
"40133583600","tract",2019,"education_state_rnk",8.2677
"40133583700","tract",2019,"education_state_rnk",21.9488
"40133583800","tract",2019,"education_state_rnk",26.2795
"40133583900","tract",2019,"education_state_rnk",37.9921
"40135030101","tract",2019,"education_state_rnk",14.8622
"40135030103","tract",2019,"education_state_rnk",17.8642
"40135030104","tract",2019,"education_state_rnk",25.5906
"40135030201","tract",2019,"education_state_rnk",27.0177
"40135030202","tract",2019,"education_state_rnk",10.7283
"40135030301","tract",2019,"education_state_rnk",7.3819
"40135030302","tract",2019,"education_state_rnk",19.0945
"40135030401","tract",2019,"education_state_rnk",25.2461
"40135030402","tract",2019,"education_state_rnk",19.4882
"40137000101","tract",2019,"education_state_rnk",55.3642
"40137000102","tract",2019,"education_state_rnk",32.0866
"40137000200","tract",2019,"education_state_rnk",65.502
"40137000300","tract",2019,"education_state_rnk",31.7913
"40137000400","tract",2019,"education_state_rnk",24.8524
"40137000600","tract",2019,"education_state_rnk",16.6339
"40137000800","tract",2019,"education_state_rnk",62.2047
"40137000901","tract",2019,"education_state_rnk",49.9016
"40137000902","tract",2019,"education_state_rnk",38.189
"40137001000","tract",2019,"education_state_rnk",44.3898
"40137001100","tract",2019,"education_state_rnk",23.0315
"40139950600","tract",2019,"education_state_rnk",12.1063
"40139950700","tract",2019,"education_state_rnk",17.126
"40139950800","tract",2019,"education_state_rnk",2.4606
"40139950900","tract",2019,"education_state_rnk",4.2323
"40139951000","tract",2019,"education_state_rnk",35.3346
"40141070100","tract",2019,"education_state_rnk",30.6102
"40141070200","tract",2019,"education_state_rnk",10.3346
"40141070300","tract",2019,"education_state_rnk",14.1732
"40141070400","tract",2019,"education_state_rnk",8.7598
"40141070500","tract",2019,"education_state_rnk",18.3071
"40143000100","tract",2019,"education_state_rnk",5.9055
"40143000200","tract",2019,"education_state_rnk",25.8858
"40143000300","tract",2019,"education_state_rnk",1.6732
"40143000400","tract",2019,"education_state_rnk",2.2638
"40143000500","tract",2019,"education_state_rnk",13.1398
"40143000600","tract",2019,"education_state_rnk",10.876
"40143000700","tract",2019,"education_state_rnk",28.7402
"40143000800","tract",2019,"education_state_rnk",69.8327
"40143000900","tract",2019,"education_state_rnk",54.5276
"40143001000","tract",2019,"education_state_rnk",36.9094
"40143001200","tract",2019,"education_state_rnk",0.4921
"40143001300","tract",2019,"education_state_rnk",0.7874
"40143001400","tract",2019,"education_state_rnk",2.1654
"40143001500","tract",2019,"education_state_rnk",7.874
"40143001600","tract",2019,"education_state_rnk",2.7559
"40143001700","tract",2019,"education_state_rnk",66.0433
"40143001800","tract",2019,"education_state_rnk",81.6929
"40143001900","tract",2019,"education_state_rnk",86.4665
"40143002000","tract",2019,"education_state_rnk",58.7106
"40143002100","tract",2019,"education_state_rnk",NA
"40143002301","tract",2019,"education_state_rnk",32.7756
"40143002500","tract",2019,"education_state_rnk",NA
"40143002700","tract",2019,"education_state_rnk",55.561
"40143002900","tract",2019,"education_state_rnk",36.7126
"40143003000","tract",2019,"education_state_rnk",6.5945
"40143003100","tract",2019,"education_state_rnk",98.7205
"40143003200","tract",2019,"education_state_rnk",95.6693
"40143003300","tract",2019,"education_state_rnk",96.8504
"40143003400","tract",2019,"education_state_rnk",89.7638
"40143003500","tract",2019,"education_state_rnk",96.9488
"40143003600","tract",2019,"education_state_rnk",97.4409
"40143003700","tract",2019,"education_state_rnk",93.0118
"40143003800","tract",2019,"education_state_rnk",85.8268
"40143003900","tract",2019,"education_state_rnk",89.6654
"40143004000","tract",2019,"education_state_rnk",94.3898
"40143004101","tract",2019,"education_state_rnk",98.9173
"40143004200","tract",2019,"education_state_rnk",99.7047
"40143004301","tract",2019,"education_state_rnk",99.8031
"40143004302","tract",2019,"education_state_rnk",99.6063
"40143004400","tract",2019,"education_state_rnk",98.3268
"40143004500","tract",2019,"education_state_rnk",99.1142
"40143004600","tract",2019,"education_state_rnk",36.122
"40143004700","tract",2019,"education_state_rnk",64.1732
"40143004800","tract",2019,"education_state_rnk",26.0335
"40143004900","tract",2019,"education_state_rnk",27.8543
"40143005001","tract",2019,"education_state_rnk",91.5354
"40143005002","tract",2019,"education_state_rnk",91.8307
"40143005100","tract",2019,"education_state_rnk",95.0787
"40143005200","tract",2019,"education_state_rnk",95.7677
"40143005300","tract",2019,"education_state_rnk",87.1063
"40143005401","tract",2019,"education_state_rnk",67.5689
"40143005402","tract",2019,"education_state_rnk",75.4921
"40143005500","tract",2019,"education_state_rnk",46.1614
"40143005600","tract",2019,"education_state_rnk",25
"40143005700","tract",2019,"education_state_rnk",6.0039
"40143005801","tract",2019,"education_state_rnk",46.8504
"40143005805","tract",2019,"education_state_rnk",74.5079
"40143005806","tract",2019,"education_state_rnk",78.3465
"40143005807","tract",2019,"education_state_rnk",80.6102
"40143005808","tract",2019,"education_state_rnk",85.1378
"40143005900","tract",2019,"education_state_rnk",3.3465
"40143006000","tract",2019,"education_state_rnk",5.6102
"40143006200","tract",2019,"education_state_rnk",11.9094
"40143006506","tract",2019,"education_state_rnk",67.7165
"40143006507","tract",2019,"education_state_rnk",63.5827
"40143006600","tract",2019,"education_state_rnk",32.6772
"40143006701","tract",2019,"education_state_rnk",24.5079
"40143006703","tract",2019,"education_state_rnk",61.6142
"40143006705","tract",2019,"education_state_rnk",90.8957
"40143006707","tract",2019,"education_state_rnk",67.5689
"40143006708","tract",2019,"education_state_rnk",82.874
"40143006801","tract",2019,"education_state_rnk",77.5591
"40143006803","tract",2019,"education_state_rnk",68.7992
"40143006804","tract",2019,"education_state_rnk",62.5492
"40143006901","tract",2019,"education_state_rnk",93.7008
"40143006902","tract",2019,"education_state_rnk",98.2283
"40143006903","tract",2019,"education_state_rnk",77.7559
"40143006905","tract",2019,"education_state_rnk",50.1969
"40143006906","tract",2019,"education_state_rnk",21.6535
"40143006907","tract",2019,"education_state_rnk",64.5177
"40143007000","tract",2019,"education_state_rnk",39.9606
"40143007101","tract",2019,"education_state_rnk",31.8898
"40143007102","tract",2019,"education_state_rnk",45.1772
"40143007200","tract",2019,"education_state_rnk",12.3524
"40143007304","tract",2019,"education_state_rnk",9.3504
"40143007305","tract",2019,"education_state_rnk",10.1378
"40143007306","tract",2019,"education_state_rnk",2.9528
"40143007308","tract",2019,"education_state_rnk",22.0472
"40143007309","tract",2019,"education_state_rnk",14.7638
"40143007310","tract",2019,"education_state_rnk",3.5433
"40143007311","tract",2019,"education_state_rnk",8.3661
"40143007312","tract",2019,"education_state_rnk",16.2402
"40143007402","tract",2019,"education_state_rnk",44.1929
"40143007407","tract",2019,"education_state_rnk",71.4567
"40143007408","tract",2019,"education_state_rnk",15.9941
"40143007409","tract",2019,"education_state_rnk",25.689
"40143007410","tract",2019,"education_state_rnk",55.8071
"40143007411","tract",2019,"education_state_rnk",86.3189
"40143007412","tract",2019,"education_state_rnk",79.3307
"40143007413","tract",2019,"education_state_rnk",83.1693
"40143007414","tract",2019,"education_state_rnk",75.1969
"40143007415","tract",2019,"education_state_rnk",64.0748
"40143007503","tract",2019,"education_state_rnk",56.1024
"40143007506","tract",2019,"education_state_rnk",70.2756
"40143007507","tract",2019,"education_state_rnk",81.2992
"40143007508","tract",2019,"education_state_rnk",82.2835
"40143007510","tract",2019,"education_state_rnk",66.1417
"40143007511","tract",2019,"education_state_rnk",71.6535
"40143007512","tract",2019,"education_state_rnk",69.8327
"40143007513","tract",2019,"education_state_rnk",90.5512
"40143007515","tract",2019,"education_state_rnk",79.4291
"40143007516","tract",2019,"education_state_rnk",87.5
"40143007518","tract",2019,"education_state_rnk",89.1732
"40143007519","tract",2019,"education_state_rnk",87.8937
"40143007520","tract",2019,"education_state_rnk",91.2402
"40143007522","tract",2019,"education_state_rnk",80.8071
"40143007523","tract",2019,"education_state_rnk",85.0394
"40143007524","tract",2019,"education_state_rnk",91.6339
"40143007608","tract",2019,"education_state_rnk",67.4213
"40143007609","tract",2019,"education_state_rnk",68.7008
"40143007611","tract",2019,"education_state_rnk",91.9291
"40143007612","tract",2019,"education_state_rnk",NA
"40143007613","tract",2019,"education_state_rnk",97.3425
"40143007614","tract",2019,"education_state_rnk",96.6535
"40143007615","tract",2019,"education_state_rnk",83.6614
"40143007616","tract",2019,"education_state_rnk",94.9803
"40143007617","tract",2019,"education_state_rnk",36.3189
"40143007618","tract",2019,"education_state_rnk",80.7087
"40143007619","tract",2019,"education_state_rnk",84.4488
"40143007620","tract",2019,"education_state_rnk",95.1772
"40143007624","tract",2019,"education_state_rnk",59.7441
"40143007625","tract",2019,"education_state_rnk",7.4803
"40143007629","tract",2019,"education_state_rnk",91.437
"40143007630","tract",2019,"education_state_rnk",89.0748
"40143007631","tract",2019,"education_state_rnk",92.6181
"40143007632","tract",2019,"education_state_rnk",96.752
"40143007633","tract",2019,"education_state_rnk",90.8957
"40143007634","tract",2019,"education_state_rnk",95.8661
"40143007635","tract",2019,"education_state_rnk",92.4213
"40143007636","tract",2019,"education_state_rnk",94.2913
"40143007637","tract",2019,"education_state_rnk",97.5394
"40143007638","tract",2019,"education_state_rnk",92.2244
"40143007639","tract",2019,"education_state_rnk",88.4843
"40143007641","tract",2019,"education_state_rnk",8.8583
"40143007642","tract",2019,"education_state_rnk",18.1102
"40143007701","tract",2019,"education_state_rnk",78.248
"40143007702","tract",2019,"education_state_rnk",72.4409
"40143007801","tract",2019,"education_state_rnk",67.3228
"40143007802","tract",2019,"education_state_rnk",85.6299
"40143007900","tract",2019,"education_state_rnk",8.563
"40143008001","tract",2019,"education_state_rnk",3.9862
"40143008002","tract",2019,"education_state_rnk",10.876
"40143008200","tract",2019,"education_state_rnk",5.0197
"40143008300","tract",2019,"education_state_rnk",10.0394
"40143008400","tract",2019,"education_state_rnk",69.0945
"40143008501","tract",2019,"education_state_rnk",23.5236
"40143008502","tract",2019,"education_state_rnk",49.7539
"40143008600","tract",2019,"education_state_rnk",47.8346
"40143008700","tract",2019,"education_state_rnk",95.4724
"40143008800","tract",2019,"education_state_rnk",18.4055
"40143008900","tract",2019,"education_state_rnk",6.25
"40143009003","tract",2019,"education_state_rnk",85.9252
"40143009004","tract",2019,"education_state_rnk",3.0512
"40143009006","tract",2019,"education_state_rnk",9.6457
"40143009007","tract",2019,"education_state_rnk",11.122
"40143009008","tract",2019,"education_state_rnk",6.4961
"40143009009","tract",2019,"education_state_rnk",90.1575
"40143009101","tract",2019,"education_state_rnk",6.9882
"40143009104","tract",2019,"education_state_rnk",14.3701
"40143009200","tract",2019,"education_state_rnk",47.7362
"40143009300","tract",2019,"education_state_rnk",37.0079
"40143009401","tract",2019,"education_state_rnk",72.6378
"40143009402","tract",2019,"education_state_rnk",70.1772
"40143009500","tract",2019,"education_state_rnk",68.1102
"40143011100","tract",2019,"education_state_rnk",5.315
"40145030101","tract",2019,"education_state_rnk",29.9213
"40145030102","tract",2019,"education_state_rnk",39.1732
"40145030201","tract",2019,"education_state_rnk",30.1181
"40145030202","tract",2019,"education_state_rnk",64.2717
"40145030300","tract",2019,"education_state_rnk",53.3465
"40145030402","tract",2019,"education_state_rnk",64.8622
"40145030403","tract",2019,"education_state_rnk",42.0276
"40145030405","tract",2019,"education_state_rnk",70.7677
"40145030406","tract",2019,"education_state_rnk",65.6988
"40145030502","tract",2019,"education_state_rnk",90.0591
"40145030505","tract",2019,"education_state_rnk",73.8681
"40145030506","tract",2019,"education_state_rnk",84.3504
"40145030507","tract",2019,"education_state_rnk",7.6772
"40145030508","tract",2019,"education_state_rnk",78.937
"40145030509","tract",2019,"education_state_rnk",87.6969
"40145030510","tract",2019,"education_state_rnk",82.185
"40145030511","tract",2019,"education_state_rnk",87.0079
"40145030512","tract",2019,"education_state_rnk",76.4272
"40145030601","tract",2019,"education_state_rnk",69.2913
"40145030602","tract",2019,"education_state_rnk",54.3307
"40145030798","tract",2019,"education_state_rnk",42.4213
"40145030800","tract",2019,"education_state_rnk",60.2362
"40147000100","tract",2019,"education_state_rnk",30.9055
"40147000200","tract",2019,"education_state_rnk",28.5433
"40147000300","tract",2019,"education_state_rnk",43.0118
"40147000400","tract",2019,"education_state_rnk",65.1575
"40147000500","tract",2019,"education_state_rnk",57.6772
"40147000600","tract",2019,"education_state_rnk",82.9724
"40147000700","tract",2019,"education_state_rnk",93.5039
"40147000800","tract",2019,"education_state_rnk",75.689
"40147000900","tract",2019,"education_state_rnk",11.0236
"40147001000","tract",2019,"education_state_rnk",52.3622
"40147001100","tract",2019,"education_state_rnk",18.8976
"40147001200","tract",2019,"education_state_rnk",94.685
"40147001300","tract",2019,"education_state_rnk",45.3248
"40149964900","tract",2019,"education_state_rnk",40.1575
"40149965000","tract",2019,"education_state_rnk",39.0748
"40149965100","tract",2019,"education_state_rnk",59.9409
"40149965400","tract",2019,"education_state_rnk",60.0394
"40151954200","tract",2019,"education_state_rnk",77.1654
"40151954300","tract",2019,"education_state_rnk",37.5984
"40151954400","tract",2019,"education_state_rnk",50.0984
"40153953100","tract",2019,"education_state_rnk",58.0709
"40153953200","tract",2019,"education_state_rnk",49.4094
"40153953300","tract",2019,"education_state_rnk",28.2972
"40153953400","tract",2019,"education_state_rnk",33.1693
"40153953500","tract",2019,"education_state_rnk",81.1024
