"geoid","geolevel","year","level","value"
"13001950100","tract",2019,"education_score",91.11
"13001950200","tract",2019,"education_score",75.01
"13001950300","tract",2019,"education_score",72.75
"13001950400","tract",2019,"education_score",79.67
"13001950500","tract",2019,"education_score",91.12
"13003960100","tract",2019,"education_score",56.65
"13003960200","tract",2019,"education_score",64.55
"13003960300","tract",2019,"education_score",67.86
"13005970100","tract",2019,"education_score",87.58
"13005970201","tract",2019,"education_score",84.67
"13005970202","tract",2019,"education_score",77.5
"13007960100","tract",2019,"education_score",84.12
"13007960200","tract",2019,"education_score",80.63
"13009970100","tract",2019,"education_score",101.97
"13009970200","tract",2019,"education_score",100.02
"13009970300","tract",2019,"education_score",114.17
"13009970400","tract",2019,"education_score",99.84
"13009970500","tract",2019,"education_score",79.33
"13009970600","tract",2019,"education_score",82.55
"13009970701","tract",2019,"education_score",84.03
"13009970702","tract",2019,"education_score",87.72
"13009970800","tract",2019,"education_score",92.14
"13011970100","tract",2019,"education_score",75.51
"13011970200","tract",2019,"education_score",79.53
"13011970300","tract",2019,"education_score",73.31
"13011970400","tract",2019,"education_score",81.15
"13013180103","tract",2019,"education_score",102.39
"13013180104","tract",2019,"education_score",80.11
"13013180105","tract",2019,"education_score",97.03
"13013180106","tract",2019,"education_score",90.99
"13013180107","tract",2019,"education_score",89.94
"13013180108","tract",2019,"education_score",99.73
"13013180203","tract",2019,"education_score",79.74
"13013180204","tract",2019,"education_score",79.41
"13013180205","tract",2019,"education_score",87.56
"13013180206","tract",2019,"education_score",88.56
"13013180301","tract",2019,"education_score",86.32
"13013180302","tract",2019,"education_score",96.41
"13013180303","tract",2019,"education_score",90.55
"13013180401","tract",2019,"education_score",98.22
"13013180402","tract",2019,"education_score",87.87
"13013180501","tract",2019,"education_score",95.97
"13013180502","tract",2019,"education_score",91.52
"13013180503","tract",2019,"education_score",82.44
"13015960101","tract",2019,"education_score",90.22
"13015960102","tract",2019,"education_score",98.82
"13015960200","tract",2019,"education_score",89.68
"13015960300","tract",2019,"education_score",89.62
"13015960401","tract",2019,"education_score",86.86
"13015960402","tract",2019,"education_score",94.57
"13015960500","tract",2019,"education_score",83.71
"13015960600","tract",2019,"education_score",100.31
"13015960700","tract",2019,"education_score",90.93
"13015960801","tract",2019,"education_score",79.19
"13015960802","tract",2019,"education_score",71.01
"13015960803","tract",2019,"education_score",90.87
"13015960901","tract",2019,"education_score",94.55
"13015960902","tract",2019,"education_score",96.29
"13015961000","tract",2019,"education_score",93.37
"13017960100","tract",2019,"education_score",92.71
"13017960200","tract",2019,"education_score",109.67
"13017960300","tract",2019,"education_score",86.93
"13017960400","tract",2019,"education_score",58.93
"13017960500","tract",2019,"education_score",95.13
"13019970100","tract",2019,"education_score",85.83
"13019970200","tract",2019,"education_score",81.7
"13019970300","tract",2019,"education_score",91.69
"13019970400","tract",2019,"education_score",76.5
"13019970500","tract",2019,"education_score",90.18
"13019970600","tract",2019,"education_score",85.91
"13021010100","tract",2019,"education_score",70.45
"13021010200","tract",2019,"education_score",115.59
"13021010300","tract",2019,"education_score",93.28
"13021010400","tract",2019,"education_score",75.01
"13021010500","tract",2019,"education_score",NA
"13021010800","tract",2019,"education_score",119.67
"13021011000","tract",2019,"education_score",93.44
"13021011100","tract",2019,"education_score",73.55
"13021011500","tract",2019,"education_score",59.06
"13021011701","tract",2019,"education_score",88.6
"13021011702","tract",2019,"education_score",71.2
"13021011800","tract",2019,"education_score",112.24
"13021011900","tract",2019,"education_score",99.11
"13021012000","tract",2019,"education_score",109.42
"13021012101","tract",2019,"education_score",109.24
"13021012102","tract",2019,"education_score",103.79
"13021012200","tract",2019,"education_score",99.17
"13021012300","tract",2019,"education_score",84.1
"13021012400","tract",2019,"education_score",67.96
"13021012500","tract",2019,"education_score",68.26
"13021012600","tract",2019,"education_score",74
"13021012700","tract",2019,"education_score",62.71
"13021012800","tract",2019,"education_score",75.86
"13021012900","tract",2019,"education_score",80.83
"13021013101","tract",2019,"education_score",69.85
"13021013102","tract",2019,"education_score",89.76
"13021013201","tract",2019,"education_score",73.64
"13021013202","tract",2019,"education_score",73.96
"13021013302","tract",2019,"education_score",75.37
"13021013407","tract",2019,"education_score",102.64
"13021013408","tract",2019,"education_score",118.24
"13021013409","tract",2019,"education_score",103.9
"13021013410","tract",2019,"education_score",121.34
"13021013411","tract",2019,"education_score",123.05
"13021013502","tract",2019,"education_score",85.88
"13021013503","tract",2019,"education_score",96.93
"13021013504","tract",2019,"education_score",105.59
"13021013603","tract",2019,"education_score",98
"13021013604","tract",2019,"education_score",100.12
"13021013605","tract",2019,"education_score",106.13
"13021013606","tract",2019,"education_score",106.61
"13021013700","tract",2019,"education_score",93.45
"13021013800","tract",2019,"education_score",76.54
"13021013900","tract",2019,"education_score",93.26
"13023790100","tract",2019,"education_score",102.43
"13023790200","tract",2019,"education_score",81.14
"13023790300","tract",2019,"education_score",96.58
"13025960100","tract",2019,"education_score",83.64
"13025960200","tract",2019,"education_score",87.74
"13025960300","tract",2019,"education_score",76.33
"13027960200","tract",2019,"education_score",97
"13027960300","tract",2019,"education_score",94.09
"13027960400","tract",2019,"education_score",86.63
"13027960500","tract",2019,"education_score",101.96
"13027960600","tract",2019,"education_score",94.68
"13029920101","tract",2019,"education_score",84.72
"13029920102","tract",2019,"education_score",79.04
"13029920301","tract",2019,"education_score",102.87
"13029920303","tract",2019,"education_score",93.67
"13029920305","tract",2019,"education_score",108.84
"13029920306","tract",2019,"education_score",111.48
"13029980000","tract",2019,"education_score",NA
"13031110100","tract",2019,"education_score",82.73
"13031110200","tract",2019,"education_score",97.45
"13031110300","tract",2019,"education_score",102.52
"13031110401","tract",2019,"education_score",92.04
"13031110403","tract",2019,"education_score",86.09
"13031110404","tract",2019,"education_score",NA
"13031110500","tract",2019,"education_score",104.33
"13031110601","tract",2019,"education_score",102.83
"13031110602","tract",2019,"education_score",92.42
"13031110700","tract",2019,"education_score",98.07
"13031110800","tract",2019,"education_score",89.46
"13031110900","tract",2019,"education_score",89.05
"13033950100","tract",2019,"education_score",93.17
"13033950200","tract",2019,"education_score",85.54
"13033950400","tract",2019,"education_score",82.07
"13033950500","tract",2019,"education_score",79.95
"13033950700","tract",2019,"education_score",67.18
"13033950900","tract",2019,"education_score",80.95
"13035150100","tract",2019,"education_score",94.47
"13035150200","tract",2019,"education_score",84.41
"13035150300","tract",2019,"education_score",88.2
"13037950100","tract",2019,"education_score",NA
"13037950200","tract",2019,"education_score",73.3
"13039010100","tract",2019,"education_score",90.53
"13039010200","tract",2019,"education_score",96.84
"13039010301","tract",2019,"education_score",99.12
"13039010302","tract",2019,"education_score",102.23
"13039010401","tract",2019,"education_score",95.34
"13039010402","tract",2019,"education_score",109.84
"13039010403","tract",2019,"education_score",109.1
"13039010500","tract",2019,"education_score",NA
"13039010601","tract",2019,"education_score",103.12
"13039010602","tract",2019,"education_score",99.21
"13039990000","tract",2019,"education_score",NA
"13043950100","tract",2019,"education_score",76.8
"13043950200","tract",2019,"education_score",74.9
"13043950300","tract",2019,"education_score",78.83
"13045910101","tract",2019,"education_score",87.74
"13045910103","tract",2019,"education_score",95.47
"13045910104","tract",2019,"education_score",86.25
"13045910200","tract",2019,"education_score",94.33
"13045910300","tract",2019,"education_score",85.08
"13045910400","tract",2019,"education_score",91.04
"13045910501","tract",2019,"education_score",78.65
"13045910502","tract",2019,"education_score",61.5
"13045910600","tract",2019,"education_score",100.63
"13045910701","tract",2019,"education_score",93.99
"13045910702","tract",2019,"education_score",108.8
"13045910703","tract",2019,"education_score",86.08
"13045910800","tract",2019,"education_score",84.22
"13045910900","tract",2019,"education_score",92.36
"13045911000","tract",2019,"education_score",94.36
"13045911100","tract",2019,"education_score",95.87
"13045911200","tract",2019,"education_score",94.34
"13047030100","tract",2019,"education_score",88.26
"13047030201","tract",2019,"education_score",100.8
"13047030202","tract",2019,"education_score",105.08
"13047030301","tract",2019,"education_score",99.78
"13047030303","tract",2019,"education_score",97.2
"13047030304","tract",2019,"education_score",99.95
"13047030401","tract",2019,"education_score",99.09
"13047030402","tract",2019,"education_score",96.28
"13047030500","tract",2019,"education_score",86.5
"13047030600","tract",2019,"education_score",88.98
"13047030700","tract",2019,"education_score",97.39
"13049010100","tract",2019,"education_score",71.96
"13049010200","tract",2019,"education_score",85.72
"13051000100","tract",2019,"education_score",NA
"13051000300","tract",2019,"education_score",119.4
"13051000601","tract",2019,"education_score",80.59
"13051000900","tract",2019,"education_score",134.61
"13051001100","tract",2019,"education_score",107.23
"13051001200","tract",2019,"education_score",57.02
"13051001500","tract",2019,"education_score",106.15
"13051002000","tract",2019,"education_score",95.05
"13051002100","tract",2019,"education_score",98.74
"13051002200","tract",2019,"education_score",95
"13051002300","tract",2019,"education_score",89.24
"13051002600","tract",2019,"education_score",104.65
"13051002700","tract",2019,"education_score",98.87
"13051002800","tract",2019,"education_score",88.12
"13051002900","tract",2019,"education_score",122.8
"13051003000","tract",2019,"education_score",123.6
"13051003301","tract",2019,"education_score",92.24
"13051003302","tract",2019,"education_score",90.63
"13051003400","tract",2019,"education_score",103.49
"13051003501","tract",2019,"education_score",87.32
"13051003502","tract",2019,"education_score",89.31
"13051003601","tract",2019,"education_score",90.53
"13051003602","tract",2019,"education_score",86.27
"13051003700","tract",2019,"education_score",90.81
"13051003800","tract",2019,"education_score",88.46
"13051003900","tract",2019,"education_score",93.45
"13051004001","tract",2019,"education_score",107.17
"13051004002","tract",2019,"education_score",99.75
"13051004100","tract",2019,"education_score",104.12
"13051004207","tract",2019,"education_score",103.63
"13051004208","tract",2019,"education_score",100.54
"13051004209","tract",2019,"education_score",100.95
"13051004210","tract",2019,"education_score",92.84
"13051004211","tract",2019,"education_score",101.18
"13051004212","tract",2019,"education_score",108.83
"13051004300","tract",2019,"education_score",98.39
"13051004400","tract",2019,"education_score",78.96
"13051004500","tract",2019,"education_score",86.61
"13051010101","tract",2019,"education_score",96.14
"13051010102","tract",2019,"education_score",96.81
"13051010200","tract",2019,"education_score",104.79
"13051010501","tract",2019,"education_score",89.28
"13051010502","tract",2019,"education_score",82.07
"13051010601","tract",2019,"education_score",97.14
"13051010603","tract",2019,"education_score",108.29
"13051010605","tract",2019,"education_score",NA
"13051010700","tract",2019,"education_score",111.06
"13051010801","tract",2019,"education_score",106.04
"13051010802","tract",2019,"education_score",101.37
"13051010803","tract",2019,"education_score",96.87
"13051010806","tract",2019,"education_score",108.07
"13051010807","tract",2019,"education_score",98.44
"13051010808","tract",2019,"education_score",113.42
"13051010809","tract",2019,"education_score",104.38
"13051010901","tract",2019,"education_score",90.69
"13051011003","tract",2019,"education_score",99.89
"13051011004","tract",2019,"education_score",135.49
"13051011005","tract",2019,"education_score",142.62
"13051011006","tract",2019,"education_score",134.84
"13051011103","tract",2019,"education_score",120.77
"13051011104","tract",2019,"education_score",113.42
"13051011106","tract",2019,"education_score",116.44
"13051011107","tract",2019,"education_score",128.59
"13051011108","tract",2019,"education_score",119.51
"13051011109","tract",2019,"education_score",116.56
"13051011200","tract",2019,"education_score",123.6
"13051011300","tract",2019,"education_score",104.22
"13051011400","tract",2019,"education_score",102.17
"13051011500","tract",2019,"education_score",116.38
"13051011600","tract",2019,"education_score",86.86
"13051980000","tract",2019,"education_score",NA
"13051990000","tract",2019,"education_score",NA
"13053020100","tract",2019,"education_score",92.81
"13053020201","tract",2019,"education_score",NA
"13053020203","tract",2019,"education_score",108.55
"13053020205","tract",2019,"education_score",101.56
"13053020206","tract",2019,"education_score",NA
"13055010100","tract",2019,"education_score",102.87
"13055010200","tract",2019,"education_score",59.2
"13055010300","tract",2019,"education_score",89.62
"13055010400","tract",2019,"education_score",72.16
"13055010500","tract",2019,"education_score",77.19
"13055010600","tract",2019,"education_score",86.29
"13057090100","tract",2019,"education_score",101.05
"13057090200","tract",2019,"education_score",102.79
"13057090300","tract",2019,"education_score",104.17
"13057090400","tract",2019,"education_score",93.08
"13057090501","tract",2019,"education_score",101.2
"13057090502","tract",2019,"education_score",112.4
"13057090601","tract",2019,"education_score",82.78
"13057090602","tract",2019,"education_score",93.65
"13057090701","tract",2019,"education_score",107.46
"13057090702","tract",2019,"education_score",99.78
"13057090802","tract",2019,"education_score",114.71
"13057090803","tract",2019,"education_score",110.02
"13057090804","tract",2019,"education_score",113.06
"13057090901","tract",2019,"education_score",113.34
"13057090902","tract",2019,"education_score",118.49
"13057090904","tract",2019,"education_score",107.25
"13057090905","tract",2019,"education_score",111.09
"13057091001","tract",2019,"education_score",114.54
"13057091003","tract",2019,"education_score",103.9
"13057091005","tract",2019,"education_score",94.57
"13057091006","tract",2019,"education_score",113.2
"13057091007","tract",2019,"education_score",109.18
"13057091008","tract",2019,"education_score",113.28
"13057091101","tract",2019,"education_score",107.02
"13057091102","tract",2019,"education_score",100.7
"13057091103","tract",2019,"education_score",107.51
"13059000100","tract",2019,"education_score",94.37
"13059000401","tract",2019,"education_score",110.1
"13059000402","tract",2019,"education_score",NA
"13059000600","tract",2019,"education_score",92.28
"13059000900","tract",2019,"education_score",78.27
"13059001200","tract",2019,"education_score",121.47
"13059001700","tract",2019,"education_score",104.89
"13059001800","tract",2019,"education_score",113.07
"13059001900","tract",2019,"education_score",119.28
"13059002000","tract",2019,"education_score",117.69
"13059002100","tract",2019,"education_score",NA
"13059002200","tract",2019,"education_score",121.12
"13059030100","tract",2019,"education_score",98.95
"13059030200","tract",2019,"education_score",75.6
"13059130300","tract",2019,"education_score",64.48
"13059130400","tract",2019,"education_score",111.03
"13059130500","tract",2019,"education_score",98.44
"13059130600","tract",2019,"education_score",86.16
"13059130700","tract",2019,"education_score",117.85
"13059140300","tract",2019,"education_score",80.22
"13059140400","tract",2019,"education_score",61.2
"13059140500","tract",2019,"education_score",57.29
"13059140600","tract",2019,"education_score",101.36
"13059150300","tract",2019,"education_score",120.02
"13059150400","tract",2019,"education_score",101.24
"13059150500","tract",2019,"education_score",105.75
"13059150600","tract",2019,"education_score",109.58
"13059150700","tract",2019,"education_score",110.75
"13059150800","tract",2019,"education_score",110.36
"13059150900","tract",2019,"education_score",117.24
"13061960300","tract",2019,"education_score",82.22
"13063040202","tract",2019,"education_score",73.88
"13063040203","tract",2019,"education_score",96.44
"13063040204","tract",2019,"education_score",106.04
"13063040302","tract",2019,"education_score",67
"13063040303","tract",2019,"education_score",64.71
"13063040306","tract",2019,"education_score",70.82
"13063040307","tract",2019,"education_score",74.35
"13063040308","tract",2019,"education_score",67.9
"13063040407","tract",2019,"education_score",75.58
"13063040408","tract",2019,"education_score",77.59
"13063040409","tract",2019,"education_score",86.75
"13063040410","tract",2019,"education_score",78.02
"13063040411","tract",2019,"education_score",95.49
"13063040412","tract",2019,"education_score",83.75
"13063040413","tract",2019,"education_score",102.84
"13063040414","tract",2019,"education_score",69.09
"13063040415","tract",2019,"education_score",79.18
"13063040416","tract",2019,"education_score",53.91
"13063040417","tract",2019,"education_score",78.51
"13063040509","tract",2019,"education_score",91.45
"13063040510","tract",2019,"education_score",87.47
"13063040512","tract",2019,"education_score",91.23
"13063040513","tract",2019,"education_score",93.34
"13063040514","tract",2019,"education_score",100.14
"13063040515","tract",2019,"education_score",87.62
"13063040516","tract",2019,"education_score",89.08
"13063040518","tract",2019,"education_score",83.58
"13063040519","tract",2019,"education_score",103.19
"13063040520","tract",2019,"education_score",98.68
"13063040521","tract",2019,"education_score",81.24
"13063040522","tract",2019,"education_score",82.72
"13063040523","tract",2019,"education_score",94.37
"13063040524","tract",2019,"education_score",94.98
"13063040525","tract",2019,"education_score",92.96
"13063040526","tract",2019,"education_score",94.91
"13063040606","tract",2019,"education_score",87.18
"13063040608","tract",2019,"education_score",103.86
"13063040609","tract",2019,"education_score",92.75
"13063040611","tract",2019,"education_score",64.63
"13063040612","tract",2019,"education_score",77.76
"13063040613","tract",2019,"education_score",98.82
"13063040614","tract",2019,"education_score",115.41
"13063040615","tract",2019,"education_score",93.74
"13063040616","tract",2019,"education_score",99.46
"13063040617","tract",2019,"education_score",40.56
"13063040619","tract",2019,"education_score",102.56
"13063040620","tract",2019,"education_score",90.23
"13063040621","tract",2019,"education_score",94.86
"13063040622","tract",2019,"education_score",80.59
"13063980000","tract",2019,"education_score",NA
"13065970100","tract",2019,"education_score",72.36
"13065970200","tract",2019,"education_score",64.73
"13067030101","tract",2019,"education_score",107.04
"13067030103","tract",2019,"education_score",107.26
"13067030104","tract",2019,"education_score",91.49
"13067030106","tract",2019,"education_score",98.69
"13067030107","tract",2019,"education_score",108.79
"13067030209","tract",2019,"education_score",112.17
"13067030214","tract",2019,"education_score",111.25
"13067030215","tract",2019,"education_score",102.51
"13067030218","tract",2019,"education_score",117.22
"13067030219","tract",2019,"education_score",114.92
"13067030220","tract",2019,"education_score",120.29
"13067030222","tract",2019,"education_score",115.69
"13067030223","tract",2019,"education_score",102.36
"13067030224","tract",2019,"education_score",109.75
"13067030226","tract",2019,"education_score",112.9
"13067030227","tract",2019,"education_score",102.5
"13067030228","tract",2019,"education_score",109.14
"13067030229","tract",2019,"education_score",NA
"13067030230","tract",2019,"education_score",111.56
"13067030231","tract",2019,"education_score",115.78
"13067030232","tract",2019,"education_score",111.75
"13067030233","tract",2019,"education_score",110.2
"13067030234","tract",2019,"education_score",114.87
"13067030235","tract",2019,"education_score",115.26
"13067030236","tract",2019,"education_score",114.88
"13067030238","tract",2019,"education_score",101.2
"13067030239","tract",2019,"education_score",116.81
"13067030310","tract",2019,"education_score",105.99
"13067030311","tract",2019,"education_score",114.89
"13067030312","tract",2019,"education_score",108.06
"13067030313","tract",2019,"education_score",107.16
"13067030314","tract",2019,"education_score",116.08
"13067030318","tract",2019,"education_score",123.32
"13067030319","tract",2019,"education_score",121.43
"13067030320","tract",2019,"education_score",127.04
"13067030322","tract",2019,"education_score",116.07
"13067030324","tract",2019,"education_score",116.82
"13067030326","tract",2019,"education_score",122.7
"13067030327","tract",2019,"education_score",110.54
"13067030328","tract",2019,"education_score",118.94
"13067030329","tract",2019,"education_score",112.21
"13067030330","tract",2019,"education_score",114.33
"13067030331","tract",2019,"education_score",118.38
"13067030332","tract",2019,"education_score",123.22
"13067030333","tract",2019,"education_score",117.66
"13067030334","tract",2019,"education_score",119.06
"13067030335","tract",2019,"education_score",123
"13067030336","tract",2019,"education_score",121.43
"13067030337","tract",2019,"education_score",128.47
"13067030339","tract",2019,"education_score",130.44
"13067030340","tract",2019,"education_score",123.65
"13067030341","tract",2019,"education_score",120.14
"13067030342","tract",2019,"education_score",124.79
"13067030343","tract",2019,"education_score",117.94
"13067030344","tract",2019,"education_score",116.75
"13067030345","tract",2019,"education_score",119.42
"13067030405","tract",2019,"education_score",98.98
"13067030407","tract",2019,"education_score",115.09
"13067030408","tract",2019,"education_score",121.56
"13067030409","tract",2019,"education_score",121.09
"13067030410","tract",2019,"education_score",117.67
"13067030411","tract",2019,"education_score",88.67
"13067030412","tract",2019,"education_score",90.99
"13067030413","tract",2019,"education_score",114.12
"13067030414","tract",2019,"education_score",102.01
"13067030502","tract",2019,"education_score",117.72
"13067030504","tract",2019,"education_score",110.81
"13067030505","tract",2019,"education_score",99.68
"13067030506","tract",2019,"education_score",103.62
"13067030507","tract",2019,"education_score",123.93
"13067030601","tract",2019,"education_score",121.24
"13067030602","tract",2019,"education_score",123.71
"13067030700","tract",2019,"education_score",93.22
"13067030800","tract",2019,"education_score",NA
"13067030901","tract",2019,"education_score",114.03
"13067030902","tract",2019,"education_score",79.33
"13067030904","tract",2019,"education_score",82.82
"13067030905","tract",2019,"education_score",85.04
"13067031001","tract",2019,"education_score",50.93
"13067031002","tract",2019,"education_score",60.25
"13067031004","tract",2019,"education_score",72.15
"13067031005","tract",2019,"education_score",86.86
"13067031101","tract",2019,"education_score",85.8
"13067031106","tract",2019,"education_score",104.06
"13067031108","tract",2019,"education_score",128.18
"13067031110","tract",2019,"education_score",115.72
"13067031111","tract",2019,"education_score",131.28
"13067031112","tract",2019,"education_score",132.9
"13067031113","tract",2019,"education_score",116.72
"13067031114","tract",2019,"education_score",105.12
"13067031115","tract",2019,"education_score",96.63
"13067031116","tract",2019,"education_score",81
"13067031117","tract",2019,"education_score",114.48
"13067031118","tract",2019,"education_score",119.64
"13067031205","tract",2019,"education_score",128.17
"13067031206","tract",2019,"education_score",131.03
"13067031207","tract",2019,"education_score",133.16
"13067031208","tract",2019,"education_score",139.3
"13067031209","tract",2019,"education_score",132.92
"13067031211","tract",2019,"education_score",137.05
"13067031212","tract",2019,"education_score",148.02
"13067031306","tract",2019,"education_score",102.98
"13067031307","tract",2019,"education_score",115.15
"13067031308","tract",2019,"education_score",77.56
"13067031309","tract",2019,"education_score",81.82
"13067031310","tract",2019,"education_score",63.79
"13067031311","tract",2019,"education_score",84.9
"13067031312","tract",2019,"education_score",100.32
"13067031313","tract",2019,"education_score",125.29
"13067031404","tract",2019,"education_score",109.58
"13067031405","tract",2019,"education_score",97.21
"13067031406","tract",2019,"education_score",95.84
"13067031408","tract",2019,"education_score",92.9
"13067031409","tract",2019,"education_score",103.09
"13067031503","tract",2019,"education_score",98.21
"13067031505","tract",2019,"education_score",100.65
"13067031506","tract",2019,"education_score",101.23
"13067031507","tract",2019,"education_score",93.79
"13067031508","tract",2019,"education_score",105.05
"13067031509","tract",2019,"education_score",97.73
"13069010100","tract",2019,"education_score",88.18
"13069010200","tract",2019,"education_score",84.81
"13069010300","tract",2019,"education_score",NA
"13069010400","tract",2019,"education_score",62.84
"13069010500","tract",2019,"education_score",81.19
"13069010600","tract",2019,"education_score",87.15
"13069010700","tract",2019,"education_score",74.53
"13069010801","tract",2019,"education_score",106.47
"13069010802","tract",2019,"education_score",77.8
"13071970100","tract",2019,"education_score",62.62
"13071970200","tract",2019,"education_score",81.34
"13071970300","tract",2019,"education_score",66.06
"13071970400","tract",2019,"education_score",90.16
"13071970500","tract",2019,"education_score",78.45
"13071970600","tract",2019,"education_score",94.2
"13071970701","tract",2019,"education_score",87.48
"13071970702","tract",2019,"education_score",66.82
"13071970800","tract",2019,"education_score",79.76
"13071970900","tract",2019,"education_score",60.15
"13073030102","tract",2019,"education_score",117.68
"13073030103","tract",2019,"education_score",124.85
"13073030105","tract",2019,"education_score",103.26
"13073030106","tract",2019,"education_score",115.88
"13073030201","tract",2019,"education_score",108.35
"13073030202","tract",2019,"education_score",112.09
"13073030203","tract",2019,"education_score",107.21
"13073030302","tract",2019,"education_score",111.44
"13073030304","tract",2019,"education_score",112.36
"13073030306","tract",2019,"education_score",107.3
"13073030307","tract",2019,"education_score",107.46
"13073030308","tract",2019,"education_score",109.55
"13073030309","tract",2019,"education_score",113.3
"13073030401","tract",2019,"education_score",115.59
"13073030402","tract",2019,"education_score",100.46
"13073030503","tract",2019,"education_score",92.57
"13073030504","tract",2019,"education_score",93.09
"13073030505","tract",2019,"education_score",99.54
"13073030506","tract",2019,"education_score",103.09
"13073030603","tract",2019,"education_score",97.45
"13075960100","tract",2019,"education_score",77.56
"13075960200","tract",2019,"education_score",73.42
"13075960300","tract",2019,"education_score",80.73
"13075960400","tract",2019,"education_score",85.66
"13077170100","tract",2019,"education_score",96.67
"13077170200","tract",2019,"education_score",96.83
"13077170303","tract",2019,"education_score",100.96
"13077170304","tract",2019,"education_score",104.65
"13077170305","tract",2019,"education_score",88.52
"13077170306","tract",2019,"education_score",108
"13077170402","tract",2019,"education_score",97.82
"13077170403","tract",2019,"education_score",104.7
"13077170404","tract",2019,"education_score",113.33
"13077170405","tract",2019,"education_score",105.1
"13077170406","tract",2019,"education_score",108.05
"13077170501","tract",2019,"education_score",109.07
"13077170502","tract",2019,"education_score",99.66
"13077170503","tract",2019,"education_score",105.37
"13077170601","tract",2019,"education_score",95.68
"13077170602","tract",2019,"education_score",115.83
"13077170603","tract",2019,"education_score",106.18
"13077170700","tract",2019,"education_score",82.11
"13077170801","tract",2019,"education_score",94.83
"13077170802","tract",2019,"education_score",101.87
"13079070100","tract",2019,"education_score",80.33
"13079070201","tract",2019,"education_score",96.86
"13079070202","tract",2019,"education_score",88.57
"13081010100","tract",2019,"education_score",81.88
"13081010201","tract",2019,"education_score",77.31
"13081010202","tract",2019,"education_score",104.9
"13081010300","tract",2019,"education_score",86.53
"13081010400","tract",2019,"education_score",86.17
"13081010500","tract",2019,"education_score",88.68
"13083040101","tract",2019,"education_score",95.29
"13083040102","tract",2019,"education_score",82.13
"13083040200","tract",2019,"education_score",89.63
"13083040300","tract",2019,"education_score",90.93
"13085970100","tract",2019,"education_score",108.1
"13085970201","tract",2019,"education_score",106.05
"13085970202","tract",2019,"education_score",97.37
"13087970100","tract",2019,"education_score",103.82
"13087970200","tract",2019,"education_score",94.57
"13087970300","tract",2019,"education_score",86.79
"13087970400","tract",2019,"education_score",82.24
"13087970600","tract",2019,"education_score",98.48
"13087970700","tract",2019,"education_score",86.68
"13087970800","tract",2019,"education_score",60.73
"13089020100","tract",2019,"education_score",135.21
"13089020200","tract",2019,"education_score",138.46
"13089020300","tract",2019,"education_score",129.85
"13089020400","tract",2019,"education_score",136.29
"13089020500","tract",2019,"education_score",126.03
"13089020600","tract",2019,"education_score",118.62
"13089020700","tract",2019,"education_score",125.78
"13089020801","tract",2019,"education_score",128.21
"13089020802","tract",2019,"education_score",121.68
"13089020900","tract",2019,"education_score",120.86
"13089021101","tract",2019,"education_score",131.75
"13089021102","tract",2019,"education_score",135.86
"13089021202","tract",2019,"education_score",131.38
"13089021204","tract",2019,"education_score",-1.11
"13089021208","tract",2019,"education_score",124.96
"13089021209","tract",2019,"education_score",137.68
"13089021210","tract",2019,"education_score",128.39
"13089021211","tract",2019,"education_score",133.1
"13089021213","tract",2019,"education_score",120.4
"13089021214","tract",2019,"education_score",130.21
"13089021215","tract",2019,"education_score",129.16
"13089021216","tract",2019,"education_score",140.58
"13089021217","tract",2019,"education_score",135.71
"13089021218","tract",2019,"education_score",121.6
"13089021301","tract",2019,"education_score",100.78
"13089021303","tract",2019,"education_score",53.85
"13089021305","tract",2019,"education_score",82.17
"13089021306","tract",2019,"education_score",84.71
"13089021307","tract",2019,"education_score",79.08
"13089021308","tract",2019,"education_score",72.68
"13089021405","tract",2019,"education_score",137.57
"13089021409","tract",2019,"education_score",70.95
"13089021410","tract",2019,"education_score",72.89
"13089021411","tract",2019,"education_score",141.58
"13089021412","tract",2019,"education_score",134.77
"13089021413","tract",2019,"education_score",58.85
"13089021414","tract",2019,"education_score",87.17
"13089021415","tract",2019,"education_score",130.48
"13089021416","tract",2019,"education_score",100.63
"13089021417","tract",2019,"education_score",71.1
"13089021502","tract",2019,"education_score",134.72
"13089021503","tract",2019,"education_score",117.09
"13089021504","tract",2019,"education_score",134.9
"13089021602","tract",2019,"education_score",131.25
"13089021603","tract",2019,"education_score",131.06
"13089021604","tract",2019,"education_score",138.59
"13089021605","tract",2019,"education_score",122.65
"13089021703","tract",2019,"education_score",126.25
"13089021704","tract",2019,"education_score",118.42
"13089021705","tract",2019,"education_score",107.17
"13089021706","tract",2019,"education_score",131.64
"13089021805","tract",2019,"education_score",97.52
"13089021806","tract",2019,"education_score",106.33
"13089021808","tract",2019,"education_score",99.01
"13089021809","tract",2019,"education_score",124
"13089021810","tract",2019,"education_score",125.68
"13089021812","tract",2019,"education_score",105.58
"13089021813","tract",2019,"education_score",91.59
"13089021814","tract",2019,"education_score",73.64
"13089021906","tract",2019,"education_score",101.77
"13089021907","tract",2019,"education_score",101.35
"13089021908","tract",2019,"education_score",89.91
"13089021909","tract",2019,"education_score",84.47
"13089021910","tract",2019,"education_score",109.69
"13089021911","tract",2019,"education_score",84.72
"13089021912","tract",2019,"education_score",122.03
"13089021913","tract",2019,"education_score",102.46
"13089022001","tract",2019,"education_score",121.22
"13089022004","tract",2019,"education_score",81.23
"13089022005","tract",2019,"education_score",85.9
"13089022007","tract",2019,"education_score",48.04
"13089022008","tract",2019,"education_score",44.72
"13089022009","tract",2019,"education_score",76.38
"13089022010","tract",2019,"education_score",64.1
"13089022100","tract",2019,"education_score",103.89
"13089022203","tract",2019,"education_score",126.14
"13089022204","tract",2019,"education_score",95.14
"13089022301","tract",2019,"education_score",128.39
"13089022302","tract",2019,"education_score",123.88
"13089022401","tract",2019,"education_score",140.01
"13089022402","tract",2019,"education_score",NA
"13089022403","tract",2019,"education_score",138.42
"13089022500","tract",2019,"education_score",116.58
"13089022600","tract",2019,"education_score",122.38
"13089022700","tract",2019,"education_score",118.8
"13089022800","tract",2019,"education_score",119.79
"13089022900","tract",2019,"education_score",123.48
"13089023000","tract",2019,"education_score",126.23
"13089023101","tract",2019,"education_score",111.59
"13089023102","tract",2019,"education_score",108.93
"13089023107","tract",2019,"education_score",101.71
"13089023108","tract",2019,"education_score",99.85
"13089023111","tract",2019,"education_score",110.45
"13089023112","tract",2019,"education_score",93.66
"13089023113","tract",2019,"education_score",121.09
"13089023114","tract",2019,"education_score",89.48
"13089023115","tract",2019,"education_score",NA
"13089023204","tract",2019,"education_score",95.55
"13089023206","tract",2019,"education_score",89.97
"13089023208","tract",2019,"education_score",91.39
"13089023209","tract",2019,"education_score",105.49
"13089023210","tract",2019,"education_score",97.98
"13089023211","tract",2019,"education_score",110.93
"13089023212","tract",2019,"education_score",96.35
"13089023213","tract",2019,"education_score",102.72
"13089023214","tract",2019,"education_score",100.03
"13089023303","tract",2019,"education_score",91.22
"13089023306","tract",2019,"education_score",107.51
"13089023309","tract",2019,"education_score",95.29
"13089023310","tract",2019,"education_score",98.18
"13089023311","tract",2019,"education_score",99.35
"13089023312","tract",2019,"education_score",103.49
"13089023313","tract",2019,"education_score",99.88
"13089023314","tract",2019,"education_score",104.04
"13089023315","tract",2019,"education_score",104.74
"13089023316","tract",2019,"education_score",105.01
"13089023410","tract",2019,"education_score",97.91
"13089023411","tract",2019,"education_score",89.85
"13089023412","tract",2019,"education_score",112.97
"13089023413","tract",2019,"education_score",106.48
"13089023414","tract",2019,"education_score",112.41
"13089023416","tract",2019,"education_score",106.93
"13089023418","tract",2019,"education_score",103.51
"13089023419","tract",2019,"education_score",105.23
"13089023421","tract",2019,"education_score",88.49
"13089023422","tract",2019,"education_score",97.86
"13089023423","tract",2019,"education_score",110.1
"13089023424","tract",2019,"education_score",101.92
"13089023425","tract",2019,"education_score",106.69
"13089023426","tract",2019,"education_score",109.09
"13089023427","tract",2019,"education_score",96.94
"13089023428","tract",2019,"education_score",91.11
"13089023501","tract",2019,"education_score",94.54
"13089023504","tract",2019,"education_score",88
"13089023505","tract",2019,"education_score",99.45
"13089023506","tract",2019,"education_score",94.42
"13089023507","tract",2019,"education_score",81.79
"13089023601","tract",2019,"education_score",108.16
"13089023602","tract",2019,"education_score",100.12
"13089023603","tract",2019,"education_score",90.32
"13089023700","tract",2019,"education_score",95.23
"13089023801","tract",2019,"education_score",121.42
"13089023802","tract",2019,"education_score",107.79
"13089023803","tract",2019,"education_score",105.86
"13089980000","tract",2019,"education_score",NA
"13091960100","tract",2019,"education_score",NA
"13091960200","tract",2019,"education_score",93.38
"13091960300","tract",2019,"education_score",90.47
"13091960400","tract",2019,"education_score",90.87
"13091960500","tract",2019,"education_score",95.45
"13091960600","tract",2019,"education_score",97.01
"13093970100","tract",2019,"education_score",84.31
"13093970200","tract",2019,"education_score",70.68
"13093970300","tract",2019,"education_score",80.1
"13095000100","tract",2019,"education_score",85.09
"13095000200","tract",2019,"education_score",60.63
"13095000400","tract",2019,"education_score",88.67
"13095000501","tract",2019,"education_score",110.05
"13095000502","tract",2019,"education_score",111.12
"13095000600","tract",2019,"education_score",86.29
"13095000700","tract",2019,"education_score",110.13
"13095000800","tract",2019,"education_score",81.58
"13095000900","tract",2019,"education_score",82.61
"13095001000","tract",2019,"education_score",90.85
"13095001100","tract",2019,"education_score",84.27
"13095001403","tract",2019,"education_score",77.64
"13095001500","tract",2019,"education_score",77.33
"13095010302","tract",2019,"education_score",67.07
"13095010401","tract",2019,"education_score",115.84
"13095010402","tract",2019,"education_score",86.91
"13095010403","tract",2019,"education_score",116.43
"13095010500","tract",2019,"education_score",91.03
"13095010601","tract",2019,"education_score",68.51
"13095010602","tract",2019,"education_score",94.83
"13095010700","tract",2019,"education_score",78.9
"13095010900","tract",2019,"education_score",87.82
"13095011000","tract",2019,"education_score",98.68
"13095011200","tract",2019,"education_score",69.87
"13095011300","tract",2019,"education_score",78.37
"13095011400","tract",2019,"education_score",92.64
"13095011600","tract",2019,"education_score",90.8
"13097080102","tract",2019,"education_score",98.04
"13097080103","tract",2019,"education_score",92.99
"13097080201","tract",2019,"education_score",82.25
"13097080202","tract",2019,"education_score",96.97
"13097080301","tract",2019,"education_score",88.59
"13097080303","tract",2019,"education_score",80.02
"13097080304","tract",2019,"education_score",100.16
"13097080402","tract",2019,"education_score",101.76
"13097080403","tract",2019,"education_score",87.02
"13097080404","tract",2019,"education_score",101.47
"13097080505","tract",2019,"education_score",89.34
"13097080506","tract",2019,"education_score",84.55
"13097080507","tract",2019,"education_score",102.1
"13097080508","tract",2019,"education_score",107.9
"13097080509","tract",2019,"education_score",108.23
"13097080510","tract",2019,"education_score",94.75
"13097080511","tract",2019,"education_score",102.76
"13097080602","tract",2019,"education_score",100.45
"13097080603","tract",2019,"education_score",106.61
"13097080604","tract",2019,"education_score",97.2
"13099090100","tract",2019,"education_score",95.52
"13099090200","tract",2019,"education_score",66.83
"13099090300","tract",2019,"education_score",103.61
"13099090400","tract",2019,"education_score",92.88
"13099090500","tract",2019,"education_score",82.43
"13101880100","tract",2019,"education_score",81.4
"13101880200","tract",2019,"education_score",67.69
"13103030100","tract",2019,"education_score",91.24
"13103030202","tract",2019,"education_score",92.79
"13103030203","tract",2019,"education_score",92.03
"13103030204","tract",2019,"education_score",93.1
"13103030301","tract",2019,"education_score",103.33
"13103030303","tract",2019,"education_score",99.7
"13103030304","tract",2019,"education_score",95
"13103030305","tract",2019,"education_score",97.24
"13103030401","tract",2019,"education_score",100.1
"13103030402","tract",2019,"education_score",100.41
"13105000100","tract",2019,"education_score",70.04
"13105000200","tract",2019,"education_score",87
"13105000300","tract",2019,"education_score",83.97
"13105000400","tract",2019,"education_score",75.15
"13105000500","tract",2019,"education_score",100.11
"13107970100","tract",2019,"education_score",90.95
"13107970200","tract",2019,"education_score",86.11
"13107970300","tract",2019,"education_score",78.66
"13107970400","tract",2019,"education_score",89.96
"13107970500","tract",2019,"education_score",87.55
"13107970600","tract",2019,"education_score",80.65
"13109970100","tract",2019,"education_score",82.51
"13109970200","tract",2019,"education_score",79.46
"13109970300","tract",2019,"education_score",69.65
"13111050100","tract",2019,"education_score",86.07
"13111050200","tract",2019,"education_score",96.47
"13111050300","tract",2019,"education_score",100.57
"13111050400","tract",2019,"education_score",100.39
"13111050500","tract",2019,"education_score",106.26
"13113140101","tract",2019,"education_score",101.95
"13113140102","tract",2019,"education_score",115.17
"13113140203","tract",2019,"education_score",120.47
"13113140204","tract",2019,"education_score",101.97
"13113140206","tract",2019,"education_score",110.81
"13113140207","tract",2019,"education_score",124.26
"13113140208","tract",2019,"education_score",113.34
"13113140303","tract",2019,"education_score",117.56
"13113140304","tract",2019,"education_score",102.84
"13113140305","tract",2019,"education_score",115.8
"13113140306","tract",2019,"education_score",119.2
"13113140307","tract",2019,"education_score",117.07
"13113140403","tract",2019,"education_score",121.31
"13113140404","tract",2019,"education_score",99.96
"13113140405","tract",2019,"education_score",109.57
"13113140406","tract",2019,"education_score",102.92
"13113140407","tract",2019,"education_score",107.06
"13113140408","tract",2019,"education_score",111.85
"13113140501","tract",2019,"education_score",112.15
"13113140502","tract",2019,"education_score",102.04
"13115000100","tract",2019,"education_score",89.86
"13115000201","tract",2019,"education_score",104.04
"13115000202","tract",2019,"education_score",105.31
"13115000300","tract",2019,"education_score",NA
"13115000400","tract",2019,"education_score",96.59
"13115000500","tract",2019,"education_score",58.09
"13115000600","tract",2019,"education_score",74.84
"13115000700","tract",2019,"education_score",96.97
"13115000800","tract",2019,"education_score",108.54
"13115000900","tract",2019,"education_score",109.41
"13115001100","tract",2019,"education_score",90.24
"13115001200","tract",2019,"education_score",81.73
"13115001300","tract",2019,"education_score",69.31
"13115001400","tract",2019,"education_score",97.98
"13115001600","tract",2019,"education_score",70.19
"13115001701","tract",2019,"education_score",85.71
"13115001702","tract",2019,"education_score",84.87
"13115001800","tract",2019,"education_score",88.79
"13115002000","tract",2019,"education_score",91.78
"13115002100","tract",2019,"education_score",76.63
"13117130101","tract",2019,"education_score",106.11
"13117130102","tract",2019,"education_score",110.95
"13117130103","tract",2019,"education_score",84.04
"13117130104","tract",2019,"education_score",111.02
"13117130105","tract",2019,"education_score",77.74
"13117130201","tract",2019,"education_score",98.79
"13117130202","tract",2019,"education_score",112.45
"13117130203","tract",2019,"education_score",103.87
"13117130204","tract",2019,"education_score",97.88
"13117130205","tract",2019,"education_score",99.85
"13117130301","tract",2019,"education_score",103.18
"13117130302","tract",2019,"education_score",120.44
"13117130303","tract",2019,"education_score",115.39
"13117130304","tract",2019,"education_score",116.62
"13117130305","tract",2019,"education_score",116.18
"13117130306","tract",2019,"education_score",121
"13117130307","tract",2019,"education_score",109.84
"13117130403","tract",2019,"education_score",102.38
"13117130404","tract",2019,"education_score",118.2
"13117130405","tract",2019,"education_score",99.36
"13117130406","tract",2019,"education_score",97.99
"13117130408","tract",2019,"education_score",100.2
"13117130409","tract",2019,"education_score",100.04
"13117130410","tract",2019,"education_score",101.89
"13117130503","tract",2019,"education_score",113.13
"13117130504","tract",2019,"education_score",102
"13117130505","tract",2019,"education_score",114.03
"13117130506","tract",2019,"education_score",105.2
"13117130507","tract",2019,"education_score",114.02
"13117130508","tract",2019,"education_score",118.46
"13117130509","tract",2019,"education_score",112.51
"13117130510","tract",2019,"education_score",116.69
"13117130601","tract",2019,"education_score",105.21
"13117130602","tract",2019,"education_score",98.79
"13117130603","tract",2019,"education_score",124.29
"13117130604","tract",2019,"education_score",123.3
"13117130605","tract",2019,"education_score",119.91
"13117130606","tract",2019,"education_score",118.32
"13117130607","tract",2019,"education_score",118.3
"13117130608","tract",2019,"education_score",112.59
"13117130609","tract",2019,"education_score",110.38
"13117130610","tract",2019,"education_score",118.54
"13117130611","tract",2019,"education_score",114.93
"13117130612","tract",2019,"education_score",113.85
"13117130613","tract",2019,"education_score",121.39
"13119890101","tract",2019,"education_score",86.1
"13119890102","tract",2019,"education_score",94.32
"13119890200","tract",2019,"education_score",92.51
"13119890300","tract",2019,"education_score",93.14
"13119890400","tract",2019,"education_score",75.94
"13121000100","tract",2019,"education_score",132.84
"13121000200","tract",2019,"education_score",137.92
"13121000400","tract",2019,"education_score",123.01
"13121000500","tract",2019,"education_score",129.7
"13121000600","tract",2019,"education_score",118.5
"13121000700","tract",2019,"education_score",NA
"13121001001","tract",2019,"education_score",NA
"13121001002","tract",2019,"education_score",NA
"13121001100","tract",2019,"education_score",156.06
"13121001201","tract",2019,"education_score",132.09
"13121001202","tract",2019,"education_score",139.72
"13121001300","tract",2019,"education_score",123.87
"13121001400","tract",2019,"education_score",144.42
"13121001500","tract",2019,"education_score",131.33
"13121001600","tract",2019,"education_score",143.29
"13121001700","tract",2019,"education_score",134.16
"13121001800","tract",2019,"education_score",124.24
"13121001900","tract",2019,"education_score",NA
"13121002100","tract",2019,"education_score",123.59
"13121002300","tract",2019,"education_score",91.43
"13121002400","tract",2019,"education_score",88.03
"13121002500","tract",2019,"education_score",92.52
"13121002600","tract",2019,"education_score",90.25
"13121002800","tract",2019,"education_score",NA
"13121002900","tract",2019,"education_score",131.29
"13121003000","tract",2019,"education_score",140.79
"13121003100","tract",2019,"education_score",124.73
"13121003200","tract",2019,"education_score",140.28
"13121003500","tract",2019,"education_score",NA
"13121003600","tract",2019,"education_score",123.05
"13121003700","tract",2019,"education_score",89.44
"13121003800","tract",2019,"education_score",NA
"13121003900","tract",2019,"education_score",80.53
"13121004000","tract",2019,"education_score",90.89
"13121004100","tract",2019,"education_score",97.49
"13121004200","tract",2019,"education_score",98.41
"13121004300","tract",2019,"education_score",NA
"13121004400","tract",2019,"education_score",70.44
"13121004800","tract",2019,"education_score",94.1
"13121004900","tract",2019,"education_score",110.3
"13121005000","tract",2019,"education_score",136.88
"13121005200","tract",2019,"education_score",131.39
"13121005300","tract",2019,"education_score",132.87
"13121005501","tract",2019,"education_score",108.13
"13121005502","tract",2019,"education_score",84.07
"13121005700","tract",2019,"education_score",92.77
"13121005800","tract",2019,"education_score",94.37
"13121006000","tract",2019,"education_score",94.35
"13121006100","tract",2019,"education_score",89.45
"13121006200","tract",2019,"education_score",91.51
"13121006300","tract",2019,"education_score",93.59
"13121006400","tract",2019,"education_score",88.89
"13121006500","tract",2019,"education_score",100.23
"13121006601","tract",2019,"education_score",97.62
"13121006602","tract",2019,"education_score",86.05
"13121006700","tract",2019,"education_score",90.64
"13121006801","tract",2019,"education_score",NA
"13121006802","tract",2019,"education_score",60.12
"13121006900","tract",2019,"education_score",117.27
"13121007001","tract",2019,"education_score",78.7
"13121007002","tract",2019,"education_score",93.09
"13121007100","tract",2019,"education_score",94.58
"13121007200","tract",2019,"education_score",92.7
"13121007300","tract",2019,"education_score",92.07
"13121007400","tract",2019,"education_score",84.87
"13121007500","tract",2019,"education_score",96.96
"13121007602","tract",2019,"education_score",96
"13121007603","tract",2019,"education_score",94.05
"13121007604","tract",2019,"education_score",86.47
"13121007703","tract",2019,"education_score",97.13
"13121007704","tract",2019,"education_score",93.64
"13121007705","tract",2019,"education_score",102.33
"13121007706","tract",2019,"education_score",106.27
"13121007802","tract",2019,"education_score",98.58
"13121007805","tract",2019,"education_score",95.31
"13121007806","tract",2019,"education_score",93.7
"13121007807","tract",2019,"education_score",70.78
"13121007808","tract",2019,"education_score",67.22
"13121007900","tract",2019,"education_score",112.91
"13121008000","tract",2019,"education_score",95.09
"13121008101","tract",2019,"education_score",91.3
"13121008102","tract",2019,"education_score",89.49
"13121008201","tract",2019,"education_score",99.29
"13121008202","tract",2019,"education_score",80.13
"13121008301","tract",2019,"education_score",76.31
"13121008302","tract",2019,"education_score",98.61
"13121008400","tract",2019,"education_score",96.72
"13121008500","tract",2019,"education_score",92.22
"13121008601","tract",2019,"education_score",73.51
"13121008602","tract",2019,"education_score",88.15
"13121008700","tract",2019,"education_score",97.86
"13121008800","tract",2019,"education_score",124.11
"13121008902","tract",2019,"education_score",135.06
"13121008903","tract",2019,"education_score",104.16
"13121008904","tract",2019,"education_score",135.03
"13121009000","tract",2019,"education_score",134.72
"13121009101","tract",2019,"education_score",143.71
"13121009102","tract",2019,"education_score",128.68
"13121009200","tract",2019,"education_score",109.35
"13121009300","tract",2019,"education_score",131.01
"13121009402","tract",2019,"education_score",133.9
"13121009403","tract",2019,"education_score",124.14
"13121009404","tract",2019,"education_score",129.92
"13121009501","tract",2019,"education_score",135.24
"13121009502","tract",2019,"education_score",138.29
"13121009601","tract",2019,"education_score",138.71
"13121009602","tract",2019,"education_score",144.13
"13121009603","tract",2019,"education_score",140.86
"13121009700","tract",2019,"education_score",150.32
"13121009801","tract",2019,"education_score",139.95
"13121009802","tract",2019,"education_score",137.28
"13121009900","tract",2019,"education_score",138.3
"13121010001","tract",2019,"education_score",126.15
"13121010002","tract",2019,"education_score",174.17
"13121010106","tract",2019,"education_score",119.76
"13121010107","tract",2019,"education_score",129.28
"13121010108","tract",2019,"education_score",129.85
"13121010110","tract",2019,"education_score",123.66
"13121010113","tract",2019,"education_score",107.97
"13121010114","tract",2019,"education_score",120.27
"13121010115","tract",2019,"education_score",132.32
"13121010117","tract",2019,"education_score",119.97
"13121010118","tract",2019,"education_score",102.52
"13121010119","tract",2019,"education_score",105.5
"13121010120","tract",2019,"education_score",128.98
"13121010121","tract",2019,"education_score",144.3
"13121010122","tract",2019,"education_score",140.95
"13121010123","tract",2019,"education_score",118.51
"13121010204","tract",2019,"education_score",128.5
"13121010205","tract",2019,"education_score",134.03
"13121010206","tract",2019,"education_score",131.13
"13121010208","tract",2019,"education_score",125.12
"13121010209","tract",2019,"education_score",124.18
"13121010210","tract",2019,"education_score",121.34
"13121010211","tract",2019,"education_score",131.22
"13121010212","tract",2019,"education_score",86.91
"13121010301","tract",2019,"education_score",109.18
"13121010303","tract",2019,"education_score",109.23
"13121010304","tract",2019,"education_score",107.29
"13121010400","tract",2019,"education_score",86.8
"13121010507","tract",2019,"education_score",87.78
"13121010508","tract",2019,"education_score",101.16
"13121010510","tract",2019,"education_score",107.9
"13121010511","tract",2019,"education_score",109.25
"13121010512","tract",2019,"education_score",100.75
"13121010513","tract",2019,"education_score",89.33
"13121010514","tract",2019,"education_score",99.61
"13121010515","tract",2019,"education_score",104.7
"13121010516","tract",2019,"education_score",105.04
"13121010601","tract",2019,"education_score",97.31
"13121010603","tract",2019,"education_score",92.84
"13121010604","tract",2019,"education_score",107.41
"13121010800","tract",2019,"education_score",89.59
"13121011000","tract",2019,"education_score",68.92
"13121011100","tract",2019,"education_score",106.87
"13121011201","tract",2019,"education_score",106.41
"13121011202","tract",2019,"education_score",109.6
"13121011301","tract",2019,"education_score",100.24
"13121011303","tract",2019,"education_score",110.58
"13121011305","tract",2019,"education_score",101.13
"13121011306","tract",2019,"education_score",104.26
"13121011405","tract",2019,"education_score",113.61
"13121011410","tract",2019,"education_score",110.82
"13121011411","tract",2019,"education_score",122.35
"13121011412","tract",2019,"education_score",110.89
"13121011414","tract",2019,"education_score",116.86
"13121011416","tract",2019,"education_score",120.21
"13121011417","tract",2019,"education_score",118.68
"13121011418","tract",2019,"education_score",126.91
"13121011419","tract",2019,"education_score",124.2
"13121011420","tract",2019,"education_score",55.09
"13121011421","tract",2019,"education_score",86.74
"13121011422","tract",2019,"education_score",126.35
"13121011423","tract",2019,"education_score",129.87
"13121011424","tract",2019,"education_score",119.87
"13121011425","tract",2019,"education_score",120.55
"13121011426","tract",2019,"education_score",110.62
"13121011427","tract",2019,"education_score",124.6
"13121011503","tract",2019,"education_score",116.65
"13121011504","tract",2019,"education_score",121.49
"13121011505","tract",2019,"education_score",113.58
"13121011506","tract",2019,"education_score",123.82
"13121011610","tract",2019,"education_score",120.41
"13121011611","tract",2019,"education_score",116.77
"13121011612","tract",2019,"education_score",133.15
"13121011613","tract",2019,"education_score",115
"13121011614","tract",2019,"education_score",119.18
"13121011615","tract",2019,"education_score",124.18
"13121011616","tract",2019,"education_score",128.4
"13121011617","tract",2019,"education_score",120.43
"13121011618","tract",2019,"education_score",121.22
"13121011619","tract",2019,"education_score",121.7
"13121011620","tract",2019,"education_score",120.45
"13121011621","tract",2019,"education_score",114.32
"13121011622","tract",2019,"education_score",118.43
"13121011623","tract",2019,"education_score",110.7
"13121011624","tract",2019,"education_score",120.91
"13121011625","tract",2019,"education_score",114.29
"13121011626","tract",2019,"education_score",113
"13121011800","tract",2019,"education_score",110.22
"13121011900","tract",2019,"education_score",119.91
"13121012000","tract",2019,"education_score",86.2
"13121012300","tract",2019,"education_score",99.52
"13121980000","tract",2019,"education_score",NA
"13123080100","tract",2019,"education_score",113.29
"13123080200","tract",2019,"education_score",104.38
"13123080300","tract",2019,"education_score",75.16
"13123080400","tract",2019,"education_score",89.34
"13123080500","tract",2019,"education_score",89.71
"13125010100","tract",2019,"education_score",83.11
"13127000101","tract",2019,"education_score",122.75
"13127000102","tract",2019,"education_score",128.28
"13127000200","tract",2019,"education_score",110.81
"13127000300","tract",2019,"education_score",119.88
"13127000401","tract",2019,"education_score",89.37
"13127000403","tract",2019,"education_score",108.78
"13127000404","tract",2019,"education_score",99.94
"13127000501","tract",2019,"education_score",92.93
"13127000503","tract",2019,"education_score",96.5
"13127000504","tract",2019,"education_score",79.61
"13127000600","tract",2019,"education_score",85.48
"13127000700","tract",2019,"education_score",79
"13127000800","tract",2019,"education_score",83.49
"13127000900","tract",2019,"education_score",90.8
"13127001000","tract",2019,"education_score",102.47
"13127990000","tract",2019,"education_score",NA
"13129970100","tract",2019,"education_score",90.25
"13129970200","tract",2019,"education_score",80.66
"13129970300","tract",2019,"education_score",70.5
"13129970400","tract",2019,"education_score",75.36
"13129970500","tract",2019,"education_score",76.82
"13129970600","tract",2019,"education_score",69.88
"13129970700","tract",2019,"education_score",92.6
"13129970800","tract",2019,"education_score",89.99
"13129970900","tract",2019,"education_score",88.83
"13131950100","tract",2019,"education_score",85.71
"13131950200","tract",2019,"education_score",80.99
"13131950300","tract",2019,"education_score",89.18
"13131950400","tract",2019,"education_score",70.81
"13131950500","tract",2019,"education_score",85.18
"13131950600","tract",2019,"education_score",98.99
"13133950100","tract",2019,"education_score",87.9
"13133950200","tract",2019,"education_score",74.41
"13133950301","tract",2019,"education_score",129.01
"13133950302","tract",2019,"education_score",124.43
"13133950303","tract",2019,"education_score",86.95
"13133950400","tract",2019,"education_score",78.02
"13133950500","tract",2019,"education_score",93.53
"13135050103","tract",2019,"education_score",100.39
"13135050105","tract",2019,"education_score",66.28
"13135050106","tract",2019,"education_score",82.03
"13135050107","tract",2019,"education_score",103.65
"13135050108","tract",2019,"education_score",110.58
"13135050109","tract",2019,"education_score",95.72
"13135050205","tract",2019,"education_score",97.64
"13135050208","tract",2019,"education_score",103.01
"13135050209","tract",2019,"education_score",98.52
"13135050210","tract",2019,"education_score",119.43
"13135050211","tract",2019,"education_score",85.34
"13135050212","tract",2019,"education_score",113
"13135050213","tract",2019,"education_score",106.51
"13135050214","tract",2019,"education_score",122.4
"13135050215","tract",2019,"education_score",108.14
"13135050216","tract",2019,"education_score",107.87
"13135050217","tract",2019,"education_score",116.4
"13135050218","tract",2019,"education_score",90.32
"13135050219","tract",2019,"education_score",110.78
"13135050220","tract",2019,"education_score",113.15
"13135050304","tract",2019,"education_score",86.79
"13135050306","tract",2019,"education_score",72.1
"13135050308","tract",2019,"education_score",119.51
"13135050309","tract",2019,"education_score",115.81
"13135050310","tract",2019,"education_score",119.95
"13135050311","tract",2019,"education_score",119.29
"13135050313","tract",2019,"education_score",80.37
"13135050314","tract",2019,"education_score",84.87
"13135050315","tract",2019,"education_score",99.41
"13135050317","tract",2019,"education_score",99.31
"13135050318","tract",2019,"education_score",91.75
"13135050319","tract",2019,"education_score",50.75
"13135050320","tract",2019,"education_score",59.17
"13135050321","tract",2019,"education_score",122.21
"13135050322","tract",2019,"education_score",126.95
"13135050410","tract",2019,"education_score",61.68
"13135050415","tract",2019,"education_score",111.02
"13135050416","tract",2019,"education_score",101.75
"13135050417","tract",2019,"education_score",50.55
"13135050418","tract",2019,"education_score",74.69
"13135050419","tract",2019,"education_score",63.91
"13135050421","tract",2019,"education_score",66.43
"13135050422","tract",2019,"education_score",40.35
"13135050423","tract",2019,"education_score",73.99
"13135050424","tract",2019,"education_score",74.65
"13135050425","tract",2019,"education_score",101.06
"13135050426","tract",2019,"education_score",103.99
"13135050427","tract",2019,"education_score",98.89
"13135050428","tract",2019,"education_score",107.93
"13135050429","tract",2019,"education_score",109.94
"13135050430","tract",2019,"education_score",104.44
"13135050431","tract",2019,"education_score",96.13
"13135050432","tract",2019,"education_score",75.92
"13135050433","tract",2019,"education_score",85.36
"13135050434","tract",2019,"education_score",50.03
"13135050435","tract",2019,"education_score",61.91
"13135050436","tract",2019,"education_score",74.12
"13135050511","tract",2019,"education_score",90.97
"13135050520","tract",2019,"education_score",91.37
"13135050521","tract",2019,"education_score",85.73
"13135050522","tract",2019,"education_score",84.72
"13135050523","tract",2019,"education_score",100.89
"13135050524","tract",2019,"education_score",72.3
"13135050525","tract",2019,"education_score",107.02
"13135050526","tract",2019,"education_score",72.01
"13135050527","tract",2019,"education_score",101.82
"13135050528","tract",2019,"education_score",111.17
"13135050529","tract",2019,"education_score",100.22
"13135050530","tract",2019,"education_score",106.17
"13135050531","tract",2019,"education_score",78.53
"13135050532","tract",2019,"education_score",93.5
"13135050533","tract",2019,"education_score",63.4
"13135050534","tract",2019,"education_score",90.41
"13135050535","tract",2019,"education_score",89.38
"13135050536","tract",2019,"education_score",83.74
"13135050537","tract",2019,"education_score",84.7
"13135050538","tract",2019,"education_score",93.68
"13135050539","tract",2019,"education_score",81.43
"13135050540","tract",2019,"education_score",96.5
"13135050541","tract",2019,"education_score",85.42
"13135050542","tract",2019,"education_score",98.37
"13135050543","tract",2019,"education_score",98.34
"13135050544","tract",2019,"education_score",96.61
"13135050545","tract",2019,"education_score",90.45
"13135050546","tract",2019,"education_score",95.75
"13135050547","tract",2019,"education_score",105.33
"13135050548","tract",2019,"education_score",101.8
"13135050549","tract",2019,"education_score",94.85
"13135050605","tract",2019,"education_score",103.82
"13135050606","tract",2019,"education_score",104.91
"13135050607","tract",2019,"education_score",103.5
"13135050608","tract",2019,"education_score",97.37
"13135050609","tract",2019,"education_score",103.81
"13135050610","tract",2019,"education_score",110.37
"13135050709","tract",2019,"education_score",91.55
"13135050712","tract",2019,"education_score",110.94
"13135050713","tract",2019,"education_score",113.59
"13135050714","tract",2019,"education_score",105.46
"13135050715","tract",2019,"education_score",97.46
"13135050718","tract",2019,"education_score",107.87
"13135050719","tract",2019,"education_score",91.75
"13135050720","tract",2019,"education_score",104.87
"13135050721","tract",2019,"education_score",102.89
"13135050722","tract",2019,"education_score",85.51
"13135050723","tract",2019,"education_score",100.33
"13135050724","tract",2019,"education_score",107.36
"13135050725","tract",2019,"education_score",99.4
"13135050726","tract",2019,"education_score",104.7
"13135050727","tract",2019,"education_score",105.4
"13135050728","tract",2019,"education_score",103.91
"13135050729","tract",2019,"education_score",104.53
"13135050730","tract",2019,"education_score",92.71
"13135050731","tract",2019,"education_score",107.52
"13137000100","tract",2019,"education_score",105.35
"13137000201","tract",2019,"education_score",94.95
"13137000202","tract",2019,"education_score",106.56
"13137000300","tract",2019,"education_score",87.37
"13137000400","tract",2019,"education_score",91.51
"13137000500","tract",2019,"education_score",86.59
"13137000601","tract",2019,"education_score",73.68
"13137000602","tract",2019,"education_score",65.37
"13139000101","tract",2019,"education_score",85.65
"13139000102","tract",2019,"education_score",87.12
"13139000201","tract",2019,"education_score",87.49
"13139000203","tract",2019,"education_score",96.67
"13139000204","tract",2019,"education_score",95.7
"13139000302","tract",2019,"education_score",91.51
"13139000303","tract",2019,"education_score",102.89
"13139000304","tract",2019,"education_score",95.98
"13139000305","tract",2019,"education_score",83.38
"13139000400","tract",2019,"education_score",105.44
"13139000500","tract",2019,"education_score",99.05
"13139000600","tract",2019,"education_score",84.25
"13139000701","tract",2019,"education_score",51.47
"13139000702","tract",2019,"education_score",36.51
"13139000800","tract",2019,"education_score",53.81
"13139000900","tract",2019,"education_score",95.83
"13139001002","tract",2019,"education_score",80.47
"13139001003","tract",2019,"education_score",42.11
"13139001004","tract",2019,"education_score",95.7
"13139001101","tract",2019,"education_score",18.02
"13139001102","tract",2019,"education_score",22
"13139001201","tract",2019,"education_score",35.16
"13139001202","tract",2019,"education_score",35.13
"13139001301","tract",2019,"education_score",81.42
"13139001302","tract",2019,"education_score",90.06
"13139001402","tract",2019,"education_score",88.48
"13139001403","tract",2019,"education_score",80.89
"13139001404","tract",2019,"education_score",82.55
"13139001501","tract",2019,"education_score",106.03
"13139001502","tract",2019,"education_score",111.56
"13139001603","tract",2019,"education_score",96.59
"13139001604","tract",2019,"education_score",107.23
"13139001605","tract",2019,"education_score",89.51
"13139001606","tract",2019,"education_score",105.67
"13139001607","tract",2019,"education_score",98.78
"13139001608","tract",2019,"education_score",115.34
"13141480300","tract",2019,"education_score",106.78
"13141480400","tract",2019,"education_score",NA
"13143010100","tract",2019,"education_score",75.4
"13143010200","tract",2019,"education_score",92.89
"13143010301","tract",2019,"education_score",83.84
"13143010302","tract",2019,"education_score",91.19
"13143010400","tract",2019,"education_score",84.54
"13145120198","tract",2019,"education_score",102.39
"13145120200","tract",2019,"education_score",98.61
"13145120300","tract",2019,"education_score",106.08
"13145120401","tract",2019,"education_score",107.54
"13145120402","tract",2019,"education_score",111.36
"13147960100","tract",2019,"education_score",101.19
"13147960200","tract",2019,"education_score",95.4
"13147960300","tract",2019,"education_score",81.63
"13147960400","tract",2019,"education_score",81.1
"13147960500","tract",2019,"education_score",83.46
"13149970100","tract",2019,"education_score",73.86
"13149970200","tract",2019,"education_score",96.5
"13149970300","tract",2019,"education_score",84.91
"13151070104","tract",2019,"education_score",105.48
"13151070106","tract",2019,"education_score",101.26
"13151070107","tract",2019,"education_score",110.66
"13151070108","tract",2019,"education_score",94.29
"13151070109","tract",2019,"education_score",104.98
"13151070110","tract",2019,"education_score",105.41
"13151070111","tract",2019,"education_score",95.87
"13151070113","tract",2019,"education_score",75.14
"13151070114","tract",2019,"education_score",97.66
"13151070202","tract",2019,"education_score",103.17
"13151070203","tract",2019,"education_score",104.41
"13151070204","tract",2019,"education_score",101.4
"13151070205","tract",2019,"education_score",96.9
"13151070304","tract",2019,"education_score",94.13
"13151070305","tract",2019,"education_score",105.46
"13151070306","tract",2019,"education_score",93.97
"13151070307","tract",2019,"education_score",104.54
"13151070309","tract",2019,"education_score",106.25
"13151070310","tract",2019,"education_score",100.47
"13151070311","tract",2019,"education_score",99.39
"13151070402","tract",2019,"education_score",94.29
"13151070403","tract",2019,"education_score",90.59
"13151070404","tract",2019,"education_score",103.16
"13151070501","tract",2019,"education_score",91.63
"13151070502","tract",2019,"education_score",106.66
"13153020105","tract",2019,"education_score",97.84
"13153020106","tract",2019,"education_score",102.39
"13153020108","tract",2019,"education_score",94.19
"13153020109","tract",2019,"education_score",104.47
"13153020200","tract",2019,"education_score",101.85
"13153020300","tract",2019,"education_score",74.01
"13153020400","tract",2019,"education_score",76.51
"13153020600","tract",2019,"education_score",106.85
"13153020700","tract",2019,"education_score",90.97
"13153020800","tract",2019,"education_score",84.96
"13153020900","tract",2019,"education_score",98.92
"13153021000","tract",2019,"education_score",90.91
"13153021103","tract",2019,"education_score",104.33
"13153021104","tract",2019,"education_score",93.03
"13153021105","tract",2019,"education_score",103.53
"13153021107","tract",2019,"education_score",109.1
"13153021108","tract",2019,"education_score",102.87
"13153021113","tract",2019,"education_score",105.65
"13153021201","tract",2019,"education_score",109
"13153021202","tract",2019,"education_score",102.65
"13153021300","tract",2019,"education_score",95.98
"13153021400","tract",2019,"education_score",98.32
"13153021500","tract",2019,"education_score",98.18
"13155950100","tract",2019,"education_score",88.68
"13155950200","tract",2019,"education_score",83.71
"13157010101","tract",2019,"education_score",83.92
"13157010102","tract",2019,"education_score",105.84
"13157010103","tract",2019,"education_score",97.49
"13157010200","tract",2019,"education_score",86
"13157010300","tract",2019,"education_score",87.78
"13157010400","tract",2019,"education_score",90.01
"13157010500","tract",2019,"education_score",89.43
"13157010600","tract",2019,"education_score",95.21
"13157010701","tract",2019,"education_score",88.45
"13157010702","tract",2019,"education_score",88.07
"13157010703","tract",2019,"education_score",95.93
"13159010100","tract",2019,"education_score",78.12
"13159010200","tract",2019,"education_score",83.06
"13159010500","tract",2019,"education_score",88.06
"13161960100","tract",2019,"education_score",69.44
"13161960200","tract",2019,"education_score",83.11
"13161960300","tract",2019,"education_score",80.93
"13163960100","tract",2019,"education_score",85.29
"13163960200","tract",2019,"education_score",75.47
"13163960300","tract",2019,"education_score",81.09
"13163960400","tract",2019,"education_score",75.37
"13165960100","tract",2019,"education_score",81.53
"13165960200","tract",2019,"education_score",73.18
"13167960100","tract",2019,"education_score",82.12
"13167960200","tract",2019,"education_score",72.05
"13167960300","tract",2019,"education_score",99.7
"13169030101","tract",2019,"education_score",108.35
"13169030103","tract",2019,"education_score",97.75
"13169030104","tract",2019,"education_score",88.93
"13169030200","tract",2019,"education_score",94.14
"13169030301","tract",2019,"education_score",106.03
"13169030302","tract",2019,"education_score",96.94
"13171970100","tract",2019,"education_score",99.5
"13171970200","tract",2019,"education_score",98
"13171970300","tract",2019,"education_score",89.69
"13173950100","tract",2019,"education_score",83.84
"13173950200","tract",2019,"education_score",88.61
"13175950100","tract",2019,"education_score",91.77
"13175950201","tract",2019,"education_score",100.36
"13175950202","tract",2019,"education_score",105.95
"13175950300","tract",2019,"education_score",85.95
"13175950400","tract",2019,"education_score",102.72
"13175950500","tract",2019,"education_score",102.47
"13175950600","tract",2019,"education_score",91.34
"13175950700","tract",2019,"education_score",91.67
"13175950800","tract",2019,"education_score",87.69
"13175950900","tract",2019,"education_score",61.4
"13175951000","tract",2019,"education_score",82.04
"13175951100","tract",2019,"education_score",82.56
"13175951400","tract",2019,"education_score",89
"13177020100","tract",2019,"education_score",91.2
"13177020200","tract",2019,"education_score",85.74
"13177020300","tract",2019,"education_score",89.18
"13177020402","tract",2019,"education_score",103.79
"13177020403","tract",2019,"education_score",110.02
"13179010101","tract",2019,"education_score",90.54
"13179010102","tract",2019,"education_score",NA
"13179010103","tract",2019,"education_score",104.29
"13179010202","tract",2019,"education_score",102.01
"13179010204","tract",2019,"education_score",96.09
"13179010205","tract",2019,"education_score",98.87
"13179010206","tract",2019,"education_score",104.05
"13179010207","tract",2019,"education_score",86.43
"13179010208","tract",2019,"education_score",96.51
"13179010300","tract",2019,"education_score",92.28
"13179010400","tract",2019,"education_score",92.09
"13179010501","tract",2019,"education_score",91.44
"13179010502","tract",2019,"education_score",94.24
"13179010600","tract",2019,"education_score",84.36
"13179990000","tract",2019,"education_score",NA
"13181970100","tract",2019,"education_score",86.78
"13181970200","tract",2019,"education_score",89.32
"13183970100","tract",2019,"education_score",89.98
"13183970200","tract",2019,"education_score",91.6
"13183980000","tract",2019,"education_score",NA
"13185010101","tract",2019,"education_score",88.95
"13185010102","tract",2019,"education_score",99.67
"13185010103","tract",2019,"education_score",102.18
"13185010201","tract",2019,"education_score",94.99
"13185010202","tract",2019,"education_score",105.63
"13185010301","tract",2019,"education_score",111.81
"13185010302","tract",2019,"education_score",121.97
"13185010401","tract",2019,"education_score",110.71
"13185010402","tract",2019,"education_score",86.65
"13185010500","tract",2019,"education_score",84.9
"13185010601","tract",2019,"education_score",106.53
"13185010604","tract",2019,"education_score",94.76
"13185010700","tract",2019,"education_score",90.37
"13185010800","tract",2019,"education_score",61.8
"13185010900","tract",2019,"education_score",80.7
"13185011000","tract",2019,"education_score",71.29
"13185011100","tract",2019,"education_score",97.45
"13185011200","tract",2019,"education_score",109.01
"13185011301","tract",2019,"education_score",91.41
"13185011302","tract",2019,"education_score",95.29
"13185011401","tract",2019,"education_score",102.34
"13185011402","tract",2019,"education_score",NA
"13185011403","tract",2019,"education_score",92.07
"13185011500","tract",2019,"education_score",89.48
"13185011600","tract",2019,"education_score",100.39
"13187960101","tract",2019,"education_score",90.19
"13187960102","tract",2019,"education_score",107.73
"13187960201","tract",2019,"education_score",90.07
"13187960202","tract",2019,"education_score",97.78
"13189950100","tract",2019,"education_score",109.08
"13189950200","tract",2019,"education_score",90.81
"13189950300","tract",2019,"education_score",90.58
"13189950400","tract",2019,"education_score",89.91
"13189950500","tract",2019,"education_score",81.89
"13191110100","tract",2019,"education_score",101.78
"13191110200","tract",2019,"education_score",102.96
"13191110300","tract",2019,"education_score",88.43
"13191980000","tract",2019,"education_score",NA
"13191990000","tract",2019,"education_score",NA
"13193000100","tract",2019,"education_score",94.22
"13193000200","tract",2019,"education_score",83.39
"13193000300","tract",2019,"education_score",NA
"13193000400","tract",2019,"education_score",74.82
"13195020100","tract",2019,"education_score",84.75
"13195020200","tract",2019,"education_score",94.6
"13195020300","tract",2019,"education_score",88.98
"13195020400","tract",2019,"education_score",97.9
"13195020500","tract",2019,"education_score",92.02
"13195020600","tract",2019,"education_score",92.9
"13197920100","tract",2019,"education_score",86.21
"13197920200","tract",2019,"education_score",79.68
"13199970500","tract",2019,"education_score",74.72
"13199970600","tract",2019,"education_score",94.03
"13199970700","tract",2019,"education_score",79.97
"13199970800","tract",2019,"education_score",79.4
"13201950100","tract",2019,"education_score",88.29
"13201950200","tract",2019,"education_score",91.1
"13201950300","tract",2019,"education_score",97.33
"13205090100","tract",2019,"education_score",82.99
"13205090200","tract",2019,"education_score",82.21
"13205090300","tract",2019,"education_score",68.08
"13205090400","tract",2019,"education_score",86.2
"13205090500","tract",2019,"education_score",81.86
"13207050101","tract",2019,"education_score",105.93
"13207050102","tract",2019,"education_score",98.79
"13207050200","tract",2019,"education_score",91.83
"13207050301","tract",2019,"education_score",106.65
"13207050302","tract",2019,"education_score",104.5
"13209950100","tract",2019,"education_score",97.92
"13209950200","tract",2019,"education_score",84.5
"13209950300","tract",2019,"education_score",88.45
"13211010100","tract",2019,"education_score",99.43
"13211010200","tract",2019,"education_score",92.37
"13211010300","tract",2019,"education_score",105.37
"13211010400","tract",2019,"education_score",105.39
"13211010500","tract",2019,"education_score",94.21
"13213010100","tract",2019,"education_score",79.13
"13213010201","tract",2019,"education_score",89.17
"13213010202","tract",2019,"education_score",72.72
"13213010300","tract",2019,"education_score",73.46
"13213010400","tract",2019,"education_score",85.53
"13213010500","tract",2019,"education_score",66.65
"13213010600","tract",2019,"education_score",68.38
"13213010700","tract",2019,"education_score",59.66
"13215000200","tract",2019,"education_score",89.88
"13215000300","tract",2019,"education_score",63.43
"13215000400","tract",2019,"education_score",81.57
"13215000800","tract",2019,"education_score",73.15
"13215000900","tract",2019,"education_score",91.73
"13215001000","tract",2019,"education_score",103.18
"13215001100","tract",2019,"education_score",118.53
"13215001200","tract",2019,"education_score",114.57
"13215001400","tract",2019,"education_score",92.65
"13215001600","tract",2019,"education_score",72.93
"13215001800","tract",2019,"education_score",58.8
"13215002000","tract",2019,"education_score",83.45
"13215002100","tract",2019,"education_score",84.25
"13215002200","tract",2019,"education_score",84.75
"13215002300","tract",2019,"education_score",107.19
"13215002400","tract",2019,"education_score",72.78
"13215002500","tract",2019,"education_score",79.91
"13215002700","tract",2019,"education_score",67.94
"13215002800","tract",2019,"education_score",86.79
"13215002901","tract",2019,"education_score",90.71
"13215002902","tract",2019,"education_score",89.35
"13215003000","tract",2019,"education_score",73.28
"13215003200","tract",2019,"education_score",69.27
"13215003301","tract",2019,"education_score",65.7
"13215003302","tract",2019,"education_score",92
"13215003400","tract",2019,"education_score",78.94
"13215010104","tract",2019,"education_score",111.18
"13215010106","tract",2019,"education_score",95.96
"13215010107","tract",2019,"education_score",110.98
"13215010201","tract",2019,"education_score",109.9
"13215010203","tract",2019,"education_score",112.27
"13215010204","tract",2019,"education_score",104.51
"13215010205","tract",2019,"education_score",112.93
"13215010301","tract",2019,"education_score",118.89
"13215010302","tract",2019,"education_score",113.04
"13215010401","tract",2019,"education_score",107.43
"13215010402","tract",2019,"education_score",104.48
"13215010501","tract",2019,"education_score",106.34
"13215010502","tract",2019,"education_score",98.42
"13215010602","tract",2019,"education_score",72.05
"13215010605","tract",2019,"education_score",90.68
"13215010606","tract",2019,"education_score",NA
"13215010607","tract",2019,"education_score",85.28
"13215010608","tract",2019,"education_score",91.41
"13215010701","tract",2019,"education_score",95.18
"13215010702","tract",2019,"education_score",89.98
"13215010703","tract",2019,"education_score",102.61
"13215010801","tract",2019,"education_score",115.43
"13215010802","tract",2019,"education_score",94.97
"13215011100","tract",2019,"education_score",97.05
"13215011200","tract",2019,"education_score",91.19
"13215011400","tract",2019,"education_score",78.3
"13215011500","tract",2019,"education_score",76.93
"13217100100","tract",2019,"education_score",101.24
"13217100201","tract",2019,"education_score",95.44
"13217100202","tract",2019,"education_score",112
"13217100300","tract",2019,"education_score",89.99
"13217100400","tract",2019,"education_score",88.12
"13217100501","tract",2019,"education_score",99.02
"13217100502","tract",2019,"education_score",78.33
"13217100600","tract",2019,"education_score",93.34
"13217100700","tract",2019,"education_score",81.73
"13217100800","tract",2019,"education_score",85.1
"13217100901","tract",2019,"education_score",94.89
"13217100902","tract",2019,"education_score",86.65
"13217100903","tract",2019,"education_score",100.42
"13219030100","tract",2019,"education_score",115.3
"13219030200","tract",2019,"education_score",102.97
"13219030300","tract",2019,"education_score",107.06
"13219030400","tract",2019,"education_score",115.11
"13219030500","tract",2019,"education_score",114.71
"13219030600","tract",2019,"education_score",108.92
"13221960100","tract",2019,"education_score",84.99
"13221960201","tract",2019,"education_score",88.79
"13221960202","tract",2019,"education_score",73.11
"13221960300","tract",2019,"education_score",95.57
"13223120101","tract",2019,"education_score",106.88
"13223120102","tract",2019,"education_score",92.01
"13223120103","tract",2019,"education_score",110.55
"13223120104","tract",2019,"education_score",102.87
"13223120202","tract",2019,"education_score",103.41
"13223120203","tract",2019,"education_score",106.82
"13223120204","tract",2019,"education_score",95.68
"13223120301","tract",2019,"education_score",92.96
"13223120302","tract",2019,"education_score",86.55
"13223120303","tract",2019,"education_score",99.04
"13223120400","tract",2019,"education_score",97.72
"13223120501","tract",2019,"education_score",99.99
"13223120502","tract",2019,"education_score",101.6
"13223120503","tract",2019,"education_score",99.04
"13223120601","tract",2019,"education_score",103.2
"13223120602","tract",2019,"education_score",96.14
"13223120603","tract",2019,"education_score",103.69
"13223120604","tract",2019,"education_score",94.18
"13223120605","tract",2019,"education_score",97.48
"13225040101","tract",2019,"education_score",114.25
"13225040102","tract",2019,"education_score",102.11
"13225040200","tract",2019,"education_score",76.07
"13225040301","tract",2019,"education_score",81.76
"13225040302","tract",2019,"education_score",73.78
"13225040400","tract",2019,"education_score",85.37
"13227050100","tract",2019,"education_score",124.74
"13227050200","tract",2019,"education_score",94.39
"13227050300","tract",2019,"education_score",83.48
"13227050400","tract",2019,"education_score",86.52
"13227050500","tract",2019,"education_score",97.44
"13227050600","tract",2019,"education_score",91.25
"13229960100","tract",2019,"education_score",89.44
"13229960200","tract",2019,"education_score",81.68
"13229960300","tract",2019,"education_score",88.43
"13229960400","tract",2019,"education_score",83.9
"13231010100","tract",2019,"education_score",96.32
"13231010200","tract",2019,"education_score",98.6
"13231010300","tract",2019,"education_score",92.13
"13231010400","tract",2019,"education_score",95.46
"13233010100","tract",2019,"education_score",85.16
"13233010200","tract",2019,"education_score",92.69
"13233010300","tract",2019,"education_score",65.24
"13233010400","tract",2019,"education_score",59.32
"13233010500","tract",2019,"education_score",82.01
"13233010600","tract",2019,"education_score",92.37
"13233010700","tract",2019,"education_score",97.66
"13235950100","tract",2019,"education_score",NA
"13235950200","tract",2019,"education_score",88.05
"13235950300","tract",2019,"education_score",78
"13237960101","tract",2019,"education_score",100.16
"13237960102","tract",2019,"education_score",106.38
"13237960201","tract",2019,"education_score",76.21
"13237960202","tract",2019,"education_score",86.51
"13237960300","tract",2019,"education_score",103.78
"13239960300","tract",2019,"education_score",69.77
"13241970100","tract",2019,"education_score",96.25
"13241970201","tract",2019,"education_score",97.17
"13241970202","tract",2019,"education_score",91.7
"13241970301","tract",2019,"education_score",103.1
"13241970302","tract",2019,"education_score",99.24
"13243790100","tract",2019,"education_score",79.45
"13243790200","tract",2019,"education_score",72.31
"13245000100","tract",2019,"education_score",108.76
"13245000200","tract",2019,"education_score",86.61
"13245000300","tract",2019,"education_score",84.81
"13245000600","tract",2019,"education_score",78.55
"13245000700","tract",2019,"education_score",91.35
"13245000900","tract",2019,"education_score",76.96
"13245001000","tract",2019,"education_score",103.86
"13245001100","tract",2019,"education_score",119.5
"13245001200","tract",2019,"education_score",94.29
"13245001300","tract",2019,"education_score",87.67
"13245001400","tract",2019,"education_score",89.69
"13245001500","tract",2019,"education_score",57.14
"13245001601","tract",2019,"education_score",90.22
"13245001602","tract",2019,"education_score",111.75
"13245010101","tract",2019,"education_score",108.04
"13245010104","tract",2019,"education_score",127.22
"13245010105","tract",2019,"education_score",105.11
"13245010106","tract",2019,"education_score",108.36
"13245010107","tract",2019,"education_score",119.68
"13245010201","tract",2019,"education_score",128.37
"13245010203","tract",2019,"education_score",104.46
"13245010204","tract",2019,"education_score",103.89
"13245010300","tract",2019,"education_score",83.08
"13245010400","tract",2019,"education_score",65.77
"13245010504","tract",2019,"education_score",65.78
"13245010506","tract",2019,"education_score",82.08
"13245010507","tract",2019,"education_score",87.43
"13245010508","tract",2019,"education_score",93.71
"13245010509","tract",2019,"education_score",81.24
"13245010510","tract",2019,"education_score",84.84
"13245010511","tract",2019,"education_score",84.64
"13245010512","tract",2019,"education_score",77.9
"13245010513","tract",2019,"education_score",93
"13245010600","tract",2019,"education_score",71.85
"13245010706","tract",2019,"education_score",85.38
"13245010707","tract",2019,"education_score",83.68
"13245010708","tract",2019,"education_score",92.61
"13245010709","tract",2019,"education_score",95.12
"13245010710","tract",2019,"education_score",67.84
"13245010711","tract",2019,"education_score",84.56
"13245010712","tract",2019,"education_score",102.57
"13245010800","tract",2019,"education_score",NA
"13245010903","tract",2019,"education_score",91.42
"13245010904","tract",2019,"education_score",84.7
"13245010905","tract",2019,"education_score",71.59
"13245010906","tract",2019,"education_score",92.6
"13245011000","tract",2019,"education_score",99.91
"13247060101","tract",2019,"education_score",88.73
"13247060102","tract",2019,"education_score",105.59
"13247060201","tract",2019,"education_score",50.73
"13247060202","tract",2019,"education_score",98.83
"13247060304","tract",2019,"education_score",92.02
"13247060305","tract",2019,"education_score",99.99
"13247060306","tract",2019,"education_score",102.21
"13247060307","tract",2019,"education_score",108.27
"13247060308","tract",2019,"education_score",96.48
"13247060309","tract",2019,"education_score",82.76
"13247060403","tract",2019,"education_score",100.09
"13247060404","tract",2019,"education_score",104.12
"13247060405","tract",2019,"education_score",106.3
"13247060406","tract",2019,"education_score",110.29
"13247060407","tract",2019,"education_score",98.56
"13249960100","tract",2019,"education_score",80.74
"13249960200","tract",2019,"education_score",98.95
"13251970200","tract",2019,"education_score",84.51
"13251970300","tract",2019,"education_score",88.9
"13251970400","tract",2019,"education_score",91.37
"13251970500","tract",2019,"education_score",105.49
"13251970600","tract",2019,"education_score",99.49
"13253200100","tract",2019,"education_score",97.95
"13253200200","tract",2019,"education_score",89
"13253200300","tract",2019,"education_score",90.47
"13255160100","tract",2019,"education_score",89.47
"13255160200","tract",2019,"education_score",100.76
"13255160300","tract",2019,"education_score",65.51
"13255160400","tract",2019,"education_score",63.77
"13255160500","tract",2019,"education_score",92.61
"13255160600","tract",2019,"education_score",100.48
"13255160700","tract",2019,"education_score",88.24
"13255160800","tract",2019,"education_score",80.19
"13255160900","tract",2019,"education_score",72.24
"13255161000","tract",2019,"education_score",82.33
"13255161100","tract",2019,"education_score",101.1
"13255161200","tract",2019,"education_score",96.65
"13257970100","tract",2019,"education_score",89.13
"13257970200","tract",2019,"education_score",85.16
"13257970301","tract",2019,"education_score",75.74
"13257970302","tract",2019,"education_score",90.57
"13257970400","tract",2019,"education_score",88.89
"13259950100","tract",2019,"education_score",92.5
"13259950400","tract",2019,"education_score",NA
"13261950100","tract",2019,"education_score",86.22
"13261950200","tract",2019,"education_score",89.45
"13261950300","tract",2019,"education_score",84.83
"13261950400","tract",2019,"education_score",96.33
"13261950500","tract",2019,"education_score",89.65
"13261950600","tract",2019,"education_score",93.64
"13261950700","tract",2019,"education_score",84.09
"13261950800","tract",2019,"education_score",94.71
"13263960100","tract",2019,"education_score",99.31
"13263960200","tract",2019,"education_score",89.16
"13263960300","tract",2019,"education_score",98.1
"13265010200","tract",2019,"education_score",81.2
"13267950100","tract",2019,"education_score",91.17
"13267950201","tract",2019,"education_score",81.33
"13267950202","tract",2019,"education_score",NA
"13267950300","tract",2019,"education_score",77.45
"13267950400","tract",2019,"education_score",90.85
"13269950100","tract",2019,"education_score",102.18
"13269950200","tract",2019,"education_score",86.81
"13269950300","tract",2019,"education_score",78.32
"13271950100","tract",2019,"education_score",70.37
"13271950200","tract",2019,"education_score",87.21
"13271950500","tract",2019,"education_score",85
"13273120200","tract",2019,"education_score",76.35
"13273120300","tract",2019,"education_score",90.12
"13273120400","tract",2019,"education_score",62.9
"13273120500","tract",2019,"education_score",99.88
"13275960100","tract",2019,"education_score",72.19
"13275960200","tract",2019,"education_score",84.02
"13275960300","tract",2019,"education_score",86.02
"13275960400","tract",2019,"education_score",86.34
"13275960500","tract",2019,"education_score",98.2
"13275960600","tract",2019,"education_score",109.71
"13275960700","tract",2019,"education_score",82.26
"13275960800","tract",2019,"education_score",95.2
"13275960900","tract",2019,"education_score",100.9
"13275961000","tract",2019,"education_score",94.74
"13275961100","tract",2019,"education_score",92.3
"13277960100","tract",2019,"education_score",99.97
"13277960200","tract",2019,"education_score",106.11
"13277960300","tract",2019,"education_score",95
"13277960400","tract",2019,"education_score",84.88
"13277960500","tract",2019,"education_score",103.12
"13277960600","tract",2019,"education_score",57.9
"13277960700","tract",2019,"education_score",82.29
"13277960800","tract",2019,"education_score",56.92
"13277960900","tract",2019,"education_score",100.27
"13279970100","tract",2019,"education_score",77.33
"13279970200","tract",2019,"education_score",75.48
"13279970300","tract",2019,"education_score",78.22
"13279970400","tract",2019,"education_score",88.16
"13279970500","tract",2019,"education_score",81.71
"13279970600","tract",2019,"education_score",87.45
"13281960100","tract",2019,"education_score",94.63
"13281960200","tract",2019,"education_score",107.64
"13281960300","tract",2019,"education_score",105.72
"13283960100","tract",2019,"education_score",67.86
"13283960200","tract",2019,"education_score",81.03
"13285960100","tract",2019,"education_score",76.1
"13285960201","tract",2019,"education_score",108.23
"13285960202","tract",2019,"education_score",97.7
"13285960300","tract",2019,"education_score",107
"13285960400","tract",2019,"education_score",80.53
"13285960501","tract",2019,"education_score",77.45
"13285960502","tract",2019,"education_score",104.2
"13285960600","tract",2019,"education_score",77.95
"13285960700","tract",2019,"education_score",87.37
"13285960800","tract",2019,"education_score",66.01
"13285960901","tract",2019,"education_score",76.33
"13285960902","tract",2019,"education_score",107.24
"13285961000","tract",2019,"education_score",82.86
"13285961100","tract",2019,"education_score",94.3
"13287970200","tract",2019,"education_score",85.53
"13287970300","tract",2019,"education_score",91.2
"13289060100","tract",2019,"education_score",85.35
"13289060200","tract",2019,"education_score",97.33
"13291000101","tract",2019,"education_score",101.87
"13291000102","tract",2019,"education_score",107.77
"13291000201","tract",2019,"education_score",110.34
"13291000203","tract",2019,"education_score",105.41
"13291000204","tract",2019,"education_score",98.41
"13291000205","tract",2019,"education_score",100.64
"13293010100","tract",2019,"education_score",94.45
"13293010201","tract",2019,"education_score",91.98
"13293010202","tract",2019,"education_score",99.25
"13293010300","tract",2019,"education_score",107.38
"13293010400","tract",2019,"education_score",84.03
"13293010500","tract",2019,"education_score",84.12
"13293010600","tract",2019,"education_score",72.97
"13295020100","tract",2019,"education_score",82.81
"13295020200","tract",2019,"education_score",81.37
"13295020301","tract",2019,"education_score",82.23
"13295020302","tract",2019,"education_score",90.02
"13295020400","tract",2019,"education_score",111.51
"13295020501","tract",2019,"education_score",91.1
"13295020502","tract",2019,"education_score",90.69
"13295020601","tract",2019,"education_score",104.38
"13295020602","tract",2019,"education_score",78.4
"13295020700","tract",2019,"education_score",72.92
"13295020800","tract",2019,"education_score",95.77
"13295020901","tract",2019,"education_score",96.14
"13295020902","tract",2019,"education_score",98.19
"13297110100","tract",2019,"education_score",99.89
"13297110200","tract",2019,"education_score",91.64
"13297110300","tract",2019,"education_score",72.61
"13297110400","tract",2019,"education_score",86.24
"13297110503","tract",2019,"education_score",101.79
"13297110504","tract",2019,"education_score",96.51
"13297110505","tract",2019,"education_score",94.64
"13297110506","tract",2019,"education_score",107.96
"13297110507","tract",2019,"education_score",97.11
"13297110508","tract",2019,"education_score",101.1
"13297110601","tract",2019,"education_score",109
"13297110602","tract",2019,"education_score",101.87
"13297110603","tract",2019,"education_score",89.91
"13297110700","tract",2019,"education_score",84.27
"13297110800","tract",2019,"education_score",90.67
"13299950100","tract",2019,"education_score",85.18
"13299950200","tract",2019,"education_score",81.4
"13299950300","tract",2019,"education_score",92.27
"13299950400","tract",2019,"education_score",71.66
"13299950500","tract",2019,"education_score",101.02
"13299950600","tract",2019,"education_score",112.11
"13299950700","tract",2019,"education_score",75.55
"13299950800","tract",2019,"education_score",57.26
"13299950900","tract",2019,"education_score",94.03
"13301970400","tract",2019,"education_score",85.36
"13301970500","tract",2019,"education_score",81.82
"13303950100","tract",2019,"education_score",101.39
"13303950300","tract",2019,"education_score",86.11
"13303950400","tract",2019,"education_score",100.56
"13303950500","tract",2019,"education_score",80.4
"13303950700","tract",2019,"education_score",87.31
"13305970100","tract",2019,"education_score",99.15
"13305970200","tract",2019,"education_score",72.41
"13305970300","tract",2019,"education_score",85.88
"13305970400","tract",2019,"education_score",79.21
"13305970500","tract",2019,"education_score",91.15
"13305970600","tract",2019,"education_score",75.79
"13307960100","tract",2019,"education_score",79.63
"13307960200","tract",2019,"education_score",72.21
"13309780100","tract",2019,"education_score",79.36
"13309780200","tract",2019,"education_score",89.18
"13311950100","tract",2019,"education_score",117.16
"13311950201","tract",2019,"education_score",85.55
"13311950202","tract",2019,"education_score",106.14
"13311950203","tract",2019,"education_score",96.67
"13311950300","tract",2019,"education_score",81.16
"13313000101","tract",2019,"education_score",80.53
"13313000102","tract",2019,"education_score",83.86
"13313000200","tract",2019,"education_score",67.6
"13313000301","tract",2019,"education_score",69.15
"13313000302","tract",2019,"education_score",69.41
"13313000400","tract",2019,"education_score",29.93
"13313000501","tract",2019,"education_score",95.1
"13313000502","tract",2019,"education_score",58.15
"13313000600","tract",2019,"education_score",86.32
"13313000700","tract",2019,"education_score",89.38
"13313000800","tract",2019,"education_score",90.26
"13313000900","tract",2019,"education_score",92.55
"13313001000","tract",2019,"education_score",27.81
"13313001100","tract",2019,"education_score",47.09
"13313001200","tract",2019,"education_score",44.55
"13313001300","tract",2019,"education_score",32.84
"13313001400","tract",2019,"education_score",75.97
"13313001500","tract",2019,"education_score",83.17
"13315960100","tract",2019,"education_score",NA
"13315960200","tract",2019,"education_score",79.29
"13315960300","tract",2019,"education_score",90.39
"13315960400","tract",2019,"education_score",103
"13317010101","tract",2019,"education_score",98.01
"13317010102","tract",2019,"education_score",69.86
"13317010301","tract",2019,"education_score",91.89
"13317010302","tract",2019,"education_score",88.91
"13319960200","tract",2019,"education_score",91.35
"13319960300","tract",2019,"education_score",86.84
"13319960400","tract",2019,"education_score",84.6
"13321950100","tract",2019,"education_score",87.67
"13321950200","tract",2019,"education_score",84.05
"13321950400","tract",2019,"education_score",89.37
"13321950500","tract",2019,"education_score",83.08
"13321950600","tract",2019,"education_score",105.35
"13001950100","tract",2019,"education_rnk",27.7759
"13001950200","tract",2019,"education_rnk",10.2136
"13001950300","tract",2019,"education_rnk",8.9046
"13001950400","tract",2019,"education_rnk",13.6933
"13001950500","tract",2019,"education_rnk",27.7914
"13003960100","tract",2019,"education_rnk",3.357
"13003960200","tract",2019,"education_rnk",5.422
"13003960300","tract",2019,"education_rnk",6.6548
"13005970100","tract",2019,"education_rnk",22.3384
"13005970201","tract",2019,"education_rnk",18.6795
"13005970202","tract",2019,"education_rnk",11.9132
"13007960100","tract",2019,"education_rnk",18.0645
"13007960200","tract",2019,"education_rnk",14.534
"13009970100","tract",2019,"education_rnk",50.134
"13009970200","tract",2019,"education_rnk",45.7402
"13009970300","tract",2019,"education_rnk",76.4514
"13009970400","tract",2019,"education_rnk",45.3185
"13009970500","tract",2019,"education_rnk",13.3971
"13009970600","tract",2019,"education_rnk",16.3958
"13009970701","tract",2019,"education_rnk",17.9531
"13009970702","tract",2019,"education_rnk",22.5076
"13009970800","tract",2019,"education_rnk",29.5574
"13011970100","tract",2019,"education_rnk",10.5281
"13011970200","tract",2019,"education_rnk",13.5734
"13011970300","tract",2019,"education_rnk",9.1994
"13011970400","tract",2019,"education_rnk",14.9994
"13013180103","tract",2019,"education_rnk",51.0678
"13013180104","tract",2019,"education_rnk",14.0826
"13013180105","tract",2019,"education_rnk",39.084
"13013180106","tract",2019,"education_rnk",27.5911
"13013180107","tract",2019,"education_rnk",25.8745
"13013180108","tract",2019,"education_rnk",45.0843
"13013180203","tract",2019,"education_rnk",13.7539
"13013180204","tract",2019,"education_rnk",13.4789
"13013180205","tract",2019,"education_rnk",22.3186
"13013180206","tract",2019,"education_rnk",23.7136
"13013180301","tract",2019,"education_rnk",20.7191
"13013180302","tract",2019,"education_rnk",37.7412
"13013180303","tract",2019,"education_rnk",26.8689
"13013180401","tract",2019,"education_rnk",41.7203
"13013180402","tract",2019,"education_rnk",22.7023
"13013180501","tract",2019,"education_rnk",36.8441
"13013180502","tract",2019,"education_rnk",28.4868
"13013180503","tract",2019,"education_rnk",16.276
"13015960101","tract",2019,"education_rnk",26.3061
"13015960102","tract",2019,"education_rnk",43.0363
"13015960200","tract",2019,"education_rnk",25.4542
"13015960300","tract",2019,"education_rnk",25.3752
"13015960401","tract",2019,"education_rnk",21.4159
"13015960402","tract",2019,"education_rnk",33.93
"13015960500","tract",2019,"education_rnk",17.6145
"13015960600","tract",2019,"education_rnk",46.382
"13015960700","tract",2019,"education_rnk",27.4882
"13015960801","tract",2019,"education_rnk",13.2857
"13015960802","tract",2019,"education_rnk",8.0399
"13015960803","tract",2019,"education_rnk",27.3838
"13015960901","tract",2019,"education_rnk",33.8848
"13015960902","tract",2019,"education_rnk",37.4929
"13015961000","tract",2019,"education_rnk",31.7239
"13017960100","tract",2019,"education_rnk",30.5673
"13017960200","tract",2019,"education_rnk",67.3381
"13017960300","tract",2019,"education_rnk",21.5033
"13017960400","tract",2019,"education_rnk",3.8606
"13017960500","tract",2019,"education_rnk",35.1205
"13019970100","tract",2019,"education_rnk",20.0942
"13019970200","tract",2019,"education_rnk",15.5213
"13019970300","tract",2019,"education_rnk",28.7901
"13019970400","tract",2019,"education_rnk",11.1798
"13019970500","tract",2019,"education_rnk",26.2525
"13019970600","tract",2019,"education_rnk",20.1958
"13021010100","tract",2019,"education_rnk",7.8114
"13021010200","tract",2019,"education_rnk",79.0045
"13021010300","tract",2019,"education_rnk",31.5758
"13021010400","tract",2019,"education_rnk",10.2136
"13021010500","tract",2019,"education_rnk",NA
"13021010800","tract",2019,"education_rnk",85.6875
"13021011000","tract",2019,"education_rnk",31.8537
"13021011100","tract",2019,"education_rnk",9.3193
"13021011500","tract",2019,"education_rnk",3.8846
"13021011701","tract",2019,"education_rnk",23.7799
"13021011702","tract",2019,"education_rnk",8.1077
"13021011800","tract",2019,"education_rnk",72.7502
"13021011900","tract",2019,"education_rnk",43.7049
"13021012000","tract",2019,"education_rnk",66.7936
"13021012101","tract",2019,"education_rnk",66.4396
"13021012102","tract",2019,"education_rnk",54.3218
"13021012200","tract",2019,"education_rnk",43.8473
"13021012300","tract",2019,"education_rnk",18.0462
"13021012400","tract",2019,"education_rnk",6.7183
"13021012500","tract",2019,"education_rnk",6.8438
"13021012600","tract",2019,"education_rnk",9.5957
"13021012700","tract",2019,"education_rnk",4.8536
"13021012800","tract",2019,"education_rnk",10.758
"13021012900","tract",2019,"education_rnk",14.6919
"13021013101","tract",2019,"education_rnk",7.5406
"13021013102","tract",2019,"education_rnk",25.584
"13021013201","tract",2019,"education_rnk",9.3856
"13021013202","tract",2019,"education_rnk",9.5647
"13021013302","tract",2019,"education_rnk",10.435
"13021013407","tract",2019,"education_rnk",51.6291
"13021013408","tract",2019,"education_rnk",83.4645
"13021013409","tract",2019,"education_rnk",54.5969
"13021013410","tract",2019,"education_rnk",88.0882
"13021013411","tract",2019,"education_rnk",90.1532
"13021013502","tract",2019,"education_rnk",20.1563
"13021013503","tract",2019,"education_rnk",38.8724
"13021013504","tract",2019,"education_rnk",58.2938
"13021013603","tract",2019,"education_rnk",41.2195
"13021013604","tract",2019,"education_rnk",45.9687
"13021013605","tract",2019,"education_rnk",59.5831
"13021013606","tract",2019,"education_rnk",60.6409
"13021013700","tract",2019,"education_rnk",31.8791
"13021013800","tract",2019,"education_rnk",11.2094
"13021013900","tract",2019,"education_rnk",31.5392
"13023790100","tract",2019,"education_rnk",51.1566
"13023790200","tract",2019,"education_rnk",14.9867
"13023790300","tract",2019,"education_rnk",38.0981
"13025960100","tract",2019,"education_rnk",17.5243
"13025960200","tract",2019,"education_rnk",22.5358
"13025960300","tract",2019,"education_rnk",11.0556
"13027960200","tract",2019,"education_rnk",39.0248
"13027960300","tract",2019,"education_rnk",33.0061
"13027960400","tract",2019,"education_rnk",21.0759
"13027960500","tract",2019,"education_rnk",50.1143
"13027960600","tract",2019,"education_rnk",34.1613
"13029920101","tract",2019,"education_rnk",18.7401
"13029920102","tract",2019,"education_rnk",13.1545
"13029920301","tract",2019,"education_rnk",52.1666
"13029920303","tract",2019,"education_rnk",32.3008
"13029920305","tract",2019,"education_rnk",65.5806
"13029920306","tract",2019,"education_rnk",71.1846
"13029980000","tract",2019,"education_rnk",NA
"13031110100","tract",2019,"education_rnk",16.606
"13031110200","tract",2019,"education_rnk",39.9726
"13031110300","tract",2019,"education_rnk",51.3738
"13031110401","tract",2019,"education_rnk",29.3585
"13031110403","tract",2019,"education_rnk",20.4313
"13031110404","tract",2019,"education_rnk",NA
"13031110500","tract",2019,"education_rnk",55.5377
"13031110601","tract",2019,"education_rnk",52.089
"13031110602","tract",2019,"education_rnk",30.0567
"13031110700","tract",2019,"education_rnk",41.3705
"13031110800","tract",2019,"education_rnk",25.1001
"13031110900","tract",2019,"education_rnk",24.4513
"13033950100","tract",2019,"education_rnk",31.3925
"13033950200","tract",2019,"education_rnk",19.7458
"13033950400","tract",2019,"education_rnk",15.9106
"13033950500","tract",2019,"education_rnk",13.9401
"13033950700","tract",2019,"education_rnk",6.415
"13033950900","tract",2019,"education_rnk",14.7949
"13035150100","tract",2019,"education_rnk",33.7255
"13035150200","tract",2019,"education_rnk",18.3776
"13035150300","tract",2019,"education_rnk",23.1861
"13037950100","tract",2019,"education_rnk",NA
"13037950200","tract",2019,"education_rnk",9.1937
"13039010100","tract",2019,"education_rnk",26.8337
"13039010200","tract",2019,"education_rnk",38.6792
"13039010301","tract",2019,"education_rnk",43.7345
"13039010302","tract",2019,"education_rnk",50.6968
"13039010401","tract",2019,"education_rnk",35.5634
"13039010402","tract",2019,"education_rnk",67.7076
"13039010403","tract",2019,"education_rnk",66.125
"13039010500","tract",2019,"education_rnk",NA
"13039010601","tract",2019,"education_rnk",52.7886
"13039010602","tract",2019,"education_rnk",43.9221
"13039990000","tract",2019,"education_rnk",NA
"13043950100","tract",2019,"education_rnk",11.4097
"13043950200","tract",2019,"education_rnk",10.1515
"13043950300","tract",2019,"education_rnk",12.9753
"13045910101","tract",2019,"education_rnk",22.5358
"13045910103","tract",2019,"education_rnk",35.8173
"13045910104","tract",2019,"education_rnk",20.6232
"13045910200","tract",2019,"education_rnk",33.4462
"13045910300","tract",2019,"education_rnk",19.1407
"13045910400","tract",2019,"education_rnk",27.6616
"13045910501","tract",2019,"education_rnk",12.8174
"13045910502","tract",2019,"education_rnk",4.4911
"13045910600","tract",2019,"education_rnk",47.1804
"13045910701","tract",2019,"education_rnk",32.8411
"13045910702","tract",2019,"education_rnk",65.4903
"13045910703","tract",2019,"education_rnk",20.4186
"13045910800","tract",2019,"education_rnk",18.1675
"13045910900","tract",2019,"education_rnk",29.9537
"13045911000","tract",2019,"education_rnk",33.4941
"13045911100","tract",2019,"education_rnk",36.6339
"13045911200","tract",2019,"education_rnk",33.4617
"13047030100","tract",2019,"education_rnk",23.2693
"13047030201","tract",2019,"education_rnk",47.5739
"13047030202","tract",2019,"education_rnk",57.188
"13047030301","tract",2019,"education_rnk",45.1831
"13047030303","tract",2019,"education_rnk",39.4465
"13047030304","tract",2019,"education_rnk",45.5794
"13047030401","tract",2019,"education_rnk",43.6611
"13047030402","tract",2019,"education_rnk",37.4718
"13047030500","tract",2019,"education_rnk",20.9109
"13047030600","tract",2019,"education_rnk",24.3483
"13047030700","tract",2019,"education_rnk",39.8697
"13049010100","tract",2019,"education_rnk",8.4744
"13049010200","tract",2019,"education_rnk",19.9574
"13051000100","tract",2019,"education_rnk",NA
"13051000300","tract",2019,"education_rnk",85.2657
"13051000601","tract",2019,"education_rnk",14.486
"13051000900","tract",2019,"education_rnk",97.8165
"13051001100","tract",2019,"education_rnk",62.0275
"13051001200","tract",2019,"education_rnk",3.4332
"13051001500","tract",2019,"education_rnk",59.6367
"13051002000","tract",2019,"education_rnk",34.9653
"13051002100","tract",2019,"education_rnk",42.8529
"13051002200","tract",2019,"education_rnk",34.8609
"13051002300","tract",2019,"education_rnk",24.763
"13051002600","tract",2019,"education_rnk",56.2133
"13051002700","tract",2019,"education_rnk",43.135
"13051002800","tract",2019,"education_rnk",23.0577
"13051002900","tract",2019,"education_rnk",89.8358
"13051003000","tract",2019,"education_rnk",90.7668
"13051003301","tract",2019,"education_rnk",29.7309
"13051003302","tract",2019,"education_rnk",27.0142
"13051003400","tract",2019,"education_rnk",53.6222
"13051003501","tract",2019,"education_rnk",21.9688
"13051003502","tract",2019,"education_rnk",24.866
"13051003601","tract",2019,"education_rnk",26.8337
"13051003602","tract",2019,"education_rnk",20.6613
"13051003700","tract",2019,"education_rnk",27.2836
"13051003800","tract",2019,"education_rnk",23.5726
"13051003900","tract",2019,"education_rnk",31.8791
"13051004001","tract",2019,"education_rnk",61.9005
"13051004002","tract",2019,"education_rnk",45.114
"13051004100","tract",2019,"education_rnk",55.0793
"13051004207","tract",2019,"education_rnk",53.948
"13051004208","tract",2019,"education_rnk",46.9575
"13051004209","tract",2019,"education_rnk",47.8645
"13051004210","tract",2019,"education_rnk",30.8113
"13051004211","tract",2019,"education_rnk",48.3624
"13051004212","tract",2019,"education_rnk",65.5594
"13051004300","tract",2019,"education_rnk",42.0546
"13051004400","tract",2019,"education_rnk",13.0811
"13051004500","tract",2019,"education_rnk",21.0435
"13051010101","tract",2019,"education_rnk",37.1883
"13051010102","tract",2019,"education_rnk",38.6101
"13051010200","tract",2019,"education_rnk",56.5265
"13051010501","tract",2019,"education_rnk",24.8293
"13051010502","tract",2019,"education_rnk",15.9106
"13051010601","tract",2019,"education_rnk",39.328
"13051010603","tract",2019,"education_rnk",64.4437
"13051010605","tract",2019,"education_rnk",NA
"13051010700","tract",2019,"education_rnk",70.3255
"13051010801","tract",2019,"education_rnk",59.3644
"13051010802","tract",2019,"education_rnk",48.818
"13051010803","tract",2019,"education_rnk",38.7497
"13051010806","tract",2019,"education_rnk",63.9698
"13051010807","tract",2019,"education_rnk",42.1632
"13051010808","tract",2019,"education_rnk",74.9563
"13051010809","tract",2019,"education_rnk",55.6392
"13051010901","tract",2019,"education_rnk",27.0932
"13051011003","tract",2019,"education_rnk",45.4313
"13051011004","tract",2019,"education_rnk",98.0845
"13051011005","tract",2019,"education_rnk",99.3371
"13051011006","tract",2019,"education_rnk",97.887
"13051011103","tract",2019,"education_rnk",87.3237
"13051011104","tract",2019,"education_rnk",74.9563
"13051011106","tract",2019,"education_rnk",80.4672
"13051011107","tract",2019,"education_rnk",95.0561
"13051011108","tract",2019,"education_rnk",85.4406
"13051011109","tract",2019,"education_rnk",80.6675
"13051011200","tract",2019,"education_rnk",90.7668
"13051011300","tract",2019,"education_rnk",55.305
"13051011400","tract",2019,"education_rnk",50.5656
"13051011500","tract",2019,"education_rnk",80.3557
"13051011600","tract",2019,"education_rnk",21.4159
"13051980000","tract",2019,"education_rnk",NA
"13051990000","tract",2019,"education_rnk",NA
"13053020100","tract",2019,"education_rnk",30.7535
"13053020201","tract",2019,"education_rnk",NA
"13053020203","tract",2019,"education_rnk",64.9585
"13053020205","tract",2019,"education_rnk",49.244
"13053020206","tract",2019,"education_rnk",NA
"13055010100","tract",2019,"education_rnk",52.1666
"13055010200","tract",2019,"education_rnk",3.9212
"13055010300","tract",2019,"education_rnk",25.3752
"13055010400","tract",2019,"education_rnk",8.59
"13055010500","tract",2019,"education_rnk",11.6734
"13055010600","tract",2019,"education_rnk",20.6782
"13057090100","tract",2019,"education_rnk",48.0916
"13057090200","tract",2019,"education_rnk",51.9832
"13057090300","tract",2019,"education_rnk",55.1978
"13057090400","tract",2019,"education_rnk",31.2303
"13057090501","tract",2019,"education_rnk",48.4188
"13057090502","tract",2019,"education_rnk",73.0761
"13057090601","tract",2019,"education_rnk",16.6427
"13057090602","tract",2019,"education_rnk",32.2529
"13057090701","tract",2019,"education_rnk",62.5226
"13057090702","tract",2019,"education_rnk",45.1831
"13057090802","tract",2019,"education_rnk",77.4035
"13057090803","tract",2019,"education_rnk",68.0772
"13057090804","tract",2019,"education_rnk",74.2919
"13057090901","tract",2019,"education_rnk",74.818
"13057090902","tract",2019,"education_rnk",83.8707
"13057090904","tract",2019,"education_rnk",62.067
"13057090905","tract",2019,"education_rnk",70.3777
"13057091001","tract",2019,"education_rnk",77.1115
"13057091003","tract",2019,"education_rnk",54.5969
"13057091005","tract",2019,"education_rnk",33.93
"13057091006","tract",2019,"education_rnk",74.5684
"13057091007","tract",2019,"education_rnk",66.3028
"13057091008","tract",2019,"education_rnk",74.7193
"13057091101","tract",2019,"education_rnk",61.5719
"13057091102","tract",2019,"education_rnk",47.3426
"13057091103","tract",2019,"education_rnk",62.6396
"13059000100","tract",2019,"education_rnk",33.5167
"13059000401","tract",2019,"education_rnk",68.2338
"13059000402","tract",2019,"education_rnk",NA
"13059000600","tract",2019,"education_rnk",29.8042
"13059000900","tract",2019,"education_rnk",12.5183
"13059001200","tract",2019,"education_rnk",88.2391
"13059001700","tract",2019,"education_rnk",56.7578
"13059001800","tract",2019,"education_rnk",74.3117
"13059001900","tract",2019,"education_rnk",85.1049
"13059002000","tract",2019,"education_rnk",82.6126
"13059002100","tract",2019,"education_rnk",NA
"13059002200","tract",2019,"education_rnk",87.7736
"13059030100","tract",2019,"education_rnk",43.3395
"13059030200","tract",2019,"education_rnk",10.6043
"13059130300","tract",2019,"education_rnk",5.3995
"13059130400","tract",2019,"education_rnk",70.2564
"13059130500","tract",2019,"education_rnk",42.1632
"13059130600","tract",2019,"education_rnk",20.516
"13059130700","tract",2019,"education_rnk",82.8693
"13059140300","tract",2019,"education_rnk",14.1842
"13059140400","tract",2019,"education_rnk",4.4135
"13059140500","tract",2019,"education_rnk",3.5065
"13059140600","tract",2019,"education_rnk",48.7968
"13059150300","tract",2019,"education_rnk",86.2023
"13059150400","tract",2019,"education_rnk",48.5147
"13059150500","tract",2019,"education_rnk",58.6846
"13059150600","tract",2019,"education_rnk",67.1505
"13059150700","tract",2019,"education_rnk",69.6682
"13059150800","tract",2019,"education_rnk",68.8516
"13059150900","tract",2019,"education_rnk",81.9115
"13061960300","tract",2019,"education_rnk",16.0573
"13063040202","tract",2019,"education_rnk",9.521
"13063040203","tract",2019,"education_rnk",37.7962
"13063040204","tract",2019,"education_rnk",59.3644
"13063040302","tract",2019,"education_rnk",6.3389
"13063040303","tract",2019,"education_rnk",5.47
"13063040306","tract",2019,"education_rnk",7.9553
"13063040307","tract",2019,"education_rnk",9.8101
"13063040308","tract",2019,"education_rnk",6.6788
"13063040407","tract",2019,"education_rnk",10.5803
"13063040408","tract",2019,"education_rnk",11.9739
"13063040409","tract",2019,"education_rnk",21.2353
"13063040410","tract",2019,"education_rnk",12.2941
"13063040411","tract",2019,"education_rnk",35.8723
"13063040412","tract",2019,"education_rnk",17.6653
"13063040413","tract",2019,"education_rnk",52.1003
"13063040414","tract",2019,"education_rnk",7.188
"13063040415","tract",2019,"education_rnk",13.273
"13063040416","tract",2019,"education_rnk",2.814
"13063040417","tract",2019,"education_rnk",12.7144
"13063040509","tract",2019,"education_rnk",28.3599
"13063040510","tract",2019,"education_rnk",22.1903
"13063040512","tract",2019,"education_rnk",27.9635
"13063040513","tract",2019,"education_rnk",31.6717
"13063040514","tract",2019,"education_rnk",46.0238
"13063040515","tract",2019,"education_rnk",22.3905
"13063040516","tract",2019,"education_rnk",24.5077
"13063040518","tract",2019,"education_rnk",17.465
"13063040519","tract",2019,"education_rnk",52.972
"13063040520","tract",2019,"education_rnk",42.726
"13063040521","tract",2019,"education_rnk",15.0996
"13063040522","tract",2019,"education_rnk",16.5947
"13063040523","tract",2019,"education_rnk",33.5167
"13063040524","tract",2019,"education_rnk",34.8257
"13063040525","tract",2019,"education_rnk",31.0328
"13063040526","tract",2019,"education_rnk",34.6691
"13063040606","tract",2019,"education_rnk",21.8122
"13063040608","tract",2019,"education_rnk",54.5038
"13063040609","tract",2019,"education_rnk",30.6491
"13063040611","tract",2019,"education_rnk",5.446
"13063040612","tract",2019,"education_rnk",12.1036
"13063040613","tract",2019,"education_rnk",43.0363
"13063040614","tract",2019,"education_rnk",78.6941
"13063040615","tract",2019,"education_rnk",32.4334
"13063040616","tract",2019,"education_rnk",44.4863
"13063040617","tract",2019,"education_rnk",1.0932
"13063040619","tract",2019,"education_rnk",51.4655
"13063040620","tract",2019,"education_rnk",26.3259
"13063040621","tract",2019,"education_rnk",34.5506
"13063040622","tract",2019,"education_rnk",14.486
"13063980000","tract",2019,"education_rnk",NA
"13065970100","tract",2019,"education_rnk",8.7015
"13065970200","tract",2019,"education_rnk",5.477
"13067030101","tract",2019,"education_rnk",61.6184
"13067030103","tract",2019,"education_rnk",62.0966
"13067030104","tract",2019,"education_rnk",28.436
"13067030106","tract",2019,"education_rnk",42.7499
"13067030107","tract",2019,"education_rnk",65.4607
"13067030209","tract",2019,"education_rnk",72.6176
"13067030214","tract",2019,"education_rnk",70.705
"13067030215","tract",2019,"education_rnk",51.3499
"13067030218","tract",2019,"education_rnk",81.8763
"13067030219","tract",2019,"education_rnk",77.8337
"13067030220","tract",2019,"education_rnk",86.6255
"13067030222","tract",2019,"education_rnk",79.1921
"13067030223","tract",2019,"education_rnk",50.9888
"13067030224","tract",2019,"education_rnk",67.52
"13067030226","tract",2019,"education_rnk",73.9788
"13067030227","tract",2019,"education_rnk",51.3217
"13067030228","tract",2019,"education_rnk",66.204
"13067030229","tract",2019,"education_rnk",NA
"13067030230","tract",2019,"education_rnk",71.3256
"13067030231","tract",2019,"education_rnk",79.3486
"13067030232","tract",2019,"education_rnk",71.7347
"13067030233","tract",2019,"education_rnk",68.4707
"13067030234","tract",2019,"education_rnk",77.7209
"13067030235","tract",2019,"education_rnk",78.4459
"13067030236","tract",2019,"education_rnk",77.7463
"13067030238","tract",2019,"education_rnk",48.4188
"13067030239","tract",2019,"education_rnk",81.1386
"13067030310","tract",2019,"education_rnk",59.2389
"13067030311","tract",2019,"education_rnk",77.7618
"13067030312","tract",2019,"education_rnk",63.9528
"13067030313","tract",2019,"education_rnk",61.8751
"13067030314","tract",2019,"education_rnk",79.8324
"13067030318","tract",2019,"education_rnk",90.4296
"13067030319","tract",2019,"education_rnk",88.1926
"13067030320","tract",2019,"education_rnk",93.9559
"13067030322","tract",2019,"education_rnk",79.8169
"13067030324","tract",2019,"education_rnk",81.1541
"13067030326","tract",2019,"education_rnk",89.7187
"13067030327","tract",2019,"education_rnk",69.2112
"13067030328","tract",2019,"education_rnk",84.5718
"13067030329","tract",2019,"education_rnk",72.6952
"13067030330","tract",2019,"education_rnk",76.7279
"13067030331","tract",2019,"education_rnk",83.693
"13067030332","tract",2019,"education_rnk",90.3281
"13067030333","tract",2019,"education_rnk",82.5731
"13067030334","tract",2019,"education_rnk",84.7467
"13067030335","tract",2019,"education_rnk",90.0798
"13067030336","tract",2019,"education_rnk",88.1926
"13067030337","tract",2019,"education_rnk",94.9828
"13067030339","tract",2019,"education_rnk",96.114
"13067030340","tract",2019,"education_rnk",90.8161
"13067030341","tract",2019,"education_rnk",86.4068
"13067030342","tract",2019,"education_rnk",91.9854
"13067030343","tract",2019,"education_rnk",83.0131
"13067030344","tract",2019,"education_rnk",81.0271
"13067030345","tract",2019,"education_rnk",85.2996
"13067030405","tract",2019,"education_rnk",43.3974
"13067030407","tract",2019,"education_rnk",78.1581
"13067030408","tract",2019,"education_rnk",88.359
"13067030409","tract",2019,"education_rnk",87.737
"13067030410","tract",2019,"education_rnk",82.5829
"13067030411","tract",2019,"education_rnk",23.8758
"13067030412","tract",2019,"education_rnk",27.5911
"13067030413","tract",2019,"education_rnk",76.3682
"13067030414","tract",2019,"education_rnk",50.2215
"13067030502","tract",2019,"education_rnk",82.6591
"13067030504","tract",2019,"education_rnk",69.7867
"13067030505","tract",2019,"education_rnk",44.9743
"13067030506","tract",2019,"education_rnk",53.917
"13067030507","tract",2019,"education_rnk",91.1236
"13067030601","tract",2019,"education_rnk",87.9344
"13067030602","tract",2019,"education_rnk",90.8754
"13067030700","tract",2019,"education_rnk",31.47
"13067030800","tract",2019,"education_rnk",NA
"13067030901","tract",2019,"education_rnk",76.2018
"13067030902","tract",2019,"education_rnk",13.3971
"13067030904","tract",2019,"education_rnk",16.678
"13067030905","tract",2019,"education_rnk",19.1026
"13067031001","tract",2019,"education_rnk",2.3274
"13067031002","tract",2019,"education_rnk",4.1808
"13067031004","tract",2019,"education_rnk",8.5844
"13067031005","tract",2019,"education_rnk",21.4159
"13067031101","tract",2019,"education_rnk",20.0505
"13067031106","tract",2019,"education_rnk",54.9678
"13067031108","tract",2019,"education_rnk",94.7924
"13067031110","tract",2019,"education_rnk",79.2555
"13067031111","tract",2019,"education_rnk",96.5259
"13067031112","tract",2019,"education_rnk",97.2269
"13067031113","tract",2019,"education_rnk",80.9693
"13067031114","tract",2019,"education_rnk",57.2642
"13067031115","tract",2019,"education_rnk",38.2208
"13067031116","tract",2019,"education_rnk",14.8429
"13067031117","tract",2019,"education_rnk",76.9846
"13067031118","tract",2019,"education_rnk",85.6423
"13067031205","tract",2019,"education_rnk",94.7867
"13067031206","tract",2019,"education_rnk",96.4116
"13067031207","tract",2019,"education_rnk",97.3355
"13067031208","tract",2019,"education_rnk",98.9111
"13067031209","tract",2019,"education_rnk",97.2396
"13067031211","tract",2019,"education_rnk",98.4513
"13067031212","tract",2019,"education_rnk",99.7362
"13067031306","tract",2019,"education_rnk",52.4487
"13067031307","tract",2019,"education_rnk",78.2625
"13067031308","tract",2019,"education_rnk",11.957
"13067031309","tract",2019,"education_rnk",15.6356
"13067031310","tract",2019,"education_rnk",5.1879
"13067031311","tract",2019,"education_rnk",18.9461
"13067031312","tract",2019,"education_rnk",46.4018
"13067031313","tract",2019,"education_rnk",92.4382
"13067031404","tract",2019,"education_rnk",67.1505
"13067031405","tract",2019,"education_rnk",39.4663
"13067031406","tract",2019,"education_rnk",36.5691
"13067031408","tract",2019,"education_rnk",30.9453
"13067031409","tract",2019,"education_rnk",52.7124
"13067031503","tract",2019,"education_rnk",41.6949
"13067031505","tract",2019,"education_rnk",47.2199
"13067031506","tract",2019,"education_rnk",48.4865
"13067031507","tract",2019,"education_rnk",32.5096
"13067031508","tract",2019,"education_rnk",57.1231
"13067031509","tract",2019,"education_rnk",40.5777
"13069010100","tract",2019,"education_rnk",23.1536
"13069010200","tract",2019,"education_rnk",18.853
"13069010300","tract",2019,"education_rnk",NA
"13069010400","tract",2019,"education_rnk",4.8931
"13069010500","tract",2019,"education_rnk",15.0418
"13069010600","tract",2019,"education_rnk",21.7756
"13069010700","tract",2019,"education_rnk",9.9216
"13069010801","tract",2019,"education_rnk",60.3518
"13069010802","tract",2019,"education_rnk",12.129
"13071970100","tract",2019,"education_rnk",4.824
"13071970200","tract",2019,"education_rnk",15.1786
"13071970300","tract",2019,"education_rnk",5.9707
"13071970400","tract",2019,"education_rnk",26.2257
"13071970500","tract",2019,"education_rnk",12.6707
"13071970600","tract",2019,"education_rnk",33.1993
"13071970701","tract",2019,"education_rnk",22.2029
"13071970702","tract",2019,"education_rnk",6.2796
"13071970800","tract",2019,"education_rnk",13.7695
"13071970900","tract",2019,"education_rnk",4.1526
"13073030102","tract",2019,"education_rnk",82.5956
"13073030103","tract",2019,"education_rnk",92.032
"13073030105","tract",2019,"education_rnk",53.1384
"13073030106","tract",2019,"education_rnk",79.5094
"13073030201","tract",2019,"education_rnk",64.5678
"13073030202","tract",2019,"education_rnk",72.447
"13073030203","tract",2019,"education_rnk",61.9964
"13073030302","tract",2019,"education_rnk",71.1084
"13073030304","tract",2019,"education_rnk",72.9957
"13073030306","tract",2019,"education_rnk",62.1728
"13073030307","tract",2019,"education_rnk",62.5226
"13073030308","tract",2019,"education_rnk",67.0785
"13073030309","tract",2019,"education_rnk",74.756
"13073030401","tract",2019,"education_rnk",79.0045
"13073030402","tract",2019,"education_rnk",46.7403
"13073030503","tract",2019,"education_rnk",30.3064
"13073030504","tract",2019,"education_rnk",31.2486
"13073030505","tract",2019,"education_rnk",44.6739
"13073030506","tract",2019,"education_rnk",52.7124
"13073030603","tract",2019,"education_rnk",39.9726
"13075960100","tract",2019,"education_rnk",11.957
"13075960200","tract",2019,"education_rnk",9.2558
"13075960300","tract",2019,"education_rnk",14.6214
"13075960400","tract",2019,"education_rnk",19.8996
"13077170100","tract",2019,"education_rnk",38.3068
"13077170200","tract",2019,"education_rnk",38.6538
"13077170303","tract",2019,"education_rnk",47.887
"13077170304","tract",2019,"education_rnk",56.2133
"13077170305","tract",2019,"education_rnk",23.66
"13077170306","tract",2019,"education_rnk",63.7793
"13077170402","tract",2019,"education_rnk",40.7795
"13077170403","tract",2019,"education_rnk",56.3332
"13077170404","tract",2019,"education_rnk",74.7997
"13077170405","tract",2019,"education_rnk",57.2204
"13077170406","tract",2019,"education_rnk",63.9303
"13077170501","tract",2019,"education_rnk",66.0658
"13077170502","tract",2019,"education_rnk",44.9292
"13077170503","tract",2019,"education_rnk",57.779
"13077170601","tract",2019,"education_rnk",36.2432
"13077170602","tract",2019,"education_rnk",79.4318
"13077170603","tract",2019,"education_rnk",59.6917
"13077170700","tract",2019,"education_rnk",15.9529
"13077170801","tract",2019,"education_rnk",34.4801
"13077170802","tract",2019,"education_rnk",49.9097
"13079070100","tract",2019,"education_rnk",14.2871
"13079070201","tract",2019,"education_rnk",38.7215
"13079070202","tract",2019,"education_rnk",23.7277
"13081010100","tract",2019,"education_rnk",15.6962
"13081010201","tract",2019,"education_rnk",11.7567
"13081010202","tract",2019,"education_rnk",56.7804
"13081010300","tract",2019,"education_rnk",20.949
"13081010400","tract",2019,"education_rnk",20.5301
"13081010500","tract",2019,"education_rnk",23.8913
"13083040101","tract",2019,"education_rnk",35.4548
"13083040102","tract",2019,"education_rnk",15.9755
"13083040200","tract",2019,"education_rnk",25.3851
"13083040300","tract",2019,"education_rnk",27.4882
"13085970100","tract",2019,"education_rnk",64.0516
"13085970201","tract",2019,"education_rnk",59.394
"13085970202","tract",2019,"education_rnk",39.8132
"13087970100","tract",2019,"education_rnk",54.3994
"13087970200","tract",2019,"education_rnk",33.93
"13087970300","tract",2019,"education_rnk",21.2974
"13087970400","tract",2019,"education_rnk",16.0742
"13087970600","tract",2019,"education_rnk",42.2563
"13087970700","tract",2019,"education_rnk",21.1239
"13087970800","tract",2019,"education_rnk",4.2978
"13089020100","tract",2019,"education_rnk",98.0041
"13089020200","tract",2019,"education_rnk",98.7446
"13089020300","tract",2019,"education_rnk",95.8178
"13089020400","tract",2019,"education_rnk",98.2763
"13089020500","tract",2019,"education_rnk",93.0645
"13089020600","tract",2019,"education_rnk",84.0781
"13089020700","tract",2019,"education_rnk",92.843
"13089020801","tract",2019,"education_rnk",94.8192
"13089020802","tract",2019,"education_rnk",88.5043
"13089020900","tract",2019,"education_rnk",87.4393
"13089021101","tract",2019,"education_rnk",96.7389
"13089021102","tract",2019,"education_rnk",98.1804
"13089021202","tract",2019,"education_rnk",96.571
"13089021204","tract",2019,"education_rnk",0.0085
"13089021208","tract",2019,"education_rnk",92.142
"13089021209","tract",2019,"education_rnk",98.5909
"13089021210","tract",2019,"education_rnk",94.9362
"13089021211","tract",2019,"education_rnk",97.3073
"13089021213","tract",2019,"education_rnk",86.7947
"13089021214","tract",2019,"education_rnk",96.0012
"13089021215","tract",2019,"education_rnk",95.4116
"13089021216","tract",2019,"education_rnk",99.0888
"13089021217","tract",2019,"education_rnk",98.1466
"13089021218","tract",2019,"education_rnk",88.4013
"13089021301","tract",2019,"education_rnk",47.5217
"13089021303","tract",2019,"education_rnk",2.8069
"13089021305","tract",2019,"education_rnk",16.0136
"13089021306","tract",2019,"education_rnk",18.7274
"13089021307","tract",2019,"education_rnk",13.1855
"13089021308","tract",2019,"education_rnk",8.8651
"13089021405","tract",2019,"education_rnk",98.5711
"13089021409","tract",2019,"education_rnk",8.0019
"13089021410","tract",2019,"education_rnk",8.9808
"13089021411","tract",2019,"education_rnk",99.2242
"13089021412","tract",2019,"education_rnk",97.8574
"13089021413","tract",2019,"education_rnk",3.8394
"13089021414","tract",2019,"education_rnk",21.7953
"13089021415","tract",2019,"education_rnk",96.1352
"13089021416","tract",2019,"education_rnk",47.1804
"13089021417","tract",2019,"education_rnk",8.0809
"13089021502","tract",2019,"education_rnk",97.8447
"13089021503","tract",2019,"education_rnk",81.6506
"13089021504","tract",2019,"education_rnk",97.9026
"13089021602","tract",2019,"education_rnk",96.5146
"13089021603","tract",2019,"education_rnk",96.4229
"13089021604","tract",2019,"education_rnk",98.7714
"13089021605","tract",2019,"education_rnk",89.6581
"13089021703","tract",2019,"education_rnk",93.2436
"13089021704","tract",2019,"education_rnk",83.7565
"13089021705","tract",2019,"education_rnk",61.9005
"13089021706","tract",2019,"education_rnk",96.6952
"13089021805","tract",2019,"education_rnk",40.1334
"13089021806","tract",2019,"education_rnk",60.0133
"13089021808","tract",2019,"education_rnk",43.4806
"13089021809","tract",2019,"education_rnk",91.2012
"13089021810","tract",2019,"education_rnk",92.764
"13089021812","tract",2019,"education_rnk",58.2713
"13089021813","tract",2019,"education_rnk",28.5954
"13089021814","tract",2019,"education_rnk",9.3856
"13089021906","tract",2019,"education_rnk",49.684
"13089021907","tract",2019,"education_rnk",48.7714
"13089021908","tract",2019,"education_rnk",25.8252
"13089021909","tract",2019,"education_rnk",18.4524
"13089021910","tract",2019,"education_rnk",67.3889
"13089021911","tract",2019,"education_rnk",18.7401
"13089021912","tract",2019,"education_rnk",88.926
"13089021913","tract",2019,"education_rnk",51.2215
"13089022001","tract",2019,"education_rnk",87.9105
"13089022004","tract",2019,"education_rnk",15.0883
"13089022005","tract",2019,"education_rnk",20.1789
"13089022007","tract",2019,"education_rnk",1.9282
"13089022008","tract",2019,"education_rnk",1.5149
"13089022009","tract",2019,"education_rnk",11.1022
"13089022010","tract",2019,"education_rnk",5.2626
"13089022100","tract",2019,"education_rnk",54.5673
"13089022203","tract",2019,"education_rnk",93.159
"13089022204","tract",2019,"education_rnk",35.1303
"13089022301","tract",2019,"education_rnk",94.9362
"13089022302","tract",2019,"education_rnk",91.0771
"13089022401","tract",2019,"education_rnk",99.0126
"13089022402","tract",2019,"education_rnk",NA
"13089022403","tract",2019,"education_rnk",98.7319
"13089022500","tract",2019,"education_rnk",80.7027
"13089022600","tract",2019,"education_rnk",89.3534
"13089022700","tract",2019,"education_rnk",84.3743
"13089022800","tract",2019,"education_rnk",85.8864
"13089022900","tract",2019,"education_rnk",90.6229
"13089023000","tract",2019,"education_rnk",93.2295
"13089023101","tract",2019,"education_rnk",71.3834
"13089023102","tract",2019,"education_rnk",65.7795
"13089023107","tract",2019,"education_rnk",49.5627
"13089023108","tract",2019,"education_rnk",45.334
"13089023111","tract",2019,"education_rnk",69.0236
"13089023112","tract",2019,"education_rnk",32.2712
"13089023113","tract",2019,"education_rnk",87.737
"13089023114","tract",2019,"education_rnk",25.1312
"13089023115","tract",2019,"education_rnk",NA
"13089023204","tract",2019,"education_rnk",36.0063
"13089023206","tract",2019,"education_rnk",25.9182
"13089023208","tract",2019,"education_rnk",28.2385
"13089023209","tract",2019,"education_rnk",58.0851
"13089023210","tract",2019,"education_rnk",41.1617
"13089023211","tract",2019,"education_rnk",70.0604
"13089023212","tract",2019,"education_rnk",37.61
"13089023213","tract",2019,"education_rnk",51.8041
"13089023214","tract",2019,"education_rnk",45.7656
"13089023303","tract",2019,"education_rnk",27.9536
"13089023306","tract",2019,"education_rnk",62.6396
"13089023309","tract",2019,"education_rnk",35.4548
"13089023310","tract",2019,"education_rnk",41.6229
"13089023311","tract",2019,"education_rnk",44.2423
"13089023312","tract",2019,"education_rnk",53.6222
"13089023313","tract",2019,"education_rnk",45.4045
"13089023314","tract",2019,"education_rnk",54.9114
"13089023315","tract",2019,"education_rnk",56.4348
"13089023316","tract",2019,"education_rnk",57.0314
"13089023410","tract",2019,"education_rnk",40.9995
"13089023411","tract",2019,"education_rnk",25.7208
"13089023412","tract",2019,"education_rnk",74.117
"13089023413","tract",2019,"education_rnk",60.3673
"13089023414","tract",2019,"education_rnk",73.0958
"13089023416","tract",2019,"education_rnk",61.3504
"13089023418","tract",2019,"education_rnk",53.6603
"13089023419","tract",2019,"education_rnk",57.4884
"13089023421","tract",2019,"education_rnk",23.6135
"13089023422","tract",2019,"education_rnk",40.8697
"13089023423","tract",2019,"education_rnk",68.2338
"13089023424","tract",2019,"education_rnk",50.0254
"13089023425","tract",2019,"education_rnk",60.813
"13089023426","tract",2019,"education_rnk",66.1053
"13089023427","tract",2019,"education_rnk",38.895
"13089023428","tract",2019,"education_rnk",27.7759
"13089023501","tract",2019,"education_rnk",33.8693
"13089023504","tract",2019,"education_rnk",22.8828
"13089023505","tract",2019,"education_rnk",44.4651
"13089023506","tract",2019,"education_rnk",33.6197
"13089023507","tract",2019,"education_rnk",15.6172
"13089023601","tract",2019,"education_rnk",64.1658
"13089023602","tract",2019,"education_rnk",45.9687
"13089023603","tract",2019,"education_rnk",26.4712
"13089023700","tract",2019,"education_rnk",35.3222
"13089023801","tract",2019,"education_rnk",88.1827
"13089023802","tract",2019,"education_rnk",63.2504
"13089023803","tract",2019,"education_rnk",58.93
"13089980000","tract",2019,"education_rnk",NA
"13091960100","tract",2019,"education_rnk",NA
"13091960200","tract",2019,"education_rnk",31.7451
"13091960300","tract",2019,"education_rnk",26.7279
"13091960400","tract",2019,"education_rnk",27.3838
"13091960500","tract",2019,"education_rnk",35.7665
"13091960600","tract",2019,"education_rnk",39.0417
"13093970100","tract",2019,"education_rnk",18.2676
"13093970200","tract",2019,"education_rnk",7.8904
"13093970300","tract",2019,"education_rnk",14.0699
"13095000100","tract",2019,"education_rnk",19.1534
"13095000200","tract",2019,"education_rnk",4.264
"13095000400","tract",2019,"education_rnk",23.8758
"13095000501","tract",2019,"education_rnk",68.135
"13095000502","tract",2019,"education_rnk",70.4469
"13095000600","tract",2019,"education_rnk",20.6782
"13095000700","tract",2019,"education_rnk",68.3085
"13095000800","tract",2019,"education_rnk",15.4155
"13095000900","tract",2019,"education_rnk",16.4692
"13095001000","tract",2019,"education_rnk",27.3598
"13095001100","tract",2019,"education_rnk",18.2098
"13095001403","tract",2019,"education_rnk",12.0063
"13095001500","tract",2019,"education_rnk",11.7778
"13095010302","tract",2019,"education_rnk",6.3685
"13095010401","tract",2019,"education_rnk",79.4417
"13095010402","tract",2019,"education_rnk",21.4751
"13095010403","tract",2019,"education_rnk",80.4559
"13095010500","tract",2019,"education_rnk",27.6475
"13095010601","tract",2019,"education_rnk",6.9595
"13095010602","tract",2019,"education_rnk",34.4801
"13095010700","tract",2019,"education_rnk",13.0346
"13095010900","tract",2019,"education_rnk",22.643
"13095011000","tract",2019,"education_rnk",42.726
"13095011200","tract",2019,"education_rnk",7.5505
"13095011300","tract",2019,"education_rnk",12.6143
"13095011400","tract",2019,"education_rnk",30.4516
"13095011600","tract",2019,"education_rnk",27.2639
"13097080102","tract",2019,"education_rnk",41.307
"13097080103","tract",2019,"education_rnk",31.0737
"13097080201","tract",2019,"education_rnk",16.0898
"13097080202","tract",2019,"education_rnk",38.9698
"13097080301","tract",2019,"education_rnk",23.763
"13097080303","tract",2019,"education_rnk",13.9937
"13097080304","tract",2019,"education_rnk",46.0731
"13097080402","tract",2019,"education_rnk",49.6643
"13097080403","tract",2019,"education_rnk",21.6232
"13097080404","tract",2019,"education_rnk",49.0578
"13097080505","tract",2019,"education_rnk",24.914
"13097080506","tract",2019,"education_rnk",18.5497
"13097080507","tract",2019,"education_rnk",50.4119
"13097080508","tract",2019,"education_rnk",63.5353
"13097080509","tract",2019,"education_rnk",64.3337
"13097080510","tract",2019,"education_rnk",34.3292
"13097080511","tract",2019,"education_rnk",51.9197
"13097080602","tract",2019,"education_rnk",46.7191
"13097080603","tract",2019,"education_rnk",60.6409
"13097080604","tract",2019,"education_rnk",39.4465
"13099090100","tract",2019,"education_rnk",35.9357
"13099090200","tract",2019,"education_rnk",6.2839
"13099090300","tract",2019,"education_rnk",53.893
"13099090400","tract",2019,"education_rnk",30.8903
"13099090500","tract",2019,"education_rnk",16.2633
"13101880100","tract",2019,"education_rnk",15.2308
"13101880200","tract",2019,"education_rnk",6.5829
"13103030100","tract",2019,"education_rnk",27.9818
"13103030202","tract",2019,"education_rnk",30.7182
"13103030203","tract",2019,"education_rnk",29.343
"13103030204","tract",2019,"education_rnk",31.2768
"13103030301","tract",2019,"education_rnk",53.2907
"13103030303","tract",2019,"education_rnk",45.0195
"13103030304","tract",2019,"education_rnk",34.8609
"13103030305","tract",2019,"education_rnk",39.5227
"13103030401","tract",2019,"education_rnk",45.925
"13103030402","tract",2019,"education_rnk",46.6091
"13105000100","tract",2019,"education_rnk",7.6253
"13105000200","tract",2019,"education_rnk",21.5978
"13105000300","tract",2019,"education_rnk",17.8995
"13105000400","tract",2019,"education_rnk",10.2996
"13105000500","tract",2019,"education_rnk",45.9462
"13107970100","tract",2019,"education_rnk",27.5192
"13107970200","tract",2019,"education_rnk",20.4539
"13107970300","tract",2019,"education_rnk",12.8315
"13107970400","tract",2019,"education_rnk",25.9027
"13107970500","tract",2019,"education_rnk",22.3017
"13107970600","tract",2019,"education_rnk",14.5481
"13109970100","tract",2019,"education_rnk",16.3507
"13109970200","tract",2019,"education_rnk",13.5198
"13109970300","tract",2019,"education_rnk",7.4475
"13111050100","tract",2019,"education_rnk",20.4045
"13111050200","tract",2019,"education_rnk",37.8611
"13111050300","tract",2019,"education_rnk",47.0393
"13111050400","tract",2019,"education_rnk",46.5668
"13111050500","tract",2019,"education_rnk",59.8623
"13113140101","tract",2019,"education_rnk",50.086
"13113140102","tract",2019,"education_rnk",78.2893
"13113140203","tract",2019,"education_rnk",86.8977
"13113140204","tract",2019,"education_rnk",50.134
"13113140206","tract",2019,"education_rnk",69.7867
"13113140207","tract",2019,"education_rnk",91.4889
"13113140208","tract",2019,"education_rnk",74.818
"13113140303","tract",2019,"education_rnk",82.3996
"13113140304","tract",2019,"education_rnk",52.1003
"13113140305","tract",2019,"education_rnk",79.3867
"13113140306","tract",2019,"education_rnk",84.9681
"13113140307","tract",2019,"education_rnk",81.6055
"13113140403","tract",2019,"education_rnk",88.0501
"13113140404","tract",2019,"education_rnk",45.6048
"13113140405","tract",2019,"education_rnk",67.1251
"13113140406","tract",2019,"education_rnk",52.3048
"13113140407","tract",2019,"education_rnk",61.6593
"13113140408","tract",2019,"education_rnk",71.9505
"13113140501","tract",2019,"education_rnk",72.5838
"13113140502","tract",2019,"education_rnk",50.2821
"13115000100","tract",2019,"education_rnk",25.7278
"13115000201","tract",2019,"education_rnk",54.9114
"13115000202","tract",2019,"education_rnk",57.6478
"13115000300","tract",2019,"education_rnk",NA
"13115000400","tract",2019,"education_rnk",38.139
"13115000500","tract",2019,"education_rnk",3.6561
"13115000600","tract",2019,"education_rnk",10.112
"13115000700","tract",2019,"education_rnk",38.9698
"13115000800","tract",2019,"education_rnk",64.9388
"13115000900","tract",2019,"education_rnk",66.7753
"13115001100","tract",2019,"education_rnk",26.3372
"13115001200","tract",2019,"education_rnk",15.5538
"13115001300","tract",2019,"education_rnk",7.274
"13115001400","tract",2019,"education_rnk",41.1617
"13115001600","tract",2019,"education_rnk",7.7014
"13115001701","tract",2019,"education_rnk",19.9433
"13115001702","tract",2019,"education_rnk",18.9108
"13115001800","tract",2019,"education_rnk",24.0578
"13115002000","tract",2019,"education_rnk",28.9255
"13115002100","tract",2019,"education_rnk",11.294
"13117130101","tract",2019,"education_rnk",59.5393
"13117130102","tract",2019,"education_rnk",70.1055
"13117130103","tract",2019,"education_rnk",17.977
"13117130104","tract",2019,"education_rnk",70.2437
"13117130105","tract",2019,"education_rnk",12.091
"13117130201","tract",2019,"education_rnk",42.9686
"13117130202","tract",2019,"education_rnk",73.1663
"13117130203","tract",2019,"education_rnk",54.5278
"13117130204","tract",2019,"education_rnk",40.9261
"13117130205","tract",2019,"education_rnk",45.334
"13117130301","tract",2019,"education_rnk",52.9466
"13117130302","tract",2019,"education_rnk",86.8554
"13117130303","tract",2019,"education_rnk",78.6589
"13117130304","tract",2019,"education_rnk",80.7803
"13117130305","tract",2019,"education_rnk",80.0257
"13117130306","tract",2019,"education_rnk",87.6157
"13117130307","tract",2019,"education_rnk",67.7076
"13117130403","tract",2019,"education_rnk",51.0466
"13117130404","tract",2019,"education_rnk",83.3926
"13117130405","tract",2019,"education_rnk",44.2733
"13117130406","tract",2019,"education_rnk",41.1913
"13117130408","tract",2019,"education_rnk",46.1704
"13117130409","tract",2019,"education_rnk",45.7924
"13117130410","tract",2019,"education_rnk",49.9591
"13117130503","tract",2019,"education_rnk",74.4302
"13117130504","tract",2019,"education_rnk",50.1932
"13117130505","tract",2019,"education_rnk",76.2018
"13117130506","tract",2019,"education_rnk",57.4221
"13117130507","tract",2019,"education_rnk",76.1792
"13117130508","tract",2019,"education_rnk",83.8157
"13117130509","tract",2019,"education_rnk",73.2834
"13117130510","tract",2019,"education_rnk",80.9228
"13117130601","tract",2019,"education_rnk",57.4433
"13117130602","tract",2019,"education_rnk",42.9686
"13117130603","tract",2019,"education_rnk",91.5115
"13117130604","tract",2019,"education_rnk",90.4071
"13117130605","tract",2019,"education_rnk",86.0599
"13117130606","tract",2019,"education_rnk",83.5999
"13117130607","tract",2019,"education_rnk",83.5717
"13117130608","tract",2019,"education_rnk",73.4329
"13117130609","tract",2019,"education_rnk",68.8868
"13117130610","tract",2019,"education_rnk",83.9596
"13117130611","tract",2019,"education_rnk",77.8521
"13117130612","tract",2019,"education_rnk",75.8463
"13117130613","tract",2019,"education_rnk",88.146
"13119890101","tract",2019,"education_rnk",20.437
"13119890102","tract",2019,"education_rnk",33.418
"13119890200","tract",2019,"education_rnk",30.1992
"13119890300","tract",2019,"education_rnk",31.3304
"13119890400","tract",2019,"education_rnk",10.8074
"13121000100","tract",2019,"education_rnk",97.1973
"13121000200","tract",2019,"education_rnk",98.6431
"13121000400","tract",2019,"education_rnk",90.0954
"13121000500","tract",2019,"education_rnk",95.7177
"13121000600","tract",2019,"education_rnk",83.8863
"13121000700","tract",2019,"education_rnk",NA
"13121001001","tract",2019,"education_rnk",NA
"13121001002","tract",2019,"education_rnk",NA
"13121001100","tract",2019,"education_rnk",99.9393
"13121001201","tract",2019,"education_rnk",96.8785
"13121001202","tract",2019,"education_rnk",98.9774
"13121001300","tract",2019,"education_rnk",91.063
"13121001400","tract",2019,"education_rnk",99.5106
"13121001500","tract",2019,"education_rnk",96.5513
"13121001600","tract",2019,"education_rnk",99.4217
"13121001700","tract",2019,"education_rnk",97.6839
"13121001800","tract",2019,"education_rnk",91.4678
"13121001900","tract",2019,"education_rnk",NA
"13121002100","tract",2019,"education_rnk",90.7541
"13121002300","tract",2019,"education_rnk",28.3204
"13121002400","tract",2019,"education_rnk",22.9209
"13121002500","tract",2019,"education_rnk",30.209
"13121002600","tract",2019,"education_rnk",26.3541
"13121002800","tract",2019,"education_rnk",NA
"13121002900","tract",2019,"education_rnk",96.5329
"13121003000","tract",2019,"education_rnk",99.1142
"13121003100","tract",2019,"education_rnk",91.9234
"13121003200","tract",2019,"education_rnk",99.0493
"13121003500","tract",2019,"education_rnk",NA
"13121003600","tract",2019,"education_rnk",90.1532
"13121003700","tract",2019,"education_rnk",25.0663
"13121003800","tract",2019,"education_rnk",NA
"13121003900","tract",2019,"education_rnk",14.4296
"13121004000","tract",2019,"education_rnk",27.4162
"13121004100","tract",2019,"education_rnk",40.0686
"13121004200","tract",2019,"education_rnk",42.1039
"13121004300","tract",2019,"education_rnk",NA
"13121004400","tract",2019,"education_rnk",7.81
"13121004800","tract",2019,"education_rnk",33.0216
"13121004900","tract",2019,"education_rnk",68.702
"13121005000","tract",2019,"education_rnk",98.4103
"13121005200","tract",2019,"education_rnk",96.5823
"13121005300","tract",2019,"education_rnk",97.2128
"13121005501","tract",2019,"education_rnk",64.0939
"13121005502","tract",2019,"education_rnk",18.0123
"13121005700","tract",2019,"education_rnk",30.6844
"13121005800","tract",2019,"education_rnk",33.5167
"13121006000","tract",2019,"education_rnk",33.4758
"13121006100","tract",2019,"education_rnk",25.0832
"13121006200","tract",2019,"education_rnk",28.4699
"13121006300","tract",2019,"education_rnk",32.1443
"13121006400","tract",2019,"education_rnk",24.2045
"13121006500","tract",2019,"education_rnk",46.2438
"13121006601","tract",2019,"education_rnk",40.338
"13121006602","tract",2019,"education_rnk",20.389
"13121006700","tract",2019,"education_rnk",27.0269
"13121006801","tract",2019,"education_rnk",NA
"13121006802","tract",2019,"education_rnk",4.1427
"13121006900","tract",2019,"education_rnk",81.9623
"13121007001","tract",2019,"education_rnk",12.8653
"13121007002","tract",2019,"education_rnk",31.2486
"13121007100","tract",2019,"education_rnk",33.9638
"13121007200","tract",2019,"education_rnk",30.5476
"13121007300","tract",2019,"education_rnk",29.422
"13121007400","tract",2019,"education_rnk",18.9108
"13121007500","tract",2019,"education_rnk",38.9387
"13121007602","tract",2019,"education_rnk",36.8949
"13121007603","tract",2019,"education_rnk",32.9384
"13121007604","tract",2019,"education_rnk",20.8813
"13121007703","tract",2019,"education_rnk",39.2956
"13121007704","tract",2019,"education_rnk",32.2303
"13121007705","tract",2019,"education_rnk",50.9253
"13121007706","tract",2019,"education_rnk",59.8807
"13121007802","tract",2019,"education_rnk",42.5144
"13121007805","tract",2019,"education_rnk",35.4985
"13121007806","tract",2019,"education_rnk",32.3643
"13121007807","tract",2019,"education_rnk",7.9356
"13121007808","tract",2019,"education_rnk",6.4362
"13121007900","tract",2019,"education_rnk",73.9915
"13121008000","tract",2019,"education_rnk",35.0471
"13121008101","tract",2019,"education_rnk",28.0876
"13121008102","tract",2019,"education_rnk",25.158
"13121008201","tract",2019,"education_rnk",44.0928
"13121008202","tract",2019,"education_rnk",14.1066
"13121008301","tract",2019,"education_rnk",11.0373
"13121008302","tract",2019,"education_rnk",42.5779
"13121008400","tract",2019,"education_rnk",38.4084
"13121008500","tract",2019,"education_rnk",29.6942
"13121008601","tract",2019,"education_rnk",9.2995
"13121008602","tract",2019,"education_rnk",23.1014
"13121008700","tract",2019,"education_rnk",40.8697
"13121008800","tract",2019,"education_rnk",91.3267
"13121008902","tract",2019,"education_rnk",97.966
"13121008903","tract",2019,"education_rnk",55.1695
"13121008904","tract",2019,"education_rnk",97.9562
"13121009000","tract",2019,"education_rnk",97.8447
"13121009101","tract",2019,"education_rnk",99.457
"13121009102","tract",2019,"education_rnk",95.121
"13121009200","tract",2019,"education_rnk",66.6526
"13121009300","tract",2019,"education_rnk",96.399
"13121009402","tract",2019,"education_rnk",97.588
"13121009403","tract",2019,"education_rnk",91.3564
"13121009404","tract",2019,"education_rnk",95.8587
"13121009501","tract",2019,"education_rnk",98.014
"13121009502","tract",2019,"education_rnk",98.7037
"13121009601","tract",2019,"education_rnk",98.7926
"13121009602","tract",2019,"education_rnk",99.488
"13121009603","tract",2019,"education_rnk",99.1255
"13121009700","tract",2019,"education_rnk",99.8152
"13121009801","tract",2019,"education_rnk",99.0028
"13121009802","tract",2019,"education_rnk",98.5077
"13121009900","tract",2019,"education_rnk",98.7066
"13121010001","tract",2019,"education_rnk",93.1689
"13121010002","tract",2019,"education_rnk",99.9972
"13121010106","tract",2019,"education_rnk",85.8426
"13121010107","tract",2019,"education_rnk",95.4863
"13121010108","tract",2019,"education_rnk",95.8178
"13121010110","tract",2019,"education_rnk",90.826
"13121010113","tract",2019,"education_rnk",63.7046
"13121010114","tract",2019,"education_rnk",86.5818
"13121010115","tract",2019,"education_rnk",96.9773
"13121010117","tract",2019,"education_rnk",86.1389
"13121010118","tract",2019,"education_rnk",51.3738
"13121010119","tract",2019,"education_rnk",58.1048
"13121010120","tract",2019,"education_rnk",95.3002
"13121010121","tract",2019,"education_rnk",99.5035
"13121010122","tract",2019,"education_rnk",99.1382
"13121010123","tract",2019,"education_rnk",83.9032
"13121010204","tract",2019,"education_rnk",94.9983
"13121010205","tract",2019,"education_rnk",97.6388
"13121010206","tract",2019,"education_rnk",96.4568
"13121010208","tract",2019,"education_rnk",92.2831
"13121010209","tract",2019,"education_rnk",91.4085
"13121010210","tract",2019,"education_rnk",88.0882
"13121010211","tract",2019,"education_rnk",96.4977
"13121010212","tract",2019,"education_rnk",21.4751
"13121010301","tract",2019,"education_rnk",66.3028
"13121010303","tract",2019,"education_rnk",66.4156
"13121010304","tract",2019,"education_rnk",62.153
"13121010400","tract",2019,"education_rnk",21.3115
"13121010507","tract",2019,"education_rnk",22.5866
"13121010508","tract",2019,"education_rnk",48.3229
"13121010510","tract",2019,"education_rnk",63.5353
"13121010511","tract",2019,"education_rnk",66.4692
"13121010512","tract",2019,"education_rnk",47.4512
"13121010513","tract",2019,"education_rnk",24.9013
"13121010514","tract",2019,"education_rnk",44.8178
"13121010515","tract",2019,"education_rnk",56.3332
"13121010516","tract",2019,"education_rnk",57.0977
"13121010601","tract",2019,"education_rnk",39.675
"13121010603","tract",2019,"education_rnk",30.8113
"13121010604","tract",2019,"education_rnk",62.4069
"13121010800","tract",2019,"education_rnk",25.316
"13121011000","tract",2019,"education_rnk",7.1062
"13121011100","tract",2019,"education_rnk",61.2108
"13121011201","tract",2019,"education_rnk",60.191
"13121011202","tract",2019,"education_rnk",67.1857
"13121011301","tract",2019,"education_rnk",46.2579
"13121011303","tract",2019,"education_rnk",69.3029
"13121011305","tract",2019,"education_rnk",48.2594
"13121011306","tract",2019,"education_rnk",55.3868
"13121011405","tract",2019,"education_rnk",75.354
"13121011410","tract",2019,"education_rnk",69.8192
"13121011411","tract",2019,"education_rnk",89.321
"13121011412","tract",2019,"education_rnk",69.9687
"13121011414","tract",2019,"education_rnk",81.2147
"13121011416","tract",2019,"education_rnk",86.4971
"13121011417","tract",2019,"education_rnk",84.1585
"13121011418","tract",2019,"education_rnk",93.8431
"13121011419","tract",2019,"education_rnk",91.4311
"13121011420","tract",2019,"education_rnk",3.0072
"13121011421","tract",2019,"education_rnk",21.217
"13121011422","tract",2019,"education_rnk",93.3649
"13121011423","tract",2019,"education_rnk",95.8305
"13121011424","tract",2019,"education_rnk",85.9964
"13121011425","tract",2019,"education_rnk",87.0345
"13121011426","tract",2019,"education_rnk",69.4045
"13121011427","tract",2019,"education_rnk",91.7936
"13121011503","tract",2019,"education_rnk",80.8297
"13121011504","tract",2019,"education_rnk",88.2645
"13121011505","tract",2019,"education_rnk",75.2934
"13121011506","tract",2019,"education_rnk",91.0136
"13121011610","tract",2019,"education_rnk",86.8088
"13121011611","tract",2019,"education_rnk",81.0638
"13121011612","tract",2019,"education_rnk",97.3341
"13121011613","tract",2019,"education_rnk",77.9762
"13121011614","tract",2019,"education_rnk",84.93
"13121011615","tract",2019,"education_rnk",91.4085
"13121011616","tract",2019,"education_rnk",94.9475
"13121011617","tract",2019,"education_rnk",86.8469
"13121011618","tract",2019,"education_rnk",87.9105
"13121011619","tract",2019,"education_rnk",88.5311
"13121011620","tract",2019,"education_rnk",86.8737
"13121011621","tract",2019,"education_rnk",76.7067
"13121011622","tract",2019,"education_rnk",83.7791
"13121011623","tract",2019,"education_rnk",69.5667
"13121011624","tract",2019,"education_rnk",87.5042
"13121011625","tract",2019,"education_rnk",76.6475
"13121011626","tract",2019,"education_rnk",74.1692
"13121011800","tract",2019,"education_rnk",68.5116
"13121011900","tract",2019,"education_rnk",86.0599
"13121012000","tract",2019,"education_rnk",20.5682
"13121012300","tract",2019,"education_rnk",44.6245
"13121980000","tract",2019,"education_rnk",NA
"13123080100","tract",2019,"education_rnk",74.7419
"13123080200","tract",2019,"education_rnk",55.6392
"13123080300","tract",2019,"education_rnk",10.3109
"13123080400","tract",2019,"education_rnk",24.914
"13123080500","tract",2019,"education_rnk",25.4951
"13125010100","tract",2019,"education_rnk",16.9713
"13127000101","tract",2019,"education_rnk",89.7921
"13127000102","tract",2019,"education_rnk",94.8615
"13127000200","tract",2019,"education_rnk",69.7867
"13127000300","tract",2019,"education_rnk",86.0161
"13127000401","tract",2019,"education_rnk",24.9605
"13127000403","tract",2019,"education_rnk",65.4339
"13127000404","tract",2019,"education_rnk",45.5512
"13127000501","tract",2019,"education_rnk",30.9778
"13127000503","tract",2019,"education_rnk",37.9246
"13127000504","tract",2019,"education_rnk",13.6369
"13127000600","tract",2019,"education_rnk",19.6739
"13127000700","tract",2019,"education_rnk",13.1108
"13127000800","tract",2019,"education_rnk",17.3621
"13127000900","tract",2019,"education_rnk",27.2639
"13127001000","tract",2019,"education_rnk",51.2427
"13127990000","tract",2019,"education_rnk",NA
"13129970100","tract",2019,"education_rnk",26.3541
"13129970200","tract",2019,"education_rnk",14.5636
"13129970300","tract",2019,"education_rnk",7.8298
"13129970400","tract",2019,"education_rnk",10.428
"13129970500","tract",2019,"education_rnk",11.4238
"13129970600","tract",2019,"education_rnk",7.5533
"13129970700","tract",2019,"education_rnk",30.3684
"13129970800","tract",2019,"education_rnk",25.9563
"13129970900","tract",2019,"education_rnk",24.1142
"13131950100","tract",2019,"education_rnk",19.9433
"13131950200","tract",2019,"education_rnk",14.8344
"13131950300","tract",2019,"education_rnk",24.684
"13131950400","tract",2019,"education_rnk",7.9483
"13131950500","tract",2019,"education_rnk",19.2677
"13131950600","tract",2019,"education_rnk",43.4213
"13133950100","tract",2019,"education_rnk",22.7573
"13133950200","tract",2019,"education_rnk",9.8426
"13133950301","tract",2019,"education_rnk",95.3227
"13133950302","tract",2019,"education_rnk",91.637
"13133950303","tract",2019,"education_rnk",21.5287
"13133950400","tract",2019,"education_rnk",12.2941
"13133950500","tract",2019,"education_rnk",32.0117
"13135050103","tract",2019,"education_rnk",46.5668
"13135050105","tract",2019,"education_rnk",6.0582
"13135050106","tract",2019,"education_rnk",15.8627
"13135050107","tract",2019,"education_rnk",54.003
"13135050108","tract",2019,"education_rnk",69.3029
"13135050109","tract",2019,"education_rnk",36.3293
"13135050205","tract",2019,"education_rnk",40.3831
"13135050208","tract",2019,"education_rnk",52.5262
"13135050209","tract",2019,"education_rnk",42.3705
"13135050210","tract",2019,"education_rnk",85.3123
"13135050211","tract",2019,"education_rnk",19.4962
"13135050212","tract",2019,"education_rnk",74.1692
"13135050213","tract",2019,"education_rnk",60.4294
"13135050214","tract",2019,"education_rnk",89.3732
"13135050215","tract",2019,"education_rnk",64.115
"13135050216","tract",2019,"education_rnk",63.4422
"13135050217","tract",2019,"education_rnk",80.4009
"13135050218","tract",2019,"education_rnk",26.4712
"13135050219","tract",2019,"education_rnk",69.7275
"13135050220","tract",2019,"education_rnk",74.4809
"13135050304","tract",2019,"education_rnk",21.2974
"13135050306","tract",2019,"education_rnk",8.5534
"13135050308","tract",2019,"education_rnk",85.4406
"13135050309","tract",2019,"education_rnk",79.4065
"13135050310","tract",2019,"education_rnk",86.1121
"13135050311","tract",2019,"education_rnk",85.1176
"13135050313","tract",2019,"education_rnk",14.3182
"13135050314","tract",2019,"education_rnk",18.9108
"13135050315","tract",2019,"education_rnk",44.3833
"13135050317","tract",2019,"education_rnk",44.1506
"13135050318","tract",2019,"education_rnk",28.8775
"13135050319","tract",2019,"education_rnk",2.302
"13135050320","tract",2019,"education_rnk",3.9142
"13135050321","tract",2019,"education_rnk",89.132
"13135050322","tract",2019,"education_rnk",93.8769
"13135050410","tract",2019,"education_rnk",4.5517
"13135050415","tract",2019,"education_rnk",70.2437
"13135050416","tract",2019,"education_rnk",49.6304
"13135050417","tract",2019,"education_rnk",2.2568
"13135050418","tract",2019,"education_rnk",10.0231
"13135050419","tract",2019,"education_rnk",5.2246
"13135050421","tract",2019,"education_rnk",6.1202
"13135050422","tract",2019,"education_rnk",1.0762
"13135050423","tract",2019,"education_rnk",9.5859
"13135050424","tract",2019,"education_rnk",9.9949
"13135050425","tract",2019,"education_rnk",48.1155
"13135050426","tract",2019,"education_rnk",54.7986
"13135050427","tract",2019,"education_rnk",43.1844
"13135050428","tract",2019,"education_rnk",63.6129
"13135050429","tract",2019,"education_rnk",67.8995
"13135050430","tract",2019,"education_rnk",55.7577
"13135050431","tract",2019,"education_rnk",37.1615
"13135050432","tract",2019,"education_rnk",10.7933
"13135050433","tract",2019,"education_rnk",19.5216
"13135050434","tract",2019,"education_rnk",2.1835
"13135050435","tract",2019,"education_rnk",4.6293
"13135050436","tract",2019,"education_rnk",9.6719
"13135050511","tract",2019,"education_rnk",27.5643
"13135050520","tract",2019,"education_rnk",28.223
"13135050521","tract",2019,"education_rnk",19.9673
"13135050522","tract",2019,"education_rnk",18.7401
"13135050523","tract",2019,"education_rnk",47.7432
"13135050524","tract",2019,"education_rnk",8.6634
"13135050525","tract",2019,"education_rnk",61.5719
"13135050526","tract",2019,"education_rnk",8.497
"13135050527","tract",2019,"education_rnk",49.7955
"13135050528","tract",2019,"education_rnk",70.5611
"13135050529","tract",2019,"education_rnk",46.2198
"13135050530","tract",2019,"education_rnk",59.6705
"13135050531","tract",2019,"education_rnk",12.7327
"13135050532","tract",2019,"education_rnk",31.9496
"13135050533","tract",2019,"education_rnk",5.0666
"13135050534","tract",2019,"education_rnk",26.6165
"13135050535","tract",2019,"education_rnk",24.9774
"13135050536","tract",2019,"education_rnk",17.6498
"13135050537","tract",2019,"education_rnk",18.7105
"13135050538","tract",2019,"education_rnk",32.3107
"13135050539","tract",2019,"education_rnk",15.2632
"13135050540","tract",2019,"education_rnk",37.9246
"13135050541","tract",2019,"education_rnk",19.6076
"13135050542","tract",2019,"education_rnk",42.0179
"13135050543","tract",2019,"education_rnk",41.9572
"13135050544","tract",2019,"education_rnk",38.1813
"13135050545","tract",2019,"education_rnk",26.687
"13135050546","tract",2019,"education_rnk",36.3942
"13135050547","tract",2019,"education_rnk",57.6859
"13135050548","tract",2019,"education_rnk",49.7475
"13135050549","tract",2019,"education_rnk",34.528
"13135050605","tract",2019,"education_rnk",54.3994
"13135050606","tract",2019,"education_rnk",56.8086
"13135050607","tract",2019,"education_rnk",53.6391
"13135050608","tract",2019,"education_rnk",39.8132
"13135050609","tract",2019,"education_rnk",54.3712
"13135050610","tract",2019,"education_rnk",68.8685
"13135050709","tract",2019,"education_rnk",28.5376
"13135050712","tract",2019,"education_rnk",70.0829
"13135050713","tract",2019,"education_rnk",75.3103
"13135050714","tract",2019,"education_rnk",58.0131
"13135050715","tract",2019,"education_rnk",39.9938
"13135050718","tract",2019,"education_rnk",63.4422
"13135050719","tract",2019,"education_rnk",28.8775
"13135050720","tract",2019,"education_rnk",56.707
"13135050721","tract",2019,"education_rnk",52.223
"13135050722","tract",2019,"education_rnk",19.7106
"13135050723","tract",2019,"education_rnk",46.4258
"13135050724","tract",2019,"education_rnk",62.3053
"13135050725","tract",2019,"education_rnk",44.3622
"13135050726","tract",2019,"education_rnk",56.3332
"13135050727","tract",2019,"education_rnk",57.8693
"13135050728","tract",2019,"education_rnk",54.6237
"13135050729","tract",2019,"education_rnk",55.9764
"13135050730","tract",2019,"education_rnk",30.5673
"13135050731","tract",2019,"education_rnk",62.6552
"13137000100","tract",2019,"education_rnk",57.7296
"13137000201","tract",2019,"education_rnk",34.7537
"13137000202","tract",2019,"education_rnk",60.538
"13137000300","tract",2019,"education_rnk",22.0421
"13137000400","tract",2019,"education_rnk",28.4699
"13137000500","tract",2019,"education_rnk",21.0238
"13137000601","tract",2019,"education_rnk",9.4138
"13137000602","tract",2019,"education_rnk",5.707
"13139000101","tract",2019,"education_rnk",19.8869
"13139000102","tract",2019,"education_rnk",21.7445
"13139000201","tract",2019,"education_rnk",22.2213
"13139000203","tract",2019,"education_rnk",38.3068
"13139000204","tract",2019,"education_rnk",36.2827
"13139000302","tract",2019,"education_rnk",28.4699
"13139000303","tract",2019,"education_rnk",52.223
"13139000304","tract",2019,"education_rnk",36.8624
"13139000305","tract",2019,"education_rnk",17.2351
"13139000400","tract",2019,"education_rnk",57.9624
"13139000500","tract",2019,"education_rnk",43.5624
"13139000600","tract",2019,"education_rnk",18.1914
"13139000701","tract",2019,"education_rnk",2.4204
"13139000702","tract",2019,"education_rnk",0.7673
"13139000800","tract",2019,"education_rnk",2.8013
"13139000900","tract",2019,"education_rnk",36.5493
"13139001002","tract",2019,"education_rnk",14.383
"13139001003","tract",2019,"education_rnk",1.2497
"13139001004","tract",2019,"education_rnk",36.2827
"13139001101","tract",2019,"education_rnk",0.0959
"13139001102","tract",2019,"education_rnk",0.1679
"13139001201","tract",2019,"education_rnk",0.6714
"13139001202","tract",2019,"education_rnk",0.6672
"13139001301","tract",2019,"education_rnk",15.2505
"13139001302","tract",2019,"education_rnk",26.0635
"13139001402","tract",2019,"education_rnk",23.5923
"13139001403","tract",2019,"education_rnk",14.7413
"13139001404","tract",2019,"education_rnk",16.3958
"13139001501","tract",2019,"education_rnk",59.3292
"13139001502","tract",2019,"education_rnk",71.3256
"13139001603","tract",2019,"education_rnk",38.139
"13139001604","tract",2019,"education_rnk",62.0275
"13139001605","tract",2019,"education_rnk",25.1876
"13139001606","tract",2019,"education_rnk",58.4857
"13139001607","tract",2019,"education_rnk",42.9502
"13139001608","tract",2019,"education_rnk",78.5884
"13141480300","tract",2019,"education_rnk",61.0049
"13141480400","tract",2019,"education_rnk",NA
"13143010100","tract",2019,"education_rnk",10.4604
"13143010200","tract",2019,"education_rnk",30.9115
"13143010301","tract",2019,"education_rnk",17.764
"13143010302","tract",2019,"education_rnk",27.9099
"13143010400","tract",2019,"education_rnk",18.5398
"13145120198","tract",2019,"education_rnk",51.0678
"13145120200","tract",2019,"education_rnk",42.5779
"13145120300","tract",2019,"education_rnk",59.4646
"13145120401","tract",2019,"education_rnk",62.6961
"13145120402","tract",2019,"education_rnk",70.949
"13147960100","tract",2019,"education_rnk",48.3906
"13147960200","tract",2019,"education_rnk",35.6861
"13147960300","tract",2019,"education_rnk",15.4536
"13147960400","tract",2019,"education_rnk",14.943
"13147960500","tract",2019,"education_rnk",17.3254
"13149970100","tract",2019,"education_rnk",9.5097
"13149970200","tract",2019,"education_rnk",37.9246
"13149970300","tract",2019,"education_rnk",18.9616
"13151070104","tract",2019,"education_rnk",58.0724
"13151070106","tract",2019,"education_rnk",48.5627
"13151070107","tract",2019,"education_rnk",69.4821
"13151070108","tract",2019,"education_rnk",33.346
"13151070109","tract",2019,"education_rnk",56.9764
"13151070110","tract",2019,"education_rnk",57.8904
"13151070111","tract",2019,"education_rnk",36.6339
"13151070113","tract",2019,"education_rnk",10.2883
"13151070114","tract",2019,"education_rnk",40.4282
"13151070202","tract",2019,"education_rnk",52.9254
"13151070203","tract",2019,"education_rnk",55.6999
"13151070204","tract",2019,"education_rnk",48.8815
"13151070205","tract",2019,"education_rnk",38.8188
"13151070304","tract",2019,"education_rnk",33.0766
"13151070305","tract",2019,"education_rnk",58.0131
"13151070306","tract",2019,"education_rnk",32.7945
"13151070307","tract",2019,"education_rnk",55.9947
"13151070309","tract",2019,"education_rnk",59.8355
"13151070310","tract",2019,"education_rnk",46.7727
"13151070311","tract",2019,"education_rnk",44.334
"13151070402","tract",2019,"education_rnk",33.346
"13151070403","tract",2019,"education_rnk",26.9423
"13151070404","tract",2019,"education_rnk",52.9
"13151070501","tract",2019,"education_rnk",28.6673
"13151070502","tract",2019,"education_rnk",60.7552
"13153020105","tract",2019,"education_rnk",40.8204
"13153020106","tract",2019,"education_rnk",51.0678
"13153020108","tract",2019,"education_rnk",33.181
"13153020109","tract",2019,"education_rnk",55.8127
"13153020200","tract",2019,"education_rnk",49.8716
"13153020300","tract",2019,"education_rnk",9.6042
"13153020400","tract",2019,"education_rnk",11.1925
"13153020600","tract",2019,"education_rnk",61.1614
"13153020700","tract",2019,"education_rnk",27.5643
"13153020800","tract",2019,"education_rnk",19.018
"13153020900","tract",2019,"education_rnk",43.2676
"13153021000","tract",2019,"education_rnk",27.4557
"13153021103","tract",2019,"education_rnk",55.5377
"13153021104","tract",2019,"education_rnk",31.1428
"13153021105","tract",2019,"education_rnk",53.7111
"13153021107","tract",2019,"education_rnk",66.125
"13153021108","tract",2019,"education_rnk",52.1666
"13153021113","tract",2019,"education_rnk",58.4349
"13153021201","tract",2019,"education_rnk",65.9403
"13153021202","tract",2019,"education_rnk",51.6531
"13153021300","tract",2019,"education_rnk",36.8624
"13153021400","tract",2019,"education_rnk",41.9206
"13153021500","tract",2019,"education_rnk",41.6229
"13155950100","tract",2019,"education_rnk",23.8913
"13155950200","tract",2019,"education_rnk",17.6145
"13157010101","tract",2019,"education_rnk",17.8571
"13157010102","tract",2019,"education_rnk",58.882
"13157010103","tract",2019,"education_rnk",40.0686
"13157010200","tract",2019,"education_rnk",20.3241
"13157010300","tract",2019,"education_rnk",22.5866
"13157010400","tract",2019,"education_rnk",25.9888
"13157010500","tract",2019,"education_rnk",25.0564
"13157010600","tract",2019,"education_rnk",35.2841
"13157010701","tract",2019,"education_rnk",23.55
"13157010702","tract",2019,"education_rnk",22.9689
"13157010703","tract",2019,"education_rnk",36.7595
"13159010100","tract",2019,"education_rnk",12.3632
"13159010200","tract",2019,"education_rnk",16.9234
"13159010500","tract",2019,"education_rnk",22.959
"13161960100","tract",2019,"education_rnk",7.3347
"13161960200","tract",2019,"education_rnk",16.9713
"13161960300","tract",2019,"education_rnk",14.7822
"13163960100","tract",2019,"education_rnk",19.4129
"13163960200","tract",2019,"education_rnk",10.4971
"13163960300","tract",2019,"education_rnk",14.9317
"13163960400","tract",2019,"education_rnk",10.435
"13165960100","tract",2019,"education_rnk",15.3535
"13165960200","tract",2019,"education_rnk",9.1119
"13167960100","tract",2019,"education_rnk",15.9642
"13167960200","tract",2019,"education_rnk",8.5153
"13167960300","tract",2019,"education_rnk",45.0195
"13169030101","tract",2019,"education_rnk",64.5678
"13169030103","tract",2019,"education_rnk",40.6144
"13169030104","tract",2019,"education_rnk",24.2778
"13169030200","tract",2019,"education_rnk",33.095
"13169030301","tract",2019,"education_rnk",59.3292
"13169030302","tract",2019,"education_rnk",38.895
"13171970100","tract",2019,"education_rnk",44.5907
"13171970200","tract",2019,"education_rnk",41.2195
"13171970300","tract",2019,"education_rnk",25.4584
"13173950100","tract",2019,"education_rnk",17.764
"13173950200","tract",2019,"education_rnk",23.7912
"13175950100","tract",2019,"education_rnk",28.9057
"13175950201","tract",2019,"education_rnk",46.485
"13175950202","tract",2019,"education_rnk",59.1472
"13175950300","tract",2019,"education_rnk",20.2536
"13175950400","tract",2019,"education_rnk",51.8041
"13175950500","tract",2019,"education_rnk",51.2427
"13175950600","tract",2019,"education_rnk",28.1652
"13175950700","tract",2019,"education_rnk",28.7463
"13175950800","tract",2019,"education_rnk",22.4639
"13175950900","tract",2019,"education_rnk",4.4586
"13175951000","tract",2019,"education_rnk",15.8754
"13175951100","tract",2019,"education_rnk",16.4043
"13175951400","tract",2019,"education_rnk",24.3723
"13177020100","tract",2019,"education_rnk",27.9254
"13177020200","tract",2019,"education_rnk",19.9786
"13177020300","tract",2019,"education_rnk",24.684
"13177020402","tract",2019,"education_rnk",54.3218
"13177020403","tract",2019,"education_rnk",68.0772
"13179010101","tract",2019,"education_rnk",26.8548
"13179010102","tract",2019,"education_rnk",NA
"13179010103","tract",2019,"education_rnk",55.4446
"13179010202","tract",2019,"education_rnk",50.2215
"13179010204","tract",2019,"education_rnk",37.0712
"13179010205","tract",2019,"education_rnk",43.135
"13179010206","tract",2019,"education_rnk",54.9396
"13179010207","tract",2019,"education_rnk",20.8545
"13179010208","tract",2019,"education_rnk",37.9514
"13179010300","tract",2019,"education_rnk",29.8042
"13179010400","tract",2019,"education_rnk",29.4671
"13179010501","tract",2019,"education_rnk",28.3359
"13179010502","tract",2019,"education_rnk",33.2572
"13179010600","tract",2019,"education_rnk",18.3254
"13179990000","tract",2019,"education_rnk",NA
"13181970100","tract",2019,"education_rnk",21.2762
"13181970200","tract",2019,"education_rnk",24.8857
"13183970100","tract",2019,"education_rnk",25.9366
"13183970200","tract",2019,"education_rnk",28.6137
"13183980000","tract",2019,"education_rnk",NA
"13185010101","tract",2019,"education_rnk",24.3117
"13185010102","tract",2019,"education_rnk",44.9447
"13185010103","tract",2019,"education_rnk",50.584
"13185010201","tract",2019,"education_rnk",34.8384
"13185010202","tract",2019,"education_rnk",58.4039
"13185010301","tract",2019,"education_rnk",71.8715
"13185010302","tract",2019,"education_rnk",88.8597
"13185010401","tract",2019,"education_rnk",69.5836
"13185010402","tract",2019,"education_rnk",21.0957
"13185010500","tract",2019,"education_rnk",18.9461
"13185010601","tract",2019,"education_rnk",60.4731
"13185010604","tract",2019,"education_rnk",34.3489
"13185010700","tract",2019,"education_rnk",26.5459
"13185010800","tract",2019,"education_rnk",4.5983
"13185010900","tract",2019,"education_rnk",14.5974
"13185011000","tract",2019,"education_rnk",8.1725
"13185011100","tract",2019,"education_rnk",39.9726
"13185011200","tract",2019,"education_rnk",65.9642
"13185011301","tract",2019,"education_rnk",28.2865
"13185011302","tract",2019,"education_rnk",35.4548
"13185011401","tract",2019,"education_rnk",50.9422
"13185011402","tract",2019,"education_rnk",NA
"13185011403","tract",2019,"education_rnk",29.422
"13185011500","tract",2019,"education_rnk",25.1312
"13185011600","tract",2019,"education_rnk",46.5668
"13187960101","tract",2019,"education_rnk",26.2638
"13187960102","tract",2019,"education_rnk",63.1009
"13187960201","tract",2019,"education_rnk",26.079
"13187960202","tract",2019,"education_rnk",40.6976
"13189950100","tract",2019,"education_rnk",66.0869
"13189950200","tract",2019,"education_rnk",27.2836
"13189950300","tract",2019,"education_rnk",26.9296
"13189950400","tract",2019,"education_rnk",25.8252
"13189950500","tract",2019,"education_rnk",15.7061
"13191110100","tract",2019,"education_rnk",49.701
"13191110200","tract",2019,"education_rnk",52.4078
"13191110300","tract",2019,"education_rnk",23.5204
"13191980000","tract",2019,"education_rnk",NA
"13191990000","tract",2019,"education_rnk",NA
"13193000100","tract",2019,"education_rnk",33.2318
"13193000200","tract",2019,"education_rnk",17.2422
"13193000300","tract",2019,"education_rnk",NA
"13193000400","tract",2019,"education_rnk",10.0979
"13195020100","tract",2019,"education_rnk",18.7782
"13195020200","tract",2019,"education_rnk",34.0061
"13195020300","tract",2019,"education_rnk",24.3483
"13195020400","tract",2019,"education_rnk",40.9812
"13195020500","tract",2019,"education_rnk",29.3261
"13195020600","tract",2019,"education_rnk",30.9453
"13197920100","tract",2019,"education_rnk",20.5823
"13197920200","tract",2019,"education_rnk",13.6989
"13199970500","tract",2019,"education_rnk",10.0499
"13199970600","tract",2019,"education_rnk",32.9074
"13199970700","tract",2019,"education_rnk",13.9542
"13199970800","tract",2019,"education_rnk",13.4676
"13201950100","tract",2019,"education_rnk",23.313
"13201950200","tract",2019,"education_rnk",27.7491
"13201950300","tract",2019,"education_rnk",39.7343
"13205090100","tract",2019,"education_rnk",16.85
"13205090200","tract",2019,"education_rnk",16.0489
"13205090300","tract",2019,"education_rnk",6.7677
"13205090400","tract",2019,"education_rnk",20.5682
"13205090500","tract",2019,"education_rnk",15.6751
"13207050101","tract",2019,"education_rnk",59.0978
"13207050102","tract",2019,"education_rnk",42.9686
"13207050200","tract",2019,"education_rnk",29.0129
"13207050301","tract",2019,"education_rnk",60.7298
"13207050302","tract",2019,"education_rnk",55.8903
"13209950100","tract",2019,"education_rnk",41.0206
"13209950200","tract",2019,"education_rnk",18.4905
"13209950300","tract",2019,"education_rnk",23.55
"13211010100","tract",2019,"education_rnk",44.4158
"13211010200","tract",2019,"education_rnk",29.9763
"13211010300","tract",2019,"education_rnk",57.779
"13211010400","tract",2019,"education_rnk",57.8439
"13211010500","tract",2019,"education_rnk",33.2177
"13213010100","tract",2019,"education_rnk",13.2321
"13213010201","tract",2019,"education_rnk",24.6671
"13213010202","tract",2019,"education_rnk",8.8933
"13213010300","tract",2019,"education_rnk",9.2756
"13213010400","tract",2019,"education_rnk",19.7331
"13213010500","tract",2019,"education_rnk",6.2063
"13213010600","tract",2019,"education_rnk",6.8988
"13213010700","tract",2019,"education_rnk",4.0214
"13215000200","tract",2019,"education_rnk",25.7772
"13215000300","tract",2019,"education_rnk",5.0765
"13215000400","tract",2019,"education_rnk",15.3986
"13215000800","tract",2019,"education_rnk",9.0964
"13215000900","tract",2019,"education_rnk",28.8437
"13215001000","tract",2019,"education_rnk",52.9466
"13215001100","tract",2019,"education_rnk",83.9384
"13215001200","tract",2019,"education_rnk",77.1553
"13215001400","tract",2019,"education_rnk",30.4629
"13215001600","tract",2019,"education_rnk",8.9963
"13215001800","tract",2019,"education_rnk",3.8296
"13215002000","tract",2019,"education_rnk",17.307
"13215002100","tract",2019,"education_rnk",18.1914
"13215002200","tract",2019,"education_rnk",18.7782
"13215002300","tract",2019,"education_rnk",61.957
"13215002400","tract",2019,"education_rnk",8.9229
"13215002500","tract",2019,"education_rnk",13.9021
"13215002700","tract",2019,"education_rnk",6.707
"13215002800","tract",2019,"education_rnk",21.2974
"13215002901","tract",2019,"education_rnk",27.1242
"13215002902","tract",2019,"education_rnk",24.9295
"13215003000","tract",2019,"education_rnk",9.1853
"13215003200","tract",2019,"education_rnk",7.2571
"13215003301","tract",2019,"education_rnk",5.8283
"13215003302","tract",2019,"education_rnk",29.2852
"13215003400","tract",2019,"education_rnk",13.0586
"13215010104","tract",2019,"education_rnk",70.5794
"13215010106","tract",2019,"education_rnk",36.823
"13215010107","tract",2019,"education_rnk",70.1577
"13215010201","tract",2019,"education_rnk",67.8176
"13215010203","tract",2019,"education_rnk",72.8052
"13215010204","tract",2019,"education_rnk",55.9129
"13215010205","tract",2019,"education_rnk",74.0366
"13215010301","tract",2019,"education_rnk",84.49
"13215010302","tract",2019,"education_rnk",74.2552
"13215010401","tract",2019,"education_rnk",62.4605
"13215010402","tract",2019,"education_rnk",55.8424
"13215010501","tract",2019,"education_rnk",60.033
"13215010502","tract",2019,"education_rnk",42.1223
"13215010602","tract",2019,"education_rnk",8.5153
"13215010605","tract",2019,"education_rnk",27.0833
"13215010606","tract",2019,"education_rnk",NA
"13215010607","tract",2019,"education_rnk",19.3946
"13215010608","tract",2019,"education_rnk",28.2865
"13215010701","tract",2019,"education_rnk",35.2107
"13215010702","tract",2019,"education_rnk",25.9366
"13215010703","tract",2019,"education_rnk",51.5586
"13215010801","tract",2019,"education_rnk",78.7294
"13215010802","tract",2019,"education_rnk",34.7946
"13215011100","tract",2019,"education_rnk",39.139
"13215011200","tract",2019,"education_rnk",27.9099
"13215011400","tract",2019,"education_rnk",12.548
"13215011500","tract",2019,"education_rnk",11.4999
"13217100100","tract",2019,"education_rnk",48.5147
"13217100201","tract",2019,"education_rnk",35.7467
"13217100202","tract",2019,"education_rnk",72.2763
"13217100300","tract",2019,"education_rnk",25.9563
"13217100400","tract",2019,"education_rnk",23.0577
"13217100501","tract",2019,"education_rnk",43.5046
"13217100502","tract",2019,"education_rnk",12.5804
"13217100600","tract",2019,"education_rnk",31.6717
"13217100700","tract",2019,"education_rnk",15.5538
"13217100800","tract",2019,"education_rnk",19.159
"13217100901","tract",2019,"education_rnk",34.6155
"13217100902","tract",2019,"education_rnk",21.0957
"13217100903","tract",2019,"education_rnk",46.6387
"13219030100","tract",2019,"education_rnk",78.5235
"13219030200","tract",2019,"education_rnk",52.4317
"13219030300","tract",2019,"education_rnk",61.6593
"13219030400","tract",2019,"education_rnk",78.1948
"13219030500","tract",2019,"education_rnk",77.4035
"13219030600","tract",2019,"education_rnk",65.7611
"13221960100","tract",2019,"education_rnk",19.0533
"13221960201","tract",2019,"education_rnk",24.0578
"13221960202","tract",2019,"education_rnk",9.0781
"13221960300","tract",2019,"education_rnk",36.0345
"13223120101","tract",2019,"education_rnk",61.2348
"13223120102","tract",2019,"education_rnk",29.3063
"13223120103","tract",2019,"education_rnk",69.2437
"13223120104","tract",2019,"education_rnk",52.1666
"13223120202","tract",2019,"education_rnk",53.4515
"13223120203","tract",2019,"education_rnk",61.0951
"13223120204","tract",2019,"education_rnk",36.2432
"13223120301","tract",2019,"education_rnk",31.0328
"13223120302","tract",2019,"education_rnk",20.98
"13223120303","tract",2019,"education_rnk",43.5356
"13223120400","tract",2019,"education_rnk",40.5566
"13223120501","tract",2019,"education_rnk",45.6711
"13223120502","tract",2019,"education_rnk",49.3399
"13223120503","tract",2019,"education_rnk",43.5356
"13223120601","tract",2019,"education_rnk",53.003
"13223120602","tract",2019,"education_rnk",37.1883
"13223120603","tract",2019,"education_rnk",54.0919
"13223120604","tract",2019,"education_rnk",33.1641
"13223120605","tract",2019,"education_rnk",40.0446
"13225040101","tract",2019,"education_rnk",76.5812
"13225040102","tract",2019,"education_rnk",50.4316
"13225040200","tract",2019,"education_rnk",10.8737
"13225040301","tract",2019,"education_rnk",15.5848
"13225040302","tract",2019,"education_rnk",9.4674
"13225040400","tract",2019,"education_rnk",19.5357
"13227050100","tract",2019,"education_rnk",91.9361
"13227050200","tract",2019,"education_rnk",33.5534
"13227050300","tract",2019,"education_rnk",17.3494
"13227050400","tract",2019,"education_rnk",20.9377
"13227050500","tract",2019,"education_rnk",39.9571
"13227050600","tract",2019,"education_rnk",28.0086
"13229960100","tract",2019,"education_rnk",25.0663
"13229960200","tract",2019,"education_rnk",15.5016
"13229960300","tract",2019,"education_rnk",23.5204
"13229960400","tract",2019,"education_rnk",17.8261
"13231010100","tract",2019,"education_rnk",37.5465
"13231010200","tract",2019,"education_rnk",42.5581
"13231010300","tract",2019,"education_rnk",29.5348
"13231010400","tract",2019,"education_rnk",35.789
"13233010100","tract",2019,"education_rnk",19.2437
"13233010200","tract",2019,"education_rnk",30.525
"13233010300","tract",2019,"education_rnk",5.6703
"13233010400","tract",2019,"education_rnk",3.941
"13233010500","tract",2019,"education_rnk",15.8443
"13233010600","tract",2019,"education_rnk",29.9763
"13233010700","tract",2019,"education_rnk",40.4282
"13235950100","tract",2019,"education_rnk",NA
"13235950200","tract",2019,"education_rnk",22.9421
"13235950300","tract",2019,"education_rnk",12.2659
"13237960101","tract",2019,"education_rnk",46.0731
"13237960102","tract",2019,"education_rnk",60.1233
"13237960201","tract",2019,"education_rnk",10.9668
"13237960202","tract",2019,"education_rnk",20.9208
"13237960300","tract",2019,"education_rnk",54.2964
"13239960300","tract",2019,"education_rnk",7.4997
"13241970100","tract",2019,"education_rnk",37.4055
"13241970201","tract",2019,"education_rnk",39.3957
"13241970202","tract",2019,"education_rnk",28.8042
"13241970301","tract",2019,"education_rnk",52.7392
"13241970302","tract",2019,"education_rnk",43.9785
"13243790100","tract",2019,"education_rnk",13.5043
"13243790200","tract",2019,"education_rnk",8.6719
"13245000100","tract",2019,"education_rnk",65.3901
"13245000200","tract",2019,"education_rnk",21.0435
"13245000300","tract",2019,"education_rnk",18.853
"13245000600","tract",2019,"education_rnk",12.7483
"13245000700","tract",2019,"education_rnk",28.1779
"13245000900","tract",2019,"education_rnk",11.5211
"13245001000","tract",2019,"education_rnk",54.5038
"13245001100","tract",2019,"education_rnk",85.428
"13245001200","tract",2019,"education_rnk",33.346
"13245001300","tract",2019,"education_rnk",22.4357
"13245001400","tract",2019,"education_rnk",25.4584
"13245001500","tract",2019,"education_rnk",3.4656
"13245001601","tract",2019,"education_rnk",26.3061
"13245001602","tract",2019,"education_rnk",71.7347
"13245010101","tract",2019,"education_rnk",63.9021
"13245010104","tract",2019,"education_rnk",94.1181
"13245010105","tract",2019,"education_rnk",57.2416
"13245010106","tract",2019,"education_rnk",64.5862
"13245010107","tract",2019,"education_rnk",85.7115
"13245010201","tract",2019,"education_rnk",94.925
"13245010203","tract",2019,"education_rnk",55.793
"13245010204","tract",2019,"education_rnk",54.5673
"13245010300","tract",2019,"education_rnk",16.9361
"13245010400","tract",2019,"education_rnk",5.8522
"13245010504","tract",2019,"education_rnk",5.8565
"13245010506","tract",2019,"education_rnk",15.9177
"13245010507","tract",2019,"education_rnk",22.1338
"13245010508","tract",2019,"education_rnk",32.3798
"13245010509","tract",2019,"education_rnk",15.0996
"13245010510","tract",2019,"education_rnk",18.8798
"13245010511","tract",2019,"education_rnk",18.6484
"13245010512","tract",2019,"education_rnk",12.2052
"13245010513","tract",2019,"education_rnk",31.0864
"13245010600","tract",2019,"education_rnk",8.4208
"13245010706","tract",2019,"education_rnk",19.5455
"13245010707","tract",2019,"education_rnk",17.5722
"13245010708","tract",2019,"education_rnk",30.3924
"13245010709","tract",2019,"education_rnk",35.0965
"13245010710","tract",2019,"education_rnk",6.6421
"13245010711","tract",2019,"education_rnk",18.561
"13245010712","tract",2019,"education_rnk",51.4937
"13245010800","tract",2019,"education_rnk",NA
"13245010903","tract",2019,"education_rnk",28.3077
"13245010904","tract",2019,"education_rnk",18.7105
"13245010905","tract",2019,"education_rnk",8.3051
"13245010906","tract",2019,"education_rnk",30.3684
"13245011000","tract",2019,"education_rnk",45.4878
"13247060101","tract",2019,"education_rnk",23.9703
"13247060102","tract",2019,"education_rnk",58.2938
"13247060201","tract",2019,"education_rnk",2.2907
"13247060202","tract",2019,"education_rnk",43.0532
"13247060304","tract",2019,"education_rnk",29.3261
"13247060305","tract",2019,"education_rnk",45.6711
"13247060306","tract",2019,"education_rnk",50.6545
"13247060307","tract",2019,"education_rnk",64.4014
"13247060308","tract",2019,"education_rnk",37.8794
"13247060309","tract",2019,"education_rnk",16.6229
"13247060403","tract",2019,"education_rnk",45.8982
"13247060404","tract",2019,"education_rnk",55.0793
"13247060405","tract",2019,"education_rnk",59.9427
"13247060406","tract",2019,"education_rnk",68.6809
"13247060407","tract",2019,"education_rnk",42.465
"13249960100","tract",2019,"education_rnk",14.6256
"13249960200","tract",2019,"education_rnk",43.3395
"13251970200","tract",2019,"education_rnk",18.5017
"13251970300","tract",2019,"education_rnk",24.2256
"13251970400","tract",2019,"education_rnk",28.223
"13251970500","tract",2019,"education_rnk",58.0851
"13251970600","tract",2019,"education_rnk",44.5667
"13253200100","tract",2019,"education_rnk",41.0898
"13253200200","tract",2019,"education_rnk",24.3723
"13253200300","tract",2019,"education_rnk",26.7279
"13255160100","tract",2019,"education_rnk",25.1143
"13255160200","tract",2019,"education_rnk",47.4724
"13255160300","tract",2019,"education_rnk",5.7549
"13255160400","tract",2019,"education_rnk",5.1808
"13255160500","tract",2019,"education_rnk",30.3924
"13255160600","tract",2019,"education_rnk",46.8094
"13255160700","tract",2019,"education_rnk",23.2369
"13255160800","tract",2019,"education_rnk",14.163
"13255160900","tract",2019,"education_rnk",8.6324
"13255161000","tract",2019,"education_rnk",16.1688
"13255161100","tract",2019,"education_rnk",48.2072
"13255161200","tract",2019,"education_rnk",38.2673
"13257970100","tract",2019,"education_rnk",24.5994
"13257970200","tract",2019,"education_rnk",19.2437
"13257970301","tract",2019,"education_rnk",10.6847
"13257970302","tract",2019,"education_rnk",26.907
"13257970400","tract",2019,"education_rnk",24.2045
"13259950100","tract",2019,"education_rnk",30.1851
"13259950400","tract",2019,"education_rnk",NA
"13261950100","tract",2019,"education_rnk",20.595
"13261950200","tract",2019,"education_rnk",25.0832
"13261950300","tract",2019,"education_rnk",18.8685
"13261950400","tract",2019,"education_rnk",37.5733
"13261950500","tract",2019,"education_rnk",25.4105
"13261950600","tract",2019,"education_rnk",32.2303
"13261950700","tract",2019,"education_rnk",18.0349
"13261950800","tract",2019,"education_rnk",34.2403
"13263960100","tract",2019,"education_rnk",44.1506
"13263960200","tract",2019,"education_rnk",24.6516
"13263960300","tract",2019,"education_rnk",41.4368
"13265010200","tract",2019,"education_rnk",15.0601
"13267950100","tract",2019,"education_rnk",27.876
"13267950201","tract",2019,"education_rnk",15.1715
"13267950202","tract",2019,"education_rnk",NA
"13267950300","tract",2019,"education_rnk",11.8667
"13267950400","tract",2019,"education_rnk",27.3598
"13269950100","tract",2019,"education_rnk",50.584
"13269950200","tract",2019,"education_rnk",21.3242
"13269950300","tract",2019,"education_rnk",12.5635
"13271950100","tract",2019,"education_rnk",7.779
"13271950200","tract",2019,"education_rnk",21.8404
"13271950500","tract",2019,"education_rnk",19.066
"13273120200","tract",2019,"education_rnk",11.0754
"13273120300","tract",2019,"education_rnk",26.158
"13273120400","tract",2019,"education_rnk",4.91
"13273120500","tract",2019,"education_rnk",45.4045
"13275960100","tract",2019,"education_rnk",8.6098
"13275960200","tract",2019,"education_rnk",17.9474
"13275960300","tract",2019,"education_rnk",20.3453
"13275960400","tract",2019,"education_rnk",20.7558
"13275960500","tract",2019,"education_rnk",41.6765
"13275960600","tract",2019,"education_rnk",67.4312
"13275960700","tract",2019,"education_rnk",16.0982
"13275960800","tract",2019,"education_rnk",35.2601
"13275960900","tract",2019,"education_rnk",47.7601
"13275961000","tract",2019,"education_rnk",34.308
"13275961100","tract",2019,"education_rnk",29.8353
"13277960100","tract",2019,"education_rnk",45.633
"13277960200","tract",2019,"education_rnk",59.5393
"13277960300","tract",2019,"education_rnk",34.8609
"13277960400","tract",2019,"education_rnk",18.9235
"13277960500","tract",2019,"education_rnk",52.7886
"13277960600","tract",2019,"education_rnk",3.625
"13277960700","tract",2019,"education_rnk",16.1321
"13277960800","tract",2019,"education_rnk",3.4106
"13277960900","tract",2019,"education_rnk",46.2974
"13279970100","tract",2019,"education_rnk",11.7778
"13279970200","tract",2019,"education_rnk",10.5041
"13279970300","tract",2019,"education_rnk",12.4633
"13279970400","tract",2019,"education_rnk",23.1184
"13279970500","tract",2019,"education_rnk",15.5383
"13279970600","tract",2019,"education_rnk",22.1606
"13281960100","tract",2019,"education_rnk",34.0668
"13281960200","tract",2019,"education_rnk",62.9161
"13281960300","tract",2019,"education_rnk",58.6168
"13283960100","tract",2019,"education_rnk",6.6548
"13283960200","tract",2019,"education_rnk",14.8711
"13285960100","tract",2019,"education_rnk",10.8892
"13285960201","tract",2019,"education_rnk",64.3337
"13285960202","tract",2019,"education_rnk",40.5058
"13285960300","tract",2019,"education_rnk",61.5155
"13285960400","tract",2019,"education_rnk",14.4296
"13285960501","tract",2019,"education_rnk",11.8667
"13285960502","tract",2019,"education_rnk",55.2626
"13285960600","tract",2019,"education_rnk",12.2376
"13285960700","tract",2019,"education_rnk",22.0421
"13285960800","tract",2019,"education_rnk",5.9594
"13285960901","tract",2019,"education_rnk",11.0556
"13285960902","tract",2019,"education_rnk",62.0402
"13285961000","tract",2019,"education_rnk",16.7076
"13285961100","tract",2019,"education_rnk",33.3742
"13287970200","tract",2019,"education_rnk",19.7331
"13287970300","tract",2019,"education_rnk",27.9254
"13289060100","tract",2019,"education_rnk",19.506
"13289060200","tract",2019,"education_rnk",39.7343
"13291000101","tract",2019,"education_rnk",49.9097
"13291000102","tract",2019,"education_rnk",63.1982
"13291000201","tract",2019,"education_rnk",68.8121
"13291000203","tract",2019,"education_rnk",57.8904
"13291000204","tract",2019,"education_rnk",42.1039
"13291000205","tract",2019,"education_rnk",47.2001
"13293010100","tract",2019,"education_rnk",33.6803
"13293010201","tract",2019,"education_rnk",29.2612
"13293010202","tract",2019,"education_rnk",43.9968
"13293010300","tract",2019,"education_rnk",62.3477
"13293010400","tract",2019,"education_rnk",17.9531
"13293010500","tract",2019,"education_rnk",18.0645
"13293010600","tract",2019,"education_rnk",9.0061
"13295020100","tract",2019,"education_rnk",16.6681
"13295020200","tract",2019,"education_rnk",15.204
"13295020301","tract",2019,"education_rnk",16.0686
"13295020302","tract",2019,"education_rnk",26.0043
"13295020400","tract",2019,"education_rnk",71.2311
"13295020501","tract",2019,"education_rnk",27.7491
"13295020502","tract",2019,"education_rnk",27.0932
"13295020601","tract",2019,"education_rnk",55.6392
"13295020602","tract",2019,"education_rnk",12.6354
"13295020700","tract",2019,"education_rnk",8.9935
"13295020800","tract",2019,"education_rnk",36.4393
"13295020901","tract",2019,"education_rnk",37.1883
"13295020902","tract",2019,"education_rnk",41.654
"13297110100","tract",2019,"education_rnk",45.4313
"13297110200","tract",2019,"education_rnk",28.6829
"13297110300","tract",2019,"education_rnk",8.8312
"13297110400","tract",2019,"education_rnk",20.6161
"13297110503","tract",2019,"education_rnk",49.732
"13297110504","tract",2019,"education_rnk",37.9514
"13297110505","tract",2019,"education_rnk",34.0894
"13297110506","tract",2019,"education_rnk",63.675
"13297110507","tract",2019,"education_rnk",39.2533
"13297110508","tract",2019,"education_rnk",48.2072
"13297110601","tract",2019,"education_rnk",65.9403
"13297110602","tract",2019,"education_rnk",49.9097
"13297110603","tract",2019,"education_rnk",25.8252
"13297110700","tract",2019,"education_rnk",18.2098
"13297110800","tract",2019,"education_rnk",27.0664
"13299950100","tract",2019,"education_rnk",19.2677
"13299950200","tract",2019,"education_rnk",15.2308
"13299950300","tract",2019,"education_rnk",29.7901
"13299950400","tract",2019,"education_rnk",8.3291
"13299950500","tract",2019,"education_rnk",48.021
"13299950600","tract",2019,"education_rnk",72.4865
"13299950700","tract",2019,"education_rnk",10.5577
"13299950800","tract",2019,"education_rnk",3.4981
"13299950900","tract",2019,"education_rnk",32.9074
"13301970400","tract",2019,"education_rnk",19.5216
"13301970500","tract",2019,"education_rnk",15.6356
"13303950100","tract",2019,"education_rnk",48.8631
"13303950300","tract",2019,"education_rnk",20.4539
"13303950400","tract",2019,"education_rnk",47.0027
"13303950500","tract",2019,"education_rnk",14.3492
"13303950700","tract",2019,"education_rnk",21.9491
"13305970100","tract",2019,"education_rnk",43.8008
"13305970200","tract",2019,"education_rnk",8.7283
"13305970300","tract",2019,"education_rnk",20.1563
"13305970400","tract",2019,"education_rnk",13.2984
"13305970500","tract",2019,"education_rnk",27.838
"13305970600","tract",2019,"education_rnk",10.7213
"13307960100","tract",2019,"education_rnk",13.6552
"13307960200","tract",2019,"education_rnk",8.6183
"13309780100","tract",2019,"education_rnk",13.4253
"13309780200","tract",2019,"education_rnk",24.684
"13311950100","tract",2019,"education_rnk",81.7846
"13311950201","tract",2019,"education_rnk",19.7571
"13311950202","tract",2019,"education_rnk",59.6127
"13311950203","tract",2019,"education_rnk",38.3068
"13311950300","tract",2019,"education_rnk",15.0107
"13313000101","tract",2019,"education_rnk",14.4296
"13313000102","tract",2019,"education_rnk",17.7894
"13313000200","tract",2019,"education_rnk",6.5504
"13313000301","tract",2019,"education_rnk",7.212
"13313000302","tract",2019,"education_rnk",7.329
"13313000400","tract",2019,"education_rnk",0.4076
"13313000501","tract",2019,"education_rnk",35.0654
"13313000502","tract",2019,"education_rnk",3.6702
"13313000600","tract",2019,"education_rnk",20.7191
"13313000700","tract",2019,"education_rnk",24.9774
"13313000800","tract",2019,"education_rnk",26.3696
"13313000900","tract",2019,"education_rnk",30.264
"13313001000","tract",2019,"education_rnk",0.323
"13313001100","tract",2019,"education_rnk",1.797
"13313001200","tract",2019,"education_rnk",1.4895
"13313001300","tract",2019,"education_rnk",0.5445
"13313001400","tract",2019,"education_rnk",10.8187
"13313001500","tract",2019,"education_rnk",17.0249
"13315960100","tract",2019,"education_rnk",NA
"13315960200","tract",2019,"education_rnk",13.359
"13315960300","tract",2019,"education_rnk",26.5882
"13315960400","tract",2019,"education_rnk",52.4994
"13317010101","tract",2019,"education_rnk",41.235
"13317010102","tract",2019,"education_rnk",7.5434
"13317010301","tract",2019,"education_rnk",29.1229
"13317010302","tract",2019,"education_rnk",24.2482
"13319960200","tract",2019,"education_rnk",28.1779
"13319960300","tract",2019,"education_rnk",21.382
"13319960400","tract",2019,"education_rnk",18.6089
"13321950100","tract",2019,"education_rnk",22.4357
"13321950200","tract",2019,"education_rnk",17.9827
"13321950400","tract",2019,"education_rnk",24.9605
"13321950500","tract",2019,"education_rnk",16.9361
"13321950600","tract",2019,"education_rnk",57.7296
"13001950100","tract",2019,"education_state_rnk",37.9427
"13001950200","tract",2019,"education_state_rnk",9.5052
"13001950300","tract",2019,"education_state_rnk",7.6042
"13001950400","tract",2019,"education_state_rnk",14.3229
"13001950500","tract",2019,"education_state_rnk",38.0208
"13003960100","tract",2019,"education_state_rnk",1.3542
"13003960200","tract",2019,"education_state_rnk",3.3854
"13003960300","tract",2019,"education_state_rnk",4.6615
"13005970100","tract",2019,"education_state_rnk",29.0625
"13005970201","tract",2019,"education_state_rnk",22.2396
"13005970202","tract",2019,"education_state_rnk",11.7188
"13007960100","tract",2019,"education_state_rnk",21.3281
"13007960200","tract",2019,"education_state_rnk",15.4688
"13009970100","tract",2019,"education_state_rnk",63.9844
"13009970200","tract",2019,"education_state_rnk",59.5833
"13009970300","tract",2019,"education_state_rnk",84.6354
"13009970400","tract",2019,"education_state_rnk",58.8542
"13009970500","tract",2019,"education_state_rnk",13.8281
"13009970600","tract",2019,"education_state_rnk",18.9844
"13009970701","tract",2019,"education_state_rnk",20.9635
"13009970702","tract",2019,"education_state_rnk",29.3229
"13009970800","tract",2019,"education_state_rnk",40.8854
"13011970100","tract",2019,"education_state_rnk",10.0521
"13011970200","tract",2019,"education_state_rnk",14.1667
"13011970300","tract",2019,"education_state_rnk",8.1771
"13011970400","tract",2019,"education_state_rnk",16.3021
"13013180103","tract",2019,"education_state_rnk",64.8958
"13013180104","tract",2019,"education_state_rnk",14.7917
"13013180105","tract",2019,"education_state_rnk",52.0312
"13013180106","tract",2019,"education_state_rnk",37.6302
"13013180107","tract",2019,"education_state_rnk",34.5312
"13013180108","tract",2019,"education_state_rnk",58.6458
"13013180203","tract",2019,"education_state_rnk",14.4271
"13013180204","tract",2019,"education_state_rnk",14.0104
"13013180205","tract",2019,"education_state_rnk",29.0104
"13013180206","tract",2019,"education_state_rnk",30.8854
"13013180301","tract",2019,"education_state_rnk",26.4323
"13013180302","tract",2019,"education_state_rnk",50.3125
"13013180303","tract",2019,"education_state_rnk",36.25
"13013180401","tract",2019,"education_state_rnk",55
"13013180402","tract",2019,"education_state_rnk",29.6354
"13013180501","tract",2019,"education_state_rnk",49.5312
"13013180502","tract",2019,"education_state_rnk",39.4792
"13013180503","tract",2019,"education_state_rnk",18.8542
"13015960101","tract",2019,"education_state_rnk",35.3385
"13015960102","tract",2019,"education_state_rnk",56.3281
"13015960200","tract",2019,"education_state_rnk",33.9583
"13015960300","tract",2019,"education_state_rnk",33.776
"13015960401","tract",2019,"education_state_rnk",27.8125
"13015960402","tract",2019,"education_state_rnk",46.3542
"13015960500","tract",2019,"education_state_rnk",20.3906
"13015960600","tract",2019,"education_state_rnk",60.4167
"13015960700","tract",2019,"education_state_rnk",37.3698
"13015960801","tract",2019,"education_state_rnk",13.6458
"13015960802","tract",2019,"education_state_rnk",6.3542
"13015960803","tract",2019,"education_state_rnk",37.1615
"13015960901","tract",2019,"education_state_rnk",46.25
"13015960902","tract",2019,"education_state_rnk",50.1042
"13015961000","tract",2019,"education_state_rnk",43.6458
"13017960100","tract",2019,"education_state_rnk",42.1615
"13017960200","tract",2019,"education_state_rnk",79.2188
"13017960300","tract",2019,"education_state_rnk",28.0208
"13017960400","tract",2019,"education_state_rnk",1.9271
"13017960500","tract",2019,"education_state_rnk",47.8125
"13019970100","tract",2019,"education_state_rnk",25.0521
"13019970200","tract",2019,"education_state_rnk",17.2917
"13019970300","tract",2019,"education_state_rnk",39.8438
"13019970400","tract",2019,"education_state_rnk",10.9896
"13019970500","tract",2019,"education_state_rnk",35.2083
"13019970600","tract",2019,"education_state_rnk",25.2604
"13021010100","tract",2019,"education_state_rnk",5.9896
"13021010200","tract",2019,"education_state_rnk",86.0156
"13021010300","tract",2019,"education_state_rnk",43.4896
"13021010400","tract",2019,"education_state_rnk",9.5052
"13021010500","tract",2019,"education_state_rnk",NA
"13021010800","tract",2019,"education_state_rnk",89.7396
"13021011000","tract",2019,"education_state_rnk",43.75
"13021011100","tract",2019,"education_state_rnk",8.3854
"13021011500","tract",2019,"education_state_rnk",1.9792
"13021011701","tract",2019,"education_state_rnk",31.0417
"13021011702","tract",2019,"education_state_rnk",6.4583
"13021011800","tract",2019,"education_state_rnk",82.7604
"13021011900","tract",2019,"education_state_rnk",57.1875
"13021012000","tract",2019,"education_state_rnk",78.9062
"13021012101","tract",2019,"education_state_rnk",78.6979
"13021012102","tract",2019,"education_state_rnk",67.9948
"13021012200","tract",2019,"education_state_rnk",57.3438
"13021012300","tract",2019,"education_state_rnk",21.25
"13021012400","tract",2019,"education_state_rnk",4.8438
"13021012500","tract",2019,"education_state_rnk",4.9479
"13021012600","tract",2019,"education_state_rnk",8.8542
"13021012700","tract",2019,"education_state_rnk",2.8646
"13021012800","tract",2019,"education_state_rnk",10.3646
"13021012900","tract",2019,"education_state_rnk",15.7812
"13021013101","tract",2019,"education_state_rnk",5.5729
"13021013102","tract",2019,"education_state_rnk",34.1667
"13021013201","tract",2019,"education_state_rnk",8.4635
"13021013202","tract",2019,"education_state_rnk",8.75
"13021013302","tract",2019,"education_state_rnk",9.8177
"13021013407","tract",2019,"education_state_rnk",65.5729
"13021013408","tract",2019,"education_state_rnk",88.2292
"13021013409","tract",2019,"education_state_rnk",68.5156
"13021013410","tract",2019,"education_state_rnk",91.4844
"13021013411","tract",2019,"education_state_rnk",92.7344
"13021013502","tract",2019,"education_state_rnk",25.1302
"13021013503","tract",2019,"education_state_rnk",51.6146
"13021013504","tract",2019,"education_state_rnk",72.1615
"13021013603","tract",2019,"education_state_rnk",54.4531
"13021013604","tract",2019,"education_state_rnk",59.9219
"13021013605","tract",2019,"education_state_rnk",73.1771
"13021013606","tract",2019,"education_state_rnk",74.1406
"13021013700","tract",2019,"education_state_rnk",43.8281
"13021013800","tract",2019,"education_state_rnk",11.0938
"13021013900","tract",2019,"education_state_rnk",43.4375
"13023790100","tract",2019,"education_state_rnk",65
"13023790200","tract",2019,"education_state_rnk",16.25
"13023790300","tract",2019,"education_state_rnk",50.7812
"13025960100","tract",2019,"education_state_rnk",20.2604
"13025960200","tract",2019,"education_state_rnk",29.401
"13025960300","tract",2019,"education_state_rnk",10.8073
"13027960200","tract",2019,"education_state_rnk",51.9271
"13027960300","tract",2019,"education_state_rnk",44.8438
"13027960400","tract",2019,"education_state_rnk",27.0833
"13027960500","tract",2019,"education_state_rnk",63.9062
"13027960600","tract",2019,"education_state_rnk",46.6667
"13029920101","tract",2019,"education_state_rnk",22.5
"13029920102","tract",2019,"education_state_rnk",13.4375
"13029920301","tract",2019,"education_state_rnk",66.1198
"13029920303","tract",2019,"education_state_rnk",44.2708
"13029920305","tract",2019,"education_state_rnk",77.9167
"13029920306","tract",2019,"education_state_rnk",81.9792
"13029980000","tract",2019,"education_state_rnk",NA
"13031110100","tract",2019,"education_state_rnk",19.2188
"13031110200","tract",2019,"education_state_rnk",52.9688
"13031110300","tract",2019,"education_state_rnk",65.3385
"13031110401","tract",2019,"education_state_rnk",40.625
"13031110403","tract",2019,"education_state_rnk",25.625
"13031110404","tract",2019,"education_state_rnk",NA
"13031110500","tract",2019,"education_state_rnk",69.349
"13031110601","tract",2019,"education_state_rnk",65.8854
"13031110602","tract",2019,"education_state_rnk",41.4062
"13031110700","tract",2019,"education_state_rnk",54.6354
"13031110800","tract",2019,"education_state_rnk",33.3854
"13031110900","tract",2019,"education_state_rnk",32.0833
"13033950100","tract",2019,"education_state_rnk",43.3333
"13033950200","tract",2019,"education_state_rnk",24.5312
"13033950400","tract",2019,"education_state_rnk",18.0469
"13033950500","tract",2019,"education_state_rnk",14.5833
"13033950700","tract",2019,"education_state_rnk",4.375
"13033950900","tract",2019,"education_state_rnk",15.9375
"13035150100","tract",2019,"education_state_rnk",46.1458
"13035150200","tract",2019,"education_state_rnk",21.7708
"13035150300","tract",2019,"education_state_rnk",30.2604
"13037950100","tract",2019,"education_state_rnk",NA
"13037950200","tract",2019,"education_state_rnk",8.125
"13039010100","tract",2019,"education_state_rnk",36.1198
"13039010200","tract",2019,"education_state_rnk",51.4062
"13039010301","tract",2019,"education_state_rnk",57.2396
"13039010302","tract",2019,"education_state_rnk",64.5833
"13039010401","tract",2019,"education_state_rnk",48.3333
"13039010402","tract",2019,"education_state_rnk",79.4531
"13039010403","tract",2019,"education_state_rnk",78.4115
"13039010500","tract",2019,"education_state_rnk",NA
"13039010601","tract",2019,"education_state_rnk",66.849
"13039010602","tract",2019,"education_state_rnk",57.3958
"13039990000","tract",2019,"education_state_rnk",NA
"13043950100","tract",2019,"education_state_rnk",11.1979
"13043950200","tract",2019,"education_state_rnk",9.4271
"13043950300","tract",2019,"education_state_rnk",13.1771
"13045910101","tract",2019,"education_state_rnk",29.401
"13045910103","tract",2019,"education_state_rnk",48.5938
"13045910104","tract",2019,"education_state_rnk",26.1979
"13045910200","tract",2019,"education_state_rnk",45.625
"13045910300","tract",2019,"education_state_rnk",23.4896
"13045910400","tract",2019,"education_state_rnk",37.7604
"13045910501","tract",2019,"education_state_rnk",13.0208
"13045910502","tract",2019,"education_state_rnk",2.6042
"13045910600","tract",2019,"education_state_rnk",61.276
"13045910701","tract",2019,"education_state_rnk",44.6354
"13045910702","tract",2019,"education_state_rnk",77.8125
"13045910703","tract",2019,"education_state_rnk",25.5729
"13045910800","tract",2019,"education_state_rnk",21.4062
"13045910900","tract",2019,"education_state_rnk",41.25
"13045911000","tract",2019,"education_state_rnk",45.7812
"13045911100","tract",2019,"education_state_rnk",49.349
"13045911200","tract",2019,"education_state_rnk",45.6771
"13047030100","tract",2019,"education_state_rnk",30.3646
"13047030201","tract",2019,"education_state_rnk",61.6667
"13047030202","tract",2019,"education_state_rnk",70.8333
"13047030301","tract",2019,"education_state_rnk",58.776
"13047030303","tract",2019,"education_state_rnk",52.3698
"13047030304","tract",2019,"education_state_rnk",59.3229
"13047030401","tract",2019,"education_state_rnk",57.1354
"13047030402","tract",2019,"education_state_rnk",50.0521
"13047030500","tract",2019,"education_state_rnk",26.6667
"13047030600","tract",2019,"education_state_rnk",31.901
"13047030700","tract",2019,"education_state_rnk",52.8125
"13049010100","tract",2019,"education_state_rnk",6.7188
"13049010200","tract",2019,"education_state_rnk",24.8438
"13051000100","tract",2019,"education_state_rnk",NA
"13051000300","tract",2019,"education_state_rnk",89.375
"13051000601","tract",2019,"education_state_rnk",15.3906
"13051000900","tract",2019,"education_state_rnk",97.6562
"13051001100","tract",2019,"education_state_rnk",75.2865
"13051001200","tract",2019,"education_state_rnk",1.4583
"13051001500","tract",2019,"education_state_rnk",73.2812
"13051002000","tract",2019,"education_state_rnk",47.6042
"13051002100","tract",2019,"education_state_rnk",56.0417
"13051002200","tract",2019,"education_state_rnk",47.5
"13051002300","tract",2019,"education_state_rnk",32.5
"13051002600","tract",2019,"education_state_rnk",70.0781
"13051002700","tract",2019,"education_state_rnk",56.4844
"13051002800","tract",2019,"education_state_rnk",30.026
"13051002900","tract",2019,"education_state_rnk",92.5521
"13051003000","tract",2019,"education_state_rnk",93.099
"13051003301","tract",2019,"education_state_rnk",40.9896
"13051003302","tract",2019,"education_state_rnk",36.4583
"13051003400","tract",2019,"education_state_rnk",67.4219
"13051003501","tract",2019,"education_state_rnk",28.5417
"13051003502","tract",2019,"education_state_rnk",32.6042
"13051003601","tract",2019,"education_state_rnk",36.1198
"13051003602","tract",2019,"education_state_rnk",26.25
"13051003700","tract",2019,"education_state_rnk",36.9531
"13051003800","tract",2019,"education_state_rnk",30.6771
"13051003900","tract",2019,"education_state_rnk",43.8281
"13051004001","tract",2019,"education_state_rnk",75.0781
"13051004002","tract",2019,"education_state_rnk",58.6979
"13051004100","tract",2019,"education_state_rnk",68.9323
"13051004207","tract",2019,"education_state_rnk",67.7604
"13051004208","tract",2019,"education_state_rnk",61.0938
"13051004209","tract",2019,"education_state_rnk",61.8229
"13051004210","tract",2019,"education_state_rnk",42.474
"13051004211","tract",2019,"education_state_rnk",62.2917
"13051004212","tract",2019,"education_state_rnk",77.8646
"13051004300","tract",2019,"education_state_rnk",55.2083
"13051004400","tract",2019,"education_state_rnk",13.3333
"13051004500","tract",2019,"education_state_rnk",27.0052
"13051010101","tract",2019,"education_state_rnk",49.8958
"13051010102","tract",2019,"education_state_rnk",51.3021
"13051010200","tract",2019,"education_state_rnk",70.3646
"13051010501","tract",2019,"education_state_rnk",32.5521
"13051010502","tract",2019,"education_state_rnk",18.0469
"13051010601","tract",2019,"education_state_rnk",52.2396
"13051010603","tract",2019,"education_state_rnk",77.3438
"13051010605","tract",2019,"education_state_rnk",NA
"13051010700","tract",2019,"education_state_rnk",81.5625
"13051010801","tract",2019,"education_state_rnk",72.8906
"13051010802","tract",2019,"education_state_rnk",62.8125
"13051010803","tract",2019,"education_state_rnk",51.5104
"13051010806","tract",2019,"education_state_rnk",76.9271
"13051010807","tract",2019,"education_state_rnk",55.4427
"13051010808","tract",2019,"education_state_rnk",84.1406
"13051010809","tract",2019,"education_state_rnk",69.4792
"13051010901","tract",2019,"education_state_rnk",36.6927
"13051011003","tract",2019,"education_state_rnk",59.1406
"13051011004","tract",2019,"education_state_rnk",98.1771
"13051011005","tract",2019,"education_state_rnk",99.5312
"13051011006","tract",2019,"education_state_rnk",97.8646
"13051011103","tract",2019,"education_state_rnk",90.8854
"13051011104","tract",2019,"education_state_rnk",84.1406
"13051011106","tract",2019,"education_state_rnk",86.8229
"13051011107","tract",2019,"education_state_rnk",95.625
"13051011108","tract",2019,"education_state_rnk",89.6094
"13051011109","tract",2019,"education_state_rnk",86.875
"13051011200","tract",2019,"education_state_rnk",93.099
"13051011300","tract",2019,"education_state_rnk",69.1667
"13051011400","tract",2019,"education_state_rnk",64.375
"13051011500","tract",2019,"education_state_rnk",86.6667
"13051011600","tract",2019,"education_state_rnk",27.8125
"13051980000","tract",2019,"education_state_rnk",NA
"13051990000","tract",2019,"education_state_rnk",NA
"13053020100","tract",2019,"education_state_rnk",42.3958
"13053020201","tract",2019,"education_state_rnk",NA
"13053020203","tract",2019,"education_state_rnk",77.6042
"13053020205","tract",2019,"education_state_rnk",63.0208
"13053020206","tract",2019,"education_state_rnk",NA
"13055010100","tract",2019,"education_state_rnk",66.1198
"13055010200","tract",2019,"education_state_rnk",2.0833
"13055010300","tract",2019,"education_state_rnk",33.776
"13055010400","tract",2019,"education_state_rnk",7.0312
"13055010500","tract",2019,"education_state_rnk",11.4062
"13055010600","tract",2019,"education_state_rnk",26.3281
"13057090100","tract",2019,"education_state_rnk",61.9792
"13057090200","tract",2019,"education_state_rnk",65.8333
"13057090300","tract",2019,"education_state_rnk",69.0625
"13057090400","tract",2019,"education_state_rnk",43.0729
"13057090501","tract",2019,"education_state_rnk",62.4219
"13057090502","tract",2019,"education_state_rnk",82.9167
"13057090601","tract",2019,"education_state_rnk",19.3229
"13057090602","tract",2019,"education_state_rnk",44.1667
"13057090701","tract",2019,"education_state_rnk",75.8594
"13057090702","tract",2019,"education_state_rnk",58.776
"13057090802","tract",2019,"education_state_rnk",85.0781
"13057090803","tract",2019,"education_state_rnk",79.6615
"13057090804","tract",2019,"education_state_rnk",83.5417
"13057090901","tract",2019,"education_state_rnk",84.0365
"13057090902","tract",2019,"education_state_rnk",88.5938
"13057090904","tract",2019,"education_state_rnk",75.4167
"13057090905","tract",2019,"education_state_rnk",81.6146
"13057091001","tract",2019,"education_state_rnk",84.9479
"13057091003","tract",2019,"education_state_rnk",68.5156
"13057091005","tract",2019,"education_state_rnk",46.3542
"13057091006","tract",2019,"education_state_rnk",83.75
"13057091007","tract",2019,"education_state_rnk",78.5677
"13057091008","tract",2019,"education_state_rnk",83.8021
"13057091101","tract",2019,"education_state_rnk",74.7656
"13057091102","tract",2019,"education_state_rnk",61.4583
"13057091103","tract",2019,"education_state_rnk",75.9635
"13059000100","tract",2019,"education_state_rnk",45.8854
"13059000401","tract",2019,"education_state_rnk",79.8177
"13059000402","tract",2019,"education_state_rnk",NA
"13059000600","tract",2019,"education_state_rnk",41.1198
"13059000900","tract",2019,"education_state_rnk",12.5
"13059001200","tract",2019,"education_state_rnk",91.7708
"13059001700","tract",2019,"education_state_rnk",70.4688
"13059001800","tract",2019,"education_state_rnk",83.5938
"13059001900","tract",2019,"education_state_rnk",89.2708
"13059002000","tract",2019,"education_state_rnk",87.9688
"13059002100","tract",2019,"education_state_rnk",NA
"13059002200","tract",2019,"education_state_rnk",91.1979
"13059030100","tract",2019,"education_state_rnk",56.6927
"13059030200","tract",2019,"education_state_rnk",10.2083
"13059130300","tract",2019,"education_state_rnk",3.3333
"13059130400","tract",2019,"education_state_rnk",81.5104
"13059130500","tract",2019,"education_state_rnk",55.4427
"13059130600","tract",2019,"education_state_rnk",25.8333
"13059130700","tract",2019,"education_state_rnk",88.0729
"13059140300","tract",2019,"education_state_rnk",14.9479
"13059140400","tract",2019,"education_state_rnk",2.5
"13059140500","tract",2019,"education_state_rnk",1.6146
"13059140600","tract",2019,"education_state_rnk",62.7604
"13059150300","tract",2019,"education_state_rnk",90.2604
"13059150400","tract",2019,"education_state_rnk",62.5781
"13059150500","tract",2019,"education_state_rnk",72.4479
"13059150600","tract",2019,"education_state_rnk",79.0885
"13059150700","tract",2019,"education_state_rnk",80.8333
"13059150800","tract",2019,"education_state_rnk",80.2083
"13059150900","tract",2019,"education_state_rnk",87.6562
"13061960300","tract",2019,"education_state_rnk",18.4375
"13063040202","tract",2019,"education_state_rnk",8.6979
"13063040203","tract",2019,"education_state_rnk",50.3646
"13063040204","tract",2019,"education_state_rnk",72.8906
"13063040302","tract",2019,"education_state_rnk",4.2708
"13063040303","tract",2019,"education_state_rnk",3.4896
"13063040306","tract",2019,"education_state_rnk",6.25
"13063040307","tract",2019,"education_state_rnk",9.0104
"13063040308","tract",2019,"education_state_rnk",4.7396
"13063040407","tract",2019,"education_state_rnk",10.1562
"13063040408","tract",2019,"education_state_rnk",11.875
"13063040409","tract",2019,"education_state_rnk",27.3438
"13063040410","tract",2019,"education_state_rnk",12.3177
"13063040411","tract",2019,"education_state_rnk",48.6458
"13063040412","tract",2019,"education_state_rnk",20.5208
"13063040413","tract",2019,"education_state_rnk",65.9635
"13063040414","tract",2019,"education_state_rnk",5.1562
"13063040415","tract",2019,"education_state_rnk",13.5938
"13063040416","tract",2019,"education_state_rnk",1.25
"13063040417","tract",2019,"education_state_rnk",12.8646
"13063040509","tract",2019,"education_state_rnk",39.2188
"13063040510","tract",2019,"education_state_rnk",28.8021
"13063040512","tract",2019,"education_state_rnk",38.4375
"13063040513","tract",2019,"education_state_rnk",43.5677
"13063040514","tract",2019,"education_state_rnk",60
"13063040515","tract",2019,"education_state_rnk",29.1146
"13063040516","tract",2019,"education_state_rnk",32.1354
"13063040518","tract",2019,"education_state_rnk",20.2083
"13063040519","tract",2019,"education_state_rnk",67.1354
"13063040520","tract",2019,"education_state_rnk",55.9115
"13063040521","tract",2019,"education_state_rnk",16.5885
"13063040522","tract",2019,"education_state_rnk",19.1667
"13063040523","tract",2019,"education_state_rnk",45.8854
"13063040524","tract",2019,"education_state_rnk",47.3438
"13063040525","tract",2019,"education_state_rnk",42.8385
"13063040526","tract",2019,"education_state_rnk",47.1875
"13063040606","tract",2019,"education_state_rnk",28.3854
"13063040608","tract",2019,"education_state_rnk",68.2552
"13063040609","tract",2019,"education_state_rnk",42.2396
"13063040611","tract",2019,"education_state_rnk",3.4375
"13063040612","tract",2019,"education_state_rnk",12.0312
"13063040613","tract",2019,"education_state_rnk",56.3281
"13063040614","tract",2019,"education_state_rnk",85.8854
"13063040615","tract",2019,"education_state_rnk",44.4792
"13063040616","tract",2019,"education_state_rnk",58.0729
"13063040617","tract",2019,"education_state_rnk",0.5208
"13063040619","tract",2019,"education_state_rnk",65.4167
"13063040620","tract",2019,"education_state_rnk",35.4167
"13063040621","tract",2019,"education_state_rnk",47.0833
"13063040622","tract",2019,"education_state_rnk",15.3906
"13063980000","tract",2019,"education_state_rnk",NA
"13065970100","tract",2019,"education_state_rnk",7.3438
"13065970200","tract",2019,"education_state_rnk",3.5417
"13067030101","tract",2019,"education_state_rnk",74.8438
"13067030103","tract",2019,"education_state_rnk",75.4688
"13067030104","tract",2019,"education_state_rnk",39.2708
"13067030106","tract",2019,"education_state_rnk",55.9896
"13067030107","tract",2019,"education_state_rnk",77.7604
"13067030209","tract",2019,"education_state_rnk",82.6562
"13067030214","tract",2019,"education_state_rnk",81.8229
"13067030215","tract",2019,"education_state_rnk",65.2604
"13067030218","tract",2019,"education_state_rnk",87.6042
"13067030219","tract",2019,"education_state_rnk",85.3125
"13067030220","tract",2019,"education_state_rnk",90.4688
"13067030222","tract",2019,"education_state_rnk",86.0938
"13067030223","tract",2019,"education_state_rnk",64.7396
"13067030224","tract",2019,"education_state_rnk",79.375
"13067030226","tract",2019,"education_state_rnk",83.1771
"13067030227","tract",2019,"education_state_rnk",65.2083
"13067030228","tract",2019,"education_state_rnk",78.4896
"13067030229","tract",2019,"education_state_rnk",NA
"13067030230","tract",2019,"education_state_rnk",82.1094
"13067030231","tract",2019,"education_state_rnk",86.1979
"13067030232","tract",2019,"education_state_rnk",82.2656
"13067030233","tract",2019,"education_state_rnk",79.9479
"13067030234","tract",2019,"education_state_rnk",85.1562
"13067030235","tract",2019,"education_state_rnk",85.6771
"13067030236","tract",2019,"education_state_rnk",85.2083
"13067030238","tract",2019,"education_state_rnk",62.4219
"13067030239","tract",2019,"education_state_rnk",87.2917
"13067030310","tract",2019,"education_state_rnk",72.7083
"13067030311","tract",2019,"education_state_rnk",85.2604
"13067030312","tract",2019,"education_state_rnk",76.875
"13067030313","tract",2019,"education_state_rnk",75
"13067030314","tract",2019,"education_state_rnk",86.5625
"13067030318","tract",2019,"education_state_rnk",92.9167
"13067030319","tract",2019,"education_state_rnk",91.6927
"13067030320","tract",2019,"education_state_rnk",95
"13067030322","tract",2019,"education_state_rnk",86.5104
"13067030324","tract",2019,"education_state_rnk",87.3438
"13067030326","tract",2019,"education_state_rnk",92.4479
"13067030327","tract",2019,"education_state_rnk",80.4167
"13067030328","tract",2019,"education_state_rnk",89.0625
"13067030329","tract",2019,"education_state_rnk",82.7083
"13067030330","tract",2019,"education_state_rnk",84.8438
"13067030331","tract",2019,"education_state_rnk",88.3854
"13067030332","tract",2019,"education_state_rnk",92.8125
"13067030333","tract",2019,"education_state_rnk",87.8125
"13067030334","tract",2019,"education_state_rnk",89.1146
"13067030335","tract",2019,"education_state_rnk",92.6042
"13067030336","tract",2019,"education_state_rnk",91.6927
"13067030337","tract",2019,"education_state_rnk",95.5208
"13067030339","tract",2019,"education_state_rnk",96.25
"13067030340","tract",2019,"education_state_rnk",93.1771
"13067030341","tract",2019,"education_state_rnk",90.3125
"13067030342","tract",2019,"education_state_rnk",94.2188
"13067030343","tract",2019,"education_state_rnk",88.125
"13067030344","tract",2019,"education_state_rnk",87.1875
"13067030345","tract",2019,"education_state_rnk",89.4271
"13067030405","tract",2019,"education_state_rnk",56.7708
"13067030407","tract",2019,"education_state_rnk",85.4688
"13067030408","tract",2019,"education_state_rnk",91.875
"13067030409","tract",2019,"education_state_rnk",91.1198
"13067030410","tract",2019,"education_state_rnk",87.8646
"13067030411","tract",2019,"education_state_rnk",31.1719
"13067030412","tract",2019,"education_state_rnk",37.6302
"13067030413","tract",2019,"education_state_rnk",84.5833
"13067030414","tract",2019,"education_state_rnk",64.1406
"13067030502","tract",2019,"education_state_rnk",88.0208
"13067030504","tract",2019,"education_state_rnk",80.9896
"13067030505","tract",2019,"education_state_rnk",58.4896
"13067030506","tract",2019,"education_state_rnk",67.7083
"13067030507","tract",2019,"education_state_rnk",93.4896
"13067030601","tract",2019,"education_state_rnk",91.3542
"13067030602","tract",2019,"education_state_rnk",93.2812
"13067030700","tract",2019,"education_state_rnk",43.3854
"13067030800","tract",2019,"education_state_rnk",NA
"13067030901","tract",2019,"education_state_rnk",84.5052
"13067030902","tract",2019,"education_state_rnk",13.8281
"13067030904","tract",2019,"education_state_rnk",19.4271
"13067030905","tract",2019,"education_state_rnk",23.4375
"13067031001","tract",2019,"education_state_rnk",1.0417
"13067031002","tract",2019,"education_state_rnk",2.3438
"13067031004","tract",2019,"education_state_rnk",6.9792
"13067031005","tract",2019,"education_state_rnk",27.8125
"13067031101","tract",2019,"education_state_rnk",25
"13067031106","tract",2019,"education_state_rnk",68.8542
"13067031108","tract",2019,"education_state_rnk",95.1562
"13067031110","tract",2019,"education_state_rnk",86.1458
"13067031111","tract",2019,"education_state_rnk",96.6667
"13067031112","tract",2019,"education_state_rnk",97.2396
"13067031113","tract",2019,"education_state_rnk",87.1354
"13067031114","tract",2019,"education_state_rnk",70.9896
"13067031115","tract",2019,"education_state_rnk",50.9896
"13067031116","tract",2019,"education_state_rnk",16.0417
"13067031117","tract",2019,"education_state_rnk",84.8958
"13067031118","tract",2019,"education_state_rnk",89.6875
"13067031205","tract",2019,"education_state_rnk",95.1042
"13067031206","tract",2019,"education_state_rnk",96.4062
"13067031207","tract",2019,"education_state_rnk",97.4479
"13067031208","tract",2019,"education_state_rnk",99.0104
"13067031209","tract",2019,"education_state_rnk",97.2917
"13067031211","tract",2019,"education_state_rnk",98.4375
"13067031212","tract",2019,"education_state_rnk",99.8438
"13067031306","tract",2019,"education_state_rnk",66.5104
"13067031307","tract",2019,"education_state_rnk",85.5729
"13067031308","tract",2019,"education_state_rnk",11.7969
"13067031309","tract",2019,"education_state_rnk",17.6302
"13067031310","tract",2019,"education_state_rnk",3.1771
"13067031311","tract",2019,"education_state_rnk",23.151
"13067031312","tract",2019,"education_state_rnk",60.4688
"13067031313","tract",2019,"education_state_rnk",94.4271
"13067031404","tract",2019,"education_state_rnk",79.0885
"13067031405","tract",2019,"education_state_rnk",52.4479
"13067031406","tract",2019,"education_state_rnk",49.2708
"13067031408","tract",2019,"education_state_rnk",42.6823
"13067031409","tract",2019,"education_state_rnk",66.6927
"13067031503","tract",2019,"education_state_rnk",54.9479
"13067031505","tract",2019,"education_state_rnk",61.4062
"13067031506","tract",2019,"education_state_rnk",62.5
"13067031507","tract",2019,"education_state_rnk",44.5312
"13067031508","tract",2019,"education_state_rnk",70.7812
"13067031509","tract",2019,"education_state_rnk",53.6458
"13069010100","tract",2019,"education_state_rnk",30.2083
"13069010200","tract",2019,"education_state_rnk",22.7344
"13069010300","tract",2019,"education_state_rnk",NA
"13069010400","tract",2019,"education_state_rnk",2.9167
"13069010500","tract",2019,"education_state_rnk",16.4062
"13069010600","tract",2019,"education_state_rnk",28.2812
"13069010700","tract",2019,"education_state_rnk",9.1146
"13069010801","tract",2019,"education_state_rnk",73.8542
"13069010802","tract",2019,"education_state_rnk",12.0833
"13071970100","tract",2019,"education_state_rnk",2.8125
"13071970200","tract",2019,"education_state_rnk",16.7188
"13071970300","tract",2019,"education_state_rnk",3.9583
"13071970400","tract",2019,"education_state_rnk",35.1562
"13071970500","tract",2019,"education_state_rnk",12.8125
"13071970600","tract",2019,"education_state_rnk",45.1562
"13071970701","tract",2019,"education_state_rnk",28.8542
"13071970702","tract",2019,"education_state_rnk",4.1667
"13071970800","tract",2019,"education_state_rnk",14.4792
"13071970900","tract",2019,"education_state_rnk",2.2917
"13073030102","tract",2019,"education_state_rnk",87.9167
"13073030103","tract",2019,"education_state_rnk",94.2708
"13073030105","tract",2019,"education_state_rnk",67.2396
"13073030106","tract",2019,"education_state_rnk",86.4583
"13073030201","tract",2019,"education_state_rnk",77.4219
"13073030202","tract",2019,"education_state_rnk",82.5
"13073030203","tract",2019,"education_state_rnk",75.2083
"13073030302","tract",2019,"education_state_rnk",81.9271
"13073030304","tract",2019,"education_state_rnk",82.8646
"13073030306","tract",2019,"education_state_rnk",75.5729
"13073030307","tract",2019,"education_state_rnk",75.8594
"13073030308","tract",2019,"education_state_rnk",78.9583
"13073030309","tract",2019,"education_state_rnk",83.9062
"13073030401","tract",2019,"education_state_rnk",86.0156
"13073030402","tract",2019,"education_state_rnk",60.9375
"13073030503","tract",2019,"education_state_rnk",41.6667
"13073030504","tract",2019,"education_state_rnk",43.151
"13073030505","tract",2019,"education_state_rnk",58.2812
"13073030506","tract",2019,"education_state_rnk",66.6927
"13073030603","tract",2019,"education_state_rnk",52.9688
"13075960100","tract",2019,"education_state_rnk",11.7969
"13075960200","tract",2019,"education_state_rnk",8.2292
"13075960300","tract",2019,"education_state_rnk",15.6771
"13075960400","tract",2019,"education_state_rnk",24.6875
"13077170100","tract",2019,"education_state_rnk",51.1458
"13077170200","tract",2019,"education_state_rnk",51.3542
"13077170303","tract",2019,"education_state_rnk",61.875
"13077170304","tract",2019,"education_state_rnk",70.0781
"13077170305","tract",2019,"education_state_rnk",30.8333
"13077170306","tract",2019,"education_state_rnk",76.7188
"13077170402","tract",2019,"education_state_rnk",53.8021
"13077170403","tract",2019,"education_state_rnk",70.2083
"13077170404","tract",2019,"education_state_rnk",83.9583
"13077170405","tract",2019,"education_state_rnk",70.8854
"13077170406","tract",2019,"education_state_rnk",76.8229
"13077170501","tract",2019,"education_state_rnk",78.2292
"13077170502","tract",2019,"education_state_rnk",58.3854
"13077170503","tract",2019,"education_state_rnk",71.4323
"13077170601","tract",2019,"education_state_rnk",48.8802
"13077170602","tract",2019,"education_state_rnk",86.3542
"13077170603","tract",2019,"education_state_rnk",73.3854
"13077170700","tract",2019,"education_state_rnk",18.1771
"13077170801","tract",2019,"education_state_rnk",46.9531
"13077170802","tract",2019,"education_state_rnk",63.6458
"13079070100","tract",2019,"education_state_rnk",15
"13079070201","tract",2019,"education_state_rnk",51.4583
"13079070202","tract",2019,"education_state_rnk",30.9375
"13081010100","tract",2019,"education_state_rnk",17.7604
"13081010201","tract",2019,"education_state_rnk",11.4583
"13081010202","tract",2019,"education_state_rnk",70.5208
"13081010300","tract",2019,"education_state_rnk",26.8229
"13081010400","tract",2019,"education_state_rnk",25.8854
"13081010500","tract",2019,"education_state_rnk",31.276
"13083040101","tract",2019,"education_state_rnk",48.1771
"13083040102","tract",2019,"education_state_rnk",18.2812
"13083040200","tract",2019,"education_state_rnk",33.8542
"13083040300","tract",2019,"education_state_rnk",37.3698
"13085970100","tract",2019,"education_state_rnk",76.9792
"13085970201","tract",2019,"education_state_rnk",72.9688
"13085970202","tract",2019,"education_state_rnk",52.7344
"13087970100","tract",2019,"education_state_rnk",68.151
"13087970200","tract",2019,"education_state_rnk",46.3542
"13087970300","tract",2019,"education_state_rnk",27.5
"13087970400","tract",2019,"education_state_rnk",18.5417
"13087970600","tract",2019,"education_state_rnk",55.5208
"13087970700","tract",2019,"education_state_rnk",27.2396
"13087970800","tract",2019,"education_state_rnk",2.4479
"13089020100","tract",2019,"education_state_rnk",98.0729
"13089020200","tract",2019,"education_state_rnk",98.8542
"13089020300","tract",2019,"education_state_rnk",96.0156
"13089020400","tract",2019,"education_state_rnk",98.3333
"13089020500","tract",2019,"education_state_rnk",94.5833
"13089020600","tract",2019,"education_state_rnk",88.8542
"13089020700","tract",2019,"education_state_rnk",94.5312
"13089020801","tract",2019,"education_state_rnk",95.2083
"13089020802","tract",2019,"education_state_rnk",91.9792
"13089020900","tract",2019,"education_state_rnk",90.9375
"13089021101","tract",2019,"education_state_rnk",96.9792
"13089021102","tract",2019,"education_state_rnk",98.2812
"13089021202","tract",2019,"education_state_rnk",96.8229
"13089021204","tract",2019,"education_state_rnk",0
"13089021208","tract",2019,"education_state_rnk",94.3229
"13089021209","tract",2019,"education_state_rnk",98.5938
"13089021210","tract",2019,"education_state_rnk",95.3906
"13089021211","tract",2019,"education_state_rnk",97.3438
"13089021213","tract",2019,"education_state_rnk",90.5208
"13089021214","tract",2019,"education_state_rnk",96.1979
"13089021215","tract",2019,"education_state_rnk",95.8333
"13089021216","tract",2019,"education_state_rnk",99.2708
"13089021217","tract",2019,"education_state_rnk",98.2292
"13089021218","tract",2019,"education_state_rnk",91.9271
"13089021301","tract",2019,"education_state_rnk",61.6146
"13089021303","tract",2019,"education_state_rnk",1.1979
"13089021305","tract",2019,"education_state_rnk",18.3333
"13089021306","tract",2019,"education_state_rnk",22.3958
"13089021307","tract",2019,"education_state_rnk",13.4896
"13089021308","tract",2019,"education_state_rnk",7.5
"13089021405","tract",2019,"education_state_rnk",98.5417
"13089021409","tract",2019,"education_state_rnk",6.3021
"13089021410","tract",2019,"education_state_rnk",7.7083
"13089021411","tract",2019,"education_state_rnk",99.4792
"13089021412","tract",2019,"education_state_rnk",97.8125
"13089021413","tract",2019,"education_state_rnk",1.875
"13089021414","tract",2019,"education_state_rnk",28.3333
"13089021415","tract",2019,"education_state_rnk",96.3021
"13089021416","tract",2019,"education_state_rnk",61.276
"13089021417","tract",2019,"education_state_rnk",6.4062
"13089021502","tract",2019,"education_state_rnk",97.7344
"13089021503","tract",2019,"education_state_rnk",87.5
"13089021504","tract",2019,"education_state_rnk",97.9167
"13089021602","tract",2019,"education_state_rnk",96.6146
"13089021603","tract",2019,"education_state_rnk",96.4583
"13089021604","tract",2019,"education_state_rnk",98.9062
"13089021605","tract",2019,"education_state_rnk",92.3958
"13089021703","tract",2019,"education_state_rnk",94.7917
"13089021704","tract",2019,"education_state_rnk",88.4375
"13089021705","tract",2019,"education_state_rnk",75.0781
"13089021706","tract",2019,"education_state_rnk",96.9271
"13089021805","tract",2019,"education_state_rnk",53.2812
"13089021806","tract",2019,"education_state_rnk",73.6458
"13089021808","tract",2019,"education_state_rnk",56.875
"13089021809","tract",2019,"education_state_rnk",93.5417
"13089021810","tract",2019,"education_state_rnk",94.4792
"13089021812","tract",2019,"education_state_rnk",72.0833
"13089021813","tract",2019,"education_state_rnk",39.5833
"13089021814","tract",2019,"education_state_rnk",8.4635
"13089021906","tract",2019,"education_state_rnk",63.2812
"13089021907","tract",2019,"education_state_rnk",62.7083
"13089021908","tract",2019,"education_state_rnk",34.4271
"13089021909","tract",2019,"education_state_rnk",21.8229
"13089021910","tract",2019,"education_state_rnk",79.2708
"13089021911","tract",2019,"education_state_rnk",22.5
"13089021912","tract",2019,"education_state_rnk",92.1354
"13089021913","tract",2019,"education_state_rnk",65.0521
"13089022001","tract",2019,"education_state_rnk",91.276
"13089022004","tract",2019,"education_state_rnk",16.5104
"13089022005","tract",2019,"education_state_rnk",25.2083
"13089022007","tract",2019,"education_state_rnk",0.7812
"13089022008","tract",2019,"education_state_rnk",0.6771
"13089022009","tract",2019,"education_state_rnk",10.9375
"13089022010","tract",2019,"education_state_rnk",3.2812
"13089022100","tract",2019,"education_state_rnk",68.4115
"13089022203","tract",2019,"education_state_rnk",94.6354
"13089022204","tract",2019,"education_state_rnk",47.8646
"13089022301","tract",2019,"education_state_rnk",95.3906
"13089022302","tract",2019,"education_state_rnk",93.4375
"13089022401","tract",2019,"education_state_rnk",99.1667
"13089022402","tract",2019,"education_state_rnk",NA
"13089022403","tract",2019,"education_state_rnk",98.8021
"13089022500","tract",2019,"education_state_rnk",86.9271
"13089022600","tract",2019,"education_state_rnk",92.2917
"13089022700","tract",2019,"education_state_rnk",88.9583
"13089022800","tract",2019,"education_state_rnk",89.8958
"13089022900","tract",2019,"education_state_rnk",92.9688
"13089023000","tract",2019,"education_state_rnk",94.7396
"13089023101","tract",2019,"education_state_rnk",82.1875
"13089023102","tract",2019,"education_state_rnk",78.0208
"13089023107","tract",2019,"education_state_rnk",63.125
"13089023108","tract",2019,"education_state_rnk",58.9323
"13089023111","tract",2019,"education_state_rnk",80.3646
"13089023112","tract",2019,"education_state_rnk",44.2188
"13089023113","tract",2019,"education_state_rnk",91.1198
"13089023114","tract",2019,"education_state_rnk",33.5156
"13089023115","tract",2019,"education_state_rnk",NA
"13089023204","tract",2019,"education_state_rnk",48.75
"13089023206","tract",2019,"education_state_rnk",34.6354
"13089023208","tract",2019,"education_state_rnk",38.9062
"13089023209","tract",2019,"education_state_rnk",71.9531
"13089023210","tract",2019,"education_state_rnk",54.2969
"13089023211","tract",2019,"education_state_rnk",81.1979
"13089023212","tract",2019,"education_state_rnk",50.2604
"13089023213","tract",2019,"education_state_rnk",65.7031
"13089023214","tract",2019,"education_state_rnk",59.6354
"13089023303","tract",2019,"education_state_rnk",38.3854
"13089023306","tract",2019,"education_state_rnk",75.9635
"13089023309","tract",2019,"education_state_rnk",48.1771
"13089023310","tract",2019,"education_state_rnk",54.7656
"13089023311","tract",2019,"education_state_rnk",57.7083
"13089023312","tract",2019,"education_state_rnk",67.4219
"13089023313","tract",2019,"education_state_rnk",59.0365
"13089023314","tract",2019,"education_state_rnk",68.724
"13089023315","tract",2019,"education_state_rnk",70.3125
"13089023316","tract",2019,"education_state_rnk",70.6771
"13089023410","tract",2019,"education_state_rnk",54.1146
"13089023411","tract",2019,"education_state_rnk",34.2188
"13089023412","tract",2019,"education_state_rnk",83.3333
"13089023413","tract",2019,"education_state_rnk",73.9062
"13089023414","tract",2019,"education_state_rnk",82.9688
"13089023416","tract",2019,"education_state_rnk",74.6354
"13089023418","tract",2019,"education_state_rnk",67.5521
"13089023419","tract",2019,"education_state_rnk",71.1458
"13089023421","tract",2019,"education_state_rnk",30.7812
"13089023422","tract",2019,"education_state_rnk",53.9323
"13089023423","tract",2019,"education_state_rnk",79.8177
"13089023424","tract",2019,"education_state_rnk",63.8021
"13089023425","tract",2019,"education_state_rnk",74.3229
"13089023426","tract",2019,"education_state_rnk",78.3333
"13089023427","tract",2019,"education_state_rnk",51.6927
"13089023428","tract",2019,"education_state_rnk",37.9427
"13089023501","tract",2019,"education_state_rnk",46.1979
"13089023504","tract",2019,"education_state_rnk",29.7396
"13089023505","tract",2019,"education_state_rnk",58.0208
"13089023506","tract",2019,"education_state_rnk",46.0417
"13089023507","tract",2019,"education_state_rnk",17.5521
"13089023601","tract",2019,"education_state_rnk",77.1354
"13089023602","tract",2019,"education_state_rnk",59.9219
"13089023603","tract",2019,"education_state_rnk",35.7031
"13089023700","tract",2019,"education_state_rnk",48.0729
"13089023801","tract",2019,"education_state_rnk",91.6146
"13089023802","tract",2019,"education_state_rnk",76.3021
"13089023803","tract",2019,"education_state_rnk",72.5521
"13089980000","tract",2019,"education_state_rnk",NA
"13091960100","tract",2019,"education_state_rnk",NA
"13091960200","tract",2019,"education_state_rnk",43.6979
"13091960300","tract",2019,"education_state_rnk",36.0156
"13091960400","tract",2019,"education_state_rnk",37.1615
"13091960500","tract",2019,"education_state_rnk",48.4896
"13091960600","tract",2019,"education_state_rnk",51.9792
"13093970100","tract",2019,"education_state_rnk",21.6667
"13093970200","tract",2019,"education_state_rnk",6.0938
"13093970300","tract",2019,"education_state_rnk",14.7396
"13095000100","tract",2019,"education_state_rnk",23.5417
"13095000200","tract",2019,"education_state_rnk",2.3958
"13095000400","tract",2019,"education_state_rnk",31.1719
"13095000501","tract",2019,"education_state_rnk",79.7396
"13095000502","tract",2019,"education_state_rnk",81.6667
"13095000600","tract",2019,"education_state_rnk",26.3281
"13095000700","tract",2019,"education_state_rnk",79.8958
"13095000800","tract",2019,"education_state_rnk",17.1354
"13095000900","tract",2019,"education_state_rnk",19.1146
"13095001000","tract",2019,"education_state_rnk",37.0573
"13095001100","tract",2019,"education_state_rnk",21.5885
"13095001403","tract",2019,"education_state_rnk",11.9271
"13095001500","tract",2019,"education_state_rnk",11.5365
"13095010302","tract",2019,"education_state_rnk",4.3229
"13095010401","tract",2019,"education_state_rnk",86.4062
"13095010402","tract",2019,"education_state_rnk",27.9427
"13095010403","tract",2019,"education_state_rnk",86.7708
"13095010500","tract",2019,"education_state_rnk",37.7083
"13095010601","tract",2019,"education_state_rnk",5.0521
"13095010602","tract",2019,"education_state_rnk",46.9531
"13095010700","tract",2019,"education_state_rnk",13.2292
"13095010900","tract",2019,"education_state_rnk",29.5833
"13095011000","tract",2019,"education_state_rnk",55.9115
"13095011200","tract",2019,"education_state_rnk",5.6771
"13095011300","tract",2019,"education_state_rnk",12.7083
"13095011400","tract",2019,"education_state_rnk",41.9271
"13095011600","tract",2019,"education_state_rnk",36.849
"13097080102","tract",2019,"education_state_rnk",54.5833
"13097080103","tract",2019,"education_state_rnk",42.9167
"13097080201","tract",2019,"education_state_rnk",18.5938
"13097080202","tract",2019,"education_state_rnk",51.849
"13097080301","tract",2019,"education_state_rnk",30.9896
"13097080303","tract",2019,"education_state_rnk",14.6875
"13097080304","tract",2019,"education_state_rnk",60.0781
"13097080402","tract",2019,"education_state_rnk",63.2292
"13097080403","tract",2019,"education_state_rnk",28.1771
"13097080404","tract",2019,"education_state_rnk",62.9688
"13097080505","tract",2019,"education_state_rnk",32.7865
"13097080506","tract",2019,"education_state_rnk",22.0312
"13097080507","tract",2019,"education_state_rnk",64.2708
"13097080508","tract",2019,"education_state_rnk",76.4844
"13097080509","tract",2019,"education_state_rnk",77.2135
"13097080510","tract",2019,"education_state_rnk",46.8229
"13097080511","tract",2019,"education_state_rnk",65.7812
"13097080602","tract",2019,"education_state_rnk",60.8854
"13097080603","tract",2019,"education_state_rnk",74.1406
"13097080604","tract",2019,"education_state_rnk",52.3698
"13099090100","tract",2019,"education_state_rnk",48.6979
"13099090200","tract",2019,"education_state_rnk",4.2188
"13099090300","tract",2019,"education_state_rnk",67.6562
"13099090400","tract",2019,"education_state_rnk",42.5521
"13099090500","tract",2019,"education_state_rnk",18.8021
"13101880100","tract",2019,"education_state_rnk",16.849
"13101880200","tract",2019,"education_state_rnk",4.5312
"13103030100","tract",2019,"education_state_rnk",38.4896
"13103030202","tract",2019,"education_state_rnk",42.3438
"13103030203","tract",2019,"education_state_rnk",40.5729
"13103030204","tract",2019,"education_state_rnk",43.2292
"13103030301","tract",2019,"education_state_rnk",67.2917
"13103030303","tract",2019,"education_state_rnk",58.5677
"13103030304","tract",2019,"education_state_rnk",47.5
"13103030305","tract",2019,"education_state_rnk",52.5
"13103030401","tract",2019,"education_state_rnk",59.7917
"13103030402","tract",2019,"education_state_rnk",60.7812
"13105000100","tract",2019,"education_state_rnk",5.7812
"13105000200","tract",2019,"education_state_rnk",28.125
"13105000300","tract",2019,"education_state_rnk",20.8333
"13105000400","tract",2019,"education_state_rnk",9.6354
"13105000500","tract",2019,"education_state_rnk",59.8438
"13107970100","tract",2019,"education_state_rnk",37.4479
"13107970200","tract",2019,"education_state_rnk",25.7552
"13107970300","tract",2019,"education_state_rnk",13.0729
"13107970400","tract",2019,"education_state_rnk",34.5833
"13107970500","tract",2019,"education_state_rnk",28.9583
"13107970600","tract",2019,"education_state_rnk",15.5208
"13109970100","tract",2019,"education_state_rnk",18.9062
"13109970200","tract",2019,"education_state_rnk",14.1146
"13109970300","tract",2019,"education_state_rnk",5.4688
"13111050100","tract",2019,"education_state_rnk",25.5208
"13111050200","tract",2019,"education_state_rnk",50.4167
"13111050300","tract",2019,"education_state_rnk",61.1979
"13111050400","tract",2019,"education_state_rnk",60.6771
"13111050500","tract",2019,"education_state_rnk",73.4896
"13113140101","tract",2019,"education_state_rnk",63.8542
"13113140102","tract",2019,"education_state_rnk",85.625
"13113140203","tract",2019,"education_state_rnk",90.7812
"13113140204","tract",2019,"education_state_rnk",63.9844
"13113140206","tract",2019,"education_state_rnk",80.9896
"13113140207","tract",2019,"education_state_rnk",93.9062
"13113140208","tract",2019,"education_state_rnk",84.0365
"13113140303","tract",2019,"education_state_rnk",87.7604
"13113140304","tract",2019,"education_state_rnk",65.9635
"13113140305","tract",2019,"education_state_rnk",86.25
"13113140306","tract",2019,"education_state_rnk",89.2188
"13113140307","tract",2019,"education_state_rnk",87.4479
"13113140403","tract",2019,"education_state_rnk",91.4062
"13113140404","tract",2019,"education_state_rnk",59.375
"13113140405","tract",2019,"education_state_rnk",79.0104
"13113140406","tract",2019,"education_state_rnk",66.3542
"13113140407","tract",2019,"education_state_rnk",74.9219
"13113140408","tract",2019,"education_state_rnk",82.3958
"13113140501","tract",2019,"education_state_rnk",82.6042
"13113140502","tract",2019,"education_state_rnk",64.2188
"13115000100","tract",2019,"education_state_rnk",34.2708
"13115000201","tract",2019,"education_state_rnk",68.724
"13115000202","tract",2019,"education_state_rnk",71.1979
"13115000300","tract",2019,"education_state_rnk",NA
"13115000400","tract",2019,"education_state_rnk",50.8594
"13115000500","tract",2019,"education_state_rnk",1.7188
"13115000600","tract",2019,"education_state_rnk",9.375
"13115000700","tract",2019,"education_state_rnk",51.849
"13115000800","tract",2019,"education_state_rnk",77.5521
"13115000900","tract",2019,"education_state_rnk",78.8542
"13115001100","tract",2019,"education_state_rnk",35.4688
"13115001200","tract",2019,"education_state_rnk",17.4219
"13115001300","tract",2019,"education_state_rnk",5.3125
"13115001400","tract",2019,"education_state_rnk",54.2969
"13115001600","tract",2019,"education_state_rnk",5.8333
"13115001701","tract",2019,"education_state_rnk",24.7656
"13115001702","tract",2019,"education_state_rnk",22.9688
"13115001800","tract",2019,"education_state_rnk",31.4323
"13115002000","tract",2019,"education_state_rnk",40.1562
"13115002100","tract",2019,"education_state_rnk",11.1458
"13117130101","tract",2019,"education_state_rnk",73.099
"13117130102","tract",2019,"education_state_rnk",81.3021
"13117130103","tract",2019,"education_state_rnk",21.0417
"13117130104","tract",2019,"education_state_rnk",81.4323
"13117130105","tract",2019,"education_state_rnk",11.9792
"13117130201","tract",2019,"education_state_rnk",56.1979
"13117130202","tract",2019,"education_state_rnk",83.0208
"13117130203","tract",2019,"education_state_rnk",68.3333
"13117130204","tract",2019,"education_state_rnk",54.0104
"13117130205","tract",2019,"education_state_rnk",58.9323
"13117130301","tract",2019,"education_state_rnk",67.0573
"13117130302","tract",2019,"education_state_rnk",90.6771
"13117130303","tract",2019,"education_state_rnk",85.8333
"13117130304","tract",2019,"education_state_rnk",86.9792
"13117130305","tract",2019,"education_state_rnk",86.6146
"13117130306","tract",2019,"education_state_rnk",91.0417
"13117130307","tract",2019,"education_state_rnk",79.4531
"13117130403","tract",2019,"education_state_rnk",64.7917
"13117130404","tract",2019,"education_state_rnk",88.1771
"13117130405","tract",2019,"education_state_rnk",57.7604
"13117130406","tract",2019,"education_state_rnk",54.375
"13117130408","tract",2019,"education_state_rnk",60.1562
"13117130409","tract",2019,"education_state_rnk",59.6875
"13117130410","tract",2019,"education_state_rnk",63.75
"13117130503","tract",2019,"education_state_rnk",83.6458
"13117130504","tract",2019,"education_state_rnk",64.0625
"13117130505","tract",2019,"education_state_rnk",84.5052
"13117130506","tract",2019,"education_state_rnk",71.0417
"13117130507","tract",2019,"education_state_rnk",84.4271
"13117130508","tract",2019,"education_state_rnk",88.5417
"13117130509","tract",2019,"education_state_rnk",83.0729
"13117130510","tract",2019,"education_state_rnk",87.0833
"13117130601","tract",2019,"education_state_rnk",71.0938
"13117130602","tract",2019,"education_state_rnk",56.1979
"13117130603","tract",2019,"education_state_rnk",93.9583
"13117130604","tract",2019,"education_state_rnk",92.8646
"13117130605","tract",2019,"education_state_rnk",90.0781
"13117130606","tract",2019,"education_state_rnk",88.3333
"13117130607","tract",2019,"education_state_rnk",88.2812
"13117130608","tract",2019,"education_state_rnk",83.125
"13117130609","tract",2019,"education_state_rnk",80.3125
"13117130610","tract",2019,"education_state_rnk",88.8021
"13117130611","tract",2019,"education_state_rnk",85.3646
"13117130612","tract",2019,"education_state_rnk",84.375
"13117130613","tract",2019,"education_state_rnk",91.5625
"13119890101","tract",2019,"education_state_rnk",25.6771
"13119890102","tract",2019,"education_state_rnk",45.5729
"13119890200","tract",2019,"education_state_rnk",41.5104
"13119890300","tract",2019,"education_state_rnk",43.2812
"13119890400","tract",2019,"education_state_rnk",10.4688
"13121000100","tract",2019,"education_state_rnk",97.1354
"13121000200","tract",2019,"education_state_rnk",98.6458
"13121000400","tract",2019,"education_state_rnk",92.6562
"13121000500","tract",2019,"education_state_rnk",95.9375
"13121000600","tract",2019,"education_state_rnk",88.6458
"13121000700","tract",2019,"education_state_rnk",NA
"13121001001","tract",2019,"education_state_rnk",NA
"13121001002","tract",2019,"education_state_rnk",NA
"13121001100","tract",2019,"education_state_rnk",99.9479
"13121001201","tract",2019,"education_state_rnk",97.0312
"13121001202","tract",2019,"education_state_rnk",99.0625
"13121001300","tract",2019,"education_state_rnk",93.3854
"13121001400","tract",2019,"education_state_rnk",99.7917
"13121001500","tract",2019,"education_state_rnk",96.7708
"13121001600","tract",2019,"education_state_rnk",99.5833
"13121001700","tract",2019,"education_state_rnk",97.6042
"13121001800","tract",2019,"education_state_rnk",93.8542
"13121001900","tract",2019,"education_state_rnk",NA
"13121002100","tract",2019,"education_state_rnk",93.0208
"13121002300","tract",2019,"education_state_rnk",39.1146
"13121002400","tract",2019,"education_state_rnk",29.7917
"13121002500","tract",2019,"education_state_rnk",41.5625
"13121002600","tract",2019,"education_state_rnk",35.5469
"13121002800","tract",2019,"education_state_rnk",NA
"13121002900","tract",2019,"education_state_rnk",96.7188
"13121003000","tract",2019,"education_state_rnk",99.3229
"13121003100","tract",2019,"education_state_rnk",94.1146
"13121003200","tract",2019,"education_state_rnk",99.2188
"13121003500","tract",2019,"education_state_rnk",NA
"13121003600","tract",2019,"education_state_rnk",92.7344
"13121003700","tract",2019,"education_state_rnk",33.2031
"13121003800","tract",2019,"education_state_rnk",NA
"13121003900","tract",2019,"education_state_rnk",15.2604
"13121004000","tract",2019,"education_state_rnk",37.2396
"13121004100","tract",2019,"education_state_rnk",53.2031
"13121004200","tract",2019,"education_state_rnk",55.2865
"13121004300","tract",2019,"education_state_rnk",NA
"13121004400","tract",2019,"education_state_rnk",5.9375
"13121004800","tract",2019,"education_state_rnk",44.8958
"13121004900","tract",2019,"education_state_rnk",80.1042
"13121005000","tract",2019,"education_state_rnk",98.3854
"13121005200","tract",2019,"education_state_rnk",96.875
"13121005300","tract",2019,"education_state_rnk",97.1875
"13121005501","tract",2019,"education_state_rnk",77.0312
"13121005502","tract",2019,"education_state_rnk",21.1458
"13121005700","tract",2019,"education_state_rnk",42.2917
"13121005800","tract",2019,"education_state_rnk",45.8854
"13121006000","tract",2019,"education_state_rnk",45.7292
"13121006100","tract",2019,"education_state_rnk",33.3073
"13121006200","tract",2019,"education_state_rnk",39.375
"13121006300","tract",2019,"education_state_rnk",44.0104
"13121006400","tract",2019,"education_state_rnk",31.5885
"13121006500","tract",2019,"education_state_rnk",60.2604
"13121006601","tract",2019,"education_state_rnk",53.3333
"13121006602","tract",2019,"education_state_rnk",25.4688
"13121006700","tract",2019,"education_state_rnk",36.5104
"13121006801","tract",2019,"education_state_rnk",NA
"13121006802","tract",2019,"education_state_rnk",2.2396
"13121006900","tract",2019,"education_state_rnk",87.7083
"13121007001","tract",2019,"education_state_rnk",13.125
"13121007002","tract",2019,"education_state_rnk",43.151
"13121007100","tract",2019,"education_state_rnk",46.4583
"13121007200","tract",2019,"education_state_rnk",42.0833
"13121007300","tract",2019,"education_state_rnk",40.7031
"13121007400","tract",2019,"education_state_rnk",22.9688
"13121007500","tract",2019,"education_state_rnk",51.7708
"13121007602","tract",2019,"education_state_rnk",49.6875
"13121007603","tract",2019,"education_state_rnk",44.7917
"13121007604","tract",2019,"education_state_rnk",26.6146
"13121007703","tract",2019,"education_state_rnk",52.1875
"13121007704","tract",2019,"education_state_rnk",44.0885
"13121007705","tract",2019,"education_state_rnk",64.6354
"13121007706","tract",2019,"education_state_rnk",73.5417
"13121007802","tract",2019,"education_state_rnk",55.6771
"13121007805","tract",2019,"education_state_rnk",48.2812
"13121007806","tract",2019,"education_state_rnk",44.375
"13121007807","tract",2019,"education_state_rnk",6.1458
"13121007808","tract",2019,"education_state_rnk",4.4271
"13121007900","tract",2019,"education_state_rnk",83.2292
"13121008000","tract",2019,"education_state_rnk",47.6562
"13121008101","tract",2019,"education_state_rnk",38.5938
"13121008102","tract",2019,"education_state_rnk",33.5938
"13121008201","tract",2019,"education_state_rnk",57.5521
"13121008202","tract",2019,"education_state_rnk",14.8438
"13121008301","tract",2019,"education_state_rnk",10.7292
"13121008302","tract",2019,"education_state_rnk",55.8073
"13121008400","tract",2019,"education_state_rnk",51.25
"13121008500","tract",2019,"education_state_rnk",40.9375
"13121008601","tract",2019,"education_state_rnk",8.3333
"13121008602","tract",2019,"education_state_rnk",30.1042
"13121008700","tract",2019,"education_state_rnk",53.9323
"13121008800","tract",2019,"education_state_rnk",93.5938
"13121008902","tract",2019,"education_state_rnk",98.0208
"13121008903","tract",2019,"education_state_rnk",69.0104
"13121008904","tract",2019,"education_state_rnk",97.9688
"13121009000","tract",2019,"education_state_rnk",97.7344
"13121009101","tract",2019,"education_state_rnk",99.6354
"13121009102","tract",2019,"education_state_rnk",95.6771
"13121009200","tract",2019,"education_state_rnk",78.8021
"13121009300","tract",2019,"education_state_rnk",96.3542
"13121009402","tract",2019,"education_state_rnk",97.5
"13121009403","tract",2019,"education_state_rnk",93.6458
"13121009404","tract",2019,"education_state_rnk",96.1458
"13121009501","tract",2019,"education_state_rnk",98.125
"13121009502","tract",2019,"education_state_rnk",98.6979
"13121009601","tract",2019,"education_state_rnk",98.9583
"13121009602","tract",2019,"education_state_rnk",99.6875
"13121009603","tract",2019,"education_state_rnk",99.375
"13121009700","tract",2019,"education_state_rnk",99.8958
"13121009801","tract",2019,"education_state_rnk",99.1146
"13121009802","tract",2019,"education_state_rnk",98.4896
"13121009900","tract",2019,"education_state_rnk",98.75
"13121010001","tract",2019,"education_state_rnk",94.6875
"13121010002","tract",2019,"education_state_rnk",100
"13121010106","tract",2019,"education_state_rnk",89.8438
"13121010107","tract",2019,"education_state_rnk",95.8854
"13121010108","tract",2019,"education_state_rnk",96.0156
"13121010110","tract",2019,"education_state_rnk",93.2292
"13121010113","tract",2019,"education_state_rnk",76.6667
"13121010114","tract",2019,"education_state_rnk",90.4167
"13121010115","tract",2019,"education_state_rnk",97.0833
"13121010117","tract",2019,"education_state_rnk",90.2083
"13121010118","tract",2019,"education_state_rnk",65.3385
"13121010119","tract",2019,"education_state_rnk",72.0312
"13121010120","tract",2019,"education_state_rnk",95.7292
"13121010121","tract",2019,"education_state_rnk",99.7396
"13121010122","tract",2019,"education_state_rnk",99.4271
"13121010123","tract",2019,"education_state_rnk",88.6979
"13121010204","tract",2019,"education_state_rnk",95.5729
"13121010205","tract",2019,"education_state_rnk",97.5521
"13121010206","tract",2019,"education_state_rnk",96.5104
"13121010208","tract",2019,"education_state_rnk",94.375
"13121010209","tract",2019,"education_state_rnk",93.724
"13121010210","tract",2019,"education_state_rnk",91.4844
"13121010211","tract",2019,"education_state_rnk",96.5625
"13121010212","tract",2019,"education_state_rnk",27.9427
"13121010301","tract",2019,"education_state_rnk",78.5677
"13121010303","tract",2019,"education_state_rnk",78.6458
"13121010304","tract",2019,"education_state_rnk",75.5208
"13121010400","tract",2019,"education_state_rnk",27.6042
"13121010507","tract",2019,"education_state_rnk",29.5052
"13121010508","tract",2019,"education_state_rnk",62.2396
"13121010510","tract",2019,"education_state_rnk",76.4844
"13121010511","tract",2019,"education_state_rnk",78.75
"13121010512","tract",2019,"education_state_rnk",61.5104
"13121010513","tract",2019,"education_state_rnk",32.7083
"13121010514","tract",2019,"education_state_rnk",58.3333
"13121010515","tract",2019,"education_state_rnk",70.2083
"13121010516","tract",2019,"education_state_rnk",70.7292
"13121010601","tract",2019,"education_state_rnk",52.5521
"13121010603","tract",2019,"education_state_rnk",42.474
"13121010604","tract",2019,"education_state_rnk",75.7292
"13121010800","tract",2019,"education_state_rnk",33.6979
"13121011000","tract",2019,"education_state_rnk",5.1042
"13121011100","tract",2019,"education_state_rnk",74.5312
"13121011201","tract",2019,"education_state_rnk",73.8021
"13121011202","tract",2019,"education_state_rnk",79.1667
"13121011301","tract",2019,"education_state_rnk",60.3125
"13121011303","tract",2019,"education_state_rnk",80.5469
"13121011305","tract",2019,"education_state_rnk",62.1875
"13121011306","tract",2019,"education_state_rnk",69.2188
"13121011405","tract",2019,"education_state_rnk",84.3229
"13121011410","tract",2019,"education_state_rnk",81.0938
"13121011411","tract",2019,"education_state_rnk",92.2396
"13121011412","tract",2019,"education_state_rnk",81.1458
"13121011414","tract",2019,"education_state_rnk",87.3958
"13121011416","tract",2019,"education_state_rnk",90.3646
"13121011417","tract",2019,"education_state_rnk",88.9062
"13121011418","tract",2019,"education_state_rnk",94.8958
"13121011419","tract",2019,"education_state_rnk",93.8021
"13121011420","tract",2019,"education_state_rnk",1.3021
"13121011421","tract",2019,"education_state_rnk",27.2917
"13121011422","tract",2019,"education_state_rnk",94.8438
"13121011423","tract",2019,"education_state_rnk",96.0938
"13121011424","tract",2019,"education_state_rnk",89.9479
"13121011425","tract",2019,"education_state_rnk",90.8333
"13121011426","tract",2019,"education_state_rnk",80.625
"13121011427","tract",2019,"education_state_rnk",94.0625
"13121011503","tract",2019,"education_state_rnk",87.0312
"13121011504","tract",2019,"education_state_rnk",91.8229
"13121011505","tract",2019,"education_state_rnk",84.2188
"13121011506","tract",2019,"education_state_rnk",93.3333
"13121011610","tract",2019,"education_state_rnk",90.5729
"13121011611","tract",2019,"education_state_rnk",87.2396
"13121011612","tract",2019,"education_state_rnk",97.3958
"13121011613","tract",2019,"education_state_rnk",85.4167
"13121011614","tract",2019,"education_state_rnk",89.1667
"13121011615","tract",2019,"education_state_rnk",93.724
"13121011616","tract",2019,"education_state_rnk",95.4688
"13121011617","tract",2019,"education_state_rnk",90.625
"13121011618","tract",2019,"education_state_rnk",91.276
"13121011619","tract",2019,"education_state_rnk",92.0312
"13121011620","tract",2019,"education_state_rnk",90.7292
"13121011621","tract",2019,"education_state_rnk",84.7917
"13121011622","tract",2019,"education_state_rnk",88.4896
"13121011623","tract",2019,"education_state_rnk",80.7292
"13121011624","tract",2019,"education_state_rnk",90.9896
"13121011625","tract",2019,"education_state_rnk",84.7396
"13121011626","tract",2019,"education_state_rnk",83.4115
"13121011800","tract",2019,"education_state_rnk",80
"13121011900","tract",2019,"education_state_rnk",90.0781
"13121012000","tract",2019,"education_state_rnk",25.9635
"13121012300","tract",2019,"education_state_rnk",58.2292
"13121980000","tract",2019,"education_state_rnk",NA
"13123080100","tract",2019,"education_state_rnk",83.8542
"13123080200","tract",2019,"education_state_rnk",69.4792
"13123080300","tract",2019,"education_state_rnk",9.6875
"13123080400","tract",2019,"education_state_rnk",32.7865
"13123080500","tract",2019,"education_state_rnk",34.1146
"13125010100","tract",2019,"education_state_rnk",19.7656
"13127000101","tract",2019,"education_state_rnk",92.5
"13127000102","tract",2019,"education_state_rnk",95.2604
"13127000200","tract",2019,"education_state_rnk",80.9896
"13127000300","tract",2019,"education_state_rnk",90
"13127000401","tract",2019,"education_state_rnk",32.9427
"13127000403","tract",2019,"education_state_rnk",77.7083
"13127000404","tract",2019,"education_state_rnk",59.2708
"13127000501","tract",2019,"education_state_rnk",42.7604
"13127000503","tract",2019,"education_state_rnk",50.5729
"13127000504","tract",2019,"education_state_rnk",14.2188
"13127000600","tract",2019,"education_state_rnk",24.3229
"13127000700","tract",2019,"education_state_rnk",13.3854
"13127000800","tract",2019,"education_state_rnk",20.1562
"13127000900","tract",2019,"education_state_rnk",36.849
"13127001000","tract",2019,"education_state_rnk",65.1302
"13127990000","tract",2019,"education_state_rnk",NA
"13129970100","tract",2019,"education_state_rnk",35.5469
"13129970200","tract",2019,"education_state_rnk",15.5729
"13129970300","tract",2019,"education_state_rnk",6.0417
"13129970400","tract",2019,"education_state_rnk",9.7396
"13129970500","tract",2019,"education_state_rnk",11.25
"13129970600","tract",2019,"education_state_rnk",5.7292
"13129970700","tract",2019,"education_state_rnk",41.7448
"13129970800","tract",2019,"education_state_rnk",34.8177
"13129970900","tract",2019,"education_state_rnk",31.5104
"13131950100","tract",2019,"education_state_rnk",24.7656
"13131950200","tract",2019,"education_state_rnk",15.9896
"13131950300","tract",2019,"education_state_rnk",32.3958
"13131950400","tract",2019,"education_state_rnk",6.1979
"13131950500","tract",2019,"education_state_rnk",23.776
"13131950600","tract",2019,"education_state_rnk",56.8229
"13133950100","tract",2019,"education_state_rnk",29.6875
"13133950200","tract",2019,"education_state_rnk",9.0625
"13133950301","tract",2019,"education_state_rnk",95.7812
"13133950302","tract",2019,"education_state_rnk",94.0104
"13133950303","tract",2019,"education_state_rnk",28.0729
"13133950400","tract",2019,"education_state_rnk",12.3177
"13133950500","tract",2019,"education_state_rnk",43.9583
"13135050103","tract",2019,"education_state_rnk",60.6771
"13135050105","tract",2019,"education_state_rnk",4.0104
"13135050106","tract",2019,"education_state_rnk",17.9167
"13135050107","tract",2019,"education_state_rnk",67.8125
"13135050108","tract",2019,"education_state_rnk",80.5469
"13135050109","tract",2019,"education_state_rnk",49.0625
"13135050205","tract",2019,"education_state_rnk",53.3854
"13135050208","tract",2019,"education_state_rnk",66.6146
"13135050209","tract",2019,"education_state_rnk",55.5729
"13135050210","tract",2019,"education_state_rnk",89.4792
"13135050211","tract",2019,"education_state_rnk",23.9583
"13135050212","tract",2019,"education_state_rnk",83.4115
"13135050213","tract",2019,"education_state_rnk",73.9583
"13135050214","tract",2019,"education_state_rnk",92.3438
"13135050215","tract",2019,"education_state_rnk",77.0833
"13135050216","tract",2019,"education_state_rnk",76.3802
"13135050217","tract",2019,"education_state_rnk",86.7188
"13135050218","tract",2019,"education_state_rnk",35.7031
"13135050219","tract",2019,"education_state_rnk",80.8854
"13135050220","tract",2019,"education_state_rnk",83.6979
"13135050304","tract",2019,"education_state_rnk",27.5
"13135050306","tract",2019,"education_state_rnk",6.9271
"13135050308","tract",2019,"education_state_rnk",89.6094
"13135050309","tract",2019,"education_state_rnk",86.3021
"13135050310","tract",2019,"education_state_rnk",90.1562
"13135050311","tract",2019,"education_state_rnk",89.3229
"13135050313","tract",2019,"education_state_rnk",15.0521
"13135050314","tract",2019,"education_state_rnk",22.9688
"13135050315","tract",2019,"education_state_rnk",57.9167
"13135050317","tract",2019,"education_state_rnk",57.6302
"13135050318","tract",2019,"education_state_rnk",40.026
"13135050319","tract",2019,"education_state_rnk",0.9896
"13135050320","tract",2019,"education_state_rnk",2.0312
"13135050321","tract",2019,"education_state_rnk",92.1875
"13135050322","tract",2019,"education_state_rnk",94.9479
"13135050410","tract",2019,"education_state_rnk",2.6562
"13135050415","tract",2019,"education_state_rnk",81.4323
"13135050416","tract",2019,"education_state_rnk",63.1771
"13135050417","tract",2019,"education_state_rnk",0.8854
"13135050418","tract",2019,"education_state_rnk",9.2188
"13135050419","tract",2019,"education_state_rnk",3.2292
"13135050421","tract",2019,"education_state_rnk",4.0625
"13135050422","tract",2019,"education_state_rnk",0.4688
"13135050423","tract",2019,"education_state_rnk",8.8021
"13135050424","tract",2019,"education_state_rnk",9.1667
"13135050425","tract",2019,"education_state_rnk",62.0312
"13135050426","tract",2019,"education_state_rnk",68.6458
"13135050427","tract",2019,"education_state_rnk",56.5625
"13135050428","tract",2019,"education_state_rnk",76.5625
"13135050429","tract",2019,"education_state_rnk",79.5833
"13135050430","tract",2019,"education_state_rnk",69.6354
"13135050431","tract",2019,"education_state_rnk",49.7917
"13135050432","tract",2019,"education_state_rnk",10.4167
"13135050433","tract",2019,"education_state_rnk",24.0885
"13135050434","tract",2019,"education_state_rnk",0.8333
"13135050435","tract",2019,"education_state_rnk",2.7604
"13135050436","tract",2019,"education_state_rnk",8.9583
"13135050511","tract",2019,"education_state_rnk",37.526
"13135050520","tract",2019,"education_state_rnk",38.8281
"13135050521","tract",2019,"education_state_rnk",24.8958
"13135050522","tract",2019,"education_state_rnk",22.5
"13135050523","tract",2019,"education_state_rnk",61.7188
"13135050524","tract",2019,"education_state_rnk",7.2396
"13135050525","tract",2019,"education_state_rnk",74.7656
"13135050526","tract",2019,"education_state_rnk",6.7708
"13135050527","tract",2019,"education_state_rnk",63.4896
"13135050528","tract",2019,"education_state_rnk",81.7188
"13135050529","tract",2019,"education_state_rnk",60.2083
"13135050530","tract",2019,"education_state_rnk",73.3333
"13135050531","tract",2019,"education_state_rnk",12.9167
"13135050532","tract",2019,"education_state_rnk",43.9062
"13135050533","tract",2019,"education_state_rnk",3.0208
"13135050534","tract",2019,"education_state_rnk",35.8854
"13135050535","tract",2019,"education_state_rnk",33.0469
"13135050536","tract",2019,"education_state_rnk",20.4688
"13135050537","tract",2019,"education_state_rnk",22.3177
"13135050538","tract",2019,"education_state_rnk",44.3229
"13135050539","tract",2019,"education_state_rnk",16.9792
"13135050540","tract",2019,"education_state_rnk",50.5729
"13135050541","tract",2019,"education_state_rnk",24.2708
"13135050542","tract",2019,"education_state_rnk",55.1562
"13135050543","tract",2019,"education_state_rnk",55.1042
"13135050544","tract",2019,"education_state_rnk",50.9375
"13135050545","tract",2019,"education_state_rnk",35.9375
"13135050546","tract",2019,"education_state_rnk",49.1146
"13135050547","tract",2019,"education_state_rnk",71.25
"13135050548","tract",2019,"education_state_rnk",63.4375
"13135050549","tract",2019,"education_state_rnk",47.0312
"13135050605","tract",2019,"education_state_rnk",68.151
"13135050606","tract",2019,"education_state_rnk",70.5729
"13135050607","tract",2019,"education_state_rnk",67.5
"13135050608","tract",2019,"education_state_rnk",52.7344
"13135050609","tract",2019,"education_state_rnk",68.0729
"13135050610","tract",2019,"education_state_rnk",80.2604
"13135050709","tract",2019,"education_state_rnk",39.5312
"13135050712","tract",2019,"education_state_rnk",81.25
"13135050713","tract",2019,"education_state_rnk",84.2708
"13135050714","tract",2019,"education_state_rnk",71.7969
"13135050715","tract",2019,"education_state_rnk",53.0729
"13135050718","tract",2019,"education_state_rnk",76.3802
"13135050719","tract",2019,"education_state_rnk",40.026
"13135050720","tract",2019,"education_state_rnk",70.4167
"13135050721","tract",2019,"education_state_rnk",66.276
"13135050722","tract",2019,"education_state_rnk",24.375
"13135050723","tract",2019,"education_state_rnk",60.5208
"13135050724","tract",2019,"education_state_rnk",75.625
"13135050725","tract",2019,"education_state_rnk",57.8646
"13135050726","tract",2019,"education_state_rnk",70.2083
"13135050727","tract",2019,"education_state_rnk",71.5625
"13135050728","tract",2019,"education_state_rnk",68.5938
"13135050729","tract",2019,"education_state_rnk",69.9479
"13135050730","tract",2019,"education_state_rnk",42.1615
"13135050731","tract",2019,"education_state_rnk",76.0417
"13137000100","tract",2019,"education_state_rnk",71.3281
"13137000201","tract",2019,"education_state_rnk",47.2396
"13137000202","tract",2019,"education_state_rnk",74.0625
"13137000300","tract",2019,"education_state_rnk",28.6198
"13137000400","tract",2019,"education_state_rnk",39.375
"13137000500","tract",2019,"education_state_rnk",26.9271
"13137000601","tract",2019,"education_state_rnk",8.5417
"13137000602","tract",2019,"education_state_rnk",3.6458
"13139000101","tract",2019,"education_state_rnk",24.6354
"13139000102","tract",2019,"education_state_rnk",28.2292
"13139000201","tract",2019,"education_state_rnk",28.9062
"13139000203","tract",2019,"education_state_rnk",51.1458
"13139000204","tract",2019,"education_state_rnk",48.9844
"13139000302","tract",2019,"education_state_rnk",39.375
"13139000303","tract",2019,"education_state_rnk",66.276
"13139000304","tract",2019,"education_state_rnk",49.6094
"13139000305","tract",2019,"education_state_rnk",19.8958
"13139000400","tract",2019,"education_state_rnk",71.7188
"13139000500","tract",2019,"education_state_rnk",57.0833
"13139000600","tract",2019,"education_state_rnk",21.4844
"13139000701","tract",2019,"education_state_rnk",1.0938
"13139000702","tract",2019,"education_state_rnk",0.4167
"13139000800","tract",2019,"education_state_rnk",1.1458
"13139000900","tract",2019,"education_state_rnk",49.2188
"13139001002","tract",2019,"education_state_rnk",15.1562
"13139001003","tract",2019,"education_state_rnk",0.5729
"13139001004","tract",2019,"education_state_rnk",48.9844
"13139001101","tract",2019,"education_state_rnk",0.0521
"13139001102","tract",2019,"education_state_rnk",0.1042
"13139001201","tract",2019,"education_state_rnk",0.3646
"13139001202","tract",2019,"education_state_rnk",0.3125
"13139001301","tract",2019,"education_state_rnk",16.9271
"13139001302","tract",2019,"education_state_rnk",35
"13139001402","tract",2019,"education_state_rnk",30.7292
"13139001403","tract",2019,"education_state_rnk",15.8333
"13139001404","tract",2019,"education_state_rnk",18.9844
"13139001501","tract",2019,"education_state_rnk",72.7865
"13139001502","tract",2019,"education_state_rnk",82.1094
"13139001603","tract",2019,"education_state_rnk",50.8594
"13139001604","tract",2019,"education_state_rnk",75.2865
"13139001605","tract",2019,"education_state_rnk",33.6458
"13139001606","tract",2019,"education_state_rnk",72.3438
"13139001607","tract",2019,"education_state_rnk",56.0938
"13139001608","tract",2019,"education_state_rnk",85.7812
"13141480300","tract",2019,"education_state_rnk",74.375
"13141480400","tract",2019,"education_state_rnk",NA
"13143010100","tract",2019,"education_state_rnk",9.8958
"13143010200","tract",2019,"education_state_rnk",42.6042
"13143010301","tract",2019,"education_state_rnk",20.599
"13143010302","tract",2019,"education_state_rnk",38.2031
"13143010400","tract",2019,"education_state_rnk",21.9792
"13145120198","tract",2019,"education_state_rnk",64.8958
"13145120200","tract",2019,"education_state_rnk",55.8073
"13145120300","tract",2019,"education_state_rnk",73.0208
"13145120401","tract",2019,"education_state_rnk",76.0938
"13145120402","tract",2019,"education_state_rnk",81.875
"13147960100","tract",2019,"education_state_rnk",62.3438
"13147960200","tract",2019,"education_state_rnk",48.3854
"13147960300","tract",2019,"education_state_rnk",17.1875
"13147960400","tract",2019,"education_state_rnk",16.1979
"13147960500","tract",2019,"education_state_rnk",20.0521
"13149970100","tract",2019,"education_state_rnk",8.6458
"13149970200","tract",2019,"education_state_rnk",50.5729
"13149970300","tract",2019,"education_state_rnk",23.2292
"13151070104","tract",2019,"education_state_rnk",71.875
"13151070106","tract",2019,"education_state_rnk",62.6562
"13151070107","tract",2019,"education_state_rnk",80.6771
"13151070108","tract",2019,"education_state_rnk",45.4167
"13151070109","tract",2019,"education_state_rnk",70.625
"13151070110","tract",2019,"education_state_rnk",71.6406
"13151070111","tract",2019,"education_state_rnk",49.349
"13151070113","tract",2019,"education_state_rnk",9.5833
"13151070114","tract",2019,"education_state_rnk",53.4635
"13151070202","tract",2019,"education_state_rnk",66.9792
"13151070203","tract",2019,"education_state_rnk",69.5833
"13151070204","tract",2019,"education_state_rnk",62.9167
"13151070205","tract",2019,"education_state_rnk",51.5625
"13151070304","tract",2019,"education_state_rnk",44.9479
"13151070305","tract",2019,"education_state_rnk",71.7969
"13151070306","tract",2019,"education_state_rnk",44.5833
"13151070307","tract",2019,"education_state_rnk",70
"13151070309","tract",2019,"education_state_rnk",73.4375
"13151070310","tract",2019,"education_state_rnk",60.9896
"13151070311","tract",2019,"education_state_rnk",57.8125
"13151070402","tract",2019,"education_state_rnk",45.4167
"13151070403","tract",2019,"education_state_rnk",36.4062
"13151070404","tract",2019,"education_state_rnk",66.9271
"13151070501","tract",2019,"education_state_rnk",39.6875
"13151070502","tract",2019,"education_state_rnk",74.2708
"13153020105","tract",2019,"education_state_rnk",53.8542
"13153020106","tract",2019,"education_state_rnk",64.8958
"13153020108","tract",2019,"education_state_rnk",45.1042
"13153020109","tract",2019,"education_state_rnk",69.7396
"13153020200","tract",2019,"education_state_rnk",63.5417
"13153020300","tract",2019,"education_state_rnk",8.9062
"13153020400","tract",2019,"education_state_rnk",11.0417
"13153020600","tract",2019,"education_state_rnk",74.4792
"13153020700","tract",2019,"education_state_rnk",37.526
"13153020800","tract",2019,"education_state_rnk",23.2812
"13153020900","tract",2019,"education_state_rnk",56.6146
"13153021000","tract",2019,"education_state_rnk",37.2917
"13153021103","tract",2019,"education_state_rnk",69.349
"13153021104","tract",2019,"education_state_rnk",43.0208
"13153021105","tract",2019,"education_state_rnk",67.6042
"13153021107","tract",2019,"education_state_rnk",78.4115
"13153021108","tract",2019,"education_state_rnk",66.1198
"13153021113","tract",2019,"education_state_rnk",72.2917
"13153021201","tract",2019,"education_state_rnk",78.099
"13153021202","tract",2019,"education_state_rnk",65.625
"13153021300","tract",2019,"education_state_rnk",49.6094
"13153021400","tract",2019,"education_state_rnk",55.0521
"13153021500","tract",2019,"education_state_rnk",54.7656
"13155950100","tract",2019,"education_state_rnk",31.276
"13155950200","tract",2019,"education_state_rnk",20.3906
"13157010101","tract",2019,"education_state_rnk",20.7812
"13157010102","tract",2019,"education_state_rnk",72.5
"13157010103","tract",2019,"education_state_rnk",53.2031
"13157010200","tract",2019,"education_state_rnk",25.3646
"13157010300","tract",2019,"education_state_rnk",29.5052
"13157010400","tract",2019,"education_state_rnk",34.8958
"13157010500","tract",2019,"education_state_rnk",33.125
"13157010600","tract",2019,"education_state_rnk",48.0208
"13157010701","tract",2019,"education_state_rnk",30.599
"13157010702","tract",2019,"education_state_rnk",29.9479
"13157010703","tract",2019,"education_state_rnk",49.4271
"13159010100","tract",2019,"education_state_rnk",12.3958
"13159010200","tract",2019,"education_state_rnk",19.5833
"13159010500","tract",2019,"education_state_rnk",29.8958
"13161960100","tract",2019,"education_state_rnk",5.4167
"13161960200","tract",2019,"education_state_rnk",19.7656
"13161960300","tract",2019,"education_state_rnk",15.8854
"13163960100","tract",2019,"education_state_rnk",23.9062
"13163960200","tract",2019,"education_state_rnk",9.9479
"13163960300","tract",2019,"education_state_rnk",16.1458
"13163960400","tract",2019,"education_state_rnk",9.8177
"13165960100","tract",2019,"education_state_rnk",17.0312
"13165960200","tract",2019,"education_state_rnk",8.0208
"13167960100","tract",2019,"education_state_rnk",18.2292
"13167960200","tract",2019,"education_state_rnk",6.849
"13167960300","tract",2019,"education_state_rnk",58.5677
"13169030101","tract",2019,"education_state_rnk",77.4219
"13169030103","tract",2019,"education_state_rnk",53.6979
"13169030104","tract",2019,"education_state_rnk",31.7708
"13169030200","tract",2019,"education_state_rnk",45
"13169030301","tract",2019,"education_state_rnk",72.7865
"13169030302","tract",2019,"education_state_rnk",51.6927
"13171970100","tract",2019,"education_state_rnk",58.1771
"13171970200","tract",2019,"education_state_rnk",54.4531
"13171970300","tract",2019,"education_state_rnk",34.0365
"13173950100","tract",2019,"education_state_rnk",20.599
"13173950200","tract",2019,"education_state_rnk",31.0938
"13175950100","tract",2019,"education_state_rnk",40.1042
"13175950201","tract",2019,"education_state_rnk",60.5729
"13175950202","tract",2019,"education_state_rnk",72.6562
"13175950300","tract",2019,"education_state_rnk",25.3125
"13175950400","tract",2019,"education_state_rnk",65.7031
"13175950500","tract",2019,"education_state_rnk",65.1302
"13175950600","tract",2019,"education_state_rnk",38.6458
"13175950700","tract",2019,"education_state_rnk",39.7917
"13175950800","tract",2019,"education_state_rnk",29.2708
"13175950900","tract",2019,"education_state_rnk",2.5521
"13175951000","tract",2019,"education_state_rnk",17.9688
"13175951100","tract",2019,"education_state_rnk",19.0625
"13175951400","tract",2019,"education_state_rnk",32.0052
"13177020100","tract",2019,"education_state_rnk",38.3073
"13177020200","tract",2019,"education_state_rnk",24.9479
"13177020300","tract",2019,"education_state_rnk",32.3958
"13177020402","tract",2019,"education_state_rnk",67.9948
"13177020403","tract",2019,"education_state_rnk",79.6615
"13179010101","tract",2019,"education_state_rnk",36.1979
"13179010102","tract",2019,"education_state_rnk",NA
"13179010103","tract",2019,"education_state_rnk",69.2708
"13179010202","tract",2019,"education_state_rnk",64.1406
"13179010204","tract",2019,"education_state_rnk",49.7396
"13179010205","tract",2019,"education_state_rnk",56.4844
"13179010206","tract",2019,"education_state_rnk",68.8021
"13179010207","tract",2019,"education_state_rnk",26.5625
"13179010208","tract",2019,"education_state_rnk",50.7031
"13179010300","tract",2019,"education_state_rnk",41.1198
"13179010400","tract",2019,"education_state_rnk",40.7812
"13179010501","tract",2019,"education_state_rnk",39.1667
"13179010502","tract",2019,"education_state_rnk",45.3125
"13179010600","tract",2019,"education_state_rnk",21.7188
"13179990000","tract",2019,"education_state_rnk",NA
"13181970100","tract",2019,"education_state_rnk",27.3958
"13181970200","tract",2019,"education_state_rnk",32.6562
"13183970100","tract",2019,"education_state_rnk",34.7135
"13183970200","tract",2019,"education_state_rnk",39.6354
"13183980000","tract",2019,"education_state_rnk",NA
"13185010101","tract",2019,"education_state_rnk",31.8229
"13185010102","tract",2019,"education_state_rnk",58.4375
"13185010103","tract",2019,"education_state_rnk",64.4531
"13185010201","tract",2019,"education_state_rnk",47.3958
"13185010202","tract",2019,"education_state_rnk",72.2396
"13185010301","tract",2019,"education_state_rnk",82.3438
"13185010302","tract",2019,"education_state_rnk",92.0833
"13185010401","tract",2019,"education_state_rnk",80.7812
"13185010402","tract",2019,"education_state_rnk",27.1615
"13185010500","tract",2019,"education_state_rnk",23.151
"13185010601","tract",2019,"education_state_rnk",74.0104
"13185010604","tract",2019,"education_state_rnk",46.875
"13185010700","tract",2019,"education_state_rnk",35.7812
"13185010800","tract",2019,"education_state_rnk",2.7083
"13185010900","tract",2019,"education_state_rnk",15.625
"13185011000","tract",2019,"education_state_rnk",6.5104
"13185011100","tract",2019,"education_state_rnk",52.9688
"13185011200","tract",2019,"education_state_rnk",78.1771
"13185011301","tract",2019,"education_state_rnk",38.9844
"13185011302","tract",2019,"education_state_rnk",48.1771
"13185011401","tract",2019,"education_state_rnk",64.6875
"13185011402","tract",2019,"education_state_rnk",NA
"13185011403","tract",2019,"education_state_rnk",40.7031
"13185011500","tract",2019,"education_state_rnk",33.5156
"13185011600","tract",2019,"education_state_rnk",60.6771
"13187960101","tract",2019,"education_state_rnk",35.2604
"13187960102","tract",2019,"education_state_rnk",76.1979
"13187960201","tract",2019,"education_state_rnk",35.0521
"13187960202","tract",2019,"education_state_rnk",53.75
"13189950100","tract",2019,"education_state_rnk",78.2812
"13189950200","tract",2019,"education_state_rnk",36.9531
"13189950300","tract",2019,"education_state_rnk",36.3542
"13189950400","tract",2019,"education_state_rnk",34.4271
"13189950500","tract",2019,"education_state_rnk",17.8125
"13191110100","tract",2019,"education_state_rnk",63.3333
"13191110200","tract",2019,"education_state_rnk",66.4062
"13191110300","tract",2019,"education_state_rnk",30.4948
"13191980000","tract",2019,"education_state_rnk",NA
"13191990000","tract",2019,"education_state_rnk",NA
"13193000100","tract",2019,"education_state_rnk",45.2604
"13193000200","tract",2019,"education_state_rnk",19.9479
"13193000300","tract",2019,"education_state_rnk",NA
"13193000400","tract",2019,"education_state_rnk",9.3229
"13195020100","tract",2019,"education_state_rnk",22.6302
"13195020200","tract",2019,"education_state_rnk",46.5104
"13195020300","tract",2019,"education_state_rnk",31.901
"13195020400","tract",2019,"education_state_rnk",54.0625
"13195020500","tract",2019,"education_state_rnk",40.4948
"13195020600","tract",2019,"education_state_rnk",42.6823
"13197920100","tract",2019,"education_state_rnk",26.0417
"13197920200","tract",2019,"education_state_rnk",14.375
"13199970500","tract",2019,"education_state_rnk",9.2708
"13199970600","tract",2019,"education_state_rnk",44.7135
"13199970700","tract",2019,"education_state_rnk",14.6354
"13199970800","tract",2019,"education_state_rnk",13.9583
"13201950100","tract",2019,"education_state_rnk",30.4167
"13201950200","tract",2019,"education_state_rnk",37.8385
"13201950300","tract",2019,"education_state_rnk",52.6302
"13205090100","tract",2019,"education_state_rnk",19.5312
"13205090200","tract",2019,"education_state_rnk",18.3854
"13205090300","tract",2019,"education_state_rnk",4.8958
"13205090400","tract",2019,"education_state_rnk",25.9635
"13205090500","tract",2019,"education_state_rnk",17.7083
"13207050101","tract",2019,"education_state_rnk",72.6042
"13207050102","tract",2019,"education_state_rnk",56.1979
"13207050200","tract",2019,"education_state_rnk",40.2083
"13207050301","tract",2019,"education_state_rnk",74.2188
"13207050302","tract",2019,"education_state_rnk",69.8438
"13209950100","tract",2019,"education_state_rnk",54.1667
"13209950200","tract",2019,"education_state_rnk",21.875
"13209950300","tract",2019,"education_state_rnk",30.599
"13211010100","tract",2019,"education_state_rnk",57.9688
"13211010200","tract",2019,"education_state_rnk",41.3281
"13211010300","tract",2019,"education_state_rnk",71.4323
"13211010400","tract",2019,"education_state_rnk",71.5104
"13211010500","tract",2019,"education_state_rnk",45.2083
"13213010100","tract",2019,"education_state_rnk",13.5417
"13213010201","tract",2019,"education_state_rnk",32.2917
"13213010202","tract",2019,"education_state_rnk",7.5521
"13213010300","tract",2019,"education_state_rnk",8.2812
"13213010400","tract",2019,"education_state_rnk",24.4531
"13213010500","tract",2019,"education_state_rnk",4.1146
"13213010600","tract",2019,"education_state_rnk",5
"13213010700","tract",2019,"education_state_rnk",2.1875
"13215000200","tract",2019,"education_state_rnk",34.3229
"13215000300","tract",2019,"education_state_rnk",3.0729
"13215000400","tract",2019,"education_state_rnk",17.0833
"13215000800","tract",2019,"education_state_rnk",7.9688
"13215000900","tract",2019,"education_state_rnk",39.9479
"13215001000","tract",2019,"education_state_rnk",67.0573
"13215001100","tract",2019,"education_state_rnk",88.75
"13215001200","tract",2019,"education_state_rnk",85
"13215001400","tract",2019,"education_state_rnk",41.9792
"13215001600","tract",2019,"education_state_rnk",7.8125
"13215001800","tract",2019,"education_state_rnk",1.8229
"13215002000","tract",2019,"education_state_rnk",20
"13215002100","tract",2019,"education_state_rnk",21.4844
"13215002200","tract",2019,"education_state_rnk",22.6302
"13215002300","tract",2019,"education_state_rnk",75.1562
"13215002400","tract",2019,"education_state_rnk",7.6562
"13215002500","tract",2019,"education_state_rnk",14.5312
"13215002700","tract",2019,"education_state_rnk",4.7917
"13215002800","tract",2019,"education_state_rnk",27.5
"13215002901","tract",2019,"education_state_rnk",36.7708
"13215002902","tract",2019,"education_state_rnk",32.8646
"13215003000","tract",2019,"education_state_rnk",8.0729
"13215003200","tract",2019,"education_state_rnk",5.2604
"13215003301","tract",2019,"education_state_rnk",3.75
"13215003302","tract",2019,"education_state_rnk",40.3646
"13215003400","tract",2019,"education_state_rnk",13.2812
"13215010104","tract",2019,"education_state_rnk",81.7708
"13215010106","tract",2019,"education_state_rnk",49.4792
"13215010107","tract",2019,"education_state_rnk",81.3542
"13215010201","tract",2019,"education_state_rnk",79.5312
"13215010203","tract",2019,"education_state_rnk",82.8125
"13215010204","tract",2019,"education_state_rnk",69.8958
"13215010205","tract",2019,"education_state_rnk",83.2812
"13215010301","tract",2019,"education_state_rnk",89.0104
"13215010302","tract",2019,"education_state_rnk",83.4896
"13215010401","tract",2019,"education_state_rnk",75.7812
"13215010402","tract",2019,"education_state_rnk",69.7917
"13215010501","tract",2019,"education_state_rnk",73.6979
"13215010502","tract",2019,"education_state_rnk",55.3646
"13215010602","tract",2019,"education_state_rnk",6.849
"13215010605","tract",2019,"education_state_rnk",36.6146
"13215010606","tract",2019,"education_state_rnk",NA
"13215010607","tract",2019,"education_state_rnk",23.8542
"13215010608","tract",2019,"education_state_rnk",38.9844
"13215010701","tract",2019,"education_state_rnk",47.9167
"13215010702","tract",2019,"education_state_rnk",34.7135
"13215010703","tract",2019,"education_state_rnk",65.5208
"13215010801","tract",2019,"education_state_rnk",85.9375
"13215010802","tract",2019,"education_state_rnk",47.2917
"13215011100","tract",2019,"education_state_rnk",52.0833
"13215011200","tract",2019,"education_state_rnk",38.2031
"13215011400","tract",2019,"education_state_rnk",12.5521
"13215011500","tract",2019,"education_state_rnk",11.3021
"13217100100","tract",2019,"education_state_rnk",62.5781
"13217100201","tract",2019,"education_state_rnk",48.4375
"13217100202","tract",2019,"education_state_rnk",82.4479
"13217100300","tract",2019,"education_state_rnk",34.8177
"13217100400","tract",2019,"education_state_rnk",30.026
"13217100501","tract",2019,"education_state_rnk",56.9271
"13217100502","tract",2019,"education_state_rnk",12.6562
"13217100600","tract",2019,"education_state_rnk",43.5677
"13217100700","tract",2019,"education_state_rnk",17.4219
"13217100800","tract",2019,"education_state_rnk",23.5938
"13217100901","tract",2019,"education_state_rnk",47.1354
"13217100902","tract",2019,"education_state_rnk",27.1615
"13217100903","tract",2019,"education_state_rnk",60.8333
"13219030100","tract",2019,"education_state_rnk",85.7292
"13219030200","tract",2019,"education_state_rnk",66.4583
"13219030300","tract",2019,"education_state_rnk",74.9219
"13219030400","tract",2019,"education_state_rnk",85.5208
"13219030500","tract",2019,"education_state_rnk",85.0781
"13219030600","tract",2019,"education_state_rnk",77.9688
"13221960100","tract",2019,"education_state_rnk",23.3333
"13221960201","tract",2019,"education_state_rnk",31.4323
"13221960202","tract",2019,"education_state_rnk",7.9167
"13221960300","tract",2019,"education_state_rnk",48.8021
"13223120101","tract",2019,"education_state_rnk",74.5833
"13223120102","tract",2019,"education_state_rnk",40.4167
"13223120103","tract",2019,"education_state_rnk",80.4688
"13223120104","tract",2019,"education_state_rnk",66.1198
"13223120202","tract",2019,"education_state_rnk",67.3438
"13223120203","tract",2019,"education_state_rnk",74.4271
"13223120204","tract",2019,"education_state_rnk",48.8802
"13223120301","tract",2019,"education_state_rnk",42.8385
"13223120302","tract",2019,"education_state_rnk",26.875
"13223120303","tract",2019,"education_state_rnk",57.0052
"13223120400","tract",2019,"education_state_rnk",53.5938
"13223120501","tract",2019,"education_state_rnk",59.5052
"13223120502","tract",2019,"education_state_rnk",63.0729
"13223120503","tract",2019,"education_state_rnk",57.0052
"13223120601","tract",2019,"education_state_rnk",67.1875
"13223120602","tract",2019,"education_state_rnk",49.8958
"13223120603","tract",2019,"education_state_rnk",67.8646
"13223120604","tract",2019,"education_state_rnk",45.0521
"13223120605","tract",2019,"education_state_rnk",53.125
"13225040101","tract",2019,"education_state_rnk",84.6875
"13225040102","tract",2019,"education_state_rnk",64.3229
"13225040200","tract",2019,"education_state_rnk",10.5729
"13225040301","tract",2019,"education_state_rnk",17.5
"13225040302","tract",2019,"education_state_rnk",8.5938
"13225040400","tract",2019,"education_state_rnk",24.1667
"13227050100","tract",2019,"education_state_rnk",94.1667
"13227050200","tract",2019,"education_state_rnk",45.9896
"13227050300","tract",2019,"education_state_rnk",20.1042
"13227050400","tract",2019,"education_state_rnk",26.7708
"13227050500","tract",2019,"education_state_rnk",52.8646
"13227050600","tract",2019,"education_state_rnk",38.5417
"13229960100","tract",2019,"education_state_rnk",33.2031
"13229960200","tract",2019,"education_state_rnk",17.2396
"13229960300","tract",2019,"education_state_rnk",30.4948
"13229960400","tract",2019,"education_state_rnk",20.7292
"13231010100","tract",2019,"education_state_rnk",50.1562
"13231010200","tract",2019,"education_state_rnk",55.7292
"13231010300","tract",2019,"education_state_rnk",40.8333
"13231010400","tract",2019,"education_state_rnk",48.5417
"13233010100","tract",2019,"education_state_rnk",23.6719
"13233010200","tract",2019,"education_state_rnk",42.0312
"13233010300","tract",2019,"education_state_rnk",3.5938
"13233010400","tract",2019,"education_state_rnk",2.1354
"13233010500","tract",2019,"education_state_rnk",17.8646
"13233010600","tract",2019,"education_state_rnk",41.3281
"13233010700","tract",2019,"education_state_rnk",53.4635
"13235950100","tract",2019,"education_state_rnk",NA
"13235950200","tract",2019,"education_state_rnk",29.8438
"13235950300","tract",2019,"education_state_rnk",12.2396
"13237960101","tract",2019,"education_state_rnk",60.0781
"13237960102","tract",2019,"education_state_rnk",73.75
"13237960201","tract",2019,"education_state_rnk",10.6771
"13237960202","tract",2019,"education_state_rnk",26.7188
"13237960300","tract",2019,"education_state_rnk",67.9167
"13239960300","tract",2019,"education_state_rnk",5.5208
"13241970100","tract",2019,"education_state_rnk",50
"13241970201","tract",2019,"education_state_rnk",52.2917
"13241970202","tract",2019,"education_state_rnk",39.8958
"13241970301","tract",2019,"education_state_rnk",66.7708
"13241970302","tract",2019,"education_state_rnk",57.4479
"13243790100","tract",2019,"education_state_rnk",14.0625
"13243790200","tract",2019,"education_state_rnk",7.2917
"13245000100","tract",2019,"education_state_rnk",77.6562
"13245000200","tract",2019,"education_state_rnk",27.0052
"13245000300","tract",2019,"education_state_rnk",22.7344
"13245000600","tract",2019,"education_state_rnk",12.9688
"13245000700","tract",2019,"education_state_rnk",38.724
"13245000900","tract",2019,"education_state_rnk",11.3542
"13245001000","tract",2019,"education_state_rnk",68.2552
"13245001100","tract",2019,"education_state_rnk",89.5312
"13245001200","tract",2019,"education_state_rnk",45.4167
"13245001300","tract",2019,"education_state_rnk",29.1927
"13245001400","tract",2019,"education_state_rnk",34.0365
"13245001500","tract",2019,"education_state_rnk",1.5104
"13245001601","tract",2019,"education_state_rnk",35.3385
"13245001602","tract",2019,"education_state_rnk",82.2656
"13245010101","tract",2019,"education_state_rnk",76.7708
"13245010104","tract",2019,"education_state_rnk",95.0521
"13245010105","tract",2019,"education_state_rnk",70.9375
"13245010106","tract",2019,"education_state_rnk",77.5
"13245010107","tract",2019,"education_state_rnk",89.7917
"13245010201","tract",2019,"education_state_rnk",95.3125
"13245010203","tract",2019,"education_state_rnk",69.6875
"13245010204","tract",2019,"education_state_rnk",68.4115
"13245010300","tract",2019,"education_state_rnk",19.6615
"13245010400","tract",2019,"education_state_rnk",3.8021
"13245010504","tract",2019,"education_state_rnk",3.8542
"13245010506","tract",2019,"education_state_rnk",18.125
"13245010507","tract",2019,"education_state_rnk",28.6979
"13245010508","tract",2019,"education_state_rnk",44.4271
"13245010509","tract",2019,"education_state_rnk",16.5885
"13245010510","tract",2019,"education_state_rnk",22.8646
"13245010511","tract",2019,"education_state_rnk",22.1875
"13245010512","tract",2019,"education_state_rnk",12.1354
"13245010513","tract",2019,"education_state_rnk",42.9688
"13245010600","tract",2019,"education_state_rnk",6.6667
"13245010706","tract",2019,"education_state_rnk",24.2188
"13245010707","tract",2019,"education_state_rnk",20.3125
"13245010708","tract",2019,"education_state_rnk",41.849
"13245010709","tract",2019,"education_state_rnk",47.7604
"13245010710","tract",2019,"education_state_rnk",4.5833
"13245010711","tract",2019,"education_state_rnk",22.0833
"13245010712","tract",2019,"education_state_rnk",65.4688
"13245010800","tract",2019,"education_state_rnk",NA
"13245010903","tract",2019,"education_state_rnk",39.0625
"13245010904","tract",2019,"education_state_rnk",22.3177
"13245010905","tract",2019,"education_state_rnk",6.5625
"13245010906","tract",2019,"education_state_rnk",41.7448
"13245011000","tract",2019,"education_state_rnk",59.2188
"13247060101","tract",2019,"education_state_rnk",31.3542
"13247060102","tract",2019,"education_state_rnk",72.1615
"13247060201","tract",2019,"education_state_rnk",0.9375
"13247060202","tract",2019,"education_state_rnk",56.4062
"13247060304","tract",2019,"education_state_rnk",40.4948
"13247060305","tract",2019,"education_state_rnk",59.5052
"13247060306","tract",2019,"education_state_rnk",64.5312
"13247060307","tract",2019,"education_state_rnk",77.2917
"13247060308","tract",2019,"education_state_rnk",50.4688
"13247060309","tract",2019,"education_state_rnk",19.2708
"13247060403","tract",2019,"education_state_rnk",59.7396
"13247060404","tract",2019,"education_state_rnk",68.9323
"13247060405","tract",2019,"education_state_rnk",73.5938
"13247060406","tract",2019,"education_state_rnk",80.0521
"13247060407","tract",2019,"education_state_rnk",55.625
"13249960100","tract",2019,"education_state_rnk",15.7292
"13249960200","tract",2019,"education_state_rnk",56.6927
"13251970200","tract",2019,"education_state_rnk",21.9271
"13251970300","tract",2019,"education_state_rnk",31.6667
"13251970400","tract",2019,"education_state_rnk",38.8281
"13251970500","tract",2019,"education_state_rnk",71.9531
"13251970600","tract",2019,"education_state_rnk",58.125
"13253200100","tract",2019,"education_state_rnk",54.2188
"13253200200","tract",2019,"education_state_rnk",32.0052
"13253200300","tract",2019,"education_state_rnk",36.0156
"13255160100","tract",2019,"education_state_rnk",33.4375
"13255160200","tract",2019,"education_state_rnk",61.5625
"13255160300","tract",2019,"education_state_rnk",3.6979
"13255160400","tract",2019,"education_state_rnk",3.125
"13255160500","tract",2019,"education_state_rnk",41.849
"13255160600","tract",2019,"education_state_rnk",61.0417
"13255160700","tract",2019,"education_state_rnk",30.3125
"13255160800","tract",2019,"education_state_rnk",14.8958
"13255160900","tract",2019,"education_state_rnk",7.1875
"13255161000","tract",2019,"education_state_rnk",18.75
"13255161100","tract",2019,"education_state_rnk",62.1094
"13255161200","tract",2019,"education_state_rnk",51.0417
"13257970100","tract",2019,"education_state_rnk",32.1875
"13257970200","tract",2019,"education_state_rnk",23.6719
"13257970301","tract",2019,"education_state_rnk",10.2604
"13257970302","tract",2019,"education_state_rnk",36.3021
"13257970400","tract",2019,"education_state_rnk",31.5885
"13259950100","tract",2019,"education_state_rnk",41.4583
"13259950400","tract",2019,"education_state_rnk",NA
"13261950100","tract",2019,"education_state_rnk",26.0938
"13261950200","tract",2019,"education_state_rnk",33.3073
"13261950300","tract",2019,"education_state_rnk",22.8125
"13261950400","tract",2019,"education_state_rnk",50.2083
"13261950500","tract",2019,"education_state_rnk",33.9062
"13261950600","tract",2019,"education_state_rnk",44.0885
"13261950700","tract",2019,"education_state_rnk",21.1979
"13261950800","tract",2019,"education_state_rnk",46.7188
"13263960100","tract",2019,"education_state_rnk",57.6302
"13263960200","tract",2019,"education_state_rnk",32.2396
"13263960300","tract",2019,"education_state_rnk",54.6875
"13265010200","tract",2019,"education_state_rnk",16.4583
"13267950100","tract",2019,"education_state_rnk",38.125
"13267950201","tract",2019,"education_state_rnk",16.6667
"13267950202","tract",2019,"education_state_rnk",NA
"13267950300","tract",2019,"education_state_rnk",11.6406
"13267950400","tract",2019,"education_state_rnk",37.0573
"13269950100","tract",2019,"education_state_rnk",64.4531
"13269950200","tract",2019,"education_state_rnk",27.6562
"13269950300","tract",2019,"education_state_rnk",12.6042
"13271950100","tract",2019,"education_state_rnk",5.8854
"13271950200","tract",2019,"education_state_rnk",28.4375
"13271950500","tract",2019,"education_state_rnk",23.3854
"13273120200","tract",2019,"education_state_rnk",10.8854
"13273120300","tract",2019,"education_state_rnk",35.1042
"13273120400","tract",2019,"education_state_rnk",2.9688
"13273120500","tract",2019,"education_state_rnk",59.0365
"13275960100","tract",2019,"education_state_rnk",7.0833
"13275960200","tract",2019,"education_state_rnk",20.8854
"13275960300","tract",2019,"education_state_rnk",25.4167
"13275960400","tract",2019,"education_state_rnk",26.5104
"13275960500","tract",2019,"education_state_rnk",54.8958
"13275960600","tract",2019,"education_state_rnk",79.3229
"13275960700","tract",2019,"education_state_rnk",18.6458
"13275960800","tract",2019,"education_state_rnk",47.9688
"13275960900","tract",2019,"education_state_rnk",61.7708
"13275961000","tract",2019,"education_state_rnk",46.7708
"13275961100","tract",2019,"education_state_rnk",41.1979
"13277960100","tract",2019,"education_state_rnk",59.4271
"13277960200","tract",2019,"education_state_rnk",73.099
"13277960300","tract",2019,"education_state_rnk",47.5
"13277960400","tract",2019,"education_state_rnk",23.0729
"13277960500","tract",2019,"education_state_rnk",66.849
"13277960600","tract",2019,"education_state_rnk",1.6667
"13277960700","tract",2019,"education_state_rnk",18.6979
"13277960800","tract",2019,"education_state_rnk",1.4062
"13277960900","tract",2019,"education_state_rnk",60.3646
"13279970100","tract",2019,"education_state_rnk",11.5365
"13279970200","tract",2019,"education_state_rnk",10
"13279970300","tract",2019,"education_state_rnk",12.4479
"13279970400","tract",2019,"education_state_rnk",30.1562
"13279970500","tract",2019,"education_state_rnk",17.3438
"13279970600","tract",2019,"education_state_rnk",28.75
"13281960100","tract",2019,"education_state_rnk",46.5625
"13281960200","tract",2019,"education_state_rnk",76.1458
"13281960300","tract",2019,"education_state_rnk",72.3958
"13283960100","tract",2019,"education_state_rnk",4.6615
"13283960200","tract",2019,"education_state_rnk",16.0938
"13285960100","tract",2019,"education_state_rnk",10.625
"13285960201","tract",2019,"education_state_rnk",77.2135
"13285960202","tract",2019,"education_state_rnk",53.5417
"13285960300","tract",2019,"education_state_rnk",74.6875
"13285960400","tract",2019,"education_state_rnk",15.2604
"13285960501","tract",2019,"education_state_rnk",11.6406
"13285960502","tract",2019,"education_state_rnk",69.1146
"13285960600","tract",2019,"education_state_rnk",12.1875
"13285960700","tract",2019,"education_state_rnk",28.6198
"13285960800","tract",2019,"education_state_rnk",3.9062
"13285960901","tract",2019,"education_state_rnk",10.8073
"13285960902","tract",2019,"education_state_rnk",75.3646
"13285961000","tract",2019,"education_state_rnk",19.4792
"13285961100","tract",2019,"education_state_rnk",45.5208
"13287970200","tract",2019,"education_state_rnk",24.4531
"13287970300","tract",2019,"education_state_rnk",38.3073
"13289060100","tract",2019,"education_state_rnk",24.0104
"13289060200","tract",2019,"education_state_rnk",52.6302
"13291000101","tract",2019,"education_state_rnk",63.6458
"13291000102","tract",2019,"education_state_rnk",76.25
"13291000201","tract",2019,"education_state_rnk",80.1562
"13291000203","tract",2019,"education_state_rnk",71.6406
"13291000204","tract",2019,"education_state_rnk",55.2865
"13291000205","tract",2019,"education_state_rnk",61.3542
"13293010100","tract",2019,"education_state_rnk",46.0938
"13293010201","tract",2019,"education_state_rnk",40.3125
"13293010202","tract",2019,"education_state_rnk",57.5
"13293010300","tract",2019,"education_state_rnk",75.6771
"13293010400","tract",2019,"education_state_rnk",20.9635
"13293010500","tract",2019,"education_state_rnk",21.3281
"13293010600","tract",2019,"education_state_rnk",7.8646
"13295020100","tract",2019,"education_state_rnk",19.375
"13295020200","tract",2019,"education_state_rnk",16.7708
"13295020301","tract",2019,"education_state_rnk",18.4896
"13295020302","tract",2019,"education_state_rnk",34.9479
"13295020400","tract",2019,"education_state_rnk",82.0312
"13295020501","tract",2019,"education_state_rnk",37.8385
"13295020502","tract",2019,"education_state_rnk",36.6927
"13295020601","tract",2019,"education_state_rnk",69.4792
"13295020602","tract",2019,"education_state_rnk",12.7604
"13295020700","tract",2019,"education_state_rnk",7.7604
"13295020800","tract",2019,"education_state_rnk",49.1667
"13295020901","tract",2019,"education_state_rnk",49.8958
"13295020902","tract",2019,"education_state_rnk",54.8438
"13297110100","tract",2019,"education_state_rnk",59.1406
"13297110200","tract",2019,"education_state_rnk",39.7396
"13297110300","tract",2019,"education_state_rnk",7.4479
"13297110400","tract",2019,"education_state_rnk",26.1458
"13297110503","tract",2019,"education_state_rnk",63.3854
"13297110504","tract",2019,"education_state_rnk",50.7031
"13297110505","tract",2019,"education_state_rnk",46.6146
"13297110506","tract",2019,"education_state_rnk",76.6146
"13297110507","tract",2019,"education_state_rnk",52.1354
"13297110508","tract",2019,"education_state_rnk",62.1094
"13297110601","tract",2019,"education_state_rnk",78.099
"13297110602","tract",2019,"education_state_rnk",63.6458
"13297110603","tract",2019,"education_state_rnk",34.4271
"13297110700","tract",2019,"education_state_rnk",21.5885
"13297110800","tract",2019,"education_state_rnk",36.5625
"13299950100","tract",2019,"education_state_rnk",23.776
"13299950200","tract",2019,"education_state_rnk",16.849
"13299950300","tract",2019,"education_state_rnk",41.0417
"13299950400","tract",2019,"education_state_rnk",6.6146
"13299950500","tract",2019,"education_state_rnk",61.9271
"13299950600","tract",2019,"education_state_rnk",82.5521
"13299950700","tract",2019,"education_state_rnk",10.1042
"13299950800","tract",2019,"education_state_rnk",1.5625
"13299950900","tract",2019,"education_state_rnk",44.7135
"13301970400","tract",2019,"education_state_rnk",24.0885
"13301970500","tract",2019,"education_state_rnk",17.6302
"13303950100","tract",2019,"education_state_rnk",62.8646
"13303950300","tract",2019,"education_state_rnk",25.7552
"13303950400","tract",2019,"education_state_rnk",61.1458
"13303950500","tract",2019,"education_state_rnk",15.1042
"13303950700","tract",2019,"education_state_rnk",28.4896
"13305970100","tract",2019,"education_state_rnk",57.2917
"13305970200","tract",2019,"education_state_rnk",7.3958
"13305970300","tract",2019,"education_state_rnk",25.1302
"13305970400","tract",2019,"education_state_rnk",13.6979
"13305970500","tract",2019,"education_state_rnk",38.0729
"13305970600","tract",2019,"education_state_rnk",10.3125
"13307960100","tract",2019,"education_state_rnk",14.2708
"13307960200","tract",2019,"education_state_rnk",7.1354
"13309780100","tract",2019,"education_state_rnk",13.9062
"13309780200","tract",2019,"education_state_rnk",32.3958
"13311950100","tract",2019,"education_state_rnk",87.5521
"13311950201","tract",2019,"education_state_rnk",24.5833
"13311950202","tract",2019,"education_state_rnk",73.2292
"13311950203","tract",2019,"education_state_rnk",51.1458
"13311950300","tract",2019,"education_state_rnk",16.3542
"13313000101","tract",2019,"education_state_rnk",15.2604
"13313000102","tract",2019,"education_state_rnk",20.6771
"13313000200","tract",2019,"education_state_rnk",4.4792
"13313000301","tract",2019,"education_state_rnk",5.2083
"13313000302","tract",2019,"education_state_rnk",5.3646
"13313000400","tract",2019,"education_state_rnk",0.2083
"13313000501","tract",2019,"education_state_rnk",47.7083
"13313000502","tract",2019,"education_state_rnk",1.7708
"13313000600","tract",2019,"education_state_rnk",26.4323
"13313000700","tract",2019,"education_state_rnk",33.0469
"13313000800","tract",2019,"education_state_rnk",35.625
"13313000900","tract",2019,"education_state_rnk",41.6146
"13313001000","tract",2019,"education_state_rnk",0.1562
"13313001100","tract",2019,"education_state_rnk",0.7292
"13313001200","tract",2019,"education_state_rnk",0.625
"13313001300","tract",2019,"education_state_rnk",0.2604
"13313001400","tract",2019,"education_state_rnk",10.5208
"13313001500","tract",2019,"education_state_rnk",19.8438
"13315960100","tract",2019,"education_state_rnk",NA
"13315960200","tract",2019,"education_state_rnk",13.75
"13315960300","tract",2019,"education_state_rnk",35.8333
"13315960400","tract",2019,"education_state_rnk",66.5625
"13317010101","tract",2019,"education_state_rnk",54.5312
"13317010102","tract",2019,"education_state_rnk",5.625
"13317010301","tract",2019,"education_state_rnk",40.2604
"13317010302","tract",2019,"education_state_rnk",31.7188
"13319960200","tract",2019,"education_state_rnk",38.724
"13319960300","tract",2019,"education_state_rnk",27.7083
"13319960400","tract",2019,"education_state_rnk",22.1354
"13321950100","tract",2019,"education_state_rnk",29.1927
"13321950200","tract",2019,"education_state_rnk",21.0938
"13321950400","tract",2019,"education_state_rnk",32.9427
"13321950500","tract",2019,"education_state_rnk",19.6615
"13321950600","tract",2019,"education_state_rnk",71.3281
