"geoid","geolevel","year","level","value"
"42001030101","tract",2019,"education_score",99.9
"42001030102","tract",2019,"education_score",103.42
"42001030200","tract",2019,"education_score",87.04
"42001030300","tract",2019,"education_score",99.77
"42001030400","tract",2019,"education_score",94.12
"42001030500","tract",2019,"education_score",97.25
"42001030600","tract",2019,"education_score",98.94
"42001030700","tract",2019,"education_score",94.43
"42001030800","tract",2019,"education_score",101.79
"42001030900","tract",2019,"education_score",97.31
"42001031000","tract",2019,"education_score",103.31
"42001031101","tract",2019,"education_score",101.79
"42001031102","tract",2019,"education_score",105.14
"42001031201","tract",2019,"education_score",120.48
"42001031202","tract",2019,"education_score",103.48
"42001031203","tract",2019,"education_score",103.59
"42001031300","tract",2019,"education_score",94.38
"42001031401","tract",2019,"education_score",110.25
"42001031402","tract",2019,"education_score",114.68
"42001031501","tract",2019,"education_score",NA
"42001031502","tract",2019,"education_score",97.56
"42001031600","tract",2019,"education_score",115.3
"42001031700","tract",2019,"education_score",99.71
"42003010300","tract",2019,"education_score",NA
"42003020100","tract",2019,"education_score",127.21
"42003020300","tract",2019,"education_score",147.17
"42003030500","tract",2019,"education_score",97.86
"42003040200","tract",2019,"education_score",97.91
"42003040400","tract",2019,"education_score",122.27
"42003040500","tract",2019,"education_score",92.88
"42003040600","tract",2019,"education_score",79.71
"42003040900","tract",2019,"education_score",104.35
"42003050100","tract",2019,"education_score",102.89
"42003050600","tract",2019,"education_score",120.27
"42003050900","tract",2019,"education_score",94.11
"42003051000","tract",2019,"education_score",NA
"42003051100","tract",2019,"education_score",56.44
"42003060300","tract",2019,"education_score",131.58
"42003060500","tract",2019,"education_score",116.6
"42003070300","tract",2019,"education_score",126.53
"42003070500","tract",2019,"education_score",133.29
"42003070600","tract",2019,"education_score",132.51
"42003070800","tract",2019,"education_score",137.38
"42003070900","tract",2019,"education_score",123.67
"42003080200","tract",2019,"education_score",120.16
"42003080400","tract",2019,"education_score",124.88
"42003080600","tract",2019,"education_score",123.31
"42003080700","tract",2019,"education_score",128.5
"42003080900","tract",2019,"education_score",132.6
"42003090100","tract",2019,"education_score",131
"42003090200","tract",2019,"education_score",128.81
"42003090300","tract",2019,"education_score",123.04
"42003100500","tract",2019,"education_score",117.39
"42003101100","tract",2019,"education_score",114.33
"42003101400","tract",2019,"education_score",120.25
"42003101600","tract",2019,"education_score",95.84
"42003101700","tract",2019,"education_score",112.1
"42003101800","tract",2019,"education_score",123.2
"42003110200","tract",2019,"education_score",132.86
"42003110600","tract",2019,"education_score",135.32
"42003111300","tract",2019,"education_score",118.8
"42003111400","tract",2019,"education_score",106.8
"42003111500","tract",2019,"education_score",108.19
"42003120300","tract",2019,"education_score",98.28
"42003120400","tract",2019,"education_score",89.29
"42003120700","tract",2019,"education_score",65.74
"42003120800","tract",2019,"education_score",92.87
"42003130100","tract",2019,"education_score",80.95
"42003130200","tract",2019,"education_score",116.84
"42003130300","tract",2019,"education_score",83.35
"42003130400","tract",2019,"education_score",73.36
"42003130600","tract",2019,"education_score",112.47
"42003140100","tract",2019,"education_score",NA
"42003140200","tract",2019,"education_score",126.61
"42003140300","tract",2019,"education_score",133.3
"42003140400","tract",2019,"education_score",132.61
"42003140500","tract",2019,"education_score",120.91
"42003140600","tract",2019,"education_score",135.03
"42003140800","tract",2019,"education_score",121.7
"42003141000","tract",2019,"education_score",139.43
"42003141100","tract",2019,"education_score",118.44
"42003141300","tract",2019,"education_score",121.59
"42003141400","tract",2019,"education_score",131.94
"42003151600","tract",2019,"education_score",120.94
"42003151700","tract",2019,"education_score",121.3
"42003160800","tract",2019,"education_score",120.15
"42003160900","tract",2019,"education_score",127.91
"42003170200","tract",2019,"education_score",128.64
"42003170600","tract",2019,"education_score",123.29
"42003180300","tract",2019,"education_score",97.57
"42003180700","tract",2019,"education_score",112.92
"42003190300","tract",2019,"education_score",131.83
"42003191100","tract",2019,"education_score",126.17
"42003191400","tract",2019,"education_score",126.54
"42003191500","tract",2019,"education_score",122.46
"42003191600","tract",2019,"education_score",105.18
"42003191700","tract",2019,"education_score",116.31
"42003191800","tract",2019,"education_score",108.33
"42003191900","tract",2019,"education_score",114.53
"42003192000","tract",2019,"education_score",108.73
"42003202200","tract",2019,"education_score",99.21
"42003202300","tract",2019,"education_score",130.4
"42003210700","tract",2019,"education_score",117.51
"42003220600","tract",2019,"education_score",125.25
"42003240600","tract",2019,"education_score",126.43
"42003241200","tract",2019,"education_score",105.3
"42003250300","tract",2019,"education_score",128.1
"42003250700","tract",2019,"education_score",108.04
"42003250900","tract",2019,"education_score",111.89
"42003260200","tract",2019,"education_score",111.79
"42003260700","tract",2019,"education_score",123.81
"42003260900","tract",2019,"education_score",77.99
"42003261200","tract",2019,"education_score",128.05
"42003261400","tract",2019,"education_score",103.92
"42003261500","tract",2019,"education_score",97.53
"42003262000","tract",2019,"education_score",110.56
"42003270100","tract",2019,"education_score",106.82
"42003270300","tract",2019,"education_score",103.39
"42003270400","tract",2019,"education_score",112.28
"42003270800","tract",2019,"education_score",125.14
"42003271500","tract",2019,"education_score",98.36
"42003281400","tract",2019,"education_score",93.43
"42003281500","tract",2019,"education_score",112.08
"42003290100","tract",2019,"education_score",95.08
"42003290200","tract",2019,"education_score",83.86
"42003290400","tract",2019,"education_score",102.34
"42003300100","tract",2019,"education_score",76.92
"42003310200","tract",2019,"education_score",108.71
"42003310300","tract",2019,"education_score",116.96
"42003320400","tract",2019,"education_score",107.06
"42003320600","tract",2019,"education_score",112.25
"42003320700","tract",2019,"education_score",109.6
"42003401100","tract",2019,"education_score",100.65
"42003401200","tract",2019,"education_score",93.5
"42003401300","tract",2019,"education_score",111.16
"42003402000","tract",2019,"education_score",109.5
"42003403500","tract",2019,"education_score",100.58
"42003404000","tract",2019,"education_score",106.13
"42003405000","tract",2019,"education_score",112.88
"42003406000","tract",2019,"education_score",110.45
"42003407001","tract",2019,"education_score",108.51
"42003407002","tract",2019,"education_score",111.69
"42003408001","tract",2019,"education_score",129.09
"42003408002","tract",2019,"education_score",119.6
"42003409000","tract",2019,"education_score",125.45
"42003410000","tract",2019,"education_score",116.71
"42003411000","tract",2019,"education_score",121.69
"42003412001","tract",2019,"education_score",125.95
"42003412002","tract",2019,"education_score",121.2
"42003413100","tract",2019,"education_score",120.48
"42003413201","tract",2019,"education_score",125.25
"42003413202","tract",2019,"education_score",121.47
"42003413300","tract",2019,"education_score",122.28
"42003413400","tract",2019,"education_score",120.04
"42003413500","tract",2019,"education_score",115.4
"42003414101","tract",2019,"education_score",120.21
"42003414102","tract",2019,"education_score",117.12
"42003414200","tract",2019,"education_score",113.95
"42003415001","tract",2019,"education_score",117.53
"42003415002","tract",2019,"education_score",116.53
"42003416000","tract",2019,"education_score",116.22
"42003417100","tract",2019,"education_score",114.27
"42003417200","tract",2019,"education_score",107.98
"42003418000","tract",2019,"education_score",119.85
"42003419000","tract",2019,"education_score",118.32
"42003420000","tract",2019,"education_score",105.45
"42003421100","tract",2019,"education_score",122.95
"42003421200","tract",2019,"education_score",123.92
"42003422000","tract",2019,"education_score",122.23
"42003423000","tract",2019,"education_score",125.43
"42003424000","tract",2019,"education_score",96.66
"42003425000","tract",2019,"education_score",114.87
"42003426300","tract",2019,"education_score",123.71
"42003426400","tract",2019,"education_score",126.84
"42003426700","tract",2019,"education_score",113.65
"42003426800","tract",2019,"education_score",122.32
"42003427000","tract",2019,"education_score",96.13
"42003427100","tract",2019,"education_score",113.7
"42003427200","tract",2019,"education_score",117.37
"42003428100","tract",2019,"education_score",109.93
"42003428200","tract",2019,"education_score",108.86
"42003429100","tract",2019,"education_score",113.28
"42003429201","tract",2019,"education_score",125.15
"42003429202","tract",2019,"education_score",122.28
"42003429300","tract",2019,"education_score",120.7
"42003429400","tract",2019,"education_score",119.49
"42003429500","tract",2019,"education_score",132.12
"42003429600","tract",2019,"education_score",125.41
"42003429700","tract",2019,"education_score",116.93
"42003430100","tract",2019,"education_score",113.47
"42003430200","tract",2019,"education_score",114.17
"42003431100","tract",2019,"education_score",118.59
"42003431400","tract",2019,"education_score",115.58
"42003431500","tract",2019,"education_score",121.64
"42003432300","tract",2019,"education_score",120.98
"42003432400","tract",2019,"education_score",123.27
"42003434000","tract",2019,"education_score",119.14
"42003435000","tract",2019,"education_score",108.69
"42003437000","tract",2019,"education_score",126.16
"42003439000","tract",2019,"education_score",123.09
"42003445500","tract",2019,"education_score",123.81
"42003446000","tract",2019,"education_score",126.13
"42003447000","tract",2019,"education_score",111.18
"42003448000","tract",2019,"education_score",102.66
"42003449000","tract",2019,"education_score",104.87
"42003450700","tract",2019,"education_score",115.8
"42003450800","tract",2019,"education_score",100.83
"42003451101","tract",2019,"education_score",123.11
"42003451102","tract",2019,"education_score",109.53
"42003451104","tract",2019,"education_score",121.49
"42003451105","tract",2019,"education_score",116.89
"42003451300","tract",2019,"education_score",111.9
"42003452000","tract",2019,"education_score",117.24
"42003453003","tract",2019,"education_score",111.48
"42003453004","tract",2019,"education_score",120.67
"42003455000","tract",2019,"education_score",112.29
"42003456001","tract",2019,"education_score",114.67
"42003456003","tract",2019,"education_score",105.59
"42003456004","tract",2019,"education_score",119.63
"42003457100","tract",2019,"education_score",113.88
"42003457200","tract",2019,"education_score",114.01
"42003458000","tract",2019,"education_score",123.22
"42003459101","tract",2019,"education_score",104.48
"42003459102","tract",2019,"education_score",126.95
"42003459201","tract",2019,"education_score",126.42
"42003459202","tract",2019,"education_score",132.17
"42003460001","tract",2019,"education_score",115.59
"42003460002","tract",2019,"education_score",121.46
"42003461000","tract",2019,"education_score",107.56
"42003462100","tract",2019,"education_score",95.81
"42003462600","tract",2019,"education_score",97.71
"42003463900","tract",2019,"education_score",96.62
"42003464300","tract",2019,"education_score",110.92
"42003464400","tract",2019,"education_score",87.01
"42003465600","tract",2019,"education_score",107.91
"42003465800","tract",2019,"education_score",116.47
"42003468700","tract",2019,"education_score",110.78
"42003468800","tract",2019,"education_score",109.63
"42003468900","tract",2019,"education_score",116.12
"42003469000","tract",2019,"education_score",124.67
"42003470300","tract",2019,"education_score",118.24
"42003470400","tract",2019,"education_score",124.02
"42003470501","tract",2019,"education_score",129.71
"42003470502","tract",2019,"education_score",125.05
"42003470600","tract",2019,"education_score",108.78
"42003471000","tract",2019,"education_score",109.59
"42003472100","tract",2019,"education_score",117.09
"42003472200","tract",2019,"education_score",122.03
"42003472300","tract",2019,"education_score",123.4
"42003472400","tract",2019,"education_score",121.36
"42003473100","tract",2019,"education_score",121.89
"42003473200","tract",2019,"education_score",122.68
"42003473300","tract",2019,"education_score",120.52
"42003473401","tract",2019,"education_score",120.55
"42003473402","tract",2019,"education_score",119.29
"42003473500","tract",2019,"education_score",123.81
"42003473601","tract",2019,"education_score",126.28
"42003473602","tract",2019,"education_score",125.65
"42003474101","tract",2019,"education_score",114.06
"42003474102","tract",2019,"education_score",114.5
"42003474201","tract",2019,"education_score",131.95
"42003474202","tract",2019,"education_score",123.16
"42003474203","tract",2019,"education_score",119.64
"42003475101","tract",2019,"education_score",115.31
"42003475102","tract",2019,"education_score",117.07
"42003475200","tract",2019,"education_score",119.56
"42003475301","tract",2019,"education_score",110.83
"42003475303","tract",2019,"education_score",116.69
"42003475304","tract",2019,"education_score",119.51
"42003475401","tract",2019,"education_score",118.89
"42003475402","tract",2019,"education_score",125.51
"42003476100","tract",2019,"education_score",105
"42003476200","tract",2019,"education_score",117.45
"42003477100","tract",2019,"education_score",123.56
"42003477200","tract",2019,"education_score",118.7
"42003477300","tract",2019,"education_score",103.15
"42003478100","tract",2019,"education_score",107.45
"42003478200","tract",2019,"education_score",100.89
"42003479000","tract",2019,"education_score",111.04
"42003480101","tract",2019,"education_score",96.19
"42003480102","tract",2019,"education_score",113.21
"42003480200","tract",2019,"education_score",105.18
"42003480300","tract",2019,"education_score",111.57
"42003480400","tract",2019,"education_score",107.91
"42003481000","tract",2019,"education_score",93.55
"42003482500","tract",2019,"education_score",114.35
"42003483800","tract",2019,"education_score",100.82
"42003484300","tract",2019,"education_score",112.77
"42003484500","tract",2019,"education_score",114.47
"42003484600","tract",2019,"education_score",111.84
"42003485000","tract",2019,"education_score",99.75
"42003486700","tract",2019,"education_score",91.19
"42003486800","tract",2019,"education_score",94.34
"42003486900","tract",2019,"education_score",84.35
"42003487000","tract",2019,"education_score",111.88
"42003488100","tract",2019,"education_score",112.51
"42003488200","tract",2019,"education_score",101.08
"42003488300","tract",2019,"education_score",110.31
"42003488400","tract",2019,"education_score",104.47
"42003488500","tract",2019,"education_score",111.34
"42003488600","tract",2019,"education_score",114.96
"42003489001","tract",2019,"education_score",109.91
"42003489002","tract",2019,"education_score",117.69
"42003490002","tract",2019,"education_score",110.05
"42003490003","tract",2019,"education_score",115.81
"42003490004","tract",2019,"education_score",113.64
"42003491101","tract",2019,"education_score",114.08
"42003491200","tract",2019,"education_score",114.6
"42003492700","tract",2019,"education_score",100.79
"42003492800","tract",2019,"education_score",103.18
"42003492900","tract",2019,"education_score",97.01
"42003494000","tract",2019,"education_score",104.8
"42003495000","tract",2019,"education_score",105.98
"42003496101","tract",2019,"education_score",113.22
"42003496102","tract",2019,"education_score",115.62
"42003496200","tract",2019,"education_score",109.3
"42003497000","tract",2019,"education_score",112.26
"42003498000","tract",2019,"education_score",110.97
"42003499300","tract",2019,"education_score",100.6
"42003499400","tract",2019,"education_score",111.02
"42003500300","tract",2019,"education_score",114.66
"42003501000","tract",2019,"education_score",99.41
"42003503002","tract",2019,"education_score",111.91
"42003504100","tract",2019,"education_score",106.22
"42003507000","tract",2019,"education_score",116.41
"42003508000","tract",2019,"education_score",84.21
"42003509400","tract",2019,"education_score",96.95
"42003510000","tract",2019,"education_score",100.34
"42003512000","tract",2019,"education_score",94.57
"42003512800","tract",2019,"education_score",95.28
"42003512900","tract",2019,"education_score",90.96
"42003513800","tract",2019,"education_score",81.82
"42003514000","tract",2019,"education_score",94.65
"42003515100","tract",2019,"education_score",110.41
"42003515200","tract",2019,"education_score",115.54
"42003515300","tract",2019,"education_score",107.56
"42003515401","tract",2019,"education_score",125.99
"42003516100","tract",2019,"education_score",138.78
"42003516200","tract",2019,"education_score",132.29
"42003517000","tract",2019,"education_score",117.81
"42003518001","tract",2019,"education_score",135.82
"42003519000","tract",2019,"education_score",128.96
"42003520001","tract",2019,"education_score",123.18
"42003520002","tract",2019,"education_score",116.6
"42003521100","tract",2019,"education_score",116.23
"42003521200","tract",2019,"education_score",109.84
"42003521301","tract",2019,"education_score",120.5
"42003521302","tract",2019,"education_score",118.95
"42003521401","tract",2019,"education_score",122.69
"42003521402","tract",2019,"education_score",125.39
"42003521500","tract",2019,"education_score",117.08
"42003522000","tract",2019,"education_score",90.75
"42003523100","tract",2019,"education_score",106.03
"42003523200","tract",2019,"education_score",114.8
"42003523300","tract",2019,"education_score",104.31
"42003523400","tract",2019,"education_score",114.73
"42003523501","tract",2019,"education_score",108.54
"42003523502","tract",2019,"education_score",107.15
"42003523600","tract",2019,"education_score",118.16
"42003523701","tract",2019,"education_score",114.18
"42003523702","tract",2019,"education_score",109.06
"42003523800","tract",2019,"education_score",115.32
"42003524000","tract",2019,"education_score",111.45
"42003525100","tract",2019,"education_score",122.97
"42003525200","tract",2019,"education_score",122.75
"42003525300","tract",2019,"education_score",117.52
"42003526101","tract",2019,"education_score",118.47
"42003526102","tract",2019,"education_score",110.34
"42003526201","tract",2019,"education_score",115.88
"42003526202","tract",2019,"education_score",109.17
"42003526301","tract",2019,"education_score",115.13
"42003526302","tract",2019,"education_score",110.68
"42003550900","tract",2019,"education_score",101.78
"42003551200","tract",2019,"education_score",96.68
"42003551300","tract",2019,"education_score",102.08
"42003551900","tract",2019,"education_score",98.04
"42003552000","tract",2019,"education_score",102.13
"42003552100","tract",2019,"education_score",NA
"42003552200","tract",2019,"education_score",111.01
"42003552300","tract",2019,"education_score",91.36
"42003552400","tract",2019,"education_score",95.68
"42003560400","tract",2019,"education_score",118.56
"42003560500","tract",2019,"education_score",133.9
"42003560600","tract",2019,"education_score",104.31
"42003561000","tract",2019,"education_score",103.42
"42003561100","tract",2019,"education_score",80.83
"42003561200","tract",2019,"education_score",89.91
"42003561400","tract",2019,"education_score",114.78
"42003561500","tract",2019,"education_score",110.14
"42003561600","tract",2019,"education_score",95.17
"42003561700","tract",2019,"education_score",83.17
"42003561900","tract",2019,"education_score",95.73
"42003562000","tract",2019,"education_score",120.23
"42003562300","tract",2019,"education_score",104.24
"42003562400","tract",2019,"education_score",92.06
"42003562500","tract",2019,"education_score",94.29
"42003562600","tract",2019,"education_score",115.48
"42003562700","tract",2019,"education_score",123.78
"42003562800","tract",2019,"education_score",114.64
"42003562900","tract",2019,"education_score",102.17
"42003563000","tract",2019,"education_score",118.47
"42003563100","tract",2019,"education_score",113.65
"42003563200","tract",2019,"education_score",127.27
"42003563300","tract",2019,"education_score",133.48
"42003563800","tract",2019,"education_score",121.61
"42003563900","tract",2019,"education_score",120.12
"42003564000","tract",2019,"education_score",115.14
"42003564100","tract",2019,"education_score",133.92
"42003564200","tract",2019,"education_score",110.82
"42003564400","tract",2019,"education_score",107.62
"42003564500","tract",2019,"education_score",108.52
"42003980000","tract",2019,"education_score",NA
"42003980100","tract",2019,"education_score",NA
"42003980300","tract",2019,"education_score",NA
"42003980400","tract",2019,"education_score",NA
"42003980500","tract",2019,"education_score",NA
"42003980600","tract",2019,"education_score",NA
"42003980700","tract",2019,"education_score",NA
"42003980800","tract",2019,"education_score",NA
"42003980900","tract",2019,"education_score",NA
"42003981000","tract",2019,"education_score",NA
"42003981100","tract",2019,"education_score",NA
"42003981200","tract",2019,"education_score",NA
"42003981800","tract",2019,"education_score",NA
"42003982200","tract",2019,"education_score",NA
"42005950100","tract",2019,"education_score",97.02
"42005950200","tract",2019,"education_score",97.15
"42005950300","tract",2019,"education_score",96.03
"42005950400","tract",2019,"education_score",107.19
"42005950500","tract",2019,"education_score",110.92
"42005950600","tract",2019,"education_score",99.97
"42005950700","tract",2019,"education_score",97.76
"42005950800","tract",2019,"education_score",97.3
"42005950900","tract",2019,"education_score",106.72
"42005951000","tract",2019,"education_score",101.33
"42005951100","tract",2019,"education_score",104.97
"42005951200","tract",2019,"education_score",109.36
"42005951300","tract",2019,"education_score",104.51
"42005951400","tract",2019,"education_score",99.03
"42005951500","tract",2019,"education_score",90.96
"42005951600","tract",2019,"education_score",105.89
"42005951700","tract",2019,"education_score",105.32
"42005951800","tract",2019,"education_score",108.51
"42005951900","tract",2019,"education_score",109.67
"42007600601","tract",2019,"education_score",98.45
"42007600602","tract",2019,"education_score",112.94
"42007600700","tract",2019,"education_score",115.03
"42007601000","tract",2019,"education_score",108.02
"42007601100","tract",2019,"education_score",103.6
"42007601200","tract",2019,"education_score",78.35
"42007601300","tract",2019,"education_score",92.75
"42007601400","tract",2019,"education_score",102.33
"42007601600","tract",2019,"education_score",105.95
"42007601700","tract",2019,"education_score",108.53
"42007601800","tract",2019,"education_score",115
"42007602100","tract",2019,"education_score",95.84
"42007602300","tract",2019,"education_score",115.89
"42007602400","tract",2019,"education_score",120.01
"42007602500","tract",2019,"education_score",110.34
"42007602601","tract",2019,"education_score",109.29
"42007602602","tract",2019,"education_score",120.25
"42007602701","tract",2019,"education_score",104.59
"42007602702","tract",2019,"education_score",104.3
"42007602800","tract",2019,"education_score",93.89
"42007602900","tract",2019,"education_score",109.45
"42007603000","tract",2019,"education_score",111.3
"42007603202","tract",2019,"education_score",110.25
"42007603300","tract",2019,"education_score",106.45
"42007603400","tract",2019,"education_score",102.31
"42007603500","tract",2019,"education_score",94.85
"42007603600","tract",2019,"education_score",111.66
"42007603700","tract",2019,"education_score",112.62
"42007603801","tract",2019,"education_score",120.61
"42007603802","tract",2019,"education_score",122.5
"42007603803","tract",2019,"education_score",108.81
"42007603900","tract",2019,"education_score",108.59
"42007604000","tract",2019,"education_score",113.01
"42007604100","tract",2019,"education_score",102.08
"42007604200","tract",2019,"education_score",104.98
"42007604500","tract",2019,"education_score",87.54
"42007604600","tract",2019,"education_score",101.42
"42007604700","tract",2019,"education_score",107.28
"42007604800","tract",2019,"education_score",112.69
"42007604901","tract",2019,"education_score",110.43
"42007604902","tract",2019,"education_score",104.86
"42007605001","tract",2019,"education_score",106.94
"42007605002","tract",2019,"education_score",108.25
"42007605100","tract",2019,"education_score",103.84
"42007605200","tract",2019,"education_score",107.73
"42007605300","tract",2019,"education_score",106.04
"42007605400","tract",2019,"education_score",95.2
"42007605500","tract",2019,"education_score",113.84
"42007605600","tract",2019,"education_score",109.88
"42007605700","tract",2019,"education_score",89.45
"42007605800","tract",2019,"education_score",110.46
"42009960100","tract",2019,"education_score",90.08
"42009960200","tract",2019,"education_score",96.58
"42009960300","tract",2019,"education_score",95.53
"42009960400","tract",2019,"education_score",93.88
"42009960500","tract",2019,"education_score",88.01
"42009960600","tract",2019,"education_score",89.08
"42009960700","tract",2019,"education_score",109.56
"42009960800","tract",2019,"education_score",107.76
"42009960900","tract",2019,"education_score",99.89
"42009961000","tract",2019,"education_score",99.41
"42009961100","tract",2019,"education_score",101.68
"42011000100","tract",2019,"education_score",64.86
"42011000200","tract",2019,"education_score",75.27
"42011000300","tract",2019,"education_score",83.8
"42011000400","tract",2019,"education_score",59.55
"42011000500","tract",2019,"education_score",61.81
"42011000600","tract",2019,"education_score",87.79
"42011000700","tract",2019,"education_score",74.16
"42011000800","tract",2019,"education_score",53.65
"42011000900","tract",2019,"education_score",56.62
"42011001000","tract",2019,"education_score",50.51
"42011001100","tract",2019,"education_score",56.89
"42011001200","tract",2019,"education_score",71.91
"42011001300","tract",2019,"education_score",46.47
"42011001400","tract",2019,"education_score",52
"42011001500","tract",2019,"education_score",25.89
"42011001600","tract",2019,"education_score",56.93
"42011001700","tract",2019,"education_score",29.2
"42011001800","tract",2019,"education_score",90.75
"42011001900","tract",2019,"education_score",75.57
"42011002000","tract",2019,"education_score",58.58
"42011002100","tract",2019,"education_score",65.35
"42011002200","tract",2019,"education_score",50.2
"42011002300","tract",2019,"education_score",60.88
"42011002500","tract",2019,"education_score",35.97
"42011002600","tract",2019,"education_score",52.8
"42011002700","tract",2019,"education_score",100.2
"42011002900","tract",2019,"education_score",87.72
"42011010100","tract",2019,"education_score",88
"42011010201","tract",2019,"education_score",101.94
"42011010202","tract",2019,"education_score",93.34
"42011010302","tract",2019,"education_score",104.12
"42011010303","tract",2019,"education_score",96.16
"42011010304","tract",2019,"education_score",107.5
"42011010400","tract",2019,"education_score",88.6
"42011010500","tract",2019,"education_score",94.42
"42011010600","tract",2019,"education_score",111.61
"42011010700","tract",2019,"education_score",106.01
"42011010801","tract",2019,"education_score",108.42
"42011010802","tract",2019,"education_score",110.57
"42011010902","tract",2019,"education_score",95.94
"42011010903","tract",2019,"education_score",115.53
"42011010904","tract",2019,"education_score",104.56
"42011010905","tract",2019,"education_score",113.64
"42011011000","tract",2019,"education_score",103.98
"42011011101","tract",2019,"education_score",119.08
"42011011102","tract",2019,"education_score",123.31
"42011011200","tract",2019,"education_score",97.24
"42011011300","tract",2019,"education_score",98.09
"42011011400","tract",2019,"education_score",107.72
"42011011500","tract",2019,"education_score",108.94
"42011011601","tract",2019,"education_score",104.24
"42011011602","tract",2019,"education_score",111.13
"42011011603","tract",2019,"education_score",117.84
"42011011701","tract",2019,"education_score",110.98
"42011011702","tract",2019,"education_score",107.47
"42011011703","tract",2019,"education_score",104.11
"42011011800","tract",2019,"education_score",104.53
"42011011902","tract",2019,"education_score",120.1
"42011011903","tract",2019,"education_score",111.27
"42011011904","tract",2019,"education_score",105.94
"42011012001","tract",2019,"education_score",100.34
"42011012002","tract",2019,"education_score",104.1
"42011012101","tract",2019,"education_score",102.79
"42011012103","tract",2019,"education_score",106.85
"42011012104","tract",2019,"education_score",93.8
"42011012105","tract",2019,"education_score",110.29
"42011012200","tract",2019,"education_score",93.66
"42011012300","tract",2019,"education_score",105.94
"42011012400","tract",2019,"education_score",94.52
"42011012500","tract",2019,"education_score",94.14
"42011012600","tract",2019,"education_score",86.77
"42011012700","tract",2019,"education_score",112.2
"42011012800","tract",2019,"education_score",101.31
"42011012900","tract",2019,"education_score",113.81
"42011013000","tract",2019,"education_score",104.81
"42011013100","tract",2019,"education_score",109.3
"42011013200","tract",2019,"education_score",104.51
"42011013301","tract",2019,"education_score",108.54
"42011013302","tract",2019,"education_score",107.7
"42011013401","tract",2019,"education_score",114.57
"42011013402","tract",2019,"education_score",105.57
"42011013500","tract",2019,"education_score",113.85
"42011013600","tract",2019,"education_score",102.31
"42011013701","tract",2019,"education_score",90.95
"42011013702","tract",2019,"education_score",100.05
"42011013800","tract",2019,"education_score",102.96
"42011013900","tract",2019,"education_score",108.88
"42011014000","tract",2019,"education_score",114.37
"42011014100","tract",2019,"education_score",NA
"42011014200","tract",2019,"education_score",98.95
"42013010101","tract",2019,"education_score",95.88
"42013010102","tract",2019,"education_score",100.42
"42013010103","tract",2019,"education_score",102.33
"42013010401","tract",2019,"education_score",105.92
"42013010402","tract",2019,"education_score",108
"42013010500","tract",2019,"education_score",105.68
"42013010600","tract",2019,"education_score",114.13
"42013010700","tract",2019,"education_score",102.32
"42013010800","tract",2019,"education_score",94.18
"42013010900","tract",2019,"education_score",113.38
"42013011001","tract",2019,"education_score",101.09
"42013011002","tract",2019,"education_score",104.7
"42013011100","tract",2019,"education_score",119.43
"42013011200","tract",2019,"education_score",107.73
"42013011300","tract",2019,"education_score",99.58
"42013011400","tract",2019,"education_score",93.6
"42013011500","tract",2019,"education_score",100.82
"42013011600","tract",2019,"education_score",94.83
"42013100200","tract",2019,"education_score",106.56
"42013100300","tract",2019,"education_score",90.93
"42013100400","tract",2019,"education_score",102.25
"42013100500","tract",2019,"education_score",99.63
"42013100600","tract",2019,"education_score",110.13
"42013100700","tract",2019,"education_score",81.23
"42013100800","tract",2019,"education_score",111.07
"42013100900","tract",2019,"education_score",104.59
"42013101100","tract",2019,"education_score",104.47
"42013101200","tract",2019,"education_score",106.47
"42013101400","tract",2019,"education_score",96.79
"42013101500","tract",2019,"education_score",98.07
"42013101600","tract",2019,"education_score",81.64
"42013101700","tract",2019,"education_score",92.27
"42013101800","tract",2019,"education_score",105.72
"42013101900","tract",2019,"education_score",84.31
"42015950100","tract",2019,"education_score",98.84
"42015950200","tract",2019,"education_score",98.29
"42015950300","tract",2019,"education_score",95.62
"42015950400","tract",2019,"education_score",99.94
"42015950500","tract",2019,"education_score",108.91
"42015950600","tract",2019,"education_score",101.09
"42015950700","tract",2019,"education_score",98.7
"42015950800","tract",2019,"education_score",108.07
"42015950900","tract",2019,"education_score",100.36
"42015951000","tract",2019,"education_score",100.95
"42015951100","tract",2019,"education_score",101.8
"42015951200","tract",2019,"education_score",99.99
"42015951300","tract",2019,"education_score",94.2
"42015951400","tract",2019,"education_score",92.81
"42017100102","tract",2019,"education_score",122.82
"42017100103","tract",2019,"education_score",105.84
"42017100104","tract",2019,"education_score",99.79
"42017100105","tract",2019,"education_score",108.07
"42017100201","tract",2019,"education_score",100.44
"42017100206","tract",2019,"education_score",114.06
"42017100207","tract",2019,"education_score",106.69
"42017100208","tract",2019,"education_score",103.63
"42017100209","tract",2019,"education_score",113.15
"42017100210","tract",2019,"education_score",100.96
"42017100211","tract",2019,"education_score",107.64
"42017100212","tract",2019,"education_score",106.76
"42017100302","tract",2019,"education_score",97.04
"42017100303","tract",2019,"education_score",94.05
"42017100304","tract",2019,"education_score",103.95
"42017100306","tract",2019,"education_score",103.4
"42017100307","tract",2019,"education_score",94.12
"42017100401","tract",2019,"education_score",111.47
"42017100402","tract",2019,"education_score",97.66
"42017100403","tract",2019,"education_score",104.63
"42017100404","tract",2019,"education_score",94.6
"42017100406","tract",2019,"education_score",121.21
"42017100407","tract",2019,"education_score",108.67
"42017100408","tract",2019,"education_score",98.2
"42017100500","tract",2019,"education_score",117.7
"42017100600","tract",2019,"education_score",105.13
"42017100700","tract",2019,"education_score",95.74
"42017100803","tract",2019,"education_score",105.21
"42017100804","tract",2019,"education_score",116.75
"42017100805","tract",2019,"education_score",112.81
"42017100807","tract",2019,"education_score",113.48
"42017100808","tract",2019,"education_score",127.04
"42017100809","tract",2019,"education_score",136.18
"42017100811","tract",2019,"education_score",115.93
"42017100900","tract",2019,"education_score",118.71
"42017101100","tract",2019,"education_score",106.57
"42017101401","tract",2019,"education_score",113.32
"42017101403","tract",2019,"education_score",117.68
"42017101404","tract",2019,"education_score",112.68
"42017101405","tract",2019,"education_score",102.89
"42017101503","tract",2019,"education_score",124.05
"42017101504","tract",2019,"education_score",111.15
"42017101505","tract",2019,"education_score",122.77
"42017101506","tract",2019,"education_score",114.71
"42017101603","tract",2019,"education_score",97.62
"42017101605","tract",2019,"education_score",98.88
"42017101607","tract",2019,"education_score",112.34
"42017101609","tract",2019,"education_score",116.37
"42017101610","tract",2019,"education_score",115.08
"42017101611","tract",2019,"education_score",115.35
"42017101802","tract",2019,"education_score",119.25
"42017101803","tract",2019,"education_score",116.58
"42017101805","tract",2019,"education_score",112.4
"42017101807","tract",2019,"education_score",99.2
"42017101808","tract",2019,"education_score",114.13
"42017101900","tract",2019,"education_score",118.95
"42017102002","tract",2019,"education_score",118.4
"42017102003","tract",2019,"education_score",118.25
"42017102004","tract",2019,"education_score",117.62
"42017102102","tract",2019,"education_score",112.23
"42017102104","tract",2019,"education_score",117.67
"42017102300","tract",2019,"education_score",111.92
"42017102401","tract",2019,"education_score",107.24
"42017102402","tract",2019,"education_score",111.39
"42017102500","tract",2019,"education_score",105.15
"42017102600","tract",2019,"education_score",98.89
"42017102700","tract",2019,"education_score",117.17
"42017102801","tract",2019,"education_score",108.03
"42017103101","tract",2019,"education_score",113.79
"42017103102","tract",2019,"education_score",103.73
"42017103103","tract",2019,"education_score",104.96
"42017103300","tract",2019,"education_score",120.61
"42017103400","tract",2019,"education_score",112.93
"42017103700","tract",2019,"education_score",121.88
"42017103800","tract",2019,"education_score",120.63
"42017103900","tract",2019,"education_score",127.1
"42017104000","tract",2019,"education_score",119.19
"42017104100","tract",2019,"education_score",97.7
"42017104201","tract",2019,"education_score",119.88
"42017104203","tract",2019,"education_score",111.07
"42017104204","tract",2019,"education_score",117.83
"42017104301","tract",2019,"education_score",131.24
"42017104303","tract",2019,"education_score",135.21
"42017104304","tract",2019,"education_score",119.78
"42017104400","tract",2019,"education_score",135.17
"42017104502","tract",2019,"education_score",127.47
"42017104503","tract",2019,"education_score",127.15
"42017104505","tract",2019,"education_score",122.08
"42017104506","tract",2019,"education_score",113.17
"42017104601","tract",2019,"education_score",123.81
"42017104603","tract",2019,"education_score",116.24
"42017104604","tract",2019,"education_score",127.05
"42017104701","tract",2019,"education_score",119.49
"42017104702","tract",2019,"education_score",125.57
"42017104703","tract",2019,"education_score",125.44
"42017104800","tract",2019,"education_score",109.78
"42017104901","tract",2019,"education_score",121.53
"42017104902","tract",2019,"education_score",120.38
"42017105003","tract",2019,"education_score",124.67
"42017105004","tract",2019,"education_score",118.69
"42017105006","tract",2019,"education_score",123.8
"42017105008","tract",2019,"education_score",113.82
"42017105009","tract",2019,"education_score",116.67
"42017105010","tract",2019,"education_score",124.6
"42017105011","tract",2019,"education_score",127.07
"42017105012","tract",2019,"education_score",122
"42017105013","tract",2019,"education_score",122.5
"42017105100","tract",2019,"education_score",130.27
"42017105202","tract",2019,"education_score",135.1
"42017105203","tract",2019,"education_score",122.11
"42017105206","tract",2019,"education_score",125.89
"42017105207","tract",2019,"education_score",135.67
"42017105208","tract",2019,"education_score",118.77
"42017105300","tract",2019,"education_score",126.87
"42017105400","tract",2019,"education_score",131.13
"42017105505","tract",2019,"education_score",131.49
"42017105506","tract",2019,"education_score",132.52
"42017105507","tract",2019,"education_score",128.57
"42017105508","tract",2019,"education_score",131.54
"42017105509","tract",2019,"education_score",127.75
"42017105510","tract",2019,"education_score",123.96
"42017105511","tract",2019,"education_score",127.37
"42017105600","tract",2019,"education_score",133.14
"42017105702","tract",2019,"education_score",119.35
"42017105704","tract",2019,"education_score",110.1
"42017105801","tract",2019,"education_score",103.48
"42017105805","tract",2019,"education_score",106.17
"42017105807","tract",2019,"education_score",100.26
"42017105808","tract",2019,"education_score",110.62
"42017105809","tract",2019,"education_score",111.12
"42017105810","tract",2019,"education_score",106.44
"42017105811","tract",2019,"education_score",103.38
"42017105812","tract",2019,"education_score",111.32
"42017105900","tract",2019,"education_score",105.77
"42017106000","tract",2019,"education_score",115.67
"42017106100","tract",2019,"education_score",NA
"42017106200","tract",2019,"education_score",113.68
"42017106300","tract",2019,"education_score",114.53
"42017106401","tract",2019,"education_score",110.23
"42017106402","tract",2019,"education_score",110.87
"42017106500","tract",2019,"education_score",103.47
"42017106600","tract",2019,"education_score",118.21
"42017980000","tract",2019,"education_score",NA
"42019902100","tract",2019,"education_score",114.13
"42019902200","tract",2019,"education_score",99.29
"42019902300","tract",2019,"education_score",86.92
"42019902400","tract",2019,"education_score",86.65
"42019902500","tract",2019,"education_score",103.26
"42019902600","tract",2019,"education_score",113.82
"42019902700","tract",2019,"education_score",102.5
"42019902800","tract",2019,"education_score",107.9
"42019902900","tract",2019,"education_score",118.18
"42019903000","tract",2019,"education_score",113.29
"42019903100","tract",2019,"education_score",119.24
"42019910100","tract",2019,"education_score",98.34
"42019910200","tract",2019,"education_score",103.11
"42019910301","tract",2019,"education_score",104.98
"42019910302","tract",2019,"education_score",106.82
"42019910400","tract",2019,"education_score",101.35
"42019910500","tract",2019,"education_score",NA
"42019910600","tract",2019,"education_score",103.91
"42019910700","tract",2019,"education_score",111.78
"42019910800","tract",2019,"education_score",110.19
"42019910900","tract",2019,"education_score",112.19
"42019911000","tract",2019,"education_score",104.97
"42019911100","tract",2019,"education_score",109.9
"42019911200","tract",2019,"education_score",95.43
"42019911300","tract",2019,"education_score",106.86
"42019911400","tract",2019,"education_score",108.78
"42019911501","tract",2019,"education_score",101.16
"42019911502","tract",2019,"education_score",114.48
"42019911600","tract",2019,"education_score",124.61
"42019911700","tract",2019,"education_score",111.22
"42019911800","tract",2019,"education_score",117.35
"42019911900","tract",2019,"education_score",115.45
"42019912001","tract",2019,"education_score",121.81
"42019912002","tract",2019,"education_score",123.44
"42019912101","tract",2019,"education_score",120.36
"42019912102","tract",2019,"education_score",114.02
"42019912200","tract",2019,"education_score",121.73
"42019912301","tract",2019,"education_score",120.85
"42019912303","tract",2019,"education_score",130.02
"42019912304","tract",2019,"education_score",127.21
"42019912401","tract",2019,"education_score",127.17
"42019912402","tract",2019,"education_score",123.74
"42019912700","tract",2019,"education_score",117.99
"42019912800","tract",2019,"education_score",116.5
"42021000100","tract",2019,"education_score",92.93
"42021000200","tract",2019,"education_score",88.81
"42021000300","tract",2019,"education_score",92.55
"42021000500","tract",2019,"education_score",94.33
"42021000600","tract",2019,"education_score",101.45
"42021000700","tract",2019,"education_score",96.13
"42021001200","tract",2019,"education_score",94.08
"42021010100","tract",2019,"education_score",98.4
"42021010200","tract",2019,"education_score",95.69
"42021010300","tract",2019,"education_score",100
"42021010500","tract",2019,"education_score",108.48
"42021010600","tract",2019,"education_score",110.76
"42021010700","tract",2019,"education_score",118.1
"42021010801","tract",2019,"education_score",113.02
"42021011000","tract",2019,"education_score",98.18
"42021011100","tract",2019,"education_score",121.96
"42021011200","tract",2019,"education_score",113.41
"42021011300","tract",2019,"education_score",111.61
"42021011400","tract",2019,"education_score",110.1
"42021011500","tract",2019,"education_score",104.41
"42021011600","tract",2019,"education_score",101.34
"42021011700","tract",2019,"education_score",86.64
"42021011800","tract",2019,"education_score",100.43
"42021011900","tract",2019,"education_score",103.72
"42021012000","tract",2019,"education_score",100.06
"42021012100","tract",2019,"education_score",102.24
"42021012200","tract",2019,"education_score",103.54
"42021012300","tract",2019,"education_score",NA
"42021012400","tract",2019,"education_score",108.39
"42021012500","tract",2019,"education_score",104.8
"42021012600","tract",2019,"education_score",115.41
"42021012700","tract",2019,"education_score",99.86
"42021012800","tract",2019,"education_score",104.45
"42021012900","tract",2019,"education_score",101.74
"42021013000","tract",2019,"education_score",103.22
"42021013100","tract",2019,"education_score",101.4
"42021013200","tract",2019,"education_score",98.94
"42021013300","tract",2019,"education_score",102
"42021013400","tract",2019,"education_score",82.59
"42021013500","tract",2019,"education_score",83.51
"42021013600","tract",2019,"education_score",83.93
"42021013700","tract",2019,"education_score",NA
"42023960100","tract",2019,"education_score",94.9
"42023960200","tract",2019,"education_score",101.16
"42025020102","tract",2019,"education_score",100.11
"42025020103","tract",2019,"education_score",113.98
"42025020105","tract",2019,"education_score",103.99
"42025020106","tract",2019,"education_score",110.07
"42025020200","tract",2019,"education_score",99.64
"42025020300","tract",2019,"education_score",99.11
"42025020400","tract",2019,"education_score",94.26
"42025020500","tract",2019,"education_score",105.71
"42025020600","tract",2019,"education_score",93.76
"42025020700","tract",2019,"education_score",105.35
"42025020800","tract",2019,"education_score",106.46
"42025020900","tract",2019,"education_score",93.62
"42027010100","tract",2019,"education_score",105.13
"42027010200","tract",2019,"education_score",102.14
"42027010300","tract",2019,"education_score",109.22
"42027010400","tract",2019,"education_score",110.82
"42027010500","tract",2019,"education_score",107.31
"42027010600","tract",2019,"education_score",104.85
"42027010700","tract",2019,"education_score",104.18
"42027010800","tract",2019,"education_score",73.14
"42027010900","tract",2019,"education_score",109.94
"42027011000","tract",2019,"education_score",113.07
"42027011100","tract",2019,"education_score",113.95
"42027011201","tract",2019,"education_score",116.92
"42027011300","tract",2019,"education_score",122.6
"42027011400","tract",2019,"education_score",118.81
"42027011501","tract",2019,"education_score",115.71
"42027011502","tract",2019,"education_score",111.82
"42027011600","tract",2019,"education_score",114.62
"42027011702","tract",2019,"education_score",126.64
"42027011800","tract",2019,"education_score",125.99
"42027011901","tract",2019,"education_score",120
"42027011902","tract",2019,"education_score",125.72
"42027012000","tract",2019,"education_score",99
"42027012100","tract",2019,"education_score",NA
"42027012200","tract",2019,"education_score",NA
"42027012300","tract",2019,"education_score",131.85
"42027012400","tract",2019,"education_score",108.67
"42027012500","tract",2019,"education_score",101.83
"42027012600","tract",2019,"education_score",98.78
"42027012700","tract",2019,"education_score",122.47
"42027012800","tract",2019,"education_score",116.84
"42027981202","tract",2019,"education_score",NA
"42029300101","tract",2019,"education_score",122.6
"42029300103","tract",2019,"education_score",131.22
"42029300104","tract",2019,"education_score",126.67
"42029300106","tract",2019,"education_score",138.45
"42029300107","tract",2019,"education_score",120.59
"42029300108","tract",2019,"education_score",135.6
"42029300109","tract",2019,"education_score",121.22
"42029300201","tract",2019,"education_score",117.1
"42029300202","tract",2019,"education_score",133.7
"42029300301","tract",2019,"education_score",122.73
"42029300302","tract",2019,"education_score",118.17
"42029300303","tract",2019,"education_score",122.91
"42029300400","tract",2019,"education_score",126.66
"42029300501","tract",2019,"education_score",127.53
"42029300502","tract",2019,"education_score",113.74
"42029300600","tract",2019,"education_score",115.34
"42029300700","tract",2019,"education_score",115.74
"42029300800","tract",2019,"education_score",128.79
"42029300900","tract",2019,"education_score",117.18
"42029301000","tract",2019,"education_score",128.95
"42029301100","tract",2019,"education_score",109.92
"42029301300","tract",2019,"education_score",117.65
"42029301401","tract",2019,"education_score",103.64
"42029301402","tract",2019,"education_score",120.86
"42029301500","tract",2019,"education_score",113.59
"42029301600","tract",2019,"education_score",116.46
"42029301700","tract",2019,"education_score",127.11
"42029301800","tract",2019,"education_score",125.54
"42029301900","tract",2019,"education_score",121.3
"42029302000","tract",2019,"education_score",117.26
"42029302101","tract",2019,"education_score",118.03
"42029302102","tract",2019,"education_score",114.94
"42029302202","tract",2019,"education_score",120.02
"42029302203","tract",2019,"education_score",120.04
"42029302204","tract",2019,"education_score",122.49
"42029302300","tract",2019,"education_score",129.27
"42029302400","tract",2019,"education_score",107.91
"42029302500","tract",2019,"education_score",120.33
"42029302600","tract",2019,"education_score",110.78
"42029302702","tract",2019,"education_score",125.06
"42029302703","tract",2019,"education_score",128.26
"42029302704","tract",2019,"education_score",122.36
"42029302705","tract",2019,"education_score",122.76
"42029302706","tract",2019,"education_score",118.06
"42029302802","tract",2019,"education_score",131.51
"42029302803","tract",2019,"education_score",144.73
"42029302804","tract",2019,"education_score",126.32
"42029302805","tract",2019,"education_score",120.42
"42029302901","tract",2019,"education_score",130.01
"42029302902","tract",2019,"education_score",128.48
"42029303000","tract",2019,"education_score",125.78
"42029303100","tract",2019,"education_score",126.9
"42029303301","tract",2019,"education_score",95.33
"42029303302","tract",2019,"education_score",121.5
"42029303401","tract",2019,"education_score",90.29
"42029303402","tract",2019,"education_score",86.85
"42029303501","tract",2019,"education_score",113.61
"42029303502","tract",2019,"education_score",122.43
"42029303801","tract",2019,"education_score",115.62
"42029303802","tract",2019,"education_score",119.27
"42029303901","tract",2019,"education_score",119.34
"42029303902","tract",2019,"education_score",117.98
"42029304000","tract",2019,"education_score",125.15
"42029304101","tract",2019,"education_score",121.35
"42029304102","tract",2019,"education_score",106.52
"42029304201","tract",2019,"education_score",129.15
"42029304300","tract",2019,"education_score",123.61
"42029304403","tract",2019,"education_score",126.83
"42029304404","tract",2019,"education_score",117.79
"42029304405","tract",2019,"education_score",121.1
"42029304406","tract",2019,"education_score",122.07
"42029304501","tract",2019,"education_score",121.17
"42029304502","tract",2019,"education_score",115.92
"42029304600","tract",2019,"education_score",111.5
"42029304900","tract",2019,"education_score",89.23
"42029305000","tract",2019,"education_score",104.54
"42029305101","tract",2019,"education_score",108.32
"42029305102","tract",2019,"education_score",111.13
"42029305300","tract",2019,"education_score",106.49
"42029305400","tract",2019,"education_score",93.79
"42029305500","tract",2019,"education_score",61.45
"42029305600","tract",2019,"education_score",76.61
"42029305700","tract",2019,"education_score",84.66
"42029306000","tract",2019,"education_score",119.2
"42029306300","tract",2019,"education_score",77.14
"42029306501","tract",2019,"education_score",118.68
"42029306503","tract",2019,"education_score",69.68
"42029306504","tract",2019,"education_score",97.57
"42029306600","tract",2019,"education_score",116.43
"42029306700","tract",2019,"education_score",116.6
"42029306800","tract",2019,"education_score",110.16
"42029306900","tract",2019,"education_score",113.31
"42029307000","tract",2019,"education_score",105.66
"42029307100","tract",2019,"education_score",103.63
"42029307200","tract",2019,"education_score",101.96
"42029307300","tract",2019,"education_score",110.13
"42029307400","tract",2019,"education_score",96.42
"42029307700","tract",2019,"education_score",91.96
"42029307800","tract",2019,"education_score",97.3
"42029307900","tract",2019,"education_score",NA
"42029308000","tract",2019,"education_score",85.27
"42029308101","tract",2019,"education_score",103.51
"42029308102","tract",2019,"education_score",94.84
"42029308200","tract",2019,"education_score",92.35
"42029310400","tract",2019,"education_score",NA
"42029311000","tract",2019,"education_score",108.7
"42029311100","tract",2019,"education_score",132.63
"42029311200","tract",2019,"education_score",124.04
"42029311300","tract",2019,"education_score",NA
"42029311401","tract",2019,"education_score",117.57
"42029311403","tract",2019,"education_score",114.98
"42029311404","tract",2019,"education_score",116.52
"42029311500","tract",2019,"education_score",120.17
"42029311600","tract",2019,"education_score",94.79
"42029311700","tract",2019,"education_score",99.33
"42029311800","tract",2019,"education_score",88.64
"42031160101","tract",2019,"education_score",110.17
"42031160102","tract",2019,"education_score",106.9
"42031160200","tract",2019,"education_score",95.53
"42031160300","tract",2019,"education_score",99.13
"42031160400","tract",2019,"education_score",95.52
"42031160500","tract",2019,"education_score",89.42
"42031160600","tract",2019,"education_score",105.03
"42031160700","tract",2019,"education_score",94.74
"42031160800","tract",2019,"education_score",100.24
"42031160900","tract",2019,"education_score",95.53
"42033330100","tract",2019,"education_score",94.73
"42033330200","tract",2019,"education_score",97.7
"42033330300","tract",2019,"education_score",99.93
"42033330400","tract",2019,"education_score",114.78
"42033330500","tract",2019,"education_score",89.45
"42033330600","tract",2019,"education_score",94.15
"42033330700","tract",2019,"education_score",96.11
"42033330800","tract",2019,"education_score",91.59
"42033330900","tract",2019,"education_score",92.24
"42033331000","tract",2019,"education_score",100.08
"42033331100","tract",2019,"education_score",103.78
"42033331200","tract",2019,"education_score",108.99
"42033331300","tract",2019,"education_score",105.33
"42033331401","tract",2019,"education_score",102.37
"42033331402","tract",2019,"education_score",103.17
"42033331500","tract",2019,"education_score",96.38
"42033331600","tract",2019,"education_score",94.34
"42033331700","tract",2019,"education_score",NA
"42033331800","tract",2019,"education_score",98.19
"42033331900","tract",2019,"education_score",93.08
"42035030100","tract",2019,"education_score",90.97
"42035030200","tract",2019,"education_score",102.73
"42035030300","tract",2019,"education_score",110.12
"42035030400","tract",2019,"education_score",96.55
"42035030500","tract",2019,"education_score",106.7
"42035030600","tract",2019,"education_score",96.73
"42035030700","tract",2019,"education_score",97.71
"42035030800","tract",2019,"education_score",92.12
"42035030900","tract",2019,"education_score",83.01
"42037050100","tract",2019,"education_score",99.04
"42037050200","tract",2019,"education_score",96.1
"42037050300","tract",2019,"education_score",106.98
"42037050400","tract",2019,"education_score",108.21
"42037050500","tract",2019,"education_score",108.36
"42037050600","tract",2019,"education_score",95.3
"42037050700","tract",2019,"education_score",97.61
"42037050800","tract",2019,"education_score",103.21
"42037050900","tract",2019,"education_score",112.51
"42037051000","tract",2019,"education_score",108.61
"42037051100","tract",2019,"education_score",NA
"42037051200","tract",2019,"education_score",97.89
"42037051300","tract",2019,"education_score",108.14
"42037051400","tract",2019,"education_score",104.43
"42037051500","tract",2019,"education_score",104.51
"42039110100","tract",2019,"education_score",64.04
"42039110201","tract",2019,"education_score",105.37
"42039110202","tract",2019,"education_score",101.91
"42039110300","tract",2019,"education_score",90.96
"42039110400","tract",2019,"education_score",98.35
"42039110501","tract",2019,"education_score",94.68
"42039110502","tract",2019,"education_score",107.6
"42039110600","tract",2019,"education_score",108.22
"42039110700","tract",2019,"education_score",103.01
"42039110800","tract",2019,"education_score",99.01
"42039110900","tract",2019,"education_score",91.98
"42039111000","tract",2019,"education_score",92.2
"42039111100","tract",2019,"education_score",88.52
"42039111200","tract",2019,"education_score",97.88
"42039111300","tract",2019,"education_score",96.28
"42039111400","tract",2019,"education_score",110.41
"42039111500","tract",2019,"education_score",106.03
"42039111600","tract",2019,"education_score",96.5
"42039111700","tract",2019,"education_score",96.5
"42039111800","tract",2019,"education_score",101.84
"42039111900","tract",2019,"education_score",81.93
"42039112001","tract",2019,"education_score",101.85
"42039112002","tract",2019,"education_score",103.22
"42041010100","tract",2019,"education_score",96.01
"42041010201","tract",2019,"education_score",110.68
"42041010203","tract",2019,"education_score",115.72
"42041010204","tract",2019,"education_score",114.22
"42041010300","tract",2019,"education_score",111.96
"42041010400","tract",2019,"education_score",121.95
"42041010500","tract",2019,"education_score",111.09
"42041010600","tract",2019,"education_score",107.63
"42041010700","tract",2019,"education_score",116.18
"42041010800","tract",2019,"education_score",108.84
"42041010900","tract",2019,"education_score",124.04
"42041011002","tract",2019,"education_score",115.78
"42041011101","tract",2019,"education_score",126.46
"42041011102","tract",2019,"education_score",115.44
"42041011200","tract",2019,"education_score",102.69
"42041011301","tract",2019,"education_score",117.98
"42041011302","tract",2019,"education_score",123.86
"42041011303","tract",2019,"education_score",116.07
"42041011304","tract",2019,"education_score",111.35
"42041011305","tract",2019,"education_score",119.74
"42041011400","tract",2019,"education_score",111.14
"42041011500","tract",2019,"education_score",117.07
"42041011601","tract",2019,"education_score",114.78
"42041011602","tract",2019,"education_score",115.77
"42041011605","tract",2019,"education_score",115.44
"42041011700","tract",2019,"education_score",117.49
"42041011801","tract",2019,"education_score",114.92
"42041011802","tract",2019,"education_score",116.66
"42041011803","tract",2019,"education_score",101.87
"42041011901","tract",2019,"education_score",110.57
"42041011902","tract",2019,"education_score",109.81
"42041012000","tract",2019,"education_score",102.63
"42041012100","tract",2019,"education_score",109.48
"42041012200","tract",2019,"education_score",100.89
"42041012300","tract",2019,"education_score",NA
"42041012400","tract",2019,"education_score",109.01
"42041012501","tract",2019,"education_score",108.06
"42041012502","tract",2019,"education_score",115.18
"42041012600","tract",2019,"education_score",107.11
"42041012701","tract",2019,"education_score",109.13
"42041012702","tract",2019,"education_score",86.28
"42041012800","tract",2019,"education_score",104.85
"42041012900","tract",2019,"education_score",81.91
"42041013000","tract",2019,"education_score",97.03
"42041013101","tract",2019,"education_score",92.96
"42041013102","tract",2019,"education_score",NA
"42041013200","tract",2019,"education_score",94.32
"42041981001","tract",2019,"education_score",NA
"42041981606","tract",2019,"education_score",NA
"42043020100","tract",2019,"education_score",111.32
"42043020300","tract",2019,"education_score",103.43
"42043020400","tract",2019,"education_score",118.2
"42043020500","tract",2019,"education_score",117.32
"42043020600","tract",2019,"education_score",95.64
"42043020700","tract",2019,"education_score",68.74
"42043020800","tract",2019,"education_score",92.59
"42043020900","tract",2019,"education_score",79.43
"42043021100","tract",2019,"education_score",76.36
"42043021200","tract",2019,"education_score",81.4
"42043021300","tract",2019,"education_score",68.55
"42043021400","tract",2019,"education_score",68.93
"42043021500","tract",2019,"education_score",62.9
"42043021600","tract",2019,"education_score",74.75
"42043021700","tract",2019,"education_score",90.73
"42043021800","tract",2019,"education_score",103.9
"42043021901","tract",2019,"education_score",115.62
"42043021903","tract",2019,"education_score",104.96
"42043021904","tract",2019,"education_score",118.64
"42043022000","tract",2019,"education_score",103.65
"42043022100","tract",2019,"education_score",103.97
"42043022200","tract",2019,"education_score",102.69
"42043022300","tract",2019,"education_score",103.87
"42043022401","tract",2019,"education_score",113.97
"42043022403","tract",2019,"education_score",112.53
"42043022501","tract",2019,"education_score",120.11
"42043022502","tract",2019,"education_score",105.85
"42043022601","tract",2019,"education_score",113.9
"42043022604","tract",2019,"education_score",118.27
"42043022605","tract",2019,"education_score",109.52
"42043022606","tract",2019,"education_score",113.64
"42043022701","tract",2019,"education_score",100.34
"42043022702","tract",2019,"education_score",101.13
"42043022800","tract",2019,"education_score",109.87
"42043022900","tract",2019,"education_score",96.94
"42043023000","tract",2019,"education_score",124.7
"42043023100","tract",2019,"education_score",106.22
"42043023300","tract",2019,"education_score",83.69
"42043023400","tract",2019,"education_score",104.88
"42043023500","tract",2019,"education_score",95.34
"42043023601","tract",2019,"education_score",114.96
"42043023602","tract",2019,"education_score",110.83
"42043023700","tract",2019,"education_score",97.82
"42043023800","tract",2019,"education_score",100.45
"42043023900","tract",2019,"education_score",108.01
"42043024001","tract",2019,"education_score",96.89
"42043024002","tract",2019,"education_score",110.44
"42043024101","tract",2019,"education_score",108.62
"42043024102","tract",2019,"education_score",NA
"42043024104","tract",2019,"education_score",122.35
"42043024105","tract",2019,"education_score",125.45
"42043024200","tract",2019,"education_score",113.48
"42043024300","tract",2019,"education_score",110.34
"42043024400","tract",2019,"education_score",111.77
"42043024502","tract",2019,"education_score",108.11
"42043024503","tract",2019,"education_score",113.28
"42043024600","tract",2019,"education_score",116.6
"42043024700","tract",2019,"education_score",116.31
"42043024800","tract",2019,"education_score",104.06
"42043024900","tract",2019,"education_score",95.05
"42043025000","tract",2019,"education_score",91.46
"42043025100","tract",2019,"education_score",67.04
"42043025200","tract",2019,"education_score",98.28
"42043025300","tract",2019,"education_score",88.53
"42043025400","tract",2019,"education_score",96.76
"42045400301","tract",2019,"education_score",87.23
"42045400302","tract",2019,"education_score",98.83
"42045400401","tract",2019,"education_score",89.61
"42045400402","tract",2019,"education_score",85.8
"42045400500","tract",2019,"education_score",95.05
"42045400600","tract",2019,"education_score",106.39
"42045400700","tract",2019,"education_score",87.28
"42045400801","tract",2019,"education_score",111.73
"42045400802","tract",2019,"education_score",109.25
"42045400900","tract",2019,"education_score",128.22
"42045401000","tract",2019,"education_score",112.11
"42045401101","tract",2019,"education_score",105.71
"42045401103","tract",2019,"education_score",121.75
"42045401104","tract",2019,"education_score",116.21
"42045401200","tract",2019,"education_score",118.77
"42045401301","tract",2019,"education_score",114.68
"42045401302","tract",2019,"education_score",121.54
"42045401401","tract",2019,"education_score",117.47
"42045401402","tract",2019,"education_score",112.71
"42045401501","tract",2019,"education_score",104.5
"42045401502","tract",2019,"education_score",115.46
"42045401600","tract",2019,"education_score",109.26
"42045401700","tract",2019,"education_score",103.15
"42045401800","tract",2019,"education_score",116.22
"42045401900","tract",2019,"education_score",121.07
"42045402000","tract",2019,"education_score",116.74
"42045402100","tract",2019,"education_score",105.16
"42045402200","tract",2019,"education_score",105.79
"42045402300","tract",2019,"education_score",108.86
"42045402400","tract",2019,"education_score",96.67
"42045402500","tract",2019,"education_score",88.99
"42045402600","tract",2019,"education_score",84.82
"42045402700","tract",2019,"education_score",90.43
"42045402800","tract",2019,"education_score",113.8
"42045402900","tract",2019,"education_score",85.71
"42045403001","tract",2019,"education_score",119.51
"42045403002","tract",2019,"education_score",110.54
"42045403101","tract",2019,"education_score",94.92
"42045403103","tract",2019,"education_score",99.46
"42045403104","tract",2019,"education_score",98.01
"42045403200","tract",2019,"education_score",120.04
"42045403300","tract",2019,"education_score",96.57
"42045403401","tract",2019,"education_score",103.51
"42045403402","tract",2019,"education_score",96.77
"42045403501","tract",2019,"education_score",110.41
"42045403502","tract",2019,"education_score",103.91
"42045403601","tract",2019,"education_score",108.42
"42045403602","tract",2019,"education_score",110.99
"42045403701","tract",2019,"education_score",112.55
"42045403702","tract",2019,"education_score",99.47
"42045403800","tract",2019,"education_score",105.65
"42045403901","tract",2019,"education_score",113.03
"42045403902","tract",2019,"education_score",121.21
"42045404003","tract",2019,"education_score",118.8
"42045404004","tract",2019,"education_score",109.77
"42045404101","tract",2019,"education_score",111.24
"42045404102","tract",2019,"education_score",95.5
"42045404103","tract",2019,"education_score",108.23
"42045404300","tract",2019,"education_score",81.88
"42045404400","tract",2019,"education_score",110.63
"42045404500","tract",2019,"education_score",91.28
"42045404600","tract",2019,"education_score",106.2
"42045404700","tract",2019,"education_score",NA
"42045404800","tract",2019,"education_score",74.35
"42045404900","tract",2019,"education_score",81.14
"42045405000","tract",2019,"education_score",86.79
"42045405100","tract",2019,"education_score",88.57
"42045405200","tract",2019,"education_score",94.82
"42045405300","tract",2019,"education_score",78.23
"42045405400","tract",2019,"education_score",93.49
"42045406100","tract",2019,"education_score",103.05
"42045406201","tract",2019,"education_score",108.51
"42045406202","tract",2019,"education_score",109.22
"42045406300","tract",2019,"education_score",98.15
"42045406401","tract",2019,"education_score",86.28
"42045406402","tract",2019,"education_score",81.91
"42045406500","tract",2019,"education_score",81.53
"42045406600","tract",2019,"education_score",88.86
"42045406700","tract",2019,"education_score",89.52
"42045406801","tract",2019,"education_score",109.8
"42045406802","tract",2019,"education_score",98.11
"42045406803","tract",2019,"education_score",124.56
"42045406902","tract",2019,"education_score",106.93
"42045406903","tract",2019,"education_score",106.43
"42045406904","tract",2019,"education_score",115.99
"42045407000","tract",2019,"education_score",119.23
"42045407101","tract",2019,"education_score",123.33
"42045407102","tract",2019,"education_score",121.59
"42045407201","tract",2019,"education_score",131.98
"42045407202","tract",2019,"education_score",127.55
"42045407401","tract",2019,"education_score",133.98
"42045407404","tract",2019,"education_score",115.35
"42045407501","tract",2019,"education_score",130.24
"42045407502","tract",2019,"education_score",127.98
"42045407600","tract",2019,"education_score",119.13
"42045407700","tract",2019,"education_score",113.58
"42045407801","tract",2019,"education_score",123.41
"42045407802","tract",2019,"education_score",118.28
"42045407803","tract",2019,"education_score",113.72
"42045407804","tract",2019,"education_score",120.76
"42045407805","tract",2019,"education_score",113.2
"42045407806","tract",2019,"education_score",114.96
"42045407901","tract",2019,"education_score",134.07
"42045407902","tract",2019,"education_score",121.97
"42045407903","tract",2019,"education_score",127.08
"42045408001","tract",2019,"education_score",118.33
"42045408002","tract",2019,"education_score",123.02
"42045408101","tract",2019,"education_score",115.18
"42045408102","tract",2019,"education_score",112.81
"42045408103","tract",2019,"education_score",108.61
"42045408300","tract",2019,"education_score",121.28
"42045408400","tract",2019,"education_score",139.97
"42045408500","tract",2019,"education_score",124.68
"42045408600","tract",2019,"education_score",124.82
"42045408700","tract",2019,"education_score",124.19
"42045408800","tract",2019,"education_score",123.76
"42045408900","tract",2019,"education_score",132.27
"42045409000","tract",2019,"education_score",117
"42045409100","tract",2019,"education_score",124.1
"42045409200","tract",2019,"education_score",116.48
"42045409300","tract",2019,"education_score",118.22
"42045409400","tract",2019,"education_score",120.18
"42045409500","tract",2019,"education_score",117.21
"42045409601","tract",2019,"education_score",127.98
"42045409602","tract",2019,"education_score",105.54
"42045409701","tract",2019,"education_score",119.72
"42045409702","tract",2019,"education_score",NA
"42045409802","tract",2019,"education_score",NA
"42045409803","tract",2019,"education_score",116.09
"42045409902","tract",2019,"education_score",125.55
"42045409903","tract",2019,"education_score",125.26
"42045409904","tract",2019,"education_score",132.76
"42045410000","tract",2019,"education_score",131.98
"42045410100","tract",2019,"education_score",123.67
"42045410200","tract",2019,"education_score",123.19
"42045410301","tract",2019,"education_score",113.55
"42045410302","tract",2019,"education_score",123.97
"42045410400","tract",2019,"education_score",124.42
"42045410500","tract",2019,"education_score",83.63
"42045410601","tract",2019,"education_score",108.84
"42045410602","tract",2019,"education_score",112.27
"42045410700","tract",2019,"education_score",82.08
"42045410800","tract",2019,"education_score",124.82
"42045980000","tract",2019,"education_score",NA
"42047950100","tract",2019,"education_score",108.56
"42047950200","tract",2019,"education_score",106.05
"42047950400","tract",2019,"education_score",102.61
"42047950500","tract",2019,"education_score",94.78
"42047950900","tract",2019,"education_score",102.24
"42047951000","tract",2019,"education_score",94.64
"42047951100","tract",2019,"education_score",107.27
"42047951200","tract",2019,"education_score",106.59
"42047951300","tract",2019,"education_score",111.97
"42049000100","tract",2019,"education_score",79.74
"42049000200","tract",2019,"education_score",123.28
"42049000300","tract",2019,"education_score",90.52
"42049000400","tract",2019,"education_score",86.26
"42049000500","tract",2019,"education_score",68.08
"42049000600","tract",2019,"education_score",93.28
"42049000700","tract",2019,"education_score",61.73
"42049000800","tract",2019,"education_score",74.59
"42049000900","tract",2019,"education_score",96.7
"42049001000","tract",2019,"education_score",98.79
"42049001100","tract",2019,"education_score",91.08
"42049001200","tract",2019,"education_score",84.57
"42049001300","tract",2019,"education_score",57.05
"42049001400","tract",2019,"education_score",NA
"42049001500","tract",2019,"education_score",55.32
"42049001600","tract",2019,"education_score",95.66
"42049001700","tract",2019,"education_score",69.78
"42049001800","tract",2019,"education_score",64.95
"42049001900","tract",2019,"education_score",96.53
"42049002000","tract",2019,"education_score",88.8
"42049002100","tract",2019,"education_score",106.96
"42049002200","tract",2019,"education_score",103.99
"42049002300","tract",2019,"education_score",82.67
"42049002400","tract",2019,"education_score",97.76
"42049002500","tract",2019,"education_score",90.13
"42049002600","tract",2019,"education_score",101.59
"42049002700","tract",2019,"education_score",96.78
"42049002800","tract",2019,"education_score",99.14
"42049002900","tract",2019,"education_score",123.45
"42049003000","tract",2019,"education_score",103
"42049010101","tract",2019,"education_score",106.34
"42049010103","tract",2019,"education_score",94.2
"42049010104","tract",2019,"education_score",100.68
"42049010107","tract",2019,"education_score",97.22
"42049010201","tract",2019,"education_score",95.27
"42049010202","tract",2019,"education_score",97.77
"42049010301","tract",2019,"education_score",109.24
"42049010303","tract",2019,"education_score",108.26
"42049010304","tract",2019,"education_score",126.02
"42049010400","tract",2019,"education_score",106.81
"42049010500","tract",2019,"education_score",119.67
"42049010700","tract",2019,"education_score",98.87
"42049010800","tract",2019,"education_score",102.13
"42049010902","tract",2019,"education_score",111.77
"42049010903","tract",2019,"education_score",117.73
"42049010904","tract",2019,"education_score",119.78
"42049011001","tract",2019,"education_score",121.2
"42049011002","tract",2019,"education_score",123.65
"42049011101","tract",2019,"education_score",108.32
"42049011102","tract",2019,"education_score",123.88
"42049011201","tract",2019,"education_score",110.21
"42049011202","tract",2019,"education_score",109.97
"42049011300","tract",2019,"education_score",102.34
"42049011400","tract",2019,"education_score",101.77
"42049011503","tract",2019,"education_score",115.28
"42049011505","tract",2019,"education_score",106.81
"42049011507","tract",2019,"education_score",111.45
"42049011600","tract",2019,"education_score",97.95
"42049011701","tract",2019,"education_score",113.52
"42049011702","tract",2019,"education_score",101.31
"42049011801","tract",2019,"education_score",96.8
"42049011802","tract",2019,"education_score",102.5
"42049011900","tract",2019,"education_score",94.18
"42049012001","tract",2019,"education_score",97.18
"42049012002","tract",2019,"education_score",93.09
"42049012100","tract",2019,"education_score",97.34
"42049012201","tract",2019,"education_score",113
"42049012202","tract",2019,"education_score",103.64
"42049012300","tract",2019,"education_score",97.17
"42049012400","tract",2019,"education_score",108.85
"42049980109","tract",2019,"education_score",NA
"42049990000","tract",2019,"education_score",NA
"42051260100","tract",2019,"education_score",100.11
"42051260200","tract",2019,"education_score",105.78
"42051260300","tract",2019,"education_score",98.38
"42051260401","tract",2019,"education_score",99.56
"42051260402","tract",2019,"education_score",103.78
"42051260500","tract",2019,"education_score",87.09
"42051260600","tract",2019,"education_score",95.57
"42051260700","tract",2019,"education_score",100.93
"42051260800","tract",2019,"education_score",95.95
"42051260900","tract",2019,"education_score",103.29
"42051261000","tract",2019,"education_score",108.03
"42051261100","tract",2019,"education_score",103.98
"42051261200","tract",2019,"education_score",97.85
"42051261300","tract",2019,"education_score",NA
"42051261401","tract",2019,"education_score",97.04
"42051261402","tract",2019,"education_score",95.37
"42051261500","tract",2019,"education_score",106.5
"42051261600","tract",2019,"education_score",88.13
"42051261700","tract",2019,"education_score",99.31
"42051261800","tract",2019,"education_score",95.77
"42051261900","tract",2019,"education_score",96.27
"42051262000","tract",2019,"education_score",114.66
"42051262100","tract",2019,"education_score",103.82
"42051262200","tract",2019,"education_score",106.89
"42051262300","tract",2019,"education_score",81.8
"42051262400","tract",2019,"education_score",109.54
"42051262500","tract",2019,"education_score",102.87
"42051262600","tract",2019,"education_score",102.48
"42051262701","tract",2019,"education_score",104.3
"42051262702","tract",2019,"education_score",96.74
"42051262800","tract",2019,"education_score",102.34
"42051262900","tract",2019,"education_score",97.3
"42051263000","tract",2019,"education_score",93.24
"42051263100","tract",2019,"education_score",93.92
"42051263200","tract",2019,"education_score",101.26
"42051263300","tract",2019,"education_score",99
"42053530100","tract",2019,"education_score",NA
"42053530201","tract",2019,"education_score",102.48
"42053530300","tract",2019,"education_score",91.5
"42055010100","tract",2019,"education_score",87.82
"42055010200","tract",2019,"education_score",84.49
"42055010300","tract",2019,"education_score",96.5
"42055010400","tract",2019,"education_score",107.06
"42055010500","tract",2019,"education_score",99.49
"42055010600","tract",2019,"education_score",118.21
"42055010700","tract",2019,"education_score",111.9
"42055010800","tract",2019,"education_score",101.1
"42055010900","tract",2019,"education_score",91.69
"42055011000","tract",2019,"education_score",80.88
"42055011100","tract",2019,"education_score",100.39
"42055011200","tract",2019,"education_score",76.59
"42055011301","tract",2019,"education_score",104.7
"42055011302","tract",2019,"education_score",96.1
"42055011400","tract",2019,"education_score",89.97
"42055011500","tract",2019,"education_score",102.57
"42055011600","tract",2019,"education_score",97.66
"42055011700","tract",2019,"education_score",102.78
"42055011800","tract",2019,"education_score",108.33
"42055011900","tract",2019,"education_score",96.42
"42055012000","tract",2019,"education_score",79.45
"42055012100","tract",2019,"education_score",98.8
"42055012200","tract",2019,"education_score",101.46
"42055012300","tract",2019,"education_score",95.19
"42055012400","tract",2019,"education_score",96.89
"42055012501","tract",2019,"education_score",107.91
"42055012502","tract",2019,"education_score",97.91
"42057960100","tract",2019,"education_score",95.71
"42057960200","tract",2019,"education_score",95.23
"42057960300","tract",2019,"education_score",98.18
"42059970100","tract",2019,"education_score",101.06
"42059970200","tract",2019,"education_score",104.03
"42059970300","tract",2019,"education_score",102.67
"42059970400","tract",2019,"education_score",89.67
"42059970501","tract",2019,"education_score",NA
"42059970502","tract",2019,"education_score",98.72
"42059970600","tract",2019,"education_score",89.72
"42059970700","tract",2019,"education_score",109.58
"42059970800","tract",2019,"education_score",92.85
"42061950100","tract",2019,"education_score",106.66
"42061950200","tract",2019,"education_score",111.78
"42061950300","tract",2019,"education_score",NA
"42061950400","tract",2019,"education_score",101.93
"42061950500","tract",2019,"education_score",100.14
"42061950600","tract",2019,"education_score",104.62
"42061950800","tract",2019,"education_score",102.77
"42061950900","tract",2019,"education_score",96.07
"42061951000","tract",2019,"education_score",98.88
"42061951100","tract",2019,"education_score",94.63
"42061951200","tract",2019,"education_score",94.09
"42061951300","tract",2019,"education_score",93.49
"42063960100","tract",2019,"education_score",67.26
"42063960200","tract",2019,"education_score",66.08
"42063960300","tract",2019,"education_score",93.52
"42063960400","tract",2019,"education_score",90.59
"42063960500","tract",2019,"education_score",110.54
"42063960600","tract",2019,"education_score",99.49
"42063960700","tract",2019,"education_score",108.62
"42063960800","tract",2019,"education_score",110.49
"42063960900","tract",2019,"education_score",114.21
"42063961000","tract",2019,"education_score",105.87
"42063961101","tract",2019,"education_score",100.6
"42063961102","tract",2019,"education_score",NA
"42063961200","tract",2019,"education_score",111.53
"42063961300","tract",2019,"education_score",101.49
"42063961400","tract",2019,"education_score",100.48
"42063961500","tract",2019,"education_score",89.22
"42063961600","tract",2019,"education_score",113.33
"42063961700","tract",2019,"education_score",105.4
"42063961800","tract",2019,"education_score",104.92
"42063961900","tract",2019,"education_score",101.91
"42063962000","tract",2019,"education_score",101.77
"42063962100","tract",2019,"education_score",104.47
"42063962200","tract",2019,"education_score",100.96
"42065950100","tract",2019,"education_score",94.53
"42065950200","tract",2019,"education_score",96.35
"42065950300","tract",2019,"education_score",97.19
"42065950400","tract",2019,"education_score",97.68
"42065950500","tract",2019,"education_score",108.38
"42065950600","tract",2019,"education_score",100.64
"42065950700","tract",2019,"education_score",100.14
"42065950800","tract",2019,"education_score",103.96
"42065950900","tract",2019,"education_score",92.98
"42065951000","tract",2019,"education_score",75.11
"42065951100","tract",2019,"education_score",109.47
"42065951200","tract",2019,"education_score",81.32
"42065951300","tract",2019,"education_score",99.81
"42067070100","tract",2019,"education_score",93.47
"42067070201","tract",2019,"education_score",92.3
"42067070202","tract",2019,"education_score",98.29
"42067070300","tract",2019,"education_score",81.24
"42067070400","tract",2019,"education_score",84.55
"42069100200","tract",2019,"education_score",86.26
"42069100300","tract",2019,"education_score",NA
"42069100400","tract",2019,"education_score",104.69
"42069100500","tract",2019,"education_score",112.13
"42069100600","tract",2019,"education_score",80.97
"42069100800","tract",2019,"education_score",87.49
"42069100900","tract",2019,"education_score",100.32
"42069101000","tract",2019,"education_score",111.07
"42069101100","tract",2019,"education_score",93.06
"42069101200","tract",2019,"education_score",100.15
"42069101300","tract",2019,"education_score",94.38
"42069101400","tract",2019,"education_score",77.97
"42069101600","tract",2019,"education_score",86.84
"42069101700","tract",2019,"education_score",104.8
"42069101800","tract",2019,"education_score",100.09
"42069101900","tract",2019,"education_score",92.98
"42069102000","tract",2019,"education_score",85.35
"42069102100","tract",2019,"education_score",106.2
"42069102200","tract",2019,"education_score",98.9
"42069102300","tract",2019,"education_score",99.48
"42069102500","tract",2019,"education_score",78.96
"42069102600","tract",2019,"education_score",79.09
"42069102700","tract",2019,"education_score",93.07
"42069102800","tract",2019,"education_score",115.41
"42069102900","tract",2019,"education_score",81.38
"42069103000","tract",2019,"education_score",93.95
"42069103100","tract",2019,"education_score",104.6
"42069110100","tract",2019,"education_score",103.68
"42069110201","tract",2019,"education_score",113.59
"42069110202","tract",2019,"education_score",105
"42069110300","tract",2019,"education_score",113.5
"42069110401","tract",2019,"education_score",123.5
"42069110402","tract",2019,"education_score",129.73
"42069110403","tract",2019,"education_score",108.97
"42069110500","tract",2019,"education_score",112.52
"42069110600","tract",2019,"education_score",104.97
"42069110700","tract",2019,"education_score",96.77
"42069110800","tract",2019,"education_score",94.78
"42069110900","tract",2019,"education_score",103.16
"42069111000","tract",2019,"education_score",109.91
"42069111100","tract",2019,"education_score",107.46
"42069111200","tract",2019,"education_score",113.97
"42069111300","tract",2019,"education_score",113.38
"42069111400","tract",2019,"education_score",93.96
"42069111500","tract",2019,"education_score",107.94
"42069111600","tract",2019,"education_score",109.79
"42069111700","tract",2019,"education_score",105.64
"42069111800","tract",2019,"education_score",106.88
"42069112000","tract",2019,"education_score",105.33
"42069112100","tract",2019,"education_score",116.42
"42069112200","tract",2019,"education_score",116.92
"42069112300","tract",2019,"education_score",102.01
"42069112400","tract",2019,"education_score",99.48
"42069112500","tract",2019,"education_score",99.21
"42069112600","tract",2019,"education_score",111.18
"42069112700","tract",2019,"education_score",115.03
"42069112800","tract",2019,"education_score",108.53
"42069112901","tract",2019,"education_score",108.51
"42069112902","tract",2019,"education_score",107.94
"42071000100","tract",2019,"education_score",80.92
"42071000200","tract",2019,"education_score",77.04
"42071000300","tract",2019,"education_score",98.69
"42071000400","tract",2019,"education_score",88.45
"42071000500","tract",2019,"education_score",97.12
"42071000600","tract",2019,"education_score",116.42
"42071000700","tract",2019,"education_score",91.93
"42071000800","tract",2019,"education_score",70.62
"42071000900","tract",2019,"education_score",64.33
"42071001000","tract",2019,"education_score",79.46
"42071001100","tract",2019,"education_score",99.72
"42071001200","tract",2019,"education_score",88.97
"42071001400","tract",2019,"education_score",64.13
"42071010101","tract",2019,"education_score",89.67
"42071010102","tract",2019,"education_score",91.3
"42071010201","tract",2019,"education_score",84.59
"42071010202","tract",2019,"education_score",77.88
"42071010300","tract",2019,"education_score",101.26
"42071010400","tract",2019,"education_score",99.25
"42071010501","tract",2019,"education_score",103.36
"42071010502","tract",2019,"education_score",108.36
"42071010600","tract",2019,"education_score",106.57
"42071010701","tract",2019,"education_score",98.22
"42071010702","tract",2019,"education_score",98.33
"42071010801","tract",2019,"education_score",108.78
"42071010802","tract",2019,"education_score",103.46
"42071010900","tract",2019,"education_score",107.36
"42071011000","tract",2019,"education_score",106.81
"42071011100","tract",2019,"education_score",102.83
"42071011200","tract",2019,"education_score",81.3
"42071011300","tract",2019,"education_score",103.59
"42071011400","tract",2019,"education_score",85.96
"42071011502","tract",2019,"education_score",93.64
"42071011503","tract",2019,"education_score",104.98
"42071011504","tract",2019,"education_score",109.94
"42071011600","tract",2019,"education_score",106.78
"42071011701","tract",2019,"education_score",115.49
"42071011703","tract",2019,"education_score",116.39
"42071011704","tract",2019,"education_score",112.98
"42071011705","tract",2019,"education_score",116.04
"42071011801","tract",2019,"education_score",116.82
"42071011802","tract",2019,"education_score",112.5
"42071011803","tract",2019,"education_score",103.06
"42071011804","tract",2019,"education_score",111.68
"42071011805","tract",2019,"education_score",113.75
"42071011901","tract",2019,"education_score",114.67
"42071011902","tract",2019,"education_score",112.56
"42071012001","tract",2019,"education_score",112.29
"42071012002","tract",2019,"education_score",106.04
"42071012102","tract",2019,"education_score",100.82
"42071012103","tract",2019,"education_score",113.14
"42071012104","tract",2019,"education_score",101.97
"42071012200","tract",2019,"education_score",81.99
"42071012301","tract",2019,"education_score",107.48
"42071012302","tract",2019,"education_score",98.49
"42071012402","tract",2019,"education_score",101.52
"42071012403","tract",2019,"education_score",93.98
"42071012404","tract",2019,"education_score",86.51
"42071012501","tract",2019,"education_score",102.41
"42071012502","tract",2019,"education_score",87.81
"42071012601","tract",2019,"education_score",74.64
"42071012602","tract",2019,"education_score",58.61
"42071012700","tract",2019,"education_score",70.28
"42071012800","tract",2019,"education_score",89.13
"42071012900","tract",2019,"education_score",52.88
"42071013000","tract",2019,"education_score",78.24
"42071013101","tract",2019,"education_score",82.15
"42071013102","tract",2019,"education_score",75.75
"42071013202","tract",2019,"education_score",91.46
"42071013203","tract",2019,"education_score",97.75
"42071013204","tract",2019,"education_score",67.21
"42071013301","tract",2019,"education_score",100.6
"42071013303","tract",2019,"education_score",102.94
"42071013304","tract",2019,"education_score",104.8
"42071013400","tract",2019,"education_score",104.9
"42071013501","tract",2019,"education_score",100.82
"42071013502","tract",2019,"education_score",105.57
"42071013503","tract",2019,"education_score",120.27
"42071013601","tract",2019,"education_score",95.49
"42071013602","tract",2019,"education_score",106.76
"42071013701","tract",2019,"education_score",96.62
"42071013702","tract",2019,"education_score",106.07
"42071013800","tract",2019,"education_score",103.9
"42071013901","tract",2019,"education_score",107.45
"42071013902","tract",2019,"education_score",104.81
"42071014000","tract",2019,"education_score",98.11
"42071014101","tract",2019,"education_score",42.06
"42071014102","tract",2019,"education_score",62.4
"42071014201","tract",2019,"education_score",53.23
"42071014202","tract",2019,"education_score",68.19
"42071014300","tract",2019,"education_score",55.76
"42071014401","tract",2019,"education_score",82.79
"42071014402","tract",2019,"education_score",73.3
"42071014501","tract",2019,"education_score",102.73
"42071014502","tract",2019,"education_score",70.03
"42071014601","tract",2019,"education_score",88.25
"42071014602","tract",2019,"education_score",80.9
"42071014700","tract",2019,"education_score",54.27
"42073000100","tract",2019,"education_score",103.92
"42073000200","tract",2019,"education_score",94.64
"42073000300","tract",2019,"education_score",98.58
"42073000400","tract",2019,"education_score",88.09
"42073000600","tract",2019,"education_score",82.26
"42073000700","tract",2019,"education_score",93.02
"42073000800","tract",2019,"education_score",96.85
"42073000900","tract",2019,"education_score",92.93
"42073001000","tract",2019,"education_score",98.48
"42073010100","tract",2019,"education_score",106.57
"42073010201","tract",2019,"education_score",121.99
"42073010202","tract",2019,"education_score",86.33
"42073010300","tract",2019,"education_score",NA
"42073010400","tract",2019,"education_score",88.48
"42073010500","tract",2019,"education_score",104.45
"42073010600","tract",2019,"education_score",108.38
"42073010700","tract",2019,"education_score",99.86
"42073010800","tract",2019,"education_score",117.87
"42073010900","tract",2019,"education_score",92.81
"42073011000","tract",2019,"education_score",106.87
"42073011100","tract",2019,"education_score",103.06
"42073011200","tract",2019,"education_score",105.99
"42073011300","tract",2019,"education_score",99.57
"42073011400","tract",2019,"education_score",97.83
"42073011500","tract",2019,"education_score",107.57
"42073011600","tract",2019,"education_score",110.51
"42073011700","tract",2019,"education_score",110.8
"42073011800","tract",2019,"education_score",88.27
"42075000100","tract",2019,"education_score",92.28
"42075000200","tract",2019,"education_score",98.49
"42075000300","tract",2019,"education_score",66.84
"42075000401","tract",2019,"education_score",84.02
"42075000402","tract",2019,"education_score",86.8
"42075000500","tract",2019,"education_score",88.12
"42075002000","tract",2019,"education_score",107.81
"42075002100","tract",2019,"education_score",90.94
"42075002200","tract",2019,"education_score",93.01
"42075002300","tract",2019,"education_score",102.26
"42075002400","tract",2019,"education_score",93.18
"42075002500","tract",2019,"education_score",96.83
"42075002600","tract",2019,"education_score",112.16
"42075002701","tract",2019,"education_score",101.32
"42075002702","tract",2019,"education_score",88.11
"42075002800","tract",2019,"education_score",95.7
"42075002900","tract",2019,"education_score",99.09
"42075003000","tract",2019,"education_score",83.6
"42075003100","tract",2019,"education_score",82.5
"42075003200","tract",2019,"education_score",98.07
"42075003300","tract",2019,"education_score",86.85
"42075003400","tract",2019,"education_score",105.27
"42075003500","tract",2019,"education_score",97.11
"42075003600","tract",2019,"education_score",94.1
"42075003700","tract",2019,"education_score",97.5
"42075003800","tract",2019,"education_score",120.05
"42075003901","tract",2019,"education_score",92.73
"42075003902","tract",2019,"education_score",105.85
"42075004000","tract",2019,"education_score",107.93
"42075004100","tract",2019,"education_score",111.15
"42075004200","tract",2019,"education_score",120.35
"42077000101","tract",2019,"education_score",100.55
"42077000102","tract",2019,"education_score",89.7
"42077000400","tract",2019,"education_score",47.25
"42077000500","tract",2019,"education_score",68.43
"42077000600","tract",2019,"education_score",90.07
"42077000700","tract",2019,"education_score",65.81
"42077000800","tract",2019,"education_score",55.39
"42077000900","tract",2019,"education_score",63.58
"42077001000","tract",2019,"education_score",66.79
"42077001200","tract",2019,"education_score",NA
"42077001401","tract",2019,"education_score",73.61
"42077001402","tract",2019,"education_score",102.64
"42077001501","tract",2019,"education_score",98.83
"42077001502","tract",2019,"education_score",103.07
"42077001600","tract",2019,"education_score",59.97
"42077001700","tract",2019,"education_score",56.55
"42077001800","tract",2019,"education_score",69.12
"42077001900","tract",2019,"education_score",73.26
"42077002000","tract",2019,"education_score",64.28
"42077002100","tract",2019,"education_score",91.72
"42077002201","tract",2019,"education_score",107.81
"42077002202","tract",2019,"education_score",NA
"42077002301","tract",2019,"education_score",116.8
"42077002302","tract",2019,"education_score",106.02
"42077005100","tract",2019,"education_score",98.18
"42077005200","tract",2019,"education_score",112.88
"42077005301","tract",2019,"education_score",109.5
"42077005302","tract",2019,"education_score",118.41
"42077005401","tract",2019,"education_score",110.75
"42077005402","tract",2019,"education_score",108.59
"42077005503","tract",2019,"education_score",116.12
"42077005504","tract",2019,"education_score",107.19
"42077005505","tract",2019,"education_score",114.35
"42077005506","tract",2019,"education_score",104.43
"42077005601","tract",2019,"education_score",108.83
"42077005602","tract",2019,"education_score",100.37
"42077005702","tract",2019,"education_score",105.6
"42077005703","tract",2019,"education_score",101.81
"42077005704","tract",2019,"education_score",104.39
"42077005705","tract",2019,"education_score",111.74
"42077005800","tract",2019,"education_score",105.13
"42077005901","tract",2019,"education_score",107.41
"42077005902","tract",2019,"education_score",104.17
"42077006001","tract",2019,"education_score",111.24
"42077006002","tract",2019,"education_score",117.92
"42077006101","tract",2019,"education_score",116.11
"42077006102","tract",2019,"education_score",110.02
"42077006202","tract",2019,"education_score",115.92
"42077006203","tract",2019,"education_score",122.21
"42077006204","tract",2019,"education_score",112.63
"42077006302","tract",2019,"education_score",114.05
"42077006303","tract",2019,"education_score",113.11
"42077006304","tract",2019,"education_score",113.6
"42077006305","tract",2019,"education_score",110.74
"42077006307","tract",2019,"education_score",121.7
"42077006308","tract",2019,"education_score",121.01
"42077006401","tract",2019,"education_score",113.44
"42077006402","tract",2019,"education_score",116.08
"42077006500","tract",2019,"education_score",99.69
"42077006600","tract",2019,"education_score",124.83
"42077006701","tract",2019,"education_score",101.76
"42077006702","tract",2019,"education_score",106.45
"42077006703","tract",2019,"education_score",118.39
"42077006800","tract",2019,"education_score",100.39
"42077006902","tract",2019,"education_score",103.64
"42077006903","tract",2019,"education_score",108.2
"42077006905","tract",2019,"education_score",116.32
"42077006906","tract",2019,"education_score",116.84
"42077007000","tract",2019,"education_score",118.51
"42077009100","tract",2019,"education_score",108.03
"42077009200","tract",2019,"education_score",115.28
"42077009300","tract",2019,"education_score",113.88
"42077009400","tract",2019,"education_score",101.25
"42077009500","tract",2019,"education_score",103.71
"42077009600","tract",2019,"education_score",79.32
"42077009700","tract",2019,"education_score",89.86
"42079200100","tract",2019,"education_score",NA
"42079200200","tract",2019,"education_score",96.2
"42079200300","tract",2019,"education_score",107.11
"42079200400","tract",2019,"education_score",87.67
"42079200500","tract",2019,"education_score",101.22
"42079200600","tract",2019,"education_score",97.88
"42079200700","tract",2019,"education_score",79.98
"42079200800","tract",2019,"education_score",75.55
"42079200900","tract",2019,"education_score",75.49
"42079201000","tract",2019,"education_score",77.96
"42079201100","tract",2019,"education_score",82.93
"42079201200","tract",2019,"education_score",NA
"42079201300","tract",2019,"education_score",81.95
"42079201400","tract",2019,"education_score",89.53
"42079201500","tract",2019,"education_score",97.29
"42079201600","tract",2019,"education_score",106.19
"42079210100","tract",2019,"education_score",104.21
"42079210200","tract",2019,"education_score",106.49
"42079210300","tract",2019,"education_score",108.42
"42079210400","tract",2019,"education_score",107.17
"42079210500","tract",2019,"education_score",111.7
"42079210600","tract",2019,"education_score",99.47
"42079210700","tract",2019,"education_score",89.44
"42079210800","tract",2019,"education_score",96.28
"42079210900","tract",2019,"education_score",84.35
"42079211000","tract",2019,"education_score",111.28
"42079211101","tract",2019,"education_score",103.56
"42079211102","tract",2019,"education_score",110.33
"42079211201","tract",2019,"education_score",118.64
"42079211203","tract",2019,"education_score",120.9
"42079211204","tract",2019,"education_score",110.16
"42079211205","tract",2019,"education_score",122.11
"42079211301","tract",2019,"education_score",NA
"42079211302","tract",2019,"education_score",112.91
"42079211303","tract",2019,"education_score",117.46
"42079211304","tract",2019,"education_score",102.69
"42079211400","tract",2019,"education_score",118.64
"42079211500","tract",2019,"education_score",111.93
"42079211600","tract",2019,"education_score",113.13
"42079211701","tract",2019,"education_score",116.88
"42079211702","tract",2019,"education_score",120.66
"42079211800","tract",2019,"education_score",105.95
"42079211900","tract",2019,"education_score",114.99
"42079212000","tract",2019,"education_score",108.28
"42079212100","tract",2019,"education_score",115.95
"42079212200","tract",2019,"education_score",117.15
"42079212300","tract",2019,"education_score",111.72
"42079212700","tract",2019,"education_score",95.34
"42079212800","tract",2019,"education_score",126.4
"42079212900","tract",2019,"education_score",108.59
"42079213000","tract",2019,"education_score",108.2
"42079213100","tract",2019,"education_score",110.99
"42079213200","tract",2019,"education_score",101.94
"42079213300","tract",2019,"education_score",110.72
"42079213400","tract",2019,"education_score",113.96
"42079213600","tract",2019,"education_score",92.86
"42079213700","tract",2019,"education_score",95.87
"42079213800","tract",2019,"education_score",102.05
"42079213900","tract",2019,"education_score",96.27
"42079214000","tract",2019,"education_score",108.95
"42079214100","tract",2019,"education_score",85.15
"42079214200","tract",2019,"education_score",93.53
"42079214300","tract",2019,"education_score",100.03
"42079214400","tract",2019,"education_score",106.3
"42079214500","tract",2019,"education_score",104.14
"42079214600","tract",2019,"education_score",104.45
"42079214900","tract",2019,"education_score",103.78
"42079215000","tract",2019,"education_score",95.73
"42079215100","tract",2019,"education_score",90.82
"42079215200","tract",2019,"education_score",100.49
"42079215300","tract",2019,"education_score",114.28
"42079215400","tract",2019,"education_score",110.86
"42079215501","tract",2019,"education_score",114.41
"42079215502","tract",2019,"education_score",115.1
"42079215503","tract",2019,"education_score",115.15
"42079215504","tract",2019,"education_score",108.57
"42079215600","tract",2019,"education_score",107.7
"42079215701","tract",2019,"education_score",100.37
"42079215702","tract",2019,"education_score",105.97
"42079215800","tract",2019,"education_score",99.04
"42079215900","tract",2019,"education_score",103.24
"42079216000","tract",2019,"education_score",79.86
"42079216100","tract",2019,"education_score",106.21
"42079216200","tract",2019,"education_score",104.43
"42079216400","tract",2019,"education_score",110.1
"42079216501","tract",2019,"education_score",112.22
"42079216502","tract",2019,"education_score",102.23
"42079216600","tract",2019,"education_score",114.64
"42079216700","tract",2019,"education_score",89.01
"42079216800","tract",2019,"education_score",95.36
"42079216900","tract",2019,"education_score",102.17
"42079217001","tract",2019,"education_score",95.79
"42079217002","tract",2019,"education_score",98.97
"42079217100","tract",2019,"education_score",85.07
"42079217200","tract",2019,"education_score",55.43
"42079217300","tract",2019,"education_score",113.04
"42079217400","tract",2019,"education_score",67.11
"42079217500","tract",2019,"education_score",53.01
"42079217600","tract",2019,"education_score",56.02
"42079217700","tract",2019,"education_score",76.61
"42079217800","tract",2019,"education_score",71.28
"42079217900","tract",2019,"education_score",79.62
"42079218000","tract",2019,"education_score",104.06
"42079980100","tract",2019,"education_score",NA
"42081000100","tract",2019,"education_score",111.35
"42081000200","tract",2019,"education_score",114.61
"42081000300","tract",2019,"education_score",90.08
"42081000400","tract",2019,"education_score",99.78
"42081000500","tract",2019,"education_score",NA
"42081000600","tract",2019,"education_score",102.73
"42081000800","tract",2019,"education_score",NA
"42081000900","tract",2019,"education_score",95.31
"42081001000","tract",2019,"education_score",100.46
"42081010100","tract",2019,"education_score",97.37
"42081010200","tract",2019,"education_score",105.14
"42081010300","tract",2019,"education_score",100.15
"42081010400","tract",2019,"education_score",104.9
"42081010500","tract",2019,"education_score",108.14
"42081010600","tract",2019,"education_score",100.76
"42081010700","tract",2019,"education_score",98.83
"42081010800","tract",2019,"education_score",101.92
"42081010900","tract",2019,"education_score",116.68
"42081011000","tract",2019,"education_score",107.79
"42081011100","tract",2019,"education_score",108.63
"42081011200","tract",2019,"education_score",118.18
"42081011301","tract",2019,"education_score",99.65
"42081011302","tract",2019,"education_score",105.01
"42081011400","tract",2019,"education_score",95.53
"42081011601","tract",2019,"education_score",107.91
"42081011602","tract",2019,"education_score",106.14
"42081011700","tract",2019,"education_score",92.04
"42081011800","tract",2019,"education_score",101.61
"42081011900","tract",2019,"education_score",90.25
"42083420100","tract",2019,"education_score",115.95
"42083420200","tract",2019,"education_score",77.87
"42083420300","tract",2019,"education_score",99.95
"42083420400","tract",2019,"education_score",101.95
"42083420500","tract",2019,"education_score",104.68
"42083420600","tract",2019,"education_score",101.14
"42083420700","tract",2019,"education_score",101.31
"42083420800","tract",2019,"education_score",102.22
"42083420900","tract",2019,"education_score",100.56
"42083421000","tract",2019,"education_score",NA
"42083421100","tract",2019,"education_score",100.31
"42083421200","tract",2019,"education_score",104.9
"42085030100","tract",2019,"education_score",92.05
"42085030300","tract",2019,"education_score",88.35
"42085030400","tract",2019,"education_score",107.89
"42085030500","tract",2019,"education_score",84
"42085030900","tract",2019,"education_score",96.16
"42085031100","tract",2019,"education_score",93.19
"42085031200","tract",2019,"education_score",114.54
"42085031300","tract",2019,"education_score",114.83
"42085031400","tract",2019,"education_score",109.65
"42085031700","tract",2019,"education_score",108.65
"42085031800","tract",2019,"education_score",95.75
"42085031900","tract",2019,"education_score",107.47
"42085032000","tract",2019,"education_score",91.86
"42085032100","tract",2019,"education_score",93.03
"42085032200","tract",2019,"education_score",100.37
"42085032300","tract",2019,"education_score",112.77
"42085032400","tract",2019,"education_score",111.09
"42085032501","tract",2019,"education_score",90.92
"42085032502","tract",2019,"education_score",105.46
"42085032601","tract",2019,"education_score",102.26
"42085032602","tract",2019,"education_score",NA
"42085032701","tract",2019,"education_score",100.39
"42085032702","tract",2019,"education_score",87.82
"42085032800","tract",2019,"education_score",104.27
"42085032900","tract",2019,"education_score",114.03
"42085033000","tract",2019,"education_score",NA
"42085033100","tract",2019,"education_score",95.82
"42085033200","tract",2019,"education_score",75.14
"42085033300","tract",2019,"education_score",98.52
"42085033400","tract",2019,"education_score",100.61
"42087960100","tract",2019,"education_score",77.53
"42087960200","tract",2019,"education_score",87.22
"42087960300","tract",2019,"education_score",60.69
"42087960400","tract",2019,"education_score",87.66
"42087960500","tract",2019,"education_score",96.22
"42087960600","tract",2019,"education_score",99.21
"42087960700","tract",2019,"education_score",78.01
"42087960800","tract",2019,"education_score",95.5
"42087960900","tract",2019,"education_score",99.16
"42087961000","tract",2019,"education_score",93.98
"42087961100","tract",2019,"education_score",105.87
"42087961200","tract",2019,"education_score",86.2
"42089300101","tract",2019,"education_score",98.98
"42089300102","tract",2019,"education_score",94.97
"42089300201","tract",2019,"education_score",109.88
"42089300202","tract",2019,"education_score",105.03
"42089300301","tract",2019,"education_score",92.18
"42089300304","tract",2019,"education_score",118.59
"42089300305","tract",2019,"education_score",93.02
"42089300307","tract",2019,"education_score",91.49
"42089300308","tract",2019,"education_score",100.15
"42089300309","tract",2019,"education_score",96.85
"42089300311","tract",2019,"education_score",121.91
"42089300312","tract",2019,"education_score",115.94
"42089300401","tract",2019,"education_score",114.69
"42089300402","tract",2019,"education_score",99.78
"42089300403","tract",2019,"education_score",104.91
"42089300501","tract",2019,"education_score",114.15
"42089300502","tract",2019,"education_score",101.56
"42089300600","tract",2019,"education_score",101.03
"42089300700","tract",2019,"education_score",90.5
"42089300800","tract",2019,"education_score",95.37
"42089300900","tract",2019,"education_score",93.43
"42089301001","tract",2019,"education_score",105.98
"42089301002","tract",2019,"education_score",96.68
"42089301101","tract",2019,"education_score",112.01
"42089301102","tract",2019,"education_score",103.9
"42089301202","tract",2019,"education_score",100.59
"42089301203","tract",2019,"education_score",108.81
"42089301204","tract",2019,"education_score",93.54
"42089301205","tract",2019,"education_score",102.84
"42089301301","tract",2019,"education_score",105.03
"42089301302","tract",2019,"education_score",101.31
"42089301401","tract",2019,"education_score",105.4
"42089301402","tract",2019,"education_score",101.91
"42091200103","tract",2019,"education_score",112.63
"42091200104","tract",2019,"education_score",117.91
"42091200105","tract",2019,"education_score",116.51
"42091200106","tract",2019,"education_score",116.38
"42091200200","tract",2019,"education_score",117.31
"42091200301","tract",2019,"education_score",112.83
"42091200305","tract",2019,"education_score",118.06
"42091200306","tract",2019,"education_score",116.54
"42091200307","tract",2019,"education_score",112.13
"42091200308","tract",2019,"education_score",112.56
"42091200309","tract",2019,"education_score",114.22
"42091200310","tract",2019,"education_score",124.8
"42091200401","tract",2019,"education_score",113.93
"42091200402","tract",2019,"education_score",106.53
"42091200501","tract",2019,"education_score",112.23
"42091200502","tract",2019,"education_score",105.69
"42091200505","tract",2019,"education_score",121.46
"42091200506","tract",2019,"education_score",123.07
"42091200507","tract",2019,"education_score",115.81
"42091200602","tract",2019,"education_score",123.47
"42091200603","tract",2019,"education_score",121.03
"42091200605","tract",2019,"education_score",120.74
"42091200606","tract",2019,"education_score",121.26
"42091200607","tract",2019,"education_score",125.95
"42091200703","tract",2019,"education_score",110.56
"42091200704","tract",2019,"education_score",113.44
"42091200707","tract",2019,"education_score",105.74
"42091200708","tract",2019,"education_score",108.29
"42091200800","tract",2019,"education_score",103.83
"42091200901","tract",2019,"education_score",98.53
"42091200902","tract",2019,"education_score",106.87
"42091200903","tract",2019,"education_score",103.14
"42091200906","tract",2019,"education_score",122.66
"42091200907","tract",2019,"education_score",123.98
"42091200908","tract",2019,"education_score",106.03
"42091201003","tract",2019,"education_score",120.3
"42091201004","tract",2019,"education_score",115.93
"42091201005","tract",2019,"education_score",129.06
"42091201006","tract",2019,"education_score",136.3
"42091201100","tract",2019,"education_score",119.01
"42091201201","tract",2019,"education_score",130.2
"42091201203","tract",2019,"education_score",121.5
"42091201204","tract",2019,"education_score",116.32
"42091201301","tract",2019,"education_score",123.87
"42091201302","tract",2019,"education_score",100.22
"42091201404","tract",2019,"education_score",117.15
"42091201406","tract",2019,"education_score",125.76
"42091201407","tract",2019,"education_score",117.5
"42091201408","tract",2019,"education_score",127.78
"42091201409","tract",2019,"education_score",127.51
"42091201410","tract",2019,"education_score",119.91
"42091201411","tract",2019,"education_score",121.36
"42091201501","tract",2019,"education_score",127.63
"42091201502","tract",2019,"education_score",133.13
"42091201603","tract",2019,"education_score",112.05
"42091201604","tract",2019,"education_score",113.37
"42091201605","tract",2019,"education_score",116.71
"42091201606","tract",2019,"education_score",107.77
"42091201607","tract",2019,"education_score",132.47
"42091201608","tract",2019,"education_score",120.94
"42091201703","tract",2019,"education_score",116.68
"42091201704","tract",2019,"education_score",112.97
"42091201705","tract",2019,"education_score",116.99
"42091201706","tract",2019,"education_score",113.74
"42091201800","tract",2019,"education_score",122.23
"42091201901","tract",2019,"education_score",120.36
"42091201902","tract",2019,"education_score",119.8
"42091202000","tract",2019,"education_score",116.65
"42091202100","tract",2019,"education_score",124.53
"42091202201","tract",2019,"education_score",114.97
"42091202202","tract",2019,"education_score",109.64
"42091202301","tract",2019,"education_score",125.24
"42091202302","tract",2019,"education_score",128.75
"42091202401","tract",2019,"education_score",111.78
"42091202402","tract",2019,"education_score",112.54
"42091202500","tract",2019,"education_score",105.64
"42091202602","tract",2019,"education_score",123.41
"42091202603","tract",2019,"education_score",112
"42091202604","tract",2019,"education_score",125.66
"42091203000","tract",2019,"education_score",126.88
"42091203103","tract",2019,"education_score",129.08
"42091203104","tract",2019,"education_score",127.99
"42091203105","tract",2019,"education_score",127.45
"42091203106","tract",2019,"education_score",124.33
"42091203203","tract",2019,"education_score",125.44
"42091203204","tract",2019,"education_score",125.47
"42091203205","tract",2019,"education_score",126.19
"42091203207","tract",2019,"education_score",129.88
"42091203208","tract",2019,"education_score",134.56
"42091203302","tract",2019,"education_score",119.62
"42091203303","tract",2019,"education_score",129.31
"42091203304","tract",2019,"education_score",131.68
"42091203401","tract",2019,"education_score",117.24
"42091203402","tract",2019,"education_score",121.74
"42091203403","tract",2019,"education_score",121.49
"42091203500","tract",2019,"education_score",94.34
"42091203601","tract",2019,"education_score",85.38
"42091203602","tract",2019,"education_score",109.29
"42091203700","tract",2019,"education_score",102.77
"42091203801","tract",2019,"education_score",90.15
"42091203803","tract",2019,"education_score",85.44
"42091203804","tract",2019,"education_score",78.94
"42091203901","tract",2019,"education_score",58.2
"42091203902","tract",2019,"education_score",95.19
"42091204002","tract",2019,"education_score",107.59
"42091204007","tract",2019,"education_score",119.69
"42091204008","tract",2019,"education_score",130.57
"42091204009","tract",2019,"education_score",134.3
"42091204010","tract",2019,"education_score",124.2
"42091204101","tract",2019,"education_score",132.6
"42091204102","tract",2019,"education_score",135.5
"42091204200","tract",2019,"education_score",136.47
"42091204300","tract",2019,"education_score",135.79
"42091204400","tract",2019,"education_score",126.87
"42091204500","tract",2019,"education_score",136.32
"42091204600","tract",2019,"education_score",139.17
"42091204701","tract",2019,"education_score",137.88
"42091204702","tract",2019,"education_score",119.25
"42091204800","tract",2019,"education_score",134.79
"42091204900","tract",2019,"education_score",118.07
"42091205000","tract",2019,"education_score",NA
"42091205100","tract",2019,"education_score",119.19
"42091205200","tract",2019,"education_score",129.08
"42091205300","tract",2019,"education_score",116.09
"42091205400","tract",2019,"education_score",128.8
"42091205501","tract",2019,"education_score",126.59
"42091205502","tract",2019,"education_score",128.68
"42091205503","tract",2019,"education_score",128.52
"42091205600","tract",2019,"education_score",129.47
"42091205700","tract",2019,"education_score",105.35
"42091205801","tract",2019,"education_score",139.13
"42091205805","tract",2019,"education_score",122.26
"42091205806","tract",2019,"education_score",114.9
"42091205807","tract",2019,"education_score",126.57
"42091205808","tract",2019,"education_score",121.88
"42091205809","tract",2019,"education_score",125.85
"42091205903","tract",2019,"education_score",126.69
"42091205904","tract",2019,"education_score",134.7
"42091205905","tract",2019,"education_score",123.87
"42091205906","tract",2019,"education_score",122.29
"42091206004","tract",2019,"education_score",111.64
"42091206005","tract",2019,"education_score",116.49
"42091206006","tract",2019,"education_score",130.34
"42091206007","tract",2019,"education_score",124.34
"42091206102","tract",2019,"education_score",125.49
"42091206104","tract",2019,"education_score",126.86
"42091206105","tract",2019,"education_score",118.74
"42091206106","tract",2019,"education_score",120.65
"42091206201","tract",2019,"education_score",104.63
"42091206202","tract",2019,"education_score",110.37
"42091206300","tract",2019,"education_score",NA
"42091206400","tract",2019,"education_score",115
"42091206501","tract",2019,"education_score",121.28
"42091206502","tract",2019,"education_score",114.08
"42091206600","tract",2019,"education_score",117.45
"42091206702","tract",2019,"education_score",NA
"42091206703","tract",2019,"education_score",117.61
"42091206704","tract",2019,"education_score",124.65
"42091206801","tract",2019,"education_score",128.34
"42091206802","tract",2019,"education_score",119.47
"42091206901","tract",2019,"education_score",114.09
"42091206904","tract",2019,"education_score",120.4
"42091206905","tract",2019,"education_score",119.52
"42091206906","tract",2019,"education_score",115.02
"42091207001","tract",2019,"education_score",124.99
"42091207003","tract",2019,"education_score",121.77
"42091207004","tract",2019,"education_score",112.2
"42091207101","tract",2019,"education_score",108.01
"42091207103","tract",2019,"education_score",116.96
"42091207104","tract",2019,"education_score",106.14
"42091207201","tract",2019,"education_score",101.42
"42091207202","tract",2019,"education_score",93.17
"42091207300","tract",2019,"education_score",98.76
"42091207400","tract",2019,"education_score",118.61
"42091207500","tract",2019,"education_score",111.82
"42091207600","tract",2019,"education_score",111.29
"42091207800","tract",2019,"education_score",115.59
"42091207900","tract",2019,"education_score",101.94
"42091208000","tract",2019,"education_score",98.8
"42091208100","tract",2019,"education_score",102.83
"42091208201","tract",2019,"education_score",106.29
"42091208203","tract",2019,"education_score",110.84
"42091208204","tract",2019,"education_score",111.12
"42091208301","tract",2019,"education_score",118.03
"42091208302","tract",2019,"education_score",113.82
"42091208400","tract",2019,"education_score",110.22
"42091208500","tract",2019,"education_score",113.49
"42091208601","tract",2019,"education_score",117.2
"42091208603","tract",2019,"education_score",113.66
"42091208604","tract",2019,"education_score",120.48
"42091208702","tract",2019,"education_score",120.9
"42091208703","tract",2019,"education_score",111.46
"42091208704","tract",2019,"education_score",101.91
"42091208801","tract",2019,"education_score",95.63
"42091208802","tract",2019,"education_score",102.52
"42091208901","tract",2019,"education_score",105.68
"42091208903","tract",2019,"education_score",112.74
"42091208904","tract",2019,"education_score",84.86
"42091208905","tract",2019,"education_score",102.77
"42091208906","tract",2019,"education_score",95.77
"42091209000","tract",2019,"education_score",94.54
"42091209100","tract",2019,"education_score",110.16
"42091209201","tract",2019,"education_score",96.94
"42091209202","tract",2019,"education_score",99.98
"42091210100","tract",2019,"education_score",121.43
"42091210200","tract",2019,"education_score",123.91
"42091210300","tract",2019,"education_score",124.52
"42091210400","tract",2019,"education_score",121.78
"42091210500","tract",2019,"education_score",116.56
"42091210600","tract",2019,"education_score",118.3
"42091210700","tract",2019,"education_score",119.7
"42093050100","tract",2019,"education_score",92.73
"42093050200","tract",2019,"education_score",112.09
"42093050300","tract",2019,"education_score",97.89
"42093050400","tract",2019,"education_score",112.91
"42095010100","tract",2019,"education_score",101.46
"42095010200","tract",2019,"education_score",127.91
"42095010300","tract",2019,"education_score",117.11
"42095010400","tract",2019,"education_score",111.98
"42095010500","tract",2019,"education_score",72.57
"42095010600","tract",2019,"education_score",91.92
"42095010700","tract",2019,"education_score",106.95
"42095010800","tract",2019,"education_score",125.43
"42095010900","tract",2019,"education_score",84.82
"42095011000","tract",2019,"education_score",90.49
"42095011100","tract",2019,"education_score",NA
"42095011200","tract",2019,"education_score",75.97
"42095011300","tract",2019,"education_score",96.44
"42095014100","tract",2019,"education_score",NA
"42095014200","tract",2019,"education_score",86.03
"42095014300","tract",2019,"education_score",78.65
"42095014400","tract",2019,"education_score",109.68
"42095014500","tract",2019,"education_score",91.55
"42095014600","tract",2019,"education_score",77.26
"42095014700","tract",2019,"education_score",94.07
"42095015201","tract",2019,"education_score",93.62
"42095015300","tract",2019,"education_score",106.22
"42095015400","tract",2019,"education_score",103.27
"42095015500","tract",2019,"education_score",112.59
"42095015600","tract",2019,"education_score",103.27
"42095015700","tract",2019,"education_score",100.55
"42095015801","tract",2019,"education_score",118.58
"42095015802","tract",2019,"education_score",97.85
"42095015901","tract",2019,"education_score",108.88
"42095015902","tract",2019,"education_score",107.55
"42095016001","tract",2019,"education_score",106.07
"42095016002","tract",2019,"education_score",97.32
"42095016100","tract",2019,"education_score",102.97
"42095016201","tract",2019,"education_score",97.47
"42095016202","tract",2019,"education_score",108.04
"42095016300","tract",2019,"education_score",102.91
"42095016400","tract",2019,"education_score",116.76
"42095016500","tract",2019,"education_score",110.81
"42095016600","tract",2019,"education_score",96.86
"42095016700","tract",2019,"education_score",113.42
"42095016800","tract",2019,"education_score",107.56
"42095016901","tract",2019,"education_score",115.87
"42095016902","tract",2019,"education_score",111.68
"42095017000","tract",2019,"education_score",107.58
"42095017101","tract",2019,"education_score",119.08
"42095017102","tract",2019,"education_score",119.14
"42095017200","tract",2019,"education_score",96.22
"42095017300","tract",2019,"education_score",99.74
"42095017401","tract",2019,"education_score",118.11
"42095017402","tract",2019,"education_score",110.85
"42095017501","tract",2019,"education_score",108.65
"42095017502","tract",2019,"education_score",114.82
"42095017603","tract",2019,"education_score",104.12
"42095017604","tract",2019,"education_score",116.7
"42095017605","tract",2019,"education_score",110.07
"42095017606","tract",2019,"education_score",113.32
"42095017607","tract",2019,"education_score",117.61
"42095017702","tract",2019,"education_score",106.18
"42095017703","tract",2019,"education_score",125.49
"42095017704","tract",2019,"education_score",112.06
"42095017800","tract",2019,"education_score",89.61
"42095017901","tract",2019,"education_score",106.3
"42095017902","tract",2019,"education_score",113.03
"42095018001","tract",2019,"education_score",115.08
"42095018002","tract",2019,"education_score",121.77
"42095018100","tract",2019,"education_score",115.88
"42095018200","tract",2019,"education_score",104.3
"42095018300","tract",2019,"education_score",105.75
"42097080100","tract",2019,"education_score",99.79
"42097080200","tract",2019,"education_score",101.15
"42097080300","tract",2019,"education_score",94.93
"42097080400","tract",2019,"education_score",103.13
"42097080500","tract",2019,"education_score",101.93
"42097080600","tract",2019,"education_score",107.14
"42097080700","tract",2019,"education_score",108.78
"42097080800","tract",2019,"education_score",107.68
"42097080900","tract",2019,"education_score",106.12
"42097081000","tract",2019,"education_score",101.86
"42097081100","tract",2019,"education_score",96.68
"42097081200","tract",2019,"education_score",NA
"42097081300","tract",2019,"education_score",93.02
"42097081400","tract",2019,"education_score",89.98
"42097081500","tract",2019,"education_score",96.84
"42097081600","tract",2019,"education_score",82.28
"42097081700","tract",2019,"education_score",97.52
"42097081800","tract",2019,"education_score",95.91
"42097081900","tract",2019,"education_score",106.69
"42097082000","tract",2019,"education_score",97.56
"42097082100","tract",2019,"education_score",94.14
"42097082200","tract",2019,"education_score",81.37
"42097082300","tract",2019,"education_score",96.56
"42097082400","tract",2019,"education_score",109
"42099030100","tract",2019,"education_score",100.3
"42099030201","tract",2019,"education_score",101.97
"42099030202","tract",2019,"education_score",103.66
"42099030301","tract",2019,"education_score",103.67
"42099030302","tract",2019,"education_score",107.41
"42099030400","tract",2019,"education_score",105.95
"42099030501","tract",2019,"education_score",101.17
"42099030502","tract",2019,"education_score",99.01
"42099030601","tract",2019,"education_score",82.39
"42099030602","tract",2019,"education_score",74.69
"42101000100","tract",2019,"education_score",142.21
"42101000200","tract",2019,"education_score",87.55
"42101000300","tract",2019,"education_score",136.28
"42101000401","tract",2019,"education_score",137.06
"42101000402","tract",2019,"education_score",144.95
"42101000500","tract",2019,"education_score",NA
"42101000600","tract",2019,"education_score",141.31
"42101000700","tract",2019,"education_score",135.42
"42101000801","tract",2019,"education_score",140.81
"42101000803","tract",2019,"education_score",138.58
"42101000804","tract",2019,"education_score",147.7
"42101000901","tract",2019,"education_score",133.93
"42101000902","tract",2019,"education_score",128.5
"42101001001","tract",2019,"education_score",145.68
"42101001002","tract",2019,"education_score",146.05
"42101001101","tract",2019,"education_score",129.23
"42101001102","tract",2019,"education_score",142.38
"42101001201","tract",2019,"education_score",144.27
"42101001202","tract",2019,"education_score",139.16
"42101001300","tract",2019,"education_score",135.16
"42101001400","tract",2019,"education_score",130.49
"42101001500","tract",2019,"education_score",129.83
"42101001600","tract",2019,"education_score",137.4
"42101001700","tract",2019,"education_score",138.03
"42101001800","tract",2019,"education_score",135.53
"42101001900","tract",2019,"education_score",140.01
"42101002000","tract",2019,"education_score",112.63
"42101002100","tract",2019,"education_score",118.34
"42101002200","tract",2019,"education_score",126.28
"42101002300","tract",2019,"education_score",119.54
"42101002400","tract",2019,"education_score",114.51
"42101002500","tract",2019,"education_score",118.5
"42101002701","tract",2019,"education_score",91.95
"42101002702","tract",2019,"education_score",124.63
"42101002801","tract",2019,"education_score",86.1
"42101002802","tract",2019,"education_score",111.4
"42101002900","tract",2019,"education_score",127.39
"42101003001","tract",2019,"education_score",100.57
"42101003002","tract",2019,"education_score",108.05
"42101003100","tract",2019,"education_score",117.6
"42101003200","tract",2019,"education_score",93.61
"42101003300","tract",2019,"education_score",81.72
"42101003600","tract",2019,"education_score",85.43
"42101003701","tract",2019,"education_score",97.63
"42101003702","tract",2019,"education_score",79.22
"42101003800","tract",2019,"education_score",118.09
"42101003901","tract",2019,"education_score",105.9
"42101003902","tract",2019,"education_score",113.35
"42101004001","tract",2019,"education_score",110.6
"42101004002","tract",2019,"education_score",111.23
"42101004101","tract",2019,"education_score",68.39
"42101004102","tract",2019,"education_score",76.49
"42101004201","tract",2019,"education_score",107.68
"42101004202","tract",2019,"education_score",94.56
"42101005000","tract",2019,"education_score",NA
"42101005400","tract",2019,"education_score",97.46
"42101005500","tract",2019,"education_score",99.4
"42101005600","tract",2019,"education_score",90.5
"42101006000","tract",2019,"education_score",84.66
"42101006100","tract",2019,"education_score",99.87
"42101006200","tract",2019,"education_score",85.99
"42101006300","tract",2019,"education_score",70.53
"42101006400","tract",2019,"education_score",83.19
"42101006500","tract",2019,"education_score",102.46
"42101006600","tract",2019,"education_score",81.17
"42101006700","tract",2019,"education_score",74.22
"42101006900","tract",2019,"education_score",69.98
"42101007000","tract",2019,"education_score",95.45
"42101007101","tract",2019,"education_score",82.76
"42101007102","tract",2019,"education_score",98.7
"42101007200","tract",2019,"education_score",89.22
"42101007300","tract",2019,"education_score",97.03
"42101007400","tract",2019,"education_score",98.18
"42101007700","tract",2019,"education_score",104.04
"42101007800","tract",2019,"education_score",117.86
"42101007900","tract",2019,"education_score",123.03
"42101008000","tract",2019,"education_score",114.76
"42101008101","tract",2019,"education_score",89.44
"42101008102","tract",2019,"education_score",96.16
"42101008200","tract",2019,"education_score",102.62
"42101008301","tract",2019,"education_score",95.24
"42101008302","tract",2019,"education_score",95.94
"42101008400","tract",2019,"education_score",90.65
"42101008500","tract",2019,"education_score",94.33
"42101008601","tract",2019,"education_score",119.78
"42101008602","tract",2019,"education_score",111.02
"42101008701","tract",2019,"education_score",115.09
"42101008702","tract",2019,"education_score",122.1
"42101008801","tract",2019,"education_score",NA
"42101008802","tract",2019,"education_score",NA
"42101009000","tract",2019,"education_score",NA
"42101009100","tract",2019,"education_score",112.29
"42101009200","tract",2019,"education_score",103.52
"42101009300","tract",2019,"education_score",89.12
"42101009400","tract",2019,"education_score",93.29
"42101009500","tract",2019,"education_score",95.83
"42101009600","tract",2019,"education_score",99.42
"42101009801","tract",2019,"education_score",110.01
"42101009802","tract",2019,"education_score",103.27
"42101010000","tract",2019,"education_score",94.27
"42101010100","tract",2019,"education_score",111.24
"42101010200","tract",2019,"education_score",82.21
"42101010300","tract",2019,"education_score",100.78
"42101010400","tract",2019,"education_score",95.39
"42101010500","tract",2019,"education_score",80.28
"42101010600","tract",2019,"education_score",87.98
"42101010700","tract",2019,"education_score",83.08
"42101010800","tract",2019,"education_score",92.9
"42101010900","tract",2019,"education_score",95.14
"42101011000","tract",2019,"education_score",78.06
"42101011100","tract",2019,"education_score",101.06
"42101011200","tract",2019,"education_score",91.09
"42101011300","tract",2019,"education_score",88.77
"42101011400","tract",2019,"education_score",96.95
"42101011500","tract",2019,"education_score",105.71
"42101011700","tract",2019,"education_score",NA
"42101011800","tract",2019,"education_score",111.32
"42101011900","tract",2019,"education_score",105.38
"42101012000","tract",2019,"education_score",110.83
"42101012100","tract",2019,"education_score",115.73
"42101012201","tract",2019,"education_score",118.26
"42101012203","tract",2019,"education_score",129.46
"42101012204","tract",2019,"education_score",118.56
"42101012500","tract",2019,"education_score",140.74
"42101013100","tract",2019,"education_score",99.27
"42101013200","tract",2019,"education_score",101.21
"42101013300","tract",2019,"education_score",137.82
"42101013401","tract",2019,"education_score",140.12
"42101013402","tract",2019,"education_score",136.1
"42101013500","tract",2019,"education_score",122
"42101013601","tract",2019,"education_score",140.93
"42101013602","tract",2019,"education_score",128.75
"42101013700","tract",2019,"education_score",115.41
"42101013800","tract",2019,"education_score",104.27
"42101013900","tract",2019,"education_score",102.92
"42101014000","tract",2019,"education_score",102.84
"42101014100","tract",2019,"education_score",93.91
"42101014200","tract",2019,"education_score",135.94
"42101014300","tract",2019,"education_score",135.66
"42101014400","tract",2019,"education_score",115.4
"42101014500","tract",2019,"education_score",80.65
"42101014600","tract",2019,"education_score",NA
"42101014700","tract",2019,"education_score",95.18
"42101014800","tract",2019,"education_score",71.55
"42101014900","tract",2019,"education_score",78.49
"42101015101","tract",2019,"education_score",78.95
"42101015102","tract",2019,"education_score",79.25
"42101015200","tract",2019,"education_score",81.19
"42101015300","tract",2019,"education_score",72.71
"42101015600","tract",2019,"education_score",88.13
"42101015700","tract",2019,"education_score",94.83
"42101015800","tract",2019,"education_score",125.94
"42101016000","tract",2019,"education_score",120.92
"42101016100","tract",2019,"education_score",108.22
"42101016200","tract",2019,"education_score",67.24
"42101016300","tract",2019,"education_score",40.67
"42101016400","tract",2019,"education_score",64.67
"42101016500","tract",2019,"education_score",59.77
"42101016600","tract",2019,"education_score",95.59
"42101016701","tract",2019,"education_score",98.9
"42101016702","tract",2019,"education_score",84.7
"42101016800","tract",2019,"education_score",92.61
"42101016901","tract",2019,"education_score",97.19
"42101016902","tract",2019,"education_score",90.44
"42101017000","tract",2019,"education_score",125.54
"42101017100","tract",2019,"education_score",99.75
"42101017201","tract",2019,"education_score",89.47
"42101017202","tract",2019,"education_score",81
"42101017300","tract",2019,"education_score",97.86
"42101017400","tract",2019,"education_score",92.53
"42101017500","tract",2019,"education_score",48.96
"42101017601","tract",2019,"education_score",46.61
"42101017602","tract",2019,"education_score",34.48
"42101017701","tract",2019,"education_score",41.51
"42101017702","tract",2019,"education_score",45.73
"42101017800","tract",2019,"education_score",58.29
"42101017900","tract",2019,"education_score",75.2
"42101018001","tract",2019,"education_score",103.7
"42101018002","tract",2019,"education_score",105.37
"42101018300","tract",2019,"education_score",106.46
"42101018400","tract",2019,"education_score",107.55
"42101018800","tract",2019,"education_score",63.83
"42101019000","tract",2019,"education_score",66.95
"42101019100","tract",2019,"education_score",72.86
"42101019200","tract",2019,"education_score",52.88
"42101019501","tract",2019,"education_score",56.2
"42101019502","tract",2019,"education_score",38.09
"42101019700","tract",2019,"education_score",67.07
"42101019800","tract",2019,"education_score",67.24
"42101019900","tract",2019,"education_score",64.26
"42101020000","tract",2019,"education_score",80.83
"42101020101","tract",2019,"education_score",85.09
"42101020102","tract",2019,"education_score",99.16
"42101020200","tract",2019,"education_score",98.16
"42101020300","tract",2019,"education_score",85.31
"42101020400","tract",2019,"education_score",100.68
"42101020500","tract",2019,"education_score",86.04
"42101020600","tract",2019,"education_score",112.34
"42101020700","tract",2019,"education_score",133
"42101020800","tract",2019,"education_score",129.44
"42101020900","tract",2019,"education_score",130.89
"42101021000","tract",2019,"education_score",129.92
"42101021100","tract",2019,"education_score",125.73
"42101021200","tract",2019,"education_score",118.65
"42101021300","tract",2019,"education_score",126.39
"42101021400","tract",2019,"education_score",127.36
"42101021500","tract",2019,"education_score",119.76
"42101021600","tract",2019,"education_score",122.52
"42101021700","tract",2019,"education_score",122.63
"42101021800","tract",2019,"education_score",119.31
"42101021900","tract",2019,"education_score",124.84
"42101022000","tract",2019,"education_score",133.28
"42101023100","tract",2019,"education_score",126.29
"42101023500","tract",2019,"education_score",129.72
"42101023600","tract",2019,"education_score",128.23
"42101023700","tract",2019,"education_score",126.27
"42101023800","tract",2019,"education_score",120.7
"42101023900","tract",2019,"education_score",133.13
"42101024000","tract",2019,"education_score",116.95
"42101024100","tract",2019,"education_score",104.52
"42101024200","tract",2019,"education_score",99.05
"42101024300","tract",2019,"education_score",97.82
"42101024400","tract",2019,"education_score",83.31
"42101024500","tract",2019,"education_score",76.47
"42101024600","tract",2019,"education_score",80.88
"42101024700","tract",2019,"education_score",98.3
"42101024800","tract",2019,"education_score",86.99
"42101024900","tract",2019,"education_score",94.65
"42101025200","tract",2019,"education_score",87.49
"42101025300","tract",2019,"education_score",102.88
"42101025400","tract",2019,"education_score",106.9
"42101025500","tract",2019,"education_score",127.08
"42101025600","tract",2019,"education_score",128.3
"42101025700","tract",2019,"education_score",123.64
"42101025800","tract",2019,"education_score",107.41
"42101025900","tract",2019,"education_score",107.74
"42101026000","tract",2019,"education_score",118.53
"42101026100","tract",2019,"education_score",112.44
"42101026200","tract",2019,"education_score",111.91
"42101026301","tract",2019,"education_score",100.73
"42101026302","tract",2019,"education_score",97.24
"42101026400","tract",2019,"education_score",102.39
"42101026500","tract",2019,"education_score",93.83
"42101026600","tract",2019,"education_score",103.88
"42101026700","tract",2019,"education_score",99.63
"42101026800","tract",2019,"education_score",108.44
"42101026900","tract",2019,"education_score",101.23
"42101027000","tract",2019,"education_score",102.89
"42101027100","tract",2019,"education_score",96.58
"42101027200","tract",2019,"education_score",103.67
"42101027300","tract",2019,"education_score",76.93
"42101027401","tract",2019,"education_score",80.14
"42101027402","tract",2019,"education_score",75.03
"42101027500","tract",2019,"education_score",83.08
"42101027600","tract",2019,"education_score",90.04
"42101027700","tract",2019,"education_score",91.81
"42101027800","tract",2019,"education_score",96.41
"42101027901","tract",2019,"education_score",96.81
"42101027902","tract",2019,"education_score",NA
"42101028000","tract",2019,"education_score",97.54
"42101028100","tract",2019,"education_score",91.19
"42101028200","tract",2019,"education_score",92.89
"42101028300","tract",2019,"education_score",96.46
"42101028400","tract",2019,"education_score",81.58
"42101028500","tract",2019,"education_score",76.31
"42101028600","tract",2019,"education_score",76.29
"42101028700","tract",2019,"education_score",60.14
"42101028800","tract",2019,"education_score",45.5
"42101028901","tract",2019,"education_score",73.57
"42101028902","tract",2019,"education_score",64.71
"42101029000","tract",2019,"education_score",67.1
"42101029100","tract",2019,"education_score",71.93
"42101029200","tract",2019,"education_score",82.32
"42101029300","tract",2019,"education_score",69.38
"42101029400","tract",2019,"education_score",72.86
"42101029800","tract",2019,"education_score",74.02
"42101029900","tract",2019,"education_score",90.7
"42101030000","tract",2019,"education_score",79.03
"42101030100","tract",2019,"education_score",89.05
"42101030200","tract",2019,"education_score",86.14
"42101030501","tract",2019,"education_score",82.35
"42101030502","tract",2019,"education_score",87.54
"42101030600","tract",2019,"education_score",95.09
"42101030700","tract",2019,"education_score",96.07
"42101030800","tract",2019,"education_score",91.81
"42101030900","tract",2019,"education_score",87.73
"42101031000","tract",2019,"education_score",72.83
"42101031101","tract",2019,"education_score",66.26
"42101031102","tract",2019,"education_score",85.38
"42101031200","tract",2019,"education_score",74.06
"42101031300","tract",2019,"education_score",69.39
"42101031401","tract",2019,"education_score",72.98
"42101031402","tract",2019,"education_score",65.37
"42101031501","tract",2019,"education_score",96.11
"42101031502","tract",2019,"education_score",85.93
"42101031600","tract",2019,"education_score",97.58
"42101031700","tract",2019,"education_score",89.1
"42101031800","tract",2019,"education_score",77.68
"42101031900","tract",2019,"education_score",86.2
"42101032000","tract",2019,"education_score",95.7
"42101032100","tract",2019,"education_score",78.83
"42101032300","tract",2019,"education_score",83.52
"42101032500","tract",2019,"education_score",84.5
"42101032600","tract",2019,"education_score",88.16
"42101032900","tract",2019,"education_score",89.18
"42101033000","tract",2019,"education_score",91.61
"42101033101","tract",2019,"education_score",103.11
"42101033102","tract",2019,"education_score",109.83
"42101033200","tract",2019,"education_score",86.02
"42101033300","tract",2019,"education_score",111.93
"42101033400","tract",2019,"education_score",84.99
"42101033500","tract",2019,"education_score",88.85
"42101033600","tract",2019,"education_score",99.76
"42101033701","tract",2019,"education_score",88.91
"42101033702","tract",2019,"education_score",88.88
"42101033800","tract",2019,"education_score",100.32
"42101033900","tract",2019,"education_score",107.02
"42101034000","tract",2019,"education_score",114.58
"42101034100","tract",2019,"education_score",111.42
"42101034200","tract",2019,"education_score",115.26
"42101034400","tract",2019,"education_score",111.19
"42101034501","tract",2019,"education_score",113.47
"42101034502","tract",2019,"education_score",110.21
"42101034600","tract",2019,"education_score",105.03
"42101034701","tract",2019,"education_score",102.98
"42101034702","tract",2019,"education_score",117.28
"42101034801","tract",2019,"education_score",105.39
"42101034802","tract",2019,"education_score",103.3
"42101034803","tract",2019,"education_score",115.54
"42101034900","tract",2019,"education_score",101.29
"42101035100","tract",2019,"education_score",122.17
"42101035200","tract",2019,"education_score",113.12
"42101035301","tract",2019,"education_score",110.82
"42101035302","tract",2019,"education_score",107.22
"42101035500","tract",2019,"education_score",106.87
"42101035601","tract",2019,"education_score",105.4
"42101035602","tract",2019,"education_score",121.79
"42101035701","tract",2019,"education_score",105.8
"42101035702","tract",2019,"education_score",110.84
"42101035800","tract",2019,"education_score",105.36
"42101035900","tract",2019,"education_score",116.62
"42101036000","tract",2019,"education_score",105.47
"42101036100","tract",2019,"education_score",106.13
"42101036201","tract",2019,"education_score",117.18
"42101036202","tract",2019,"education_score",110.79
"42101036203","tract",2019,"education_score",114.27
"42101036301","tract",2019,"education_score",101.08
"42101036302","tract",2019,"education_score",99.72
"42101036303","tract",2019,"education_score",107.17
"42101036400","tract",2019,"education_score",NA
"42101036501","tract",2019,"education_score",102.08
"42101036502","tract",2019,"education_score",120.79
"42101036600","tract",2019,"education_score",139.22
"42101036700","tract",2019,"education_score",138.86
"42101036900","tract",2019,"education_score",NA
"42101037200","tract",2019,"education_score",100.23
"42101037300","tract",2019,"education_score",121.23
"42101037500","tract",2019,"education_score",114.18
"42101037600","tract",2019,"education_score",126.16
"42101037700","tract",2019,"education_score",NA
"42101037800","tract",2019,"education_score",118.07
"42101037900","tract",2019,"education_score",113.7
"42101038000","tract",2019,"education_score",81.61
"42101038100","tract",2019,"education_score",90.06
"42101038200","tract",2019,"education_score",88.16
"42101038300","tract",2019,"education_score",72.2
"42101038400","tract",2019,"education_score",120.31
"42101038500","tract",2019,"education_score",126.26
"42101038600","tract",2019,"education_score",131.35
"42101038700","tract",2019,"education_score",NA
"42101038800","tract",2019,"education_score",134.7
"42101038900","tract",2019,"education_score",105.01
"42101039000","tract",2019,"education_score",83.84
"42101980000","tract",2019,"education_score",NA
"42101980100","tract",2019,"education_score",NA
"42101980200","tract",2019,"education_score",NA
"42101980300","tract",2019,"education_score",NA
"42101980400","tract",2019,"education_score",NA
"42101980500","tract",2019,"education_score",NA
"42101980600","tract",2019,"education_score",NA
"42101980700","tract",2019,"education_score",NA
"42101980800","tract",2019,"education_score",NA
"42101980900","tract",2019,"education_score",NA
"42101989100","tract",2019,"education_score",NA
"42103950102","tract",2019,"education_score",106.71
"42103950103","tract",2019,"education_score",109.22
"42103950104","tract",2019,"education_score",104.44
"42103950201","tract",2019,"education_score",103.91
"42103950202","tract",2019,"education_score",112.58
"42103950301","tract",2019,"education_score",111.36
"42103950302","tract",2019,"education_score",132.94
"42103950501","tract",2019,"education_score",106.91
"42103950502","tract",2019,"education_score",110.65
"42103950601","tract",2019,"education_score",118.1
"42103950603","tract",2019,"education_score",107.19
"42103950605","tract",2019,"education_score",116.03
"42103950606","tract",2019,"education_score",112.69
"42103950701","tract",2019,"education_score",100.11
"42103950702","tract",2019,"education_score",107.25
"42103950801","tract",2019,"education_score",100.59
"42103950802","tract",2019,"education_score",110.22
"42103950900","tract",2019,"education_score",102.64
"42105950100","tract",2019,"education_score",93.37
"42105950200","tract",2019,"education_score",95.24
"42105950300","tract",2019,"education_score",100.8
"42105950400","tract",2019,"education_score",94.7
"42105950500","tract",2019,"education_score",98.3
"42107000100","tract",2019,"education_score",106.03
"42107000200","tract",2019,"education_score",94.44
"42107000300","tract",2019,"education_score",104.06
"42107000400","tract",2019,"education_score",NA
"42107000500","tract",2019,"education_score",85.06
"42107000601","tract",2019,"education_score",86.11
"42107000602","tract",2019,"education_score",76.68
"42107000700","tract",2019,"education_score",103.98
"42107000800","tract",2019,"education_score",97.76
"42107000900","tract",2019,"education_score",102.4
"42107001000","tract",2019,"education_score",94.18
"42107001100","tract",2019,"education_score",98.01
"42107001200","tract",2019,"education_score",99.3
"42107001300","tract",2019,"education_score",91.19
"42107001400","tract",2019,"education_score",99.42
"42107001500","tract",2019,"education_score",93.88
"42107001600","tract",2019,"education_score",107.96
"42107001700","tract",2019,"education_score",110.69
"42107001800","tract",2019,"education_score",107.72
"42107001900","tract",2019,"education_score",92.76
"42107002000","tract",2019,"education_score",99.3
"42107002100","tract",2019,"education_score",96.78
"42107002200","tract",2019,"education_score",98.66
"42107002300","tract",2019,"education_score",99.28
"42107002400","tract",2019,"education_score",99.66
"42107002500","tract",2019,"education_score",103.21
"42107002600","tract",2019,"education_score",97.05
"42107002700","tract",2019,"education_score",99.25
"42107002800","tract",2019,"education_score",98.86
"42107002900","tract",2019,"education_score",107.96
"42107003000","tract",2019,"education_score",115.65
"42107003100","tract",2019,"education_score",114.35
"42107003200","tract",2019,"education_score",102.29
"42107003300","tract",2019,"education_score",95.48
"42107003400","tract",2019,"education_score",107.69
"42107003500","tract",2019,"education_score",105.24
"42107003600","tract",2019,"education_score",94.77
"42107003700","tract",2019,"education_score",97.6
"42107003800","tract",2019,"education_score",95.18
"42107003900","tract",2019,"education_score",98.51
"42109070100","tract",2019,"education_score",110.9
"42109070200","tract",2019,"education_score",102.21
"42109070300","tract",2019,"education_score",94.46
"42109070400","tract",2019,"education_score",86.55
"42109070500","tract",2019,"education_score",81.09
"42109070600","tract",2019,"education_score",70.3
"42109070701","tract",2019,"education_score",111.94
"42109980705","tract",2019,"education_score",NA
"42111020101","tract",2019,"education_score",98.73
"42111020102","tract",2019,"education_score",110.72
"42111020200","tract",2019,"education_score",97.47
"42111020300","tract",2019,"education_score",102.91
"42111020400","tract",2019,"education_score",90.12
"42111020500","tract",2019,"education_score",97.4
"42111020600","tract",2019,"education_score",100.05
"42111020700","tract",2019,"education_score",108.78
"42111020800","tract",2019,"education_score",NA
"42111020900","tract",2019,"education_score",101.36
"42111021000","tract",2019,"education_score",94.9
"42111021100","tract",2019,"education_score",93.46
"42111021200","tract",2019,"education_score",103.42
"42111021300","tract",2019,"education_score",100.22
"42111021400","tract",2019,"education_score",99.3
"42111021500","tract",2019,"education_score",80.05
"42111021600","tract",2019,"education_score",94.4
"42111021700","tract",2019,"education_score",73.18
"42111021800","tract",2019,"education_score",98.6
"42111021901","tract",2019,"education_score",100.16
"42111021902","tract",2019,"education_score",96.65
"42113960100","tract",2019,"education_score",94.75
"42113960200","tract",2019,"education_score",113.65
"42115032000","tract",2019,"education_score",107.46
"42115032100","tract",2019,"education_score",102.72
"42115032200","tract",2019,"education_score",93.85
"42115032300","tract",2019,"education_score",97.13
"42115032400","tract",2019,"education_score",105.1
"42115032500","tract",2019,"education_score",102.58
"42115032600","tract",2019,"education_score",104.39
"42115032700","tract",2019,"education_score",94.99
"42115032800","tract",2019,"education_score",97.32
"42115032901","tract",2019,"education_score",105.38
"42115032902","tract",2019,"education_score",105.71
"42117950100","tract",2019,"education_score",102.31
"42117950200","tract",2019,"education_score",103.04
"42117950300","tract",2019,"education_score",98.12
"42117950400","tract",2019,"education_score",98.88
"42117950500","tract",2019,"education_score",102.63
"42117950600","tract",2019,"education_score",105.9
"42117950700","tract",2019,"education_score",105.76
"42117950800","tract",2019,"education_score",106.79
"42117950900","tract",2019,"education_score",100.18
"42117951000","tract",2019,"education_score",97.13
"42119090102","tract",2019,"education_score",104.19
"42119090200","tract",2019,"education_score",81.14
"42119090300","tract",2019,"education_score",98.21
"42119090400","tract",2019,"education_score",98.86
"42119090502","tract",2019,"education_score",99.56
"42119090600","tract",2019,"education_score",116.71
"42119090700","tract",2019,"education_score",115.84
"42119980101","tract",2019,"education_score",NA
"42119980501","tract",2019,"education_score",NA
"42119980800","tract",2019,"education_score",NA
"42121200000","tract",2019,"education_score",97.75
"42121200100","tract",2019,"education_score",103.31
"42121200200","tract",2019,"education_score",100.37
"42121200300","tract",2019,"education_score",92.42
"42121200400","tract",2019,"education_score",108.6
"42121200500","tract",2019,"education_score",92.26
"42121200600","tract",2019,"education_score",103.54
"42121200700","tract",2019,"education_score",96.2
"42121200800","tract",2019,"education_score",109.96
"42121200900","tract",2019,"education_score",100.37
"42121201000","tract",2019,"education_score",92.19
"42121201100","tract",2019,"education_score",100.78
"42121201200","tract",2019,"education_score",100.75
"42121201300","tract",2019,"education_score",111.21
"42121201400","tract",2019,"education_score",91.62
"42121201500","tract",2019,"education_score",101.25
"42123970100","tract",2019,"education_score",98.62
"42123970200","tract",2019,"education_score",101.28
"42123970300","tract",2019,"education_score",88.92
"42123970400","tract",2019,"education_score",101.07
"42123970500","tract",2019,"education_score",103.37
"42123970600","tract",2019,"education_score",103.22
"42123970700","tract",2019,"education_score",109.36
"42123970800","tract",2019,"education_score",103.82
"42123970900","tract",2019,"education_score",104.1
"42123971000","tract",2019,"education_score",118.41
"42123971100","tract",2019,"education_score",110.6
"42123971200","tract",2019,"education_score",103.84
"42123971400","tract",2019,"education_score",101.62
"42125704100","tract",2019,"education_score",NA
"42125711000","tract",2019,"education_score",99.83
"42125712700","tract",2019,"education_score",110.06
"42125713700","tract",2019,"education_score",98.24
"42125714000","tract",2019,"education_score",108.55
"42125715700","tract",2019,"education_score",100.83
"42125721000","tract",2019,"education_score",108.54
"42125722700","tract",2019,"education_score",109.47
"42125731000","tract",2019,"education_score",106.65
"42125732000","tract",2019,"education_score",109.3
"42125741100","tract",2019,"education_score",109.08
"42125741300","tract",2019,"education_score",120.27
"42125742100","tract",2019,"education_score",111.39
"42125742200","tract",2019,"education_score",103.85
"42125743700","tract",2019,"education_score",101.4
"42125744100","tract",2019,"education_score",96.72
"42125744200","tract",2019,"education_score",113.16
"42125745100","tract",2019,"education_score",120.68
"42125745200","tract",2019,"education_score",117.69
"42125746100","tract",2019,"education_score",115.95
"42125746200","tract",2019,"education_score",115.76
"42125746301","tract",2019,"education_score",125.25
"42125746302","tract",2019,"education_score",121.42
"42125751100","tract",2019,"education_score",115
"42125751200","tract",2019,"education_score",110.52
"42125752700","tract",2019,"education_score",112.34
"42125753700","tract",2019,"education_score",117.39
"42125754200","tract",2019,"education_score",104.65
"42125754300","tract",2019,"education_score",95.3
"42125754400","tract",2019,"education_score",98.37
"42125754500","tract",2019,"education_score",117.01
"42125754600","tract",2019,"education_score",101.14
"42125755100","tract",2019,"education_score",117.58
"42125755200","tract",2019,"education_score",106.02
"42125755700","tract",2019,"education_score",109.15
"42125761000","tract",2019,"education_score",109.75
"42125762000","tract",2019,"education_score",104.86
"42125763700","tract",2019,"education_score",101.75
"42125764000","tract",2019,"education_score",105.34
"42125771100","tract",2019,"education_score",113.99
"42125771200","tract",2019,"education_score",118.29
"42125772700","tract",2019,"education_score",97.83
"42125773100","tract",2019,"education_score",99.71
"42125773200","tract",2019,"education_score",105.26
"42125774700","tract",2019,"education_score",110.05
"42125775200","tract",2019,"education_score",90.91
"42125775300","tract",2019,"education_score",83.36
"42125781700","tract",2019,"education_score",112.29
"42125782700","tract",2019,"education_score",100.65
"42125783200","tract",2019,"education_score",92.28
"42125783300","tract",2019,"education_score",92.38
"42125784000","tract",2019,"education_score",109.57
"42125791000","tract",2019,"education_score",105.22
"42125792100","tract",2019,"education_score",98.16
"42125792200","tract",2019,"education_score",NA
"42125795700","tract",2019,"education_score",94.38
"42125795800","tract",2019,"education_score",115.19
"42125795900","tract",2019,"education_score",105.41
"42125796000","tract",2019,"education_score",98.41
"42127960100","tract",2019,"education_score",102.55
"42127960200","tract",2019,"education_score",100.76
"42127960300","tract",2019,"education_score",104.84
"42127960400","tract",2019,"education_score",108.94
"42127960500","tract",2019,"education_score",111.16
"42127960600","tract",2019,"education_score",104.29
"42127960700","tract",2019,"education_score",103.25
"42127960800","tract",2019,"education_score",96.62
"42127960900","tract",2019,"education_score",NA
"42127961000","tract",2019,"education_score",110.09
"42127961100","tract",2019,"education_score",110.54
"42127961200","tract",2019,"education_score",111.37
"42127961300","tract",2019,"education_score",106.81
"42127961400","tract",2019,"education_score",106.03
"42129800100","tract",2019,"education_score",91.76
"42129800200","tract",2019,"education_score",96.69
"42129800300","tract",2019,"education_score",98.48
"42129800400","tract",2019,"education_score",106
"42129800500","tract",2019,"education_score",119.08
"42129800600","tract",2019,"education_score",79.89
"42129800700","tract",2019,"education_score",86.23
"42129800800","tract",2019,"education_score",114
"42129800900","tract",2019,"education_score",89.14
"42129801001","tract",2019,"education_score",110.71
"42129801002","tract",2019,"education_score",100.09
"42129801100","tract",2019,"education_score",111.25
"42129801200","tract",2019,"education_score",115.86
"42129801300","tract",2019,"education_score",116.34
"42129801400","tract",2019,"education_score",95.23
"42129801500","tract",2019,"education_score",102.56
"42129801600","tract",2019,"education_score",98.8
"42129801701","tract",2019,"education_score",109.15
"42129801702","tract",2019,"education_score",110.84
"42129801703","tract",2019,"education_score",106.85
"42129801800","tract",2019,"education_score",104.16
"42129801900","tract",2019,"education_score",103.13
"42129802001","tract",2019,"education_score",121.06
"42129802002","tract",2019,"education_score",113.58
"42129802101","tract",2019,"education_score",118.69
"42129802102","tract",2019,"education_score",126.77
"42129802103","tract",2019,"education_score",134.77
"42129802200","tract",2019,"education_score",111.24
"42129802301","tract",2019,"education_score",112.66
"42129802303","tract",2019,"education_score",122.89
"42129802304","tract",2019,"education_score",120.24
"42129802400","tract",2019,"education_score",115.06
"42129802500","tract",2019,"education_score",106.41
"42129802600","tract",2019,"education_score",95.65
"42129802700","tract",2019,"education_score",103.97
"42129802800","tract",2019,"education_score",98.28
"42129802900","tract",2019,"education_score",114.42
"42129803000","tract",2019,"education_score",109.25
"42129803100","tract",2019,"education_score",112.46
"42129803200","tract",2019,"education_score",114.48
"42129803301","tract",2019,"education_score",111.99
"42129803302","tract",2019,"education_score",113.33
"42129803400","tract",2019,"education_score",116.1
"42129803501","tract",2019,"education_score",119.2
"42129803502","tract",2019,"education_score",110.9
"42129803600","tract",2019,"education_score",127.38
"42129803700","tract",2019,"education_score",112.33
"42129803800","tract",2019,"education_score",119.04
"42129803901","tract",2019,"education_score",116.5
"42129803902","tract",2019,"education_score",103.16
"42129804000","tract",2019,"education_score",102.06
"42129804100","tract",2019,"education_score",97.18
"42129804200","tract",2019,"education_score",107.23
"42129804300","tract",2019,"education_score",109.78
"42129804400","tract",2019,"education_score",106.17
"42129804501","tract",2019,"education_score",107.72
"42129804502","tract",2019,"education_score",118.37
"42129804600","tract",2019,"education_score",109.06
"42129804701","tract",2019,"education_score",117.47
"42129804702","tract",2019,"education_score",108.68
"42129804801","tract",2019,"education_score",107.99
"42129804802","tract",2019,"education_score",115.57
"42129804900","tract",2019,"education_score",113.06
"42129805000","tract",2019,"education_score",103.73
"42129805100","tract",2019,"education_score",111.91
"42129805200","tract",2019,"education_score",98.08
"42129805400","tract",2019,"education_score",94.16
"42129805500","tract",2019,"education_score",110.89
"42129805600","tract",2019,"education_score",108.32
"42129805800","tract",2019,"education_score",118.56
"42129805901","tract",2019,"education_score",119.8
"42129805902","tract",2019,"education_score",118.73
"42129806000","tract",2019,"education_score",97.96
"42129806100","tract",2019,"education_score",111.4
"42129806200","tract",2019,"education_score",109.37
"42129806300","tract",2019,"education_score",107.56
"42129806400","tract",2019,"education_score",106.06
"42129806500","tract",2019,"education_score",111.03
"42129806600","tract",2019,"education_score",103.79
"42129806700","tract",2019,"education_score",103.67
"42129806800","tract",2019,"education_score",99.78
"42129806900","tract",2019,"education_score",107.89
"42129807000","tract",2019,"education_score",101.54
"42129807100","tract",2019,"education_score",109.83
"42129807200","tract",2019,"education_score",114.72
"42129807300","tract",2019,"education_score",107.9
"42129807401","tract",2019,"education_score",109.26
"42129807402","tract",2019,"education_score",109.44
"42129807500","tract",2019,"education_score",103.6
"42129807600","tract",2019,"education_score",102.36
"42129807700","tract",2019,"education_score",107.78
"42129807800","tract",2019,"education_score",105.37
"42129807900","tract",2019,"education_score",106.71
"42129808100","tract",2019,"education_score",99.8
"42129808200","tract",2019,"education_score",106.54
"42129808300","tract",2019,"education_score",98.1
"42129808401","tract",2019,"education_score",114.72
"42129808402","tract",2019,"education_score",119.83
"42129808500","tract",2019,"education_score",114.22
"42129808600","tract",2019,"education_score",104.14
"42131400100","tract",2019,"education_score",95.3
"42131400200","tract",2019,"education_score",102.09
"42131400300","tract",2019,"education_score",103.03
"42131400400","tract",2019,"education_score",108.91
"42131400500","tract",2019,"education_score",106.42
"42131400600","tract",2019,"education_score",100.74
"42131400700","tract",2019,"education_score",105.18
"42133000100","tract",2019,"education_score",81.41
"42133000200","tract",2019,"education_score",66.7
"42133000300","tract",2019,"education_score",75.3
"42133000400","tract",2019,"education_score",88.78
"42133000500","tract",2019,"education_score",65.67
"42133000600","tract",2019,"education_score",87.88
"42133000700","tract",2019,"education_score",46.11
"42133000800","tract",2019,"education_score",89.54
"42133000900","tract",2019,"education_score",79.22
"42133001000","tract",2019,"education_score",76.98
"42133001100","tract",2019,"education_score",65.74
"42133001200","tract",2019,"education_score",69.49
"42133001300","tract",2019,"education_score",93.4
"42133001400","tract",2019,"education_score",96.49
"42133001500","tract",2019,"education_score",67.57
"42133001600","tract",2019,"education_score",86.3
"42133010110","tract",2019,"education_score",NA
"42133010120","tract",2019,"education_score",107.76
"42133010130","tract",2019,"education_score",109.24
"42133010210","tract",2019,"education_score",102.27
"42133010220","tract",2019,"education_score",111.95
"42133010300","tract",2019,"education_score",108.04
"42133010400","tract",2019,"education_score",101.45
"42133010510","tract",2019,"education_score",NA
"42133010520","tract",2019,"education_score",114.11
"42133020100","tract",2019,"education_score",113.26
"42133020220","tract",2019,"education_score",118.22
"42133020221","tract",2019,"education_score",114.36
"42133020222","tract",2019,"education_score",114.06
"42133020310","tract",2019,"education_score",111.73
"42133020320","tract",2019,"education_score",101.31
"42133020410","tract",2019,"education_score",107.9
"42133020420","tract",2019,"education_score",110.13
"42133020510","tract",2019,"education_score",108.63
"42133020521","tract",2019,"education_score",99.77
"42133020522","tract",2019,"education_score",107.44
"42133020600","tract",2019,"education_score",103.46
"42133020710","tract",2019,"education_score",102.67
"42133020720","tract",2019,"education_score",102.95
"42133020800","tract",2019,"education_score",99.97
"42133020910","tract",2019,"education_score",102.38
"42133020921","tract",2019,"education_score",105.76
"42133020922","tract",2019,"education_score",109.71
"42133021010","tract",2019,"education_score",104.27
"42133021020","tract",2019,"education_score",100.93
"42133021100","tract",2019,"education_score",106.14
"42133021210","tract",2019,"education_score",109.24
"42133021220","tract",2019,"education_score",112.1
"42133021300","tract",2019,"education_score",84.78
"42133021410","tract",2019,"education_score",111.91
"42133021420","tract",2019,"education_score",107.09
"42133021500","tract",2019,"education_score",107.15
"42133021600","tract",2019,"education_score",99.17
"42133021711","tract",2019,"education_score",102.67
"42133021712","tract",2019,"education_score",106.6
"42133021720","tract",2019,"education_score",106.33
"42133021801","tract",2019,"education_score",110.85
"42133021802","tract",2019,"education_score",110.33
"42133021900","tract",2019,"education_score",94.78
"42133022000","tract",2019,"education_score",101.76
"42133022100","tract",2019,"education_score",82.74
"42133022200","tract",2019,"education_score",112.08
"42133022300","tract",2019,"education_score",99.22
"42133022401","tract",2019,"education_score",111.09
"42133022402","tract",2019,"education_score",107.82
"42133022500","tract",2019,"education_score",102.5
"42133022600","tract",2019,"education_score",113.46
"42133022700","tract",2019,"education_score",114.91
"42133022800","tract",2019,"education_score",104.4
"42133022910","tract",2019,"education_score",107.77
"42133022920","tract",2019,"education_score",104.72
"42133023000","tract",2019,"education_score",102.8
"42133023100","tract",2019,"education_score",93.98
"42133023200","tract",2019,"education_score",102.11
"42133023301","tract",2019,"education_score",114.61
"42133023302","tract",2019,"education_score",104.65
"42133023400","tract",2019,"education_score",111.29
"42133023500","tract",2019,"education_score",108.14
"42133023601","tract",2019,"education_score",99.01
"42133023602","tract",2019,"education_score",100.31
"42133023710","tract",2019,"education_score",109.17
"42133023721","tract",2019,"education_score",87.03
"42133023722","tract",2019,"education_score",92.57
"42133023810","tract",2019,"education_score",106.13
"42133023821","tract",2019,"education_score",108.69
"42133023822","tract",2019,"education_score",113.18
"42133023901","tract",2019,"education_score",117.24
"42133023902","tract",2019,"education_score",110.25
"42133024001","tract",2019,"education_score",95.63
"42133024002","tract",2019,"education_score",104.89
"42001030101","tract",2019,"education_rnk",45.4638
"42001030102","tract",2019,"education_rnk",53.4642
"42001030200","tract",2019,"education_rnk",21.6557
"42001030300","tract",2019,"education_rnk",45.1563
"42001030400","tract",2019,"education_rnk",33.0583
"42001030500","tract",2019,"education_rnk",39.5452
"42001030600","tract",2019,"education_rnk",43.3198
"42001030700","tract",2019,"education_rnk",33.6394
"42001030800","tract",2019,"education_rnk",49.732
"42001030900","tract",2019,"education_rnk",39.675
"42001031000","tract",2019,"education_rnk",53.2484
"42001031101","tract",2019,"education_rnk",49.732
"42001031102","tract",2019,"education_rnk",57.3164
"42001031201","tract",2019,"education_rnk",86.9118
"42001031202","tract",2019,"education_rnk",53.601
"42001031203","tract",2019,"education_rnk",53.8437
"42001031300","tract",2019,"education_rnk",33.5364
"42001031401","tract",2019,"education_rnk",68.585
"42001031402","tract",2019,"education_rnk",77.3499
"42001031501","tract",2019,"education_rnk",NA
"42001031502","tract",2019,"education_rnk",40.2181
"42001031600","tract",2019,"education_rnk",78.5235
"42001031700","tract",2019,"education_rnk",45.0406
"42003010300","tract",2019,"education_rnk",NA
"42003020100","tract",2019,"education_rnk",94.1055
"42003020300","tract",2019,"education_rnk",99.677
"42003030500","tract",2019,"education_rnk",40.8697
"42003040200","tract",2019,"education_rnk",40.9995
"42003040400","tract",2019,"education_rnk",89.218
"42003040500","tract",2019,"education_rnk",30.8903
"42003040600","tract",2019,"education_rnk",13.7286
"42003040900","tract",2019,"education_rnk",55.5744
"42003050100","tract",2019,"education_rnk",52.223
"42003050600","tract",2019,"education_rnk",86.5818
"42003050900","tract",2019,"education_rnk",33.0456
"42003051000","tract",2019,"education_rnk",NA
"42003051100","tract",2019,"education_rnk",3.3077
"42003060300","tract",2019,"education_rnk",96.674
"42003060500","tract",2019,"education_rnk",80.7352
"42003070300","tract",2019,"education_rnk",93.5314
"42003070500","tract",2019,"education_rnk",97.3849
"42003070600","tract",2019,"education_rnk",97.0506
"42003070800","tract",2019,"education_rnk",98.5373
"42003070900","tract",2019,"education_rnk",90.8415
"42003080200","tract",2019,"education_rnk",86.4351
"42003080400","tract",2019,"education_rnk",92.0687
"42003080600","tract",2019,"education_rnk",90.4212
"42003080700","tract",2019,"education_rnk",94.9983
"42003080900","tract",2019,"education_rnk",97.0929
"42003090100","tract",2019,"education_rnk",96.3891
"42003090200","tract",2019,"education_rnk",95.2071
"42003090300","tract",2019,"education_rnk",90.1377
"42003100500","tract",2019,"education_rnk",82.1471
"42003101100","tract",2019,"education_rnk",76.7279
"42003101400","tract",2019,"education_rnk",86.5521
"42003101600","tract",2019,"education_rnk",36.5691
"42003101700","tract",2019,"education_rnk",72.4653
"42003101800","tract",2019,"education_rnk",90.3097
"42003110200","tract",2019,"education_rnk",97.2072
"42003110600","tract",2019,"education_rnk",98.0408
"42003111300","tract",2019,"education_rnk",84.3743
"42003111400","tract",2019,"education_rnk",61.0486
"42003111500","tract",2019,"education_rnk",64.2335
"42003120300","tract",2019,"education_rnk",41.8261
"42003120400","tract",2019,"education_rnk",24.8463
"42003120700","tract",2019,"education_rnk",5.8452
"42003120800","tract",2019,"education_rnk",30.8635
"42003130100","tract",2019,"education_rnk",14.7949
"42003130200","tract",2019,"education_rnk",81.1837
"42003130300","tract",2019,"education_rnk",17.2083
"42003130400","tract",2019,"education_rnk",9.222
"42003130600","tract",2019,"education_rnk",73.2115
"42003140100","tract",2019,"education_rnk",NA
"42003140200","tract",2019,"education_rnk",93.6061
"42003140300","tract",2019,"education_rnk",97.3891
"42003140400","tract",2019,"education_rnk",97.0972
"42003140500","tract",2019,"education_rnk",87.5042
"42003140600","tract",2019,"education_rnk",97.9562
"42003140800","tract",2019,"education_rnk",88.5311
"42003141000","tract",2019,"education_rnk",98.928
"42003141100","tract",2019,"education_rnk",83.7932
"42003141300","tract",2019,"education_rnk",88.3858
"42003141400","tract",2019,"education_rnk",96.8038
"42003151600","tract",2019,"education_rnk",87.5381
"42003151700","tract",2019,"education_rnk",88.0191
"42003160800","tract",2019,"education_rnk",86.4167
"42003160900","tract",2019,"education_rnk",94.5977
"42003170200","tract",2019,"education_rnk",95.09
"42003170600","tract",2019,"education_rnk",90.3887
"42003180300","tract",2019,"education_rnk",40.2364
"42003180700","tract",2019,"education_rnk",74.0169
"42003190300","tract",2019,"education_rnk",96.7685
"42003191100","tract",2019,"education_rnk",93.1928
"42003191400","tract",2019,"education_rnk",93.5441
"42003191500","tract",2019,"education_rnk",89.4366
"42003191600","tract",2019,"education_rnk",57.3897
"42003191700","tract",2019,"education_rnk",80.2246
"42003191800","tract",2019,"education_rnk",64.5283
"42003191900","tract",2019,"education_rnk",77.0791
"42003192000","tract",2019,"education_rnk",65.3337
"42003202200","tract",2019,"education_rnk",43.9221
"42003202300","tract",2019,"education_rnk",96.0929
"42003210700","tract",2019,"education_rnk",82.3305
"42003220600","tract",2019,"education_rnk",92.41
"42003240600","tract",2019,"education_rnk",93.4298
"42003241200","tract",2019,"education_rnk",57.6309
"42003250300","tract",2019,"education_rnk",94.7486
"42003250700","tract",2019,"education_rnk",63.9021
"42003250900","tract",2019,"education_rnk",72.0436
"42003260200","tract",2019,"education_rnk",71.8221
"42003260700","tract",2019,"education_rnk",90.9967
"42003260900","tract",2019,"education_rnk",12.2602
"42003261200","tract",2019,"education_rnk",94.7204
"42003261400","tract",2019,"education_rnk",54.6519
"42003261500","tract",2019,"education_rnk",40.156
"42003262000","tract",2019,"education_rnk",69.2606
"42003270100","tract",2019,"education_rnk",61.0951
"42003270300","tract",2019,"education_rnk",53.412
"42003270400","tract",2019,"education_rnk",72.825
"42003270800","tract",2019,"education_rnk",92.3042
"42003271500","tract",2019,"education_rnk",41.9981
"42003281400","tract",2019,"education_rnk",31.8325
"42003281500","tract",2019,"education_rnk",72.4343
"42003290100","tract",2019,"education_rnk",35.0203
"42003290200","tract",2019,"education_rnk",17.7894
"42003290400","tract",2019,"education_rnk",50.9422
"42003300100","tract",2019,"education_rnk",11.4901
"42003310200","tract",2019,"education_rnk",65.29
"42003310300","tract",2019,"education_rnk",81.4108
"42003320400","tract",2019,"education_rnk",61.6593
"42003320600","tract",2019,"education_rnk",72.7714
"42003320700","tract",2019,"education_rnk",67.1857
"42003401100","tract",2019,"education_rnk",47.2199
"42003401200","tract",2019,"education_rnk",31.9496
"42003401300","tract",2019,"education_rnk",70.5343
"42003402000","tract",2019,"education_rnk",66.9629
"42003403500","tract",2019,"education_rnk",47.0689
"42003404000","tract",2019,"education_rnk",59.5831
"42003405000","tract",2019,"education_rnk",73.9506
"42003406000","tract",2019,"education_rnk",69.0236
"42003407001","tract",2019,"education_rnk",64.8781
"42003407002","tract",2019,"education_rnk",71.5922
"42003408001","tract",2019,"education_rnk",95.3693
"42003408002","tract",2019,"education_rnk",85.5732
"42003409000","tract",2019,"education_rnk",92.5849
"42003410000","tract",2019,"education_rnk",80.9524
"42003411000","tract",2019,"education_rnk",88.5212
"42003412001","tract",2019,"education_rnk",93.0067
"42003412002","tract",2019,"education_rnk",87.8766
"42003413100","tract",2019,"education_rnk",86.9118
"42003413201","tract",2019,"education_rnk",92.41
"42003413202","tract",2019,"education_rnk",88.2391
"42003413300","tract",2019,"education_rnk",89.2307
"42003413400","tract",2019,"education_rnk",86.2404
"42003413500","tract",2019,"education_rnk",78.673
"42003414101","tract",2019,"education_rnk",86.4971
"42003414102","tract",2019,"education_rnk",81.7112
"42003414200","tract",2019,"education_rnk",76.0339
"42003415001","tract",2019,"education_rnk",82.353
"42003415002","tract",2019,"education_rnk",80.6012
"42003416000","tract",2019,"education_rnk",80.0765
"42003417100","tract",2019,"education_rnk",76.608
"42003417200","tract",2019,"education_rnk",63.7328
"42003418000","tract",2019,"education_rnk",85.9654
"42003419000","tract",2019,"education_rnk",83.5999
"42003420000","tract",2019,"education_rnk",57.9878
"42003421100","tract",2019,"education_rnk",90.0192
"42003421200","tract",2019,"education_rnk",91.1152
"42003422000","tract",2019,"education_rnk",89.163
"42003423000","tract",2019,"education_rnk",92.5652
"42003424000","tract",2019,"education_rnk",38.2899
"42003425000","tract",2019,"education_rnk",77.7209
"42003426300","tract",2019,"education_rnk",90.8754
"42003426400","tract",2019,"education_rnk",93.7909
"42003426700","tract",2019,"education_rnk",75.4189
"42003426800","tract",2019,"education_rnk",89.2815
"42003427000","tract",2019,"education_rnk",37.1615
"42003427100","tract",2019,"education_rnk",75.5219
"42003427200","tract",2019,"education_rnk",82.1217
"42003428100","tract",2019,"education_rnk",67.8797
"42003428200","tract",2019,"education_rnk",65.6384
"42003429100","tract",2019,"education_rnk",74.7193
"42003429201","tract",2019,"education_rnk",92.3169
"42003429202","tract",2019,"education_rnk",89.2307
"42003429300","tract",2019,"education_rnk",87.2405
"42003429400","tract",2019,"education_rnk",85.4138
"42003429500","tract",2019,"education_rnk",96.8983
"42003429600","tract",2019,"education_rnk",92.5525
"42003429700","tract",2019,"education_rnk",81.3671
"42003430100","tract",2019,"education_rnk",75.0635
"42003430200","tract",2019,"education_rnk",76.4514
"42003431100","tract",2019,"education_rnk",84.0442
"42003431400","tract",2019,"education_rnk",78.9861
"42003431500","tract",2019,"education_rnk",88.445
"42003432300","tract",2019,"education_rnk",87.5931
"42003432400","tract",2019,"education_rnk",90.3662
"42003434000","tract",2019,"education_rnk",84.875
"42003435000","tract",2019,"education_rnk",65.2477
"42003437000","tract",2019,"education_rnk",93.1802
"42003439000","tract",2019,"education_rnk",90.2054
"42003445500","tract",2019,"education_rnk",90.9967
"42003446000","tract",2019,"education_rnk",93.1477
"42003447000","tract",2019,"education_rnk",70.5794
"42003448000","tract",2019,"education_rnk",51.6813
"42003449000","tract",2019,"education_rnk",56.707
"42003450700","tract",2019,"education_rnk",79.3867
"42003450800","tract",2019,"education_rnk",47.6402
"42003451101","tract",2019,"education_rnk",90.2265
"42003451102","tract",2019,"education_rnk",67.0263
"42003451104","tract",2019,"education_rnk",88.2645
"42003451105","tract",2019,"education_rnk",81.2712
"42003451300","tract",2019,"education_rnk",72.0577
"42003452000","tract",2019,"education_rnk",81.9115
"42003453003","tract",2019,"education_rnk",71.1846
"42003453004","tract",2019,"education_rnk",87.1967
"42003455000","tract",2019,"education_rnk",72.8504
"42003456001","tract",2019,"education_rnk",77.3316
"42003456003","tract",2019,"education_rnk",58.2938
"42003456004","tract",2019,"education_rnk",85.6268
"42003457100","tract",2019,"education_rnk",75.9112
"42003457200","tract",2019,"education_rnk",76.1566
"42003458000","tract",2019,"education_rnk",90.3281
"42003459101","tract",2019,"education_rnk",55.8424
"42003459102","tract",2019,"education_rnk",93.8769
"42003459201","tract",2019,"education_rnk",93.4228
"42003459202","tract",2019,"education_rnk",96.9124
"42003460001","tract",2019,"education_rnk",79.0045
"42003460002","tract",2019,"education_rnk",88.2292
"42003461000","tract",2019,"education_rnk",62.7581
"42003462100","tract",2019,"education_rnk",36.5126
"42003462600","tract",2019,"education_rnk",40.527
"42003463900","tract",2019,"education_rnk",38.1968
"42003464300","tract",2019,"education_rnk",70.0406
"42003464400","tract",2019,"education_rnk",21.6091
"42003465600","tract",2019,"education_rnk",63.5649
"42003465800","tract",2019,"education_rnk",80.501
"42003468700","tract",2019,"education_rnk",69.7275
"42003468800","tract",2019,"education_rnk",67.252
"42003468900","tract",2019,"education_rnk",79.9086
"42003469000","tract",2019,"education_rnk",91.8627
"42003470300","tract",2019,"education_rnk",83.4645
"42003470400","tract",2019,"education_rnk",91.2252
"42003470501","tract",2019,"education_rnk",95.7247
"42003470502","tract",2019,"education_rnk",92.2139
"42003470600","tract",2019,"education_rnk",65.4339
"42003471000","tract",2019,"education_rnk",67.1688
"42003472100","tract",2019,"education_rnk",81.6506
"42003472200","tract",2019,"education_rnk",88.926
"42003472300","tract",2019,"education_rnk",90.5383
"42003472400","tract",2019,"education_rnk",88.1136
"42003473100","tract",2019,"education_rnk",88.7554
"42003473200","tract",2019,"education_rnk",89.6934
"42003473300","tract",2019,"education_rnk",86.9866
"42003473401","tract",2019,"education_rnk",87.0345
"42003473402","tract",2019,"education_rnk",85.1176
"42003473500","tract",2019,"education_rnk",90.9967
"42003473601","tract",2019,"education_rnk",93.2789
"42003473602","tract",2019,"education_rnk",92.7387
"42003474101","tract",2019,"education_rnk",76.2568
"42003474102","tract",2019,"education_rnk",77.0227
"42003474201","tract",2019,"education_rnk",96.8066
"42003474202","tract",2019,"education_rnk",90.2674
"42003474203","tract",2019,"education_rnk",85.6423
"42003475101","tract",2019,"education_rnk",78.5489
"42003475102","tract",2019,"education_rnk",81.6055
"42003475200","tract",2019,"education_rnk",85.5112
"42003475301","tract",2019,"education_rnk",69.8389
"42003475303","tract",2019,"education_rnk",80.9228
"42003475304","tract",2019,"education_rnk",85.4406
"42003475401","tract",2019,"education_rnk",84.49
"42003475402","tract",2019,"education_rnk",92.6371
"42003476100","tract",2019,"education_rnk",57.0089
"42003476200","tract",2019,"education_rnk",82.2331
"42003477100","tract",2019,"education_rnk",90.7146
"42003477200","tract",2019,"education_rnk",84.2022
"42003477300","tract",2019,"education_rnk",52.8648
"42003478100","tract",2019,"education_rnk",62.5085
"42003478200","tract",2019,"education_rnk",47.7432
"42003479000","tract",2019,"education_rnk",70.2818
"42003480101","tract",2019,"education_rnk",37.3011
"42003480102","tract",2019,"education_rnk",74.5853
"42003480200","tract",2019,"education_rnk",57.3897
"42003480300","tract",2019,"education_rnk",71.3482
"42003480400","tract",2019,"education_rnk",63.5649
"42003481000","tract",2019,"education_rnk",32.054
"42003482500","tract",2019,"education_rnk",76.7674
"42003483800","tract",2019,"education_rnk",47.6205
"42003484300","tract",2019,"education_rnk",73.7503
"42003484500","tract",2019,"education_rnk",76.9648
"42003484600","tract",2019,"education_rnk",71.9279
"42003485000","tract",2019,"education_rnk",45.114
"42003486700","tract",2019,"education_rnk",27.9099
"42003486800","tract",2019,"education_rnk",33.4617
"42003486900","tract",2019,"education_rnk",18.317
"42003487000","tract",2019,"education_rnk",72.0196
"42003488100","tract",2019,"education_rnk",73.2834
"42003488200","tract",2019,"education_rnk",48.1734
"42003488300","tract",2019,"education_rnk",68.7246
"42003488400","tract",2019,"education_rnk",55.8127
"42003488500","tract",2019,"education_rnk",70.8996
"42003488600","tract",2019,"education_rnk",77.9043
"42003489001","tract",2019,"education_rnk",67.8402
"42003489002","tract",2019,"education_rnk",82.6126
"42003490002","tract",2019,"education_rnk",68.135
"42003490003","tract",2019,"education_rnk",79.4065
"42003490004","tract",2019,"education_rnk",75.3907
"42003491101","tract",2019,"education_rnk",76.2977
"42003491200","tract",2019,"education_rnk",77.2089
"42003492700","tract",2019,"education_rnk",47.5485
"42003492800","tract",2019,"education_rnk",52.9466
"42003492900","tract",2019,"education_rnk",39.0417
"42003494000","tract",2019,"education_rnk",56.5448
"42003495000","tract",2019,"education_rnk",59.2149
"42003496101","tract",2019,"education_rnk",74.6065
"42003496102","tract",2019,"education_rnk",79.0609
"42003496200","tract",2019,"education_rnk",66.5609
"42003497000","tract",2019,"education_rnk",72.7841
"42003498000","tract",2019,"education_rnk",70.1422
"42003499300","tract",2019,"education_rnk",47.1028
"42003499400","tract",2019,"education_rnk",70.2437
"42003500300","tract",2019,"education_rnk",77.3161
"42003501000","tract",2019,"education_rnk",44.3833
"42003503002","tract",2019,"education_rnk",72.0788
"42003504100","tract",2019,"education_rnk",59.7763
"42003507000","tract",2019,"education_rnk",80.415
"42003508000","tract",2019,"education_rnk",18.1548
"42003509400","tract",2019,"education_rnk",38.9204
"42003510000","tract",2019,"education_rnk",46.4526
"42003512000","tract",2019,"education_rnk",33.93
"42003512800","tract",2019,"education_rnk",35.428
"42003512900","tract",2019,"education_rnk",27.5418
"42003513800","tract",2019,"education_rnk",15.6356
"42003514000","tract",2019,"education_rnk",34.1105
"42003515100","tract",2019,"education_rnk",68.9489
"42003515200","tract",2019,"education_rnk",78.9241
"42003515300","tract",2019,"education_rnk",62.7581
"42003515401","tract",2019,"education_rnk",93.0447
"42003516100","tract",2019,"education_rnk",98.8109
"42003516200","tract",2019,"education_rnk",96.9632
"42003517000","tract",2019,"education_rnk",82.7889
"42003518001","tract",2019,"education_rnk",98.172
"42003519000","tract",2019,"education_rnk",95.2917
"42003520001","tract",2019,"education_rnk",90.29
"42003520002","tract",2019,"education_rnk",80.7352
"42003521100","tract",2019,"education_rnk",80.0948
"42003521200","tract",2019,"education_rnk",67.7076
"42003521301","tract",2019,"education_rnk",86.9499
"42003521302","tract",2019,"education_rnk",84.5802
"42003521401","tract",2019,"education_rnk",89.7103
"42003521402","tract",2019,"education_rnk",92.537
"42003521500","tract",2019,"education_rnk",81.6266
"42003522000","tract",2019,"education_rnk",27.1849
"42003523100","tract",2019,"education_rnk",59.3292
"42003523200","tract",2019,"education_rnk",77.5841
"42003523300","tract",2019,"education_rnk",55.4897
"42003523400","tract",2019,"education_rnk",77.4529
"42003523501","tract",2019,"education_rnk",64.9388
"42003523502","tract",2019,"education_rnk",61.8596
"42003523600","tract",2019,"education_rnk",83.3333
"42003523701","tract",2019,"education_rnk",76.474
"42003523702","tract",2019,"education_rnk",66.0446
"42003523800","tract",2019,"education_rnk",78.563
"42003524000","tract",2019,"education_rnk",71.131
"42003525100","tract",2019,"education_rnk",90.0474
"42003525200","tract",2019,"education_rnk",89.7921
"42003525300","tract",2019,"education_rnk",82.346
"42003526101","tract",2019,"education_rnk",83.8369
"42003526102","tract",2019,"education_rnk",68.8121
"42003526201","tract",2019,"education_rnk",79.5094
"42003526202","tract",2019,"education_rnk",66.2802
"42003526301","tract",2019,"education_rnk",78.2244
"42003526302","tract",2019,"education_rnk",69.5216
"42003550900","tract",2019,"education_rnk",49.701
"42003551200","tract",2019,"education_rnk",38.3364
"42003551300","tract",2019,"education_rnk",50.3569
"42003551900","tract",2019,"education_rnk",41.307
"42003552000","tract",2019,"education_rnk",50.4768
"42003552100","tract",2019,"education_rnk",NA
"42003552200","tract",2019,"education_rnk",70.2212
"42003552300","tract",2019,"education_rnk",28.2005
"42003552400","tract",2019,"education_rnk",36.2432
"42003560400","tract",2019,"education_rnk",83.9991
"42003560500","tract",2019,"education_rnk",97.588
"42003560600","tract",2019,"education_rnk",55.4897
"42003561000","tract",2019,"education_rnk",53.4642
"42003561100","tract",2019,"education_rnk",14.6919
"42003561200","tract",2019,"education_rnk",25.8252
"42003561400","tract",2019,"education_rnk",77.5418
"42003561500","tract",2019,"education_rnk",68.3311
"42003561600","tract",2019,"education_rnk",35.1924
"42003561700","tract",2019,"education_rnk",17.0249
"42003561900","tract",2019,"education_rnk",36.3504
"42003562000","tract",2019,"education_rnk",86.5211
"42003562300","tract",2019,"education_rnk",55.3487
"42003562400","tract",2019,"education_rnk",29.4022
"42003562500","tract",2019,"education_rnk",33.346
"42003562600","tract",2019,"education_rnk",78.8239
"42003562700","tract",2019,"education_rnk",90.9656
"42003562800","tract",2019,"education_rnk",77.2709
"42003562900","tract",2019,"education_rnk",50.5656
"42003563000","tract",2019,"education_rnk",83.8369
"42003563100","tract",2019,"education_rnk",75.4189
"42003563200","tract",2019,"education_rnk",94.1534
"42003563300","tract",2019,"education_rnk",97.4597
"42003563800","tract",2019,"education_rnk",88.4126
"42003563900","tract",2019,"education_rnk",86.373
"42003564000","tract",2019,"education_rnk",78.2414
"42003564100","tract",2019,"education_rnk",97.5965
"42003564200","tract",2019,"education_rnk",69.8192
"42003564400","tract",2019,"education_rnk",62.878
"42003564500","tract",2019,"education_rnk",64.9007
"42003980000","tract",2019,"education_rnk",NA
"42003980100","tract",2019,"education_rnk",NA
"42003980300","tract",2019,"education_rnk",NA
"42003980400","tract",2019,"education_rnk",NA
"42003980500","tract",2019,"education_rnk",NA
"42003980600","tract",2019,"education_rnk",NA
"42003980700","tract",2019,"education_rnk",NA
"42003980800","tract",2019,"education_rnk",NA
"42003980900","tract",2019,"education_rnk",NA
"42003981000","tract",2019,"education_rnk",NA
"42003981100","tract",2019,"education_rnk",NA
"42003981200","tract",2019,"education_rnk",NA
"42003981800","tract",2019,"education_rnk",NA
"42003982200","tract",2019,"education_rnk",NA
"42005950100","tract",2019,"education_rnk",39.0643
"42005950200","tract",2019,"education_rnk",39.3435
"42005950300","tract",2019,"education_rnk",36.9513
"42005950400","tract",2019,"education_rnk",61.957
"42005950500","tract",2019,"education_rnk",70.0406
"42005950600","tract",2019,"education_rnk",45.633
"42005950700","tract",2019,"education_rnk",40.6342
"42005950800","tract",2019,"education_rnk",39.651
"42005950900","tract",2019,"education_rnk",60.885
"42005951000","tract",2019,"education_rnk",48.7305
"42005951100","tract",2019,"education_rnk",56.9524
"42005951200","tract",2019,"education_rnk",66.6709
"42005951300","tract",2019,"education_rnk",55.9129
"42005951400","tract",2019,"education_rnk",43.5229
"42005951500","tract",2019,"education_rnk",27.5418
"42005951600","tract",2019,"education_rnk",59.0033
"42005951700","tract",2019,"education_rnk",57.6662
"42005951800","tract",2019,"education_rnk",64.8781
"42005951900","tract",2019,"education_rnk",67.3381
"42007600601","tract",2019,"education_rnk",42.1886
"42007600602","tract",2019,"education_rnk",74.0564
"42007600700","tract",2019,"education_rnk",78.0552
"42007601000","tract",2019,"education_rnk",63.8358
"42007601100","tract",2019,"education_rnk",53.8676
"42007601200","tract",2019,"education_rnk",12.5987
"42007601300","tract",2019,"education_rnk",30.6491
"42007601400","tract",2019,"education_rnk",50.9253
"42007601600","tract",2019,"education_rnk",59.1472
"42007601700","tract",2019,"education_rnk",64.9162
"42007601800","tract",2019,"education_rnk",77.9762
"42007602100","tract",2019,"education_rnk",36.5691
"42007602300","tract",2019,"education_rnk",79.532
"42007602400","tract",2019,"education_rnk",86.1868
"42007602500","tract",2019,"education_rnk",68.8121
"42007602601","tract",2019,"education_rnk",66.5454
"42007602602","tract",2019,"education_rnk",86.5521
"42007602701","tract",2019,"education_rnk",56.1118
"42007602702","tract",2019,"education_rnk",55.4672
"42007602800","tract",2019,"education_rnk",32.6647
"42007602900","tract",2019,"education_rnk",66.8655
"42007603000","tract",2019,"education_rnk",70.8164
"42007603202","tract",2019,"education_rnk",68.585
"42007603300","tract",2019,"education_rnk",60.2968
"42007603400","tract",2019,"education_rnk",50.8646
"42007603500","tract",2019,"education_rnk",34.528
"42007603600","tract",2019,"education_rnk",71.5245
"42007603700","tract",2019,"education_rnk",73.5049
"42007603801","tract",2019,"education_rnk",87.1107
"42007603802","tract",2019,"education_rnk",89.4902
"42007603803","tract",2019,"education_rnk",65.5086
"42007603900","tract",2019,"education_rnk",65.0361
"42007604000","tract",2019,"education_rnk",74.1875
"42007604100","tract",2019,"education_rnk",50.3569
"42007604200","tract",2019,"education_rnk",56.9764
"42007604500","tract",2019,"education_rnk",22.2833
"42007604600","tract",2019,"education_rnk",48.9336
"42007604700","tract",2019,"education_rnk",62.1347
"42007604800","tract",2019,"education_rnk",73.6205
"42007604901","tract",2019,"education_rnk",68.9954
"42007604902","tract",2019,"education_rnk",56.683
"42007605001","tract",2019,"education_rnk",61.373
"42007605002","tract",2019,"education_rnk",64.3703
"42007605100","tract",2019,"education_rnk",54.4488
"42007605200","tract",2019,"education_rnk",63.1009
"42007605300","tract",2019,"education_rnk",59.3644
"42007605400","tract",2019,"education_rnk",35.2601
"42007605500","tract",2019,"education_rnk",75.8322
"42007605600","tract",2019,"education_rnk",67.7683
"42007605700","tract",2019,"education_rnk",25.0832
"42007605800","tract",2019,"education_rnk",69.0406
"42009960100","tract",2019,"education_rnk",26.0988
"42009960200","tract",2019,"education_rnk",38.0981
"42009960300","tract",2019,"education_rnk",35.9541
"42009960400","tract",2019,"education_rnk",32.6492
"42009960500","tract",2019,"education_rnk",22.8955
"42009960600","tract",2019,"education_rnk",24.5077
"42009960700","tract",2019,"education_rnk",67.1053
"42009960800","tract",2019,"education_rnk",63.1756
"42009960900","tract",2019,"education_rnk",45.4313
"42009961000","tract",2019,"education_rnk",44.3833
"42009961100","tract",2019,"education_rnk",49.4922
"42011000100","tract",2019,"education_rnk",5.5306
"42011000200","tract",2019,"education_rnk",10.3786
"42011000300","tract",2019,"education_rnk",17.7231
"42011000400","tract",2019,"education_rnk",3.9861
"42011000500","tract",2019,"education_rnk",4.6067
"42011000600","tract",2019,"education_rnk",22.6049
"42011000700","tract",2019,"education_rnk",9.6945
"42011000800","tract",2019,"education_rnk",2.7674
"42011000900","tract",2019,"education_rnk",3.35
"42011001000","tract",2019,"education_rnk",2.2484
"42011001100","tract",2019,"education_rnk",3.3979
"42011001200","tract",2019,"education_rnk",8.4546
"42011001300","tract",2019,"education_rnk",1.7194
"42011001400","tract",2019,"education_rnk",2.4966
"42011001500","tract",2019,"education_rnk",0.2609
"42011001600","tract",2019,"education_rnk",3.4135
"42011001700","tract",2019,"education_rnk",0.3752
"42011001800","tract",2019,"education_rnk",27.1849
"42011001900","tract",2019,"education_rnk",10.5732
"42011002000","tract",2019,"education_rnk",3.7872
"42011002100","tract",2019,"education_rnk",5.7013
"42011002200","tract",2019,"education_rnk",2.2046
"42011002300","tract",2019,"education_rnk",4.3373
"42011002500","tract",2019,"education_rnk",0.7236
"42011002600","tract",2019,"education_rnk",2.6095
"42011002700","tract",2019,"education_rnk",46.1704
"42011002900","tract",2019,"education_rnk",22.5076
"42011010100","tract",2019,"education_rnk",22.8828
"42011010201","tract",2019,"education_rnk",50.0621
"42011010202","tract",2019,"education_rnk",31.6717
"42011010302","tract",2019,"education_rnk",55.0793
"42011010303","tract",2019,"education_rnk",37.2278
"42011010304","tract",2019,"education_rnk",62.6114
"42011010400","tract",2019,"education_rnk",23.7799
"42011010500","tract",2019,"education_rnk",33.6197
"42011010600","tract",2019,"education_rnk",71.4131
"42011010700","tract",2019,"education_rnk",59.284
"42011010801","tract",2019,"education_rnk",64.706
"42011010802","tract",2019,"education_rnk",69.286
"42011010902","tract",2019,"education_rnk",36.7835
"42011010903","tract",2019,"education_rnk",78.9128
"42011010904","tract",2019,"education_rnk",56.0384
"42011010905","tract",2019,"education_rnk",75.3907
"42011011000","tract",2019,"education_rnk",54.776
"42011011101","tract",2019,"education_rnk",84.7706
"42011011102","tract",2019,"education_rnk",90.4212
"42011011200","tract",2019,"education_rnk",39.5227
"42011011300","tract",2019,"education_rnk",41.41
"42011011400","tract",2019,"education_rnk",63.0811
"42011011500","tract",2019,"education_rnk",65.8006
"42011011601","tract",2019,"education_rnk",55.3487
"42011011602","tract",2019,"education_rnk",70.4737
"42011011603","tract",2019,"education_rnk",82.8523
"42011011701","tract",2019,"education_rnk",70.1577
"42011011702","tract",2019,"education_rnk",62.5494
"42011011703","tract",2019,"education_rnk",55.0666
"42011011800","tract",2019,"education_rnk",55.9764
"42011011902","tract",2019,"education_rnk",86.349
"42011011903","tract",2019,"education_rnk",70.7515
"42011011904","tract",2019,"education_rnk",59.1289
"42011012001","tract",2019,"education_rnk",46.4526
"42011012002","tract",2019,"education_rnk",55.0468
"42011012101","tract",2019,"education_rnk",51.9832
"42011012103","tract",2019,"education_rnk",61.1614
"42011012104","tract",2019,"education_rnk",32.5251
"42011012105","tract",2019,"education_rnk",68.6809
"42011012200","tract",2019,"education_rnk",32.2712
"42011012300","tract",2019,"education_rnk",59.1289
"42011012400","tract",2019,"education_rnk",33.8411
"42011012500","tract",2019,"education_rnk",33.095
"42011012600","tract",2019,"education_rnk",21.265
"42011012700","tract",2019,"education_rnk",72.6712
"42011012800","tract",2019,"education_rnk",48.6769
"42011012900","tract",2019,"education_rnk",75.7617
"42011013000","tract",2019,"education_rnk",56.5716
"42011013100","tract",2019,"education_rnk",66.5609
"42011013200","tract",2019,"education_rnk",55.9129
"42011013301","tract",2019,"education_rnk",64.9388
"42011013302","tract",2019,"education_rnk",63.0459
"42011013401","tract",2019,"education_rnk",77.1553
"42011013402","tract",2019,"education_rnk",58.2558
"42011013500","tract",2019,"education_rnk",75.8463
"42011013600","tract",2019,"education_rnk",50.8646
"42011013701","tract",2019,"education_rnk",27.5192
"42011013702","tract",2019,"education_rnk",45.8164
"42011013800","tract",2019,"education_rnk",52.4078
"42011013900","tract",2019,"education_rnk",65.6892
"42011014000","tract",2019,"education_rnk",76.7928
"42011014100","tract",2019,"education_rnk",NA
"42011014200","tract",2019,"education_rnk",43.3395
"42013010101","tract",2019,"education_rnk",36.6523
"42013010102","tract",2019,"education_rnk",46.6387
"42013010103","tract",2019,"education_rnk",50.9253
"42013010401","tract",2019,"education_rnk",59.0696
"42013010402","tract",2019,"education_rnk",63.7793
"42013010500","tract",2019,"education_rnk",58.5111
"42013010600","tract",2019,"education_rnk",76.3879
"42013010700","tract",2019,"education_rnk",50.9013
"42013010800","tract",2019,"education_rnk",33.1641
"42013010900","tract",2019,"education_rnk",74.8942
"42013011001","tract",2019,"education_rnk",48.1917
"42013011002","tract",2019,"education_rnk",56.3332
"42013011100","tract",2019,"education_rnk",85.3123
"42013011200","tract",2019,"education_rnk",63.1009
"42013011300","tract",2019,"education_rnk",44.7543
"42013011400","tract",2019,"education_rnk",32.1711
"42013011500","tract",2019,"education_rnk",47.6205
"42013011600","tract",2019,"education_rnk",34.4801
"42013100200","tract",2019,"education_rnk",60.538
"42013100300","tract",2019,"education_rnk",27.4882
"42013100400","tract",2019,"education_rnk",50.7335
"42013100500","tract",2019,"education_rnk",44.8558
"42013100600","tract",2019,"education_rnk",68.3085
"42013100700","tract",2019,"education_rnk",15.0883
"42013100800","tract",2019,"education_rnk",70.3397
"42013100900","tract",2019,"education_rnk",56.1118
"42013101100","tract",2019,"education_rnk",55.8127
"42013101200","tract",2019,"education_rnk",60.3518
"42013101400","tract",2019,"education_rnk",38.5692
"42013101500","tract",2019,"education_rnk",41.3705
"42013101600","tract",2019,"education_rnk",15.4635
"42013101700","tract",2019,"education_rnk",29.7901
"42013101800","tract",2019,"education_rnk",58.6168
"42013101900","tract",2019,"education_rnk",18.2676
"42015950100","tract",2019,"education_rnk",43.0715
"42015950200","tract",2019,"education_rnk",41.8444
"42015950300","tract",2019,"education_rnk",36.1276
"42015950400","tract",2019,"education_rnk",45.5512
"42015950500","tract",2019,"education_rnk",65.7428
"42015950600","tract",2019,"education_rnk",48.1917
"42015950700","tract",2019,"education_rnk",42.7697
"42015950800","tract",2019,"education_rnk",63.9698
"42015950900","tract",2019,"education_rnk",46.485
"42015951000","tract",2019,"education_rnk",47.8645
"42015951100","tract",2019,"education_rnk",49.7475
"42015951200","tract",2019,"education_rnk",45.6711
"42015951300","tract",2019,"education_rnk",33.1993
"42015951400","tract",2019,"education_rnk",30.7535
"42017100102","tract",2019,"education_rnk",89.857
"42017100103","tract",2019,"education_rnk",58.882
"42017100104","tract",2019,"education_rnk",45.2141
"42017100105","tract",2019,"education_rnk",63.9698
"42017100201","tract",2019,"education_rnk",46.6909
"42017100206","tract",2019,"education_rnk",76.2568
"42017100207","tract",2019,"education_rnk",60.813
"42017100208","tract",2019,"education_rnk",53.948
"42017100209","tract",2019,"education_rnk",74.4809
"42017100210","tract",2019,"education_rnk",47.887
"42017100211","tract",2019,"education_rnk",62.9161
"42017100212","tract",2019,"education_rnk",60.9682
"42017100302","tract",2019,"education_rnk",39.1108
"42017100303","tract",2019,"education_rnk",32.9384
"42017100304","tract",2019,"education_rnk",54.7055
"42017100306","tract",2019,"education_rnk",53.4388
"42017100307","tract",2019,"education_rnk",33.0583
"42017100401","tract",2019,"education_rnk",71.1662
"42017100402","tract",2019,"education_rnk",40.4282
"42017100403","tract",2019,"education_rnk",56.1922
"42017100404","tract",2019,"education_rnk",34.0061
"42017100406","tract",2019,"education_rnk",87.8935
"42017100407","tract",2019,"education_rnk",65.2082
"42017100408","tract",2019,"education_rnk",41.6765
"42017100500","tract",2019,"education_rnk",82.6253
"42017100600","tract",2019,"education_rnk",57.2896
"42017100700","tract",2019,"education_rnk",36.3772
"42017100803","tract",2019,"education_rnk",57.4433
"42017100804","tract",2019,"education_rnk",81.0271
"42017100805","tract",2019,"education_rnk",73.8307
"42017100807","tract",2019,"education_rnk",75.0776
"42017100808","tract",2019,"education_rnk",93.9559
"42017100809","tract",2019,"education_rnk",98.251
"42017100811","tract",2019,"education_rnk",79.6082
"42017100900","tract",2019,"education_rnk",84.2149
"42017101100","tract",2019,"education_rnk",60.5563
"42017101401","tract",2019,"education_rnk",74.7814
"42017101403","tract",2019,"education_rnk",82.5956
"42017101404","tract",2019,"education_rnk",73.605
"42017101405","tract",2019,"education_rnk",52.223
"42017101503","tract",2019,"education_rnk",91.2562
"42017101504","tract",2019,"education_rnk",70.5019
"42017101505","tract",2019,"education_rnk",89.8104
"42017101506","tract",2019,"education_rnk",77.4035
"42017101603","tract",2019,"education_rnk",40.338
"42017101605","tract",2019,"education_rnk",43.1548
"42017101607","tract",2019,"education_rnk",72.9519
"42017101609","tract",2019,"education_rnk",80.343
"42017101610","tract",2019,"education_rnk",78.144
"42017101611","tract",2019,"education_rnk",78.6067
"42017101802","tract",2019,"education_rnk",85.0598
"42017101803","tract",2019,"education_rnk",80.7027
"42017101805","tract",2019,"education_rnk",73.0761
"42017101807","tract",2019,"education_rnk",43.8953
"42017101808","tract",2019,"education_rnk",76.3879
"42017101900","tract",2019,"education_rnk",84.5802
"42017102002","tract",2019,"education_rnk",83.7198
"42017102003","tract",2019,"education_rnk",83.4828
"42017102004","tract",2019,"education_rnk",82.511
"42017102102","tract",2019,"education_rnk",72.7347
"42017102104","tract",2019,"education_rnk",82.5829
"42017102300","tract",2019,"education_rnk",72.1099
"42017102401","tract",2019,"education_rnk",62.0402
"42017102402","tract",2019,"education_rnk",71.0111
"42017102500","tract",2019,"education_rnk",57.3347
"42017102600","tract",2019,"education_rnk",43.1844
"42017102700","tract",2019,"education_rnk",81.8001
"42017102801","tract",2019,"education_rnk",63.8682
"42017103101","tract",2019,"education_rnk",75.725
"42017103102","tract",2019,"education_rnk",54.1808
"42017103103","tract",2019,"education_rnk",56.927
"42017103300","tract",2019,"education_rnk",87.1107
"42017103400","tract",2019,"education_rnk",74.0366
"42017103700","tract",2019,"education_rnk",88.737
"42017103800","tract",2019,"education_rnk",87.1319
"42017103900","tract",2019,"education_rnk",94.0152
"42017104000","tract",2019,"education_rnk",84.947
"42017104100","tract",2019,"education_rnk",40.5058
"42017104201","tract",2019,"education_rnk",86.0161
"42017104203","tract",2019,"education_rnk",70.3397
"42017104204","tract",2019,"education_rnk",82.8284
"42017104301","tract",2019,"education_rnk",96.5076
"42017104303","tract",2019,"education_rnk",98.0041
"42017104304","tract",2019,"education_rnk",85.8694
"42017104400","tract",2019,"education_rnk",97.9942
"42017104502","tract",2019,"education_rnk",94.3198
"42017104503","tract",2019,"education_rnk",94.0575
"42017104505","tract",2019,"education_rnk",88.974
"42017104506","tract",2019,"education_rnk",74.5176
"42017104601","tract",2019,"education_rnk",90.9967
"42017104603","tract",2019,"education_rnk",80.1117
"42017104604","tract",2019,"education_rnk",93.9729
"42017104701","tract",2019,"education_rnk",85.4138
"42017104702","tract",2019,"education_rnk",92.6865
"42017104703","tract",2019,"education_rnk",92.5736
"42017104800","tract",2019,"education_rnk",67.5877
"42017104901","tract",2019,"education_rnk",88.3181
"42017104902","tract",2019,"education_rnk",86.7637
"42017105003","tract",2019,"education_rnk",91.8627
"42017105004","tract",2019,"education_rnk",84.1825
"42017105006","tract",2019,"education_rnk",90.9896
"42017105008","tract",2019,"education_rnk",75.7885
"42017105009","tract",2019,"education_rnk",80.8776
"42017105010","tract",2019,"education_rnk",91.7936
"42017105011","tract",2019,"education_rnk",93.9926
"42017105012","tract",2019,"education_rnk",88.8978
"42017105013","tract",2019,"education_rnk",89.4902
"42017105100","tract",2019,"education_rnk",96.0266
"42017105202","tract",2019,"education_rnk",97.9759
"42017105203","tract",2019,"education_rnk",89.0234
"42017105206","tract",2019,"education_rnk",92.9432
"42017105207","tract",2019,"education_rnk",98.1367
"42017105208","tract",2019,"education_rnk",84.3376
"42017105300","tract",2019,"education_rnk",93.8177
"42017105400","tract",2019,"education_rnk",96.4568
"42017105505","tract",2019,"education_rnk",96.6359
"42017105506","tract",2019,"education_rnk",97.0577
"42017105507","tract",2019,"education_rnk",95.0434
"42017105508","tract",2019,"education_rnk",96.6571
"42017105509","tract",2019,"education_rnk",94.4933
"42017105510","tract",2019,"education_rnk",91.1645
"42017105511","tract",2019,"education_rnk",94.231
"42017105600","tract",2019,"education_rnk",97.3313
"42017105702","tract",2019,"education_rnk",85.1966
"42017105704","tract",2019,"education_rnk",68.2338
"42017105801","tract",2019,"education_rnk",53.601
"42017105805","tract",2019,"education_rnk",59.6705
"42017105807","tract",2019,"education_rnk",46.2833
"42017105808","tract",2019,"education_rnk",69.4045
"42017105809","tract",2019,"education_rnk",70.4469
"42017105810","tract",2019,"education_rnk",60.2672
"42017105811","tract",2019,"education_rnk",53.3796
"42017105812","tract",2019,"education_rnk",70.8559
"42017105900","tract",2019,"education_rnk",58.748
"42017106000","tract",2019,"education_rnk",79.1554
"42017106100","tract",2019,"education_rnk",NA
"42017106200","tract",2019,"education_rnk",75.4838
"42017106300","tract",2019,"education_rnk",77.0791
"42017106401","tract",2019,"education_rnk",68.5342
"42017106402","tract",2019,"education_rnk",69.9235
"42017106500","tract",2019,"education_rnk",53.5855
"42017106600","tract",2019,"education_rnk",83.4081
"42017980000","tract",2019,"education_rnk",NA
"42019902100","tract",2019,"education_rnk",76.3879
"42019902200","tract",2019,"education_rnk",44.0928
"42019902300","tract",2019,"education_rnk",21.4878
"42019902400","tract",2019,"education_rnk",21.0957
"42019902500","tract",2019,"education_rnk",53.1384
"42019902600","tract",2019,"education_rnk",75.7885
"42019902700","tract",2019,"education_rnk",51.3217
"42019902800","tract",2019,"education_rnk",63.5353
"42019902900","tract",2019,"education_rnk",83.3672
"42019903000","tract",2019,"education_rnk",74.7419
"42019903100","tract",2019,"education_rnk",85.0415
"42019910100","tract",2019,"education_rnk",41.9572
"42019910200","tract",2019,"education_rnk",52.766
"42019910301","tract",2019,"education_rnk",56.9764
"42019910302","tract",2019,"education_rnk",61.0951
"42019910400","tract",2019,"education_rnk",48.7714
"42019910500","tract",2019,"education_rnk",NA
"42019910600","tract",2019,"education_rnk",54.6237
"42019910700","tract",2019,"education_rnk",71.7939
"42019910800","tract",2019,"education_rnk",68.4467
"42019910900","tract",2019,"education_rnk",72.6557
"42019911000","tract",2019,"education_rnk",56.9524
"42019911100","tract",2019,"education_rnk",67.8176
"42019911200","tract",2019,"education_rnk",35.734
"42019911300","tract",2019,"education_rnk",61.1925
"42019911400","tract",2019,"education_rnk",65.4339
"42019911501","tract",2019,"education_rnk",48.3229
"42019911502","tract",2019,"education_rnk",76.9846
"42019911600","tract",2019,"education_rnk",91.8077
"42019911700","tract",2019,"education_rnk",70.6471
"42019911800","tract",2019,"education_rnk",82.0893
"42019911900","tract",2019,"education_rnk",78.7717
"42019912001","tract",2019,"education_rnk",88.6609
"42019912002","tract",2019,"education_rnk",90.5919
"42019912101","tract",2019,"education_rnk",86.7284
"42019912102","tract",2019,"education_rnk",76.1792
"42019912200","tract",2019,"education_rnk",88.5551
"42019912301","tract",2019,"education_rnk",87.4267
"42019912303","tract",2019,"education_rnk",95.9039
"42019912304","tract",2019,"education_rnk",94.1055
"42019912401","tract",2019,"education_rnk",94.0744
"42019912402","tract",2019,"education_rnk",90.9149
"42019912700","tract",2019,"education_rnk",83.0823
"42019912800","tract",2019,"education_rnk",80.549
"42021000100","tract",2019,"education_rnk",30.9778
"42021000200","tract",2019,"education_rnk",24.0832
"42021000300","tract",2019,"education_rnk",30.264
"42021000500","tract",2019,"education_rnk",33.4462
"42021000600","tract",2019,"education_rnk",49.0098
"42021000700","tract",2019,"education_rnk",37.1615
"42021001200","tract",2019,"education_rnk",32.9849
"42021010100","tract",2019,"education_rnk",42.0785
"42021010200","tract",2019,"education_rnk",36.2644
"42021010300","tract",2019,"education_rnk",45.6923
"42021010500","tract",2019,"education_rnk",64.8302
"42021010600","tract",2019,"education_rnk",69.6852
"42021010700","tract",2019,"education_rnk",83.2431
"42021010801","tract",2019,"education_rnk",74.2031
"42021011000","tract",2019,"education_rnk",41.6229
"42021011100","tract",2019,"education_rnk",88.8485
"42021011200","tract",2019,"education_rnk",74.9478
"42021011300","tract",2019,"education_rnk",71.4131
"42021011400","tract",2019,"education_rnk",68.2338
"42021011500","tract",2019,"education_rnk",55.6999
"42021011600","tract",2019,"education_rnk",48.7503
"42021011700","tract",2019,"education_rnk",21.0858
"42021011800","tract",2019,"education_rnk",46.6599
"42021011900","tract",2019,"education_rnk",54.1624
"42021012000","tract",2019,"education_rnk",45.8404
"42021012100","tract",2019,"education_rnk",50.7194
"42021012200","tract",2019,"education_rnk",53.7407
"42021012300","tract",2019,"education_rnk",NA
"42021012400","tract",2019,"education_rnk",64.6383
"42021012500","tract",2019,"education_rnk",56.5448
"42021012600","tract",2019,"education_rnk",78.6941
"42021012700","tract",2019,"education_rnk",45.3594
"42021012800","tract",2019,"education_rnk",55.7676
"42021012900","tract",2019,"education_rnk",49.6121
"42021013000","tract",2019,"education_rnk",53.0453
"42021013100","tract",2019,"education_rnk",48.8815
"42021013200","tract",2019,"education_rnk",43.3198
"42021013300","tract",2019,"education_rnk",50.1932
"42021013400","tract",2019,"education_rnk",16.4396
"42021013500","tract",2019,"education_rnk",17.3846
"42021013600","tract",2019,"education_rnk",17.8684
"42021013700","tract",2019,"education_rnk",NA
"42023960100","tract",2019,"education_rnk",34.6423
"42023960200","tract",2019,"education_rnk",48.3229
"42025020102","tract",2019,"education_rnk",45.9462
"42025020103","tract",2019,"education_rnk",76.1115
"42025020105","tract",2019,"education_rnk",54.7986
"42025020106","tract",2019,"education_rnk",68.1703
"42025020200","tract",2019,"education_rnk",44.8911
"42025020300","tract",2019,"education_rnk",43.7049
"42025020400","tract",2019,"education_rnk",33.2882
"42025020500","tract",2019,"education_rnk",58.5943
"42025020600","tract",2019,"education_rnk",32.4616
"42025020700","tract",2019,"education_rnk",57.7296
"42025020800","tract",2019,"education_rnk",60.3179
"42025020900","tract",2019,"education_rnk",32.1965
"42027010100","tract",2019,"education_rnk",57.2896
"42027010200","tract",2019,"education_rnk",50.4951
"42027010300","tract",2019,"education_rnk",66.3874
"42027010400","tract",2019,"education_rnk",69.8192
"42027010500","tract",2019,"education_rnk",62.1939
"42027010600","tract",2019,"education_rnk",56.6605
"42027010700","tract",2019,"education_rnk",55.2274
"42027010800","tract",2019,"education_rnk",9.088
"42027010900","tract",2019,"education_rnk",67.8995
"42027011000","tract",2019,"education_rnk",74.3117
"42027011100","tract",2019,"education_rnk",76.0339
"42027011201","tract",2019,"education_rnk",81.3445
"42027011300","tract",2019,"education_rnk",89.6045
"42027011400","tract",2019,"education_rnk",84.4025
"42027011501","tract",2019,"education_rnk",79.2344
"42027011502","tract",2019,"education_rnk",71.8912
"42027011600","tract",2019,"education_rnk",77.2455
"42027011702","tract",2019,"education_rnk",93.6245
"42027011800","tract",2019,"education_rnk",93.0447
"42027011901","tract",2019,"education_rnk",86.1713
"42027011902","tract",2019,"education_rnk",92.7937
"42027012000","tract",2019,"education_rnk",43.4566
"42027012100","tract",2019,"education_rnk",NA
"42027012200","tract",2019,"education_rnk",NA
"42027012300","tract",2019,"education_rnk",96.7756
"42027012400","tract",2019,"education_rnk",65.2082
"42027012500","tract",2019,"education_rnk",49.8223
"42027012600","tract",2019,"education_rnk",42.9502
"42027012700","tract",2019,"education_rnk",89.4592
"42027012800","tract",2019,"education_rnk",81.1837
"42027981202","tract",2019,"education_rnk",NA
"42029300101","tract",2019,"education_rnk",89.6045
"42029300103","tract",2019,"education_rnk",96.4977
"42029300104","tract",2019,"education_rnk",93.6555
"42029300106","tract",2019,"education_rnk",98.7376
"42029300107","tract",2019,"education_rnk",87.0839
"42029300108","tract",2019,"education_rnk",98.1212
"42029300109","tract",2019,"education_rnk",87.9105
"42029300201","tract",2019,"education_rnk",81.6732
"42029300202","tract",2019,"education_rnk",97.5302
"42029300301","tract",2019,"education_rnk",89.7582
"42029300302","tract",2019,"education_rnk",83.3531
"42029300303","tract",2019,"education_rnk",89.9811
"42029300400","tract",2019,"education_rnk",93.647
"42029300501","tract",2019,"education_rnk",94.3593
"42029300502","tract",2019,"education_rnk",75.622
"42029300600","tract",2019,"education_rnk",78.5884
"42029300700","tract",2019,"education_rnk",79.2922
"42029300800","tract",2019,"education_rnk",95.1915
"42029300900","tract",2019,"education_rnk",81.8128
"42029301000","tract",2019,"education_rnk",95.2846
"42029301100","tract",2019,"education_rnk",67.8571
"42029301300","tract",2019,"education_rnk",82.559
"42029301401","tract",2019,"education_rnk",53.9762
"42029301402","tract",2019,"education_rnk",87.4393
"42029301500","tract",2019,"education_rnk",75.3103
"42029301600","tract",2019,"education_rnk",80.4883
"42029301700","tract",2019,"education_rnk",94.0279
"42029301800","tract",2019,"education_rnk",92.6653
"42029301900","tract",2019,"education_rnk",88.0191
"42029302000","tract",2019,"education_rnk",81.9412
"42029302101","tract",2019,"education_rnk",83.1302
"42029302102","tract",2019,"education_rnk",77.876
"42029302202","tract",2019,"education_rnk",86.2023
"42029302203","tract",2019,"education_rnk",86.2404
"42029302204","tract",2019,"education_rnk",89.4832
"42029302300","tract",2019,"education_rnk",95.4751
"42029302400","tract",2019,"education_rnk",63.5649
"42029302500","tract",2019,"education_rnk",86.6805
"42029302600","tract",2019,"education_rnk",69.7275
"42029302702","tract",2019,"education_rnk",92.2238
"42029302703","tract",2019,"education_rnk",94.846
"42029302704","tract",2019,"education_rnk",89.3379
"42029302705","tract",2019,"education_rnk",89.802
"42029302706","tract",2019,"education_rnk",83.1768
"42029302802","tract",2019,"education_rnk",96.6444
"42029302803","tract",2019,"education_rnk",99.5317
"42029302804","tract",2019,"education_rnk",93.3283
"42029302805","tract",2019,"education_rnk",86.8286
"42029302901","tract",2019,"education_rnk",95.8982
"42029302902","tract",2019,"education_rnk",94.987
"42029303000","tract",2019,"education_rnk",92.843
"42029303100","tract",2019,"education_rnk",93.8375
"42029303301","tract",2019,"education_rnk",35.5323
"42029303302","tract",2019,"education_rnk",88.2786
"42029303401","tract",2019,"education_rnk",26.4204
"42029303402","tract",2019,"education_rnk",21.399
"42029303501","tract",2019,"education_rnk",75.354
"42029303502","tract",2019,"education_rnk",89.4014
"42029303801","tract",2019,"education_rnk",79.0609
"42029303802","tract",2019,"education_rnk",85.088
"42029303901","tract",2019,"education_rnk",85.1868
"42029303902","tract",2019,"education_rnk",83.0597
"42029304000","tract",2019,"education_rnk",92.3169
"42029304101","tract",2019,"education_rnk",88.1009
"42029304102","tract",2019,"education_rnk",60.4519
"42029304201","tract",2019,"education_rnk",95.4031
"42029304300","tract",2019,"education_rnk",90.778
"42029304403","tract",2019,"education_rnk",93.7782
"42029304404","tract",2019,"education_rnk",82.748
"42029304405","tract",2019,"education_rnk",87.744
"42029304406","tract",2019,"education_rnk",88.9683
"42029304501","tract",2019,"education_rnk",87.8287
"42029304502","tract",2019,"education_rnk",79.5912
"42029304600","tract",2019,"education_rnk",71.2184
"42029304900","tract",2019,"education_rnk",24.7588
"42029305000","tract",2019,"education_rnk",55.9947
"42029305101","tract",2019,"education_rnk",64.5128
"42029305102","tract",2019,"education_rnk",70.4737
"42029305300","tract",2019,"education_rnk",60.3913
"42029305400","tract",2019,"education_rnk",32.5096
"42029305500","tract",2019,"education_rnk",4.4742
"42029305600","tract",2019,"education_rnk",11.27
"42029305700","tract",2019,"education_rnk",18.6668
"42029306000","tract",2019,"education_rnk",84.9681
"42029306300","tract",2019,"education_rnk",11.6283
"42029306501","tract",2019,"education_rnk",84.1585
"42029306503","tract",2019,"education_rnk",7.4602
"42029306504","tract",2019,"education_rnk",40.2364
"42029306600","tract",2019,"education_rnk",80.4559
"42029306700","tract",2019,"education_rnk",80.7352
"42029306800","tract",2019,"education_rnk",68.379
"42029306900","tract",2019,"education_rnk",74.7687
"42029307000","tract",2019,"education_rnk",58.4589
"42029307100","tract",2019,"education_rnk",53.948
"42029307200","tract",2019,"education_rnk",50.1143
"42029307300","tract",2019,"education_rnk",68.3085
"42029307400","tract",2019,"education_rnk",37.7595
"42029307700","tract",2019,"education_rnk",29.2301
"42029307800","tract",2019,"education_rnk",39.651
"42029307900","tract",2019,"education_rnk",NA
"42029308000","tract",2019,"education_rnk",19.3861
"42029308101","tract",2019,"education_rnk",53.6603
"42029308102","tract",2019,"education_rnk",34.5111
"42029308200","tract",2019,"education_rnk",29.9283
"42029310400","tract",2019,"education_rnk",NA
"42029311000","tract",2019,"education_rnk",65.2731
"42029311100","tract",2019,"education_rnk",97.107
"42029311200","tract",2019,"education_rnk",91.2463
"42029311300","tract",2019,"education_rnk",NA
"42029311401","tract",2019,"education_rnk",82.4179
"42029311403","tract",2019,"education_rnk",77.9409
"42029311404","tract",2019,"education_rnk",80.5814
"42029311500","tract",2019,"education_rnk",86.4492
"42029311600","tract",2019,"education_rnk",34.4096
"42029311700","tract",2019,"education_rnk",44.1901
"42029311800","tract",2019,"education_rnk",23.8349
"42031160101","tract",2019,"education_rnk",68.4058
"42031160102","tract",2019,"education_rnk",61.2813
"42031160200","tract",2019,"education_rnk",35.9541
"42031160300","tract",2019,"education_rnk",43.7613
"42031160400","tract",2019,"education_rnk",35.9357
"42031160500","tract",2019,"education_rnk",25.0423
"42031160600","tract",2019,"education_rnk",57.0723
"42031160700","tract",2019,"education_rnk",34.308
"42031160800","tract",2019,"education_rnk",46.2579
"42031160900","tract",2019,"education_rnk",35.9541
"42033330100","tract",2019,"education_rnk",34.284
"42033330200","tract",2019,"education_rnk",40.5058
"42033330300","tract",2019,"education_rnk",45.5273
"42033330400","tract",2019,"education_rnk",77.5418
"42033330500","tract",2019,"education_rnk",25.0832
"42033330600","tract",2019,"education_rnk",33.1175
"42033330700","tract",2019,"education_rnk",37.122
"42033330800","tract",2019,"education_rnk",28.5954
"42033330900","tract",2019,"education_rnk",29.7309
"42033331000","tract",2019,"education_rnk",45.8742
"42033331100","tract",2019,"education_rnk",54.2964
"42033331200","tract",2019,"education_rnk",65.9177
"42033331300","tract",2019,"education_rnk",57.6859
"42033331401","tract",2019,"education_rnk",51.0142
"42033331402","tract",2019,"education_rnk",52.9254
"42033331500","tract",2019,"education_rnk",37.6805
"42033331600","tract",2019,"education_rnk",33.4617
"42033331700","tract",2019,"education_rnk",NA
"42033331800","tract",2019,"education_rnk",41.654
"42033331900","tract",2019,"education_rnk",31.2303
"42035030100","tract",2019,"education_rnk",27.5643
"42035030200","tract",2019,"education_rnk",51.8435
"42035030300","tract",2019,"education_rnk",68.3
"42035030400","tract",2019,"education_rnk",38.0346
"42035030500","tract",2019,"education_rnk",60.8342
"42035030600","tract",2019,"education_rnk",38.4281
"42035030700","tract",2019,"education_rnk",40.527
"42035030800","tract",2019,"education_rnk",29.5122
"42035030900","tract",2019,"education_rnk",16.8712
"42037050100","tract",2019,"education_rnk",43.5356
"42037050200","tract",2019,"education_rnk",37.098
"42037050300","tract",2019,"education_rnk",61.4703
"42037050400","tract",2019,"education_rnk",64.2857
"42037050500","tract",2019,"education_rnk",64.5862
"42037050600","tract",2019,"education_rnk",35.4801
"42037050700","tract",2019,"education_rnk",40.3168
"42037050800","tract",2019,"education_rnk",53.0241
"42037050900","tract",2019,"education_rnk",73.2834
"42037051000","tract",2019,"education_rnk",65.0784
"42037051100","tract",2019,"education_rnk",NA
"42037051200","tract",2019,"education_rnk",40.9529
"42037051300","tract",2019,"education_rnk",64.115
"42037051400","tract",2019,"education_rnk",55.738
"42037051500","tract",2019,"education_rnk",55.9129
"42039110100","tract",2019,"education_rnk",5.2429
"42039110201","tract",2019,"education_rnk",57.779
"42039110202","tract",2019,"education_rnk",49.9986
"42039110300","tract",2019,"education_rnk",27.5418
"42039110400","tract",2019,"education_rnk",41.9826
"42039110501","tract",2019,"education_rnk",34.1613
"42039110502","tract",2019,"education_rnk",62.8399
"42039110600","tract",2019,"education_rnk",64.3111
"42039110700","tract",2019,"education_rnk",52.5262
"42039110800","tract",2019,"education_rnk",43.4806
"42039110900","tract",2019,"education_rnk",29.2612
"42039111000","tract",2019,"education_rnk",29.6603
"42039111100","tract",2019,"education_rnk",23.66
"42039111200","tract",2019,"education_rnk",40.9261
"42039111300","tract",2019,"education_rnk",37.4718
"42039111400","tract",2019,"education_rnk",68.9489
"42039111500","tract",2019,"education_rnk",59.3292
"42039111600","tract",2019,"education_rnk",37.9246
"42039111700","tract",2019,"education_rnk",37.9246
"42039111800","tract",2019,"education_rnk",49.8477
"42039111900","tract",2019,"education_rnk",15.7724
"42039112001","tract",2019,"education_rnk",49.8716
"42039112002","tract",2019,"education_rnk",53.0453
"42041010100","tract",2019,"education_rnk",36.9076
"42041010201","tract",2019,"education_rnk",69.5216
"42041010203","tract",2019,"education_rnk",79.2555
"42041010204","tract",2019,"education_rnk",76.5318
"42041010300","tract",2019,"education_rnk",72.1917
"42041010400","tract",2019,"education_rnk",88.8372
"42041010500","tract",2019,"education_rnk",70.3777
"42041010600","tract",2019,"education_rnk",62.8949
"42041010700","tract",2019,"education_rnk",80.0257
"42041010800","tract",2019,"education_rnk",65.5806
"42041010900","tract",2019,"education_rnk",91.2463
"42041011002","tract",2019,"education_rnk",79.3486
"42041011101","tract",2019,"education_rnk",93.458
"42041011102","tract",2019,"education_rnk",78.7534
"42041011200","tract",2019,"education_rnk",51.7462
"42041011301","tract",2019,"education_rnk",83.0597
"42041011302","tract",2019,"education_rnk",91.0503
"42041011303","tract",2019,"education_rnk",79.8169
"42041011304","tract",2019,"education_rnk",70.9208
"42041011305","tract",2019,"education_rnk",85.8144
"42041011400","tract",2019,"education_rnk",70.492
"42041011500","tract",2019,"education_rnk",81.6055
"42041011601","tract",2019,"education_rnk",77.5418
"42041011602","tract",2019,"education_rnk",79.3359
"42041011605","tract",2019,"education_rnk",78.7534
"42041011700","tract",2019,"education_rnk",82.2966
"42041011801","tract",2019,"education_rnk",77.8337
"42041011802","tract",2019,"education_rnk",80.8522
"42041011803","tract",2019,"education_rnk",49.9097
"42041011901","tract",2019,"education_rnk",69.286
"42041011902","tract",2019,"education_rnk",67.6413
"42041012000","tract",2019,"education_rnk",51.6038
"42041012100","tract",2019,"education_rnk",66.9333
"42041012200","tract",2019,"education_rnk",47.7432
"42041012300","tract",2019,"education_rnk",NA
"42041012400","tract",2019,"education_rnk",65.9642
"42041012501","tract",2019,"education_rnk",63.9528
"42041012502","tract",2019,"education_rnk",78.3077
"42041012600","tract",2019,"education_rnk",61.7609
"42041012701","tract",2019,"education_rnk",66.1871
"42041012702","tract",2019,"education_rnk",20.6697
"42041012800","tract",2019,"education_rnk",56.6605
"42041012900","tract",2019,"education_rnk",15.7357
"42041013000","tract",2019,"education_rnk",39.084
"42041013101","tract",2019,"education_rnk",31.0328
"42041013102","tract",2019,"education_rnk",NA
"42041013200","tract",2019,"education_rnk",33.418
"42041981001","tract",2019,"education_rnk",NA
"42041981606","tract",2019,"education_rnk",NA
"42043020100","tract",2019,"education_rnk",70.8559
"42043020300","tract",2019,"education_rnk",53.4924
"42043020400","tract",2019,"education_rnk",83.3926
"42043020500","tract",2019,"education_rnk",82.0399
"42043020600","tract",2019,"education_rnk",36.1586
"42043020700","tract",2019,"education_rnk",7.0455
"42043020800","tract",2019,"education_rnk",30.3487
"42043020900","tract",2019,"education_rnk",13.4902
"42043021100","tract",2019,"education_rnk",11.0895
"42043021200","tract",2019,"education_rnk",15.2308
"42043021300","tract",2019,"education_rnk",6.9722
"42043021400","tract",2019,"education_rnk",7.1104
"42043021500","tract",2019,"education_rnk",4.91
"42043021600","tract",2019,"education_rnk",10.0669
"42043021700","tract",2019,"education_rnk",27.1454
"42043021800","tract",2019,"education_rnk",54.5969
"42043021901","tract",2019,"education_rnk",79.0609
"42043021903","tract",2019,"education_rnk",56.927
"42043021904","tract",2019,"education_rnk",84.1035
"42043022000","tract",2019,"education_rnk",54.003
"42043022100","tract",2019,"education_rnk",54.7492
"42043022200","tract",2019,"education_rnk",51.7462
"42043022300","tract",2019,"education_rnk",54.5278
"42043022401","tract",2019,"education_rnk",76.0833
"42043022403","tract",2019,"education_rnk",73.3271
"42043022501","tract",2019,"education_rnk",86.3603
"42043022502","tract",2019,"education_rnk",58.9046
"42043022601","tract",2019,"education_rnk",75.9352
"42043022604","tract",2019,"education_rnk",83.5223
"42043022605","tract",2019,"education_rnk",67.0108
"42043022606","tract",2019,"education_rnk",75.3907
"42043022701","tract",2019,"education_rnk",46.4526
"42043022702","tract",2019,"education_rnk",48.2594
"42043022800","tract",2019,"education_rnk",67.7542
"42043022900","tract",2019,"education_rnk",38.895
"42043023000","tract",2019,"education_rnk",91.8938
"42043023100","tract",2019,"education_rnk",59.7763
"42043023300","tract",2019,"education_rnk",17.5849
"42043023400","tract",2019,"education_rnk",56.731
"42043023500","tract",2019,"education_rnk",35.5634
"42043023601","tract",2019,"education_rnk",77.9043
"42043023602","tract",2019,"education_rnk",69.8389
"42043023700","tract",2019,"education_rnk",40.7795
"42043023800","tract",2019,"education_rnk",46.7191
"42043023900","tract",2019,"education_rnk",63.8061
"42043024001","tract",2019,"education_rnk",38.7934
"42043024002","tract",2019,"education_rnk",69.0095
"42043024101","tract",2019,"education_rnk",65.1052
"42043024102","tract",2019,"education_rnk",NA
"42043024104","tract",2019,"education_rnk",89.321
"42043024105","tract",2019,"education_rnk",92.5849
"42043024200","tract",2019,"education_rnk",75.0776
"42043024300","tract",2019,"education_rnk",68.8121
"42043024400","tract",2019,"education_rnk",71.7727
"42043024502","tract",2019,"education_rnk",64.0671
"42043024503","tract",2019,"education_rnk",74.7193
"42043024600","tract",2019,"education_rnk",80.7352
"42043024700","tract",2019,"education_rnk",80.2246
"42043024800","tract",2019,"education_rnk",54.9678
"42043024900","tract",2019,"education_rnk",34.9653
"42043025000","tract",2019,"education_rnk",28.3796
"42043025100","tract",2019,"education_rnk",6.353
"42043025200","tract",2019,"education_rnk",41.8261
"42043025300","tract",2019,"education_rnk",23.6755
"42043025400","tract",2019,"education_rnk",38.5001
"42045400301","tract",2019,"education_rnk",21.8602
"42045400302","tract",2019,"education_rnk",43.0532
"42045400401","tract",2019,"education_rnk",25.3498
"42045400402","tract",2019,"education_rnk",20.0505
"42045400500","tract",2019,"education_rnk",34.9653
"42045400600","tract",2019,"education_rnk",60.1473
"42045400700","tract",2019,"education_rnk",21.9194
"42045400801","tract",2019,"education_rnk",71.6952
"42045400802","tract",2019,"education_rnk",66.4692
"42045400900","tract",2019,"education_rnk",94.8234
"42045401000","tract",2019,"education_rnk",72.4865
"42045401101","tract",2019,"education_rnk",58.5943
"42045401103","tract",2019,"education_rnk",88.5903
"42045401104","tract",2019,"education_rnk",80.0595
"42045401200","tract",2019,"education_rnk",84.3376
"42045401301","tract",2019,"education_rnk",77.3499
"42045401302","tract",2019,"education_rnk",88.3322
"42045401401","tract",2019,"education_rnk",82.2585
"42045401402","tract",2019,"education_rnk",73.66
"42045401501","tract",2019,"education_rnk",55.8903
"42045401502","tract",2019,"education_rnk",78.7957
"42045401600","tract",2019,"education_rnk",66.4833
"42045401700","tract",2019,"education_rnk",52.8648
"42045401800","tract",2019,"education_rnk",80.0765
"42045401900","tract",2019,"education_rnk",87.7144
"42045402000","tract",2019,"education_rnk",81.0074
"42045402100","tract",2019,"education_rnk",57.353
"42045402200","tract",2019,"education_rnk",58.796
"42045402300","tract",2019,"education_rnk",65.6384
"42045402400","tract",2019,"education_rnk",38.3068
"42045402500","tract",2019,"education_rnk",24.361
"42045402600","tract",2019,"education_rnk",18.8614
"42045402700","tract",2019,"education_rnk",26.6475
"42045402800","tract",2019,"education_rnk",75.7419
"42045402900","tract",2019,"education_rnk",19.9433
"42045403001","tract",2019,"education_rnk",85.4406
"42045403002","tract",2019,"education_rnk",69.2112
"42045403101","tract",2019,"education_rnk",34.6931
"42045403103","tract",2019,"education_rnk",44.4863
"42045403104","tract",2019,"education_rnk",41.235
"42045403200","tract",2019,"education_rnk",86.2404
"42045403300","tract",2019,"education_rnk",38.0755
"42045403401","tract",2019,"education_rnk",53.6603
"42045403402","tract",2019,"education_rnk",38.5269
"42045403501","tract",2019,"education_rnk",68.9489
"42045403502","tract",2019,"education_rnk",54.6237
"42045403601","tract",2019,"education_rnk",64.706
"42045403602","tract",2019,"education_rnk",70.1774
"42045403701","tract",2019,"education_rnk",73.3511
"42045403702","tract",2019,"education_rnk",44.5145
"42045403800","tract",2019,"education_rnk",58.4349
"42045403901","tract",2019,"education_rnk",74.2214
"42045403902","tract",2019,"education_rnk",87.8935
"42045404003","tract",2019,"education_rnk",84.3743
"42045404004","tract",2019,"education_rnk",67.5581
"42045404101","tract",2019,"education_rnk",70.6824
"42045404102","tract",2019,"education_rnk",35.8934
"42045404103","tract",2019,"education_rnk",64.3337
"42045404300","tract",2019,"education_rnk",15.6962
"42045404400","tract",2019,"education_rnk",69.427
"42045404500","tract",2019,"education_rnk",28.0552
"42045404600","tract",2019,"education_rnk",59.7312
"42045404700","tract",2019,"education_rnk",NA
"42045404800","tract",2019,"education_rnk",9.8101
"42045404900","tract",2019,"education_rnk",14.9867
"42045405000","tract",2019,"education_rnk",21.2974
"42045405100","tract",2019,"education_rnk",23.7277
"42045405200","tract",2019,"education_rnk",34.4589
"42045405300","tract",2019,"education_rnk",12.4774
"42045405400","tract",2019,"education_rnk",31.9383
"42045406100","tract",2019,"education_rnk",52.6151
"42045406201","tract",2019,"education_rnk",64.8781
"42045406202","tract",2019,"education_rnk",66.3874
"42045406300","tract",2019,"education_rnk",41.5425
"42045406401","tract",2019,"education_rnk",20.6697
"42045406402","tract",2019,"education_rnk",15.7357
"42045406500","tract",2019,"education_rnk",15.3535
"42045406600","tract",2019,"education_rnk",24.1622
"42045406700","tract",2019,"education_rnk",25.2073
"42045406801","tract",2019,"education_rnk",67.6272
"42045406802","tract",2019,"education_rnk",41.472
"42045406803","tract",2019,"education_rnk",91.7626
"42045406902","tract",2019,"education_rnk",61.3504
"42045406903","tract",2019,"education_rnk",60.2375
"42045406904","tract",2019,"education_rnk",79.7097
"42045407000","tract",2019,"education_rnk",85.0274
"42045407101","tract",2019,"education_rnk",90.4395
"42045407102","tract",2019,"education_rnk",88.3858
"42045407201","tract",2019,"education_rnk",96.8207
"42045407202","tract",2019,"education_rnk",94.3763
"42045407401","tract",2019,"education_rnk",97.6148
"42045407404","tract",2019,"education_rnk",78.6067
"42045407501","tract",2019,"education_rnk",96.0167
"42045407502","tract",2019,"education_rnk",94.6556
"42045407600","tract",2019,"education_rnk",84.8595
"42045407700","tract",2019,"education_rnk",75.2934
"42045407801","tract",2019,"education_rnk",90.5524
"42045407802","tract",2019,"education_rnk",83.535
"42045407803","tract",2019,"education_rnk",75.5698
"42045407804","tract",2019,"education_rnk",87.3082
"42045407805","tract",2019,"education_rnk",74.5684
"42045407806","tract",2019,"education_rnk",77.9043
"42045407901","tract",2019,"education_rnk",97.6501
"42045407902","tract",2019,"education_rnk",88.8597
"42045407903","tract",2019,"education_rnk",93.9997
"42045408001","tract",2019,"education_rnk",83.6168
"42045408002","tract",2019,"education_rnk",90.1123
"42045408101","tract",2019,"education_rnk",78.3077
"42045408102","tract",2019,"education_rnk",73.8307
"42045408103","tract",2019,"education_rnk",65.0784
"42045408300","tract",2019,"education_rnk",87.988
"42045408400","tract",2019,"education_rnk",99.0084
"42045408500","tract",2019,"education_rnk",91.8726
"42045408600","tract",2019,"education_rnk",92.0024
"42045408700","tract",2019,"education_rnk",91.4241
"42045408800","tract",2019,"education_rnk",90.9459
"42045408900","tract",2019,"education_rnk",96.9491
"42045409000","tract",2019,"education_rnk",81.4757
"42045409100","tract",2019,"education_rnk",91.3084
"42045409200","tract",2019,"education_rnk",80.5165
"42045409300","tract",2019,"education_rnk",83.4307
"42045409400","tract",2019,"education_rnk",86.4647
"42045409500","tract",2019,"education_rnk",81.8608
"42045409601","tract",2019,"education_rnk",94.6556
"42045409602","tract",2019,"education_rnk",58.1881
"42045409701","tract",2019,"education_rnk",85.782
"42045409702","tract",2019,"education_rnk",NA
"42045409802","tract",2019,"education_rnk",NA
"42045409803","tract",2019,"education_rnk",79.8578
"42045409902","tract",2019,"education_rnk",92.6738
"42045409903","tract",2019,"education_rnk",92.4185
"42045409904","tract",2019,"education_rnk",97.1649
"42045410000","tract",2019,"education_rnk",96.8207
"42045410100","tract",2019,"education_rnk",90.8415
"42045410200","tract",2019,"education_rnk",90.3041
"42045410301","tract",2019,"education_rnk",75.237
"42045410302","tract",2019,"education_rnk",91.1744
"42045410400","tract",2019,"education_rnk",91.6272
"42045410500","tract",2019,"education_rnk",17.5158
"42045410601","tract",2019,"education_rnk",65.5806
"42045410602","tract",2019,"education_rnk",72.8052
"42045410700","tract",2019,"education_rnk",15.9177
"42045410800","tract",2019,"education_rnk",92.0024
"42045980000","tract",2019,"education_rnk",NA
"42047950100","tract",2019,"education_rnk",64.9755
"42047950200","tract",2019,"education_rnk",59.394
"42047950400","tract",2019,"education_rnk",51.5586
"42047950500","tract",2019,"education_rnk",34.387
"42047950900","tract",2019,"education_rnk",50.7194
"42047951000","tract",2019,"education_rnk",34.0894
"42047951100","tract",2019,"education_rnk",62.1149
"42047951200","tract",2019,"education_rnk",60.6071
"42047951300","tract",2019,"education_rnk",72.2156
"42049000100","tract",2019,"education_rnk",13.7539
"42049000200","tract",2019,"education_rnk",90.3732
"42049000300","tract",2019,"education_rnk",26.8182
"42049000400","tract",2019,"education_rnk",20.6401
"42049000500","tract",2019,"education_rnk",6.7677
"42049000600","tract",2019,"education_rnk",31.5758
"42049000700","tract",2019,"education_rnk",4.5673
"42049000800","tract",2019,"education_rnk",9.9611
"42049000900","tract",2019,"education_rnk",38.3717
"42049001000","tract",2019,"education_rnk",42.9686
"42049001100","tract",2019,"education_rnk",27.7294
"42049001200","tract",2019,"education_rnk",18.5709
"42049001300","tract",2019,"education_rnk",3.4445
"42049001400","tract",2019,"education_rnk",NA
"42049001500","tract",2019,"education_rnk",3.0509
"42049001600","tract",2019,"education_rnk",36.2037
"42049001700","tract",2019,"education_rnk",7.5096
"42049001800","tract",2019,"education_rnk",5.556
"42049001900","tract",2019,"education_rnk",37.9951
"42049002000","tract",2019,"education_rnk",24.0733
"42049002100","tract",2019,"education_rnk",61.4238
"42049002200","tract",2019,"education_rnk",54.7986
"42049002300","tract",2019,"education_rnk",16.5411
"42049002400","tract",2019,"education_rnk",40.6342
"42049002500","tract",2019,"education_rnk",26.175
"42049002600","tract",2019,"education_rnk",49.3187
"42049002700","tract",2019,"education_rnk",38.5452
"42049002800","tract",2019,"education_rnk",43.7824
"42049002900","tract",2019,"education_rnk",90.6003
"42049003000","tract",2019,"education_rnk",52.4994
"42049010101","tract",2019,"education_rnk",60.033
"42049010103","tract",2019,"education_rnk",33.1993
"42049010104","tract",2019,"education_rnk",47.296
"42049010107","tract",2019,"education_rnk",39.4818
"42049010201","tract",2019,"education_rnk",35.4026
"42049010202","tract",2019,"education_rnk",40.6666
"42049010301","tract",2019,"education_rnk",66.4396
"42049010303","tract",2019,"education_rnk",64.3859
"42049010304","tract",2019,"education_rnk",93.056
"42049010400","tract",2019,"education_rnk",61.0669
"42049010500","tract",2019,"education_rnk",85.6875
"42049010700","tract",2019,"education_rnk",43.135
"42049010800","tract",2019,"education_rnk",50.4768
"42049010902","tract",2019,"education_rnk",71.7727
"42049010903","tract",2019,"education_rnk",82.6704
"42049010904","tract",2019,"education_rnk",85.8694
"42049011001","tract",2019,"education_rnk",87.8766
"42049011002","tract",2019,"education_rnk",90.8161
"42049011101","tract",2019,"education_rnk",64.5128
"42049011102","tract",2019,"education_rnk",91.0771
"42049011201","tract",2019,"education_rnk",68.4848
"42049011202","tract",2019,"education_rnk",67.9615
"42049011300","tract",2019,"education_rnk",50.9422
"42049011400","tract",2019,"education_rnk",49.684
"42049011503","tract",2019,"education_rnk",78.484
"42049011505","tract",2019,"education_rnk",61.0669
"42049011507","tract",2019,"education_rnk",71.131
"42049011600","tract",2019,"education_rnk",41.0898
"42049011701","tract",2019,"education_rnk",75.1622
"42049011702","tract",2019,"education_rnk",48.6769
"42049011801","tract",2019,"education_rnk",38.5903
"42049011802","tract",2019,"education_rnk",51.3217
"42049011900","tract",2019,"education_rnk",33.1641
"42049012001","tract",2019,"education_rnk",39.4084
"42049012002","tract",2019,"education_rnk",31.2486
"42049012100","tract",2019,"education_rnk",39.7625
"42049012201","tract",2019,"education_rnk",74.1692
"42049012202","tract",2019,"education_rnk",53.9762
"42049012300","tract",2019,"education_rnk",39.3957
"42049012400","tract",2019,"education_rnk",65.6187
"42049980109","tract",2019,"education_rnk",NA
"42049990000","tract",2019,"education_rnk",NA
"42051260100","tract",2019,"education_rnk",45.9462
"42051260200","tract",2019,"education_rnk",58.7607
"42051260300","tract",2019,"education_rnk",42.0376
"42051260401","tract",2019,"education_rnk",44.712
"42051260402","tract",2019,"education_rnk",54.2964
"42051260500","tract",2019,"education_rnk",21.7107
"42051260600","tract",2019,"education_rnk",36.0345
"42051260700","tract",2019,"education_rnk",47.8137
"42051260800","tract",2019,"education_rnk",36.806
"42051260900","tract",2019,"education_rnk",53.2005
"42051261000","tract",2019,"education_rnk",63.8682
"42051261100","tract",2019,"education_rnk",54.776
"42051261200","tract",2019,"education_rnk",40.8443
"42051261300","tract",2019,"education_rnk",NA
"42051261401","tract",2019,"education_rnk",39.1108
"42051261402","tract",2019,"education_rnk",35.6212
"42051261500","tract",2019,"education_rnk",60.4068
"42051261600","tract",2019,"education_rnk",23.0775
"42051261700","tract",2019,"education_rnk",44.1506
"42051261800","tract",2019,"education_rnk",36.4393
"42051261900","tract",2019,"education_rnk",37.4563
"42051262000","tract",2019,"education_rnk",77.3161
"42051262100","tract",2019,"education_rnk",54.3994
"42051262200","tract",2019,"education_rnk",61.2531
"42051262300","tract",2019,"education_rnk",15.6271
"42051262400","tract",2019,"education_rnk",67.0531
"42051262500","tract",2019,"education_rnk",52.1666
"42051262600","tract",2019,"education_rnk",51.2807
"42051262701","tract",2019,"education_rnk",55.4672
"42051262702","tract",2019,"education_rnk",38.4493
"42051262800","tract",2019,"education_rnk",50.9422
"42051262900","tract",2019,"education_rnk",39.651
"42051263000","tract",2019,"education_rnk",31.5067
"42051263100","tract",2019,"education_rnk",32.7099
"42051263200","tract",2019,"education_rnk",48.5627
"42051263300","tract",2019,"education_rnk",43.4566
"42053530100","tract",2019,"education_rnk",NA
"42053530201","tract",2019,"education_rnk",51.2807
"42053530300","tract",2019,"education_rnk",28.4586
"42055010100","tract",2019,"education_rnk",22.643
"42055010200","tract",2019,"education_rnk",18.4735
"42055010300","tract",2019,"education_rnk",37.9246
"42055010400","tract",2019,"education_rnk",61.6593
"42055010500","tract",2019,"education_rnk",44.5667
"42055010600","tract",2019,"education_rnk",83.4081
"42055010700","tract",2019,"education_rnk",72.0577
"42055010800","tract",2019,"education_rnk",48.2072
"42055010900","tract",2019,"education_rnk",28.7901
"42055011000","tract",2019,"education_rnk",14.7357
"42055011100","tract",2019,"education_rnk",46.5668
"42055011200","tract",2019,"education_rnk",11.2503
"42055011301","tract",2019,"education_rnk",56.3332
"42055011302","tract",2019,"education_rnk",37.098
"42055011400","tract",2019,"education_rnk",25.9182
"42055011500","tract",2019,"education_rnk",51.4937
"42055011600","tract",2019,"education_rnk",40.4282
"42055011700","tract",2019,"education_rnk",51.9606
"42055011800","tract",2019,"education_rnk",64.5283
"42055011900","tract",2019,"education_rnk",37.7595
"42055012000","tract",2019,"education_rnk",13.5043
"42055012100","tract",2019,"education_rnk",42.9954
"42055012200","tract",2019,"education_rnk",49.0267
"42055012300","tract",2019,"education_rnk",35.2305
"42055012400","tract",2019,"education_rnk",38.7934
"42055012501","tract",2019,"education_rnk",63.5649
"42055012502","tract",2019,"education_rnk",40.9995
"42057960100","tract",2019,"education_rnk",36.3053
"42057960200","tract",2019,"education_rnk",35.3222
"42057960300","tract",2019,"education_rnk",41.6229
"42059970100","tract",2019,"education_rnk",48.1155
"42059970200","tract",2019,"education_rnk",54.8903
"42059970300","tract",2019,"education_rnk",51.6954
"42059970400","tract",2019,"education_rnk",25.4373
"42059970501","tract",2019,"education_rnk",NA
"42059970502","tract",2019,"education_rnk",42.8078
"42059970600","tract",2019,"education_rnk",25.512
"42059970700","tract",2019,"education_rnk",67.1505
"42059970800","tract",2019,"education_rnk",30.8254
"42061950100","tract",2019,"education_rnk",60.7552
"42061950200","tract",2019,"education_rnk",71.7939
"42061950300","tract",2019,"education_rnk",NA
"42061950400","tract",2019,"education_rnk",50.0465
"42061950500","tract",2019,"education_rnk",46.0238
"42061950600","tract",2019,"education_rnk",56.1682
"42061950800","tract",2019,"education_rnk",51.9395
"42061950900","tract",2019,"education_rnk",37.0247
"42061951000","tract",2019,"education_rnk",43.1548
"42061951100","tract",2019,"education_rnk",34.0668
"42061951200","tract",2019,"education_rnk",33.0061
"42061951300","tract",2019,"education_rnk",31.9383
"42063960100","tract",2019,"education_rnk",6.4545
"42063960200","tract",2019,"education_rnk",5.982
"42063960300","tract",2019,"education_rnk",31.9933
"42063960400","tract",2019,"education_rnk",26.9423
"42063960500","tract",2019,"education_rnk",69.2112
"42063960600","tract",2019,"education_rnk",44.5667
"42063960700","tract",2019,"education_rnk",65.1052
"42063960800","tract",2019,"education_rnk",69.0984
"42063960900","tract",2019,"education_rnk",76.5093
"42063961000","tract",2019,"education_rnk",58.9596
"42063961101","tract",2019,"education_rnk",47.1028
"42063961102","tract",2019,"education_rnk",NA
"42063961200","tract",2019,"education_rnk",71.2664
"42063961300","tract",2019,"education_rnk",49.0902
"42063961400","tract",2019,"education_rnk",46.8094
"42063961500","tract",2019,"education_rnk",24.7362
"42063961600","tract",2019,"education_rnk",74.7997
"42063961700","tract",2019,"education_rnk",57.8693
"42063961800","tract",2019,"education_rnk",56.8297
"42063961900","tract",2019,"education_rnk",49.9986
"42063962000","tract",2019,"education_rnk",49.684
"42063962100","tract",2019,"education_rnk",55.8127
"42063962200","tract",2019,"education_rnk",47.887
"42065950100","tract",2019,"education_rnk",33.851
"42065950200","tract",2019,"education_rnk",37.61
"42065950300","tract",2019,"education_rnk",39.4268
"42065950400","tract",2019,"education_rnk",40.472
"42065950500","tract",2019,"education_rnk",64.6158
"42065950600","tract",2019,"education_rnk",47.2001
"42065950700","tract",2019,"education_rnk",46.0238
"42065950800","tract",2019,"education_rnk",54.7309
"42065950900","tract",2019,"education_rnk",31.0568
"42065951000","tract",2019,"education_rnk",10.2742
"42065951100","tract",2019,"education_rnk",66.905
"42065951200","tract",2019,"education_rnk",15.1645
"42065951300","tract",2019,"education_rnk",45.2649
"42067070100","tract",2019,"education_rnk",31.9073
"42067070201","tract",2019,"education_rnk",29.8353
"42067070202","tract",2019,"education_rnk",41.8444
"42067070300","tract",2019,"education_rnk",15.0996
"42067070400","tract",2019,"education_rnk",18.5497
"42069100200","tract",2019,"education_rnk",20.6401
"42069100300","tract",2019,"education_rnk",NA
"42069100400","tract",2019,"education_rnk",56.305
"42069100500","tract",2019,"education_rnk",72.5274
"42069100600","tract",2019,"education_rnk",14.8147
"42069100800","tract",2019,"education_rnk",22.2213
"42069100900","tract",2019,"education_rnk",46.4018
"42069101000","tract",2019,"education_rnk",70.3397
"42069101100","tract",2019,"education_rnk",31.2006
"42069101200","tract",2019,"education_rnk",46.0463
"42069101300","tract",2019,"education_rnk",33.5364
"42069101400","tract",2019,"education_rnk",12.2546
"42069101600","tract",2019,"education_rnk",21.382
"42069101700","tract",2019,"education_rnk",56.5448
"42069101800","tract",2019,"education_rnk",45.8982
"42069101900","tract",2019,"education_rnk",31.0568
"42069102000","tract",2019,"education_rnk",19.506
"42069102100","tract",2019,"education_rnk",59.7312
"42069102200","tract",2019,"education_rnk",43.2126
"42069102300","tract",2019,"education_rnk",44.5371
"42069102500","tract",2019,"education_rnk",13.0811
"42069102600","tract",2019,"education_rnk",13.1968
"42069102700","tract",2019,"education_rnk",31.2204
"42069102800","tract",2019,"education_rnk",78.6941
"42069102900","tract",2019,"education_rnk",15.2124
"42069103000","tract",2019,"education_rnk",32.748
"42069103100","tract",2019,"education_rnk",56.1357
"42069110100","tract",2019,"education_rnk",54.0722
"42069110201","tract",2019,"education_rnk",75.3103
"42069110202","tract",2019,"education_rnk",57.0089
"42069110300","tract",2019,"education_rnk",75.1199
"42069110401","tract",2019,"education_rnk",90.6342
"42069110402","tract",2019,"education_rnk",95.7459
"42069110403","tract",2019,"education_rnk",65.8768
"42069110500","tract",2019,"education_rnk",73.3046
"42069110600","tract",2019,"education_rnk",56.9524
"42069110700","tract",2019,"education_rnk",38.5269
"42069110800","tract",2019,"education_rnk",34.387
"42069110900","tract",2019,"education_rnk",52.9
"42069111000","tract",2019,"education_rnk",67.8402
"42069111100","tract",2019,"education_rnk",62.5226
"42069111200","tract",2019,"education_rnk",76.0833
"42069111300","tract",2019,"education_rnk",74.8942
"42069111400","tract",2019,"education_rnk",32.7649
"42069111500","tract",2019,"education_rnk",63.6411
"42069111600","tract",2019,"education_rnk",67.6103
"42069111700","tract",2019,"education_rnk",58.418
"42069111800","tract",2019,"education_rnk",61.2348
"42069112000","tract",2019,"education_rnk",57.6859
"42069112100","tract",2019,"education_rnk",80.4333
"42069112200","tract",2019,"education_rnk",81.3445
"42069112300","tract",2019,"education_rnk",50.2215
"42069112400","tract",2019,"education_rnk",44.5371
"42069112500","tract",2019,"education_rnk",43.9221
"42069112600","tract",2019,"education_rnk",70.5794
"42069112700","tract",2019,"education_rnk",78.0552
"42069112800","tract",2019,"education_rnk",64.9162
"42069112901","tract",2019,"education_rnk",64.8781
"42069112902","tract",2019,"education_rnk",63.6411
"42071000100","tract",2019,"education_rnk",14.7752
"42071000200","tract",2019,"education_rnk",11.562
"42071000300","tract",2019,"education_rnk",42.7499
"42071000400","tract",2019,"education_rnk",23.55
"42071000500","tract",2019,"education_rnk",39.2773
"42071000600","tract",2019,"education_rnk",80.4333
"42071000700","tract",2019,"education_rnk",29.1836
"42071000800","tract",2019,"education_rnk",7.8693
"42071000900","tract",2019,"education_rnk",5.3487
"42071001000","tract",2019,"education_rnk",13.5198
"42071001100","tract",2019,"education_rnk",45.059
"42071001200","tract",2019,"education_rnk",24.3371
"42071001400","tract",2019,"education_rnk",5.2697
"42071010101","tract",2019,"education_rnk",25.4373
"42071010102","tract",2019,"education_rnk",28.0876
"42071010201","tract",2019,"education_rnk",18.5963
"42071010202","tract",2019,"education_rnk",12.1911
"42071010300","tract",2019,"education_rnk",48.5627
"42071010400","tract",2019,"education_rnk",43.9968
"42071010501","tract",2019,"education_rnk",53.3415
"42071010502","tract",2019,"education_rnk",64.5862
"42071010600","tract",2019,"education_rnk",60.5563
"42071010701","tract",2019,"education_rnk",41.7203
"42071010702","tract",2019,"education_rnk",41.9403
"42071010801","tract",2019,"education_rnk",65.4339
"42071010802","tract",2019,"education_rnk",53.5616
"42071010900","tract",2019,"education_rnk",62.3053
"42071011000","tract",2019,"education_rnk",61.0669
"42071011100","tract",2019,"education_rnk",52.089
"42071011200","tract",2019,"education_rnk",15.1518
"42071011300","tract",2019,"education_rnk",53.8437
"42071011400","tract",2019,"education_rnk",20.2748
"42071011502","tract",2019,"education_rnk",32.2303
"42071011503","tract",2019,"education_rnk",56.9764
"42071011504","tract",2019,"education_rnk",67.8995
"42071011600","tract",2019,"education_rnk",61.0049
"42071011701","tract",2019,"education_rnk",78.8437
"42071011703","tract",2019,"education_rnk",80.3755
"42071011704","tract",2019,"education_rnk",74.1424
"42071011705","tract",2019,"education_rnk",79.7675
"42071011801","tract",2019,"education_rnk",81.1541
"42071011802","tract",2019,"education_rnk",73.2665
"42071011803","tract",2019,"education_rnk",52.6461
"42071011804","tract",2019,"education_rnk",71.564
"42071011805","tract",2019,"education_rnk",75.6404
"42071011901","tract",2019,"education_rnk",77.3316
"42071011902","tract",2019,"education_rnk",73.3694
"42071012001","tract",2019,"education_rnk",72.8504
"42071012002","tract",2019,"education_rnk",59.3644
"42071012102","tract",2019,"education_rnk",47.6205
"42071012103","tract",2019,"education_rnk",74.4527
"42071012104","tract",2019,"education_rnk",50.134
"42071012200","tract",2019,"education_rnk",15.8316
"42071012301","tract",2019,"education_rnk",62.5719
"42071012302","tract",2019,"education_rnk",42.2845
"42071012402","tract",2019,"education_rnk",49.1551
"42071012403","tract",2019,"education_rnk",32.8185
"42071012404","tract",2019,"education_rnk",20.9208
"42071012501","tract",2019,"education_rnk",51.1242
"42071012502","tract",2019,"education_rnk",22.6303
"42071012601","tract",2019,"education_rnk",9.9879
"42071012602","tract",2019,"education_rnk",3.7901
"42071012700","tract",2019,"education_rnk",7.7423
"42071012800","tract",2019,"education_rnk",24.5994
"42071012900","tract",2019,"education_rnk",2.625
"42071013000","tract",2019,"education_rnk",12.4831
"42071013101","tract",2019,"education_rnk",15.9939
"42071013102","tract",2019,"education_rnk",10.6889
"42071013202","tract",2019,"education_rnk",28.3796
"42071013203","tract",2019,"education_rnk",40.6144
"42071013204","tract",2019,"education_rnk",6.4291
"42071013301","tract",2019,"education_rnk",47.1028
"42071013303","tract",2019,"education_rnk",52.3598
"42071013304","tract",2019,"education_rnk",56.5448
"42071013400","tract",2019,"education_rnk",56.7804
"42071013501","tract",2019,"education_rnk",47.6205
"42071013502","tract",2019,"education_rnk",58.2558
"42071013503","tract",2019,"education_rnk",86.5818
"42071013601","tract",2019,"education_rnk",35.8723
"42071013602","tract",2019,"education_rnk",60.9682
"42071013701","tract",2019,"education_rnk",38.1968
"42071013702","tract",2019,"education_rnk",59.442
"42071013800","tract",2019,"education_rnk",54.5969
"42071013901","tract",2019,"education_rnk",62.5085
"42071013902","tract",2019,"education_rnk",56.5716
"42071014000","tract",2019,"education_rnk",41.472
"42071014101","tract",2019,"education_rnk",1.2427
"42071014102","tract",2019,"education_rnk",4.7718
"42071014201","tract",2019,"education_rnk",2.687
"42071014202","tract",2019,"education_rnk",6.81
"42071014300","tract",2019,"education_rnk",3.1469
"42071014401","tract",2019,"education_rnk",16.6497
"42071014402","tract",2019,"education_rnk",9.1937
"42071014501","tract",2019,"education_rnk",51.8435
"42071014502","tract",2019,"education_rnk",7.6168
"42071014601","tract",2019,"education_rnk",23.2538
"42071014602","tract",2019,"education_rnk",14.7568
"42071014700","tract",2019,"education_rnk",2.8732
"42073000100","tract",2019,"education_rnk",54.6519
"42073000200","tract",2019,"education_rnk",34.0894
"42073000300","tract",2019,"education_rnk",42.5144
"42073000400","tract",2019,"education_rnk",23.0027
"42073000600","tract",2019,"education_rnk",16.0982
"42073000700","tract",2019,"education_rnk",31.1231
"42073000800","tract",2019,"education_rnk",38.7003
"42073000900","tract",2019,"education_rnk",30.9778
"42073001000","tract",2019,"education_rnk",42.2563
"42073010100","tract",2019,"education_rnk",60.5563
"42073010201","tract",2019,"education_rnk",88.8894
"42073010202","tract",2019,"education_rnk",20.7473
"42073010300","tract",2019,"education_rnk",NA
"42073010400","tract",2019,"education_rnk",23.5923
"42073010500","tract",2019,"education_rnk",55.7676
"42073010600","tract",2019,"education_rnk",64.6158
"42073010700","tract",2019,"education_rnk",45.3594
"42073010800","tract",2019,"education_rnk",82.9017
"42073010900","tract",2019,"education_rnk",30.7535
"42073011000","tract",2019,"education_rnk",61.2108
"42073011100","tract",2019,"education_rnk",52.6461
"42073011200","tract",2019,"education_rnk",59.2389
"42073011300","tract",2019,"education_rnk",44.7374
"42073011400","tract",2019,"education_rnk",40.8006
"42073011500","tract",2019,"education_rnk",62.7807
"42073011600","tract",2019,"education_rnk",69.1407
"42073011700","tract",2019,"education_rnk",69.7642
"42073011800","tract",2019,"education_rnk",23.2876
"42075000100","tract",2019,"education_rnk",29.8042
"42075000200","tract",2019,"education_rnk",42.2845
"42075000300","tract",2019,"education_rnk",6.2923
"42075000401","tract",2019,"education_rnk",17.9474
"42075000402","tract",2019,"education_rnk",21.3115
"42075000500","tract",2019,"education_rnk",23.0577
"42075002000","tract",2019,"education_rnk",63.2927
"42075002100","tract",2019,"education_rnk",27.5065
"42075002200","tract",2019,"education_rnk",31.1047
"42075002300","tract",2019,"education_rnk",50.7659
"42075002400","tract",2019,"education_rnk",31.4136
"42075002500","tract",2019,"education_rnk",38.6538
"42075002600","tract",2019,"education_rnk",72.5993
"42075002701","tract",2019,"education_rnk",48.7066
"42075002702","tract",2019,"education_rnk",23.0394
"42075002800","tract",2019,"education_rnk",36.2827
"42075002900","tract",2019,"education_rnk",43.6611
"42075003000","tract",2019,"education_rnk",17.4932
"42075003100","tract",2019,"education_rnk",16.3366
"42075003200","tract",2019,"education_rnk",41.3705
"42075003300","tract",2019,"education_rnk",21.399
"42075003400","tract",2019,"education_rnk",57.5815
"42075003500","tract",2019,"education_rnk",39.2533
"42075003600","tract",2019,"education_rnk",33.0216
"42075003700","tract",2019,"education_rnk",40.0869
"42075003800","tract",2019,"education_rnk",86.263
"42075003901","tract",2019,"education_rnk",30.604
"42075003902","tract",2019,"education_rnk",58.9046
"42075004000","tract",2019,"education_rnk",63.6129
"42075004100","tract",2019,"education_rnk",70.5019
"42075004200","tract",2019,"education_rnk",86.7158
"42077000101","tract",2019,"education_rnk",46.9787
"42077000102","tract",2019,"education_rnk",25.4796
"42077000400","tract",2019,"education_rnk",1.821
"42077000500","tract",2019,"education_rnk",6.9299
"42077000600","tract",2019,"education_rnk",26.079
"42077000700","tract",2019,"education_rnk",5.8692
"42077000800","tract",2019,"education_rnk",3.0707
"42077000900","tract",2019,"education_rnk",5.1258
"42077001000","tract",2019,"education_rnk",6.2599
"42077001200","tract",2019,"education_rnk",NA
"42077001401","tract",2019,"education_rnk",9.363
"42077001402","tract",2019,"education_rnk",51.6291
"42077001501","tract",2019,"education_rnk",43.0532
"42077001502","tract",2019,"education_rnk",52.6645
"42077001600","tract",2019,"education_rnk",4.0947
"42077001700","tract",2019,"education_rnk",3.3345
"42077001800","tract",2019,"education_rnk",7.2021
"42077001900","tract",2019,"education_rnk",9.1726
"42077002000","tract",2019,"education_rnk",5.3289
"42077002100","tract",2019,"education_rnk",28.8267
"42077002201","tract",2019,"education_rnk",63.2927
"42077002202","tract",2019,"education_rnk",NA
"42077002301","tract",2019,"education_rnk",81.1202
"42077002302","tract",2019,"education_rnk",59.2995
"42077005100","tract",2019,"education_rnk",41.6229
"42077005200","tract",2019,"education_rnk",73.9506
"42077005301","tract",2019,"education_rnk",66.9629
"42077005302","tract",2019,"education_rnk",83.7353
"42077005401","tract",2019,"education_rnk",69.6682
"42077005402","tract",2019,"education_rnk",65.0361
"42077005503","tract",2019,"education_rnk",79.9086
"42077005504","tract",2019,"education_rnk",61.957
"42077005505","tract",2019,"education_rnk",76.7674
"42077005506","tract",2019,"education_rnk",55.738
"42077005601","tract",2019,"education_rnk",65.5594
"42077005602","tract",2019,"education_rnk",46.5118
"42077005702","tract",2019,"education_rnk",58.3376
"42077005703","tract",2019,"education_rnk",49.7715
"42077005704","tract",2019,"education_rnk",55.6562
"42077005705","tract",2019,"education_rnk",71.7149
"42077005800","tract",2019,"education_rnk",57.2896
"42077005901","tract",2019,"education_rnk",62.4069
"42077005902","tract",2019,"education_rnk",55.1978
"42077006001","tract",2019,"education_rnk",70.6824
"42077006002","tract",2019,"education_rnk",82.9863
"42077006101","tract",2019,"education_rnk",79.8987
"42077006102","tract",2019,"education_rnk",68.0772
"42077006202","tract",2019,"education_rnk",79.5912
"42077006203","tract",2019,"education_rnk",89.132
"42077006204","tract",2019,"education_rnk",73.519
"42077006302","tract",2019,"education_rnk",76.2356
"42077006303","tract",2019,"education_rnk",74.3836
"42077006304","tract",2019,"education_rnk",75.3329
"42077006305","tract",2019,"education_rnk",69.6527
"42077006307","tract",2019,"education_rnk",88.5311
"42077006308","tract",2019,"education_rnk",87.6241
"42077006401","tract",2019,"education_rnk",75.0099
"42077006402","tract",2019,"education_rnk",79.8324
"42077006500","tract",2019,"education_rnk",44.9969
"42077006600","tract",2019,"education_rnk",92.0122
"42077006701","tract",2019,"education_rnk",49.6643
"42077006702","tract",2019,"education_rnk",60.2968
"42077006703","tract",2019,"education_rnk",83.7071
"42077006800","tract",2019,"education_rnk",46.5668
"42077006902","tract",2019,"education_rnk",53.9762
"42077006903","tract",2019,"education_rnk",64.2575
"42077006905","tract",2019,"education_rnk",80.2514
"42077006906","tract",2019,"education_rnk",81.1837
"42077007000","tract",2019,"education_rnk",83.9032
"42077009100","tract",2019,"education_rnk",63.8682
"42077009200","tract",2019,"education_rnk",78.484
"42077009300","tract",2019,"education_rnk",75.9112
"42077009400","tract",2019,"education_rnk",48.5401
"42077009500","tract",2019,"education_rnk",54.1385
"42077009600","tract",2019,"education_rnk",13.3816
"42077009700","tract",2019,"education_rnk",25.7278
"42079200100","tract",2019,"education_rnk",NA
"42079200200","tract",2019,"education_rnk",37.3166
"42079200300","tract",2019,"education_rnk",61.7609
"42079200400","tract",2019,"education_rnk",22.4357
"42079200500","tract",2019,"education_rnk",48.4696
"42079200600","tract",2019,"education_rnk",40.9261
"42079200700","tract",2019,"education_rnk",13.9641
"42079200800","tract",2019,"education_rnk",10.5577
"42079200900","tract",2019,"education_rnk",10.5112
"42079201000","tract",2019,"education_rnk",12.2489
"42079201100","tract",2019,"education_rnk",16.7866
"42079201200","tract",2019,"education_rnk",NA
"42079201300","tract",2019,"education_rnk",15.795
"42079201400","tract",2019,"education_rnk",25.2186
"42079201500","tract",2019,"education_rnk",39.6327
"42079201600","tract",2019,"education_rnk",59.7114
"42079210100","tract",2019,"education_rnk",55.2894
"42079210200","tract",2019,"education_rnk",60.3913
"42079210300","tract",2019,"education_rnk",64.706
"42079210400","tract",2019,"education_rnk",61.9005
"42079210500","tract",2019,"education_rnk",71.6119
"42079210600","tract",2019,"education_rnk",44.5145
"42079210700","tract",2019,"education_rnk",25.0663
"42079210800","tract",2019,"education_rnk",37.4718
"42079210900","tract",2019,"education_rnk",18.317
"42079211000","tract",2019,"education_rnk",70.7727
"42079211101","tract",2019,"education_rnk",53.7731
"42079211102","tract",2019,"education_rnk",68.7754
"42079211201","tract",2019,"education_rnk",84.1035
"42079211203","tract",2019,"education_rnk",87.4972
"42079211204","tract",2019,"education_rnk",68.379
"42079211205","tract",2019,"education_rnk",89.0234
"42079211301","tract",2019,"education_rnk",NA
"42079211302","tract",2019,"education_rnk",73.9915
"42079211303","tract",2019,"education_rnk",82.2486
"42079211304","tract",2019,"education_rnk",51.7462
"42079211400","tract",2019,"education_rnk",84.1035
"42079211500","tract",2019,"education_rnk",72.1367
"42079211600","tract",2019,"education_rnk",74.4302
"42079211701","tract",2019,"education_rnk",81.2472
"42079211702","tract",2019,"education_rnk",87.1826
"42079211800","tract",2019,"education_rnk",59.1472
"42079211900","tract",2019,"education_rnk",77.9536
"42079212000","tract",2019,"education_rnk",64.4183
"42079212100","tract",2019,"education_rnk",79.6434
"42079212200","tract",2019,"education_rnk",81.7691
"42079212300","tract",2019,"education_rnk",71.6655
"42079212700","tract",2019,"education_rnk",35.5634
"42079212800","tract",2019,"education_rnk",93.4087
"42079212900","tract",2019,"education_rnk",65.0361
"42079213000","tract",2019,"education_rnk",64.2575
"42079213100","tract",2019,"education_rnk",70.1774
"42079213200","tract",2019,"education_rnk",50.0621
"42079213300","tract",2019,"education_rnk",69.6118
"42079213400","tract",2019,"education_rnk",76.0607
"42079213600","tract",2019,"education_rnk",30.8494
"42079213700","tract",2019,"education_rnk",36.6339
"42079213800","tract",2019,"education_rnk",50.3004
"42079213900","tract",2019,"education_rnk",37.4563
"42079214000","tract",2019,"education_rnk",65.8274
"42079214100","tract",2019,"education_rnk",19.2239
"42079214200","tract",2019,"education_rnk",32.0117
"42079214300","tract",2019,"education_rnk",45.7656
"42079214400","tract",2019,"education_rnk",59.9427
"42079214500","tract",2019,"education_rnk",55.1343
"42079214600","tract",2019,"education_rnk",55.7676
"42079214900","tract",2019,"education_rnk",54.2964
"42079215000","tract",2019,"education_rnk",36.3504
"42079215100","tract",2019,"education_rnk",27.2991
"42079215200","tract",2019,"education_rnk",46.8348
"42079215300","tract",2019,"education_rnk",76.6291
"42079215400","tract",2019,"education_rnk",69.9024
"42079215501","tract",2019,"education_rnk",76.8675
"42079215502","tract",2019,"education_rnk",78.1807
"42079215503","tract",2019,"education_rnk",78.2625
"42079215504","tract",2019,"education_rnk",65.0023
"42079215600","tract",2019,"education_rnk",63.0459
"42079215701","tract",2019,"education_rnk",46.5118
"42079215702","tract",2019,"education_rnk",59.1952
"42079215800","tract",2019,"education_rnk",43.5356
"42079215900","tract",2019,"education_rnk",53.0989
"42079216000","tract",2019,"education_rnk",13.8555
"42079216100","tract",2019,"education_rnk",59.7523
"42079216200","tract",2019,"education_rnk",55.738
"42079216400","tract",2019,"education_rnk",68.2338
"42079216501","tract",2019,"education_rnk",72.7121
"42079216502","tract",2019,"education_rnk",50.6968
"42079216600","tract",2019,"education_rnk",77.2709
"42079216700","tract",2019,"education_rnk",24.3892
"42079216800","tract",2019,"education_rnk",35.6057
"42079216900","tract",2019,"education_rnk",50.5656
"42079217001","tract",2019,"education_rnk",36.476
"42079217002","tract",2019,"education_rnk",43.3804
"42079217100","tract",2019,"education_rnk",19.1308
"42079217200","tract",2019,"education_rnk",3.0735
"42079217300","tract",2019,"education_rnk",74.2552
"42079217400","tract",2019,"education_rnk",6.3882
"42079217500","tract",2019,"education_rnk",2.6504
"42079217600","tract",2019,"education_rnk",3.2132
"42079217700","tract",2019,"education_rnk",11.27
"42079217800","tract",2019,"education_rnk",8.1613
"42079217900","tract",2019,"education_rnk",13.6453
"42079218000","tract",2019,"education_rnk",54.9678
"42079980100","tract",2019,"education_rnk",NA
"42081000100","tract",2019,"education_rnk",70.9208
"42081000200","tract",2019,"education_rnk",77.23
"42081000300","tract",2019,"education_rnk",26.0988
"42081000400","tract",2019,"education_rnk",45.1831
"42081000500","tract",2019,"education_rnk",NA
"42081000600","tract",2019,"education_rnk",51.8435
"42081000800","tract",2019,"education_rnk",NA
"42081000900","tract",2019,"education_rnk",35.4985
"42081001000","tract",2019,"education_rnk",46.7403
"42081010100","tract",2019,"education_rnk",39.8132
"42081010200","tract",2019,"education_rnk",57.3164
"42081010300","tract",2019,"education_rnk",46.0463
"42081010400","tract",2019,"education_rnk",56.7804
"42081010500","tract",2019,"education_rnk",64.115
"42081010600","tract",2019,"education_rnk",47.4724
"42081010700","tract",2019,"education_rnk",43.0532
"42081010800","tract",2019,"education_rnk",50.0254
"42081010900","tract",2019,"education_rnk",80.8931
"42081011000","tract",2019,"education_rnk",63.2504
"42081011100","tract",2019,"education_rnk",65.1306
"42081011200","tract",2019,"education_rnk",83.3672
"42081011301","tract",2019,"education_rnk",44.9123
"42081011302","tract",2019,"education_rnk",57.0314
"42081011400","tract",2019,"education_rnk",35.9541
"42081011601","tract",2019,"education_rnk",63.5649
"42081011602","tract",2019,"education_rnk",59.6127
"42081011700","tract",2019,"education_rnk",29.3585
"42081011800","tract",2019,"education_rnk",49.3624
"42081011900","tract",2019,"education_rnk",26.3541
"42083420100","tract",2019,"education_rnk",79.6434
"42083420200","tract",2019,"education_rnk",12.1784
"42083420300","tract",2019,"education_rnk",45.5794
"42083420400","tract",2019,"education_rnk",50.086
"42083420500","tract",2019,"education_rnk",56.2853
"42083420600","tract",2019,"education_rnk",48.282
"42083420700","tract",2019,"education_rnk",48.6769
"42083420800","tract",2019,"education_rnk",50.6785
"42083420900","tract",2019,"education_rnk",47.0027
"42083421000","tract",2019,"education_rnk",NA
"42083421100","tract",2019,"education_rnk",46.382
"42083421200","tract",2019,"education_rnk",56.7804
"42085030100","tract",2019,"education_rnk",29.3839
"42085030300","tract",2019,"education_rnk",23.4103
"42085030400","tract",2019,"education_rnk",63.5029
"42085030500","tract",2019,"education_rnk",17.922
"42085030900","tract",2019,"education_rnk",37.2278
"42085031100","tract",2019,"education_rnk",31.4193
"42085031200","tract",2019,"education_rnk",77.1115
"42085031300","tract",2019,"education_rnk",77.6433
"42085031400","tract",2019,"education_rnk",67.2887
"42085031700","tract",2019,"education_rnk",65.1758
"42085031800","tract",2019,"education_rnk",36.3942
"42085031900","tract",2019,"education_rnk",62.5494
"42085032000","tract",2019,"education_rnk",29.0764
"42085032100","tract",2019,"education_rnk",31.1428
"42085032200","tract",2019,"education_rnk",46.5118
"42085032300","tract",2019,"education_rnk",73.7503
"42085032400","tract",2019,"education_rnk",70.3777
"42085032501","tract",2019,"education_rnk",27.4712
"42085032502","tract",2019,"education_rnk",58.0131
"42085032601","tract",2019,"education_rnk",50.7659
"42085032602","tract",2019,"education_rnk",NA
"42085032701","tract",2019,"education_rnk",46.5668
"42085032702","tract",2019,"education_rnk",22.643
"42085032800","tract",2019,"education_rnk",55.3995
"42085032900","tract",2019,"education_rnk",76.2018
"42085033000","tract",2019,"education_rnk",NA
"42085033100","tract",2019,"education_rnk",36.5324
"42085033200","tract",2019,"education_rnk",10.2883
"42085033300","tract",2019,"education_rnk",42.3705
"42085033400","tract",2019,"education_rnk",47.1324
"42087960100","tract",2019,"education_rnk",11.9344
"42087960200","tract",2019,"education_rnk",21.856
"42087960300","tract",2019,"education_rnk",4.2837
"42087960400","tract",2019,"education_rnk",22.4286
"42087960500","tract",2019,"education_rnk",37.3533
"42087960600","tract",2019,"education_rnk",43.9221
"42087960700","tract",2019,"education_rnk",12.2743
"42087960800","tract",2019,"education_rnk",35.8934
"42087960900","tract",2019,"education_rnk",43.8276
"42087961000","tract",2019,"education_rnk",32.8185
"42087961100","tract",2019,"education_rnk",58.9596
"42087961200","tract",2019,"education_rnk",20.5682
"42089300101","tract",2019,"education_rnk",43.3974
"42089300102","tract",2019,"education_rnk",34.7946
"42089300201","tract",2019,"education_rnk",67.7683
"42089300202","tract",2019,"education_rnk",57.0723
"42089300301","tract",2019,"education_rnk",29.6209
"42089300304","tract",2019,"education_rnk",84.0442
"42089300305","tract",2019,"education_rnk",31.1231
"42089300307","tract",2019,"education_rnk",28.436
"42089300308","tract",2019,"education_rnk",46.0463
"42089300309","tract",2019,"education_rnk",38.7003
"42089300311","tract",2019,"education_rnk",88.7793
"42089300312","tract",2019,"education_rnk",79.6237
"42089300401","tract",2019,"education_rnk",77.3725
"42089300402","tract",2019,"education_rnk",45.1831
"42089300403","tract",2019,"education_rnk",56.8086
"42089300501","tract",2019,"education_rnk",76.4162
"42089300502","tract",2019,"education_rnk",49.244
"42089300600","tract",2019,"education_rnk",48.0436
"42089300700","tract",2019,"education_rnk",26.7871
"42089300800","tract",2019,"education_rnk",35.6212
"42089300900","tract",2019,"education_rnk",31.8325
"42089301001","tract",2019,"education_rnk",59.2149
"42089301002","tract",2019,"education_rnk",38.3364
"42089301101","tract",2019,"education_rnk",72.2989
"42089301102","tract",2019,"education_rnk",54.5969
"42089301202","tract",2019,"education_rnk",47.0873
"42089301203","tract",2019,"education_rnk",65.5086
"42089301204","tract",2019,"education_rnk",32.0371
"42089301205","tract",2019,"education_rnk",52.1003
"42089301301","tract",2019,"education_rnk",57.0723
"42089301302","tract",2019,"education_rnk",48.6769
"42089301401","tract",2019,"education_rnk",57.8693
"42089301402","tract",2019,"education_rnk",49.9986
"42091200103","tract",2019,"education_rnk",73.519
"42091200104","tract",2019,"education_rnk",82.968
"42091200105","tract",2019,"education_rnk",80.5687
"42091200106","tract",2019,"education_rnk",80.3557
"42091200200","tract",2019,"education_rnk",82.0187
"42091200301","tract",2019,"education_rnk",73.8617
"42091200305","tract",2019,"education_rnk",83.1768
"42091200306","tract",2019,"education_rnk",80.6266
"42091200307","tract",2019,"education_rnk",72.5274
"42091200308","tract",2019,"education_rnk",73.3694
"42091200309","tract",2019,"education_rnk",76.5318
"42091200310","tract",2019,"education_rnk",91.9897
"42091200401","tract",2019,"education_rnk",75.9972
"42091200402","tract",2019,"education_rnk",60.4731
"42091200501","tract",2019,"education_rnk",72.7347
"42091200502","tract",2019,"education_rnk",58.5379
"42091200505","tract",2019,"education_rnk",88.2292
"42091200506","tract",2019,"education_rnk",90.1828
"42091200507","tract",2019,"education_rnk",79.4065
"42091200602","tract",2019,"education_rnk",90.6144
"42091200603","tract",2019,"education_rnk",87.6523
"42091200605","tract",2019,"education_rnk",87.2828
"42091200606","tract",2019,"education_rnk",87.9612
"42091200607","tract",2019,"education_rnk",93.0067
"42091200703","tract",2019,"education_rnk",69.2606
"42091200704","tract",2019,"education_rnk",75.0099
"42091200707","tract",2019,"education_rnk",58.6676
"42091200708","tract",2019,"education_rnk",64.4437
"42091200800","tract",2019,"education_rnk",54.4206
"42091200901","tract",2019,"education_rnk",42.3973
"42091200902","tract",2019,"education_rnk",61.2108
"42091200903","tract",2019,"education_rnk",52.8436
"42091200906","tract",2019,"education_rnk",89.6736
"42091200907","tract",2019,"education_rnk",91.1814
"42091200908","tract",2019,"education_rnk",59.3292
"42091201003","tract",2019,"education_rnk",86.6452
"42091201004","tract",2019,"education_rnk",79.6082
"42091201005","tract",2019,"education_rnk",95.3523
"42091201006","tract",2019,"education_rnk",98.2806
"42091201100","tract",2019,"education_rnk",84.6733
"42091201201","tract",2019,"education_rnk",95.9927
"42091201203","tract",2019,"education_rnk",88.2786
"42091201204","tract",2019,"education_rnk",80.2514
"42091201301","tract",2019,"education_rnk",91.063
"42091201302","tract",2019,"education_rnk",46.2198
"42091201404","tract",2019,"education_rnk",81.7691
"42091201406","tract",2019,"education_rnk",92.8318
"42091201407","tract",2019,"education_rnk",82.3149
"42091201408","tract",2019,"education_rnk",94.5117
"42091201409","tract",2019,"education_rnk",94.3523
"42091201410","tract",2019,"education_rnk",86.0599
"42091201411","tract",2019,"education_rnk",88.1136
"42091201501","tract",2019,"education_rnk",94.42
"42091201502","tract",2019,"education_rnk",97.3271
"42091201603","tract",2019,"education_rnk",72.375
"42091201604","tract",2019,"education_rnk",74.8731
"42091201605","tract",2019,"education_rnk",80.9524
"42091201606","tract",2019,"education_rnk",63.1982
"42091201607","tract",2019,"education_rnk",97.0379
"42091201608","tract",2019,"education_rnk",87.5381
"42091201703","tract",2019,"education_rnk",80.8931
"42091201704","tract",2019,"education_rnk",74.117
"42091201705","tract",2019,"education_rnk",81.4658
"42091201706","tract",2019,"education_rnk",75.622
"42091201800","tract",2019,"education_rnk",89.163
"42091201901","tract",2019,"education_rnk",86.7284
"42091201902","tract",2019,"education_rnk",85.8977
"42091202000","tract",2019,"education_rnk",80.8297
"42091202100","tract",2019,"education_rnk",91.7386
"42091202201","tract",2019,"education_rnk",77.9212
"42091202202","tract",2019,"education_rnk",67.2675
"42091202301","tract",2019,"education_rnk",92.4015
"42091202302","tract",2019,"education_rnk",95.1605
"42091202401","tract",2019,"education_rnk",71.7939
"42091202402","tract",2019,"education_rnk",73.3398
"42091202500","tract",2019,"education_rnk",58.418
"42091202602","tract",2019,"education_rnk",90.5524
"42091202603","tract",2019,"education_rnk",72.2763
"42091202604","tract",2019,"education_rnk",92.7429
"42091203000","tract",2019,"education_rnk",93.8248
"42091203103","tract",2019,"education_rnk",95.3636
"42091203104","tract",2019,"education_rnk",94.6697
"42091203105","tract",2019,"education_rnk",94.2987
"42091203106","tract",2019,"education_rnk",91.551
"42091203203","tract",2019,"education_rnk",92.5736
"42091203204","tract",2019,"education_rnk",92.6018
"42091203205","tract",2019,"education_rnk",93.2084
"42091203207","tract",2019,"education_rnk",95.8376
"42091203208","tract",2019,"education_rnk",97.8038
"42091203302","tract",2019,"education_rnk",85.6099
"42091203303","tract",2019,"education_rnk",95.5005
"42091203304","tract",2019,"education_rnk",96.7121
"42091203401","tract",2019,"education_rnk",81.9115
"42091203402","tract",2019,"education_rnk",88.5776
"42091203403","tract",2019,"education_rnk",88.2645
"42091203500","tract",2019,"education_rnk",33.4617
"42091203601","tract",2019,"education_rnk",19.5455
"42091203602","tract",2019,"education_rnk",66.5454
"42091203700","tract",2019,"education_rnk",51.9395
"42091203801","tract",2019,"education_rnk",26.2145
"42091203803","tract",2019,"education_rnk",19.633
"42091203804","tract",2019,"education_rnk",13.0586
"42091203901","tract",2019,"education_rnk",3.6843
"42091203902","tract",2019,"education_rnk",35.2305
"42091204002","tract",2019,"education_rnk",62.816
"42091204007","tract",2019,"education_rnk",85.734
"42091204008","tract",2019,"education_rnk",96.1775
"42091204009","tract",2019,"education_rnk",97.7319
"42091204010","tract",2019,"education_rnk",91.4311
"42091204101","tract",2019,"education_rnk",97.0929
"42091204102","tract",2019,"education_rnk",98.0902
"42091204200","tract",2019,"education_rnk",98.3173
"42091204300","tract",2019,"education_rnk",98.1635
"42091204400","tract",2019,"education_rnk",93.8177
"42091204500","tract",2019,"education_rnk",98.289
"42091204600","tract",2019,"education_rnk",98.8913
"42091204701","tract",2019,"education_rnk",98.6318
"42091204702","tract",2019,"education_rnk",85.0598
"42091204800","tract",2019,"education_rnk",97.8729
"42091204900","tract",2019,"education_rnk",83.1951
"42091205000","tract",2019,"education_rnk",NA
"42091205100","tract",2019,"education_rnk",84.947
"42091205200","tract",2019,"education_rnk",95.3636
"42091205300","tract",2019,"education_rnk",79.8578
"42091205400","tract",2019,"education_rnk",95.2
"42091205501","tract",2019,"education_rnk",93.5878
"42091205502","tract",2019,"education_rnk",95.121
"42091205503","tract",2019,"education_rnk",95.0138
"42091205600","tract",2019,"education_rnk",95.6034
"42091205700","tract",2019,"education_rnk",57.7296
"42091205801","tract",2019,"education_rnk",98.8758
"42091205805","tract",2019,"education_rnk",89.2081
"42091205806","tract",2019,"education_rnk",77.7829
"42091205807","tract",2019,"education_rnk",93.5737
"42091205808","tract",2019,"education_rnk",88.737
"42091205809","tract",2019,"education_rnk",92.9079
"42091205903","tract",2019,"education_rnk",93.6696
"42091205904","tract",2019,"education_rnk",97.8377
"42091205905","tract",2019,"education_rnk",91.063
"42091205906","tract",2019,"education_rnk",89.249
"42091206004","tract",2019,"education_rnk",71.4765
"42091206005","tract",2019,"education_rnk",80.5292
"42091206006","tract",2019,"education_rnk",96.0618
"42091206007","tract",2019,"education_rnk",91.5595
"42091206102","tract",2019,"education_rnk",92.6174
"42091206104","tract",2019,"education_rnk",93.8121
"42091206105","tract",2019,"education_rnk",84.2741
"42091206106","tract",2019,"education_rnk",87.1657
"42091206201","tract",2019,"education_rnk",56.1922
"42091206202","tract",2019,"education_rnk",68.8685
"42091206300","tract",2019,"education_rnk",NA
"42091206400","tract",2019,"education_rnk",77.9762
"42091206501","tract",2019,"education_rnk",87.988
"42091206502","tract",2019,"education_rnk",76.2977
"42091206600","tract",2019,"education_rnk",82.2331
"42091206702","tract",2019,"education_rnk",NA
"42091206703","tract",2019,"education_rnk",82.4969
"42091206704","tract",2019,"education_rnk",91.8387
"42091206801","tract",2019,"education_rnk",94.8982
"42091206802","tract",2019,"education_rnk",85.3786
"42091206901","tract",2019,"education_rnk",76.3202
"42091206904","tract",2019,"education_rnk",86.7947
"42091206905","tract",2019,"education_rnk",85.4533
"42091206906","tract",2019,"education_rnk",78.0241
"42091207001","tract",2019,"education_rnk",92.1688
"42091207003","tract",2019,"education_rnk",88.6101
"42091207004","tract",2019,"education_rnk",72.6712
"42091207101","tract",2019,"education_rnk",63.8061
"42091207103","tract",2019,"education_rnk",81.4108
"42091207104","tract",2019,"education_rnk",59.6127
"42091207201","tract",2019,"education_rnk",48.9336
"42091207202","tract",2019,"education_rnk",31.3925
"42091207300","tract",2019,"education_rnk",42.9107
"42091207400","tract",2019,"education_rnk",84.0626
"42091207500","tract",2019,"education_rnk",71.8912
"42091207600","tract",2019,"education_rnk",70.7952
"42091207800","tract",2019,"education_rnk",79.0045
"42091207900","tract",2019,"education_rnk",50.0621
"42091208000","tract",2019,"education_rnk",42.9954
"42091208100","tract",2019,"education_rnk",52.089
"42091208201","tract",2019,"education_rnk",59.9244
"42091208203","tract",2019,"education_rnk",69.8615
"42091208204","tract",2019,"education_rnk",70.4469
"42091208301","tract",2019,"education_rnk",83.1302
"42091208302","tract",2019,"education_rnk",75.7885
"42091208400","tract",2019,"education_rnk",68.5116
"42091208500","tract",2019,"education_rnk",75.0987
"42091208601","tract",2019,"education_rnk",81.8481
"42091208603","tract",2019,"education_rnk",75.4457
"42091208604","tract",2019,"education_rnk",86.9118
"42091208702","tract",2019,"education_rnk",87.4972
"42091208703","tract",2019,"education_rnk",71.1465
"42091208704","tract",2019,"education_rnk",49.9986
"42091208801","tract",2019,"education_rnk",36.1346
"42091208802","tract",2019,"education_rnk",51.3738
"42091208901","tract",2019,"education_rnk",58.5111
"42091208903","tract",2019,"education_rnk",73.7094
"42091208904","tract",2019,"education_rnk",18.9009
"42091208905","tract",2019,"education_rnk",51.9395
"42091208906","tract",2019,"education_rnk",36.4393
"42091209000","tract",2019,"education_rnk",33.8693
"42091209100","tract",2019,"education_rnk",68.379
"42091209201","tract",2019,"education_rnk",38.895
"42091209202","tract",2019,"education_rnk",45.6486
"42091210100","tract",2019,"education_rnk",88.1926
"42091210200","tract",2019,"education_rnk",91.1053
"42091210300","tract",2019,"education_rnk",91.7259
"42091210400","tract",2019,"education_rnk",88.6228
"42091210500","tract",2019,"education_rnk",80.6675
"42091210600","tract",2019,"education_rnk",83.5717
"42091210700","tract",2019,"education_rnk",85.7481
"42093050100","tract",2019,"education_rnk",30.604
"42093050200","tract",2019,"education_rnk",72.447
"42093050300","tract",2019,"education_rnk",40.9529
"42093050400","tract",2019,"education_rnk",73.9915
"42095010100","tract",2019,"education_rnk",49.0267
"42095010200","tract",2019,"education_rnk",94.5977
"42095010300","tract",2019,"education_rnk",81.6915
"42095010400","tract",2019,"education_rnk",72.2354
"42095010500","tract",2019,"education_rnk",8.8002
"42095010600","tract",2019,"education_rnk",29.1709
"42095010700","tract",2019,"education_rnk",61.4012
"42095010800","tract",2019,"education_rnk",92.5652
"42095010900","tract",2019,"education_rnk",18.8614
"42095011000","tract",2019,"education_rnk",26.773
"42095011100","tract",2019,"education_rnk",NA
"42095011200","tract",2019,"education_rnk",10.8187
"42095011300","tract",2019,"education_rnk",37.7962
"42095014100","tract",2019,"education_rnk",NA
"42095014200","tract",2019,"education_rnk",20.3665
"42095014300","tract",2019,"education_rnk",12.8174
"42095014400","tract",2019,"education_rnk",67.3621
"42095014500","tract",2019,"education_rnk",28.5376
"42095014600","tract",2019,"education_rnk",11.7242
"42095014700","tract",2019,"education_rnk",32.968
"42095015201","tract",2019,"education_rnk",32.1965
"42095015300","tract",2019,"education_rnk",59.7763
"42095015400","tract",2019,"education_rnk",53.161
"42095015500","tract",2019,"education_rnk",73.4329
"42095015600","tract",2019,"education_rnk",53.161
"42095015700","tract",2019,"education_rnk",46.9787
"42095015801","tract",2019,"education_rnk",84.0301
"42095015802","tract",2019,"education_rnk",40.8443
"42095015901","tract",2019,"education_rnk",65.6892
"42095015902","tract",2019,"education_rnk",62.7313
"42095016001","tract",2019,"education_rnk",59.442
"42095016002","tract",2019,"education_rnk",39.7004
"42095016100","tract",2019,"education_rnk",52.4317
"42095016201","tract",2019,"education_rnk",40.0164
"42095016202","tract",2019,"education_rnk",63.9021
"42095016300","tract",2019,"education_rnk",52.2794
"42095016400","tract",2019,"education_rnk",81.0427
"42095016500","tract",2019,"education_rnk",69.7867
"42095016600","tract",2019,"education_rnk",38.7215
"42095016700","tract",2019,"education_rnk",74.9563
"42095016800","tract",2019,"education_rnk",62.7581
"42095016901","tract",2019,"education_rnk",79.4967
"42095016902","tract",2019,"education_rnk",71.564
"42095017000","tract",2019,"education_rnk",62.7976
"42095017101","tract",2019,"education_rnk",84.7706
"42095017102","tract",2019,"education_rnk",84.875
"42095017200","tract",2019,"education_rnk",37.3533
"42095017300","tract",2019,"education_rnk",45.0985
"42095017401","tract",2019,"education_rnk",83.2572
"42095017402","tract",2019,"education_rnk",69.8925
"42095017501","tract",2019,"education_rnk",65.1758
"42095017502","tract",2019,"education_rnk",77.625
"42095017603","tract",2019,"education_rnk",55.0793
"42095017604","tract",2019,"education_rnk",80.9411
"42095017605","tract",2019,"education_rnk",68.1703
"42095017606","tract",2019,"education_rnk",74.7814
"42095017607","tract",2019,"education_rnk",82.4969
"42095017702","tract",2019,"education_rnk",59.6917
"42095017703","tract",2019,"education_rnk",92.6174
"42095017704","tract",2019,"education_rnk",72.3948
"42095017800","tract",2019,"education_rnk",25.3498
"42095017901","tract",2019,"education_rnk",59.9427
"42095017902","tract",2019,"education_rnk",74.2214
"42095018001","tract",2019,"education_rnk",78.144
"42095018002","tract",2019,"education_rnk",88.6101
"42095018100","tract",2019,"education_rnk",79.5094
"42095018200","tract",2019,"education_rnk",55.4672
"42095018300","tract",2019,"education_rnk",58.6846
"42097080100","tract",2019,"education_rnk",45.2141
"42097080200","tract",2019,"education_rnk",48.3031
"42097080300","tract",2019,"education_rnk",34.7128
"42097080400","tract",2019,"education_rnk",52.8182
"42097080500","tract",2019,"education_rnk",50.0465
"42097080600","tract",2019,"education_rnk",61.8356
"42097080700","tract",2019,"education_rnk",65.4339
"42097080800","tract",2019,"education_rnk",63.0007
"42097080900","tract",2019,"education_rnk",59.5619
"42097081000","tract",2019,"education_rnk",49.8857
"42097081100","tract",2019,"education_rnk",38.3364
"42097081200","tract",2019,"education_rnk",NA
"42097081300","tract",2019,"education_rnk",31.1231
"42097081400","tract",2019,"education_rnk",25.9366
"42097081500","tract",2019,"education_rnk",38.6792
"42097081600","tract",2019,"education_rnk",16.1166
"42097081700","tract",2019,"education_rnk",40.1334
"42097081800","tract",2019,"education_rnk",36.7172
"42097081900","tract",2019,"education_rnk",60.813
"42097082000","tract",2019,"education_rnk",40.2181
"42097082100","tract",2019,"education_rnk",33.095
"42097082200","tract",2019,"education_rnk",15.204
"42097082300","tract",2019,"education_rnk",38.0515
"42097082400","tract",2019,"education_rnk",65.9403
"42099030100","tract",2019,"education_rnk",46.358
"42099030201","tract",2019,"education_rnk",50.134
"42099030202","tract",2019,"education_rnk",54.0256
"42099030301","tract",2019,"education_rnk",54.0524
"42099030302","tract",2019,"education_rnk",62.4069
"42099030400","tract",2019,"education_rnk",59.1472
"42099030501","tract",2019,"education_rnk",48.3455
"42099030502","tract",2019,"education_rnk",43.4806
"42099030601","tract",2019,"education_rnk",16.2308
"42099030602","tract",2019,"education_rnk",10.0231
"42101000100","tract",2019,"education_rnk",99.282
"42101000200","tract",2019,"education_rnk",22.3017
"42101000300","tract",2019,"education_rnk",98.2735
"42101000401","tract",2019,"education_rnk",98.4541
"42101000402","tract",2019,"education_rnk",99.5529
"42101000500","tract",2019,"education_rnk",NA
"42101000600","tract",2019,"education_rnk",99.1833
"42101000700","tract",2019,"education_rnk",98.0634
"42101000801","tract",2019,"education_rnk",99.1156
"42101000803","tract",2019,"education_rnk",98.7644
"42101000804","tract",2019,"education_rnk",99.7235
"42101000901","tract",2019,"education_rnk",97.6035
"42101000902","tract",2019,"education_rnk",94.9983
"42101001001","tract",2019,"education_rnk",99.6008
"42101001002","tract",2019,"education_rnk",99.6276
"42101001101","tract",2019,"education_rnk",95.4497
"42101001102","tract",2019,"education_rnk",99.3103
"42101001201","tract",2019,"education_rnk",99.5007
"42101001202","tract",2019,"education_rnk",98.8871
"42101001300","tract",2019,"education_rnk",97.99
"42101001400","tract",2019,"education_rnk",96.1436
"42101001500","tract",2019,"education_rnk",95.8051
"42101001600","tract",2019,"education_rnk",98.5401
"42101001700","tract",2019,"education_rnk",98.6586
"42101001800","tract",2019,"education_rnk",98.1014
"42101001900","tract",2019,"education_rnk",99.0126
"42101002000","tract",2019,"education_rnk",73.519
"42101002100","tract",2019,"education_rnk",83.6295
"42101002200","tract",2019,"education_rnk",93.2789
"42101002300","tract",2019,"education_rnk",85.4773
"42101002400","tract",2019,"education_rnk",77.0424
"42101002500","tract",2019,"education_rnk",83.8863
"42101002701","tract",2019,"education_rnk",29.216
"42101002702","tract",2019,"education_rnk",91.8218
"42101002801","tract",2019,"education_rnk",20.437
"42101002802","tract",2019,"education_rnk",71.0336
"42101002900","tract",2019,"education_rnk",94.2493
"42101003001","tract",2019,"education_rnk",47.0393
"42101003002","tract",2019,"education_rnk",63.9303
"42101003100","tract",2019,"education_rnk",82.4771
"42101003200","tract",2019,"education_rnk",32.1824
"42101003300","tract",2019,"education_rnk",15.5495
"42101003600","tract",2019,"education_rnk",19.6231
"42101003701","tract",2019,"education_rnk",40.3605
"42101003702","tract",2019,"education_rnk",13.3096
"42101003800","tract",2019,"education_rnk",83.2275
"42101003901","tract",2019,"education_rnk",59.0259
"42101003902","tract",2019,"education_rnk",74.8406
"42101004001","tract",2019,"education_rnk",69.3523
"42101004002","tract",2019,"education_rnk",70.6683
"42101004101","tract",2019,"education_rnk",6.9059
"42101004102","tract",2019,"education_rnk",11.1741
"42101004201","tract",2019,"education_rnk",63.0007
"42101004202","tract",2019,"education_rnk",33.906
"42101005000","tract",2019,"education_rnk",NA
"42101005400","tract",2019,"education_rnk",39.9938
"42101005500","tract",2019,"education_rnk",44.3622
"42101005600","tract",2019,"education_rnk",26.7871
"42101006000","tract",2019,"education_rnk",18.6668
"42101006100","tract",2019,"education_rnk",45.3806
"42101006200","tract",2019,"education_rnk",20.31
"42101006300","tract",2019,"education_rnk",7.8397
"42101006400","tract",2019,"education_rnk",17.0503
"42101006500","tract",2019,"education_rnk",51.2215
"42101006600","tract",2019,"education_rnk",15.022
"42101006700","tract",2019,"education_rnk",9.7241
"42101006900","tract",2019,"education_rnk",7.5942
"42101007000","tract",2019,"education_rnk",35.7665
"42101007101","tract",2019,"education_rnk",16.6229
"42101007102","tract",2019,"education_rnk",42.7697
"42101007200","tract",2019,"education_rnk",24.7362
"42101007300","tract",2019,"education_rnk",39.084
"42101007400","tract",2019,"education_rnk",41.6229
"42101007700","tract",2019,"education_rnk",54.9114
"42101007800","tract",2019,"education_rnk",82.889
"42101007900","tract",2019,"education_rnk",90.1236
"42101008000","tract",2019,"education_rnk",77.5037
"42101008101","tract",2019,"education_rnk",25.0663
"42101008102","tract",2019,"education_rnk",37.2278
"42101008200","tract",2019,"education_rnk",51.5826
"42101008301","tract",2019,"education_rnk",35.3447
"42101008302","tract",2019,"education_rnk",36.7835
"42101008400","tract",2019,"education_rnk",27.034
"42101008500","tract",2019,"education_rnk",33.4462
"42101008601","tract",2019,"education_rnk",85.8694
"42101008602","tract",2019,"education_rnk",70.2437
"42101008701","tract",2019,"education_rnk",78.1581
"42101008702","tract",2019,"education_rnk",89.0135
"42101008801","tract",2019,"education_rnk",NA
"42101008802","tract",2019,"education_rnk",NA
"42101009000","tract",2019,"education_rnk",NA
"42101009100","tract",2019,"education_rnk",72.8504
"42101009200","tract",2019,"education_rnk",53.6885
"42101009300","tract",2019,"education_rnk",24.5726
"42101009400","tract",2019,"education_rnk",31.5913
"42101009500","tract",2019,"education_rnk",36.5493
"42101009600","tract",2019,"education_rnk",44.396
"42101009801","tract",2019,"education_rnk",68.0532
"42101009802","tract",2019,"education_rnk",53.161
"42101010000","tract",2019,"education_rnk",33.3037
"42101010100","tract",2019,"education_rnk",70.6824
"42101010200","tract",2019,"education_rnk",16.0489
"42101010300","tract",2019,"education_rnk",47.5217
"42101010400","tract",2019,"education_rnk",35.6635
"42101010500","tract",2019,"education_rnk",14.2363
"42101010600","tract",2019,"education_rnk",22.8588
"42101010700","tract",2019,"education_rnk",16.9361
"42101010800","tract",2019,"education_rnk",30.9453
"42101010900","tract",2019,"education_rnk",35.1303
"42101011000","tract",2019,"education_rnk",12.3293
"42101011100","tract",2019,"education_rnk",48.1155
"42101011200","tract",2019,"education_rnk",27.742
"42101011300","tract",2019,"education_rnk",24.0225
"42101011400","tract",2019,"education_rnk",38.9204
"42101011500","tract",2019,"education_rnk",58.5943
"42101011700","tract",2019,"education_rnk",NA
"42101011800","tract",2019,"education_rnk",70.8559
"42101011900","tract",2019,"education_rnk",57.803
"42101012000","tract",2019,"education_rnk",69.8389
"42101012100","tract",2019,"education_rnk",79.2725
"42101012201","tract",2019,"education_rnk",83.4941
"42101012203","tract",2019,"education_rnk",95.5921
"42101012204","tract",2019,"education_rnk",83.9991
"42101012500","tract",2019,"education_rnk",99.11
"42101013100","tract",2019,"education_rnk",44.0434
"42101013200","tract",2019,"education_rnk",48.4484
"42101013300","tract",2019,"education_rnk",98.6177
"42101013401","tract",2019,"education_rnk",99.0225
"42101013402","tract",2019,"education_rnk",98.234
"42101013500","tract",2019,"education_rnk",88.8978
"42101013601","tract",2019,"education_rnk",99.1354
"42101013602","tract",2019,"education_rnk",95.1605
"42101013700","tract",2019,"education_rnk",78.6941
"42101013800","tract",2019,"education_rnk",55.3995
"42101013900","tract",2019,"education_rnk",52.3048
"42101014000","tract",2019,"education_rnk",52.1003
"42101014100","tract",2019,"education_rnk",32.6915
"42101014200","tract",2019,"education_rnk",98.2016
"42101014300","tract",2019,"education_rnk",98.1353
"42101014400","tract",2019,"education_rnk",78.673
"42101014500","tract",2019,"education_rnk",14.5481
"42101014600","tract",2019,"education_rnk",NA
"42101014700","tract",2019,"education_rnk",35.2107
"42101014800","tract",2019,"education_rnk",8.2868
"42101014900","tract",2019,"education_rnk",12.7031
"42101015101","tract",2019,"education_rnk",13.0698
"42101015102","tract",2019,"education_rnk",13.335
"42101015200","tract",2019,"education_rnk",15.0418
"42101015300","tract",2019,"education_rnk",8.8863
"42101015600","tract",2019,"education_rnk",23.0775
"42101015700","tract",2019,"education_rnk",34.4801
"42101015800","tract",2019,"education_rnk",92.9883
"42101016000","tract",2019,"education_rnk",87.5141
"42101016100","tract",2019,"education_rnk",64.3111
"42101016200","tract",2019,"education_rnk",6.4475
"42101016300","tract",2019,"education_rnk",1.1044
"42101016400","tract",2019,"education_rnk",5.4545
"42101016500","tract",2019,"education_rnk",4.0468
"42101016600","tract",2019,"education_rnk",36.0726
"42101016701","tract",2019,"education_rnk",43.2126
"42101016702","tract",2019,"education_rnk",18.7105
"42101016800","tract",2019,"education_rnk",30.3924
"42101016901","tract",2019,"education_rnk",39.4268
"42101016902","tract",2019,"education_rnk",26.6672
"42101017000","tract",2019,"education_rnk",92.6653
"42101017100","tract",2019,"education_rnk",45.114
"42101017201","tract",2019,"education_rnk",25.1143
"42101017202","tract",2019,"education_rnk",14.8429
"42101017300","tract",2019,"education_rnk",40.8697
"42101017400","tract",2019,"education_rnk",30.226
"42101017500","tract",2019,"education_rnk",2.0537
"42101017601","tract",2019,"education_rnk",1.7406
"42101017602","tract",2019,"education_rnk",0.6361
"42101017701","tract",2019,"education_rnk",1.1806
"42101017702","tract",2019,"education_rnk",1.6433
"42101017800","tract",2019,"education_rnk",3.7068
"42101017900","tract",2019,"education_rnk",10.3349
"42101018001","tract",2019,"education_rnk",54.1201
"42101018002","tract",2019,"education_rnk",57.779
"42101018300","tract",2019,"education_rnk",60.3179
"42101018400","tract",2019,"education_rnk",62.7313
"42101018800","tract",2019,"education_rnk",5.202
"42101019000","tract",2019,"education_rnk",6.3233
"42101019100","tract",2019,"education_rnk",8.961
"42101019200","tract",2019,"education_rnk",2.625
"42101019501","tract",2019,"education_rnk",3.2611
"42101019502","tract",2019,"education_rnk",0.8731
"42101019700","tract",2019,"education_rnk",6.3685
"42101019800","tract",2019,"education_rnk",6.4475
"42101019900","tract",2019,"education_rnk",5.3176
"42101020000","tract",2019,"education_rnk",14.6919
"42101020101","tract",2019,"education_rnk",19.1534
"42101020102","tract",2019,"education_rnk",43.8276
"42101020200","tract",2019,"education_rnk",41.5679
"42101020300","tract",2019,"education_rnk",19.4496
"42101020400","tract",2019,"education_rnk",47.296
"42101020500","tract",2019,"education_rnk",20.3763
"42101020600","tract",2019,"education_rnk",72.9519
"42101020700","tract",2019,"education_rnk",97.2664
"42101020800","tract",2019,"education_rnk",95.5809
"42101020900","tract",2019,"education_rnk",96.3355
"42101021000","tract",2019,"education_rnk",95.8587
"42101021100","tract",2019,"education_rnk",92.8021
"42101021200","tract",2019,"education_rnk",84.1176
"42101021300","tract",2019,"education_rnk",93.3974
"42101021400","tract",2019,"education_rnk",94.2225
"42101021500","tract",2019,"education_rnk",85.8426
"42101021600","tract",2019,"education_rnk",89.5156
"42101021700","tract",2019,"education_rnk",89.6355
"42101021800","tract",2019,"education_rnk",85.1416
"42101021900","tract",2019,"education_rnk",92.0165
"42101022000","tract",2019,"education_rnk",97.3793
"42101023100","tract",2019,"education_rnk",93.2958
"42101023500","tract",2019,"education_rnk",95.7332
"42101023600","tract",2019,"education_rnk",94.8276
"42101023700","tract",2019,"education_rnk",93.269
"42101023800","tract",2019,"education_rnk",87.2405
"42101023900","tract",2019,"education_rnk",97.3271
"42101024000","tract",2019,"education_rnk",81.4009
"42101024100","tract",2019,"education_rnk",55.951
"42101024200","tract",2019,"education_rnk",43.5624
"42101024300","tract",2019,"education_rnk",40.7795
"42101024400","tract",2019,"education_rnk",17.1646
"42101024500","tract",2019,"education_rnk",11.1614
"42101024600","tract",2019,"education_rnk",14.7357
"42101024700","tract",2019,"education_rnk",41.874
"42101024800","tract",2019,"education_rnk",21.588
"42101024900","tract",2019,"education_rnk",34.1105
"42101025200","tract",2019,"education_rnk",22.2213
"42101025300","tract",2019,"education_rnk",52.2004
"42101025400","tract",2019,"education_rnk",61.2813
"42101025500","tract",2019,"education_rnk",93.9997
"42101025600","tract",2019,"education_rnk",94.87
"42101025700","tract",2019,"education_rnk",90.8077
"42101025800","tract",2019,"education_rnk",62.4069
"42101025900","tract",2019,"education_rnk",63.1319
"42101026000","tract",2019,"education_rnk",83.9384
"42101026100","tract",2019,"education_rnk",73.1508
"42101026200","tract",2019,"education_rnk",72.0788
"42101026301","tract",2019,"education_rnk",47.399
"42101026302","tract",2019,"education_rnk",39.5227
"42101026400","tract",2019,"education_rnk",51.0678
"42101026500","tract",2019,"education_rnk",32.5731
"42101026600","tract",2019,"education_rnk",54.5489
"42101026700","tract",2019,"education_rnk",44.8558
"42101026800","tract",2019,"education_rnk",64.7427
"42101026900","tract",2019,"education_rnk",48.4865
"42101027000","tract",2019,"education_rnk",52.223
"42101027100","tract",2019,"education_rnk",38.0981
"42101027200","tract",2019,"education_rnk",54.0524
"42101027300","tract",2019,"education_rnk",11.4999
"42101027401","tract",2019,"education_rnk",14.1193
"42101027402","tract",2019,"education_rnk",10.2319
"42101027500","tract",2019,"education_rnk",16.9361
"42101027600","tract",2019,"education_rnk",26.0339
"42101027700","tract",2019,"education_rnk",28.9692
"42101027800","tract",2019,"education_rnk",37.7412
"42101027901","tract",2019,"education_rnk",38.6101
"42101027902","tract",2019,"education_rnk",NA
"42101028000","tract",2019,"education_rnk",40.187
"42101028100","tract",2019,"education_rnk",27.9099
"42101028200","tract",2019,"education_rnk",30.9115
"42101028300","tract",2019,"education_rnk",37.8272
"42101028400","tract",2019,"education_rnk",15.4155
"42101028500","tract",2019,"education_rnk",11.0373
"42101028600","tract",2019,"education_rnk",11.026
"42101028700","tract",2019,"education_rnk",4.1497
"42101028800","tract",2019,"education_rnk",1.6052
"42101028901","tract",2019,"education_rnk",9.3348
"42101028902","tract",2019,"education_rnk",5.47
"42101029000","tract",2019,"education_rnk",6.384
"42101029100","tract",2019,"education_rnk",8.4617
"42101029200","tract",2019,"education_rnk",16.1617
"42101029300","tract",2019,"education_rnk",7.3093
"42101029400","tract",2019,"education_rnk",8.961
"42101029800","tract",2019,"education_rnk",9.6084
"42101029900","tract",2019,"education_rnk",27.1017
"42101030000","tract",2019,"education_rnk",13.1376
"42101030100","tract",2019,"education_rnk",24.4513
"42101030200","tract",2019,"education_rnk",20.4934
"42101030501","tract",2019,"education_rnk",16.1913
"42101030502","tract",2019,"education_rnk",22.2833
"42101030600","tract",2019,"education_rnk",35.0471
"42101030700","tract",2019,"education_rnk",37.0247
"42101030800","tract",2019,"education_rnk",28.9692
"42101030900","tract",2019,"education_rnk",22.5245
"42101031000","tract",2019,"education_rnk",8.9483
"42101031101","tract",2019,"education_rnk",6.0497
"42101031102","tract",2019,"education_rnk",19.5455
"42101031200","tract",2019,"education_rnk",9.6338
"42101031300","tract",2019,"education_rnk",7.3149
"42101031401","tract",2019,"education_rnk",9.0118
"42101031402","tract",2019,"education_rnk",5.707
"42101031501","tract",2019,"education_rnk",37.122
"42101031502","tract",2019,"education_rnk",20.2212
"42101031600","tract",2019,"education_rnk",40.259
"42101031700","tract",2019,"education_rnk",24.5374
"42101031800","tract",2019,"education_rnk",12.0402
"42101031900","tract",2019,"education_rnk",20.5682
"42101032000","tract",2019,"education_rnk",36.2827
"42101032100","tract",2019,"education_rnk",12.9753
"42101032300","tract",2019,"education_rnk",17.3931
"42101032500","tract",2019,"education_rnk",18.4905
"42101032600","tract",2019,"education_rnk",23.1184
"42101032900","tract",2019,"education_rnk",24.684
"42101033000","tract",2019,"education_rnk",28.6391
"42101033101","tract",2019,"education_rnk",52.766
"42101033102","tract",2019,"education_rnk",67.6808
"42101033200","tract",2019,"education_rnk",20.3453
"42101033300","tract",2019,"education_rnk",72.1367
"42101033400","tract",2019,"education_rnk",19.0533
"42101033500","tract",2019,"education_rnk",24.1424
"42101033600","tract",2019,"education_rnk",45.1337
"42101033701","tract",2019,"education_rnk",24.2482
"42101033702","tract",2019,"education_rnk",24.1932
"42101033800","tract",2019,"education_rnk",46.4018
"42101033900","tract",2019,"education_rnk",61.5719
"42101034000","tract",2019,"education_rnk",77.1764
"42101034100","tract",2019,"education_rnk",71.0689
"42101034200","tract",2019,"education_rnk",78.4459
"42101034400","tract",2019,"education_rnk",70.5978
"42101034501","tract",2019,"education_rnk",75.0635
"42101034502","tract",2019,"education_rnk",68.4848
"42101034600","tract",2019,"education_rnk",57.0723
"42101034701","tract",2019,"education_rnk",52.4487
"42101034702","tract",2019,"education_rnk",81.9764
"42101034801","tract",2019,"education_rnk",57.8439
"42101034802","tract",2019,"education_rnk",53.2216
"42101034803","tract",2019,"education_rnk",78.9241
"42101034900","tract",2019,"education_rnk",48.6346
"42101035100","tract",2019,"education_rnk",89.084
"42101035200","tract",2019,"education_rnk",74.4034
"42101035301","tract",2019,"education_rnk",69.8192
"42101035302","tract",2019,"education_rnk",62.0106
"42101035500","tract",2019,"education_rnk",61.2108
"42101035601","tract",2019,"education_rnk",57.8693
"42101035602","tract",2019,"education_rnk",88.6397
"42101035701","tract",2019,"education_rnk",58.8073
"42101035702","tract",2019,"education_rnk",69.8615
"42101035800","tract",2019,"education_rnk",57.7522
"42101035900","tract",2019,"education_rnk",80.7803
"42101036000","tract",2019,"education_rnk",58.0428
"42101036100","tract",2019,"education_rnk",59.5831
"42101036201","tract",2019,"education_rnk",81.8128
"42101036202","tract",2019,"education_rnk",69.7402
"42101036203","tract",2019,"education_rnk",76.608
"42101036301","tract",2019,"education_rnk",48.1734
"42101036302","tract",2019,"education_rnk",45.059
"42101036303","tract",2019,"education_rnk",61.9005
"42101036400","tract",2019,"education_rnk",NA
"42101036501","tract",2019,"education_rnk",50.3569
"42101036502","tract",2019,"education_rnk",87.3519
"42101036600","tract",2019,"education_rnk",98.9026
"42101036700","tract",2019,"education_rnk",98.825
"42101036900","tract",2019,"education_rnk",NA
"42101037200","tract",2019,"education_rnk",46.2438
"42101037300","tract",2019,"education_rnk",87.9246
"42101037500","tract",2019,"education_rnk",76.474
"42101037600","tract",2019,"education_rnk",93.1802
"42101037700","tract",2019,"education_rnk",NA
"42101037800","tract",2019,"education_rnk",83.1951
"42101037900","tract",2019,"education_rnk",75.5219
"42101038000","tract",2019,"education_rnk",15.4353
"42101038100","tract",2019,"education_rnk",26.0635
"42101038200","tract",2019,"education_rnk",23.1184
"42101038300","tract",2019,"education_rnk",8.6126
"42101038400","tract",2019,"education_rnk",86.6607
"42101038500","tract",2019,"education_rnk",93.2535
"42101038600","tract",2019,"education_rnk",96.5583
"42101038700","tract",2019,"education_rnk",NA
"42101038800","tract",2019,"education_rnk",97.8377
"42101038900","tract",2019,"education_rnk",57.0314
"42101039000","tract",2019,"education_rnk",17.764
"42101980000","tract",2019,"education_rnk",NA
"42101980100","tract",2019,"education_rnk",NA
"42101980200","tract",2019,"education_rnk",NA
"42101980300","tract",2019,"education_rnk",NA
"42101980400","tract",2019,"education_rnk",NA
"42101980500","tract",2019,"education_rnk",NA
"42101980600","tract",2019,"education_rnk",NA
"42101980700","tract",2019,"education_rnk",NA
"42101980800","tract",2019,"education_rnk",NA
"42101980900","tract",2019,"education_rnk",NA
"42101989100","tract",2019,"education_rnk",NA
"42103950102","tract",2019,"education_rnk",60.8567
"42103950103","tract",2019,"education_rnk",66.3874
"42103950104","tract",2019,"education_rnk",55.7577
"42103950201","tract",2019,"education_rnk",54.6237
"42103950202","tract",2019,"education_rnk",73.4132
"42103950301","tract",2019,"education_rnk",70.949
"42103950302","tract",2019,"education_rnk",97.2467
"42103950501","tract",2019,"education_rnk",61.3095
"42103950502","tract",2019,"education_rnk",69.4581
"42103950601","tract",2019,"education_rnk",83.2431
"42103950603","tract",2019,"education_rnk",61.957
"42103950605","tract",2019,"education_rnk",79.7619
"42103950606","tract",2019,"education_rnk",73.6205
"42103950701","tract",2019,"education_rnk",45.9462
"42103950702","tract",2019,"education_rnk",62.067
"42103950801","tract",2019,"education_rnk",47.0873
"42103950802","tract",2019,"education_rnk",68.5116
"42103950900","tract",2019,"education_rnk",51.6291
"42105950100","tract",2019,"education_rnk",31.7239
"42105950200","tract",2019,"education_rnk",35.3447
"42105950300","tract",2019,"education_rnk",47.5739
"42105950400","tract",2019,"education_rnk",34.2163
"42105950500","tract",2019,"education_rnk",41.874
"42107000100","tract",2019,"education_rnk",59.3292
"42107000200","tract",2019,"education_rnk",33.6648
"42107000300","tract",2019,"education_rnk",54.9678
"42107000400","tract",2019,"education_rnk",NA
"42107000500","tract",2019,"education_rnk",19.1252
"42107000601","tract",2019,"education_rnk",20.4539
"42107000602","tract",2019,"education_rnk",11.3321
"42107000700","tract",2019,"education_rnk",54.776
"42107000800","tract",2019,"education_rnk",40.6342
"42107000900","tract",2019,"education_rnk",51.1016
"42107001000","tract",2019,"education_rnk",33.1641
"42107001100","tract",2019,"education_rnk",41.235
"42107001200","tract",2019,"education_rnk",44.121
"42107001300","tract",2019,"education_rnk",27.9099
"42107001400","tract",2019,"education_rnk",44.396
"42107001500","tract",2019,"education_rnk",32.6492
"42107001600","tract",2019,"education_rnk",63.675
"42107001700","tract",2019,"education_rnk",69.5484
"42107001800","tract",2019,"education_rnk",63.0811
"42107001900","tract",2019,"education_rnk",30.6675
"42107002000","tract",2019,"education_rnk",44.121
"42107002100","tract",2019,"education_rnk",38.5452
"42107002200","tract",2019,"education_rnk",42.6667
"42107002300","tract",2019,"education_rnk",44.0688
"42107002400","tract",2019,"education_rnk",44.9292
"42107002500","tract",2019,"education_rnk",53.0241
"42107002600","tract",2019,"education_rnk",39.139
"42107002700","tract",2019,"education_rnk",43.9968
"42107002800","tract",2019,"education_rnk",43.1153
"42107002900","tract",2019,"education_rnk",63.675
"42107003000","tract",2019,"education_rnk",79.1159
"42107003100","tract",2019,"education_rnk",76.7674
"42107003200","tract",2019,"education_rnk",50.828
"42107003300","tract",2019,"education_rnk",35.8426
"42107003400","tract",2019,"education_rnk",63.0247
"42107003500","tract",2019,"education_rnk",57.5181
"42107003600","tract",2019,"education_rnk",34.3687
"42107003700","tract",2019,"education_rnk",40.2914
"42107003800","tract",2019,"education_rnk",35.2107
"42107003900","tract",2019,"education_rnk",42.3451
"42109070100","tract",2019,"education_rnk",69.9983
"42109070200","tract",2019,"education_rnk",50.6545
"42109070300","tract",2019,"education_rnk",33.7057
"42109070400","tract",2019,"education_rnk",20.98
"42109070500","tract",2019,"education_rnk",14.9317
"42109070600","tract",2019,"education_rnk",7.7508
"42109070701","tract",2019,"education_rnk",72.155
"42109980705","tract",2019,"education_rnk",NA
"42111020101","tract",2019,"education_rnk",42.8332
"42111020102","tract",2019,"education_rnk",69.6118
"42111020200","tract",2019,"education_rnk",40.0164
"42111020300","tract",2019,"education_rnk",52.2794
"42111020400","tract",2019,"education_rnk",26.158
"42111020500","tract",2019,"education_rnk",39.8866
"42111020600","tract",2019,"education_rnk",45.8164
"42111020700","tract",2019,"education_rnk",65.4339
"42111020800","tract",2019,"education_rnk",NA
"42111020900","tract",2019,"education_rnk",48.7968
"42111021000","tract",2019,"education_rnk",34.6423
"42111021100","tract",2019,"education_rnk",31.8946
"42111021200","tract",2019,"education_rnk",53.4642
"42111021300","tract",2019,"education_rnk",46.2198
"42111021400","tract",2019,"education_rnk",44.121
"42111021500","tract",2019,"education_rnk",14.0205
"42111021600","tract",2019,"education_rnk",33.583
"42111021700","tract",2019,"education_rnk",9.1119
"42111021800","tract",2019,"education_rnk",42.5581
"42111021901","tract",2019,"education_rnk",46.0731
"42111021902","tract",2019,"education_rnk",38.2673
"42113960100","tract",2019,"education_rnk",34.3292
"42113960200","tract",2019,"education_rnk",75.4189
"42115032000","tract",2019,"education_rnk",62.5226
"42115032100","tract",2019,"education_rnk",51.8041
"42115032200","tract",2019,"education_rnk",32.5985
"42115032300","tract",2019,"education_rnk",39.2956
"42115032400","tract",2019,"education_rnk",57.2204
"42115032500","tract",2019,"education_rnk",51.5078
"42115032600","tract",2019,"education_rnk",55.6562
"42115032700","tract",2019,"education_rnk",34.8384
"42115032800","tract",2019,"education_rnk",39.7004
"42115032901","tract",2019,"education_rnk",57.803
"42115032902","tract",2019,"education_rnk",58.5943
"42117950100","tract",2019,"education_rnk",50.8646
"42117950200","tract",2019,"education_rnk",52.5911
"42117950300","tract",2019,"education_rnk",41.4875
"42117950400","tract",2019,"education_rnk",43.1548
"42117950500","tract",2019,"education_rnk",51.6038
"42117950600","tract",2019,"education_rnk",59.0259
"42117950700","tract",2019,"education_rnk",58.7114
"42117950800","tract",2019,"education_rnk",61.0246
"42117950900","tract",2019,"education_rnk",46.1253
"42117951000","tract",2019,"education_rnk",39.2956
"42119090102","tract",2019,"education_rnk",55.2429
"42119090200","tract",2019,"education_rnk",14.9867
"42119090300","tract",2019,"education_rnk",41.6949
"42119090400","tract",2019,"education_rnk",43.1153
"42119090502","tract",2019,"education_rnk",44.712
"42119090600","tract",2019,"education_rnk",80.9524
"42119090700","tract",2019,"education_rnk",79.4417
"42119980101","tract",2019,"education_rnk",NA
"42119980501","tract",2019,"education_rnk",NA
"42119980800","tract",2019,"education_rnk",NA
"42121200000","tract",2019,"education_rnk",40.6144
"42121200100","tract",2019,"education_rnk",53.2484
"42121200200","tract",2019,"education_rnk",46.5118
"42121200300","tract",2019,"education_rnk",30.0567
"42121200400","tract",2019,"education_rnk",65.0615
"42121200500","tract",2019,"education_rnk",29.7675
"42121200600","tract",2019,"education_rnk",53.7407
"42121200700","tract",2019,"education_rnk",37.3166
"42121200800","tract",2019,"education_rnk",67.9375
"42121200900","tract",2019,"education_rnk",46.5118
"42121201000","tract",2019,"education_rnk",29.6378
"42121201100","tract",2019,"education_rnk",47.5217
"42121201200","tract",2019,"education_rnk",47.4512
"42121201300","tract",2019,"education_rnk",70.6302
"42121201400","tract",2019,"education_rnk",28.6546
"42121201500","tract",2019,"education_rnk",48.5401
"42123970100","tract",2019,"education_rnk",42.5906
"42123970200","tract",2019,"education_rnk",48.6177
"42123970300","tract",2019,"education_rnk",24.2623
"42123970400","tract",2019,"education_rnk",48.1438
"42123970500","tract",2019,"education_rnk",53.3613
"42123970600","tract",2019,"education_rnk",53.0453
"42123970700","tract",2019,"education_rnk",66.6709
"42123970800","tract",2019,"education_rnk",54.3994
"42123970900","tract",2019,"education_rnk",55.0468
"42123971000","tract",2019,"education_rnk",83.7353
"42123971100","tract",2019,"education_rnk",69.3523
"42123971200","tract",2019,"education_rnk",54.4488
"42123971400","tract",2019,"education_rnk",49.3766
"42125704100","tract",2019,"education_rnk",NA
"42125711000","tract",2019,"education_rnk",45.3044
"42125712700","tract",2019,"education_rnk",68.159
"42125713700","tract",2019,"education_rnk",41.7682
"42125714000","tract",2019,"education_rnk",64.9585
"42125715700","tract",2019,"education_rnk",47.6402
"42125721000","tract",2019,"education_rnk",64.9388
"42125722700","tract",2019,"education_rnk",66.905
"42125731000","tract",2019,"education_rnk",60.7298
"42125732000","tract",2019,"education_rnk",66.5609
"42125741100","tract",2019,"education_rnk",66.0869
"42125741300","tract",2019,"education_rnk",86.5818
"42125742100","tract",2019,"education_rnk",71.0111
"42125742200","tract",2019,"education_rnk",54.4798
"42125743700","tract",2019,"education_rnk",48.8815
"42125744100","tract",2019,"education_rnk",38.4084
"42125744200","tract",2019,"education_rnk",74.5063
"42125745100","tract",2019,"education_rnk",87.2165
"42125745200","tract",2019,"education_rnk",82.6126
"42125746100","tract",2019,"education_rnk",79.6434
"42125746200","tract",2019,"education_rnk",79.3246
"42125746301","tract",2019,"education_rnk",92.41
"42125746302","tract",2019,"education_rnk",88.1827
"42125751100","tract",2019,"education_rnk",77.9762
"42125751200","tract",2019,"education_rnk",69.1647
"42125752700","tract",2019,"education_rnk",72.9519
"42125753700","tract",2019,"education_rnk",82.1471
"42125754200","tract",2019,"education_rnk",56.2133
"42125754300","tract",2019,"education_rnk",35.4801
"42125754400","tract",2019,"education_rnk",42.0179
"42125754500","tract",2019,"education_rnk",81.4926
"42125754600","tract",2019,"education_rnk",48.282
"42125755100","tract",2019,"education_rnk",82.4362
"42125755200","tract",2019,"education_rnk",59.2995
"42125755700","tract",2019,"education_rnk",66.235
"42125761000","tract",2019,"education_rnk",67.52
"42125762000","tract",2019,"education_rnk",56.683
"42125763700","tract",2019,"education_rnk",49.6304
"42125764000","tract",2019,"education_rnk",57.7014
"42125771100","tract",2019,"education_rnk",76.1256
"42125771200","tract",2019,"education_rnk",83.5491
"42125772700","tract",2019,"education_rnk",40.8006
"42125773100","tract",2019,"education_rnk",45.0406
"42125773200","tract",2019,"education_rnk",57.559
"42125774700","tract",2019,"education_rnk",68.135
"42125775200","tract",2019,"education_rnk",27.4557
"42125775300","tract",2019,"education_rnk",17.2154
"42125781700","tract",2019,"education_rnk",72.8504
"42125782700","tract",2019,"education_rnk",47.2199
"42125783200","tract",2019,"education_rnk",29.8042
"42125783300","tract",2019,"education_rnk",30.0003
"42125784000","tract",2019,"education_rnk",67.1251
"42125791000","tract",2019,"education_rnk",57.4659
"42125792100","tract",2019,"education_rnk",41.5679
"42125792200","tract",2019,"education_rnk",NA
"42125795700","tract",2019,"education_rnk",33.5364
"42125795800","tract",2019,"education_rnk",78.3302
"42125795900","tract",2019,"education_rnk",57.8904
"42125796000","tract",2019,"education_rnk",42.1039
"42127960100","tract",2019,"education_rnk",51.4345
"42127960200","tract",2019,"education_rnk",47.4724
"42127960300","tract",2019,"education_rnk",56.6421
"42127960400","tract",2019,"education_rnk",65.8006
"42127960500","tract",2019,"education_rnk",70.5343
"42127960600","tract",2019,"education_rnk",55.4446
"42127960700","tract",2019,"education_rnk",53.1201
"42127960800","tract",2019,"education_rnk",38.1968
"42127960900","tract",2019,"education_rnk",NA
"42127961000","tract",2019,"education_rnk",68.2126
"42127961100","tract",2019,"education_rnk",69.2112
"42127961200","tract",2019,"education_rnk",70.9702
"42127961300","tract",2019,"education_rnk",61.0669
"42127961400","tract",2019,"education_rnk",59.3292
"42129800100","tract",2019,"education_rnk",28.8888
"42129800200","tract",2019,"education_rnk",38.3576
"42129800300","tract",2019,"education_rnk",42.2563
"42129800400","tract",2019,"education_rnk",59.2572
"42129800500","tract",2019,"education_rnk",84.7706
"42129800600","tract",2019,"education_rnk",13.8908
"42129800700","tract",2019,"education_rnk",20.6048
"42129800800","tract",2019,"education_rnk",76.1383
"42129800900","tract",2019,"education_rnk",24.622
"42129801001","tract",2019,"education_rnk",69.5836
"42129801002","tract",2019,"education_rnk",45.8982
"42129801100","tract",2019,"education_rnk",70.705
"42129801200","tract",2019,"education_rnk",79.477
"42129801300","tract",2019,"education_rnk",80.2852
"42129801400","tract",2019,"education_rnk",35.3222
"42129801500","tract",2019,"education_rnk",51.4655
"42129801600","tract",2019,"education_rnk",42.9954
"42129801701","tract",2019,"education_rnk",66.235
"42129801702","tract",2019,"education_rnk",69.8615
"42129801703","tract",2019,"education_rnk",61.1614
"42129801800","tract",2019,"education_rnk",55.1695
"42129801900","tract",2019,"education_rnk",52.8182
"42129802001","tract",2019,"education_rnk",87.6947
"42129802002","tract",2019,"education_rnk",75.2934
"42129802101","tract",2019,"education_rnk",84.1825
"42129802102","tract",2019,"education_rnk",93.7387
"42129802103","tract",2019,"education_rnk",97.8574
"42129802200","tract",2019,"education_rnk",70.6824
"42129802301","tract",2019,"education_rnk",73.5796
"42129802303","tract",2019,"education_rnk",89.9543
"42129802304","tract",2019,"education_rnk",86.5394
"42129802400","tract",2019,"education_rnk",78.1088
"42129802500","tract",2019,"education_rnk",60.191
"42129802600","tract",2019,"education_rnk",36.1812
"42129802700","tract",2019,"education_rnk",54.7492
"42129802800","tract",2019,"education_rnk",41.8261
"42129802900","tract",2019,"education_rnk",76.883
"42129803000","tract",2019,"education_rnk",66.4692
"42129803100","tract",2019,"education_rnk",73.1917
"42129803200","tract",2019,"education_rnk",76.9846
"42129803301","tract",2019,"education_rnk",72.2551
"42129803302","tract",2019,"education_rnk",74.7997
"42129803400","tract",2019,"education_rnk",79.8804
"42129803501","tract",2019,"education_rnk",84.9681
"42129803502","tract",2019,"education_rnk",69.9983
"42129803600","tract",2019,"education_rnk",94.2423
"42129803700","tract",2019,"education_rnk",72.9209
"42129803800","tract",2019,"education_rnk",84.7171
"42129803901","tract",2019,"education_rnk",80.549
"42129803902","tract",2019,"education_rnk",52.9
"42129804000","tract",2019,"education_rnk",50.3272
"42129804100","tract",2019,"education_rnk",39.4084
"42129804200","tract",2019,"education_rnk",62.0275
"42129804300","tract",2019,"education_rnk",67.5877
"42129804400","tract",2019,"education_rnk",59.6705
"42129804501","tract",2019,"education_rnk",63.0811
"42129804502","tract",2019,"education_rnk",83.6775
"42129804600","tract",2019,"education_rnk",66.0446
"42129804701","tract",2019,"education_rnk",82.2585
"42129804702","tract",2019,"education_rnk",65.2251
"42129804801","tract",2019,"education_rnk",63.7497
"42129804802","tract",2019,"education_rnk",78.9692
"42129804900","tract",2019,"education_rnk",74.2919
"42129805000","tract",2019,"education_rnk",54.1808
"42129805100","tract",2019,"education_rnk",72.0788
"42129805200","tract",2019,"education_rnk",41.3944
"42129805400","tract",2019,"education_rnk",33.133
"42129805500","tract",2019,"education_rnk",69.9687
"42129805600","tract",2019,"education_rnk",64.5128
"42129805800","tract",2019,"education_rnk",83.9991
"42129805901","tract",2019,"education_rnk",85.8977
"42129805902","tract",2019,"education_rnk",84.2516
"42129806000","tract",2019,"education_rnk",41.118
"42129806100","tract",2019,"education_rnk",71.0336
"42129806200","tract",2019,"education_rnk",66.6963
"42129806300","tract",2019,"education_rnk",62.7581
"42129806400","tract",2019,"education_rnk",59.4166
"42129806500","tract",2019,"education_rnk",70.2564
"42129806600","tract",2019,"education_rnk",54.3218
"42129806700","tract",2019,"education_rnk",54.0524
"42129806800","tract",2019,"education_rnk",45.1831
"42129806900","tract",2019,"education_rnk",63.5029
"42129807000","tract",2019,"education_rnk",49.1918
"42129807100","tract",2019,"education_rnk",67.6808
"42129807200","tract",2019,"education_rnk",77.4331
"42129807300","tract",2019,"education_rnk",63.5353
"42129807401","tract",2019,"education_rnk",66.4833
"42129807402","tract",2019,"education_rnk",66.8373
"42129807500","tract",2019,"education_rnk",53.8676
"42129807600","tract",2019,"education_rnk",50.9888
"42129807700","tract",2019,"education_rnk",63.2208
"42129807800","tract",2019,"education_rnk",57.779
"42129807900","tract",2019,"education_rnk",60.8567
"42129808100","tract",2019,"education_rnk",45.2381
"42129808200","tract",2019,"education_rnk",60.4957
"42129808300","tract",2019,"education_rnk",41.4368
"42129808401","tract",2019,"education_rnk",77.4331
"42129808402","tract",2019,"education_rnk",85.9371
"42129808500","tract",2019,"education_rnk",76.5318
"42129808600","tract",2019,"education_rnk",55.1343
"42131400100","tract",2019,"education_rnk",35.4801
"42131400200","tract",2019,"education_rnk",50.3879
"42131400300","tract",2019,"education_rnk",52.57
"42131400400","tract",2019,"education_rnk",65.7428
"42131400500","tract",2019,"education_rnk",60.2234
"42131400600","tract",2019,"education_rnk",47.4173
"42131400700","tract",2019,"education_rnk",57.3897
"42133000100","tract",2019,"education_rnk",15.2449
"42133000200","tract",2019,"education_rnk",6.2288
"42133000300","tract",2019,"education_rnk",10.3955
"42133000400","tract",2019,"education_rnk",24.0394
"42133000500","tract",2019,"education_rnk",5.8184
"42133000600","tract",2019,"education_rnk",22.7206
"42133000700","tract",2019,"education_rnk",1.6813
"42133000800","tract",2019,"education_rnk",25.237
"42133000900","tract",2019,"education_rnk",13.3096
"42133001000","tract",2019,"education_rnk",11.531
"42133001100","tract",2019,"education_rnk",5.8452
"42133001200","tract",2019,"education_rnk",7.3685
"42133001300","tract",2019,"education_rnk",31.7789
"42133001400","tract",2019,"education_rnk",37.9048
"42133001500","tract",2019,"education_rnk",6.542
"42133001600","tract",2019,"education_rnk",20.6965
"42133010110","tract",2019,"education_rnk",NA
"42133010120","tract",2019,"education_rnk",63.1756
"42133010130","tract",2019,"education_rnk",66.4396
"42133010210","tract",2019,"education_rnk",50.7814
"42133010220","tract",2019,"education_rnk",72.1719
"42133010300","tract",2019,"education_rnk",63.9021
"42133010400","tract",2019,"education_rnk",49.0098
"42133010510","tract",2019,"education_rnk",NA
"42133010520","tract",2019,"education_rnk",76.347
"42133020100","tract",2019,"education_rnk",74.6742
"42133020220","tract",2019,"education_rnk",83.4307
"42133020221","tract",2019,"education_rnk",76.7829
"42133020222","tract",2019,"education_rnk",76.2568
"42133020310","tract",2019,"education_rnk",71.6952
"42133020320","tract",2019,"education_rnk",48.6769
"42133020410","tract",2019,"education_rnk",63.5353
"42133020420","tract",2019,"education_rnk",68.3085
"42133020510","tract",2019,"education_rnk",65.1306
"42133020521","tract",2019,"education_rnk",45.1563
"42133020522","tract",2019,"education_rnk",62.4901
"42133020600","tract",2019,"education_rnk",53.5616
"42133020710","tract",2019,"education_rnk",51.6954
"42133020720","tract",2019,"education_rnk",52.381
"42133020800","tract",2019,"education_rnk",45.633
"42133020910","tract",2019,"education_rnk",51.0466
"42133020921","tract",2019,"education_rnk",58.7114
"42133020922","tract",2019,"education_rnk",67.4312
"42133021010","tract",2019,"education_rnk",55.3995
"42133021020","tract",2019,"education_rnk",47.8137
"42133021100","tract",2019,"education_rnk",59.6127
"42133021210","tract",2019,"education_rnk",66.4396
"42133021220","tract",2019,"education_rnk",72.4653
"42133021300","tract",2019,"education_rnk",18.8205
"42133021410","tract",2019,"education_rnk",72.0788
"42133021420","tract",2019,"education_rnk",61.7256
"42133021500","tract",2019,"education_rnk",61.8596
"42133021600","tract",2019,"education_rnk",43.8473
"42133021711","tract",2019,"education_rnk",51.6954
"42133021712","tract",2019,"education_rnk",60.6268
"42133021720","tract",2019,"education_rnk",60.0133
"42133021801","tract",2019,"education_rnk",69.8925
"42133021802","tract",2019,"education_rnk",68.7754
"42133021900","tract",2019,"education_rnk",34.387
"42133022000","tract",2019,"education_rnk",49.6643
"42133022100","tract",2019,"education_rnk",16.6102
"42133022200","tract",2019,"education_rnk",72.4343
"42133022300","tract",2019,"education_rnk",43.9461
"42133022401","tract",2019,"education_rnk",70.3777
"42133022402","tract",2019,"education_rnk",63.3252
"42133022500","tract",2019,"education_rnk",51.3217
"42133022600","tract",2019,"education_rnk",75.048
"42133022700","tract",2019,"education_rnk",77.8126
"42133022800","tract",2019,"education_rnk",55.6802
"42133022910","tract",2019,"education_rnk",63.1982
"42133022920","tract",2019,"education_rnk",56.3882
"42133023000","tract",2019,"education_rnk",52.0114
"42133023100","tract",2019,"education_rnk",32.8185
"42133023200","tract",2019,"education_rnk",50.4316
"42133023301","tract",2019,"education_rnk",77.23
"42133023302","tract",2019,"education_rnk",56.2133
"42133023400","tract",2019,"education_rnk",70.7952
"42133023500","tract",2019,"education_rnk",64.115
"42133023601","tract",2019,"education_rnk",43.4806
"42133023602","tract",2019,"education_rnk",46.382
"42133023710","tract",2019,"education_rnk",66.2802
"42133023721","tract",2019,"education_rnk",21.6387
"42133023722","tract",2019,"education_rnk",30.3064
"42133023810","tract",2019,"education_rnk",59.5831
"42133023821","tract",2019,"education_rnk",65.2477
"42133023822","tract",2019,"education_rnk",74.5359
"42133023901","tract",2019,"education_rnk",81.9115
"42133023902","tract",2019,"education_rnk",68.585
"42133024001","tract",2019,"education_rnk",36.1346
"42133024002","tract",2019,"education_rnk",56.7578
"42001030101","tract",2019,"education_state_rnk",31.7919
"42001030102","tract",2019,"education_state_rnk",41.5864
"42001030200","tract",2019,"education_state_rnk",10.4046
"42001030300","tract",2019,"education_state_rnk",31.3584
"42001030400","tract",2019,"education_state_rnk",17.9351
"42001030500","tract",2019,"education_state_rnk",25.0482
"42001030600","tract",2019,"education_state_rnk",29.2389
"42001030700","tract",2019,"education_state_rnk",18.7219
"42001030800","tract",2019,"education_state_rnk",36.6891
"42001030900","tract",2019,"education_state_rnk",25.2087
"42001031000","tract",2019,"education_state_rnk",41.3455
"42001031101","tract",2019,"education_state_rnk",36.6891
"42001031102","tract",2019,"education_state_rnk",46.9653
"42001031201","tract",2019,"education_state_rnk",85.517
"42001031202","tract",2019,"education_state_rnk",41.7951
"42001031203","tract",2019,"education_state_rnk",42.052
"42001031300","tract",2019,"education_state_rnk",18.5934
"42001031401","tract",2019,"education_state_rnk",61.4322
"42001031402","tract",2019,"education_state_rnk",73.3622
"42001031501","tract",2019,"education_state_rnk",NA
"42001031502","tract",2019,"education_state_rnk",25.6423
"42001031600","tract",2019,"education_state_rnk",74.7913
"42001031700","tract",2019,"education_state_rnk",31.1015
"42003010300","tract",2019,"education_state_rnk",NA
"42003020100","tract",2019,"education_state_rnk",94.589
"42003020300","tract",2019,"education_state_rnk",99.9679
"42003030500","tract",2019,"education_state_rnk",26.5414
"42003040200","tract",2019,"education_state_rnk",26.7341
"42003040400","tract",2019,"education_state_rnk",88.5356
"42003040500","tract",2019,"education_state_rnk",15.8638
"42003040600","tract",2019,"education_state_rnk",5.9088
"42003040900","tract",2019,"education_state_rnk",44.5087
"42003050100","tract",2019,"education_state_rnk",39.9807
"42003050600","tract",2019,"education_state_rnk",85.1317
"42003050900","tract",2019,"education_state_rnk",17.887
"42003051000","tract",2019,"education_state_rnk",NA
"42003051100","tract",2019,"education_state_rnk",0.9955
"42003060300","tract",2019,"education_state_rnk",97.0135
"42003060500","tract",2019,"education_state_rnk",77.8581
"42003070300","tract",2019,"education_state_rnk",93.7058
"42003070500","tract",2019,"education_state_rnk",97.8805
"42003070600","tract",2019,"education_state_rnk",97.431
"42003070800","tract",2019,"education_state_rnk",99.0687
"42003070900","tract",2019,"education_state_rnk",90.3821
"42003080200","tract",2019,"education_state_rnk",84.8426
"42003080400","tract",2019,"education_state_rnk",91.8433
"42003080600","tract",2019,"education_state_rnk",89.9326
"42003080700","tract",2019,"education_state_rnk",95.4881
"42003080900","tract",2019,"education_state_rnk",97.5112
"42003090100","tract",2019,"education_state_rnk",96.7566
"42003090200","tract",2019,"education_state_rnk",95.7932
"42003090300","tract",2019,"education_state_rnk",89.5311
"42003100500","tract",2019,"education_state_rnk",79.6564
"42003101100","tract",2019,"education_state_rnk",72.447
"42003101400","tract",2019,"education_state_rnk",85.0514
"42003101600","tract",2019,"education_state_rnk",21.8529
"42003101700","tract",2019,"education_state_rnk",66.9075
"42003101800","tract",2019,"education_state_rnk",89.7559
"42003110200","tract",2019,"education_state_rnk",97.6557
"42003110600","tract",2019,"education_state_rnk",98.5228
"42003111300","tract",2019,"education_state_rnk",82.7392
"42003111400","tract",2019,"education_state_rnk",51.6699
"42003111500","tract",2019,"education_state_rnk",55.684
"42003120300","tract",2019,"education_state_rnk",27.6172
"42003120400","tract",2019,"education_state_rnk",12.3635
"42003120700","tract",2019,"education_state_rnk",2.1355
"42003120800","tract",2019,"education_state_rnk",15.8317
"42003130100","tract",2019,"education_state_rnk",6.3905
"42003130200","tract",2019,"education_state_rnk",78.4843
"42003130300","tract",2019,"education_state_rnk",7.9961
"42003130400","tract",2019,"education_state_rnk",3.7893
"42003130600","tract",2019,"education_state_rnk",67.7585
"42003140100","tract",2019,"education_state_rnk",NA
"42003140200","tract",2019,"education_state_rnk",93.8343
"42003140300","tract",2019,"education_state_rnk",97.9127
"42003140400","tract",2019,"education_state_rnk",97.5594
"42003140500","tract",2019,"education_state_rnk",86.2235
"42003140600","tract",2019,"education_state_rnk",98.3622
"42003140800","tract",2019,"education_state_rnk",87.5562
"42003141000","tract",2019,"education_state_rnk",99.4862
"42003141100","tract",2019,"education_state_rnk",81.8882
"42003141300","tract",2019,"education_state_rnk",87.3956
"42003141400","tract",2019,"education_state_rnk",97.1419
"42003151600","tract",2019,"education_state_rnk",86.3038
"42003151700","tract",2019,"education_state_rnk",86.8818
"42003160800","tract",2019,"education_state_rnk",84.8105
"42003160900","tract",2019,"education_state_rnk",95.0706
"42003170200","tract",2019,"education_state_rnk",95.6005
"42003170600","tract",2019,"education_state_rnk",89.8844
"42003180300","tract",2019,"education_state_rnk",25.7065
"42003180700","tract",2019,"education_state_rnk",68.754
"42003190300","tract",2019,"education_state_rnk",97.0777
"42003191100","tract",2019,"education_state_rnk",93.2884
"42003191400","tract",2019,"education_state_rnk",93.738
"42003191500","tract",2019,"education_state_rnk",88.7925
"42003191600","tract",2019,"education_state_rnk",47.1098
"42003191700","tract",2019,"education_state_rnk",77.0552
"42003191800","tract",2019,"education_state_rnk",56.1496
"42003191900","tract",2019,"education_state_rnk",72.8805
"42003192000","tract",2019,"education_state_rnk",57.5466
"42003202200","tract",2019,"education_state_rnk",29.9615
"42003202300","tract",2019,"education_state_rnk",96.6281
"42003210700","tract",2019,"education_state_rnk",79.9294
"42003220600","tract",2019,"education_state_rnk",92.1323
"42003240600","tract",2019,"education_state_rnk",93.6416
"42003241200","tract",2019,"education_state_rnk",47.3346
"42003250300","tract",2019,"education_state_rnk",95.2473
"42003250700","tract",2019,"education_state_rnk",55.3629
"42003250900","tract",2019,"education_state_rnk",66.1529
"42003260200","tract",2019,"education_state_rnk",65.9923
"42003260700","tract",2019,"education_state_rnk",90.639
"42003260900","tract",2019,"education_state_rnk",5.2023
"42003261200","tract",2019,"education_state_rnk",95.2152
"42003261400","tract",2019,"education_state_rnk",43.2723
"42003261500","tract",2019,"education_state_rnk",25.562
"42003262000","tract",2019,"education_state_rnk",62.1869
"42003270100","tract",2019,"education_state_rnk",51.8465
"42003270300","tract",2019,"education_state_rnk",41.49
"42003270400","tract",2019,"education_state_rnk",67.3732
"42003270800","tract",2019,"education_state_rnk",91.9717
"42003271500","tract",2019,"education_state_rnk",27.9062
"42003281400","tract",2019,"education_state_rnk",16.7148
"42003281500","tract",2019,"education_state_rnk",66.8112
"42003290100","tract",2019,"education_state_rnk",19.9101
"42003290200","tract",2019,"education_state_rnk",8.2852
"42003290400","tract",2019,"education_state_rnk",38.4072
"42003300100","tract",2019,"education_state_rnk",4.817
"42003310200","tract",2019,"education_state_rnk",57.5145
"42003310300","tract",2019,"education_state_rnk",78.7572
"42003320400","tract",2019,"education_state_rnk",52.4566
"42003320600","tract",2019,"education_state_rnk",67.2768
"42003320700","tract",2019,"education_state_rnk",59.6339
"42003401100","tract",2019,"education_state_rnk",33.9917
"42003401200","tract",2019,"education_state_rnk",16.8915
"42003401300","tract",2019,"education_state_rnk",64.21
"42003402000","tract",2019,"education_state_rnk",59.361
"42003403500","tract",2019,"education_state_rnk",33.7187
"42003404000","tract",2019,"education_state_rnk",49.9358
"42003405000","tract",2019,"education_state_rnk",68.6416
"42003406000","tract",2019,"education_state_rnk",61.9139
"42003407001","tract",2019,"education_state_rnk",56.5671
"42003407002","tract",2019,"education_state_rnk",65.639
"42003408001","tract",2019,"education_state_rnk",95.9859
"42003408002","tract",2019,"education_state_rnk",83.8793
"42003409000","tract",2019,"education_state_rnk",92.4374
"42003410000","tract",2019,"education_state_rnk",78.2274
"42003411000","tract",2019,"education_state_rnk",87.508
"42003412001","tract",2019,"education_state_rnk",93.0475
"42003412002","tract",2019,"education_state_rnk",86.5928
"42003413100","tract",2019,"education_state_rnk",85.517
"42003413201","tract",2019,"education_state_rnk",92.1323
"42003413202","tract",2019,"education_state_rnk",87.1548
"42003413300","tract",2019,"education_state_rnk",88.5838
"42003413400","tract",2019,"education_state_rnk",84.6179
"42003413500","tract",2019,"education_state_rnk",75
"42003414101","tract",2019,"education_state_rnk",84.939
"42003414102","tract",2019,"education_state_rnk",79.0944
"42003414200","tract",2019,"education_state_rnk",71.4033
"42003415001","tract",2019,"education_state_rnk",79.9936
"42003415002","tract",2019,"education_state_rnk",77.6814
"42003416000","tract",2019,"education_state_rnk",76.9268
"42003417100","tract",2019,"education_state_rnk",72.3667
"42003417200","tract",2019,"education_state_rnk",55.0417
"42003418000","tract",2019,"education_state_rnk",84.3931
"42003419000","tract",2019,"education_state_rnk",81.6313
"42003420000","tract",2019,"education_state_rnk",47.9127
"42003421100","tract",2019,"education_state_rnk",89.4027
"42003421200","tract",2019,"education_state_rnk",90.8799
"42003422000","tract",2019,"education_state_rnk",88.4554
"42003423000","tract",2019,"education_state_rnk",92.3089
"42003424000","tract",2019,"education_state_rnk",23.4746
"42003425000","tract",2019,"education_state_rnk",73.7958
"42003426300","tract",2019,"education_state_rnk",90.4303
"42003426400","tract",2019,"education_state_rnk",94.0591
"42003426700","tract",2019,"education_state_rnk",70.6808
"42003426800","tract",2019,"education_state_rnk",88.6641
"42003427000","tract",2019,"education_state_rnk",22.3667
"42003427100","tract",2019,"education_state_rnk",70.8253
"42003427200","tract",2019,"education_state_rnk",79.6082
"42003428100","tract",2019,"education_state_rnk",60.4046
"42003428200","tract",2019,"education_state_rnk",57.948
"42003429100","tract",2019,"education_state_rnk",69.5729
"42003429201","tract",2019,"education_state_rnk",92.0199
"42003429202","tract",2019,"education_state_rnk",88.5838
"42003429300","tract",2019,"education_state_rnk",85.9505
"42003429400","tract",2019,"education_state_rnk",83.6705
"42003429500","tract",2019,"education_state_rnk",97.2704
"42003429600","tract",2019,"education_state_rnk",92.2608
"42003429700","tract",2019,"education_state_rnk",78.6769
"42003430100","tract",2019,"education_state_rnk",70.1188
"42003430200","tract",2019,"education_state_rnk",72.1259
"42003431100","tract",2019,"education_state_rnk",82.2254
"42003431400","tract",2019,"education_state_rnk",75.4656
"42003431500","tract",2019,"education_state_rnk",87.4759
"42003432300","tract",2019,"education_state_rnk",86.352
"42003432400","tract",2019,"education_state_rnk",89.8202
"42003434000","tract",2019,"education_state_rnk",83.1246
"42003435000","tract",2019,"education_state_rnk",57.4342
"42003437000","tract",2019,"education_state_rnk",93.2402
"42003439000","tract",2019,"education_state_rnk",89.5954
"42003445500","tract",2019,"education_state_rnk",90.639
"42003446000","tract",2019,"education_state_rnk",93.192
"42003447000","tract",2019,"education_state_rnk",64.2742
"42003448000","tract",2019,"education_state_rnk",39.21
"42003449000","tract",2019,"education_state_rnk",46.0501
"42003450700","tract",2019,"education_state_rnk",75.9473
"42003450800","tract",2019,"education_state_rnk",34.5376
"42003451101","tract",2019,"education_state_rnk",89.6275
"42003451102","tract",2019,"education_state_rnk",59.4412
"42003451104","tract",2019,"education_state_rnk",87.203
"42003451105","tract",2019,"education_state_rnk",78.5806
"42003451300","tract",2019,"education_state_rnk",66.201
"42003452000","tract",2019,"education_state_rnk",79.3834
"42003453003","tract",2019,"education_state_rnk",65.3179
"42003453004","tract",2019,"education_state_rnk",85.8703
"42003455000","tract",2019,"education_state_rnk",67.4534
"42003456001","tract",2019,"education_state_rnk",73.298
"42003456003","tract",2019,"education_state_rnk",48.1053
"42003456004","tract",2019,"education_state_rnk",83.9435
"42003457100","tract",2019,"education_state_rnk",71.2749
"42003457200","tract",2019,"education_state_rnk",71.6442
"42003458000","tract",2019,"education_state_rnk",89.7881
"42003459101","tract",2019,"education_state_rnk",44.9904
"42003459102","tract",2019,"education_state_rnk",94.2518
"42003459201","tract",2019,"education_state_rnk",93.6095
"42003459202","tract",2019,"education_state_rnk",97.3025
"42003460001","tract",2019,"education_state_rnk",75.5138
"42003460002","tract",2019,"education_state_rnk",87.1066
"42003461000","tract",2019,"education_state_rnk",53.6127
"42003462100","tract",2019,"education_state_rnk",21.7405
"42003462600","tract",2019,"education_state_rnk",26.0918
"42003463900","tract",2019,"education_state_rnk",23.3783
"42003464300","tract",2019,"education_state_rnk",63.4393
"42003464400","tract",2019,"education_state_rnk",10.3404
"42003465600","tract",2019,"education_state_rnk",54.7848
"42003465800","tract",2019,"education_state_rnk",77.4566
"42003468700","tract",2019,"education_state_rnk",62.7649
"42003468800","tract",2019,"education_state_rnk",59.666
"42003468900","tract",2019,"education_state_rnk",76.7983
"42003469000","tract",2019,"education_state_rnk",91.5703
"42003470300","tract",2019,"education_state_rnk",81.4066
"42003470400","tract",2019,"education_state_rnk",91.0083
"42003470501","tract",2019,"education_state_rnk",96.2428
"42003470502","tract",2019,"education_state_rnk",91.9075
"42003470600","tract",2019,"education_state_rnk",57.6429
"42003471000","tract",2019,"education_state_rnk",59.6018
"42003472100","tract",2019,"education_state_rnk",78.9981
"42003472200","tract",2019,"education_state_rnk",88.1824
"42003472300","tract",2019,"education_state_rnk",90.0128
"42003472400","tract",2019,"education_state_rnk",86.9782
"42003473100","tract",2019,"education_state_rnk",87.9255
"42003473200","tract",2019,"education_state_rnk",89.1137
"42003473300","tract",2019,"education_state_rnk",85.6134
"42003473401","tract",2019,"education_state_rnk",85.6455
"42003473402","tract",2019,"education_state_rnk",83.4618
"42003473500","tract",2019,"education_state_rnk",90.639
"42003473601","tract",2019,"education_state_rnk",93.4329
"42003473602","tract",2019,"education_state_rnk",92.7425
"42003474101","tract",2019,"education_state_rnk",71.8048
"42003474102","tract",2019,"education_state_rnk",72.8003
"42003474201","tract",2019,"education_state_rnk",97.1741
"42003474202","tract",2019,"education_state_rnk",89.6596
"42003474203","tract",2019,"education_state_rnk",83.9756
"42003475101","tract",2019,"education_state_rnk",74.8234
"42003475102","tract",2019,"education_state_rnk",78.9178
"42003475200","tract",2019,"education_state_rnk",83.8471
"42003475301","tract",2019,"education_state_rnk",63.0379
"42003475303","tract",2019,"education_state_rnk",78.131
"42003475304","tract",2019,"education_state_rnk",83.7347
"42003475401","tract",2019,"education_state_rnk",82.8195
"42003475402","tract",2019,"education_state_rnk",92.5819
"42003476100","tract",2019,"education_state_rnk",46.58
"42003476200","tract",2019,"education_state_rnk",79.7206
"42003477100","tract",2019,"education_state_rnk",90.2376
"42003477200","tract",2019,"education_state_rnk",82.5305
"42003477300","tract",2019,"education_state_rnk",40.7354
"42003478100","tract",2019,"education_state_rnk",53.2595
"42003478200","tract",2019,"education_state_rnk",34.6018
"42003479000","tract",2019,"education_state_rnk",63.7444
"42003480101","tract",2019,"education_state_rnk",22.5112
"42003480102","tract",2019,"education_state_rnk",69.4605
"42003480200","tract",2019,"education_state_rnk",47.1098
"42003480300","tract",2019,"education_state_rnk",65.4143
"42003480400","tract",2019,"education_state_rnk",54.7848
"42003481000","tract",2019,"education_state_rnk",17.0199
"42003482500","tract",2019,"education_state_rnk",72.5112
"42003483800","tract",2019,"education_state_rnk",34.4412
"42003484300","tract",2019,"education_state_rnk",68.4811
"42003484500","tract",2019,"education_state_rnk",72.7039
"42003484600","tract",2019,"education_state_rnk",66.0886
"42003485000","tract",2019,"education_state_rnk",31.262
"42003486700","tract",2019,"education_state_rnk",14.1297
"42003486800","tract",2019,"education_state_rnk",18.4971
"42003486900","tract",2019,"education_state_rnk",8.4939
"42003487000","tract",2019,"education_state_rnk",66.1207
"42003488100","tract",2019,"education_state_rnk",67.8388
"42003488200","tract",2019,"education_state_rnk",34.955
"42003488300","tract",2019,"education_state_rnk",61.5286
"42003488400","tract",2019,"education_state_rnk",44.9261
"42003488500","tract",2019,"education_state_rnk",64.8683
"42003488600","tract",2019,"education_state_rnk",73.9884
"42003489001","tract",2019,"education_state_rnk",60.3243
"42003489002","tract",2019,"education_state_rnk",80.3308
"42003490002","tract",2019,"education_state_rnk",60.6455
"42003490003","tract",2019,"education_state_rnk",75.9955
"42003490004","tract",2019,"education_state_rnk",70.5845
"42003491101","tract",2019,"education_state_rnk",71.885
"42003491200","tract",2019,"education_state_rnk",73.025
"42003492700","tract",2019,"education_state_rnk",34.3288
"42003492800","tract",2019,"education_state_rnk",40.8799
"42003492900","tract",2019,"education_state_rnk",24.4059
"42003494000","tract",2019,"education_state_rnk",45.745
"42003495000","tract",2019,"education_state_rnk",49.3096
"42003496101","tract",2019,"education_state_rnk",69.4926
"42003496102","tract",2019,"education_state_rnk",75.5941
"42003496200","tract",2019,"education_state_rnk",59.0238
"42003497000","tract",2019,"education_state_rnk",67.3089
"42003498000","tract",2019,"education_state_rnk",63.4875
"42003499300","tract",2019,"education_state_rnk",33.8471
"42003499400","tract",2019,"education_state_rnk",63.6641
"42003500300","tract",2019,"education_state_rnk",73.2338
"42003501000","tract",2019,"education_state_rnk",30.4271
"42003503002","tract",2019,"education_state_rnk",66.2974
"42003504100","tract",2019,"education_state_rnk",50.3532
"42003507000","tract",2019,"education_state_rnk",77.2961
"42003508000","tract",2019,"education_state_rnk",8.4136
"42003509400","tract",2019,"education_state_rnk",24.3577
"42003510000","tract",2019,"education_state_rnk",33.0122
"42003512000","tract",2019,"education_state_rnk",18.9467
"42003512800","tract",2019,"education_state_rnk",20.3597
"42003512900","tract",2019,"education_state_rnk",13.9371
"42003513800","tract",2019,"education_state_rnk",7.097
"42003514000","tract",2019,"education_state_rnk",19.1233
"42003515100","tract",2019,"education_state_rnk",61.7855
"42003515200","tract",2019,"education_state_rnk",75.3854
"42003515300","tract",2019,"education_state_rnk",53.6127
"42003515401","tract",2019,"education_state_rnk",93.1118
"42003516100","tract",2019,"education_state_rnk",99.2935
"42003516200","tract",2019,"education_state_rnk",97.3667
"42003517000","tract",2019,"education_state_rnk",80.4753
"42003518001","tract",2019,"education_state_rnk",98.7797
"42003519000","tract",2019,"education_state_rnk",95.8574
"42003520001","tract",2019,"education_state_rnk",89.6917
"42003520002","tract",2019,"education_state_rnk",77.8581
"42003521100","tract",2019,"education_state_rnk",76.975
"42003521200","tract",2019,"education_state_rnk",60.1477
"42003521301","tract",2019,"education_state_rnk",85.5812
"42003521302","tract",2019,"education_state_rnk",82.8677
"42003521401","tract",2019,"education_state_rnk",89.1458
"42003521402","tract",2019,"education_state_rnk",92.2286
"42003521500","tract",2019,"education_state_rnk",78.966
"42003522000","tract",2019,"education_state_rnk",13.6641
"42003523100","tract",2019,"education_state_rnk",49.5825
"42003523200","tract",2019,"education_state_rnk",73.6994
"42003523300","tract",2019,"education_state_rnk",44.4605
"42003523400","tract",2019,"education_state_rnk",73.5389
"42003523501","tract",2019,"education_state_rnk",56.7759
"42003523502","tract",2019,"education_state_rnk",52.6493
"42003523600","tract",2019,"education_state_rnk",81.1175
"42003523701","tract",2019,"education_state_rnk",72.1741
"42003523702","tract",2019,"education_state_rnk",58.3654
"42003523800","tract",2019,"education_state_rnk",74.8555
"42003524000","tract",2019,"education_state_rnk",65.2055
"42003525100","tract",2019,"education_state_rnk",89.4348
"42003525200","tract",2019,"education_state_rnk",89.21
"42003525300","tract",2019,"education_state_rnk",79.9615
"42003526101","tract",2019,"education_state_rnk",81.9364
"42003526102","tract",2019,"education_state_rnk",61.657
"42003526201","tract",2019,"education_state_rnk",76.1561
"42003526202","tract",2019,"education_state_rnk",58.5581
"42003526301","tract",2019,"education_state_rnk",74.5022
"42003526302","tract",2019,"education_state_rnk",62.4759
"42003550900","tract",2019,"education_state_rnk",36.641
"42003551200","tract",2019,"education_state_rnk",23.571
"42003551300","tract",2019,"education_state_rnk",37.5723
"42003551900","tract",2019,"education_state_rnk",26.9107
"42003552000","tract",2019,"education_state_rnk",37.7168
"42003552100","tract",2019,"education_state_rnk",NA
"42003552200","tract",2019,"education_state_rnk",63.6159
"42003552300","tract",2019,"education_state_rnk",14.2582
"42003552400","tract",2019,"education_state_rnk",21.3552
"42003560400","tract",2019,"education_state_rnk",82.113
"42003560500","tract",2019,"education_state_rnk",98.009
"42003560600","tract",2019,"education_state_rnk",44.4605
"42003561000","tract",2019,"education_state_rnk",41.5864
"42003561100","tract",2019,"education_state_rnk",6.2139
"42003561200","tract",2019,"education_state_rnk",12.9094
"42003561400","tract",2019,"education_state_rnk",73.6352
"42003561500","tract",2019,"education_state_rnk",61.0469
"42003561600","tract",2019,"education_state_rnk",20.0064
"42003561700","tract",2019,"education_state_rnk",7.8998
"42003561900","tract",2019,"education_state_rnk",21.5318
"42003562000","tract",2019,"education_state_rnk",84.9711
"42003562300","tract",2019,"education_state_rnk",44.1715
"42003562400","tract",2019,"education_state_rnk",14.9647
"42003562500","tract",2019,"education_state_rnk",18.3365
"42003562600","tract",2019,"education_state_rnk",75.273
"42003562700","tract",2019,"education_state_rnk",90.5267
"42003562800","tract",2019,"education_state_rnk",73.1696
"42003562900","tract",2019,"education_state_rnk",37.8131
"42003563000","tract",2019,"education_state_rnk",81.9364
"42003563100","tract",2019,"education_state_rnk",70.6808
"42003563200","tract",2019,"education_state_rnk",94.6371
"42003563300","tract",2019,"education_state_rnk",97.9448
"42003563800","tract",2019,"education_state_rnk",87.4438
"42003563900","tract",2019,"education_state_rnk",84.7784
"42003564000","tract",2019,"education_state_rnk",74.5344
"42003564100","tract",2019,"education_state_rnk",98.0411
"42003564200","tract",2019,"education_state_rnk",62.9416
"42003564400","tract",2019,"education_state_rnk",53.8215
"42003564500","tract",2019,"education_state_rnk",56.6474
"42003980000","tract",2019,"education_state_rnk",NA
"42003980100","tract",2019,"education_state_rnk",NA
"42003980300","tract",2019,"education_state_rnk",NA
"42003980400","tract",2019,"education_state_rnk",NA
"42003980500","tract",2019,"education_state_rnk",NA
"42003980600","tract",2019,"education_state_rnk",NA
"42003980700","tract",2019,"education_state_rnk",NA
"42003980800","tract",2019,"education_state_rnk",NA
"42003980900","tract",2019,"education_state_rnk",NA
"42003981000","tract",2019,"education_state_rnk",NA
"42003981100","tract",2019,"education_state_rnk",NA
"42003981200","tract",2019,"education_state_rnk",NA
"42003981800","tract",2019,"education_state_rnk",NA
"42003982200","tract",2019,"education_state_rnk",NA
"42005950100","tract",2019,"education_state_rnk",24.438
"42005950200","tract",2019,"education_state_rnk",24.7592
"42005950300","tract",2019,"education_state_rnk",22.1259
"42005950400","tract",2019,"education_state_rnk",52.7938
"42005950500","tract",2019,"education_state_rnk",63.4393
"42005950600","tract",2019,"education_state_rnk",31.9364
"42005950700","tract",2019,"education_state_rnk",26.2364
"42005950800","tract",2019,"education_state_rnk",25.1445
"42005950900","tract",2019,"education_state_rnk",51.5093
"42005951000","tract",2019,"education_state_rnk",35.806
"42005951100","tract",2019,"education_state_rnk",46.4033
"42005951200","tract",2019,"education_state_rnk",59.104
"42005951300","tract",2019,"education_state_rnk",45.0867
"42005951400","tract",2019,"education_state_rnk",29.544
"42005951500","tract",2019,"education_state_rnk",13.9371
"42005951600","tract",2019,"education_state_rnk",48.9724
"42005951700","tract",2019,"education_state_rnk",47.3667
"42005951800","tract",2019,"education_state_rnk",56.5671
"42005951900","tract",2019,"education_state_rnk",59.7624
"42007600601","tract",2019,"education_state_rnk",28.0668
"42007600602","tract",2019,"education_state_rnk",68.8182
"42007600700","tract",2019,"education_state_rnk",74.2935
"42007601000","tract",2019,"education_state_rnk",55.2023
"42007601100","tract",2019,"education_state_rnk",42.1162
"42007601200","tract",2019,"education_state_rnk",5.3629
"42007601300","tract",2019,"education_state_rnk",15.639
"42007601400","tract",2019,"education_state_rnk",38.3269
"42007601600","tract",2019,"education_state_rnk",49.1972
"42007601700","tract",2019,"education_state_rnk",56.6956
"42007601800","tract",2019,"education_state_rnk",74.1811
"42007602100","tract",2019,"education_state_rnk",21.8529
"42007602300","tract",2019,"education_state_rnk",76.2042
"42007602400","tract",2019,"education_state_rnk",84.5215
"42007602500","tract",2019,"education_state_rnk",61.657
"42007602601","tract",2019,"education_state_rnk",58.9435
"42007602602","tract",2019,"education_state_rnk",85.0514
"42007602701","tract",2019,"education_state_rnk",45.2954
"42007602702","tract",2019,"education_state_rnk",44.3802
"42007602800","tract",2019,"education_state_rnk",17.4695
"42007602900","tract",2019,"education_state_rnk",59.2164
"42007603000","tract",2019,"education_state_rnk",64.7399
"42007603202","tract",2019,"education_state_rnk",61.4322
"42007603300","tract",2019,"education_state_rnk",50.7547
"42007603400","tract",2019,"education_state_rnk",38.2145
"42007603500","tract",2019,"education_state_rnk",19.6211
"42007603600","tract",2019,"education_state_rnk",65.5427
"42007603700","tract",2019,"education_state_rnk",68.1439
"42007603801","tract",2019,"education_state_rnk",85.7258
"42007603802","tract",2019,"education_state_rnk",88.9049
"42007603803","tract",2019,"education_state_rnk",57.7553
"42007603900","tract",2019,"education_state_rnk",56.9685
"42007604000","tract",2019,"education_state_rnk",68.9467
"42007604100","tract",2019,"education_state_rnk",37.5723
"42007604200","tract",2019,"education_state_rnk",46.4997
"42007604500","tract",2019,"education_state_rnk",10.6455
"42007604600","tract",2019,"education_state_rnk",36.0148
"42007604700","tract",2019,"education_state_rnk",53.0186
"42007604800","tract",2019,"education_state_rnk",68.3526
"42007604901","tract",2019,"education_state_rnk",61.8497
"42007604902","tract",2019,"education_state_rnk",46.0019
"42007605001","tract",2019,"education_state_rnk",52.28
"42007605002","tract",2019,"education_state_rnk",55.9088
"42007605100","tract",2019,"education_state_rnk",42.9191
"42007605200","tract",2019,"education_state_rnk",54.1908
"42007605300","tract",2019,"education_state_rnk",49.6949
"42007605400","tract",2019,"education_state_rnk",20.167
"42007605500","tract",2019,"education_state_rnk",71.1946
"42007605600","tract",2019,"education_state_rnk",60.228
"42007605700","tract",2019,"education_state_rnk",12.508
"42007605800","tract",2019,"education_state_rnk",61.9461
"42009960100","tract",2019,"education_state_rnk",13.1182
"42009960200","tract",2019,"education_state_rnk",23.298
"42009960300","tract",2019,"education_state_rnk",21.018
"42009960400","tract",2019,"education_state_rnk",17.4213
"42009960500","tract",2019,"education_state_rnk",11.079
"42009960600","tract",2019,"education_state_rnk",12.0745
"42009960700","tract",2019,"education_state_rnk",59.5055
"42009960800","tract",2019,"education_state_rnk",54.2871
"42009960900","tract",2019,"education_state_rnk",31.7598
"42009961000","tract",2019,"education_state_rnk",30.4271
"42009961100","tract",2019,"education_state_rnk",36.4162
"42011000100","tract",2019,"education_state_rnk",1.9589
"42011000200","tract",2019,"education_state_rnk",4.3031
"42011000300","tract",2019,"education_state_rnk",8.2209
"42011000400","tract",2019,"education_state_rnk",1.3166
"42011000500","tract",2019,"education_state_rnk",1.5735
"42011000600","tract",2019,"education_state_rnk",10.8542
"42011000700","tract",2019,"education_state_rnk",3.9499
"42011000800","tract",2019,"education_state_rnk",0.7386
"42011000900","tract",2019,"education_state_rnk",1.0597
"42011001000","tract",2019,"education_state_rnk",0.5138
"42011001100","tract",2019,"education_state_rnk",1.0918
"42011001200","tract",2019,"education_state_rnk",3.3719
"42011001300","tract",2019,"education_state_rnk",0.3532
"42011001400","tract",2019,"education_state_rnk",0.5459
"42011001500","tract",2019,"education_state_rnk",0
"42011001600","tract",2019,"education_state_rnk",1.124
"42011001700","tract",2019,"education_state_rnk",0.0321
"42011001800","tract",2019,"education_state_rnk",13.6641
"42011001900","tract",2019,"education_state_rnk",4.4316
"42011002000","tract",2019,"education_state_rnk",1.2524
"42011002100","tract",2019,"education_state_rnk",2.0231
"42011002200","tract",2019,"education_state_rnk",0.4817
"42011002300","tract",2019,"education_state_rnk",1.4772
"42011002500","tract",2019,"education_state_rnk",0.0963
"42011002600","tract",2019,"education_state_rnk",0.578
"42011002700","tract",2019,"education_state_rnk",32.6268
"42011002900","tract",2019,"education_state_rnk",10.79
"42011010100","tract",2019,"education_state_rnk",11.0469
"42011010201","tract",2019,"education_state_rnk",37.219
"42011010202","tract",2019,"education_state_rnk",16.6024
"42011010302","tract",2019,"education_state_rnk",43.8825
"42011010303","tract",2019,"education_state_rnk",22.447
"42011010304","tract",2019,"education_state_rnk",53.4682
"42011010400","tract",2019,"education_state_rnk",11.5928
"42011010500","tract",2019,"education_state_rnk",18.6898
"42011010600","tract",2019,"education_state_rnk",65.4624
"42011010700","tract",2019,"education_state_rnk",49.422
"42011010801","tract",2019,"education_state_rnk",56.3905
"42011010802","tract",2019,"education_state_rnk",62.2511
"42011010902","tract",2019,"education_state_rnk",22.0135
"42011010903","tract",2019,"education_state_rnk",75.3372
"42011010904","tract",2019,"education_state_rnk",45.2473
"42011010905","tract",2019,"education_state_rnk",70.5845
"42011011000","tract",2019,"education_state_rnk",43.4811
"42011011101","tract",2019,"education_state_rnk",83.0122
"42011011102","tract",2019,"education_state_rnk",89.9326
"42011011200","tract",2019,"education_state_rnk",25
"42011011300","tract",2019,"education_state_rnk",27.0392
"42011011400","tract",2019,"education_state_rnk",54.1105
"42011011500","tract",2019,"education_state_rnk",58.1407
"42011011601","tract",2019,"education_state_rnk",44.1715
"42011011602","tract",2019,"education_state_rnk",64.0495
"42011011603","tract",2019,"education_state_rnk",80.5395
"42011011701","tract",2019,"education_state_rnk",63.5196
"42011011702","tract",2019,"education_state_rnk",53.3879
"42011011703","tract",2019,"education_state_rnk",43.8343
"42011011800","tract",2019,"education_state_rnk",45.183
"42011011902","tract",2019,"education_state_rnk",84.7142
"42011011903","tract",2019,"education_state_rnk",64.6114
"42011011904","tract",2019,"education_state_rnk",49.1169
"42011012001","tract",2019,"education_state_rnk",33.0122
"42011012002","tract",2019,"education_state_rnk",43.7861
"42011012101","tract",2019,"education_state_rnk",39.6917
"42011012103","tract",2019,"education_state_rnk",51.9107
"42011012104","tract",2019,"education_state_rnk",17.3089
"42011012105","tract",2019,"education_state_rnk",61.4965
"42011012200","tract",2019,"education_state_rnk",17.2126
"42011012300","tract",2019,"education_state_rnk",49.1169
"42011012400","tract",2019,"education_state_rnk",18.8182
"42011012500","tract",2019,"education_state_rnk",17.9994
"42011012600","tract",2019,"education_state_rnk",10.0835
"42011012700","tract",2019,"education_state_rnk",67.1323
"42011012800","tract",2019,"education_state_rnk",35.6776
"42011012900","tract",2019,"education_state_rnk",71.0662
"42011013000","tract",2019,"education_state_rnk",45.8414
"42011013100","tract",2019,"education_state_rnk",59.0238
"42011013200","tract",2019,"education_state_rnk",45.0867
"42011013301","tract",2019,"education_state_rnk",56.7759
"42011013302","tract",2019,"education_state_rnk",54.0302
"42011013401","tract",2019,"education_state_rnk",72.9608
"42011013402","tract",2019,"education_state_rnk",48.0572
"42011013500","tract",2019,"education_state_rnk",71.2267
"42011013600","tract",2019,"education_state_rnk",38.2145
"42011013701","tract",2019,"education_state_rnk",13.8728
"42011013702","tract",2019,"education_state_rnk",32.1291
"42011013800","tract",2019,"education_state_rnk",40.2055
"42011013900","tract",2019,"education_state_rnk",58.0122
"42011014000","tract",2019,"education_state_rnk",72.6076
"42011014100","tract",2019,"education_state_rnk",NA
"42011014200","tract",2019,"education_state_rnk",29.2871
"42013010101","tract",2019,"education_state_rnk",21.9332
"42013010102","tract",2019,"education_state_rnk",33.3654
"42013010103","tract",2019,"education_state_rnk",38.3269
"42013010401","tract",2019,"education_state_rnk",49.0687
"42013010402","tract",2019,"education_state_rnk",55.106
"42013010500","tract",2019,"education_state_rnk",48.3141
"42013010600","tract",2019,"education_state_rnk",72.0295
"42013010700","tract",2019,"education_state_rnk",38.2787
"42013010800","tract",2019,"education_state_rnk",18.1439
"42013010900","tract",2019,"education_state_rnk",69.894
"42013011001","tract",2019,"education_state_rnk",35.0193
"42013011002","tract",2019,"education_state_rnk",45.6166
"42013011100","tract",2019,"education_state_rnk",83.5902
"42013011200","tract",2019,"education_state_rnk",54.1908
"42013011300","tract",2019,"education_state_rnk",30.8606
"42013011400","tract",2019,"education_state_rnk",17.052
"42013011500","tract",2019,"education_state_rnk",34.4412
"42013011600","tract",2019,"education_state_rnk",19.5408
"42013100200","tract",2019,"education_state_rnk",51.0918
"42013100300","tract",2019,"education_state_rnk",13.8086
"42013100400","tract",2019,"education_state_rnk",38.0218
"42013100500","tract",2019,"education_state_rnk",30.9088
"42013100600","tract",2019,"education_state_rnk",60.9827
"42013100700","tract",2019,"education_state_rnk",6.6474
"42013100800","tract",2019,"education_state_rnk",63.8086
"42013100900","tract",2019,"education_state_rnk",45.2954
"42013101100","tract",2019,"education_state_rnk",44.9261
"42013101200","tract",2019,"education_state_rnk",50.8671
"42013101400","tract",2019,"education_state_rnk",23.9563
"42013101500","tract",2019,"education_state_rnk",26.9589
"42013101600","tract",2019,"education_state_rnk",7.0006
"42013101700","tract",2019,"education_state_rnk",15.1895
"42013101800","tract",2019,"education_state_rnk",48.5228
"42013101900","tract",2019,"education_state_rnk",8.4457
"42015950100","tract",2019,"education_state_rnk",28.9017
"42015950200","tract",2019,"education_state_rnk",27.6975
"42015950300","tract",2019,"education_state_rnk",21.1625
"42015950400","tract",2019,"education_state_rnk",31.8561
"42015950500","tract",2019,"education_state_rnk",58.0764
"42015950600","tract",2019,"education_state_rnk",35.0193
"42015950700","tract",2019,"education_state_rnk",28.5003
"42015950800","tract",2019,"education_state_rnk",55.5074
"42015950900","tract",2019,"education_state_rnk",33.0764
"42015951000","tract",2019,"education_state_rnk",34.7142
"42015951100","tract",2019,"education_state_rnk",36.7373
"42015951200","tract",2019,"education_state_rnk",32.0167
"42015951300","tract",2019,"education_state_rnk",18.2241
"42015951400","tract",2019,"education_state_rnk",15.7193
"42017100102","tract",2019,"education_state_rnk",89.3064
"42017100103","tract",2019,"education_state_rnk",48.8118
"42017100104","tract",2019,"education_state_rnk",31.5189
"42017100105","tract",2019,"education_state_rnk",55.5074
"42017100201","tract",2019,"education_state_rnk",33.4297
"42017100206","tract",2019,"education_state_rnk",71.8048
"42017100207","tract",2019,"education_state_rnk",51.3648
"42017100208","tract",2019,"education_state_rnk",42.1805
"42017100209","tract",2019,"education_state_rnk",69.2999
"42017100210","tract",2019,"education_state_rnk",34.7624
"42017100211","tract",2019,"education_state_rnk",53.8857
"42017100212","tract",2019,"education_state_rnk",51.5575
"42017100302","tract",2019,"education_state_rnk",24.5504
"42017100303","tract",2019,"education_state_rnk",17.7264
"42017100304","tract",2019,"education_state_rnk",43.3205
"42017100306","tract",2019,"education_state_rnk",41.5222
"42017100307","tract",2019,"education_state_rnk",17.9351
"42017100401","tract",2019,"education_state_rnk",65.2858
"42017100402","tract",2019,"education_state_rnk",25.9313
"42017100403","tract",2019,"education_state_rnk",45.4239
"42017100404","tract",2019,"education_state_rnk",18.9788
"42017100406","tract",2019,"education_state_rnk",86.657
"42017100407","tract",2019,"education_state_rnk",57.3378
"42017100408","tract",2019,"education_state_rnk",27.4566
"42017100500","tract",2019,"education_state_rnk",80.3789
"42017100600","tract",2019,"education_state_rnk",46.885
"42017100700","tract",2019,"education_state_rnk",21.58
"42017100803","tract",2019,"education_state_rnk",47.1741
"42017100804","tract",2019,"education_state_rnk",78.3237
"42017100805","tract",2019,"education_state_rnk",68.5453
"42017100807","tract",2019,"education_state_rnk",70.183
"42017100808","tract",2019,"education_state_rnk",94.2839
"42017100809","tract",2019,"education_state_rnk",98.876
"42017100811","tract",2019,"education_state_rnk",76.3166
"42017100900","tract",2019,"education_state_rnk",82.5626
"42017101100","tract",2019,"education_state_rnk",51.1561
"42017101401","tract",2019,"education_state_rnk",69.7013
"42017101403","tract",2019,"education_state_rnk",80.2826
"42017101404","tract",2019,"education_state_rnk",68.3044
"42017101405","tract",2019,"education_state_rnk",39.9807
"42017101503","tract",2019,"education_state_rnk",91.1047
"42017101504","tract",2019,"education_state_rnk",64.1458
"42017101505","tract",2019,"education_state_rnk",89.2742
"42017101506","tract",2019,"education_state_rnk",73.4425
"42017101603","tract",2019,"education_state_rnk",25.851
"42017101605","tract",2019,"education_state_rnk",29.0623
"42017101607","tract",2019,"education_state_rnk",67.5979
"42017101609","tract",2019,"education_state_rnk",77.1997
"42017101610","tract",2019,"education_state_rnk",74.3899
"42017101611","tract",2019,"education_state_rnk",74.9358
"42017101802","tract",2019,"education_state_rnk",83.3815
"42017101803","tract",2019,"education_state_rnk",77.7778
"42017101805","tract",2019,"education_state_rnk",67.6622
"42017101807","tract",2019,"education_state_rnk",29.8972
"42017101808","tract",2019,"education_state_rnk",72.0295
"42017101900","tract",2019,"education_state_rnk",82.8677
"42017102002","tract",2019,"education_state_rnk",81.7919
"42017102003","tract",2019,"education_state_rnk",81.4387
"42017102004","tract",2019,"education_state_rnk",80.1863
"42017102102","tract",2019,"education_state_rnk",67.2286
"42017102104","tract",2019,"education_state_rnk",80.2505
"42017102300","tract",2019,"education_state_rnk",66.3776
"42017102401","tract",2019,"education_state_rnk",52.9223
"42017102402","tract",2019,"education_state_rnk",65.045
"42017102500","tract",2019,"education_state_rnk",47.0135
"42017102600","tract",2019,"education_state_rnk",29.1265
"42017102700","tract",2019,"education_state_rnk",79.1908
"42017102801","tract",2019,"education_state_rnk",55.2665
"42017103101","tract",2019,"education_state_rnk",71.0019
"42017103102","tract",2019,"education_state_rnk",42.6301
"42017103103","tract",2019,"education_state_rnk",46.3231
"42017103300","tract",2019,"education_state_rnk",85.7258
"42017103400","tract",2019,"education_state_rnk",68.7861
"42017103700","tract",2019,"education_state_rnk",87.8773
"42017103800","tract",2019,"education_state_rnk",85.7739
"42017103900","tract",2019,"education_state_rnk",94.4444
"42017104000","tract",2019,"education_state_rnk",83.1888
"42017104100","tract",2019,"education_state_rnk",26.0276
"42017104201","tract",2019,"education_state_rnk",84.4252
"42017104203","tract",2019,"education_state_rnk",63.8086
"42017104204","tract",2019,"education_state_rnk",80.5074
"42017104301","tract",2019,"education_state_rnk",96.8529
"42017104303","tract",2019,"education_state_rnk",98.4907
"42017104304","tract",2019,"education_state_rnk",84.2325
"42017104400","tract",2019,"education_state_rnk",98.4586
"42017104502","tract",2019,"education_state_rnk",94.8298
"42017104503","tract",2019,"education_state_rnk",94.5087
"42017104505","tract",2019,"education_state_rnk",88.2466
"42017104506","tract",2019,"education_state_rnk",69.3642
"42017104601","tract",2019,"education_state_rnk",90.639
"42017104603","tract",2019,"education_state_rnk",77.0071
"42017104604","tract",2019,"education_state_rnk",94.316
"42017104701","tract",2019,"education_state_rnk",83.6705
"42017104702","tract",2019,"education_state_rnk",92.7103
"42017104703","tract",2019,"education_state_rnk",92.3732
"42017104800","tract",2019,"education_state_rnk",59.939
"42017104901","tract",2019,"education_state_rnk",87.3154
"42017104902","tract",2019,"education_state_rnk",85.3886
"42017105003","tract",2019,"education_state_rnk",91.5703
"42017105004","tract",2019,"education_state_rnk",82.4823
"42017105006","tract",2019,"education_state_rnk",90.5588
"42017105008","tract",2019,"education_state_rnk",71.1304
"42017105009","tract",2019,"education_state_rnk",78.0347
"42017105010","tract",2019,"education_state_rnk",91.4258
"42017105011","tract",2019,"education_state_rnk",94.3481
"42017105012","tract",2019,"education_state_rnk",88.1342
"42017105013","tract",2019,"education_state_rnk",88.9049
"42017105100","tract",2019,"education_state_rnk",96.5639
"42017105202","tract",2019,"education_state_rnk",98.3943
"42017105203","tract",2019,"education_state_rnk",88.3269
"42017105206","tract",2019,"education_state_rnk",92.9672
"42017105207","tract",2019,"education_state_rnk",98.7155
"42017105208","tract",2019,"education_state_rnk",82.675
"42017105300","tract",2019,"education_state_rnk",94.1394
"42017105400","tract",2019,"education_state_rnk",96.7887
"42017105505","tract",2019,"education_state_rnk",96.9171
"42017105506","tract",2019,"education_state_rnk",97.4631
"42017105507","tract",2019,"education_state_rnk",95.5684
"42017105508","tract",2019,"education_state_rnk",96.9814
"42017105509","tract",2019,"education_state_rnk",94.9904
"42017105510","tract",2019,"education_state_rnk",90.912
"42017105511","tract",2019,"education_state_rnk",94.7013
"42017105600","tract",2019,"education_state_rnk",97.8163
"42017105702","tract",2019,"education_state_rnk",83.5581
"42017105704","tract",2019,"education_state_rnk",60.8542
"42017105801","tract",2019,"education_state_rnk",41.7951
"42017105805","tract",2019,"education_state_rnk",50.1124
"42017105807","tract",2019,"education_state_rnk",32.7874
"42017105808","tract",2019,"education_state_rnk",62.3635
"42017105809","tract",2019,"education_state_rnk",63.9852
"42017105810","tract",2019,"education_state_rnk",50.7065
"42017105811","tract",2019,"education_state_rnk",41.4579
"42017105812","tract",2019,"education_state_rnk",64.8041
"42017105900","tract",2019,"education_state_rnk",48.6834
"42017106000","tract",2019,"education_state_rnk",75.6904
"42017106100","tract",2019,"education_state_rnk",NA
"42017106200","tract",2019,"education_state_rnk",70.7771
"42017106300","tract",2019,"education_state_rnk",72.8805
"42017106401","tract",2019,"education_state_rnk",61.368
"42017106402","tract",2019,"education_state_rnk",63.2948
"42017106500","tract",2019,"education_state_rnk",41.7469
"42017106600","tract",2019,"education_state_rnk",81.2942
"42017980000","tract",2019,"education_state_rnk",NA
"42019902100","tract",2019,"education_state_rnk",72.0295
"42019902200","tract",2019,"education_state_rnk",30.1863
"42019902300","tract",2019,"education_state_rnk",10.2762
"42019902400","tract",2019,"education_state_rnk",10.0514
"42019902500","tract",2019,"education_state_rnk",41.1368
"42019902600","tract",2019,"education_state_rnk",71.1304
"42019902700","tract",2019,"education_state_rnk",38.7925
"42019902800","tract",2019,"education_state_rnk",54.6564
"42019902900","tract",2019,"education_state_rnk",81.1978
"42019903000","tract",2019,"education_state_rnk",69.6211
"42019903100","tract",2019,"education_state_rnk",83.3333
"42019910100","tract",2019,"education_state_rnk",27.842
"42019910200","tract",2019,"education_state_rnk",40.5748
"42019910301","tract",2019,"education_state_rnk",46.4997
"42019910302","tract",2019,"education_state_rnk",51.8465
"42019910400","tract",2019,"education_state_rnk",35.8703
"42019910500","tract",2019,"education_state_rnk",NA
"42019910600","tract",2019,"education_state_rnk",43.192
"42019910700","tract",2019,"education_state_rnk",65.9281
"42019910800","tract",2019,"education_state_rnk",61.2075
"42019910900","tract",2019,"education_state_rnk",67.0841
"42019911000","tract",2019,"education_state_rnk",46.4033
"42019911100","tract",2019,"education_state_rnk",60.2762
"42019911200","tract",2019,"education_state_rnk",20.745
"42019911300","tract",2019,"education_state_rnk",51.9589
"42019911400","tract",2019,"education_state_rnk",57.6429
"42019911501","tract",2019,"education_state_rnk",35.2441
"42019911502","tract",2019,"education_state_rnk",72.7521
"42019911600","tract",2019,"education_state_rnk",91.4579
"42019911700","tract",2019,"education_state_rnk",64.3866
"42019911800","tract",2019,"education_state_rnk",79.5761
"42019911900","tract",2019,"education_state_rnk",75.2087
"42019912001","tract",2019,"education_state_rnk",87.8292
"42019912002","tract",2019,"education_state_rnk",90.1092
"42019912101","tract",2019,"education_state_rnk",85.3404
"42019912102","tract",2019,"education_state_rnk",71.6763
"42019912200","tract",2019,"education_state_rnk",87.6044
"42019912301","tract",2019,"education_state_rnk",86.0951
"42019912303","tract",2019,"education_state_rnk",96.4676
"42019912304","tract",2019,"education_state_rnk",94.589
"42019912401","tract",2019,"education_state_rnk",94.5408
"42019912402","tract",2019,"education_state_rnk",90.4624
"42019912700","tract",2019,"education_state_rnk",80.7643
"42019912800","tract",2019,"education_state_rnk",77.569
"42021000100","tract",2019,"education_state_rnk",15.9762
"42021000200","tract",2019,"education_state_rnk",11.7534
"42021000300","tract",2019,"education_state_rnk",15.4464
"42021000500","tract",2019,"education_state_rnk",18.4168
"42021000600","tract",2019,"education_state_rnk",36.079
"42021000700","tract",2019,"education_state_rnk",22.3667
"42021001200","tract",2019,"education_state_rnk",17.7906
"42021010100","tract",2019,"education_state_rnk",28.0026
"42021010200","tract",2019,"education_state_rnk",21.3873
"42021010300","tract",2019,"education_state_rnk",32.0488
"42021010500","tract",2019,"education_state_rnk",56.4868
"42021010600","tract",2019,"education_state_rnk",62.7168
"42021010700","tract",2019,"education_state_rnk",81.0373
"42021010801","tract",2019,"education_state_rnk",68.9788
"42021011000","tract",2019,"education_state_rnk",27.3443
"42021011100","tract",2019,"education_state_rnk",88.0218
"42021011200","tract",2019,"education_state_rnk",69.9422
"42021011300","tract",2019,"education_state_rnk",65.4624
"42021011400","tract",2019,"education_state_rnk",60.8542
"42021011500","tract",2019,"education_state_rnk",44.6371
"42021011600","tract",2019,"education_state_rnk",35.8382
"42021011700","tract",2019,"education_state_rnk",10.0193
"42021011800","tract",2019,"education_state_rnk",33.3976
"42021011900","tract",2019,"education_state_rnk",42.5819
"42021012000","tract",2019,"education_state_rnk",32.1773
"42021012100","tract",2019,"education_state_rnk",37.9737
"42021012200","tract",2019,"education_state_rnk",41.9557
"42021012300","tract",2019,"education_state_rnk",NA
"42021012400","tract",2019,"education_state_rnk",56.3263
"42021012500","tract",2019,"education_state_rnk",45.745
"42021012600","tract",2019,"education_state_rnk",75.0803
"42021012700","tract",2019,"education_state_rnk",31.6795
"42021012800","tract",2019,"education_state_rnk",44.8298
"42021012900","tract",2019,"education_state_rnk",36.4483
"42021013000","tract",2019,"education_state_rnk",41.0083
"42021013100","tract",2019,"education_state_rnk",35.9505
"42021013200","tract",2019,"education_state_rnk",29.2389
"42021013300","tract",2019,"education_state_rnk",37.4117
"42021013400","tract",2019,"education_state_rnk",7.6108
"42021013500","tract",2019,"education_state_rnk",8.0604
"42021013600","tract",2019,"education_state_rnk",8.3173
"42021013700","tract",2019,"education_state_rnk",NA
"42023960100","tract",2019,"education_state_rnk",19.6692
"42023960200","tract",2019,"education_state_rnk",35.2441
"42025020102","tract",2019,"education_state_rnk",32.3378
"42025020103","tract",2019,"education_state_rnk",71.5478
"42025020105","tract",2019,"education_state_rnk",43.5613
"42025020106","tract",2019,"education_state_rnk",60.7418
"42025020200","tract",2019,"education_state_rnk",30.957
"42025020300","tract",2019,"education_state_rnk",29.7046
"42025020400","tract",2019,"education_state_rnk",18.2723
"42025020500","tract",2019,"education_state_rnk",48.4425
"42025020600","tract",2019,"education_state_rnk",17.2447
"42025020700","tract",2019,"education_state_rnk",47.5112
"42025020800","tract",2019,"education_state_rnk",50.8189
"42025020900","tract",2019,"education_state_rnk",17.1323
"42027010100","tract",2019,"education_state_rnk",46.885
"42027010200","tract",2019,"education_state_rnk",37.7649
"42027010300","tract",2019,"education_state_rnk",58.6384
"42027010400","tract",2019,"education_state_rnk",62.9416
"42027010500","tract",2019,"education_state_rnk",53.0507
"42027010600","tract",2019,"education_state_rnk",45.9377
"42027010700","tract",2019,"education_state_rnk",44.0591
"42027010800","tract",2019,"education_state_rnk",3.6609
"42027010900","tract",2019,"education_state_rnk",60.4528
"42027011000","tract",2019,"education_state_rnk",69.1394
"42027011100","tract",2019,"education_state_rnk",71.4033
"42027011201","tract",2019,"education_state_rnk",78.6288
"42027011300","tract",2019,"education_state_rnk",89.0013
"42027011400","tract",2019,"education_state_rnk",82.7874
"42027011501","tract",2019,"education_state_rnk",75.7225
"42027011502","tract",2019,"education_state_rnk",66.0405
"42027011600","tract",2019,"education_state_rnk",73.1214
"42027011702","tract",2019,"education_state_rnk",93.8664
"42027011800","tract",2019,"education_state_rnk",93.1118
"42027011901","tract",2019,"education_state_rnk",84.4894
"42027011902","tract",2019,"education_state_rnk",92.8067
"42027012000","tract",2019,"education_state_rnk",29.3995
"42027012100","tract",2019,"education_state_rnk",NA
"42027012200","tract",2019,"education_state_rnk",NA
"42027012300","tract",2019,"education_state_rnk",97.1098
"42027012400","tract",2019,"education_state_rnk",57.3378
"42027012500","tract",2019,"education_state_rnk",36.8015
"42027012600","tract",2019,"education_state_rnk",28.6448
"42027012700","tract",2019,"education_state_rnk",88.8247
"42027012800","tract",2019,"education_state_rnk",78.4843
"42027981202","tract",2019,"education_state_rnk",NA
"42029300101","tract",2019,"education_state_rnk",89.0013
"42029300103","tract",2019,"education_state_rnk",96.8208
"42029300104","tract",2019,"education_state_rnk",93.9306
"42029300106","tract",2019,"education_state_rnk",99.2293
"42029300107","tract",2019,"education_state_rnk",85.6776
"42029300108","tract",2019,"education_state_rnk",98.6513
"42029300109","tract",2019,"education_state_rnk",86.7052
"42029300201","tract",2019,"education_state_rnk",79.0302
"42029300202","tract",2019,"education_state_rnk",97.9769
"42029300301","tract",2019,"education_state_rnk",89.1779
"42029300302","tract",2019,"education_state_rnk",81.1496
"42029300303","tract",2019,"education_state_rnk",89.3706
"42029300400","tract",2019,"education_state_rnk",93.8985
"42029300501","tract",2019,"education_state_rnk",94.894
"42029300502","tract",2019,"education_state_rnk",70.9216
"42029300600","tract",2019,"education_state_rnk",74.8876
"42029300700","tract",2019,"education_state_rnk",75.8189
"42029300800","tract",2019,"education_state_rnk",95.729
"42029300900","tract",2019,"education_state_rnk",79.2389
"42029301000","tract",2019,"education_state_rnk",95.8253
"42029301100","tract",2019,"education_state_rnk",60.3725
"42029301300","tract",2019,"education_state_rnk",80.2184
"42029301401","tract",2019,"education_state_rnk",42.2608
"42029301402","tract",2019,"education_state_rnk",86.1272
"42029301500","tract",2019,"education_state_rnk",70.4399
"42029301600","tract",2019,"education_state_rnk",77.4245
"42029301700","tract",2019,"education_state_rnk",94.4766
"42029301800","tract",2019,"education_state_rnk",92.6301
"42029301900","tract",2019,"education_state_rnk",86.8818
"42029302000","tract",2019,"education_state_rnk",79.4477
"42029302101","tract",2019,"education_state_rnk",80.8125
"42029302102","tract",2019,"education_state_rnk",73.9242
"42029302202","tract",2019,"education_state_rnk",84.5536
"42029302203","tract",2019,"education_state_rnk",84.6179
"42029302204","tract",2019,"education_state_rnk",88.8568
"42029302300","tract",2019,"education_state_rnk",96.0822
"42029302400","tract",2019,"education_state_rnk",54.7848
"42029302500","tract",2019,"education_state_rnk",85.2601
"42029302600","tract",2019,"education_state_rnk",62.7649
"42029302702","tract",2019,"education_state_rnk",91.9396
"42029302703","tract",2019,"education_state_rnk",95.3436
"42029302704","tract",2019,"education_state_rnk",88.7283
"42029302705","tract",2019,"education_state_rnk",89.2421
"42029302706","tract",2019,"education_state_rnk",80.8767
"42029302802","tract",2019,"education_state_rnk",96.9493
"42029302803","tract",2019,"education_state_rnk",99.8394
"42029302804","tract",2019,"education_state_rnk",93.5132
"42029302805","tract",2019,"education_state_rnk",85.4528
"42029302901","tract",2019,"education_state_rnk",96.4355
"42029302902","tract",2019,"education_state_rnk",95.4399
"42029303000","tract",2019,"education_state_rnk",92.903
"42029303100","tract",2019,"education_state_rnk",94.2197
"42029303301","tract",2019,"education_state_rnk",20.5202
"42029303302","tract",2019,"education_state_rnk",87.2672
"42029303401","tract",2019,"education_state_rnk",13.2948
"42029303402","tract",2019,"education_state_rnk",10.228
"42029303501","tract",2019,"education_state_rnk",70.5202
"42029303502","tract",2019,"education_state_rnk",88.7604
"42029303801","tract",2019,"education_state_rnk",75.5941
"42029303802","tract",2019,"education_state_rnk",83.4297
"42029303901","tract",2019,"education_state_rnk",83.526
"42029303902","tract",2019,"education_state_rnk",80.7161
"42029304000","tract",2019,"education_state_rnk",92.0199
"42029304101","tract",2019,"education_state_rnk",86.93
"42029304102","tract",2019,"education_state_rnk",50.9955
"42029304201","tract",2019,"education_state_rnk",96.018
"42029304300","tract",2019,"education_state_rnk",90.2697
"42029304403","tract",2019,"education_state_rnk",94.027
"42029304404","tract",2019,"education_state_rnk",80.4432
"42029304405","tract",2019,"education_state_rnk",86.5125
"42029304406","tract",2019,"education_state_rnk",88.2145
"42029304501","tract",2019,"education_state_rnk",86.5446
"42029304502","tract",2019,"education_state_rnk",76.2524
"42029304600","tract",2019,"education_state_rnk",65.35
"42029304900","tract",2019,"education_state_rnk",12.3314
"42029305000","tract",2019,"education_state_rnk",45.2152
"42029305101","tract",2019,"education_state_rnk",56.0694
"42029305102","tract",2019,"education_state_rnk",64.0495
"42029305300","tract",2019,"education_state_rnk",50.9152
"42029305400","tract",2019,"education_state_rnk",17.2768
"42029305500","tract",2019,"education_state_rnk",1.5093
"42029305600","tract",2019,"education_state_rnk",4.7367
"42029305700","tract",2019,"education_state_rnk",8.7187
"42029306000","tract",2019,"education_state_rnk",83.2531
"42029306300","tract",2019,"education_state_rnk",4.9454
"42029306501","tract",2019,"education_state_rnk",82.4342
"42029306503","tract",2019,"education_state_rnk",3.0507
"42029306504","tract",2019,"education_state_rnk",25.7065
"42029306600","tract",2019,"education_state_rnk",77.3924
"42029306700","tract",2019,"education_state_rnk",77.8581
"42029306800","tract",2019,"education_state_rnk",61.1111
"42029306900","tract",2019,"education_state_rnk",69.6532
"42029307000","tract",2019,"education_state_rnk",48.2659
"42029307100","tract",2019,"education_state_rnk",42.1805
"42029307200","tract",2019,"education_state_rnk",37.3154
"42029307300","tract",2019,"education_state_rnk",60.9827
"42029307400","tract",2019,"education_state_rnk",22.9127
"42029307700","tract",2019,"education_state_rnk",14.8362
"42029307800","tract",2019,"education_state_rnk",25.1445
"42029307900","tract",2019,"education_state_rnk",NA
"42029308000","tract",2019,"education_state_rnk",9.088
"42029308101","tract",2019,"education_state_rnk",41.8593
"42029308102","tract",2019,"education_state_rnk",19.589
"42029308200","tract",2019,"education_state_rnk",15.3179
"42029310400","tract",2019,"education_state_rnk",NA
"42029311000","tract",2019,"education_state_rnk",57.4823
"42029311100","tract",2019,"education_state_rnk",97.5915
"42029311200","tract",2019,"education_state_rnk",91.0565
"42029311300","tract",2019,"education_state_rnk",NA
"42029311401","tract",2019,"education_state_rnk",80.0257
"42029311403","tract",2019,"education_state_rnk",74.0848
"42029311404","tract",2019,"education_state_rnk",77.6493
"42029311500","tract",2019,"education_state_rnk",84.8748
"42029311600","tract",2019,"education_state_rnk",19.4605
"42029311700","tract",2019,"education_state_rnk",30.3468
"42029311800","tract",2019,"education_state_rnk",11.6249
"42031160101","tract",2019,"education_state_rnk",61.1753
"42031160102","tract",2019,"education_state_rnk",52.1676
"42031160200","tract",2019,"education_state_rnk",21.018
"42031160300","tract",2019,"education_state_rnk",29.7367
"42031160400","tract",2019,"education_state_rnk",20.9377
"42031160500","tract",2019,"education_state_rnk",12.3956
"42031160600","tract",2019,"education_state_rnk",46.7405
"42031160700","tract",2019,"education_state_rnk",19.2678
"42031160800","tract",2019,"education_state_rnk",32.7553
"42031160900","tract",2019,"education_state_rnk",21.018
"42033330100","tract",2019,"education_state_rnk",19.2357
"42033330200","tract",2019,"education_state_rnk",26.0276
"42033330300","tract",2019,"education_state_rnk",31.824
"42033330400","tract",2019,"education_state_rnk",73.6352
"42033330500","tract",2019,"education_state_rnk",12.508
"42033330600","tract",2019,"education_state_rnk",18.0475
"42033330700","tract",2019,"education_state_rnk",22.3025
"42033330800","tract",2019,"education_state_rnk",14.4509
"42033330900","tract",2019,"education_state_rnk",15.1252
"42033331000","tract",2019,"education_state_rnk",32.2094
"42033331100","tract",2019,"education_state_rnk",42.7103
"42033331200","tract",2019,"education_state_rnk",58.2531
"42033331300","tract",2019,"education_state_rnk",47.4149
"42033331401","tract",2019,"education_state_rnk",38.5035
"42033331402","tract",2019,"education_state_rnk",40.8478
"42033331500","tract",2019,"education_state_rnk",22.8324
"42033331600","tract",2019,"education_state_rnk",18.4971
"42033331700","tract",2019,"education_state_rnk",NA
"42033331800","tract",2019,"education_state_rnk",27.4245
"42033331900","tract",2019,"education_state_rnk",16.3455
"42035030100","tract",2019,"education_state_rnk",14.0013
"42035030200","tract",2019,"education_state_rnk",39.499
"42035030300","tract",2019,"education_state_rnk",60.9184
"42035030400","tract",2019,"education_state_rnk",23.1856
"42035030500","tract",2019,"education_state_rnk",51.413
"42035030600","tract",2019,"education_state_rnk",23.7315
"42035030700","tract",2019,"education_state_rnk",26.0918
"42035030800","tract",2019,"education_state_rnk",14.9968
"42035030900","tract",2019,"education_state_rnk",7.8035
"42037050100","tract",2019,"education_state_rnk",29.5922
"42037050200","tract",2019,"education_state_rnk",22.2383
"42037050300","tract",2019,"education_state_rnk",52.3764
"42037050400","tract",2019,"education_state_rnk",55.7803
"42037050500","tract",2019,"education_state_rnk",56.2139
"42037050600","tract",2019,"education_state_rnk",20.4239
"42037050700","tract",2019,"education_state_rnk",25.8189
"42037050800","tract",2019,"education_state_rnk",40.9281
"42037050900","tract",2019,"education_state_rnk",67.8388
"42037051000","tract",2019,"education_state_rnk",57.0809
"42037051100","tract",2019,"education_state_rnk",NA
"42037051200","tract",2019,"education_state_rnk",26.6699
"42037051300","tract",2019,"education_state_rnk",55.6198
"42037051400","tract",2019,"education_state_rnk",44.7013
"42037051500","tract",2019,"education_state_rnk",45.0867
"42039110100","tract",2019,"education_state_rnk",1.7341
"42039110201","tract",2019,"education_state_rnk",47.6236
"42039110202","tract",2019,"education_state_rnk",37.0103
"42039110300","tract",2019,"education_state_rnk",13.9371
"42039110400","tract",2019,"education_state_rnk",27.8741
"42039110501","tract",2019,"education_state_rnk",19.1715
"42039110502","tract",2019,"education_state_rnk",53.7893
"42039110600","tract",2019,"education_state_rnk",55.8285
"42039110700","tract",2019,"education_state_rnk",40.334
"42039110800","tract",2019,"education_state_rnk",29.4798
"42039110900","tract",2019,"education_state_rnk",14.8683
"42039111000","tract",2019,"education_state_rnk",15.0931
"42039111100","tract",2019,"education_state_rnk",11.4965
"42039111200","tract",2019,"education_state_rnk",26.6057
"42039111300","tract",2019,"education_state_rnk",22.7521
"42039111400","tract",2019,"education_state_rnk",61.7855
"42039111500","tract",2019,"education_state_rnk",49.5825
"42039111600","tract",2019,"education_state_rnk",23.0893
"42039111700","tract",2019,"education_state_rnk",23.0893
"42039111800","tract",2019,"education_state_rnk",36.8337
"42039111900","tract",2019,"education_state_rnk",7.2254
"42039112001","tract",2019,"education_state_rnk",36.8658
"42039112002","tract",2019,"education_state_rnk",41.0083
"42041010100","tract",2019,"education_state_rnk",22.0938
"42041010201","tract",2019,"education_state_rnk",62.4759
"42041010203","tract",2019,"education_state_rnk",75.7547
"42041010204","tract",2019,"education_state_rnk",72.2864
"42041010300","tract",2019,"education_state_rnk",66.5382
"42041010400","tract",2019,"education_state_rnk",87.9897
"42041010500","tract",2019,"education_state_rnk",63.9049
"42041010600","tract",2019,"education_state_rnk",53.8536
"42041010700","tract",2019,"education_state_rnk",76.8465
"42041010800","tract",2019,"education_state_rnk",57.8516
"42041010900","tract",2019,"education_state_rnk",91.0565
"42041011002","tract",2019,"education_state_rnk",75.9152
"42041011101","tract",2019,"education_state_rnk",93.6737
"42041011102","tract",2019,"education_state_rnk",75.1606
"42041011200","tract",2019,"education_state_rnk",39.3706
"42041011301","tract",2019,"education_state_rnk",80.7161
"42041011302","tract",2019,"education_state_rnk",90.7193
"42041011303","tract",2019,"education_state_rnk",76.5896
"42041011304","tract",2019,"education_state_rnk",64.9165
"42041011305","tract",2019,"education_state_rnk",84.1362
"42041011400","tract",2019,"education_state_rnk",64.0976
"42041011500","tract",2019,"education_state_rnk",78.9178
"42041011601","tract",2019,"education_state_rnk",73.6352
"42041011602","tract",2019,"education_state_rnk",75.8831
"42041011605","tract",2019,"education_state_rnk",75.1606
"42041011700","tract",2019,"education_state_rnk",79.8651
"42041011801","tract",2019,"education_state_rnk",73.8921
"42041011802","tract",2019,"education_state_rnk",78.0026
"42041011803","tract",2019,"education_state_rnk",36.93
"42041011901","tract",2019,"education_state_rnk",62.2511
"42041011902","tract",2019,"education_state_rnk",60.0514
"42041012000","tract",2019,"education_state_rnk",39.0976
"42041012100","tract",2019,"education_state_rnk",59.3128
"42041012200","tract",2019,"education_state_rnk",34.6018
"42041012300","tract",2019,"education_state_rnk",NA
"42041012400","tract",2019,"education_state_rnk",58.3173
"42041012501","tract",2019,"education_state_rnk",55.4592
"42041012502","tract",2019,"education_state_rnk",74.6146
"42041012600","tract",2019,"education_state_rnk",52.553
"42041012701","tract",2019,"education_state_rnk",58.4457
"42041012702","tract",2019,"education_state_rnk",9.8426
"42041012800","tract",2019,"education_state_rnk",45.9377
"42041012900","tract",2019,"education_state_rnk",7.1773
"42041013000","tract",2019,"education_state_rnk",24.4862
"42041013101","tract",2019,"education_state_rnk",16.0244
"42041013102","tract",2019,"education_state_rnk",NA
"42041013200","tract",2019,"education_state_rnk",18.3687
"42041981001","tract",2019,"education_state_rnk",NA
"42041981606","tract",2019,"education_state_rnk",NA
"42043020100","tract",2019,"education_state_rnk",64.8041
"42043020300","tract",2019,"education_state_rnk",41.6506
"42043020400","tract",2019,"education_state_rnk",81.246
"42043020500","tract",2019,"education_state_rnk",79.544
"42043020600","tract",2019,"education_state_rnk",21.2588
"42043020700","tract",2019,"education_state_rnk",2.8581
"42043020800","tract",2019,"education_state_rnk",15.5106
"42043020900","tract",2019,"education_state_rnk",5.7803
"42043021100","tract",2019,"education_state_rnk",4.5922
"42043021200","tract",2019,"education_state_rnk",6.8401
"42043021300","tract",2019,"education_state_rnk",2.8259
"42043021400","tract",2019,"education_state_rnk",2.8902
"42043021500","tract",2019,"education_state_rnk",1.6378
"42043021600","tract",2019,"education_state_rnk",4.1426
"42043021700","tract",2019,"education_state_rnk",13.6159
"42043021800","tract",2019,"education_state_rnk",43.0957
"42043021901","tract",2019,"education_state_rnk",75.5941
"42043021903","tract",2019,"education_state_rnk",46.3231
"42043021904","tract",2019,"education_state_rnk",82.3378
"42043022000","tract",2019,"education_state_rnk",42.325
"42043022100","tract",2019,"education_state_rnk",43.4008
"42043022200","tract",2019,"education_state_rnk",39.3706
"42043022300","tract",2019,"education_state_rnk",42.9994
"42043022401","tract",2019,"education_state_rnk",71.4997
"42043022403","tract",2019,"education_state_rnk",67.9191
"42043022501","tract",2019,"education_state_rnk",84.7463
"42043022502","tract",2019,"education_state_rnk",48.86
"42043022601","tract",2019,"education_state_rnk",71.3231
"42043022604","tract",2019,"education_state_rnk",81.5029
"42043022605","tract",2019,"education_state_rnk",59.4091
"42043022606","tract",2019,"education_state_rnk",70.5845
"42043022701","tract",2019,"education_state_rnk",33.0122
"42043022702","tract",2019,"education_state_rnk",35.0996
"42043022800","tract",2019,"education_state_rnk",60.1798
"42043022900","tract",2019,"education_state_rnk",24.2935
"42043023000","tract",2019,"education_state_rnk",91.6506
"42043023100","tract",2019,"education_state_rnk",50.3532
"42043023300","tract",2019,"education_state_rnk",8.1888
"42043023400","tract",2019,"education_state_rnk",46.0822
"42043023500","tract",2019,"education_state_rnk",20.5684
"42043023601","tract",2019,"education_state_rnk",73.9884
"42043023602","tract",2019,"education_state_rnk",63.0379
"42043023700","tract",2019,"education_state_rnk",26.3487
"42043023800","tract",2019,"education_state_rnk",33.4618
"42043023900","tract",2019,"education_state_rnk",55.1541
"42043024001","tract",2019,"education_state_rnk",24.2293
"42043024002","tract",2019,"education_state_rnk",61.8818
"42043024101","tract",2019,"education_state_rnk",57.1452
"42043024102","tract",2019,"education_state_rnk",NA
"42043024104","tract",2019,"education_state_rnk",88.6962
"42043024105","tract",2019,"education_state_rnk",92.4374
"42043024200","tract",2019,"education_state_rnk",70.183
"42043024300","tract",2019,"education_state_rnk",61.657
"42043024400","tract",2019,"education_state_rnk",65.8478
"42043024502","tract",2019,"education_state_rnk",55.5556
"42043024503","tract",2019,"education_state_rnk",69.5729
"42043024600","tract",2019,"education_state_rnk",77.8581
"42043024700","tract",2019,"education_state_rnk",77.0552
"42043024800","tract",2019,"education_state_rnk",43.7058
"42043024900","tract",2019,"education_state_rnk",19.8619
"42043025000","tract",2019,"education_state_rnk",14.3064
"42043025100","tract",2019,"education_state_rnk",2.4085
"42043025200","tract",2019,"education_state_rnk",27.6172
"42043025300","tract",2019,"education_state_rnk",11.5286
"42043025400","tract",2019,"education_state_rnk",23.7958
"42045400301","tract",2019,"education_state_rnk",10.501
"42045400302","tract",2019,"education_state_rnk",28.8375
"42045400401","tract",2019,"education_state_rnk",12.7007
"42045400402","tract",2019,"education_state_rnk",9.3449
"42045400500","tract",2019,"education_state_rnk",19.8619
"42045400600","tract",2019,"education_state_rnk",50.578
"42045400700","tract",2019,"education_state_rnk",10.5331
"42045400801","tract",2019,"education_state_rnk",65.7514
"42045400802","tract",2019,"education_state_rnk",58.815
"42045400900","tract",2019,"education_state_rnk",95.2794
"42045401000","tract",2019,"education_state_rnk",66.9557
"42045401101","tract",2019,"education_state_rnk",48.4425
"42045401103","tract",2019,"education_state_rnk",87.6686
"42045401104","tract",2019,"education_state_rnk",76.8786
"42045401200","tract",2019,"education_state_rnk",82.675
"42045401301","tract",2019,"education_state_rnk",73.3622
"42045401302","tract",2019,"education_state_rnk",87.3475
"42045401401","tract",2019,"education_state_rnk",79.817
"42045401402","tract",2019,"education_state_rnk",68.4008
"42045401501","tract",2019,"education_state_rnk",45.0225
"42045401502","tract",2019,"education_state_rnk",75.2408
"42045401600","tract",2019,"education_state_rnk",58.8793
"42045401700","tract",2019,"education_state_rnk",40.7354
"42045401800","tract",2019,"education_state_rnk",76.9268
"42045401900","tract",2019,"education_state_rnk",86.4804
"42045402000","tract",2019,"education_state_rnk",78.2916
"42045402100","tract",2019,"education_state_rnk",47.0456
"42045402200","tract",2019,"education_state_rnk",48.7476
"42045402300","tract",2019,"education_state_rnk",57.948
"42045402400","tract",2019,"education_state_rnk",23.5067
"42045402500","tract",2019,"education_state_rnk",11.9782
"42045402600","tract",2019,"education_state_rnk",8.8471
"42045402700","tract",2019,"education_state_rnk",13.3269
"42045402800","tract",2019,"education_state_rnk",71.034
"42045402900","tract",2019,"education_state_rnk",9.3128
"42045403001","tract",2019,"education_state_rnk",83.7347
"42045403002","tract",2019,"education_state_rnk",62.1066
"42045403101","tract",2019,"education_state_rnk",19.7174
"42045403103","tract",2019,"education_state_rnk",30.5395
"42045403104","tract",2019,"education_state_rnk",26.8626
"42045403200","tract",2019,"education_state_rnk",84.6179
"42045403300","tract",2019,"education_state_rnk",23.2498
"42045403401","tract",2019,"education_state_rnk",41.8593
"42045403402","tract",2019,"education_state_rnk",23.8439
"42045403501","tract",2019,"education_state_rnk",61.7855
"42045403502","tract",2019,"education_state_rnk",43.192
"42045403601","tract",2019,"education_state_rnk",56.3905
"42045403602","tract",2019,"education_state_rnk",63.5678
"42045403701","tract",2019,"education_state_rnk",67.9833
"42045403702","tract",2019,"education_state_rnk",30.5877
"42045403800","tract",2019,"education_state_rnk",48.2338
"42045403901","tract",2019,"education_state_rnk",69.027
"42045403902","tract",2019,"education_state_rnk",86.657
"42045404003","tract",2019,"education_state_rnk",82.7392
"42045404004","tract",2019,"education_state_rnk",59.8908
"42045404101","tract",2019,"education_state_rnk",64.499
"42045404102","tract",2019,"education_state_rnk",20.8895
"42045404103","tract",2019,"education_state_rnk",55.8767
"42045404300","tract",2019,"education_state_rnk",7.1291
"42045404400","tract",2019,"education_state_rnk",62.3956
"42045404500","tract",2019,"education_state_rnk",14.194
"42045404600","tract",2019,"education_state_rnk",50.2408
"42045404700","tract",2019,"education_state_rnk",NA
"42045404800","tract",2019,"education_state_rnk",4.0141
"42045404900","tract",2019,"education_state_rnk",6.535
"42045405000","tract",2019,"education_state_rnk",10.1156
"42045405100","tract",2019,"education_state_rnk",11.5607
"42045405200","tract",2019,"education_state_rnk",19.4926
"42045405300","tract",2019,"education_state_rnk",5.2987
"42045405400","tract",2019,"education_state_rnk",16.8433
"42045406100","tract",2019,"education_state_rnk",40.4303
"42045406201","tract",2019,"education_state_rnk",56.5671
"42045406202","tract",2019,"education_state_rnk",58.6384
"42045406300","tract",2019,"education_state_rnk",27.1997
"42045406401","tract",2019,"education_state_rnk",9.8426
"42045406402","tract",2019,"education_state_rnk",7.1773
"42045406500","tract",2019,"education_state_rnk",6.9043
"42045406600","tract",2019,"education_state_rnk",11.8176
"42045406700","tract",2019,"education_state_rnk",12.5883
"42045406801","tract",2019,"education_state_rnk",60.0193
"42045406802","tract",2019,"education_state_rnk",27.1195
"42045406803","tract",2019,"education_state_rnk",91.3937
"42045406902","tract",2019,"education_state_rnk",52.2479
"42045406903","tract",2019,"education_state_rnk",50.6744
"42045406904","tract",2019,"education_state_rnk",76.4933
"42045407000","tract",2019,"education_state_rnk",83.3012
"42045407101","tract",2019,"education_state_rnk",89.9807
"42045407102","tract",2019,"education_state_rnk",87.3956
"42045407201","tract",2019,"education_state_rnk",97.2222
"42045407202","tract",2019,"education_state_rnk",94.9261
"42045407401","tract",2019,"education_state_rnk",98.1053
"42045407404","tract",2019,"education_state_rnk",74.9358
"42045407501","tract",2019,"education_state_rnk",96.5318
"42045407502","tract",2019,"education_state_rnk",95.1349
"42045407600","tract",2019,"education_state_rnk",83.0764
"42045407700","tract",2019,"education_state_rnk",70.3757
"42045407801","tract",2019,"education_state_rnk",90.061
"42045407802","tract",2019,"education_state_rnk",81.535
"42045407803","tract",2019,"education_state_rnk",70.8735
"42045407804","tract",2019,"education_state_rnk",86.0308
"42045407805","tract",2019,"education_state_rnk",69.4284
"42045407806","tract",2019,"education_state_rnk",73.9884
"42045407901","tract",2019,"education_state_rnk",98.1374
"42045407902","tract",2019,"education_state_rnk",88.0539
"42045407903","tract",2019,"education_state_rnk",94.3963
"42045408001","tract",2019,"education_state_rnk",81.6635
"42045408002","tract",2019,"education_state_rnk",89.4669
"42045408101","tract",2019,"education_state_rnk",74.6146
"42045408102","tract",2019,"education_state_rnk",68.5453
"42045408103","tract",2019,"education_state_rnk",57.0809
"42045408300","tract",2019,"education_state_rnk",86.8176
"42045408400","tract",2019,"education_state_rnk",99.5183
"42045408500","tract",2019,"education_state_rnk",91.6185
"42045408600","tract",2019,"education_state_rnk",91.7309
"42045408700","tract",2019,"education_state_rnk",91.1689
"42045408800","tract",2019,"education_state_rnk",90.4945
"42045408900","tract",2019,"education_state_rnk",97.3346
"42045409000","tract",2019,"education_state_rnk",78.8375
"42045409100","tract",2019,"education_state_rnk",91.1368
"42045409200","tract",2019,"education_state_rnk",77.4888
"42045409300","tract",2019,"education_state_rnk",81.3584
"42045409400","tract",2019,"education_state_rnk",84.9069
"42045409500","tract",2019,"education_state_rnk",79.3192
"42045409601","tract",2019,"education_state_rnk",95.1349
"42045409602","tract",2019,"education_state_rnk",48.009
"42045409701","tract",2019,"education_state_rnk",84.104
"42045409702","tract",2019,"education_state_rnk",NA
"42045409802","tract",2019,"education_state_rnk",NA
"42045409803","tract",2019,"education_state_rnk",76.6699
"42045409902","tract",2019,"education_state_rnk",92.6782
"42045409903","tract",2019,"education_state_rnk",92.1965
"42045409904","tract",2019,"education_state_rnk",97.6236
"42045410000","tract",2019,"education_state_rnk",97.2222
"42045410100","tract",2019,"education_state_rnk",90.3821
"42045410200","tract",2019,"education_state_rnk",89.7238
"42045410301","tract",2019,"education_state_rnk",70.3276
"42045410302","tract",2019,"education_state_rnk",90.9441
"42045410400","tract",2019,"education_state_rnk",91.2974
"42045410500","tract",2019,"education_state_rnk",8.1567
"42045410601","tract",2019,"education_state_rnk",57.8516
"42045410602","tract",2019,"education_state_rnk",67.341
"42045410700","tract",2019,"education_state_rnk",7.3218
"42045410800","tract",2019,"education_state_rnk",91.7309
"42045980000","tract",2019,"education_state_rnk",NA
"42047950100","tract",2019,"education_state_rnk",56.8722
"42047950200","tract",2019,"education_state_rnk",49.7431
"42047950400","tract",2019,"education_state_rnk",39.0173
"42047950500","tract",2019,"education_state_rnk",19.3963
"42047950900","tract",2019,"education_state_rnk",37.9737
"42047951000","tract",2019,"education_state_rnk",19.0591
"42047951100","tract",2019,"education_state_rnk",52.9865
"42047951200","tract",2019,"education_state_rnk",51.2203
"42047951300","tract",2019,"education_state_rnk",66.5703
"42049000100","tract",2019,"education_state_rnk",5.9409
"42049000200","tract",2019,"education_state_rnk",89.8523
"42049000300","tract",2019,"education_state_rnk",13.4875
"42049000400","tract",2019,"education_state_rnk",9.7784
"42049000500","tract",2019,"education_state_rnk",2.6975
"42049000600","tract",2019,"education_state_rnk",16.5382
"42049000700","tract",2019,"education_state_rnk",1.5414
"42049000800","tract",2019,"education_state_rnk",4.0462
"42049000900","tract",2019,"education_state_rnk",23.6673
"42049001000","tract",2019,"education_state_rnk",28.6769
"42049001100","tract",2019,"education_state_rnk",14.0334
"42049001200","tract",2019,"education_state_rnk",8.6384
"42049001300","tract",2019,"education_state_rnk",1.1561
"42049001400","tract",2019,"education_state_rnk",NA
"42049001500","tract",2019,"education_state_rnk",0.8028
"42049001600","tract",2019,"education_state_rnk",21.3231
"42049001700","tract",2019,"education_state_rnk",3.0829
"42049001800","tract",2019,"education_state_rnk",1.991
"42049001900","tract",2019,"education_state_rnk",23.1535
"42049002000","tract",2019,"education_state_rnk",11.7213
"42049002100","tract",2019,"education_state_rnk",52.3443
"42049002200","tract",2019,"education_state_rnk",43.5613
"42049002300","tract",2019,"education_state_rnk",7.6429
"42049002400","tract",2019,"education_state_rnk",26.2364
"42049002500","tract",2019,"education_state_rnk",13.1985
"42049002600","tract",2019,"education_state_rnk",36.3198
"42049002700","tract",2019,"education_state_rnk",23.9082
"42049002800","tract",2019,"education_state_rnk",29.7688
"42049002900","tract",2019,"education_state_rnk",90.1413
"42049003000","tract",2019,"education_state_rnk",40.3019
"42049010101","tract",2019,"education_state_rnk",50.5459
"42049010103","tract",2019,"education_state_rnk",18.2241
"42049010104","tract",2019,"education_state_rnk",34.0559
"42049010107","tract",2019,"education_state_rnk",24.9518
"42049010201","tract",2019,"education_state_rnk",20.3276
"42049010202","tract",2019,"education_state_rnk",26.3006
"42049010301","tract",2019,"education_state_rnk",58.7347
"42049010303","tract",2019,"education_state_rnk",55.9409
"42049010304","tract",2019,"education_state_rnk",93.1599
"42049010400","tract",2019,"education_state_rnk",51.7502
"42049010500","tract",2019,"education_state_rnk",84.0077
"42049010700","tract",2019,"education_state_rnk",28.9981
"42049010800","tract",2019,"education_state_rnk",37.7168
"42049010902","tract",2019,"education_state_rnk",65.8478
"42049010903","tract",2019,"education_state_rnk",80.411
"42049010904","tract",2019,"education_state_rnk",84.2325
"42049011001","tract",2019,"education_state_rnk",86.5928
"42049011002","tract",2019,"education_state_rnk",90.334
"42049011101","tract",2019,"education_state_rnk",56.0694
"42049011102","tract",2019,"education_state_rnk",90.8157
"42049011201","tract",2019,"education_state_rnk",61.2556
"42049011202","tract",2019,"education_state_rnk",60.5331
"42049011300","tract",2019,"education_state_rnk",38.4072
"42049011400","tract",2019,"education_state_rnk",36.5928
"42049011503","tract",2019,"education_state_rnk",74.7431
"42049011505","tract",2019,"education_state_rnk",51.7502
"42049011507","tract",2019,"education_state_rnk",65.2055
"42049011600","tract",2019,"education_state_rnk",26.7823
"42049011701","tract",2019,"education_state_rnk",70.2954
"42049011702","tract",2019,"education_state_rnk",35.6776
"42049011801","tract",2019,"education_state_rnk",23.9884
"42049011802","tract",2019,"education_state_rnk",38.7925
"42049011900","tract",2019,"education_state_rnk",18.1439
"42049012001","tract",2019,"education_state_rnk",24.8394
"42049012002","tract",2019,"education_state_rnk",16.3776
"42049012100","tract",2019,"education_state_rnk",25.3051
"42049012201","tract",2019,"education_state_rnk",68.9146
"42049012202","tract",2019,"education_state_rnk",42.2608
"42049012300","tract",2019,"education_state_rnk",24.7913
"42049012400","tract",2019,"education_state_rnk",57.8998
"42049980109","tract",2019,"education_state_rnk",NA
"42049990000","tract",2019,"education_state_rnk",NA
"42051260100","tract",2019,"education_state_rnk",32.3378
"42051260200","tract",2019,"education_state_rnk",48.7155
"42051260300","tract",2019,"education_state_rnk",27.9705
"42051260401","tract",2019,"education_state_rnk",30.7803
"42051260402","tract",2019,"education_state_rnk",42.7103
"42051260500","tract",2019,"education_state_rnk",10.4367
"42051260600","tract",2019,"education_state_rnk",21.0983
"42051260700","tract",2019,"education_state_rnk",34.666
"42051260800","tract",2019,"education_state_rnk",22.0617
"42051260900","tract",2019,"education_state_rnk",41.2653
"42051261000","tract",2019,"education_state_rnk",55.2665
"42051261100","tract",2019,"education_state_rnk",43.4811
"42051261200","tract",2019,"education_state_rnk",26.4772
"42051261300","tract",2019,"education_state_rnk",NA
"42051261401","tract",2019,"education_state_rnk",24.5504
"42051261402","tract",2019,"education_state_rnk",20.6647
"42051261500","tract",2019,"education_state_rnk",50.9634
"42051261600","tract",2019,"education_state_rnk",11.2235
"42051261700","tract",2019,"education_state_rnk",30.3147
"42051261800","tract",2019,"education_state_rnk",21.6602
"42051261900","tract",2019,"education_state_rnk",22.6879
"42051262000","tract",2019,"education_state_rnk",73.2338
"42051262100","tract",2019,"education_state_rnk",42.8227
"42051262200","tract",2019,"education_state_rnk",52.1195
"42051262300","tract",2019,"education_state_rnk",7.0649
"42051262400","tract",2019,"education_state_rnk",59.4733
"42051262500","tract",2019,"education_state_rnk",39.8844
"42051262600","tract",2019,"education_state_rnk",38.7123
"42051262701","tract",2019,"education_state_rnk",44.3802
"42051262702","tract",2019,"education_state_rnk",23.7636
"42051262800","tract",2019,"education_state_rnk",38.4072
"42051262900","tract",2019,"education_state_rnk",25.1445
"42051263000","tract",2019,"education_state_rnk",16.5061
"42051263100","tract",2019,"education_state_rnk",17.5337
"42051263200","tract",2019,"education_state_rnk",35.501
"42051263300","tract",2019,"education_state_rnk",29.3995
"42053530100","tract",2019,"education_state_rnk",NA
"42053530201","tract",2019,"education_state_rnk",38.7123
"42053530300","tract",2019,"education_state_rnk",14.3866
"42055010100","tract",2019,"education_state_rnk",10.9345
"42055010200","tract",2019,"education_state_rnk",8.5421
"42055010300","tract",2019,"education_state_rnk",23.0893
"42055010400","tract",2019,"education_state_rnk",52.4566
"42055010500","tract",2019,"education_state_rnk",30.7161
"42055010600","tract",2019,"education_state_rnk",81.2942
"42055010700","tract",2019,"education_state_rnk",66.201
"42055010800","tract",2019,"education_state_rnk",35.0674
"42055010900","tract",2019,"education_state_rnk",14.5472
"42055011000","tract",2019,"education_state_rnk",6.2781
"42055011100","tract",2019,"education_state_rnk",33.3012
"42055011200","tract",2019,"education_state_rnk",4.6885
"42055011301","tract",2019,"education_state_rnk",45.6166
"42055011302","tract",2019,"education_state_rnk",22.2383
"42055011400","tract",2019,"education_state_rnk",12.9416
"42055011500","tract",2019,"education_state_rnk",38.9531
"42055011600","tract",2019,"education_state_rnk",25.9313
"42055011700","tract",2019,"education_state_rnk",39.6596
"42055011800","tract",2019,"education_state_rnk",56.1496
"42055011900","tract",2019,"education_state_rnk",22.9127
"42055012000","tract",2019,"education_state_rnk",5.8125
"42055012100","tract",2019,"education_state_rnk",28.7412
"42055012200","tract",2019,"education_state_rnk",36.1432
"42055012300","tract",2019,"education_state_rnk",20.1188
"42055012400","tract",2019,"education_state_rnk",24.2293
"42055012501","tract",2019,"education_state_rnk",54.7848
"42055012502","tract",2019,"education_state_rnk",26.7341
"42057960100","tract",2019,"education_state_rnk",21.4836
"42057960200","tract",2019,"education_state_rnk",20.2152
"42057960300","tract",2019,"education_state_rnk",27.3443
"42059970100","tract",2019,"education_state_rnk",34.8587
"42059970200","tract",2019,"education_state_rnk",43.6095
"42059970300","tract",2019,"education_state_rnk",39.2742
"42059970400","tract",2019,"education_state_rnk",12.7649
"42059970501","tract",2019,"education_state_rnk",NA
"42059970502","tract",2019,"education_state_rnk",28.5485
"42059970600","tract",2019,"education_state_rnk",12.8452
"42059970700","tract",2019,"education_state_rnk",59.5697
"42059970800","tract",2019,"education_state_rnk",15.7675
"42061950100","tract",2019,"education_state_rnk",51.3166
"42061950200","tract",2019,"education_state_rnk",65.9281
"42061950300","tract",2019,"education_state_rnk",NA
"42061950400","tract",2019,"education_state_rnk",37.1387
"42061950500","tract",2019,"education_state_rnk",32.4181
"42061950600","tract",2019,"education_state_rnk",45.3757
"42061950800","tract",2019,"education_state_rnk",39.5954
"42061950900","tract",2019,"education_state_rnk",22.1741
"42061951000","tract",2019,"education_state_rnk",29.0623
"42061951100","tract",2019,"education_state_rnk",19.0109
"42061951200","tract",2019,"education_state_rnk",17.8227
"42061951300","tract",2019,"education_state_rnk",16.8433
"42063960100","tract",2019,"education_state_rnk",2.6333
"42063960200","tract",2019,"education_state_rnk",2.2158
"42063960300","tract",2019,"education_state_rnk",16.9236
"42063960400","tract",2019,"education_state_rnk",13.5196
"42063960500","tract",2019,"education_state_rnk",62.1066
"42063960600","tract",2019,"education_state_rnk",30.7161
"42063960700","tract",2019,"education_state_rnk",57.1452
"42063960800","tract",2019,"education_state_rnk",61.9782
"42063960900","tract",2019,"education_state_rnk",72.2222
"42063961000","tract",2019,"education_state_rnk",48.9242
"42063961101","tract",2019,"education_state_rnk",33.8471
"42063961102","tract",2019,"education_state_rnk",NA
"42063961200","tract",2019,"education_state_rnk",65.3821
"42063961300","tract",2019,"education_state_rnk",36.1914
"42063961400","tract",2019,"education_state_rnk",33.526
"42063961500","tract",2019,"education_state_rnk",12.2832
"42063961600","tract",2019,"education_state_rnk",69.7656
"42063961700","tract",2019,"education_state_rnk",47.8163
"42063961800","tract",2019,"education_state_rnk",46.2749
"42063961900","tract",2019,"education_state_rnk",37.0103
"42063962000","tract",2019,"education_state_rnk",36.5928
"42063962100","tract",2019,"education_state_rnk",44.9261
"42063962200","tract",2019,"education_state_rnk",34.7624
"42065950100","tract",2019,"education_state_rnk",18.8504
"42065950200","tract",2019,"education_state_rnk",22.8003
"42065950300","tract",2019,"education_state_rnk",24.9037
"42065950400","tract",2019,"education_state_rnk",25.9794
"42065950500","tract",2019,"education_state_rnk",56.2781
"42065950600","tract",2019,"education_state_rnk",33.9435
"42065950700","tract",2019,"education_state_rnk",32.4181
"42065950800","tract",2019,"education_state_rnk",43.3526
"42065950900","tract",2019,"education_state_rnk",16.0726
"42065951000","tract",2019,"education_state_rnk",4.2068
"42065951100","tract",2019,"education_state_rnk",59.2646
"42065951200","tract",2019,"education_state_rnk",6.7437
"42065951300","tract",2019,"education_state_rnk",31.5992
"42067070100","tract",2019,"education_state_rnk",16.7951
"42067070201","tract",2019,"education_state_rnk",15.2858
"42067070202","tract",2019,"education_state_rnk",27.6975
"42067070300","tract",2019,"education_state_rnk",6.6795
"42067070400","tract",2019,"education_state_rnk",8.6063
"42069100200","tract",2019,"education_state_rnk",9.7784
"42069100300","tract",2019,"education_state_rnk",NA
"42069100400","tract",2019,"education_state_rnk",45.5684
"42069100500","tract",2019,"education_state_rnk",67.0039
"42069100600","tract",2019,"education_state_rnk",6.4226
"42069100800","tract",2019,"education_state_rnk",10.5812
"42069100900","tract",2019,"education_state_rnk",32.9319
"42069101000","tract",2019,"education_state_rnk",63.8086
"42069101100","tract",2019,"education_state_rnk",16.2813
"42069101200","tract",2019,"education_state_rnk",32.4984
"42069101300","tract",2019,"education_state_rnk",18.5934
"42069101400","tract",2019,"education_state_rnk",5.1702
"42069101600","tract",2019,"education_state_rnk",10.1798
"42069101700","tract",2019,"education_state_rnk",45.745
"42069101800","tract",2019,"education_state_rnk",32.2575
"42069101900","tract",2019,"education_state_rnk",16.0726
"42069102000","tract",2019,"education_state_rnk",9.1522
"42069102100","tract",2019,"education_state_rnk",50.2408
"42069102200","tract",2019,"education_state_rnk",29.1747
"42069102300","tract",2019,"education_state_rnk",30.6519
"42069102500","tract",2019,"education_state_rnk",5.5556
"42069102600","tract",2019,"education_state_rnk",5.6198
"42069102700","tract",2019,"education_state_rnk",16.3134
"42069102800","tract",2019,"education_state_rnk",75.0803
"42069102900","tract",2019,"education_state_rnk",6.808
"42069103000","tract",2019,"education_state_rnk",17.5658
"42069103100","tract",2019,"education_state_rnk",45.3436
"42069110100","tract",2019,"education_state_rnk",42.4855
"42069110201","tract",2019,"education_state_rnk",70.4399
"42069110202","tract",2019,"education_state_rnk",46.58
"42069110300","tract",2019,"education_state_rnk",70.2633
"42069110401","tract",2019,"education_state_rnk",90.2055
"42069110402","tract",2019,"education_state_rnk",96.307
"42069110403","tract",2019,"education_state_rnk",58.2209
"42069110500","tract",2019,"education_state_rnk",67.887
"42069110600","tract",2019,"education_state_rnk",46.4033
"42069110700","tract",2019,"education_state_rnk",23.8439
"42069110800","tract",2019,"education_state_rnk",19.3963
"42069110900","tract",2019,"education_state_rnk",40.7996
"42069111000","tract",2019,"education_state_rnk",60.3243
"42069111100","tract",2019,"education_state_rnk",53.3237
"42069111200","tract",2019,"education_state_rnk",71.4997
"42069111300","tract",2019,"education_state_rnk",69.894
"42069111400","tract",2019,"education_state_rnk",17.5979
"42069111500","tract",2019,"education_state_rnk",54.9294
"42069111600","tract",2019,"education_state_rnk",59.9872
"42069111700","tract",2019,"education_state_rnk",48.1856
"42069111800","tract",2019,"education_state_rnk",52.0873
"42069112000","tract",2019,"education_state_rnk",47.4149
"42069112100","tract",2019,"education_state_rnk",77.3443
"42069112200","tract",2019,"education_state_rnk",78.6288
"42069112300","tract",2019,"education_state_rnk",37.4438
"42069112400","tract",2019,"education_state_rnk",30.6519
"42069112500","tract",2019,"education_state_rnk",29.9615
"42069112600","tract",2019,"education_state_rnk",64.2742
"42069112700","tract",2019,"education_state_rnk",74.2935
"42069112800","tract",2019,"education_state_rnk",56.6956
"42069112901","tract",2019,"education_state_rnk",56.5671
"42069112902","tract",2019,"education_state_rnk",54.9294
"42071000100","tract",2019,"education_state_rnk",6.3584
"42071000200","tract",2019,"education_state_rnk",4.9133
"42071000300","tract",2019,"education_state_rnk",28.4522
"42071000400","tract",2019,"education_state_rnk",11.4322
"42071000500","tract",2019,"education_state_rnk",24.6628
"42071000600","tract",2019,"education_state_rnk",77.3443
"42071000700","tract",2019,"education_state_rnk",14.772
"42071000800","tract",2019,"education_state_rnk",3.2755
"42071000900","tract",2019,"education_state_rnk",1.8626
"42071001000","tract",2019,"education_state_rnk",5.8446
"42071001100","tract",2019,"education_state_rnk",31.1657
"42071001200","tract",2019,"education_state_rnk",11.9461
"42071001400","tract",2019,"education_state_rnk",1.7662
"42071010101","tract",2019,"education_state_rnk",12.7649
"42071010102","tract",2019,"education_state_rnk",14.2261
"42071010201","tract",2019,"education_state_rnk",8.6705
"42071010202","tract",2019,"education_state_rnk",5.106
"42071010300","tract",2019,"education_state_rnk",35.501
"42071010400","tract",2019,"education_state_rnk",30.0739
"42071010501","tract",2019,"education_state_rnk",41.3937
"42071010502","tract",2019,"education_state_rnk",56.2139
"42071010600","tract",2019,"education_state_rnk",51.1561
"42071010701","tract",2019,"education_state_rnk",27.5209
"42071010702","tract",2019,"education_state_rnk",27.8099
"42071010801","tract",2019,"education_state_rnk",57.6429
"42071010802","tract",2019,"education_state_rnk",41.6988
"42071010900","tract",2019,"education_state_rnk",53.0829
"42071011000","tract",2019,"education_state_rnk",51.7502
"42071011100","tract",2019,"education_state_rnk",39.772
"42071011200","tract",2019,"education_state_rnk",6.7116
"42071011300","tract",2019,"education_state_rnk",42.052
"42071011400","tract",2019,"education_state_rnk",9.4091
"42071011502","tract",2019,"education_state_rnk",17.1805
"42071011503","tract",2019,"education_state_rnk",46.4997
"42071011504","tract",2019,"education_state_rnk",60.4528
"42071011600","tract",2019,"education_state_rnk",51.6057
"42071011701","tract",2019,"education_state_rnk",75.3051
"42071011703","tract",2019,"education_state_rnk",77.264
"42071011704","tract",2019,"education_state_rnk",68.8825
"42071011705","tract",2019,"education_state_rnk",76.5575
"42071011801","tract",2019,"education_state_rnk",78.42
"42071011802","tract",2019,"education_state_rnk",67.7906
"42071011803","tract",2019,"education_state_rnk",40.4785
"42071011804","tract",2019,"education_state_rnk",65.5909
"42071011805","tract",2019,"education_state_rnk",70.9698
"42071011901","tract",2019,"education_state_rnk",73.298
"42071011902","tract",2019,"education_state_rnk",68.0315
"42071012001","tract",2019,"education_state_rnk",67.4534
"42071012002","tract",2019,"education_state_rnk",49.6949
"42071012102","tract",2019,"education_state_rnk",34.4412
"42071012103","tract",2019,"education_state_rnk",69.2678
"42071012104","tract",2019,"education_state_rnk",37.3635
"42071012200","tract",2019,"education_state_rnk",7.2897
"42071012301","tract",2019,"education_state_rnk",53.4361
"42071012302","tract",2019,"education_state_rnk",28.1792
"42071012402","tract",2019,"education_state_rnk",36.2235
"42071012403","tract",2019,"education_state_rnk",17.6622
"42071012404","tract",2019,"education_state_rnk",9.955
"42071012501","tract",2019,"education_state_rnk",38.632
"42071012502","tract",2019,"education_state_rnk",10.8863
"42071012601","tract",2019,"education_state_rnk",4.0784
"42071012602","tract",2019,"education_state_rnk",1.2845
"42071012700","tract",2019,"education_state_rnk",3.1792
"42071012800","tract",2019,"education_state_rnk",12.1708
"42071012900","tract",2019,"education_state_rnk",0.6262
"42071013000","tract",2019,"education_state_rnk",5.3308
"42071013101","tract",2019,"education_state_rnk",7.3539
"42071013102","tract",2019,"education_state_rnk",4.4637
"42071013202","tract",2019,"education_state_rnk",14.3064
"42071013203","tract",2019,"education_state_rnk",26.1561
"42071013204","tract",2019,"education_state_rnk",2.5369
"42071013301","tract",2019,"education_state_rnk",33.8471
"42071013303","tract",2019,"education_state_rnk",40.1413
"42071013304","tract",2019,"education_state_rnk",45.745
"42071013400","tract",2019,"education_state_rnk",46.1785
"42071013501","tract",2019,"education_state_rnk",34.4412
"42071013502","tract",2019,"education_state_rnk",48.0572
"42071013503","tract",2019,"education_state_rnk",85.1317
"42071013601","tract",2019,"education_state_rnk",20.8414
"42071013602","tract",2019,"education_state_rnk",51.5575
"42071013701","tract",2019,"education_state_rnk",23.3783
"42071013702","tract",2019,"education_state_rnk",49.8234
"42071013800","tract",2019,"education_state_rnk",43.0957
"42071013901","tract",2019,"education_state_rnk",53.2595
"42071013902","tract",2019,"education_state_rnk",45.8414
"42071014000","tract",2019,"education_state_rnk",27.1195
"42071014101","tract",2019,"education_state_rnk",0.2248
"42071014102","tract",2019,"education_state_rnk",1.6057
"42071014201","tract",2019,"education_state_rnk",0.7065
"42071014202","tract",2019,"education_state_rnk",2.7296
"42071014300","tract",2019,"education_state_rnk",0.8992
"42071014401","tract",2019,"education_state_rnk",7.7392
"42071014402","tract",2019,"education_state_rnk",3.7572
"42071014501","tract",2019,"education_state_rnk",39.499
"42071014502","tract",2019,"education_state_rnk",3.1471
"42071014601","tract",2019,"education_state_rnk",11.3359
"42071014602","tract",2019,"education_state_rnk",6.3263
"42071014700","tract",2019,"education_state_rnk",0.7707
"42073000100","tract",2019,"education_state_rnk",43.2723
"42073000200","tract",2019,"education_state_rnk",19.0591
"42073000300","tract",2019,"education_state_rnk",28.3237
"42073000400","tract",2019,"education_state_rnk",11.1111
"42073000600","tract",2019,"education_state_rnk",7.4181
"42073000700","tract",2019,"education_state_rnk",16.185
"42073000800","tract",2019,"education_state_rnk",24.1329
"42073000900","tract",2019,"education_state_rnk",15.9762
"42073001000","tract",2019,"education_state_rnk",28.115
"42073010100","tract",2019,"education_state_rnk",51.1561
"42073010201","tract",2019,"education_state_rnk",88.0861
"42073010202","tract",2019,"education_state_rnk",9.9229
"42073010300","tract",2019,"education_state_rnk",NA
"42073010400","tract",2019,"education_state_rnk",11.4644
"42073010500","tract",2019,"education_state_rnk",44.8298
"42073010600","tract",2019,"education_state_rnk",56.2781
"42073010700","tract",2019,"education_state_rnk",31.6795
"42073010800","tract",2019,"education_state_rnk",80.6037
"42073010900","tract",2019,"education_state_rnk",15.7193
"42073011000","tract",2019,"education_state_rnk",52.0231
"42073011100","tract",2019,"education_state_rnk",40.4785
"42073011200","tract",2019,"education_state_rnk",49.3577
"42073011300","tract",2019,"education_state_rnk",30.8285
"42073011400","tract",2019,"education_state_rnk",26.413
"42073011500","tract",2019,"education_state_rnk",53.693
"42073011600","tract",2019,"education_state_rnk",62.0103
"42073011700","tract",2019,"education_state_rnk",62.8452
"42073011800","tract",2019,"education_state_rnk",11.368
"42075000100","tract",2019,"education_state_rnk",15.2376
"42075000200","tract",2019,"education_state_rnk",28.1792
"42075000300","tract",2019,"education_state_rnk",2.3443
"42075000401","tract",2019,"education_state_rnk",8.3815
"42075000402","tract",2019,"education_state_rnk",10.1477
"42075000500","tract",2019,"education_state_rnk",11.1753
"42075002000","tract",2019,"education_state_rnk",54.4798
"42075002100","tract",2019,"education_state_rnk",13.8407
"42075002200","tract",2019,"education_state_rnk",16.1207
"42075002300","tract",2019,"education_state_rnk",38.07
"42075002400","tract",2019,"education_state_rnk",16.4419
"42075002500","tract",2019,"education_state_rnk",24.0527
"42075002600","tract",2019,"education_state_rnk",67.052
"42075002701","tract",2019,"education_state_rnk",35.7739
"42075002702","tract",2019,"education_state_rnk",11.1432
"42075002800","tract",2019,"education_state_rnk",21.4355
"42075002900","tract",2019,"education_state_rnk",29.6724
"42075003000","tract",2019,"education_state_rnk",8.1246
"42075003100","tract",2019,"education_state_rnk",7.5787
"42075003200","tract",2019,"education_state_rnk",26.9589
"42075003300","tract",2019,"education_state_rnk",10.228
"42075003400","tract",2019,"education_state_rnk",47.3025
"42075003500","tract",2019,"education_state_rnk",24.6307
"42075003600","tract",2019,"education_state_rnk",17.8548
"42075003700","tract",2019,"education_state_rnk",25.4978
"42075003800","tract",2019,"education_state_rnk",84.6821
"42075003901","tract",2019,"education_state_rnk",15.5909
"42075003902","tract",2019,"education_state_rnk",48.86
"42075004000","tract",2019,"education_state_rnk",54.8812
"42075004100","tract",2019,"education_state_rnk",64.1458
"42075004200","tract",2019,"education_state_rnk",85.2922
"42077000101","tract",2019,"education_state_rnk",33.6063
"42077000102","tract",2019,"education_state_rnk",12.8131
"42077000400","tract",2019,"education_state_rnk",0.4175
"42077000500","tract",2019,"education_state_rnk",2.7938
"42077000600","tract",2019,"education_state_rnk",13.07
"42077000700","tract",2019,"education_state_rnk",2.1837
"42077000800","tract",2019,"education_state_rnk",0.8349
"42077000900","tract",2019,"education_state_rnk",1.6699
"42077001000","tract",2019,"education_state_rnk",2.3121
"42077001200","tract",2019,"education_state_rnk",NA
"42077001401","tract",2019,"education_state_rnk",3.8536
"42077001402","tract",2019,"education_state_rnk",39.1618
"42077001501","tract",2019,"education_state_rnk",28.8375
"42077001502","tract",2019,"education_state_rnk",40.5267
"42077001600","tract",2019,"education_state_rnk",1.3809
"42077001700","tract",2019,"education_state_rnk",1.0276
"42077001800","tract",2019,"education_state_rnk",2.9223
"42077001900","tract",2019,"education_state_rnk",3.7251
"42077002000","tract",2019,"education_state_rnk",1.8304
"42077002100","tract",2019,"education_state_rnk",14.5793
"42077002201","tract",2019,"education_state_rnk",54.4798
"42077002202","tract",2019,"education_state_rnk",NA
"42077002301","tract",2019,"education_state_rnk",78.3879
"42077002302","tract",2019,"education_state_rnk",49.4701
"42077005100","tract",2019,"education_state_rnk",27.3443
"42077005200","tract",2019,"education_state_rnk",68.6416
"42077005301","tract",2019,"education_state_rnk",59.361
"42077005302","tract",2019,"education_state_rnk",81.8401
"42077005401","tract",2019,"education_state_rnk",62.6846
"42077005402","tract",2019,"education_state_rnk",56.9685
"42077005503","tract",2019,"education_state_rnk",76.7983
"42077005504","tract",2019,"education_state_rnk",52.7938
"42077005505","tract",2019,"education_state_rnk",72.5112
"42077005506","tract",2019,"education_state_rnk",44.7013
"42077005601","tract",2019,"education_state_rnk",57.8035
"42077005602","tract",2019,"education_state_rnk",33.1728
"42077005702","tract",2019,"education_state_rnk",48.1374
"42077005703","tract",2019,"education_state_rnk",36.7694
"42077005704","tract",2019,"education_state_rnk",44.5568
"42077005705","tract",2019,"education_state_rnk",65.7996
"42077005800","tract",2019,"education_state_rnk",46.885
"42077005901","tract",2019,"education_state_rnk",53.1471
"42077005902","tract",2019,"education_state_rnk",44.027
"42077006001","tract",2019,"education_state_rnk",64.499
"42077006002","tract",2019,"education_state_rnk",80.668
"42077006101","tract",2019,"education_state_rnk",76.7502
"42077006102","tract",2019,"education_state_rnk",60.5973
"42077006202","tract",2019,"education_state_rnk",76.2524
"42077006203","tract",2019,"education_state_rnk",88.4072
"42077006204","tract",2019,"education_state_rnk",68.2081
"42077006302","tract",2019,"education_state_rnk",71.7405
"42077006303","tract",2019,"education_state_rnk",69.1715
"42077006304","tract",2019,"education_state_rnk",70.4881
"42077006305","tract",2019,"education_state_rnk",62.6525
"42077006307","tract",2019,"education_state_rnk",87.5562
"42077006308","tract",2019,"education_state_rnk",86.3841
"42077006401","tract",2019,"education_state_rnk",70.0225
"42077006402","tract",2019,"education_state_rnk",76.6217
"42077006500","tract",2019,"education_state_rnk",31.0533
"42077006600","tract",2019,"education_state_rnk",91.7791
"42077006701","tract",2019,"education_state_rnk",36.5286
"42077006702","tract",2019,"education_state_rnk",50.7547
"42077006703","tract",2019,"education_state_rnk",81.7598
"42077006800","tract",2019,"education_state_rnk",33.3012
"42077006902","tract",2019,"education_state_rnk",42.2608
"42077006903","tract",2019,"education_state_rnk",55.7322
"42077006905","tract",2019,"education_state_rnk",77.1195
"42077006906","tract",2019,"education_state_rnk",78.4843
"42077007000","tract",2019,"education_state_rnk",82.0167
"42077009100","tract",2019,"education_state_rnk",55.2665
"42077009200","tract",2019,"education_state_rnk",74.7431
"42077009300","tract",2019,"education_state_rnk",71.2749
"42077009400","tract",2019,"education_state_rnk",35.4367
"42077009500","tract",2019,"education_state_rnk",42.5498
"42077009600","tract",2019,"education_state_rnk",5.7482
"42077009700","tract",2019,"education_state_rnk",12.8773
"42079200100","tract",2019,"education_state_rnk",NA
"42079200200","tract",2019,"education_state_rnk",22.5594
"42079200300","tract",2019,"education_state_rnk",52.553
"42079200400","tract",2019,"education_state_rnk",10.7579
"42079200500","tract",2019,"education_state_rnk",35.3565
"42079200600","tract",2019,"education_state_rnk",26.6057
"42079200700","tract",2019,"education_state_rnk",6.0373
"42079200800","tract",2019,"education_state_rnk",4.3995
"42079200900","tract",2019,"education_state_rnk",4.3674
"42079201000","tract",2019,"education_state_rnk",5.1381
"42079201100","tract",2019,"education_state_rnk",7.7714
"42079201200","tract",2019,"education_state_rnk",NA
"42079201300","tract",2019,"education_state_rnk",7.2575
"42079201400","tract",2019,"education_state_rnk",12.6204
"42079201500","tract",2019,"education_state_rnk",25.0803
"42079201600","tract",2019,"education_state_rnk",50.1927
"42079210100","tract",2019,"education_state_rnk",44.1233
"42079210200","tract",2019,"education_state_rnk",50.9152
"42079210300","tract",2019,"education_state_rnk",56.3905
"42079210400","tract",2019,"education_state_rnk",52.7136
"42079210500","tract",2019,"education_state_rnk",65.6712
"42079210600","tract",2019,"education_state_rnk",30.5877
"42079210700","tract",2019,"education_state_rnk",12.4438
"42079210800","tract",2019,"education_state_rnk",22.7521
"42079210900","tract",2019,"education_state_rnk",8.4939
"42079211000","tract",2019,"education_state_rnk",64.6435
"42079211101","tract",2019,"education_state_rnk",42.0039
"42079211102","tract",2019,"education_state_rnk",61.5768
"42079211201","tract",2019,"education_state_rnk",82.3378
"42079211203","tract",2019,"education_state_rnk",86.1753
"42079211204","tract",2019,"education_state_rnk",61.1111
"42079211205","tract",2019,"education_state_rnk",88.3269
"42079211301","tract",2019,"education_state_rnk",NA
"42079211302","tract",2019,"education_state_rnk",68.7058
"42079211303","tract",2019,"education_state_rnk",79.7688
"42079211304","tract",2019,"education_state_rnk",39.3706
"42079211400","tract",2019,"education_state_rnk",82.3378
"42079211500","tract",2019,"education_state_rnk",66.4258
"42079211600","tract",2019,"education_state_rnk",69.2357
"42079211701","tract",2019,"education_state_rnk",78.5485
"42079211702","tract",2019,"education_state_rnk",85.8382
"42079211800","tract",2019,"education_state_rnk",49.1972
"42079211900","tract",2019,"education_state_rnk",74.1169
"42079212000","tract",2019,"education_state_rnk",55.973
"42079212100","tract",2019,"education_state_rnk",76.429
"42079212200","tract",2019,"education_state_rnk",79.1426
"42079212300","tract",2019,"education_state_rnk",65.7033
"42079212700","tract",2019,"education_state_rnk",20.5684
"42079212800","tract",2019,"education_state_rnk",93.5774
"42079212900","tract",2019,"education_state_rnk",56.9685
"42079213000","tract",2019,"education_state_rnk",55.7322
"42079213100","tract",2019,"education_state_rnk",63.5678
"42079213200","tract",2019,"education_state_rnk",37.219
"42079213300","tract",2019,"education_state_rnk",62.6044
"42079213400","tract",2019,"education_state_rnk",71.4515
"42079213600","tract",2019,"education_state_rnk",15.7996
"42079213700","tract",2019,"education_state_rnk",21.9011
"42079213800","tract",2019,"education_state_rnk",37.4759
"42079213900","tract",2019,"education_state_rnk",22.6879
"42079214000","tract",2019,"education_state_rnk",58.1888
"42079214100","tract",2019,"education_state_rnk",9.0559
"42079214200","tract",2019,"education_state_rnk",16.9557
"42079214300","tract",2019,"education_state_rnk",32.0809
"42079214400","tract",2019,"education_state_rnk",50.4656
"42079214500","tract",2019,"education_state_rnk",43.9467
"42079214600","tract",2019,"education_state_rnk",44.8298
"42079214900","tract",2019,"education_state_rnk",42.7103
"42079215000","tract",2019,"education_state_rnk",21.5318
"42079215100","tract",2019,"education_state_rnk",13.7123
"42079215200","tract",2019,"education_state_rnk",33.5581
"42079215300","tract",2019,"education_state_rnk",72.4149
"42079215400","tract",2019,"education_state_rnk",63.2627
"42079215501","tract",2019,"education_state_rnk",72.6397
"42079215502","tract",2019,"education_state_rnk",74.4701
"42079215503","tract",2019,"education_state_rnk",74.5665
"42079215504","tract",2019,"education_state_rnk",56.9043
"42079215600","tract",2019,"education_state_rnk",54.0302
"42079215701","tract",2019,"education_state_rnk",33.1728
"42079215702","tract",2019,"education_state_rnk",49.2614
"42079215800","tract",2019,"education_state_rnk",29.5922
"42079215900","tract",2019,"education_state_rnk",41.0726
"42079216000","tract",2019,"education_state_rnk",5.973
"42079216100","tract",2019,"education_state_rnk",50.289
"42079216200","tract",2019,"education_state_rnk",44.7013
"42079216400","tract",2019,"education_state_rnk",60.8542
"42079216501","tract",2019,"education_state_rnk",67.1805
"42079216502","tract",2019,"education_state_rnk",37.9255
"42079216600","tract",2019,"education_state_rnk",73.1696
"42079216700","tract",2019,"education_state_rnk",12.0103
"42079216800","tract",2019,"education_state_rnk",20.6166
"42079216900","tract",2019,"education_state_rnk",37.8131
"42079217001","tract",2019,"education_state_rnk",21.7084
"42079217002","tract",2019,"education_state_rnk",29.3192
"42079217100","tract",2019,"education_state_rnk",8.9917
"42079217200","tract",2019,"education_state_rnk",0.8671
"42079217300","tract",2019,"education_state_rnk",69.0751
"42079217400","tract",2019,"education_state_rnk",2.5048
"42079217500","tract",2019,"education_state_rnk",0.6744
"42079217600","tract",2019,"education_state_rnk",0.9313
"42079217700","tract",2019,"education_state_rnk",4.7367
"42079217800","tract",2019,"education_state_rnk",3.3076
"42079217900","tract",2019,"education_state_rnk",5.8767
"42079218000","tract",2019,"education_state_rnk",43.7058
"42079980100","tract",2019,"education_state_rnk",NA
"42081000100","tract",2019,"education_state_rnk",64.9165
"42081000200","tract",2019,"education_state_rnk",73.0732
"42081000300","tract",2019,"education_state_rnk",13.1182
"42081000400","tract",2019,"education_state_rnk",31.4387
"42081000500","tract",2019,"education_state_rnk",NA
"42081000600","tract",2019,"education_state_rnk",39.499
"42081000800","tract",2019,"education_state_rnk",NA
"42081000900","tract",2019,"education_state_rnk",20.4881
"42081001000","tract",2019,"education_state_rnk",33.4939
"42081010100","tract",2019,"education_state_rnk",25.3372
"42081010200","tract",2019,"education_state_rnk",46.9653
"42081010300","tract",2019,"education_state_rnk",32.4984
"42081010400","tract",2019,"education_state_rnk",46.1785
"42081010500","tract",2019,"education_state_rnk",55.6198
"42081010600","tract",2019,"education_state_rnk",34.2164
"42081010700","tract",2019,"education_state_rnk",28.8375
"42081010800","tract",2019,"education_state_rnk",37.0906
"42081010900","tract",2019,"education_state_rnk",78.0829
"42081011000","tract",2019,"education_state_rnk",54.4316
"42081011100","tract",2019,"education_state_rnk",57.2094
"42081011200","tract",2019,"education_state_rnk",81.1978
"42081011301","tract",2019,"education_state_rnk",30.9891
"42081011302","tract",2019,"education_state_rnk",46.6442
"42081011400","tract",2019,"education_state_rnk",21.018
"42081011601","tract",2019,"education_state_rnk",54.7848
"42081011602","tract",2019,"education_state_rnk",50.0321
"42081011700","tract",2019,"education_state_rnk",14.9004
"42081011800","tract",2019,"education_state_rnk",36.352
"42081011900","tract",2019,"education_state_rnk",13.2627
"42083420100","tract",2019,"education_state_rnk",76.429
"42083420200","tract",2019,"education_state_rnk",5.0739
"42083420300","tract",2019,"education_state_rnk",31.8882
"42083420400","tract",2019,"education_state_rnk",37.2832
"42083420500","tract",2019,"education_state_rnk",45.5363
"42083420600","tract",2019,"education_state_rnk",35.1477
"42083420700","tract",2019,"education_state_rnk",35.6776
"42083420800","tract",2019,"education_state_rnk",37.8934
"42083420900","tract",2019,"education_state_rnk",33.6545
"42083421000","tract",2019,"education_state_rnk",NA
"42083421100","tract",2019,"education_state_rnk",32.8677
"42083421200","tract",2019,"education_state_rnk",46.1785
"42085030100","tract",2019,"education_state_rnk",14.9326
"42085030300","tract",2019,"education_state_rnk",11.4001
"42085030400","tract",2019,"education_state_rnk",54.5761
"42085030500","tract",2019,"education_state_rnk",8.3494
"42085030900","tract",2019,"education_state_rnk",22.447
"42085031100","tract",2019,"education_state_rnk",16.474
"42085031200","tract",2019,"education_state_rnk",72.9287
"42085031300","tract",2019,"education_state_rnk",73.7636
"42085031400","tract",2019,"education_state_rnk",59.7303
"42085031700","tract",2019,"education_state_rnk",57.2736
"42085031800","tract",2019,"education_state_rnk",21.6121
"42085031900","tract",2019,"education_state_rnk",53.3879
"42085032000","tract",2019,"education_state_rnk",14.7078
"42085032100","tract",2019,"education_state_rnk",16.2492
"42085032200","tract",2019,"education_state_rnk",33.1728
"42085032300","tract",2019,"education_state_rnk",68.4811
"42085032400","tract",2019,"education_state_rnk",63.9049
"42085032501","tract",2019,"education_state_rnk",13.7765
"42085032502","tract",2019,"education_state_rnk",47.9448
"42085032601","tract",2019,"education_state_rnk",38.07
"42085032602","tract",2019,"education_state_rnk",NA
"42085032701","tract",2019,"education_state_rnk",33.3012
"42085032702","tract",2019,"education_state_rnk",10.9345
"42085032800","tract",2019,"education_state_rnk",44.2518
"42085032900","tract",2019,"education_state_rnk",71.7084
"42085033000","tract",2019,"education_state_rnk",NA
"42085033100","tract",2019,"education_state_rnk",21.7726
"42085033200","tract",2019,"education_state_rnk",4.2389
"42085033300","tract",2019,"education_state_rnk",28.2595
"42085033400","tract",2019,"education_state_rnk",33.9114
"42087960100","tract",2019,"education_state_rnk",5.0096
"42087960200","tract",2019,"education_state_rnk",10.4689
"42087960300","tract",2019,"education_state_rnk",1.4451
"42087960400","tract",2019,"education_state_rnk",10.7258
"42087960500","tract",2019,"education_state_rnk",22.6236
"42087960600","tract",2019,"education_state_rnk",29.9615
"42087960700","tract",2019,"education_state_rnk",5.2344
"42087960800","tract",2019,"education_state_rnk",20.8895
"42087960900","tract",2019,"education_state_rnk",29.817
"42087961000","tract",2019,"education_state_rnk",17.6622
"42087961100","tract",2019,"education_state_rnk",48.9242
"42087961200","tract",2019,"education_state_rnk",9.6821
"42089300101","tract",2019,"education_state_rnk",29.3513
"42089300102","tract",2019,"education_state_rnk",19.7816
"42089300201","tract",2019,"education_state_rnk",60.228
"42089300202","tract",2019,"education_state_rnk",46.7405
"42089300301","tract",2019,"education_state_rnk",15.0289
"42089300304","tract",2019,"education_state_rnk",82.2254
"42089300305","tract",2019,"education_state_rnk",16.185
"42089300307","tract",2019,"education_state_rnk",14.3545
"42089300308","tract",2019,"education_state_rnk",32.4984
"42089300309","tract",2019,"education_state_rnk",24.1329
"42089300311","tract",2019,"education_state_rnk",87.9576
"42089300312","tract",2019,"education_state_rnk",76.3648
"42089300401","tract",2019,"education_state_rnk",73.4104
"42089300402","tract",2019,"education_state_rnk",31.4387
"42089300403","tract",2019,"education_state_rnk",46.2428
"42089300501","tract",2019,"education_state_rnk",72.0938
"42089300502","tract",2019,"education_state_rnk",36.2877
"42089300600","tract",2019,"education_state_rnk",34.8105
"42089300700","tract",2019,"education_state_rnk",13.4393
"42089300800","tract",2019,"education_state_rnk",20.6647
"42089300900","tract",2019,"education_state_rnk",16.7148
"42089301001","tract",2019,"education_state_rnk",49.3096
"42089301002","tract",2019,"education_state_rnk",23.571
"42089301101","tract",2019,"education_state_rnk",66.6988
"42089301102","tract",2019,"education_state_rnk",43.0957
"42089301202","tract",2019,"education_state_rnk",33.7669
"42089301203","tract",2019,"education_state_rnk",57.7553
"42089301204","tract",2019,"education_state_rnk",16.9878
"42089301205","tract",2019,"education_state_rnk",39.8362
"42089301301","tract",2019,"education_state_rnk",46.7405
"42089301302","tract",2019,"education_state_rnk",35.6776
"42089301401","tract",2019,"education_state_rnk",47.8163
"42089301402","tract",2019,"education_state_rnk",37.0103
"42091200103","tract",2019,"education_state_rnk",68.2081
"42091200104","tract",2019,"education_state_rnk",80.6358
"42091200105","tract",2019,"education_state_rnk",77.6172
"42091200106","tract",2019,"education_state_rnk",77.2319
"42091200200","tract",2019,"education_state_rnk",79.5119
"42091200301","tract",2019,"education_state_rnk",68.5934
"42091200305","tract",2019,"education_state_rnk",80.8767
"42091200306","tract",2019,"education_state_rnk",77.7136
"42091200307","tract",2019,"education_state_rnk",67.0039
"42091200308","tract",2019,"education_state_rnk",68.0315
"42091200309","tract",2019,"education_state_rnk",72.2864
"42091200310","tract",2019,"education_state_rnk",91.6827
"42091200401","tract",2019,"education_state_rnk",71.3552
"42091200402","tract",2019,"education_state_rnk",51.0276
"42091200501","tract",2019,"education_state_rnk",67.2286
"42091200502","tract",2019,"education_state_rnk",48.3622
"42091200505","tract",2019,"education_state_rnk",87.1066
"42091200506","tract",2019,"education_state_rnk",89.5633
"42091200507","tract",2019,"education_state_rnk",75.9955
"42091200602","tract",2019,"education_state_rnk",90.1734
"42091200603","tract",2019,"education_state_rnk",86.4162
"42091200605","tract",2019,"education_state_rnk",85.9987
"42091200606","tract",2019,"education_state_rnk",86.7694
"42091200607","tract",2019,"education_state_rnk",93.0475
"42091200703","tract",2019,"education_state_rnk",62.1869
"42091200704","tract",2019,"education_state_rnk",70.0225
"42091200707","tract",2019,"education_state_rnk",48.5549
"42091200708","tract",2019,"education_state_rnk",56.0051
"42091200800","tract",2019,"education_state_rnk",42.8709
"42091200901","tract",2019,"education_state_rnk",28.2916
"42091200902","tract",2019,"education_state_rnk",52.0231
"42091200903","tract",2019,"education_state_rnk",40.6872
"42091200906","tract",2019,"education_state_rnk",89.0816
"42091200907","tract",2019,"education_state_rnk",90.9762
"42091200908","tract",2019,"education_state_rnk",49.5825
"42091201003","tract",2019,"education_state_rnk",85.1959
"42091201004","tract",2019,"education_state_rnk",76.3166
"42091201005","tract",2019,"education_state_rnk",95.8895
"42091201006","tract",2019,"education_state_rnk",98.9403
"42091201100","tract",2019,"education_state_rnk",82.9159
"42091201201","tract",2019,"education_state_rnk",96.4997
"42091201203","tract",2019,"education_state_rnk",87.2672
"42091201204","tract",2019,"education_state_rnk",77.1195
"42091201301","tract",2019,"education_state_rnk",90.7675
"42091201302","tract",2019,"education_state_rnk",32.675
"42091201404","tract",2019,"education_state_rnk",79.1426
"42091201406","tract",2019,"education_state_rnk",92.8709
"42091201407","tract",2019,"education_state_rnk",79.8972
"42091201408","tract",2019,"education_state_rnk",95.0225
"42091201409","tract",2019,"education_state_rnk",94.8619
"42091201410","tract",2019,"education_state_rnk",84.4573
"42091201411","tract",2019,"education_state_rnk",86.9782
"42091201501","tract",2019,"education_state_rnk",94.9583
"42091201502","tract",2019,"education_state_rnk",97.7681
"42091201603","tract",2019,"education_state_rnk",66.7309
"42091201604","tract",2019,"education_state_rnk",69.8459
"42091201605","tract",2019,"education_state_rnk",78.2274
"42091201606","tract",2019,"education_state_rnk",54.3513
"42091201607","tract",2019,"education_state_rnk",97.3988
"42091201608","tract",2019,"education_state_rnk",86.3038
"42091201703","tract",2019,"education_state_rnk",78.0829
"42091201704","tract",2019,"education_state_rnk",68.8504
"42091201705","tract",2019,"education_state_rnk",78.8054
"42091201706","tract",2019,"education_state_rnk",70.9216
"42091201800","tract",2019,"education_state_rnk",88.4554
"42091201901","tract",2019,"education_state_rnk",85.3404
"42091201902","tract",2019,"education_state_rnk",84.3128
"42091202000","tract",2019,"education_state_rnk",77.9705
"42091202100","tract",2019,"education_state_rnk",91.3616
"42091202201","tract",2019,"education_state_rnk",74.0527
"42091202202","tract",2019,"education_state_rnk",59.6981
"42091202301","tract",2019,"education_state_rnk",92.0681
"42091202302","tract",2019,"education_state_rnk",95.6808
"42091202401","tract",2019,"education_state_rnk",65.9281
"42091202402","tract",2019,"education_state_rnk",67.9512
"42091202500","tract",2019,"education_state_rnk",48.1856
"42091202602","tract",2019,"education_state_rnk",90.061
"42091202603","tract",2019,"education_state_rnk",66.6667
"42091202604","tract",2019,"education_state_rnk",92.7746
"42091203000","tract",2019,"education_state_rnk",94.1875
"42091203103","tract",2019,"education_state_rnk",95.9377
"42091203104","tract",2019,"education_state_rnk",95.183
"42091203105","tract",2019,"education_state_rnk",94.7977
"42091203106","tract",2019,"education_state_rnk",91.2331
"42091203203","tract",2019,"education_state_rnk",92.3732
"42091203204","tract",2019,"education_state_rnk",92.4855
"42091203205","tract",2019,"education_state_rnk",93.3205
"42091203207","tract",2019,"education_state_rnk",96.3712
"42091203208","tract",2019,"education_state_rnk",98.2017
"42091203302","tract",2019,"education_state_rnk",83.9114
"42091203303","tract",2019,"education_state_rnk",96.1143
"42091203304","tract",2019,"education_state_rnk",97.0456
"42091203401","tract",2019,"education_state_rnk",79.3834
"42091203402","tract",2019,"education_state_rnk",87.6365
"42091203403","tract",2019,"education_state_rnk",87.203
"42091203500","tract",2019,"education_state_rnk",18.4971
"42091203601","tract",2019,"education_state_rnk",9.2004
"42091203602","tract",2019,"education_state_rnk",58.9435
"42091203700","tract",2019,"education_state_rnk",39.5954
"42091203801","tract",2019,"education_state_rnk",13.2306
"42091203803","tract",2019,"education_state_rnk",9.2807
"42091203804","tract",2019,"education_state_rnk",5.4913
"42091203901","tract",2019,"education_state_rnk",1.1882
"42091203902","tract",2019,"education_state_rnk",20.1188
"42091204002","tract",2019,"education_state_rnk",53.7572
"42091204007","tract",2019,"education_state_rnk",84.0398
"42091204008","tract",2019,"education_state_rnk",96.6924
"42091204009","tract",2019,"education_state_rnk",98.1696
"42091204010","tract",2019,"education_state_rnk",91.201
"42091204101","tract",2019,"education_state_rnk",97.5112
"42091204102","tract",2019,"education_state_rnk",98.587
"42091204200","tract",2019,"education_state_rnk",99.0045
"42091204300","tract",2019,"education_state_rnk",98.7476
"42091204400","tract",2019,"education_state_rnk",94.1394
"42091204500","tract",2019,"education_state_rnk",98.9724
"42091204600","tract",2019,"education_state_rnk",99.422
"42091204701","tract",2019,"education_state_rnk",99.1651
"42091204702","tract",2019,"education_state_rnk",83.3815
"42091204800","tract",2019,"education_state_rnk",98.3301
"42091204900","tract",2019,"education_state_rnk",80.9409
"42091205000","tract",2019,"education_state_rnk",NA
"42091205100","tract",2019,"education_state_rnk",83.1888
"42091205200","tract",2019,"education_state_rnk",95.9377
"42091205300","tract",2019,"education_state_rnk",76.6699
"42091205400","tract",2019,"education_state_rnk",95.7611
"42091205501","tract",2019,"education_state_rnk",93.8022
"42091205502","tract",2019,"education_state_rnk",95.6326
"42091205503","tract",2019,"education_state_rnk",95.5363
"42091205600","tract",2019,"education_state_rnk",96.2107
"42091205700","tract",2019,"education_state_rnk",47.5112
"42091205801","tract",2019,"education_state_rnk",99.3577
"42091205805","tract",2019,"education_state_rnk",88.5035
"42091205806","tract",2019,"education_state_rnk",73.8279
"42091205807","tract",2019,"education_state_rnk",93.7701
"42091205808","tract",2019,"education_state_rnk",87.8773
"42091205809","tract",2019,"education_state_rnk",92.9351
"42091205903","tract",2019,"education_state_rnk",93.9627
"42091205904","tract",2019,"education_state_rnk",98.2498
"42091205905","tract",2019,"education_state_rnk",90.7675
"42091205906","tract",2019,"education_state_rnk",88.632
"42091206004","tract",2019,"education_state_rnk",65.5106
"42091206005","tract",2019,"education_state_rnk",77.5209
"42091206006","tract",2019,"education_state_rnk",96.596
"42091206007","tract",2019,"education_state_rnk",91.2653
"42091206102","tract",2019,"education_state_rnk",92.5337
"42091206104","tract",2019,"education_state_rnk",94.0912
"42091206105","tract",2019,"education_state_rnk",82.6268
"42091206106","tract",2019,"education_state_rnk",85.806
"42091206201","tract",2019,"education_state_rnk",45.4239
"42091206202","tract",2019,"education_state_rnk",61.7213
"42091206300","tract",2019,"education_state_rnk",NA
"42091206400","tract",2019,"education_state_rnk",74.1811
"42091206501","tract",2019,"education_state_rnk",86.8176
"42091206502","tract",2019,"education_state_rnk",71.885
"42091206600","tract",2019,"education_state_rnk",79.7206
"42091206702","tract",2019,"education_state_rnk",NA
"42091206703","tract",2019,"education_state_rnk",80.1381
"42091206704","tract",2019,"education_state_rnk",91.5222
"42091206801","tract",2019,"education_state_rnk",95.4078
"42091206802","tract",2019,"education_state_rnk",83.6224
"42091206901","tract",2019,"education_state_rnk",71.9332
"42091206904","tract",2019,"education_state_rnk",85.4207
"42091206905","tract",2019,"education_state_rnk",83.7829
"42091206906","tract",2019,"education_state_rnk",74.2453
"42091207001","tract",2019,"education_state_rnk",91.8754
"42091207003","tract",2019,"education_state_rnk",87.7168
"42091207004","tract",2019,"education_state_rnk",67.1323
"42091207101","tract",2019,"education_state_rnk",55.1541
"42091207103","tract",2019,"education_state_rnk",78.7572
"42091207104","tract",2019,"education_state_rnk",50.0321
"42091207201","tract",2019,"education_state_rnk",36.0148
"42091207202","tract",2019,"education_state_rnk",16.4098
"42091207300","tract",2019,"education_state_rnk",28.6127
"42091207400","tract",2019,"education_state_rnk",82.2736
"42091207500","tract",2019,"education_state_rnk",66.0405
"42091207600","tract",2019,"education_state_rnk",64.6917
"42091207800","tract",2019,"education_state_rnk",75.5138
"42091207900","tract",2019,"education_state_rnk",37.219
"42091208000","tract",2019,"education_state_rnk",28.7412
"42091208100","tract",2019,"education_state_rnk",39.772
"42091208201","tract",2019,"education_state_rnk",50.4175
"42091208203","tract",2019,"education_state_rnk",63.1342
"42091208204","tract",2019,"education_state_rnk",63.9852
"42091208301","tract",2019,"education_state_rnk",80.8125
"42091208302","tract",2019,"education_state_rnk",71.1304
"42091208400","tract",2019,"education_state_rnk",61.3198
"42091208500","tract",2019,"education_state_rnk",70.2312
"42091208601","tract",2019,"education_state_rnk",79.2871
"42091208603","tract",2019,"education_state_rnk",70.745
"42091208604","tract",2019,"education_state_rnk",85.517
"42091208702","tract",2019,"education_state_rnk",86.1753
"42091208703","tract",2019,"education_state_rnk",65.2537
"42091208704","tract",2019,"education_state_rnk",37.0103
"42091208801","tract",2019,"education_state_rnk",21.2107
"42091208802","tract",2019,"education_state_rnk",38.8568
"42091208901","tract",2019,"education_state_rnk",48.3141
"42091208903","tract",2019,"education_state_rnk",68.4329
"42091208904","tract",2019,"education_state_rnk",8.8953
"42091208905","tract",2019,"education_state_rnk",39.5954
"42091208906","tract",2019,"education_state_rnk",21.6602
"42091209000","tract",2019,"education_state_rnk",18.8825
"42091209100","tract",2019,"education_state_rnk",61.1111
"42091209201","tract",2019,"education_state_rnk",24.2935
"42091209202","tract",2019,"education_state_rnk",31.9846
"42091210100","tract",2019,"education_state_rnk",87.0584
"42091210200","tract",2019,"education_state_rnk",90.8478
"42091210300","tract",2019,"education_state_rnk",91.3295
"42091210400","tract",2019,"education_state_rnk",87.7649
"42091210500","tract",2019,"education_state_rnk",77.7457
"42091210600","tract",2019,"education_state_rnk",81.5992
"42091210700","tract",2019,"education_state_rnk",84.0719
"42093050100","tract",2019,"education_state_rnk",15.5909
"42093050200","tract",2019,"education_state_rnk",66.8593
"42093050300","tract",2019,"education_state_rnk",26.6699
"42093050400","tract",2019,"education_state_rnk",68.7058
"42095010100","tract",2019,"education_state_rnk",36.1432
"42095010200","tract",2019,"education_state_rnk",95.0706
"42095010300","tract",2019,"education_state_rnk",79.0623
"42095010400","tract",2019,"education_state_rnk",66.6024
"42095010500","tract",2019,"education_state_rnk",3.4682
"42095010600","tract",2019,"education_state_rnk",14.7399
"42095010700","tract",2019,"education_state_rnk",52.3121
"42095010800","tract",2019,"education_state_rnk",92.3089
"42095010900","tract",2019,"education_state_rnk",8.8471
"42095011000","tract",2019,"education_state_rnk",13.3911
"42095011100","tract",2019,"education_state_rnk",NA
"42095011200","tract",2019,"education_state_rnk",4.4958
"42095011300","tract",2019,"education_state_rnk",22.9608
"42095014100","tract",2019,"education_state_rnk",NA
"42095014200","tract",2019,"education_state_rnk",9.5055
"42095014300","tract",2019,"education_state_rnk",5.4271
"42095014400","tract",2019,"education_state_rnk",59.7945
"42095014500","tract",2019,"education_state_rnk",14.4188
"42095014600","tract",2019,"education_state_rnk",4.9775
"42095014700","tract",2019,"education_state_rnk",17.7585
"42095015201","tract",2019,"education_state_rnk",17.1323
"42095015300","tract",2019,"education_state_rnk",50.3532
"42095015400","tract",2019,"education_state_rnk",41.201
"42095015500","tract",2019,"education_state_rnk",68.1118
"42095015600","tract",2019,"education_state_rnk",41.201
"42095015700","tract",2019,"education_state_rnk",33.6063
"42095015801","tract",2019,"education_state_rnk",82.1773
"42095015802","tract",2019,"education_state_rnk",26.4772
"42095015901","tract",2019,"education_state_rnk",58.0122
"42095015902","tract",2019,"education_state_rnk",53.5164
"42095016001","tract",2019,"education_state_rnk",49.8234
"42095016002","tract",2019,"education_state_rnk",25.2569
"42095016100","tract",2019,"education_state_rnk",40.2376
"42095016201","tract",2019,"education_state_rnk",25.4496
"42095016202","tract",2019,"education_state_rnk",55.3629
"42095016300","tract",2019,"education_state_rnk",40.061
"42095016400","tract",2019,"education_state_rnk",78.3558
"42095016500","tract",2019,"education_state_rnk",62.8773
"42095016600","tract",2019,"education_state_rnk",24.1811
"42095016700","tract",2019,"education_state_rnk",69.9743
"42095016800","tract",2019,"education_state_rnk",53.6127
"42095016901","tract",2019,"education_state_rnk",76.1079
"42095016902","tract",2019,"education_state_rnk",65.5909
"42095017000","tract",2019,"education_state_rnk",53.7251
"42095017101","tract",2019,"education_state_rnk",83.0122
"42095017102","tract",2019,"education_state_rnk",83.1246
"42095017200","tract",2019,"education_state_rnk",22.6236
"42095017300","tract",2019,"education_state_rnk",31.2139
"42095017401","tract",2019,"education_state_rnk",81.0854
"42095017402","tract",2019,"education_state_rnk",63.2145
"42095017501","tract",2019,"education_state_rnk",57.2736
"42095017502","tract",2019,"education_state_rnk",73.7315
"42095017603","tract",2019,"education_state_rnk",43.8825
"42095017604","tract",2019,"education_state_rnk",78.1631
"42095017605","tract",2019,"education_state_rnk",60.7418
"42095017606","tract",2019,"education_state_rnk",69.7013
"42095017607","tract",2019,"education_state_rnk",80.1381
"42095017702","tract",2019,"education_state_rnk",50.1606
"42095017703","tract",2019,"education_state_rnk",92.5337
"42095017704","tract",2019,"education_state_rnk",66.763
"42095017800","tract",2019,"education_state_rnk",12.7007
"42095017901","tract",2019,"education_state_rnk",50.4656
"42095017902","tract",2019,"education_state_rnk",69.027
"42095018001","tract",2019,"education_state_rnk",74.3899
"42095018002","tract",2019,"education_state_rnk",87.7168
"42095018100","tract",2019,"education_state_rnk",76.1561
"42095018200","tract",2019,"education_state_rnk",44.3802
"42095018300","tract",2019,"education_state_rnk",48.587
"42097080100","tract",2019,"education_state_rnk",31.5189
"42097080200","tract",2019,"education_state_rnk",35.1959
"42097080300","tract",2019,"education_state_rnk",19.7495
"42097080400","tract",2019,"education_state_rnk",40.639
"42097080500","tract",2019,"education_state_rnk",37.1387
"42097080600","tract",2019,"education_state_rnk",52.6012
"42097080700","tract",2019,"education_state_rnk",57.6429
"42097080800","tract",2019,"education_state_rnk",53.9338
"42097080900","tract",2019,"education_state_rnk",49.8715
"42097081000","tract",2019,"education_state_rnk",36.8979
"42097081100","tract",2019,"education_state_rnk",23.571
"42097081200","tract",2019,"education_state_rnk",NA
"42097081300","tract",2019,"education_state_rnk",16.185
"42097081400","tract",2019,"education_state_rnk",12.9737
"42097081500","tract",2019,"education_state_rnk",24.0848
"42097081600","tract",2019,"education_state_rnk",7.4502
"42097081700","tract",2019,"education_state_rnk",25.5299
"42097081800","tract",2019,"education_state_rnk",21.9653
"42097081900","tract",2019,"education_state_rnk",51.3648
"42097082000","tract",2019,"education_state_rnk",25.6423
"42097082100","tract",2019,"education_state_rnk",17.9994
"42097082200","tract",2019,"education_state_rnk",6.7759
"42097082300","tract",2019,"education_state_rnk",23.2177
"42097082400","tract",2019,"education_state_rnk",58.2852
"42099030100","tract",2019,"education_state_rnk",32.8195
"42099030201","tract",2019,"education_state_rnk",37.3635
"42099030202","tract",2019,"education_state_rnk",42.3571
"42099030301","tract",2019,"education_state_rnk",42.4213
"42099030302","tract",2019,"education_state_rnk",53.1471
"42099030400","tract",2019,"education_state_rnk",49.1972
"42099030501","tract",2019,"education_state_rnk",35.2922
"42099030502","tract",2019,"education_state_rnk",29.4798
"42099030601","tract",2019,"education_state_rnk",7.5466
"42099030602","tract",2019,"education_state_rnk",4.1105
"42101000100","tract",2019,"education_state_rnk",99.7431
"42101000200","tract",2019,"education_state_rnk",10.6936
"42101000300","tract",2019,"education_state_rnk",98.9082
"42101000401","tract",2019,"education_state_rnk",99.0366
"42101000402","tract",2019,"education_state_rnk",99.8715
"42101000500","tract",2019,"education_state_rnk",NA
"42101000600","tract",2019,"education_state_rnk",99.711
"42101000700","tract",2019,"education_state_rnk",98.5549
"42101000801","tract",2019,"education_state_rnk",99.6468
"42101000803","tract",2019,"education_state_rnk",99.2614
"42101000804","tract",2019,"education_state_rnk",100
"42101000901","tract",2019,"education_state_rnk",98.0732
"42101000902","tract",2019,"education_state_rnk",95.4881
"42101001001","tract",2019,"education_state_rnk",99.9037
"42101001002","tract",2019,"education_state_rnk",99.9358
"42101001101","tract",2019,"education_state_rnk",96.0501
"42101001102","tract",2019,"education_state_rnk",99.7752
"42101001201","tract",2019,"education_state_rnk",99.8073
"42101001202","tract",2019,"education_state_rnk",99.3899
"42101001300","tract",2019,"education_state_rnk",98.4265
"42101001400","tract",2019,"education_state_rnk",96.6602
"42101001500","tract",2019,"education_state_rnk",96.3391
"42101001600","tract",2019,"education_state_rnk",99.1008
"42101001700","tract",2019,"education_state_rnk",99.1972
"42101001800","tract",2019,"education_state_rnk",98.6191
"42101001900","tract",2019,"education_state_rnk",99.5504
"42101002000","tract",2019,"education_state_rnk",68.2081
"42101002100","tract",2019,"education_state_rnk",81.6956
"42101002200","tract",2019,"education_state_rnk",93.4329
"42101002300","tract",2019,"education_state_rnk",83.815
"42101002400","tract",2019,"education_state_rnk",72.8324
"42101002500","tract",2019,"education_state_rnk",81.9846
"42101002701","tract",2019,"education_state_rnk",14.8041
"42101002702","tract",2019,"education_state_rnk",91.49
"42101002801","tract",2019,"education_state_rnk",9.5697
"42101002802","tract",2019,"education_state_rnk",65.1092
"42101002900","tract",2019,"education_state_rnk",94.7656
"42101003001","tract",2019,"education_state_rnk",33.6866
"42101003002","tract",2019,"education_state_rnk",55.4271
"42101003100","tract",2019,"education_state_rnk",80.0899
"42101003200","tract",2019,"education_state_rnk",17.0841
"42101003300","tract",2019,"education_state_rnk",7.0328
"42101003600","tract",2019,"education_state_rnk",9.2486
"42101003701","tract",2019,"education_state_rnk",25.8831
"42101003702","tract",2019,"education_state_rnk",5.668
"42101003800","tract",2019,"education_state_rnk",80.9891
"42101003901","tract",2019,"education_state_rnk",49.0206
"42101003902","tract",2019,"education_state_rnk",69.8137
"42101004001","tract",2019,"education_state_rnk",62.3154
"42101004002","tract",2019,"education_state_rnk",64.4188
"42101004101","tract",2019,"education_state_rnk",2.7617
"42101004102","tract",2019,"education_state_rnk",4.6564
"42101004201","tract",2019,"education_state_rnk",53.9338
"42101004202","tract",2019,"education_state_rnk",18.9146
"42101005000","tract",2019,"education_state_rnk",NA
"42101005400","tract",2019,"education_state_rnk",25.4014
"42101005500","tract",2019,"education_state_rnk",30.3789
"42101005600","tract",2019,"education_state_rnk",13.4393
"42101006000","tract",2019,"education_state_rnk",8.7187
"42101006100","tract",2019,"education_state_rnk",31.7277
"42101006200","tract",2019,"education_state_rnk",9.4412
"42101006300","tract",2019,"education_state_rnk",3.2434
"42101006400","tract",2019,"education_state_rnk",7.9319
"42101006500","tract",2019,"education_state_rnk",38.6641
"42101006600","tract",2019,"education_state_rnk",6.5832
"42101006700","tract",2019,"education_state_rnk",3.982
"42101006900","tract",2019,"education_state_rnk",3.115
"42101007000","tract",2019,"education_state_rnk",20.7771
"42101007101","tract",2019,"education_state_rnk",7.7071
"42101007102","tract",2019,"education_state_rnk",28.5003
"42101007200","tract",2019,"education_state_rnk",12.2832
"42101007300","tract",2019,"education_state_rnk",24.4862
"42101007400","tract",2019,"education_state_rnk",27.3443
"42101007700","tract",2019,"education_state_rnk",43.6416
"42101007800","tract",2019,"education_state_rnk",80.5716
"42101007900","tract",2019,"education_state_rnk",89.499
"42101008000","tract",2019,"education_state_rnk",73.571
"42101008101","tract",2019,"education_state_rnk",12.4438
"42101008102","tract",2019,"education_state_rnk",22.447
"42101008200","tract",2019,"education_state_rnk",39.0495
"42101008301","tract",2019,"education_state_rnk",20.2794
"42101008302","tract",2019,"education_state_rnk",22.0135
"42101008400","tract",2019,"education_state_rnk",13.5517
"42101008500","tract",2019,"education_state_rnk",18.4168
"42101008601","tract",2019,"education_state_rnk",84.2325
"42101008602","tract",2019,"education_state_rnk",63.6641
"42101008701","tract",2019,"education_state_rnk",74.438
"42101008702","tract",2019,"education_state_rnk",88.2787
"42101008801","tract",2019,"education_state_rnk",NA
"42101008802","tract",2019,"education_state_rnk",NA
"42101009000","tract",2019,"education_state_rnk",NA
"42101009100","tract",2019,"education_state_rnk",67.4534
"42101009200","tract",2019,"education_state_rnk",41.9075
"42101009300","tract",2019,"education_state_rnk",12.1387
"42101009400","tract",2019,"education_state_rnk",16.5703
"42101009500","tract",2019,"education_state_rnk",21.8048
"42101009600","tract",2019,"education_state_rnk",30.4913
"42101009801","tract",2019,"education_state_rnk",60.5652
"42101009802","tract",2019,"education_state_rnk",41.201
"42101010000","tract",2019,"education_state_rnk",18.3044
"42101010100","tract",2019,"education_state_rnk",64.499
"42101010200","tract",2019,"education_state_rnk",7.386
"42101010300","tract",2019,"education_state_rnk",34.2807
"42101010400","tract",2019,"education_state_rnk",20.7129
"42101010500","tract",2019,"education_state_rnk",6.1336
"42101010600","tract",2019,"education_state_rnk",11.0148
"42101010700","tract",2019,"education_state_rnk",7.8516
"42101010800","tract",2019,"education_state_rnk",15.9281
"42101010900","tract",2019,"education_state_rnk",19.9743
"42101011000","tract",2019,"education_state_rnk",5.2665
"42101011100","tract",2019,"education_state_rnk",34.8587
"42101011200","tract",2019,"education_state_rnk",14.0655
"42101011300","tract",2019,"education_state_rnk",11.657
"42101011400","tract",2019,"education_state_rnk",24.3577
"42101011500","tract",2019,"education_state_rnk",48.4425
"42101011700","tract",2019,"education_state_rnk",NA
"42101011800","tract",2019,"education_state_rnk",64.8041
"42101011900","tract",2019,"education_state_rnk",47.7039
"42101012000","tract",2019,"education_state_rnk",63.0379
"42101012100","tract",2019,"education_state_rnk",75.7868
"42101012201","tract",2019,"education_state_rnk",81.4708
"42101012203","tract",2019,"education_state_rnk",96.1785
"42101012204","tract",2019,"education_state_rnk",82.113
"42101012500","tract",2019,"education_state_rnk",99.6146
"42101013100","tract",2019,"education_state_rnk",30.122
"42101013200","tract",2019,"education_state_rnk",35.3243
"42101013300","tract",2019,"education_state_rnk",99.1329
"42101013401","tract",2019,"education_state_rnk",99.5825
"42101013402","tract",2019,"education_state_rnk",98.8439
"42101013500","tract",2019,"education_state_rnk",88.1342
"42101013601","tract",2019,"education_state_rnk",99.6789
"42101013602","tract",2019,"education_state_rnk",95.6808
"42101013700","tract",2019,"education_state_rnk",75.0803
"42101013800","tract",2019,"education_state_rnk",44.2518
"42101013900","tract",2019,"education_state_rnk",40.1092
"42101014000","tract",2019,"education_state_rnk",39.8362
"42101014100","tract",2019,"education_state_rnk",17.5016
"42101014200","tract",2019,"education_state_rnk",98.8118
"42101014300","tract",2019,"education_state_rnk",98.6834
"42101014400","tract",2019,"education_state_rnk",75
"42101014500","tract",2019,"education_state_rnk",6.1657
"42101014600","tract",2019,"education_state_rnk",NA
"42101014700","tract",2019,"education_state_rnk",20.0546
"42101014800","tract",2019,"education_state_rnk",3.3398
"42101014900","tract",2019,"education_state_rnk",5.395
"42101015101","tract",2019,"education_state_rnk",5.5234
"42101015102","tract",2019,"education_state_rnk",5.7161
"42101015200","tract",2019,"education_state_rnk",6.6153
"42101015300","tract",2019,"education_state_rnk",3.5003
"42101015600","tract",2019,"education_state_rnk",11.2235
"42101015700","tract",2019,"education_state_rnk",19.5408
"42101015800","tract",2019,"education_state_rnk",92.9994
"42101016000","tract",2019,"education_state_rnk",86.2556
"42101016100","tract",2019,"education_state_rnk",55.8285
"42101016200","tract",2019,"education_state_rnk",2.5851
"42101016300","tract",2019,"education_state_rnk",0.1606
"42101016400","tract",2019,"education_state_rnk",1.8947
"42101016500","tract",2019,"education_state_rnk",1.3487
"42101016600","tract",2019,"education_state_rnk",21.1304
"42101016701","tract",2019,"education_state_rnk",29.1747
"42101016702","tract",2019,"education_state_rnk",8.7669
"42101016800","tract",2019,"education_state_rnk",15.5427
"42101016901","tract",2019,"education_state_rnk",24.9037
"42101016902","tract",2019,"education_state_rnk",13.359
"42101017000","tract",2019,"education_state_rnk",92.6301
"42101017100","tract",2019,"education_state_rnk",31.262
"42101017201","tract",2019,"education_state_rnk",12.5562
"42101017202","tract",2019,"education_state_rnk",6.4547
"42101017300","tract",2019,"education_state_rnk",26.5414
"42101017400","tract",2019,"education_state_rnk",15.4143
"42101017500","tract",2019,"education_state_rnk",0.4496
"42101017601","tract",2019,"education_state_rnk",0.3854
"42101017602","tract",2019,"education_state_rnk",0.0642
"42101017701","tract",2019,"education_state_rnk",0.1927
"42101017702","tract",2019,"education_state_rnk",0.289
"42101017800","tract",2019,"education_state_rnk",1.2203
"42101017900","tract",2019,"education_state_rnk",4.271
"42101018001","tract",2019,"education_state_rnk",42.5177
"42101018002","tract",2019,"education_state_rnk",47.6236
"42101018300","tract",2019,"education_state_rnk",50.8189
"42101018400","tract",2019,"education_state_rnk",53.5164
"42101018800","tract",2019,"education_state_rnk",1.702
"42101019000","tract",2019,"education_state_rnk",2.3764
"42101019100","tract",2019,"education_state_rnk",3.5806
"42101019200","tract",2019,"education_state_rnk",0.6262
"42101019501","tract",2019,"education_state_rnk",0.9634
"42101019502","tract",2019,"education_state_rnk",0.1285
"42101019700","tract",2019,"education_state_rnk",2.4406
"42101019800","tract",2019,"education_state_rnk",2.5851
"42101019900","tract",2019,"education_state_rnk",1.7983
"42101020000","tract",2019,"education_state_rnk",6.2139
"42101020101","tract",2019,"education_state_rnk",9.0238
"42101020102","tract",2019,"education_state_rnk",29.817
"42101020200","tract",2019,"education_state_rnk",27.2479
"42101020300","tract",2019,"education_state_rnk",9.1201
"42101020400","tract",2019,"education_state_rnk",34.0559
"42101020500","tract",2019,"education_state_rnk",9.5376
"42101020600","tract",2019,"education_state_rnk",67.5979
"42101020700","tract",2019,"education_state_rnk",97.72
"42101020800","tract",2019,"education_state_rnk",96.1464
"42101020900","tract",2019,"education_state_rnk",96.7245
"42101021000","tract",2019,"education_state_rnk",96.4033
"42101021100","tract",2019,"education_state_rnk",92.8388
"42101021200","tract",2019,"education_state_rnk",82.4021
"42101021300","tract",2019,"education_state_rnk",93.5453
"42101021400","tract",2019,"education_state_rnk",94.6692
"42101021500","tract",2019,"education_state_rnk",84.1683
"42101021600","tract",2019,"education_state_rnk",88.9531
"42101021700","tract",2019,"education_state_rnk",89.0495
"42101021800","tract",2019,"education_state_rnk",83.4939
"42101021900","tract",2019,"education_state_rnk",91.8112
"42101022000","tract",2019,"education_state_rnk",97.8484
"42101023100","tract",2019,"education_state_rnk",93.4811
"42101023500","tract",2019,"education_state_rnk",96.2749
"42101023600","tract",2019,"education_state_rnk",95.3115
"42101023700","tract",2019,"education_state_rnk",93.3847
"42101023800","tract",2019,"education_state_rnk",85.9505
"42101023900","tract",2019,"education_state_rnk",97.7681
"42101024000","tract",2019,"education_state_rnk",78.7091
"42101024100","tract",2019,"education_state_rnk",45.1509
"42101024200","tract",2019,"education_state_rnk",29.6403
"42101024300","tract",2019,"education_state_rnk",26.3487
"42101024400","tract",2019,"education_state_rnk",7.964
"42101024500","tract",2019,"education_state_rnk",4.6243
"42101024600","tract",2019,"education_state_rnk",6.2781
"42101024700","tract",2019,"education_state_rnk",27.7617
"42101024800","tract",2019,"education_state_rnk",10.3083
"42101024900","tract",2019,"education_state_rnk",19.1233
"42101025200","tract",2019,"education_state_rnk",10.5812
"42101025300","tract",2019,"education_state_rnk",39.9165
"42101025400","tract",2019,"education_state_rnk",52.1676
"42101025500","tract",2019,"education_state_rnk",94.3963
"42101025600","tract",2019,"education_state_rnk",95.3757
"42101025700","tract",2019,"education_state_rnk",90.3019
"42101025800","tract",2019,"education_state_rnk",53.1471
"42101025900","tract",2019,"education_state_rnk",54.2389
"42101026000","tract",2019,"education_state_rnk",82.0488
"42101026100","tract",2019,"education_state_rnk",67.6943
"42101026200","tract",2019,"education_state_rnk",66.2974
"42101026301","tract",2019,"education_state_rnk",34.104
"42101026302","tract",2019,"education_state_rnk",25
"42101026400","tract",2019,"education_state_rnk",38.5678
"42101026500","tract",2019,"education_state_rnk",17.341
"42101026600","tract",2019,"education_state_rnk",43.0315
"42101026700","tract",2019,"education_state_rnk",30.9088
"42101026800","tract",2019,"education_state_rnk",56.4547
"42101026900","tract",2019,"education_state_rnk",35.3886
"42101027000","tract",2019,"education_state_rnk",39.9807
"42101027100","tract",2019,"education_state_rnk",23.298
"42101027200","tract",2019,"education_state_rnk",42.4213
"42101027300","tract",2019,"education_state_rnk",4.8491
"42101027401","tract",2019,"education_state_rnk",6.1015
"42101027402","tract",2019,"education_state_rnk",4.1747
"42101027500","tract",2019,"education_state_rnk",7.8516
"42101027600","tract",2019,"education_state_rnk",13.0058
"42101027700","tract",2019,"education_state_rnk",14.6596
"42101027800","tract",2019,"education_state_rnk",22.8645
"42101027901","tract",2019,"education_state_rnk",24.0206
"42101027902","tract",2019,"education_state_rnk",NA
"42101028000","tract",2019,"education_state_rnk",25.5941
"42101028100","tract",2019,"education_state_rnk",14.1297
"42101028200","tract",2019,"education_state_rnk",15.896
"42101028300","tract",2019,"education_state_rnk",22.9929
"42101028400","tract",2019,"education_state_rnk",6.9364
"42101028500","tract",2019,"education_state_rnk",4.5601
"42101028600","tract",2019,"education_state_rnk",4.5279
"42101028700","tract",2019,"education_state_rnk",1.413
"42101028800","tract",2019,"education_state_rnk",0.2569
"42101028901","tract",2019,"education_state_rnk",3.8215
"42101028902","tract",2019,"education_state_rnk",1.9268
"42101029000","tract",2019,"education_state_rnk",2.4727
"42101029100","tract",2019,"education_state_rnk",3.404
"42101029200","tract",2019,"education_state_rnk",7.4823
"42101029300","tract",2019,"education_state_rnk",2.9544
"42101029400","tract",2019,"education_state_rnk",3.5806
"42101029800","tract",2019,"education_state_rnk",3.8857
"42101029900","tract",2019,"education_state_rnk",13.5838
"42101030000","tract",2019,"education_state_rnk",5.5877
"42101030100","tract",2019,"education_state_rnk",12.0424
"42101030200","tract",2019,"education_state_rnk",9.6339
"42101030501","tract",2019,"education_state_rnk",7.5145
"42101030502","tract",2019,"education_state_rnk",10.6455
"42101030600","tract",2019,"education_state_rnk",19.9422
"42101030700","tract",2019,"education_state_rnk",22.1741
"42101030800","tract",2019,"education_state_rnk",14.6596
"42101030900","tract",2019,"education_state_rnk",10.8221
"42101031000","tract",2019,"education_state_rnk",3.5324
"42101031101","tract",2019,"education_state_rnk",2.2479
"42101031102","tract",2019,"education_state_rnk",9.2004
"42101031200","tract",2019,"education_state_rnk",3.9178
"42101031300","tract",2019,"education_state_rnk",2.9865
"42101031401","tract",2019,"education_state_rnk",3.6288
"42101031402","tract",2019,"education_state_rnk",2.0552
"42101031501","tract",2019,"education_state_rnk",22.3025
"42101031502","tract",2019,"education_state_rnk",9.377
"42101031600","tract",2019,"education_state_rnk",25.7547
"42101031700","tract",2019,"education_state_rnk",12.1066
"42101031800","tract",2019,"education_state_rnk",5.0417
"42101031900","tract",2019,"education_state_rnk",9.6821
"42101032000","tract",2019,"education_state_rnk",21.4355
"42101032100","tract",2019,"education_state_rnk",5.4592
"42101032300","tract",2019,"education_state_rnk",8.0925
"42101032500","tract",2019,"education_state_rnk",8.5742
"42101032600","tract",2019,"education_state_rnk",11.2877
"42101032900","tract",2019,"education_state_rnk",12.2351
"42101033000","tract",2019,"education_state_rnk",14.483
"42101033101","tract",2019,"education_state_rnk",40.5748
"42101033102","tract",2019,"education_state_rnk",60.0996
"42101033200","tract",2019,"education_state_rnk",9.4733
"42101033300","tract",2019,"education_state_rnk",66.4258
"42101033400","tract",2019,"education_state_rnk",8.9274
"42101033500","tract",2019,"education_state_rnk",11.7855
"42101033600","tract",2019,"education_state_rnk",31.3102
"42101033701","tract",2019,"education_state_rnk",11.8818
"42101033702","tract",2019,"education_state_rnk",11.8497
"42101033800","tract",2019,"education_state_rnk",32.9319
"42101033900","tract",2019,"education_state_rnk",52.4085
"42101034000","tract",2019,"education_state_rnk",72.9929
"42101034100","tract",2019,"education_state_rnk",65.1574
"42101034200","tract",2019,"education_state_rnk",74.6949
"42101034400","tract",2019,"education_state_rnk",64.3224
"42101034501","tract",2019,"education_state_rnk",70.1188
"42101034502","tract",2019,"education_state_rnk",61.2556
"42101034600","tract",2019,"education_state_rnk",46.7405
"42101034701","tract",2019,"education_state_rnk",40.2697
"42101034702","tract",2019,"education_state_rnk",79.4798
"42101034801","tract",2019,"education_state_rnk",47.7521
"42101034802","tract",2019,"education_state_rnk",41.2974
"42101034803","tract",2019,"education_state_rnk",75.3854
"42101034900","tract",2019,"education_state_rnk",35.5812
"42101035100","tract",2019,"education_state_rnk",88.3751
"42101035200","tract",2019,"education_state_rnk",69.2036
"42101035301","tract",2019,"education_state_rnk",62.9416
"42101035302","tract",2019,"education_state_rnk",52.8581
"42101035500","tract",2019,"education_state_rnk",52.0231
"42101035601","tract",2019,"education_state_rnk",47.8163
"42101035602","tract",2019,"education_state_rnk",87.797
"42101035701","tract",2019,"education_state_rnk",48.7797
"42101035702","tract",2019,"education_state_rnk",63.1342
"42101035800","tract",2019,"education_state_rnk",47.5594
"42101035900","tract",2019,"education_state_rnk",77.9383
"42101036000","tract",2019,"education_state_rnk",47.9769
"42101036100","tract",2019,"education_state_rnk",49.9358
"42101036201","tract",2019,"education_state_rnk",79.2389
"42101036202","tract",2019,"education_state_rnk",62.8131
"42101036203","tract",2019,"education_state_rnk",72.3667
"42101036301","tract",2019,"education_state_rnk",34.955
"42101036302","tract",2019,"education_state_rnk",31.1657
"42101036303","tract",2019,"education_state_rnk",52.7136
"42101036400","tract",2019,"education_state_rnk",NA
"42101036501","tract",2019,"education_state_rnk",37.5723
"42101036502","tract",2019,"education_state_rnk",86.0629
"42101036600","tract",2019,"education_state_rnk",99.4541
"42101036700","tract",2019,"education_state_rnk",99.3256
"42101036900","tract",2019,"education_state_rnk",NA
"42101037200","tract",2019,"education_state_rnk",32.7232
"42101037300","tract",2019,"education_state_rnk",86.7373
"42101037500","tract",2019,"education_state_rnk",72.1741
"42101037600","tract",2019,"education_state_rnk",93.2402
"42101037700","tract",2019,"education_state_rnk",NA
"42101037800","tract",2019,"education_state_rnk",80.9409
"42101037900","tract",2019,"education_state_rnk",70.8253
"42101038000","tract",2019,"education_state_rnk",6.9685
"42101038100","tract",2019,"education_state_rnk",13.0379
"42101038200","tract",2019,"education_state_rnk",11.2877
"42101038300","tract",2019,"education_state_rnk",3.4361
"42101038400","tract",2019,"education_state_rnk",85.228
"42101038500","tract",2019,"education_state_rnk",93.3526
"42101038600","tract",2019,"education_state_rnk",96.885
"42101038700","tract",2019,"education_state_rnk",NA
"42101038800","tract",2019,"education_state_rnk",98.2498
"42101038900","tract",2019,"education_state_rnk",46.6442
"42101039000","tract",2019,"education_state_rnk",8.2531
"42101980000","tract",2019,"education_state_rnk",NA
"42101980100","tract",2019,"education_state_rnk",NA
"42101980200","tract",2019,"education_state_rnk",NA
"42101980300","tract",2019,"education_state_rnk",NA
"42101980400","tract",2019,"education_state_rnk",NA
"42101980500","tract",2019,"education_state_rnk",NA
"42101980600","tract",2019,"education_state_rnk",NA
"42101980700","tract",2019,"education_state_rnk",NA
"42101980800","tract",2019,"education_state_rnk",NA
"42101980900","tract",2019,"education_state_rnk",NA
"42101989100","tract",2019,"education_state_rnk",NA
"42103950102","tract",2019,"education_state_rnk",51.4611
"42103950103","tract",2019,"education_state_rnk",58.6384
"42103950104","tract",2019,"education_state_rnk",44.7656
"42103950201","tract",2019,"education_state_rnk",43.192
"42103950202","tract",2019,"education_state_rnk",68.0796
"42103950301","tract",2019,"education_state_rnk",64.9647
"42103950302","tract",2019,"education_state_rnk",97.6879
"42103950501","tract",2019,"education_state_rnk",52.2158
"42103950502","tract",2019,"education_state_rnk",62.4277
"42103950601","tract",2019,"education_state_rnk",81.0373
"42103950603","tract",2019,"education_state_rnk",52.7938
"42103950605","tract",2019,"education_state_rnk",76.5254
"42103950606","tract",2019,"education_state_rnk",68.3526
"42103950701","tract",2019,"education_state_rnk",32.3378
"42103950702","tract",2019,"education_state_rnk",52.9544
"42103950801","tract",2019,"education_state_rnk",33.7669
"42103950802","tract",2019,"education_state_rnk",61.3198
"42103950900","tract",2019,"education_state_rnk",39.1618
"42105950100","tract",2019,"education_state_rnk",16.6346
"42105950200","tract",2019,"education_state_rnk",20.2794
"42105950300","tract",2019,"education_state_rnk",34.361
"42105950400","tract",2019,"education_state_rnk",19.2036
"42105950500","tract",2019,"education_state_rnk",27.7617
"42107000100","tract",2019,"education_state_rnk",49.5825
"42107000200","tract",2019,"education_state_rnk",18.754
"42107000300","tract",2019,"education_state_rnk",43.7058
"42107000400","tract",2019,"education_state_rnk",NA
"42107000500","tract",2019,"education_state_rnk",8.9595
"42107000601","tract",2019,"education_state_rnk",9.6018
"42107000602","tract",2019,"education_state_rnk",4.7848
"42107000700","tract",2019,"education_state_rnk",43.4811
"42107000800","tract",2019,"education_state_rnk",26.2364
"42107000900","tract",2019,"education_state_rnk",38.5999
"42107001000","tract",2019,"education_state_rnk",18.1439
"42107001100","tract",2019,"education_state_rnk",26.8626
"42107001200","tract",2019,"education_state_rnk",30.2505
"42107001300","tract",2019,"education_state_rnk",14.1297
"42107001400","tract",2019,"education_state_rnk",30.4913
"42107001500","tract",2019,"education_state_rnk",17.4213
"42107001600","tract",2019,"education_state_rnk",54.9936
"42107001700","tract",2019,"education_state_rnk",62.5241
"42107001800","tract",2019,"education_state_rnk",54.1105
"42107001900","tract",2019,"education_state_rnk",15.6712
"42107002000","tract",2019,"education_state_rnk",30.2505
"42107002100","tract",2019,"education_state_rnk",23.9082
"42107002200","tract",2019,"education_state_rnk",28.42
"42107002300","tract",2019,"education_state_rnk",30.1541
"42107002400","tract",2019,"education_state_rnk",31.0212
"42107002500","tract",2019,"education_state_rnk",40.9281
"42107002600","tract",2019,"education_state_rnk",24.5986
"42107002700","tract",2019,"education_state_rnk",30.0739
"42107002800","tract",2019,"education_state_rnk",28.9499
"42107002900","tract",2019,"education_state_rnk",54.9936
"42107003000","tract",2019,"education_state_rnk",75.6583
"42107003100","tract",2019,"education_state_rnk",72.5112
"42107003200","tract",2019,"education_state_rnk",38.1503
"42107003300","tract",2019,"education_state_rnk",20.8092
"42107003400","tract",2019,"education_state_rnk",53.982
"42107003500","tract",2019,"education_state_rnk",47.2383
"42107003600","tract",2019,"education_state_rnk",19.332
"42107003700","tract",2019,"education_state_rnk",25.7868
"42107003800","tract",2019,"education_state_rnk",20.0546
"42107003900","tract",2019,"education_state_rnk",28.2274
"42109070100","tract",2019,"education_state_rnk",63.3751
"42109070200","tract",2019,"education_state_rnk",37.8613
"42109070300","tract",2019,"education_state_rnk",18.7861
"42109070400","tract",2019,"education_state_rnk",9.9872
"42109070500","tract",2019,"education_state_rnk",6.4868
"42109070600","tract",2019,"education_state_rnk",3.2113
"42109070701","tract",2019,"education_state_rnk",66.474
"42109980705","tract",2019,"education_state_rnk",NA
"42111020101","tract",2019,"education_state_rnk",28.5806
"42111020102","tract",2019,"education_state_rnk",62.6044
"42111020200","tract",2019,"education_state_rnk",25.4496
"42111020300","tract",2019,"education_state_rnk",40.061
"42111020400","tract",2019,"education_state_rnk",13.1663
"42111020500","tract",2019,"education_state_rnk",25.3693
"42111020600","tract",2019,"education_state_rnk",32.1291
"42111020700","tract",2019,"education_state_rnk",57.6429
"42111020800","tract",2019,"education_state_rnk",NA
"42111020900","tract",2019,"education_state_rnk",35.9024
"42111021000","tract",2019,"education_state_rnk",19.6692
"42111021100","tract",2019,"education_state_rnk",16.763
"42111021200","tract",2019,"education_state_rnk",41.5864
"42111021300","tract",2019,"education_state_rnk",32.675
"42111021400","tract",2019,"education_state_rnk",30.2505
"42111021500","tract",2019,"education_state_rnk",6.0694
"42111021600","tract",2019,"education_state_rnk",18.6577
"42111021700","tract",2019,"education_state_rnk",3.693
"42111021800","tract",2019,"education_state_rnk",28.3558
"42111021901","tract",2019,"education_state_rnk",32.5626
"42111021902","tract",2019,"education_state_rnk",23.4425
"42113960100","tract",2019,"education_state_rnk",19.2999
"42113960200","tract",2019,"education_state_rnk",70.6808
"42115032000","tract",2019,"education_state_rnk",53.3237
"42115032100","tract",2019,"education_state_rnk",39.4348
"42115032200","tract",2019,"education_state_rnk",17.3732
"42115032300","tract",2019,"education_state_rnk",24.711
"42115032400","tract",2019,"education_state_rnk",46.8208
"42115032500","tract",2019,"education_state_rnk",38.9852
"42115032600","tract",2019,"education_state_rnk",44.5568
"42115032700","tract",2019,"education_state_rnk",19.8137
"42115032800","tract",2019,"education_state_rnk",25.2569
"42115032901","tract",2019,"education_state_rnk",47.7039
"42115032902","tract",2019,"education_state_rnk",48.4425
"42117950100","tract",2019,"education_state_rnk",38.2145
"42117950200","tract",2019,"education_state_rnk",40.3982
"42117950300","tract",2019,"education_state_rnk",27.1676
"42117950400","tract",2019,"education_state_rnk",29.0623
"42117950500","tract",2019,"education_state_rnk",39.0976
"42117950600","tract",2019,"education_state_rnk",49.0206
"42117950700","tract",2019,"education_state_rnk",48.6352
"42117950800","tract",2019,"education_state_rnk",51.6378
"42117950900","tract",2019,"education_state_rnk",32.5947
"42117951000","tract",2019,"education_state_rnk",24.711
"42119090102","tract",2019,"education_state_rnk",44.0912
"42119090200","tract",2019,"education_state_rnk",6.535
"42119090300","tract",2019,"education_state_rnk",27.4888
"42119090400","tract",2019,"education_state_rnk",28.9499
"42119090502","tract",2019,"education_state_rnk",30.7803
"42119090600","tract",2019,"education_state_rnk",78.2274
"42119090700","tract",2019,"education_state_rnk",76.0437
"42119980101","tract",2019,"education_state_rnk",NA
"42119980501","tract",2019,"education_state_rnk",NA
"42119980800","tract",2019,"education_state_rnk",NA
"42121200000","tract",2019,"education_state_rnk",26.1561
"42121200100","tract",2019,"education_state_rnk",41.3455
"42121200200","tract",2019,"education_state_rnk",33.1728
"42121200300","tract",2019,"education_state_rnk",15.3821
"42121200400","tract",2019,"education_state_rnk",57.0328
"42121200500","tract",2019,"education_state_rnk",15.1574
"42121200600","tract",2019,"education_state_rnk",41.9557
"42121200700","tract",2019,"education_state_rnk",22.5594
"42121200800","tract",2019,"education_state_rnk",60.501
"42121200900","tract",2019,"education_state_rnk",33.1728
"42121201000","tract",2019,"education_state_rnk",15.061
"42121201100","tract",2019,"education_state_rnk",34.2807
"42121201200","tract",2019,"education_state_rnk",34.1683
"42121201300","tract",2019,"education_state_rnk",64.3545
"42121201400","tract",2019,"education_state_rnk",14.5151
"42121201500","tract",2019,"education_state_rnk",35.4367
"42123970100","tract",2019,"education_state_rnk",28.3879
"42123970200","tract",2019,"education_state_rnk",35.5491
"42123970300","tract",2019,"education_state_rnk",11.9139
"42123970400","tract",2019,"education_state_rnk",34.9069
"42123970500","tract",2019,"education_state_rnk",41.4258
"42123970600","tract",2019,"education_state_rnk",41.0083
"42123970700","tract",2019,"education_state_rnk",59.104
"42123970800","tract",2019,"education_state_rnk",42.8227
"42123970900","tract",2019,"education_state_rnk",43.7861
"42123971000","tract",2019,"education_state_rnk",81.8401
"42123971100","tract",2019,"education_state_rnk",62.3154
"42123971200","tract",2019,"education_state_rnk",42.9191
"42123971400","tract",2019,"education_state_rnk",36.3841
"42125704100","tract",2019,"education_state_rnk",NA
"42125711000","tract",2019,"education_state_rnk",31.6313
"42125712700","tract",2019,"education_state_rnk",60.6936
"42125713700","tract",2019,"education_state_rnk",27.553
"42125714000","tract",2019,"education_state_rnk",56.8401
"42125715700","tract",2019,"education_state_rnk",34.5376
"42125721000","tract",2019,"education_state_rnk",56.7759
"42125722700","tract",2019,"education_state_rnk",59.2646
"42125731000","tract",2019,"education_state_rnk",51.2845
"42125732000","tract",2019,"education_state_rnk",59.0238
"42125741100","tract",2019,"education_state_rnk",58.4136
"42125741300","tract",2019,"education_state_rnk",85.1317
"42125742100","tract",2019,"education_state_rnk",65.045
"42125742200","tract",2019,"education_state_rnk",42.9672
"42125743700","tract",2019,"education_state_rnk",35.9505
"42125744100","tract",2019,"education_state_rnk",23.6994
"42125744200","tract",2019,"education_state_rnk",69.332
"42125745100","tract",2019,"education_state_rnk",85.9024
"42125745200","tract",2019,"education_state_rnk",80.3308
"42125746100","tract",2019,"education_state_rnk",76.429
"42125746200","tract",2019,"education_state_rnk",75.851
"42125746301","tract",2019,"education_state_rnk",92.1323
"42125746302","tract",2019,"education_state_rnk",87.0263
"42125751100","tract",2019,"education_state_rnk",74.1811
"42125751200","tract",2019,"education_state_rnk",62.0424
"42125752700","tract",2019,"education_state_rnk",67.5979
"42125753700","tract",2019,"education_state_rnk",79.6564
"42125754200","tract",2019,"education_state_rnk",45.4881
"42125754300","tract",2019,"education_state_rnk",20.4239
"42125754400","tract",2019,"education_state_rnk",27.9383
"42125754500","tract",2019,"education_state_rnk",78.8696
"42125754600","tract",2019,"education_state_rnk",35.1477
"42125755100","tract",2019,"education_state_rnk",80.0578
"42125755200","tract",2019,"education_state_rnk",49.4701
"42125755700","tract",2019,"education_state_rnk",58.4939
"42125761000","tract",2019,"education_state_rnk",59.8587
"42125762000","tract",2019,"education_state_rnk",46.0019
"42125763700","tract",2019,"education_state_rnk",36.4804
"42125764000","tract",2019,"education_state_rnk",47.4631
"42125771100","tract",2019,"education_state_rnk",71.58
"42125771200","tract",2019,"education_state_rnk",81.5671
"42125772700","tract",2019,"education_state_rnk",26.413
"42125773100","tract",2019,"education_state_rnk",31.1015
"42125773200","tract",2019,"education_state_rnk",47.2704
"42125774700","tract",2019,"education_state_rnk",60.6455
"42125775200","tract",2019,"education_state_rnk",13.7444
"42125775300","tract",2019,"education_state_rnk",8.0283
"42125781700","tract",2019,"education_state_rnk",67.4534
"42125782700","tract",2019,"education_state_rnk",33.9917
"42125783200","tract",2019,"education_state_rnk",15.2376
"42125783300","tract",2019,"education_state_rnk",15.35
"42125784000","tract",2019,"education_state_rnk",59.5376
"42125791000","tract",2019,"education_state_rnk",47.2062
"42125792100","tract",2019,"education_state_rnk",27.2479
"42125792200","tract",2019,"education_state_rnk",NA
"42125795700","tract",2019,"education_state_rnk",18.5934
"42125795800","tract",2019,"education_state_rnk",74.6628
"42125795900","tract",2019,"education_state_rnk",47.8805
"42125796000","tract",2019,"education_state_rnk",28.0347
"42127960100","tract",2019,"education_state_rnk",38.8889
"42127960200","tract",2019,"education_state_rnk",34.2164
"42127960300","tract",2019,"education_state_rnk",45.8895
"42127960400","tract",2019,"education_state_rnk",58.1407
"42127960500","tract",2019,"education_state_rnk",64.21
"42127960600","tract",2019,"education_state_rnk",44.316
"42127960700","tract",2019,"education_state_rnk",41.1047
"42127960800","tract",2019,"education_state_rnk",23.3783
"42127960900","tract",2019,"education_state_rnk",NA
"42127961000","tract",2019,"education_state_rnk",60.79
"42127961100","tract",2019,"education_state_rnk",62.1066
"42127961200","tract",2019,"education_state_rnk",64.9968
"42127961300","tract",2019,"education_state_rnk",51.7502
"42127961400","tract",2019,"education_state_rnk",49.5825
"42129800100","tract",2019,"education_state_rnk",14.6114
"42129800200","tract",2019,"education_state_rnk",23.6352
"42129800300","tract",2019,"education_state_rnk",28.115
"42129800400","tract",2019,"education_state_rnk",49.3899
"42129800500","tract",2019,"education_state_rnk",83.0122
"42129800600","tract",2019,"education_state_rnk",6.0051
"42129800700","tract",2019,"education_state_rnk",9.7303
"42129800800","tract",2019,"education_state_rnk",71.6121
"42129800900","tract",2019,"education_state_rnk",12.203
"42129801001","tract",2019,"education_state_rnk",62.5562
"42129801002","tract",2019,"education_state_rnk",32.2575
"42129801100","tract",2019,"education_state_rnk",64.5793
"42129801200","tract",2019,"education_state_rnk",76.0758
"42129801300","tract",2019,"education_state_rnk",77.1676
"42129801400","tract",2019,"education_state_rnk",20.2152
"42129801500","tract",2019,"education_state_rnk",38.921
"42129801600","tract",2019,"education_state_rnk",28.7412
"42129801701","tract",2019,"education_state_rnk",58.4939
"42129801702","tract",2019,"education_state_rnk",63.1342
"42129801703","tract",2019,"education_state_rnk",51.9107
"42129801800","tract",2019,"education_state_rnk",43.9949
"42129801900","tract",2019,"education_state_rnk",40.639
"42129802001","tract",2019,"education_state_rnk",86.4483
"42129802002","tract",2019,"education_state_rnk",70.3757
"42129802101","tract",2019,"education_state_rnk",82.4823
"42129802102","tract",2019,"education_state_rnk",93.9949
"42129802103","tract",2019,"education_state_rnk",98.298
"42129802200","tract",2019,"education_state_rnk",64.499
"42129802301","tract",2019,"education_state_rnk",68.2723
"42129802303","tract",2019,"education_state_rnk",89.3385
"42129802304","tract",2019,"education_state_rnk",85.0032
"42129802400","tract",2019,"education_state_rnk",74.3417
"42129802500","tract",2019,"education_state_rnk",50.6101
"42129802600","tract",2019,"education_state_rnk",21.2909
"42129802700","tract",2019,"education_state_rnk",43.4008
"42129802800","tract",2019,"education_state_rnk",27.6172
"42129802900","tract",2019,"education_state_rnk",72.6718
"42129803000","tract",2019,"education_state_rnk",58.815
"42129803100","tract",2019,"education_state_rnk",67.7264
"42129803200","tract",2019,"education_state_rnk",72.7521
"42129803301","tract",2019,"education_state_rnk",66.6346
"42129803302","tract",2019,"education_state_rnk",69.7656
"42129803400","tract",2019,"education_state_rnk",76.718
"42129803501","tract",2019,"education_state_rnk",83.2531
"42129803502","tract",2019,"education_state_rnk",63.3751
"42129803600","tract",2019,"education_state_rnk",94.7335
"42129803700","tract",2019,"education_state_rnk",67.5337
"42129803800","tract",2019,"education_state_rnk",82.948
"42129803901","tract",2019,"education_state_rnk",77.569
"42129803902","tract",2019,"education_state_rnk",40.7996
"42129804000","tract",2019,"education_state_rnk",37.508
"42129804100","tract",2019,"education_state_rnk",24.8394
"42129804200","tract",2019,"education_state_rnk",52.8902
"42129804300","tract",2019,"education_state_rnk",59.939
"42129804400","tract",2019,"education_state_rnk",50.1124
"42129804501","tract",2019,"education_state_rnk",54.1105
"42129804502","tract",2019,"education_state_rnk",81.7277
"42129804600","tract",2019,"education_state_rnk",58.3654
"42129804701","tract",2019,"education_state_rnk",79.817
"42129804702","tract",2019,"education_state_rnk",57.386
"42129804801","tract",2019,"education_state_rnk",55.0739
"42129804802","tract",2019,"education_state_rnk",75.4335
"42129804900","tract",2019,"education_state_rnk",69.1073
"42129805000","tract",2019,"education_state_rnk",42.6301
"42129805100","tract",2019,"education_state_rnk",66.2974
"42129805200","tract",2019,"education_state_rnk",27.0071
"42129805400","tract",2019,"education_state_rnk",18.0796
"42129805500","tract",2019,"education_state_rnk",63.3269
"42129805600","tract",2019,"education_state_rnk",56.0694
"42129805800","tract",2019,"education_state_rnk",82.113
"42129805901","tract",2019,"education_state_rnk",84.3128
"42129805902","tract",2019,"education_state_rnk",82.5947
"42129806000","tract",2019,"education_state_rnk",26.8144
"42129806100","tract",2019,"education_state_rnk",65.1092
"42129806200","tract",2019,"education_state_rnk",59.1522
"42129806300","tract",2019,"education_state_rnk",53.6127
"42129806400","tract",2019,"education_state_rnk",49.7752
"42129806500","tract",2019,"education_state_rnk",63.7123
"42129806600","tract",2019,"education_state_rnk",42.7746
"42129806700","tract",2019,"education_state_rnk",42.4213
"42129806800","tract",2019,"education_state_rnk",31.4387
"42129806900","tract",2019,"education_state_rnk",54.5761
"42129807000","tract",2019,"education_state_rnk",36.2556
"42129807100","tract",2019,"education_state_rnk",60.0996
"42129807200","tract",2019,"education_state_rnk",73.4907
"42129807300","tract",2019,"education_state_rnk",54.6564
"42129807401","tract",2019,"education_state_rnk",58.8793
"42129807402","tract",2019,"education_state_rnk",59.1843
"42129807500","tract",2019,"education_state_rnk",42.1162
"42129807600","tract",2019,"education_state_rnk",38.4714
"42129807700","tract",2019,"education_state_rnk",54.3995
"42129807800","tract",2019,"education_state_rnk",47.6236
"42129807900","tract",2019,"education_state_rnk",51.4611
"42129808100","tract",2019,"education_state_rnk",31.5671
"42129808200","tract",2019,"education_state_rnk",51.0597
"42129808300","tract",2019,"education_state_rnk",27.0713
"42129808401","tract",2019,"education_state_rnk",73.4907
"42129808402","tract",2019,"education_state_rnk",84.361
"42129808500","tract",2019,"education_state_rnk",72.2864
"42129808600","tract",2019,"education_state_rnk",43.9467
"42131400100","tract",2019,"education_state_rnk",20.4239
"42131400200","tract",2019,"education_state_rnk",37.6365
"42131400300","tract",2019,"education_state_rnk",40.3661
"42131400400","tract",2019,"education_state_rnk",58.0764
"42131400500","tract",2019,"education_state_rnk",50.6423
"42131400600","tract",2019,"education_state_rnk",34.1362
"42131400700","tract",2019,"education_state_rnk",47.1098
"42133000100","tract",2019,"education_state_rnk",6.8722
"42133000200","tract",2019,"education_state_rnk",2.28
"42133000300","tract",2019,"education_state_rnk",4.3353
"42133000400","tract",2019,"education_state_rnk",11.6891
"42133000500","tract",2019,"education_state_rnk",2.0873
"42133000600","tract",2019,"education_state_rnk",10.9827
"42133000700","tract",2019,"education_state_rnk",0.3211
"42133000800","tract",2019,"education_state_rnk",12.6525
"42133000900","tract",2019,"education_state_rnk",5.668
"42133001000","tract",2019,"education_state_rnk",4.8812
"42133001100","tract",2019,"education_state_rnk",2.1355
"42133001200","tract",2019,"education_state_rnk",3.0186
"42133001300","tract",2019,"education_state_rnk",16.6667
"42133001400","tract",2019,"education_state_rnk",23.025
"42133001500","tract",2019,"education_state_rnk",2.6654
"42133001600","tract",2019,"education_state_rnk",9.8908
"42133010110","tract",2019,"education_state_rnk",NA
"42133010120","tract",2019,"education_state_rnk",54.2871
"42133010130","tract",2019,"education_state_rnk",58.7347
"42133010210","tract",2019,"education_state_rnk",38.1182
"42133010220","tract",2019,"education_state_rnk",66.5061
"42133010300","tract",2019,"education_state_rnk",55.3629
"42133010400","tract",2019,"education_state_rnk",36.079
"42133010510","tract",2019,"education_state_rnk",NA
"42133010520","tract",2019,"education_state_rnk",71.9653
"42133020100","tract",2019,"education_state_rnk",69.5247
"42133020220","tract",2019,"education_state_rnk",81.3584
"42133020221","tract",2019,"education_state_rnk",72.5755
"42133020222","tract",2019,"education_state_rnk",71.8048
"42133020310","tract",2019,"education_state_rnk",65.7514
"42133020320","tract",2019,"education_state_rnk",35.6776
"42133020410","tract",2019,"education_state_rnk",54.6564
"42133020420","tract",2019,"education_state_rnk",60.9827
"42133020510","tract",2019,"education_state_rnk",57.2094
"42133020521","tract",2019,"education_state_rnk",31.3584
"42133020522","tract",2019,"education_state_rnk",53.2113
"42133020600","tract",2019,"education_state_rnk",41.6988
"42133020710","tract",2019,"education_state_rnk",39.2742
"42133020720","tract",2019,"education_state_rnk",40.1734
"42133020800","tract",2019,"education_state_rnk",31.9364
"42133020910","tract",2019,"education_state_rnk",38.5356
"42133020921","tract",2019,"education_state_rnk",48.6352
"42133020922","tract",2019,"education_state_rnk",59.8266
"42133021010","tract",2019,"education_state_rnk",44.2518
"42133021020","tract",2019,"education_state_rnk",34.666
"42133021100","tract",2019,"education_state_rnk",50.0321
"42133021210","tract",2019,"education_state_rnk",58.7347
"42133021220","tract",2019,"education_state_rnk",66.9075
"42133021300","tract",2019,"education_state_rnk",8.799
"42133021410","tract",2019,"education_state_rnk",66.2974
"42133021420","tract",2019,"education_state_rnk",52.5048
"42133021500","tract",2019,"education_state_rnk",52.6493
"42133021600","tract",2019,"education_state_rnk",29.8651
"42133021711","tract",2019,"education_state_rnk",39.2742
"42133021712","tract",2019,"education_state_rnk",51.2524
"42133021720","tract",2019,"education_state_rnk",50.5138
"42133021801","tract",2019,"education_state_rnk",63.2145
"42133021802","tract",2019,"education_state_rnk",61.5768
"42133021900","tract",2019,"education_state_rnk",19.3963
"42133022000","tract",2019,"education_state_rnk",36.5286
"42133022100","tract",2019,"education_state_rnk",7.675
"42133022200","tract",2019,"education_state_rnk",66.8112
"42133022300","tract",2019,"education_state_rnk",30.0257
"42133022401","tract",2019,"education_state_rnk",63.9049
"42133022402","tract",2019,"education_state_rnk",54.5279
"42133022500","tract",2019,"education_state_rnk",38.7925
"42133022600","tract",2019,"education_state_rnk",70.0706
"42133022700","tract",2019,"education_state_rnk",73.86
"42133022800","tract",2019,"education_state_rnk",44.605
"42133022910","tract",2019,"education_state_rnk",54.3513
"42133022920","tract",2019,"education_state_rnk",45.6647
"42133023000","tract",2019,"education_state_rnk",39.7238
"42133023100","tract",2019,"education_state_rnk",17.6622
"42133023200","tract",2019,"education_state_rnk",37.6686
"42133023301","tract",2019,"education_state_rnk",73.0732
"42133023302","tract",2019,"education_state_rnk",45.4881
"42133023400","tract",2019,"education_state_rnk",64.6917
"42133023500","tract",2019,"education_state_rnk",55.6198
"42133023601","tract",2019,"education_state_rnk",29.4798
"42133023602","tract",2019,"education_state_rnk",32.8677
"42133023710","tract",2019,"education_state_rnk",58.5581
"42133023721","tract",2019,"education_state_rnk",10.3725
"42133023722","tract",2019,"education_state_rnk",15.4785
"42133023810","tract",2019,"education_state_rnk",49.9358
"42133023821","tract",2019,"education_state_rnk",57.4342
"42133023822","tract",2019,"education_state_rnk",69.3963
"42133023901","tract",2019,"education_state_rnk",79.3834
"42133023902","tract",2019,"education_state_rnk",61.4322
"42133024001","tract",2019,"education_state_rnk",21.2107
"42133024002","tract",2019,"education_state_rnk",46.1143
